instancia,familia,razao,m,n,metodo,objetivo,valida,seed_treino,seed_solver,orcamento,t_total,estouro_s,rotulo_melhor,rotulo_bound,rotulo_qualidade,trajetoria,t_parede_s,t_cpu_s,razao_cpu,contencao_suspeita,carga_sistema_pct,pico_mem_mb,nucleo,nos,certificado,fracao_final,estagios,run_id,t_adaptativa,obj_adaptativa,iteracoes,subproblemas,nos_scip_adaptativa,tentados,aceitos,t_selecao,t_sub,t_inferencia,repetidos,pulados,t_pl
holmberg_p1,holmberg,1.7396978021978022,10,50,adaptativa:gnn,8848.0,True,0,0,30.0,1.101808,0.0,8848.0,8848.0,otimo_publicado,"[[0.054721100023016334, 15829.0], [0.06726690000505187, 14757.0], [0.4449404000188224, 14418.000000000002], [0.5598733999941032, 14418.0], [0.7689267999958247, 14418.0], [0.954233700002078, 14418.0], [0.9908314000058454, 9440.0], [1.0519473000022117, 8974.999999999996], [1.0959163999941666, 8848.0]]",1.101808,1.0625,0.9643240927638935,False,84.3,387.58984375,2,4.0,True,1.0,4.0,3882eca9dc70b2d799f0,,,,,,,,,,,,,
holmberg_p1,holmberg,1.7396978021978022,10,50,adaptativa:pl,8848.0,True,-1,0,30.0,0.3834593,0.0,8848.0,8848.0,otimo_publicado,"[[0.04973179998341948, 9395.0], [0.08192379996762611, 8959.999999999998], [0.10097419997327961, 8848.0], [0.12291229996480979, 8848.0], [0.2329617999785114, 8848.0], [0.30734769997070543, 8848.0]]",0.3834593,0.390625,1.0186869897274626,False,64.0,350.671875,6,4.0,True,1.0,4.0,3882eca9dc70b2d799f0,,,,,,,,,,,,,
holmberg_p1,holmberg,1.7396978021978022,10,50,completo,8848.0,True,-1,0,30.0,0.1961541,0.0,8848.0,8848.0,otimo_publicado,"[[0.0804671999940183, 9440.0], [0.14529129999573343, 8974.999999999996], [0.19231509999372065, 8848.0]]",0.1961541,0.1875,0.9558811159185558,False,100.0,387.58984375,2,1.0,True,1.0,1.0,3882eca9dc70b2d799f0,,,,,,,,,,,,,
holmberg_p1,holmberg,1.7396978021978022,10,50,hibrido:rotacao,8848.0,True,-1,0,30.0,29.9586985,0.0,8848.0,8848.0,otimo_publicado,"[[0.04453419998753816, 15829.0], [0.05969080000068061, 14757.0], [0.45329239999409765, 14418.000000000002], [0.5730824999918696, 14418.0], [0.7274350999796297, 14418.0], [0.9092100999841932, 14418.0], [0.9357453999982681, 9440.0], [0.9731059999903664, 8974.999999999996], [1.0124650000070687, 8848.0], [1.0168185999791604, 8848.0]]",29.9586985,28.78125,0.9606976084091237,False,75.2,376.7109375,6,,,,,3882eca9dc70b2d799f0,1.0164248999790289,8848.0,740.0,740.0,4.0,"{""interior"": 185, ""fronteira"": 185, ""liberacao"": 185, ""regret"": 185, ""abertura"": 0}","{""interior"": 0, ""fronteira"": 0, ""liberacao"": 0, ""regret"": 0, ""abertura"": 0}",0.7274887998937629,27.805839800363174,0.0,721.0,0.0,
holmberg_p1,holmberg,1.7396978021978022,10,50,hibrido:rotacao,8848.0,True,-1,1,30.0,29.9659757,0.0,8848.0,8848.0,otimo_publicado,"[[0.07547340000746772, 15829.0], [0.10023320000618696, 14757.0], [0.4727019999991171, 14418.0], [0.5854082000150811, 14418.0], [0.7437791000120342, 14418.0], [0.9343705000064801, 14418.0], [0.978471400012495, 9440.0], [1.0218373000097927, 8974.999999999996], [1.0495499999960884, 8899.0], [1.0651214999961667, 8848.0], [1.0676049000176135, 8848.0]]",29.9659757,28.921875,0.9651571265206625,False,77.5,399.39453125,2,,,,,3882eca9dc70b2d799f0,1.0672293000097852,8848.0,750.0,750.0,4.0,"{""interior"": 188, ""fronteira"": 188, ""liberacao"": 187, ""regret"": 187, ""abertura"": 0}","{""interior"": 0, ""fronteira"": 0, ""liberacao"": 0, ""regret"": 0, ""abertura"": 0}",0.7468925996217877,27.978845699632075,0.0,731.0,0.0,
holmberg_p1,holmberg,1.7396978021978022,10,50,hibrido:rotacao,8848.0,True,-1,2,30.0,29.9810659,0.0,8848.0,8848.0,otimo_publicado,"[[0.05351659998996183, 15829.0], [0.07242919999407604, 14757.0], [0.4485961999744177, 14418.000000000004], [0.5684823999763466, 14418.0], [0.7575927999860141, 14418.0], [0.9991945000074338, 14418.0], [1.0343358000100125, 9440.0], [1.098041999997804, 8974.999999999996], [1.1291031000146177, 8848.0], [1.1313095999648795, 8848.0]]",29.9810659,28.8125,0.9610232036480064,False,77.7,381.3671875,6,,,,,3882eca9dc70b2d799f0,1.1311010999779683,8848.0,751.0,751.0,4.0,"{""interior"": 188, ""fronteira"": 188, ""liberacao"": 188, ""regret"": 187, ""abertura"": 0}","{""interior"": 0, ""fronteira"": 0, ""liberacao"": 0, ""regret"": 0, ""abertura"": 0}",0.7638974995934404,27.901824399275938,0.0,732.0,0.0,
holmberg_p1,holmberg,1.7396978021978022,10,50,hibridopl:rotacao,8848.0,True,-1,0,30.0,29.9644883,0.0,8848.0,8848.0,otimo_publicado,"[[0.048144200001843274, 9395.0], [0.07507100002840161, 8959.999999999998], [0.09675580001203343, 8848.0], [0.12321580000570975, 8848.0], [0.23886670003412291, 8848.0], [0.32422850001603365, 8848.0], [0.39311890001408756, 8848.0]]",29.9644883,28.9375,0.9657264863087951,False,75.0,364.3515625,2,,,,,3882eca9dc70b2d799f0,0.3928027000220027,8848.0,763.0,763.0,4.0,"{""interior"": 191, ""fronteira"": 191, ""liberacao"": 191, ""regret"": 190, ""abertura"": 0}","{""interior"": 0, ""fronteira"": 0, ""liberacao"": 0, ""regret"": 0, ""abertura"": 0}",0.7492495004553348,28.347891100129345,0.0,744.0,0.0,
holmberg_p1,holmberg,1.7396978021978022,10,50,hibridopl:rotacao,8848.0,True,-1,1,30.0,29.9764173,0.0,8848.0,8848.0,otimo_publicado,"[[0.048645000002579764, 9395.0], [0.07541089999722317, 8959.999999999998], [0.09353549999650568, 8848.0], [0.11670459999004379, 8848.0], [0.24878500000340864, 8848.0], [0.3821573000168428, 8848.0], [0.48379840003326535, 8848.0]]",29.9764173,27.484375,0.9168665729776854,False,77.9,379.546875,4,,,,,3882eca9dc70b2d799f0,0.4834634000144433,8848.0,730.0,730.0,4.0,"{""interior"": 183, ""fronteira"": 183, ""liberacao"": 182, ""regret"": 182, ""abertura"": 0}","{""interior"": 0, ""fronteira"": 0, ""liberacao"": 0, ""regret"": 0, ""abertura"": 0}",0.7844371998216957,28.526038399810204,0.0,711.0,0.0,
holmberg_p1,holmberg,1.7396978021978022,10,50,hibridopl:rotacao,8848.0,True,-1,2,30.0,29.9645217,0.0,8848.0,8848.0,otimo_publicado,"[[0.046394099976168945, 9395.0], [0.07428149998304434, 8959.999999999998], [0.08982599998125806, 8848.0], [0.11584519999451004, 8848.0], [0.221211400028551, 8848.0], [0.3014326000120491, 8848.0], [0.3917193999805022, 8848.0]]",29.9645217,27.71875,0.925052309445006,False,75.0,364.39453125,4,,,,,3882eca9dc70b2d799f0,0.39131119998637587,8848.0,765.0,765.0,4.0,"{""interior"": 192, ""fronteira"": 191, ""liberacao"": 191, ""regret"": 191, ""abertura"": 0}","{""interior"": 0, ""fronteira"": 0, ""liberacao"": 0, ""regret"": 0, ""abertura"": 0}",0.7769661000929773,28.306701200053794,0.0,746.0,0.0,
holmberg_p1,holmberg,1.7396978021978022,10,50,kernel,8848.0,True,-1,0,30.0,0.1829431,0.0,8848.0,8848.0,otimo_publicado,"[[0.040447200008202344, 9395.0], [0.0711590000137221, 8959.999999999998], [0.0861354999942705, 8848.0], [0.11612409999361262, 8848.0]]",0.1829431,0.1875,1.0249088377752427,False,59.4,379.546875,4,2.0,,0.7,2.0,3882eca9dc70b2d799f0,,,,,,,,,,,,,0.007476900005713105
holmberg_p10,holmberg,2.0604395604395602,10,50,adaptativa:gnn,7617.0,True,0,0,30.0,0.4283081,0.0,7617.0,7617.0,otimo_publicado,"[[0.061091700015822425, 13576.0], [0.06988799999817275, 12945.000000000002], [0.08154890002333559, 12854.0], [0.09192910001729615, 12707.0], [0.11331730001256801, 12668.999999999998], [0.13904210002510808, 12621.0], [0.14326310000615194, 12602.0], [0.16166370001155883, 12602.0], [0.2833074000081979, 12602.0], [0.375437199982116, 12602.0], [0.40289539998047985, 7726.0], [0.4198881999764126, 7626.000000000001], [0.42487489999621175, 7617.0]]",0.4283081,0.40625,0.9484994563492962,False,70.5,393.14453125,4,4.0,True,1.0,4.0,3882eca9dc70b2d799f0,,,,,,,,,,,,,
holmberg_p10,holmberg,2.0604395604395602,10,50,adaptativa:pl,7617.0,True,-1,0,30.0,1.0946821,0.0,7617.0,7617.0,otimo_publicado,"[[0.04567769999266602, 11300.0], [0.06484939999063499, 10604.999999999998], [0.07930390001274645, 10397.999999999998], [0.09290760001749732, 10392.999999999998], [0.103367600007914, 10195.0], [0.18811980000464246, 10109.000000000002], [0.31176050001522526, 10020.0], [0.37972050000098534, 9948.000000000002], [0.7557281999906991, 9948.0], [0.918279600009555, 9948.0], [0.9373308999929577, 8012.0], [0.9568096000002697, 7928.0], [1.0068123000091873, 7928.0], [1.050825900019845, 7726.0], [1.0822183000273071, 7626.000000000001], [1.0898345000168774, 7617.0]]",1.0946821,1.0,0.9135072182143108,False,81.2,393.14453125,4,4.0,True,1.0,4.0,3882eca9dc70b2d799f0,,,,,,,,,,,,,
holmberg_p10,holmberg,2.0604395604395602,10,50,completo,7617.0,True,-1,0,30.0,0.0667685,0.0,7617.0,7617.0,otimo_publicado,"[[0.04873559999396093, 7726.0], [0.060584799997741356, 7626.000000000001], [0.06515740000759251, 7617.0]]",0.0667685,0.0625,0.9360701528415346,False,56.2,393.14453125,4,1.0,True,1.0,1.0,3882eca9dc70b2d799f0,,,,,,,,,,,,,
holmberg_p10,holmberg,2.0604395604395602,10,50,hibrido:rotacao,7617.0,True,-1,0,30.0,29.9582051,0.0,7617.0,7617.0,otimo_publicado,"[[0.0547305999789387, 13576.0], [0.0628349999897182, 12945.000000000002], [0.07211809998261742, 12854.0], [0.08177499996963888, 12707.0], [0.10065749997738749, 12668.999999999998], [0.13339909998467192, 12621.0], [0.14112159996875562, 12602.0], [0.1718873999780044, 12602.0], [0.31822180000017397, 12602.0], [0.42294639997999184, 12602.0], [0.44639549998100847, 7726.0], [0.4635975999990478, 7626.000000000001], [0.4681395999796223, 7617.0], [0.4694381000008434, 7617.0]]",29.9582051,28.828125,0.9622781105801295,False,76.7,399.39453125,2,,,,,3882eca9dc70b2d799f0,0.46916649999911897,7617.0,950.0,950.0,4.0,"{""interior"": 238, ""fronteira"": 238, ""liberacao"": 237, ""regret"": 237, ""abertura"": 0}","{""interior"": 0, ""fronteira"": 0, ""liberacao"": 0, ""regret"": 0, ""abertura"": 0}",0.9511815002479125,28.322594600147568,0.0,932.0,0.0,
holmberg_p10,holmberg,2.0604395604395602,10,50,hibrido:rotacao,7617.0,True,-1,1,30.0,29.954057,0.0,7617.0,7617.0,otimo_publicado,"[[0.07960409999941476, 13576.0], [0.09153639999567531, 12945.000000000002], [0.09806369998841546, 12705.0], [0.16295490000629798, 12602.0], [0.18433850002475083, 12602.0], [0.3363231999974232, 12602.0], [0.4818911000038497, 12602.0], [0.511073400004534, 7726.0], [0.5330244000069797, 7626.000000000001], [0.5401805000146851, 7617.0], [0.542453200003365, 7617.0]]",29.954057,28.703125,0.9582383114247262,False,76.9,381.3671875,6,,,,,3882eca9dc70b2d799f0,0.5420758000109345,7617.0,949.0,949.0,4.0,"{""interior"": 238, ""fronteira"": 237, ""liberacao"": 237, ""regret"": 237, ""abertura"": 0}","{""interior"": 0, ""fronteira"": 0, ""liberacao"": 0, ""regret"": 0, ""abertura"": 0}",0.9643102996633388,28.211796400428284,0.0,931.0,0.0,
holmberg_p10,holmberg,2.0604395604395602,10,50,hibrido:rotacao,7617.0,True,-1,2,30.0,29.9603694,0.0,7617.0,7617.0,otimo_publicado,"[[0.050138200022047386, 13576.0], [0.061640100029762834, 12945.000000000002], [0.06701280002016574, 12705.0], [0.10433710002689622, 12621.0], [0.10886530001880601, 12615.0], [0.11267130001215264, 12601.999999999998], [0.1460551000200212, 12602.0], [0.2804682000132743, 12602.0], [0.4191798999963794, 12602.0], [0.4511656000104267, 7726.0], [0.4675899000139907, 7626.000000000001], [0.4724650999996811, 7617.0], [0.47371159997419454, 7617.0]]",29.9603694,28.890625,0.9642946858993,False,75.9,381.3671875,6,,,,,3882eca9dc70b2d799f0,0.4735146999883,7617.0,978.0,978.0,4.0,"{""interior"": 245, ""fronteira"": 245, ""liberacao"": 244, ""regret"": 244, ""abertura"": 0}","{""interior"": 0, ""fronteira"": 0, ""liberacao"": 0, ""regret"": 0, ""abertura"": 0}",0.9832320997666102,28.280600299796788,0.0,960.0,0.0,
holmberg_p10,holmberg,2.0604395604395602,10,50,hibridopl:rotacao,7617.0,True,-1,0,30.0,29.9659217,0.0,7617.0,7617.0,otimo_publicado,"[[0.03309129999252036, 11300.0], [0.04910010000457987, 10604.999999999998], [0.05673690000548959, 10397.999999999998], [0.06396349999704398, 10392.999999999998], [0.07203070001560263, 10195.0], [0.16519319999497384, 10109.000000000002], [0.29075499999453314, 10020.0], [0.3390212999947835, 9948.000000000002], [0.6926816999912262, 9948.0], [0.8274564999737777, 9948.0], [0.8451743999903556, 8012.0], [0.8573554999893531, 7928.0], [0.8960298999736551, 7928.0], [0.9234784999862313, 7726.0], [0.940235499991104, 7626.000000000001], [0.9477113999892026, 7617.0], [0.949018299987074, 7617.0]]",29.9659217,27.75,0.9260519425304379,False,76.3,421.30859375,4,,,,,3882eca9dc70b2d799f0,0.9488248999987263,7617.0,903.0,903.0,4.0,"{""interior"": 226, ""fronteira"": 226, ""liberacao"": 226, ""regret"": 225, ""abertura"": 0}","{""interior"": 0, ""fronteira"": 0, ""liberacao"": 0, ""regret"": 0, ""abertura"": 0}",0.929303399490891,27.86976509966189,0.0,885.0,0.0,
holmberg_p10,holmberg,2.0604395604395602,10,50,hibridopl:rotacao,7617.0,True,-1,1,30.0,29.9913287,0.0,7617.0,7617.0,otimo_publicado,"[[0.04018400001223199, 11300.0], [0.05531389999669045, 10604.999999999998], [0.064188499993179, 10397.999999999998], [0.07427330000791699, 10392.999999999998], [0.09118630000739358, 10195.0], [0.18308270000852644, 10109.000000000002], [0.2877450000087265, 10020.0], [0.3406315000029281, 9948.0], [0.6900996999756899, 9948.0], [0.83361029997468, 9948.0], [0.8511288999870885, 8012.0], [0.8654165999905672, 7928.0], [0.8890012000047136, 7928.0], [0.920663600001717, 7726.0], [0.9443600000231527, 7626.000000000001], [0.9510350000055041, 7617.0], [0.9528897000127472, 7617.0]]",29.9913287,27.703125,0.9237044906249852,False,76.7,421.30859375,4,,,,,3882eca9dc70b2d799f0,0.952598300005775,7617.0,906.0,906.0,4.0,"{""interior"": 227, ""fronteira"": 227, ""liberacao"": 226, ""regret"": 226, ""abertura"": 0}","{""interior"": 0, ""fronteira"": 0, ""liberacao"": 0, ""regret"": 0, ""abertura"": 0}",0.9689206997281872,27.840124400390778,0.0,888.0,0.0,
holmberg_p10,holmberg,2.0604395604395602,10,50,hibridopl:rotacao,7617.0,True,-1,2,30.0,30.0201584,0.020158399999999688,7617.0,7617.0,otimo_publicado,"[[0.0437874999770429, 11300.0], [0.05472259997623041, 10604.999999999998], [0.06446199998026714, 10397.999999999998], [0.07656199997290969, 10392.999999999998], [0.08937109998078085, 10195.0], [0.1592640999588184, 10008.000000000005], [0.35098499996820465, 9948.0], [0.5109470999741461, 9948.0], [0.661215399944922, 9948.0], [0.679610999970464, 8012.0], [0.6996033999603242, 7928.0], [0.7283563999808393, 7928.0], [0.7518803999701049, 7726.0], [0.7694589999737218, 7626.000000000001], [0.774555399955716, 7617.0], [0.7758018000167795, 7617.0]]",30.0201584,29.0,0.9660175543910521,False,76.1,399.39453125,2,,,,,3882eca9dc70b2d799f0,0.7756079999962822,7617.0,978.0,978.0,4.0,"{""interior"": 245, ""fronteira"": 245, ""liberacao"": 244, ""regret"": 244, ""abertura"": 0}","{""interior"": 0, ""fronteira"": 0, ""liberacao"": 0, ""regret"": 0, ""abertura"": 0}",0.9737595995829906,28.05239710008027,0.0,960.0,0.0,
holmberg_p10,holmberg,2.0604395604395602,10,50,kernel,7617.0,True,-1,0,30.0,0.1538569,0.0,7617.0,7617.0,otimo_publicado,"[[0.0577554999908898, 7680.0], [0.070151399995666, 7626.000000000001], [0.11087399997632019, 7626.0], [0.15239949998795055, 7617.0]]",0.1538569,0.140625,0.913998657193795,False,66.7,381.3671875,6,2.0,,0.9,2.0,3882eca9dc70b2d799f0,,,,,,,,,,,,,0.00972090000868775
holmberg_p11,holmberg,2.0604395604395602,10,50,adaptativa:gnn,8932.0,True,0,0,30.0,3.1903283,0.0,8932.0,8932.0,otimo_publicado,"[[0.08646830002544448, 14776.0], [0.10441810000338592, 14224.999999999998], [0.15320330002577975, 14053.000000000004], [0.3090221000020392, 13849.999999999998], [0.6525994000257924, 13825.0], [1.068977700022515, 13802.0], [1.804940700007137, 13802.0], [2.44640180002898, 13802.0], [3.1029007000033744, 13802.0], [3.1479553000244778, 9726.0], [3.174614300020039, 9243.0], [3.1820564000227023, 8932.000000000002]]",3.1903283,2.640625,0.8276969489315567,True,96.6,997.54296875,4,4.0,True,1.0,4.0,3882eca9dc70b2d799f0,,,,,,,,,,,,,
holmberg_p11,holmberg,2.0604395604395602,10,50,adaptativa:pl,8932.0,True,-1,0,30.0,0.3233605,0.0,8932.0,8932.0,otimo_publicado,"[[0.04221879999386147, 11010.0], [0.0605267999926582, 9853.0], [0.14567450000322424, 9678.0], [0.16556869997293688, 9678.0], [0.22518399998079985, 9678.0], [0.23868519999086857, 9101.0], [0.2528050999972038, 8932.000000000002], [0.27996529996744357, 8932.0]]",0.3233605,0.3125,0.9664136466884483,False,68.9,921.46484375,6,4.0,True,1.0,4.0,3882eca9dc70b2d799f0,,,,,,,,,,,,,
holmberg_p11,holmberg,2.0604395604395602,10,50,completo,8932.0,True,-1,0,30.0,0.1073615,0.0,8932.0,8932.0,otimo_publicado,"[[0.06904629999189638, 9726.0], [0.09403509998810478, 9243.0], [0.1021230999904219, 8932.000000000002]]",0.1073615,0.078125,0.7276817108553811,True,80.0,997.54296875,4,1.0,True,1.0,1.0,3882eca9dc70b2d799f0,,,,,,,,,,,,,
holmberg_p11,holmberg,2.0604395604395602,10,50,hibrido:rotacao,8932.0,True,-1,0,30.0,29.9783912,0.0,8932.0,8932.0,otimo_publicado,"[[0.05084719997830689, 14776.0], [0.06136969997896813, 14224.999999999998], [0.08534189997590147, 14053.000000000004], [0.19471539996447973, 13849.999999999998], [0.4475802999804728, 13825.0], [0.8571019999799319, 13802.0], [1.4747774999705143, 13802.0], [1.897638599970378, 13802.0], [2.3388253999873996, 13802.0], [2.3716631999704987, 9726.0], [2.3931225999840535, 9243.0], [2.3997858999937307, 8932.000000000002], [2.4051144999975804, 8932.0]]",29.9783912,27.1875,0.906903236355125,False,82.0,997.54296875,4,,,,,3882eca9dc70b2d799f0,2.4048689999908675,8932.0,646.0,646.0,4.0,"{""interior"": 162, ""fronteira"": 162, ""liberacao"": 161, ""regret"": 161, ""abertura"": 0}","{""interior"": 0, ""fronteira"": 0, ""liberacao"": 0, ""regret"": 0, ""abertura"": 0}",0.7923469998931978,26.607309900195105,0.0,628.0,0.0,
holmberg_p11,holmberg,2.0604395604395602,10,50,hibrido:rotacao,8932.0,True,-1,1,30.0,29.953158,0.0,8932.0,8932.0,otimo_publicado,"[[0.06770929996855557, 14776.0], [0.08073779998812824, 14224.999999999998], [0.11888539997744374, 14053.000000000004], [0.26439249998657033, 13849.999999999998], [0.5301869999675546, 13825.0], [0.9739976999699138, 13802.0], [1.788929200003622, 13802.0], [2.533537699986482, 13802.0], [3.2157198999775574, 13802.0], [3.2550484999956097, 9726.0], [3.2889430999930482, 9243.0], [3.2985131999885198, 8932.000000000002], [3.3120843000069726, 8932.0]]",29.953158,28.671875,0.9572237758703106,False,80.9,839.55078125,2,,,,,3882eca9dc70b2d799f0,3.3116865000047255,8932.0,692.0,692.0,4.0,"{""interior"": 173, ""fronteira"": 173, ""liberacao"": 173, ""regret"": 173, ""abertura"": 0}","{""interior"": 0, ""fronteira"": 0, ""liberacao"": 0, ""regret"": 0, ""abertura"": 0}",0.7258813998778351,25.74244640005054,0.0,674.0,0.0,
holmberg_p11,holmberg,2.0604395604395602,10,50,hibrido:rotacao,8932.0,True,-1,2,30.0,29.9600228,0.0,8932.0,8932.0,otimo_publicado,"[[0.0592847999650985, 14776.0], [0.07294019998516887, 14224.999999999998], [0.1060911999666132, 14053.000000000004], [0.22857929999008775, 13849.999999999998], [0.49799649996566586, 13825.0], [1.9222900999884587, 13802.0], [1.9862545999931172, 13802.0], [2.5967008999723475, 13802.0], [3.5446907999867108, 13802.0], [3.605956099985633, 9726.0], [3.6430105999752413, 9243.0], [3.658965899987379, 8932.000000000002], [3.664673099992797, 8932.0]]",29.9600228,26.59375,0.8876411802997694,True,84.1,997.54296875,4,,,,,3882eca9dc70b2d799f0,3.6643044999800622,8932.0,622.0,622.0,11.0,"{""interior"": 156, ""fronteira"": 156, ""liberacao"": 155, ""regret"": 155, ""abertura"": 0}","{""interior"": 0, ""fronteira"": 0, ""liberacao"": 0, ""regret"": 0, ""abertura"": 0}",0.6982416998944245,25.428599999810103,0.0,604.0,0.0,
holmberg_p11,holmberg,2.0604395604395602,10,50,hibridopl:rotacao,8932.0,True,-1,0,30.0,29.9764112,0.0,8932.0,8932.0,otimo_publicado,"[[0.04176370002096519, 11010.0], [0.05529030002071522, 9853.0], [0.12994730003993027, 9678.0], [0.1530876999895554, 9678.0], [0.22352960001444444, 9678.0], [0.2418636000074912, 9101.0], [0.25874889999977313, 8932.000000000002], [0.30280649999622256, 8932.0], [0.37508130000787787, 8932.0]]",29.9764112,28.75,0.9590874574071762,False,81.6,921.46484375,6,,,,,3882eca9dc70b2d799f0,0.3746685000078287,8932.0,737.0,737.0,4.0,"{""interior"": 185, ""fronteira"": 184, ""liberacao"": 184, ""regret"": 184, ""abertura"": 0}","{""interior"": 0, ""fronteira"": 0, ""liberacao"": 0, ""regret"": 0, ""abertura"": 0}",0.7973410996783059,28.620711800263962,0.0,719.0,0.0,
holmberg_p11,holmberg,2.0604395604395602,10,50,hibridopl:rotacao,8932.0,True,-1,1,30.0,29.9769837,0.0,8932.0,8932.0,otimo_publicado,"[[0.048788400017656386, 11010.0], [0.06705500002135523, 9853.0], [0.09281940004439093, 9699.000000000004], [0.11659220003639348, 9678.0], [0.13607440004125237, 9678.0], [0.2217378000204917, 9678.0], [0.23706540002604015, 9101.0], [0.24901100000715815, 8932.000000000002], [0.2880085000069812, 8932.0], [0.33064959998591803, 8932.0]]",29.9769837,28.9375,0.965323939512967,False,82.0,839.55078125,2,,,,,3882eca9dc70b2d799f0,0.3304534000053536,8932.0,751.0,751.0,4.0,"{""interior"": 188, ""fronteira"": 188, ""liberacao"": 188, ""regret"": 187, ""abertura"": 0}","{""interior"": 0, ""fronteira"": 0, ""liberacao"": 0, ""regret"": 0, ""abertura"": 0}",0.8042382996645756,28.660647599725053,0.0,733.0,0.0,
holmberg_p11,holmberg,2.0604395604395602,10,50,hibridopl:rotacao,8932.0,True,-1,2,30.0,29.9592548,0.0,8932.0,8932.0,otimo_publicado,"[[0.0356962000078056, 11010.0], [0.04673770000226796, 9853.0], [0.06500570001662709, 9699.000000000004], [0.08475810001255013, 9678.0], [0.09990730002755299, 9678.0], [0.16114850001758896, 9678.0], [0.17686890001641586, 9101.0], [0.18941800002357922, 8932.000000000002], [0.2403298000281211, 8932.0], [0.3304708999930881, 8932.0]]",29.9592548,28.546875,0.952856644485029,False,81.2,921.46484375,6,,,,,3882eca9dc70b2d799f0,0.3300593000021763,8932.0,752.0,752.0,4.0,"{""interior"": 188, ""fronteira"": 188, ""liberacao"": 188, ""regret"": 188, ""abertura"": 0}","{""interior"": 0, ""fronteira"": 0, ""liberacao"": 0, ""regret"": 0, ""abertura"": 0}",0.8065187001484446,28.635896700492594,0.0,734.0,0.0,
holmberg_p11,holmberg,2.0604395604395602,10,50,kernel,8932.0,True,-1,0,30.0,0.1304199,0.0,8932.0,8932.0,otimo_publicado,"[[0.042706599953817204, 9101.0], [0.05349739996017888, 8932.000000000002], [0.08252729996456765, 8932.0]]",0.1304199,0.125,0.95844269164445,False,53.1,839.55078125,2,2.0,,0.6,2.0,3882eca9dc70b2d799f0,,,,,,,,,,,,,0.009831299976212904
holmberg_p12,holmberg,2.0604395604395602,10,50,adaptativa:gnn,10132.0,True,0,0,30.0,4.7634405,0.0,10132.0,10132.0,otimo_publicado,"[[0.06685900001320988, 15976.0], [0.07688090001465753, 15433.000000000002], [0.13457709999056533, 15382.000000000007], [0.20606530000804923, 15174.999999999998], [0.9157409000035841, 14818.0], [2.065618499997072, 14818.0], [3.3443976000125986, 14818.0], [4.650399999984074, 14818.0], [4.68948449997697, 11726.0], [4.714038299978711, 10643.000000000002], [4.729677699971944, 10624.000000000002], [4.737851799989585, 10304.0], [4.760283699986758, 10132.0]]",4.7634405,4.53125,0.9512557152755451,False,80.6,921.46484375,6,4.0,True,1.0,4.0,3882eca9dc70b2d799f0,,,,,,,,,,,,,
holmberg_p12,holmberg,2.0604395604395602,10,50,adaptativa:pl,10132.0,True,-1,0,30.0,0.3781805,0.0,10132.0,10132.0,otimo_publicado,"[[0.06277849999605678, 11395.0], [0.0752236999978777, 10253.0], [0.10079989998484962, 10252.0], [0.12366250000195578, 10252.0], [0.19256879997556098, 10252.0], [0.2599218999966979, 10132.0], [0.31020209996495396, 10132.0]]",0.3781805,0.328125,0.8676412453841486,True,90.5,921.46484375,6,4.0,True,1.0,4.0,3882eca9dc70b2d799f0,,,,,,,,,,,,,
holmberg_p12,holmberg,2.0604395604395602,10,50,completo,10132.0,True,-1,0,30.0,0.12025,0.0,10132.0,10132.0,otimo_publicado,"[[0.04867050002212636, 11726.0], [0.06701980001525953, 10643.000000000002], [0.08339060001890175, 10624.000000000002], [0.09101590001955628, 10304.0], [0.11783380000269972, 10132.0]]",0.12025,0.125,1.0395010395010396,False,64.6,948.16796875,2,1.0,True,1.0,1.0,3882eca9dc70b2d799f0,,,,,,,,,,,,,
holmberg_p12,holmberg,2.0604395604395602,10,50,hibrido:rotacao,10132.0,True,-1,0,30.0,30.0023611,0.00236110000000167,10132.0,10132.0,otimo_publicado,"[[0.05861810001078993, 15976.0], [0.06696410002768971, 15433.000000000002], [0.12455630002659746, 15382.000000000007], [0.20310390001395717, 15174.999999999998], [0.8164005000144243, 14818.0], [2.0172912999987602, 14818.0], [2.958059900032822, 14818.0], [4.246143100026529, 14818.0], [4.271092600014526, 11726.0], [4.2843799000256695, 10643.000000000002], [4.298470400011865, 10624.000000000002], [4.305264300026465, 10304.0], [4.325077500019688, 10132.0], [4.326668100024108, 10132.0]]",30.0023611,27.3125,0.9103450194791503,False,75.8,997.54296875,4,,,,,3882eca9dc70b2d799f0,4.326422100013588,10132.0,630.0,630.0,4.0,"{""interior"": 158, ""fronteira"": 158, ""liberacao"": 157, ""regret"": 157, ""abertura"": 0}","{""interior"": 0, ""fronteira"": 0, ""liberacao"": 0, ""regret"": 0, ""abertura"": 0}",0.6709555995475966,24.843731500179274,0.0,612.0,0.0,
holmberg_p12,holmberg,2.0604395604395602,10,50,hibrido:rotacao,10132.0,True,-1,1,30.0,29.9756475,0.0,10132.0,10132.0,otimo_publicado,"[[0.05847430002177134, 15976.0], [0.06974870001431555, 15433.000000000002], [0.1422043000056874, 15382.000000000007], [0.21671790000982583, 15174.999999999998], [0.869457799999509, 14818.0], [2.6599630000127945, 14818.0], [3.5328882000176236, 14818.0], [4.484668100019917, 14818.0], [4.507029700034764, 11726.0], [4.522264200029895, 10643.000000000002], [4.538369400019292, 10624.000000000002], [4.546222000033595, 10304.0], [4.5668100000184495, 10132.0], [4.5691960000258405, 10132.0]]",29.9756475,28.578125,0.9533780713160575,False,78.1,948.16796875,2,,,,,3882eca9dc70b2d799f0,4.568838600011077,10132.0,647.0,647.0,10.0,"{""interior"": 162, ""fronteira"": 162, ""liberacao"": 162, ""regret"": 161, ""abertura"": 0}","{""interior"": 0, ""fronteira"": 0, ""liberacao"": 0, ""regret"": 0, ""abertura"": 0}",0.6991599994944409,24.552493299910566,0.0,629.0,0.0,
holmberg_p12,holmberg,2.0604395604395602,10,50,hibrido:rotacao,10132.0,True,-1,2,30.0,29.9950437,0.0,10132.0,10132.0,otimo_publicado,"[[0.05964900000253692, 15976.0], [0.07125239999732003, 15433.000000000002], [0.14057489999686368, 15382.000000000007], [0.20951730001252145, 15174.999999999998], [0.8411099000077229, 14818.0], [2.0204703000199515, 14818.0], [3.723109200014733, 14818.0], [6.019082900020294, 14818.0], [6.042432000016561, 11726.0], [6.0562660000287, 10643.000000000002], [6.073915500019211, 10624.000000000002], [6.080246500030626, 10304.0], [6.100612300011562, 10132.0], [6.102768399985507, 10132.0]]",29.9950437,27.375,0.9126507790352044,False,78.3,997.54296875,4,,,,,3882eca9dc70b2d799f0,6.10245340000256,10132.0,581.0,581.0,14.0,"{""interior"": 146, ""fronteira"": 145, ""liberacao"": 145, ""regret"": 145, ""abertura"": 0}","{""interior"": 0, ""fronteira"": 0, ""liberacao"": 0, ""regret"": 0, ""abertura"": 0}",0.6297677000693511,23.1144500002556,0.0,563.0,0.0,
holmberg_p12,holmberg,2.0604395604395602,10,50,hibridopl:rotacao,10132.0,True,-1,0,30.0,30.0035441,0.003544099999999162,10132.0,10132.0,otimo_publicado,"[[0.040281199995661154, 11395.0], [0.04849330001161434, 10253.0], [0.07306140000582673, 10252.0], [0.2188560999929905, 10252.0], [0.2843138999887742, 10252.0], [0.34352940000826493, 10132.0], [0.3643589999701362, 10132.0], [0.4098571000213269, 10132.0]]",30.0035441,28.796875,0.9597824478342211,False,75.9,948.16796875,2,,,,,3882eca9dc70b2d799f0,0.4095957000099588,10132.0,763.0,763.0,4.0,"{""interior"": 191, ""fronteira"": 191, ""liberacao"": 191, ""regret"": 190, ""abertura"": 0}","{""interior"": 0, ""fronteira"": 0, ""liberacao"": 0, ""regret"": 0, ""abertura"": 0}",0.7627115004870575,28.64838220004458,0.0,745.0,0.0,
holmberg_p12,holmberg,2.0604395604395602,10,50,hibridopl:rotacao,10132.0,True,-1,1,30.0,30.0374338,0.03743379999999874,10132.0,10132.0,otimo_publicado,"[[0.04402339999796823, 11395.0], [0.0510950000025332, 10253.0], [0.07286710001062602, 10252.0], [0.09828069998184219, 10252.0], [0.1588291999651119, 10252.0], [0.19254999997792765, 10132.000000000002], [0.22576189998653717, 10132.0], [0.27775409998139367, 10132.0]]",30.0374338,28.640625,0.9534977318868032,False,76.0,921.46484375,6,,,,,3882eca9dc70b2d799f0,0.2774597999814432,10132.0,770.0,770.0,4.0,"{""interior"": 193, ""fronteira"": 193, ""liberacao"": 192, ""regret"": 192, ""abertura"": 0}","{""interior"": 0, ""fronteira"": 0, ""liberacao"": 0, ""regret"": 0, ""abertura"": 0}",0.7660404997877777,28.812103300442686,0.0,752.0,0.0,
holmberg_p12,holmberg,2.0604395604395602,10,50,hibridopl:rotacao,10132.0,True,-1,2,30.0,29.970608,0.0,10132.0,10132.0,otimo_publicado,"[[0.052090899989707395, 11395.0], [0.0623353999981191, 10253.0], [0.09712890000082552, 10252.0], [0.1307041999825742, 10252.0], [0.2006097000266891, 10252.0], [0.23985400001402013, 10132.0], [0.2690321000118274, 10132.0], [0.3209545999998227, 10132.0]]",29.970608,28.78125,0.9603158534521555,False,77.8,921.46484375,6,,,,,3882eca9dc70b2d799f0,0.32075489999260753,10132.0,758.0,758.0,4.0,"{""interior"": 190, ""fronteira"": 190, ""liberacao"": 189, ""regret"": 189, ""abertura"": 0}","{""interior"": 0, ""fronteira"": 0, ""liberacao"": 0, ""regret"": 0, ""abertura"": 0}",0.7963468999078032,28.677228000102332,0.0,740.0,0.0,
holmberg_p12,holmberg,2.0604395604395602,10,50,kernel,10132.0,True,-1,0,30.0,0.2267518,0.0,10132.0,10132.0,otimo_publicado,"[[0.06742450001183897, 10301.0], [0.13014130003284663, 10132.0], [0.16143350000493228, 10132.0]]",0.2267518,0.1875,0.8268953102026092,True,83.6,921.46484375,6,2.0,,0.6,2.0,3882eca9dc70b2d799f0,,,,,,,,,,,,,0.011250000010477379
holmberg_p13,holmberg,2.7677758318739056,20,50,adaptativa:gnn,8252.0,True,0,0,30.0,3.9613557,0.0,8252.0,8252.0,otimo_publicado,"[[0.07578959999955259, 11213.0], [0.09185620001517236, 11079.000000000007], [0.21684670000104234, 10986.000000000004], [0.3150409000227228, 10967.000000000005], [1.227091200009454, 10340.000000000004], [1.3091731000167783, 10340.0], [1.593045500019798, 10340.0], [1.6452178000181448, 10295.000000000004], [1.9392929000023287, 9842.999999999998], [2.906720300001325, 9741.0], [2.9339521000219975, 9709.0], [3.6309555000043474, 9709.0], [3.7523868000134826, 9522.999999999998], [3.83910760001163, 8355.999999999998], [3.95430879999185, 8251.999999999996]]",3.9613557,3.859375,0.9742561113610676,False,72.6,473.22265625,6,4.0,True,1.0,4.0,3882eca9dc70b2d799f0,,,,,,,,,,,,,
holmberg_p13,holmberg,2.7677758318739056,20,50,adaptativa:pl,8252.0,True,-1,0,30.0,0.7337155,0.0,8252.0,8252.0,otimo_publicado,"[[0.09059129995875992, 23566.0], [0.09261649998370558, 8439.0], [0.10604779998539016, 8265.0], [0.12709849997190759, 8265.0], [0.19995129996095784, 8265.0], [0.5452843999955803, 8265.0], [0.7296198999974877, 8252.0]]",0.7337155,0.703125,0.9583074093432673,False,80.7,399.39453125,2,4.0,True,1.0,4.0,3882eca9dc70b2d799f0,,,,,,,,,,,,,
holmberg_p13,holmberg,2.7677758318739056,20,50,completo,8252.0,True,-1,0,30.0,0.4129643,0.0,8252.0,8252.0,otimo_publicado,"[[0.1338796999771148, 12032.0], [0.19164909998653457, 9522.999999999998], [0.2919796999776736, 8355.999999999998], [0.40768109998316504, 8251.999999999996]]",0.4129643,0.421875,1.0215774099601345,False,90.8,394.64453125,6,1.0,True,1.0,1.0,3882eca9dc70b2d799f0,,,,,,,,,,,,,
holmberg_p13,holmberg,2.7677758318739056,20,50,hibrido:rotacao,8252.0,True,-1,0,30.0,29.9743741,0.0,8252.0,8252.0,otimo_publicado,"[[0.10028740001143888, 11213.0], [0.11231290001887828, 11079.000000000007], [0.20815740001853555, 10986.000000000004], [0.28353889999561943, 10967.000000000005], [1.1669573000108358, 10340.000000000004], [1.2359732000040822, 10340.0], [1.466308500006562, 10340.0], [1.5129180999938399, 10295.000000000004], [1.7894426999846473, 9842.999999999998], [2.8761492999910843, 9741.0], [2.922549799986882, 9709.0], [3.7903391999716405, 9709.0], [3.9486549999855924, 9522.999999999998], [4.078835899970727, 8355.999999999998], [4.255221999977948, 8251.999999999996], [4.26217549998546, 8252.0]]",29.9743741,27.796875,0.9273546432450778,False,76.5,473.34375,4,,,,,3882eca9dc70b2d799f0,4.261698699992849,8252.0,613.0,613.0,4.0,"{""interior"": 154, ""fronteira"": 153, ""liberacao"": 153, ""regret"": 153, ""abertura"": 0}","{""interior"": 0, ""fronteira"": 0, ""liberacao"": 0, ""regret"": 0, ""abertura"": 0}",0.6564752997655887,24.908287899685092,0.0,594.0,0.0,
holmberg_p13,holmberg,2.7677758318739056,20,50,hibrido:rotacao,8252.0,True,-1,1,30.0,29.9768068,0.0,8252.0,8252.0,otimo_publicado,"[[0.0900800000235904, 11213.0], [0.10486150003271177, 11079.000000000007], [0.22714210001868196, 10986.000000000004], [0.31285580003168434, 10967.000000000005], [1.0703849000274204, 10340.000000000002], [1.1308484000328463, 10340.0], [1.4115807000198402, 10340.0], [1.4666793000360485, 10295.000000000004], [1.747953000041889, 9842.999999999998], [2.6986346000339836, 9741.0], [2.725382700038608, 9709.0], [3.305358100013109, 9709.0], [3.4177940000081435, 9522.999999999998], [3.4908369000186212, 8355.999999999998], [3.6122286000172608, 8251.999999999998], [3.616832700005034, 8252.0]]",29.9768068,28.71875,0.9580323278462067,False,76.4,473.22265625,6,,,,,3882eca9dc70b2d799f0,3.6165042000066023,8252.0,635.0,635.0,4.0,"{""interior"": 159, ""fronteira"": 159, ""liberacao"": 159, ""regret"": 158, ""abertura"": 0}","{""interior"": 0, ""fronteira"": 0, ""liberacao"": 0, ""regret"": 0, ""abertura"": 0}",0.6681091997306794,25.53790899994783,0.0,616.0,0.0,
holmberg_p13,holmberg,2.7677758318739056,20,50,hibrido:rotacao,8252.0,True,-1,2,30.0,29.9749687,0.0,8252.0,8252.0,otimo_publicado,"[[0.07496440000250004, 11213.0], [0.08897730000899173, 11079.000000000007], [0.1859112000092864, 10986.000000000004], [0.2604322000115644, 10967.000000000005], [0.9684019999986049, 10339.999999999998], [1.0593986000167206, 10340.0], [1.3869890999922063, 10340.0], [1.4495811999950092, 10295.000000000004], [1.8225429999874905, 9842.999999999998], [2.8708458000037353, 9741.0], [2.900425700005144, 9709.0], [3.4704450000135694, 9709.0], [3.596995900006732, 9522.999999999998], [3.6665468999999575, 8355.999999999998], [3.7561962000036146, 8251.999999999996], [3.7599965000117663, 8252.0]]",29.9749687,27.5,0.9174321506464158,False,77.7,473.34375,4,,,,,3882eca9dc70b2d799f0,3.7597938000108115,8252.0,624.0,624.0,4.0,"{""interior"": 156, ""fronteira"": 156, ""liberacao"": 156, ""regret"": 156, ""abertura"": 0}","{""interior"": 0, ""fronteira"": 0, ""liberacao"": 0, ""regret"": 0, ""abertura"": 0}",0.657252900331514,25.407223299669567,0.0,605.0,0.0,
holmberg_p13,holmberg,2.7677758318739056,20,50,hibridopl:rotacao,8252.0,True,-1,0,30.0,29.9577972,0.0,8252.0,8252.0,otimo_publicado,"[[0.08791189998737536, 23566.0], [0.09045269998023286, 8439.0], [0.11353539998526685, 8265.0], [0.14821900002425537, 8265.0], [0.2699401999998372, 8265.0], [0.42609750002156943, 8265.0], [0.594376299995929, 8252.0], [0.5965674999752082, 8252.0]]",29.9577972,28.96875,0.9669853162635068,False,77.6,399.39453125,2,,,,,3882eca9dc70b2d799f0,0.5963673999940511,8252.0,722.0,722.0,4.0,"{""interior"": 181, ""fronteira"": 181, ""liberacao"": 180, ""regret"": 180, ""abertura"": 0}","{""interior"": 0, ""fronteira"": 0, ""liberacao"": 0, ""regret"": 0, ""abertura"": 0}",0.7454259001242463,28.449225299846148,0.0,703.0,0.0,
holmberg_p13,holmberg,2.7677758318739056,20,50,hibridopl:rotacao,8252.0,True,-1,1,30.0,29.992427,0.0,8252.0,8252.0,otimo_publicado,"[[0.08553499999106862, 23566.0], [0.09018979998654686, 8439.0], [0.10713119999854825, 8265.0], [0.14704250000067987, 8265.0], [0.2828166999970563, 8265.0], [0.4726266000070609, 8265.0], [0.6430340000079013, 8252.000000000004], [0.6469208000053186, 8252.0]]",29.992427,28.890625,0.9632639932740354,False,77.6,394.64453125,6,,,,,3882eca9dc70b2d799f0,0.6466928000154439,8252.0,717.0,717.0,4.0,"{""interior"": 180, ""fronteira"": 179, ""liberacao"": 179, ""regret"": 179, ""abertura"": 0}","{""interior"": 0, ""fronteira"": 0, ""liberacao"": 0, ""regret"": 0, ""abertura"": 0}",0.7435298003256321,28.429434099729406,0.0,698.0,0.0,
holmberg_p13,holmberg,2.7677758318739056,20,50,hibridopl:rotacao,8252.0,True,-1,2,30.0,29.9846274,0.0,8252.0,8252.0,otimo_publicado,"[[0.06329869999899529, 23566.0], [0.06568610001704656, 8439.0], [0.08025780000025406, 8265.0], [0.1059716000163462, 8265.0], [0.18145599999115802, 8265.0], [0.3384148000041023, 8265.0], [0.48882400000002235, 8252.0], [0.493088599992916, 8252.0]]",29.9846274,28.859375,0.9624723567517134,False,76.4,401.76171875,2,,,,,3882eca9dc70b2d799f0,0.49266329998499714,8252.0,743.0,743.0,4.0,"{""interior"": 186, ""fronteira"": 186, ""liberacao"": 186, ""regret"": 185, ""abertura"": 0}","{""interior"": 0, ""fronteira"": 0, ""liberacao"": 0, ""regret"": 0, ""abertura"": 0}",0.7363964003452566,28.579924700345146,0.0,724.0,0.0,
holmberg_p13,holmberg,2.7677758318739056,20,50,kernel,8252.0,True,-1,0,30.0,0.4703745,0.0,8252.0,8252.0,otimo_publicado,"[[0.07919379996019416, 8503.0], [0.101146399974823, 8292.999999999998], [0.13007319997996092, 8278.999999999998], [0.18600239997613244, 8265.0], [0.22537889998056926, 8265.0], [0.3518043999793008, 8252.0], [0.3828054999758024, 8252.0]]",0.4703745,0.453125,0.963328156607129,False,66.0,473.34375,4,3.0,,0.5,3.0,3882eca9dc70b2d799f0,,,,,,,,,,,,,0.020286599989049137
holmberg_p14,holmberg,2.7677758318739056,20,50,adaptativa:gnn,7137.0,True,0,0,30.0,8.6478791,0.0,7137.0,7137.0,otimo_publicado,"[[0.076477700000396, 10189.0], [0.0910851999942679, 9899.0], [0.6040547000011429, 9828.999999999996], [1.7386798999796156, 9602.0], [1.816650299995672, 9556.0], [5.382125799980713, 9556.0], [8.33032739997725, 9556.0], [8.360910399991553, 9259.0], [8.42790049998439, 9154.999999999996], [8.453471399989212, 8896.0], [8.492649099964183, 8674.0], [8.543883499980439, 8674.0], [8.634895799972583, 7368.000000000001], [8.645249599998351, 7137.0]]",8.6478791,8.0625,0.9323095185269183,False,75.4,997.54296875,4,4.0,True,1.0,4.0,3882eca9dc70b2d799f0,,,,,,,,,,,,,
holmberg_p14,holmberg,2.7677758318739056,20,50,adaptativa:pl,7137.0,True,-1,0,30.0,0.26036,0.0,7137.0,7137.0,otimo_publicado,"[[0.05572340000071563, 7257.0], [0.07219900001655333, 7142.000000000001], [0.0765084000013303, 7137.0], [0.10214120001182891, 7137.0], [0.18046699996921234, 7137.0]]",0.26036,0.25,0.9602089414656629,False,60.3,921.46484375,6,3.0,True,0.85,3.0,3882eca9dc70b2d799f0,,,,,,,,,,,,,
holmberg_p14,holmberg,2.7677758318739056,20,50,completo,7137.0,True,-1,0,30.0,0.137302,0.0,7137.0,7137.0,otimo_publicado,"[[0.09881070000119507, 9180.0], [0.12327359998016618, 7368.000000000001], [0.13348879999830388, 7137.0]]",0.137302,0.125,0.9104018878093546,False,61.5,997.54296875,4,1.0,True,1.0,1.0,3882eca9dc70b2d799f0,,,,,,,,,,,,,
holmberg_p14,holmberg,2.7677758318739056,20,50,hibrido:rotacao,7137.0,True,-1,0,30.0,29.9718795,0.0,7137.0,7137.0,otimo_publicado,"[[0.06506899997475557, 10189.0], [0.0801806999661494, 9899.0], [0.5407353999908082, 9828.999999999996], [1.5501169999770354, 9602.0], [1.6010224999918137, 9556.0], [3.2413780999486335, 9556.0], [6.230319099966437, 9556.0], [6.265426099969773, 9259.0], [6.332028899953002, 9154.999999999996], [6.3592381999478675, 8896.0], [6.396949399961159, 8674.0], [6.465533799957484, 8674.0], [6.555950399953872, 7368.000000000001], [6.570235499966657, 7137.0], [6.573755999997957, 7137.0]]",29.9718795,28.546875,0.9524552839604203,False,76.8,921.46484375,6,,,,,3882eca9dc70b2d799f0,6.573559699987527,7137.0,612.0,612.0,4.0,"{""interior"": 153, ""fronteira"": 153, ""liberacao"": 153, ""regret"": 153, ""abertura"": 0}","{""interior"": 0, ""fronteira"": 0, ""liberacao"": 0, ""regret"": 0, ""abertura"": 0}",0.6325909995357506,22.621572300064145,0.0,593.0,0.0,
holmberg_p14,holmberg,2.7677758318739056,20,50,hibrido:rotacao,7137.0,True,-1,1,30.0,29.977509,0.0,7137.0,7137.0,otimo_publicado,"[[0.06833719997666776, 10189.0], [0.08086569997249171, 9899.0], [0.43747089998214506, 9828.999999999996], [1.6522574999835342, 9602.0], [1.6953811999992467, 9556.0], [3.675357099971734, 9556.0], [6.697313000011491, 9556.0], [6.743508100014878, 9259.0], [6.834051800018642, 9154.999999999996], [6.860904900007881, 8896.0], [6.90501350001432, 8674.0], [6.985690699977567, 8674.0], [7.112911499978509, 7368.000000000001], [7.135632699995767, 7137.0], [7.142060599988326, 7137.0]]",29.977509,27.390625,0.9137058386005321,False,77.6,997.54296875,4,,,,,3882eca9dc70b2d799f0,7.141613799991319,7137.0,594.0,594.0,4.0,"{""interior"": 149, ""fronteira"": 149, ""liberacao"": 148, ""regret"": 148, ""abertura"": 0}","{""interior"": 0, ""fronteira"": 0, ""liberacao"": 0, ""regret"": 0, ""abertura"": 0}",0.6015792997204699,22.078957499557873,0.0,575.0,0.0,
holmberg_p14,holmberg,2.7677758318739056,20,50,hibrido:rotacao,7137.0,True,-1,2,30.0,29.9559978,0.0,7137.0,7137.0,otimo_publicado,"[[0.09445249996497296, 10189.0], [0.11848219996318221, 9899.0], [0.5856048999703489, 9828.999999999996], [1.457073199970182, 9602.0], [1.5020399999630172, 9556.0], [3.356095999974059, 9556.0], [6.321685500006424, 9556.0], [6.349821400013752, 9259.0], [6.406882899987977, 9154.999999999996], [6.4349959999963176, 8896.0], [6.492483200010611, 8674.0], [6.535741200001212, 8674.0], [6.616835699998774, 7368.000000000001], [6.633898900006898, 7137.0], [6.636532300006365, 7137.0]]",29.9559978,28.953125,0.9665218028557874,False,76.7,839.55078125,2,,,,,3882eca9dc70b2d799f0,6.636328299995512,7137.0,620.0,620.0,4.0,"{""interior"": 155, ""fronteira"": 155, ""liberacao"": 155, ""regret"": 155, ""abertura"": 0}","{""interior"": 0, ""fronteira"": 0, ""liberacao"": 0, ""regret"": 0, ""abertura"": 0}",0.6155929999949876,22.5575830002781,0.0,601.0,0.0,
holmberg_p14,holmberg,2.7677758318739056,20,50,hibridopl:rotacao,7137.0,True,-1,0,30.0,29.9902484,0.0,7137.0,7137.0,otimo_publicado,"[[0.05967330001294613, 7257.0], [0.07387990001006983, 7142.000000000001], [0.07827770002768375, 7137.0], [0.10828770004445687, 7137.0], [0.19615840003825724, 7137.0], [0.3217233000032138, 7137.0]]",29.9902484,28.5625,0.9523929118239648,False,79.7,921.46484375,6,,,,,3882eca9dc70b2d799f0,0.3212843000073917,7137.0,745.0,745.0,3.0,"{""interior"": 187, ""fronteira"": 186, ""liberacao"": 186, ""regret"": 186, ""abertura"": 0}","{""interior"": 0, ""fronteira"": 0, ""liberacao"": 0, ""regret"": 0, ""abertura"": 0}",0.7945703001169022,28.694905300042592,0.0,726.0,0.0,
holmberg_p14,holmberg,2.7677758318739056,20,50,hibridopl:rotacao,7137.0,True,-1,1,30.0,29.9635656,0.0,7137.0,7137.0,otimo_publicado,"[[0.05621480001718737, 7257.0], [0.06857890001265332, 7142.000000000001], [0.07246180000947788, 7137.0], [0.09646530001191422, 7137.0], [0.18710900002042763, 7137.0], [0.28735229998710565, 7137.0]]",29.9635656,26.921875,0.8984870278589274,True,79.2,997.54296875,4,,,,,3882eca9dc70b2d799f0,0.2871476000000257,7137.0,726.0,726.0,3.0,"{""interior"": 182, ""fronteira"": 182, ""liberacao"": 181, ""regret"": 181, ""abertura"": 0}","{""interior"": 0, ""fronteira"": 0, ""liberacao"": 0, ""regret"": 0, ""abertura"": 0}",0.8120658000989351,28.68414780020248,0.0,707.0,0.0,
holmberg_p14,holmberg,2.7677758318739056,20,50,hibridopl:rotacao,7137.0,True,-1,2,30.0,29.9856709,0.0,7137.0,7137.0,otimo_publicado,"[[0.10553540001274087, 7257.0], [0.13483530000667088, 7142.000000000001], [0.1415153999987524, 7137.0], [0.18506930000148714, 7137.0], [0.3286752999993041, 7137.0], [0.4410397000028752, 7137.0]]",29.9856709,28.921875,0.9645231916421787,False,79.1,839.55078125,2,,,,,3882eca9dc70b2d799f0,0.44084910000674427,7137.0,771.0,771.0,3.0,"{""interior"": 193, ""fronteira"": 193, ""liberacao"": 193, ""regret"": 192, ""abertura"": 0}","{""interior"": 0, ""fronteira"": 0, ""liberacao"": 0, ""regret"": 0, ""abertura"": 0}",0.7976714004471432,28.561255600274308,0.0,752.0,0.0,
holmberg_p14,holmberg,2.7677758318739056,20,50,kernel,7137.0,True,-1,0,30.0,0.3224246,0.0,7137.0,7137.0,otimo_publicado,"[[0.08208679998642765, 7257.0], [0.09772099999827333, 7142.000000000001], [0.10296939997351728, 7137.0], [0.13661149999825284, 7137.0], [0.2710790999699384, 7137.0]]",0.3224246,0.3125,0.9692188499264635,False,71.8,921.46484375,6,3.0,,0.45,3.0,3882eca9dc70b2d799f0,,,,,,,,,,,,,0.015585899993311614
holmberg_p15,holmberg,2.7677758318739056,20,50,adaptativa:gnn,8808.0,True,0,0,30.0,12.8685449,0.0,8808.0,8808.0,otimo_publicado,"[[0.0953859000292141, 11989.0], [0.15638310002395883, 11775.000000000002], [0.7555073000257835, 11723.0], [1.8886115000059363, 11202.0], [1.9525111000111792, 11176.0], [2.899012300011236, 11156.0], [5.327611900022021, 11156.0], [7.514869400009047, 11156.0], [7.573324500001036, 11058.000000000004], [7.693156799999997, 10759.0], [10.1495433000091, 10474.0], [11.890569900016999, 10416.0], [12.666724400012754, 10416.0], [12.808282900019549, 10342.999999999998], [12.863965600030497, 8808.0]]",12.8685449,12.265625,0.9531477797462555,False,78.1,921.46484375,6,4.0,True,1.0,4.0,3882eca9dc70b2d799f0,,,,,,,,,,,,,
holmberg_p15,holmberg,2.7677758318739056,20,50,adaptativa:pl,8808.0,True,-1,0,30.0,0.4667101,0.0,8808.0,8808.0,otimo_publicado,"[[0.08852079999633133, 9079.0], [0.10170180001296103, 8808.0], [0.13464299999759533, 8808.0], [0.19888400001218542, 8808.0], [0.32792710000649095, 8808.0]]",0.4667101,0.4375,0.9374127536558562,False,73.3,997.54296875,4,4.0,True,1.0,4.0,3882eca9dc70b2d799f0,,,,,,,,,,,,,
holmberg_p15,holmberg,2.7677758318739056,20,50,completo,8808.0,True,-1,0,30.0,0.1695611,0.0,8808.0,8808.0,otimo_publicado,"[[0.09116350000840612, 13180.0], [0.12399429999641143, 10342.999999999998], [0.16560179999214597, 8808.0]]",0.1695611,0.15625,0.9214967348053298,False,63.4,921.46484375,6,1.0,True,1.0,1.0,3882eca9dc70b2d799f0,,,,,,,,,,,,,
holmberg_p15,holmberg,2.7677758318739056,20,50,hibrido:rotacao,8808.0,True,-1,0,30.0,29.9517788,0.0,8808.0,8808.0,otimo_publicado,"[[0.10355040000285953, 11989.0], [0.15296490001492202, 11775.000000000002], [0.6752907000191044, 11723.0], [1.5862303000176325, 11202.0], [1.630501900013769, 11176.0], [2.4840598000155296, 11156.0], [4.104836800019257, 11156.0], [6.433088499994483, 11156.0], [6.498147899983451, 11058.000000000004], [6.6477149999991525, 10759.0], [8.911950499983504, 10474.0], [9.043501200008905, 10474.0], [9.146718600008171, 10342.999999999998], [9.22969240002567, 8808.0], [9.233762200048659, 8808.0]]",29.9517788,28.734375,0.9593545409062649,False,76.1,948.16796875,2,,,,,3882eca9dc70b2d799f0,9.233391800022218,8808.0,516.0,516.0,4.0,"{""interior"": 129, ""fronteira"": 129, ""liberacao"": 129, ""regret"": 129, ""abertura"": 0}","{""interior"": 0, ""fronteira"": 0, ""liberacao"": 0, ""regret"": 0, ""abertura"": 0}",0.520331999839982,20.07318749994738,0.0,497.0,0.0,
holmberg_p15,holmberg,2.7677758318739056,20,50,hibrido:rotacao,8808.0,True,-1,1,30.0,29.9697842,0.0,8808.0,8808.0,otimo_publicado,"[[0.11270980001427233, 11989.0], [0.19444960000691935, 11775.000000000002], [0.9988978000183124, 11723.0], [2.1817620000219904, 11176.0], [3.224395299999742, 11176.0], [4.276763000001665, 11156.0], [6.298930299992207, 11156.0], [6.392485299991677, 11058.000000000004], [6.5935676000081, 10759.0], [8.249485899985302, 10759.0], [8.342561700002989, 10342.999999999998], [8.393278599978657, 8808.0], [8.396929899987299, 8808.0]]",29.9697842,28.828125,0.9619063256384742,False,77.6,921.46484375,6,,,,,3882eca9dc70b2d799f0,8.396486299985554,8808.0,539.0,539.0,4.0,"{""interior"": 135, ""fronteira"": 135, ""liberacao"": 135, ""regret"": 134, ""abertura"": 0}","{""interior"": 0, ""fronteira"": 0, ""liberacao"": 0, ""regret"": 0, ""abertura"": 0}",0.5545954996487126,20.873284400149714,0.0,520.0,0.0,
holmberg_p15,holmberg,2.7677758318739056,20,50,hibrido:rotacao,8808.0,True,-1,2,30.0,29.9549452,0.0,8808.0,8808.0,otimo_publicado,"[[0.07737290000659414, 11989.0], [0.12005910000880249, 11775.000000000002], [0.6616457000200171, 11723.0], [1.6417325000220444, 11202.0], [1.6920097000256646, 11176.0], [2.5332157000084408, 11156.0], [3.269655900017824, 11156.0], [5.421478800009936, 11156.0], [5.471297600015532, 11058.000000000004], [5.61522390000755, 10759.0], [7.923140700004296, 10474.0], [8.244191100035096, 10474.0], [8.348081100033596, 10342.999999999998], [8.386065600032452, 8808.0], [8.389409600000363, 8808.0]]",29.9549452,27.328125,0.9123076279238194,False,76.3,997.54296875,4,,,,,3882eca9dc70b2d799f0,8.389037299988559,8808.0,517.0,517.0,4.0,"{""interior"": 130, ""fronteira"": 129, ""liberacao"": 129, ""regret"": 129, ""abertura"": 0}","{""interior"": 0, ""fronteira"": 0, ""liberacao"": 0, ""regret"": 0, ""abertura"": 0}",0.5358439996489324,20.894459999748506,0.0,498.0,0.0,
holmberg_p15,holmberg,2.7677758318739056,20,50,hibridopl:rotacao,8808.0,True,-1,0,30.0,29.9543346,0.0,8808.0,8808.0,otimo_publicado,"[[0.06667810000362806, 9079.0], [0.07996480001020245, 8808.0], [0.11462650002795272, 8808.0], [0.20509660005336627, 8808.0], [0.46387180002056994, 8808.0], [0.5672886999964248, 8808.0]]",29.9543346,27.09375,0.9045018145721053,False,77.9,997.54296875,4,,,,,3882eca9dc70b2d799f0,0.5669721000012942,8808.0,696.0,696.0,4.0,"{""interior"": 174, ""fronteira"": 174, ""liberacao"": 174, ""regret"": 174, ""abertura"": 0}","{""interior"": 0, ""fronteira"": 0, ""liberacao"": 0, ""regret"": 0, ""abertura"": 0}",0.7934551000362262,28.42103580047842,0.0,677.0,0.0,
holmberg_p15,holmberg,2.7677758318739056,20,50,hibridopl:rotacao,8808.0,True,-1,1,30.0,29.9582563,0.0,8808.0,8808.0,otimo_publicado,"[[0.07122179999714717, 9079.0], [0.08645280002383515, 8808.0], [0.11748220003210008, 8808.0], [0.17799150000791997, 8808.0], [0.28543230003560893, 8808.0], [0.39655890001449734, 8808.0]]",29.9582563,28.6875,0.9575824344623155,False,76.5,921.46484375,6,,,,,3882eca9dc70b2d799f0,0.3961678000050597,8808.0,730.0,730.0,4.0,"{""interior"": 183, ""fronteira"": 183, ""liberacao"": 182, ""regret"": 182, ""abertura"": 0}","{""interior"": 0, ""fronteira"": 0, ""liberacao"": 0, ""regret"": 0, ""abertura"": 0}",0.7625666999374516,28.625204199983273,0.0,711.0,0.0,
holmberg_p15,holmberg,2.7677758318739056,20,50,hibridopl:rotacao,8808.0,True,-1,2,30.0,29.9517983,0.0,8808.0,8808.0,otimo_publicado,"[[0.08909019996644929, 9079.0], [0.10793409997131675, 8808.0], [0.14509899998665787, 8808.0], [0.2504200999974273, 8808.0], [0.5270136999897659, 8808.0], [0.6125609000155237, 8808.0]]",29.9517983,28.625,0.9557022157163766,False,78.2,948.16796875,2,,,,,3882eca9dc70b2d799f0,0.6121039999998175,8808.0,742.0,742.0,4.0,"{""interior"": 186, ""fronteira"": 186, ""liberacao"": 185, ""regret"": 185, ""abertura"": 0}","{""interior"": 0, ""fronteira"": 0, ""liberacao"": 0, ""regret"": 0, ""abertura"": 0}",0.7731477000052109,28.39269750006497,0.0,723.0,0.0,
holmberg_p15,holmberg,2.7677758318739056,20,50,kernel,8808.0,True,-1,0,30.0,0.3732044,0.0,8808.0,8808.0,otimo_publicado,"[[0.07509129997924902, 9171.0], [0.09647949997452088, 9122.999999999998], [0.11982369996258058, 8808.0], [0.17290089998277836, 8808.0], [0.31637939997017384, 8808.0]]",0.3732044,0.375,1.00481130447551,False,76.2,997.54296875,4,3.0,,0.45,3.0,3882eca9dc70b2d799f0,,,,,,,,,,,,,0.022942299983697012
holmberg_p16,holmberg,2.7677758318739056,20,50,adaptativa:gnn,10408.0,True,0,0,30.0,18.7414512,0.0,10408.0,10408.0,otimo_publicado,"[[0.11415219996706583, 13789.0], [0.1407988999853842, 13163.999999999998], [1.8091767999867443, 12776.0], [4.119384899968281, 12756.0], [6.192283399985172, 12756.0], [11.891463599982671, 12756.0], [15.705939799983753, 12049.0], [15.840800499980105, 12016.0], [16.90128699998604, 12016.0], [18.580256799963536, 11182.000000000002], [18.68780569997034, 10482.000000000002], [18.737907599977916, 10407.99999999999]]",18.7414512,18.015625,0.9612716116668703,False,78.2,948.16796875,2,3.0,True,1.0,4.0,3882eca9dc70b2d799f0,,,,,,,,,,,,,
holmberg_p16,holmberg,2.7677758318739056,20,50,adaptativa:pl,10408.0,True,-1,0,30.0,2.2595177,0.0,10408.0,10408.0,otimo_publicado,"[[0.7200075999717228, 11743.999999999998], [0.7371488999633584, 10998.0], [1.266068999975687, 10881.0], [1.7664670000085607, 10881.0], [1.791450699995039, 10492.0], [1.839392299996689, 10435.000000000002], [1.8819427999842446, 10435.0], [2.024004099977901, 10408.000213392774], [2.038076099997852, 10408.0], [2.08132180001121, 10408.0]]",2.2595177,2.140625,0.9473813814337458,False,72.1,997.54296875,4,4.0,True,1.0,4.0,3882eca9dc70b2d799f0,,,,,,,,,,,,,
holmberg_p16,holmberg,2.7677758318739056,20,50,completo,10408.0,True,-1,0,30.0,1.7271304,0.0,10408.0,10408.0,otimo_publicado,"[[0.08978380000917241, 17180.0], [0.12494880001759157, 12062.999999999996], [1.5232884000288323, 11182.000000000002], [1.6587075000279583, 10482.000000000002], [1.7236520000151359, 10407.99999999999]]",1.7271304,1.640625,0.9499137992128446,False,75.9,921.46484375,6,1.0,True,1.0,1.0,3882eca9dc70b2d799f0,,,,,,,,,,,,,
holmberg_p16,holmberg,2.7677758318739056,20,50,hibrido:rotacao,10408.0,True,-1,0,30.0,29.9817635,0.0,10408.0,10408.0,otimo_publicado,"[[0.07908390002558008, 13789.0], [0.094526200031396, 13163.999999999998], [1.7589885000197683, 12776.0], [3.2469936999841593, 12776.0], [4.573946199991042, 12757.0], [6.185579699988011, 12756.0], [6.239847399992868, 12756.0], [9.243805599980988, 12756.0], [9.333491800003685, 12062.999999999996], [10.642639900004724, 11182.000000000002], [10.732408899988513, 10482.000000000002], [10.777102099993499, 10407.99999999999], [10.779411299998173, 10408.0]]",29.9817635,27.328125,0.9114915805402841,False,76.9,997.54296875,4,,,,,3882eca9dc70b2d799f0,10.77920770001947,10408.0,390.0,390.0,3.0,"{""interior"": 98, ""fronteira"": 98, ""liberacao"": 97, ""regret"": 97, ""abertura"": 0}","{""interior"": 0, ""fronteira"": 0, ""liberacao"": 0, ""regret"": 0, ""abertura"": 0}",0.40233300044201314,18.705392800096888,0.0,371.0,0.0,
holmberg_p16,holmberg,2.7677758318739056,20,50,hibrido:rotacao,10408.0,True,-1,1,30.0,29.9826109,0.0,10408.0,10408.0,otimo_publicado,"[[0.1266429000243079, 13789.0], [0.15440790000138804, 13163.999999999998], [1.6286641000187956, 13090.0], [1.7352526000177022, 12756.0], [3.8995668000134174, 12756.0], [6.874553400004515, 12756.0], [8.939559799997369, 12756.0], [9.019680700002937, 12062.999999999996], [10.467464899993502, 11182.000000000002], [10.596647600003053, 10482.000000000002], [10.641627200006042, 10407.99999999999], [10.644250000012107, 10408.0]]",29.9826109,28.90625,0.9641004946637253,False,75.6,948.16796875,2,,,,,3882eca9dc70b2d799f0,10.643985600007,10408.0,418.0,418.0,4.0,"{""interior"": 105, ""fronteira"": 105, ""liberacao"": 104, ""regret"": 104, ""abertura"": 0}","{""interior"": 0, ""fronteira"": 0, ""liberacao"": 0, ""regret"": 0, ""abertura"": 0}",0.41239160008262843,18.827243099396583,0.0,399.0,0.0,
holmberg_p16,holmberg,2.7677758318739056,20,50,hibrido:rotacao,10408.0,True,-1,2,30.0,29.9503972,0.0,10408.0,10408.0,otimo_publicado,"[[0.12383919997955672, 13789.0], [0.14791689996491186, 13163.999999999998], [2.1634888999687973, 12756.0], [3.1652311999932863, 12756.0], [6.160793899965938, 12756.0], [9.250496399967233, 12756.0], [9.351655799982836, 12062.999999999996], [10.820447699981742, 10663.000000000002], [10.945541899971431, 10408.000000000002], [10.949452999979258, 10408.0]]",29.9503972,29.03125,0.9693110180188195,False,77.1,948.16796875,2,,,,,3882eca9dc70b2d799f0,10.949128999985987,10408.0,418.0,418.0,4.0,"{""interior"": 105, ""fronteira"": 105, ""liberacao"": 104, ""regret"": 104, ""abertura"": 0}","{""interior"": 0, ""fronteira"": 0, ""liberacao"": 0, ""regret"": 0, ""abertura"": 0}",0.41729839963954873,18.482135800266406,0.0,399.0,0.0,
holmberg_p16,holmberg,2.7677758318739056,20,50,hibridopl:rotacao,10408.0,True,-1,0,30.0,29.9726569,0.0,10408.0,10408.0,otimo_publicado,"[[0.7713932000042405, 11743.999999999998], [0.8069048000033945, 10998.0], [1.3700662000046577, 10881.0], [2.0039717000036035, 10881.0], [2.0242481000022963, 10492.0], [2.0642158999980893, 10435.000000000002], [2.098433400009526, 10435.0], [2.2450997999985702, 10408.000213392774], [2.251615799992578, 10408.0], [2.3035812999878544, 10408.0], [2.5016510999703314, 10408.0]]",29.9726569,29.03125,0.9685911428159043,False,75.9,921.46484375,6,,,,,3882eca9dc70b2d799f0,2.5012596999877132,10408.0,587.0,587.0,4.0,"{""interior"": 147, ""fronteira"": 147, ""liberacao"": 147, ""regret"": 146, ""abertura"": 0}","{""interior"": 0, ""fronteira"": 0, ""liberacao"": 0, ""regret"": 0, ""abertura"": 0}",0.6073476001911331,26.723439600202255,0.0,568.0,0.0,
holmberg_p16,holmberg,2.7677758318739056,20,50,hibridopl:rotacao,10408.0,True,-1,1,30.0,29.9723965,0.0,10408.0,10408.0,otimo_publicado,"[[0.5542019999993499, 14086.0], [0.6603820000018459, 11490.999999999998], [0.817607400007546, 11015.0], [1.6311867000185885, 10881.0], [2.671339899970917, 10881.0], [2.6935039999953005, 10492.0], [2.7246941999765113, 10435.000000000002], [2.757596300012665, 10435.0], [2.9249246999970637, 10408.000213392774], [2.9306541999976616, 10408.0], [2.9788969999935944, 10408.0], [3.174919699988095, 10408.0]]",29.9723965,28.875,0.9633864279087593,False,78.2,921.46484375,6,,,,,3882eca9dc70b2d799f0,3.174663799989503,10408.0,561.0,561.0,4.0,"{""interior"": 141, ""fronteira"": 140, ""liberacao"": 140, ""regret"": 140, ""abertura"": 0}","{""interior"": 0, ""fronteira"": 0, ""liberacao"": 0, ""regret"": 0, ""abertura"": 0}",0.5775672000017948,26.080122400046093,0.0,542.0,0.0,
holmberg_p16,holmberg,2.7677758318739056,20,50,hibridopl:rotacao,10408.0,True,-1,2,30.0,29.9539821,0.0,10408.0,10408.0,otimo_publicado,"[[0.18804990002536215, 13593.999999999996], [0.7870561000017915, 11015.0], [1.208128400001442, 10889.0], [2.2733078000019304, 10880.999999999998], [2.372386800008826, 10881.0], [2.4193592999945395, 10492.0], [2.469124199997168, 10435.000000000002], [2.5042565000185277, 10435.0], [2.671273200016003, 10408.000213392774], [2.6833518000203185, 10408.0], [2.9128517000062857, 10408.0], [3.2528057000017725, 10408.0]]",29.9539821,27.390625,0.9144234949649649,False,76.6,997.54296875,4,,,,,3882eca9dc70b2d799f0,3.25251729998854,10408.0,593.0,593.0,4.0,"{""interior"": 149, ""fronteira"": 148, ""liberacao"": 148, ""regret"": 148, ""abertura"": 0}","{""interior"": 0, ""fronteira"": 0, ""liberacao"": 0, ""regret"": 0, ""abertura"": 0}",0.6269981996738352,25.92911910021212,0.0,574.0,0.0,
holmberg_p16,holmberg,2.7677758318739056,20,50,kernel,10408.0,True,-1,0,30.0,0.6632213,0.0,10408.0,10408.0,otimo_publicado,"[[0.08075129997450858, 10950.0], [0.1621284999710042, 10727.999999999996], [0.22914159996435046, 10408.0], [0.27120049999211915, 10408.0], [0.5664064000011422, 10408.0]]",0.6632213,0.59375,0.8952517055770073,True,74.4,997.54296875,4,3.0,,0.45,3.0,3882eca9dc70b2d799f0,,,,,,,,,,,,,0.026834299991605803
holmberg_p17,holmberg,2.8021015761821366,20,50,adaptativa:gnn,8227.0,True,0,0,30.0,9.015674,0.0,8227.0,8227.0,otimo_publicado,"[[0.0815258999937214, 10634.0], [2.1794103999854997, 10187.0], [4.046465999999782, 10187.0], [5.075619699986419, 10187.0], [5.130742799985455, 9848.000000000002], [6.996449600002961, 9711.0], [7.080853599996772, 9626.0], [8.577307899977313, 9626.0], [8.702820299979066, 9498.0], [8.70316889998503, 9196.0], [8.875820099987322, 8897.000000000002], [8.98368649999611, 8632.999999999995], [8.986094399995636, 8330.999999999995], [9.01285219998681, 8227.0]]",9.015674,7.90625,0.8769449738311301,True,84.9,491.15234375,4,4.0,True,1.0,4.0,3882eca9dc70b2d799f0,,,,,,,,,,,,,
holmberg_p17,holmberg,2.8021015761821366,20,50,adaptativa:pl,8227.0,True,-1,0,30.0,0.505212,0.0,8227.0,8227.0,otimo_publicado,"[[0.06839329999638721, 9022.0], [0.09753739999723621, 8249.000000000004], [0.11693869999726303, 8234.0], [0.1261215999838896, 8227.0], [0.16651479998836294, 8227.0], [0.23578769998857751, 8227.0], [0.37385739997262135, 8227.0]]",0.505212,0.484375,0.9587559282043974,False,80.5,473.34375,4,4.0,True,1.0,4.0,3882eca9dc70b2d799f0,,,,,,,,,,,,,
holmberg_p17,holmberg,2.8021015761821366,20,50,completo,8227.0,True,-1,0,30.0,0.4739504,0.0,8227.0,8227.0,otimo_publicado,"[[0.10484919999726117, 12032.0], [0.13893660000758246, 9498.0], [0.13942560000577942, 9196.0], [0.3439623999875039, 8897.000000000002], [0.4463465000153519, 8632.999999999995], [0.449593500001356, 8330.999999999995], [0.4712792999926023, 8227.0]]",0.4739504,0.46875,0.9890275438104915,False,62.8,508.046875,4,1.0,True,1.0,1.0,3882eca9dc70b2d799f0,,,,,,,,,,,,,
holmberg_p17,holmberg,2.8021015761821366,20,50,hibrido:rotacao,8227.0,True,-1,0,30.0,30.0409498,0.040949799999999925,8227.0,8227.0,otimo_publicado,"[[0.11266260000411421, 10634.0], [1.7899538000056054, 10187.0], [3.2767965999955777, 10187.0], [4.498013100004755, 10187.0], [4.547432699997444, 9848.000000000002], [6.140863500011619, 9711.0], [6.197357099998044, 9626.0], [6.971899299998768, 9626.0], [7.085429400001885, 9498.0], [7.086142799991649, 9196.0], [7.289479200000642, 8897.000000000002], [7.3953465999802575, 8632.999999999995], [7.3990997999790125, 8330.999999999995], [7.436072999989847, 8227.0], [7.442720899998676, 8227.0]]",30.0409498,29.03125,0.9663892184926856,False,80.1,473.22265625,6,,,,,3882eca9dc70b2d799f0,7.442425599991111,8227.0,526.0,526.0,4.0,"{""interior"": 132, ""fronteira"": 132, ""liberacao"": 131, ""regret"": 131, ""abertura"": 0}","{""interior"": 0, ""fronteira"": 0, ""liberacao"": 0, ""regret"": 0, ""abertura"": 0}",0.5699100001947954,21.898887999966973,0.0,507.0,0.0,
holmberg_p17,holmberg,2.8021015761821366,20,50,hibrido:rotacao,8227.0,True,-1,1,30.0,29.9825685,0.0,8227.0,8227.0,otimo_publicado,"[[0.0748872000258416, 10634.0], [1.3523170000407845, 10187.0], [1.611032000015257, 10187.0], [2.850402900017798, 10187.0], [2.963887900026748, 9848.000000000002], [4.931008500017924, 9626.0], [5.476747500011697, 9626.0], [5.562164700037101, 9498.0], [5.562593100039521, 9196.0], [5.729081400029827, 8897.000000000002], [5.815910800040001, 8632.999999999995], [5.818601200036937, 8330.999999999995], [5.837333700037561, 8227.0], [5.840309600025648, 8227.0]]",29.9825685,27.34375,0.9119882441025692,False,77.5,569.62109375,4,,,,,3882eca9dc70b2d799f0,5.840110700024525,8227.0,561.0,561.0,4.0,"{""interior"": 141, ""fronteira"": 140, ""liberacao"": 140, ""regret"": 140, ""abertura"": 0}","{""interior"": 0, ""fronteira"": 0, ""liberacao"": 0, ""regret"": 0, ""abertura"": 0}",0.6297949000145309,23.368308199744206,0.0,542.0,0.0,
holmberg_p17,holmberg,2.8021015761821366,20,50,hibrido:rotacao,8227.0,True,-1,2,30.0,29.9771999,0.0,8227.0,8227.0,otimo_publicado,"[[0.08049050002591684, 10634.0], [1.567316500004381, 10187.0], [1.7883072000113316, 10187.0], [2.9821370000136085, 10187.0], [3.071962399990298, 9848.000000000002], [4.931861499993829, 9626.0], [5.218972200003918, 9626.0], [5.358365100022638, 9498.0], [5.358718700008467, 9196.0], [5.555703700025333, 8897.000000000002], [5.670730600017123, 8632.999999999995], [5.673318100016331, 8330.999999999995], [5.697038900019834, 8227.0], [5.699808400007896, 8227.0]]",29.9771999,28.765625,0.9595834532897785,False,76.9,502.921875,6,,,,,3882eca9dc70b2d799f0,5.699547500000335,8227.0,607.0,607.0,4.0,"{""interior"": 152, ""fronteira"": 152, ""liberacao"": 152, ""regret"": 151, ""abertura"": 0}","{""interior"": 0, ""fronteira"": 0, ""liberacao"": 0, ""regret"": 0, ""abertura"": 0}",0.6249749000999145,23.504720400029328,0.0,588.0,0.0,
holmberg_p17,holmberg,2.8021015761821366,20,50,hibridopl:rotacao,8227.0,True,-1,0,30.0,29.9794516,0.0,8227.0,8227.0,otimo_publicado,"[[0.06453880001208745, 9022.0], [0.08044410002185032, 8249.000000000004], [0.09031410003080964, 8234.0], [0.09668860002420843, 8227.0], [0.12274619998061098, 8227.0], [0.21420849999412894, 8227.0], [0.375190399994608, 8227.0], [0.49163010000484064, 8227.0]]",29.9794516,29.046875,0.9688928065648806,False,77.9,401.76171875,2,,,,,3882eca9dc70b2d799f0,0.4914225999964401,8227.0,708.0,708.0,4.0,"{""interior"": 177, ""fronteira"": 177, ""liberacao"": 177, ""regret"": 177, ""abertura"": 0}","{""interior"": 0, ""fronteira"": 0, ""liberacao"": 0, ""regret"": 0, ""abertura"": 0}",0.7067064001748804,28.616633299854584,0.0,689.0,0.0,
holmberg_p17,holmberg,2.8021015761821366,20,50,hibridopl:rotacao,8227.0,True,-1,1,30.0,29.9645095,0.0,8227.0,8227.0,otimo_publicado,"[[0.08890199998859316, 9022.0], [0.10865669997292571, 8249.000000000004], [0.11827999996603467, 8234.000000000002], [0.12210659997072071, 8227.0], [0.15044739996665157, 8227.0], [0.21346569998422638, 8227.0], [0.34228309997706674, 8227.0], [0.45989679999183863, 8227.0]]",29.9645095,27.546875,0.919316733684561,False,78.0,473.34375,4,,,,,3882eca9dc70b2d799f0,0.4595090000075288,8227.0,684.0,684.0,4.0,"{""interior"": 171, ""fronteira"": 171, ""liberacao"": 171, ""regret"": 171, ""abertura"": 0}","{""interior"": 0, ""fronteira"": 0, ""liberacao"": 0, ""regret"": 0, ""abertura"": 0}",0.7329680998809636,28.603344800358173,0.0,665.0,0.0,
holmberg_p17,holmberg,2.8021015761821366,20,50,hibridopl:rotacao,8227.0,True,-1,2,30.0,29.9932988,0.0,8227.0,8227.0,otimo_publicado,"[[0.07173409999813884, 9022.0], [0.08828099997481331, 8249.000000000004], [0.0986385999713093, 8234.000000000002], [0.10542029998032376, 8227.0], [0.13596009998582304, 8227.0], [0.2259203999710735, 8227.0], [0.3914505999709945, 8227.0], [0.5292814999993425, 8227.0]]",29.9932988,28.78125,0.959589346670997,False,79.2,401.76171875,2,,,,,3882eca9dc70b2d799f0,0.5288961000042036,8227.0,710.0,710.0,4.0,"{""interior"": 178, ""fronteira"": 178, ""liberacao"": 177, ""regret"": 177, ""abertura"": 0}","{""interior"": 0, ""fronteira"": 0, ""liberacao"": 0, ""regret"": 0, ""abertura"": 0}",0.7287506001011934,28.561933200340718,0.0,691.0,0.0,
holmberg_p17,holmberg,2.8021015761821366,20,50,kernel,8227.0,True,-1,0,30.0,0.5414689,0.0,8227.0,8227.0,otimo_publicado,"[[0.12136290001217276, 8657.0], [0.1515376000024844, 8625.000000000002], [0.15188160000252537, 8323.000000000002], [0.240140900015831, 8227.0], [0.33773730002576485, 8227.0]]",0.5414689,0.484375,0.8945573790110568,True,98.6,473.22265625,6,2.0,,0.5,2.0,3882eca9dc70b2d799f0,,,,,,,,,,,,,0.023217900015879422
holmberg_p18,holmberg,2.8021015761821366,20,50,adaptativa:gnn,7125.0,True,0,0,30.0,1.8484113,0.0,7125.0,7125.0,otimo_publicado,"[[0.09348109998973086, 9610.0], [0.1149870999797713, 9433.0], [0.9492622999823652, 9353.0], [0.9904791000008117, 9352.0], [1.144743999990169, 9352.0], [1.5304686999879777, 9352.0], [1.5625784999865573, 9293.0], [1.580262000003131, 8744.000000000002], [1.6108831999881659, 8710.0], [1.6354224999959115, 8665.0], [1.6882099999929778, 8665.0], [1.8233404999773484, 7378.0], [1.8429296999820508, 7125.0]]",1.8484113,1.640625,0.887586545267279,True,83.5,997.54296875,4,4.0,True,1.0,4.0,3882eca9dc70b2d799f0,,,,,,,,,,,,,
holmberg_p18,holmberg,2.8021015761821366,20,50,adaptativa:pl,7125.0,True,-1,0,30.0,0.3972521,0.0,7125.0,7125.0,otimo_publicado,"[[0.08818540003267117, 9140.0], [0.11181810003472492, 8858.999999999998], [0.11946770004578866, 7994.0], [0.1261468000302557, 7938.0], [0.1455617000174243, 7938.0], [0.21987380002974533, 7938.0], [0.2474822000367567, 7888.0], [0.26659410004504025, 7152.0], [0.31086330002290197, 7152.0], [0.39382409999961965, 7125.0]]",0.3972521,0.390625,0.9833176464013658,False,72.3,839.55078125,2,4.0,True,1.0,4.0,3882eca9dc70b2d799f0,,,,,,,,,,,,,
holmberg_p18,holmberg,2.8021015761821366,20,50,completo,7125.0,True,-1,0,30.0,0.1756998,0.0,7125.0,7125.0,otimo_publicado,"[[0.12420590000692755, 9180.0], [0.1566132000007201, 7378.0], [0.17247860002680682, 7125.0]]",0.1756998,0.171875,0.9782310509175309,False,77.5,921.46484375,6,1.0,True,1.0,1.0,3882eca9dc70b2d799f0,,,,,,,,,,,,,
holmberg_p18,holmberg,2.8021015761821366,20,50,hibrido:rotacao,7125.0,True,-1,0,30.0,29.9734865,0.0,7125.0,7125.0,otimo_publicado,"[[0.15543799998704344, 9610.0], [0.18746939999982715, 9433.0], [0.9902095999859739, 9353.0], [1.0176251999801025, 9352.0], [1.1146369999914896, 9352.0], [1.5468728999840096, 9352.0], [1.5781454000098165, 9293.0], [1.5958118999842554, 8744.000000000002], [1.6300206999876536, 8710.0], [1.6570953000045847, 8665.0], [1.7071124000067357, 8665.0], [1.8080568000150379, 7378.0], [1.8187883000064176, 7125.0], [1.821073900006013, 7125.0]]",29.9734865,27.46875,0.9164349299171453,False,75.8,997.54296875,4,,,,,3882eca9dc70b2d799f0,1.820875800010981,7125.0,743.0,743.0,4.0,"{""interior"": 186, ""fronteira"": 186, ""liberacao"": 186, ""regret"": 185, ""abertura"": 0}","{""interior"": 0, ""fronteira"": 0, ""liberacao"": 0, ""regret"": 0, ""abertura"": 0}",0.7596195001970045,27.213335099513642,0.0,724.0,0.0,
holmberg_p18,holmberg,2.8021015761821366,20,50,hibrido:rotacao,7125.0,True,-1,1,30.0,29.9814459,0.0,7125.0,7125.0,otimo_publicado,"[[0.07705319998785853, 9610.0], [0.09340969999902882, 9433.0], [0.8022377000015695, 9353.0], [0.8230626999866217, 9352.0], [0.9082108999718912, 9352.0], [1.2651241999992635, 9352.0], [1.2944043999887072, 9293.0], [1.3121783999959007, 8744.000000000002], [1.3409761999791954, 8710.0], [1.3622111000004224, 8665.0], [1.4216536000021733, 8665.0], [1.4983082999824546, 7378.0], [1.5133616999955848, 7125.0], [1.5157924000232015, 7125.0]]",29.9814459,28.859375,0.9625744901115659,False,77.4,921.46484375,6,,,,,3882eca9dc70b2d799f0,1.5154852000123356,7125.0,746.0,746.0,4.0,"{""interior"": 187, ""fronteira"": 187, ""liberacao"": 186, ""regret"": 186, ""abertura"": 0}","{""interior"": 0, ""fronteira"": 0, ""liberacao"": 0, ""regret"": 0, ""abertura"": 0}",0.8036758997186553,27.488108799996553,0.0,727.0,0.0,
holmberg_p18,holmberg,2.8021015761821366,20,50,hibrido:rotacao,7125.0,True,-1,2,30.0,29.9527028,0.0,7125.0,7125.0,otimo_publicado,"[[0.07784720000927337, 9610.0], [0.09944399999221787, 9433.0], [0.6767459000111558, 9352.0], [0.8136759999906644, 9352.0], [1.130242300016107, 9352.0], [1.160264600010123, 9293.0], [1.179860500007635, 8744.000000000002], [1.211172200011788, 8710.0], [1.2301579000195488, 8665.0], [1.2783329000230879, 8665.0], [1.3463565000274684, 7378.0], [1.3576239000249188, 7125.0], [1.359546500025317, 7125.0]]",29.9527028,28.796875,0.9614115691756538,False,77.3,839.55078125,2,,,,,3882eca9dc70b2d799f0,1.359349900012603,7125.0,763.0,763.0,4.0,"{""interior"": 191, ""fronteira"": 191, ""liberacao"": 191, ""regret"": 190, ""abertura"": 0}","{""interior"": 0, ""fronteira"": 0, ""liberacao"": 0, ""regret"": 0, ""abertura"": 0}",0.7858407998282928,27.631456499540946,0.0,744.0,0.0,
holmberg_p18,holmberg,2.8021015761821366,20,50,hibridopl:rotacao,7125.0,True,-1,0,30.0,30.015482,0.015481999999998663,7125.0,7125.0,otimo_publicado,"[[0.07250820001354441, 9140.0], [0.09557900001527742, 8858.999999999998], [0.10718920000363141, 7994.0], [0.11656870000297204, 7938.0], [0.15309610002441332, 7938.0], [0.24527610003133304, 7938.0], [0.28175090003060177, 7888.0], [0.30547530003241263, 7152.0], [0.48549330001696944, 7152.0], [0.5761915000039153, 7125.0], [0.578745600010734, 7125.0]]",30.015482,28.90625,0.9630446714132394,False,76.2,839.55078125,2,,,,,3882eca9dc70b2d799f0,0.5783572999935132,7125.0,787.0,787.0,4.0,"{""interior"": 197, ""fronteira"": 197, ""liberacao"": 197, ""regret"": 196, ""abertura"": 0}","{""interior"": 0, ""fronteira"": 0, ""liberacao"": 0, ""regret"": 0, ""abertura"": 0}",0.7884034997259732,28.463180900056614,0.0,768.0,0.0,
holmberg_p18,holmberg,2.8021015761821366,20,50,hibridopl:rotacao,7125.0,True,-1,1,30.0,29.9712984,0.0,7125.0,7125.0,otimo_publicado,"[[0.09406519998447038, 9140.0], [0.13113659995724447, 8858.999999999998], [0.14308069998514839, 7994.0], [0.1531369999574963, 7938.0], [0.20245039998553693, 7938.0], [0.3457007999822963, 7938.0], [0.40672989998711273, 7888.0], [0.44125519998488016, 7152.0], [0.5405914999719243, 7152.0], [0.6520028999948408, 7125.0], [0.6575063999916892, 7125.0]]",29.9712984,27.140625,0.9055538614903651,False,77.6,997.54296875,4,,,,,3882eca9dc70b2d799f0,0.6572995999886189,7125.0,750.0,750.0,4.0,"{""interior"": 188, ""fronteira"": 188, ""liberacao"": 187, ""regret"": 187, ""abertura"": 0}","{""interior"": 0, ""fronteira"": 0, ""liberacao"": 0, ""regret"": 0, ""abertura"": 0}",0.7751905996410642,28.35441529957461,0.0,731.0,0.0,
holmberg_p18,holmberg,2.8021015761821366,20,50,hibridopl:rotacao,7125.0,True,-1,2,30.0,29.9576875,0.0,7125.0,7125.0,otimo_publicado,"[[0.06617129998630844, 9140.0], [0.09144990000640973, 8858.999999999998], [0.1006102999963332, 7994.0], [0.11150090000592172, 7938.0], [0.14414509997004643, 7938.0], [0.24145339999813586, 7938.0], [0.27492299998993985, 7888.0], [0.2941504000045825, 7152.0], [0.3504587000061292, 7152.0], [0.44648569999844767, 7125.0], [0.4495885999931488, 7125.0]]",29.9576875,28.8125,0.9617731675717627,False,76.3,921.46484375,6,,,,,3882eca9dc70b2d799f0,0.44924649997847155,7125.0,802.0,802.0,4.0,"{""interior"": 201, ""fronteira"": 201, ""liberacao"": 200, ""regret"": 200, ""abertura"": 0}","{""interior"": 0, ""fronteira"": 0, ""liberacao"": 0, ""regret"": 0, ""abertura"": 0}",0.8044968004978728,28.518511400092393,0.0,783.0,0.0,
holmberg_p18,holmberg,2.8021015761821366,20,50,kernel,7125.0,True,-1,0,30.0,0.3392581,0.0,7125.0,7125.0,otimo_publicado,"[[0.0562047999992501, 7302.0], [0.06878709999728017, 7152.0], [0.12746019999030977, 7152.0], [0.25664599996525794, 7152.0], [0.33660449998569675, 7125.0]]",0.3392581,0.3125,0.9211276016696432,False,76.4,839.55078125,2,3.0,,0.5,3.0,3882eca9dc70b2d799f0,,,,,,,,,,,,,0.015249799995217472
holmberg_p19,holmberg,2.8021015761821366,20,50,adaptativa:gnn,8886.0,True,0,0,30.0,16.689884,0.0,8886.0,8886.0,otimo_publicado,"[[0.08475329997600056, 11410.0], [1.870358699990902, 10952.0], [4.96624039998278, 10952.0], [10.076282800000627, 10952.0], [10.144742499978747, 10735.0], [12.742578399978811, 10576.0], [12.840172600001097, 10330.0], [15.275198300019838, 10330.0], [15.411105800012592, 10109.000000000007], [15.412204699998256, 9609.000000000007], [15.482439100014744, 9364.000000000004], [15.727199500019196, 9232.999999999998], [16.587631000002148, 8886.0]]",16.689884,16.109375,0.9652179128386992,False,77.9,921.46484375,6,4.0,True,1.0,4.0,3882eca9dc70b2d799f0,,,,,,,,,,,,,
holmberg_p19,holmberg,2.8021015761821366,20,50,adaptativa:pl,8886.0,True,-1,0,30.0,0.737128,0.0,8886.0,8886.0,otimo_publicado,"[[0.07238049997249618, 9602.0], [0.09905169997364283, 9531.0], [0.12317629999597557, 9000.0], [0.13898199997493066, 8934.0], [0.18212299997685477, 8934.0], [0.2710252999677323, 8934.0], [0.3884741999791004, 8913.0], [0.4598786999704316, 8913.0], [0.7340264999656938, 8886.0]]",0.737128,0.65625,0.8902795715262478,True,83.2,921.46484375,6,4.0,True,1.0,4.0,3882eca9dc70b2d799f0,,,,,,,,,,,,,
holmberg_p19,holmberg,2.8021015761821366,20,50,completo,8886.0,True,-1,0,30.0,1.4558798,0.0,8886.0,8886.0,otimo_publicado,"[[0.0974337000225205, 13180.0], [0.12813480000477284, 10109.000000000007], [0.12845860002562404, 9609.000000000007], [0.17044220000389032, 9364.000000000004], [0.35274650002247654, 9232.999999999998], [1.2771914000040852, 8886.0]]",1.4558798,1.40625,0.9659107846678002,False,69.0,997.54296875,4,1.0,True,1.0,1.0,3882eca9dc70b2d799f0,,,,,,,,,,,,,
holmberg_p19,holmberg,2.8021015761821366,20,50,hibrido:rotacao,8886.0,True,-1,0,30.0,29.9513076,0.0,8886.0,8886.0,otimo_publicado,"[[0.06985379997058772, 11410.0], [1.9447798999608494, 10952.0], [3.8368234999652486, 10952.0], [6.822177799971541, 10952.0], [6.913327899965225, 10735.0], [8.905721899995115, 10735.0], [9.021846099989489, 10109.000000000007], [9.022268700005952, 9609.000000000007], [9.070361099991715, 9364.000000000004], [9.27152290000231, 9232.999999999998], [10.279010600002948, 8886.0], [10.3710891000228, 8886.0]]",29.9513076,27.09375,0.9045932271751634,False,75.6,997.54296875,4,,,,,3882eca9dc70b2d799f0,10.370899600005941,8886.0,468.0,468.0,4.0,"{""interior"": 117, ""fronteira"": 117, ""liberacao"": 117, ""regret"": 117, ""abertura"": 0}","{""interior"": 0, ""fronteira"": 0, ""liberacao"": 0, ""regret"": 0, ""abertura"": 0}",0.47687680064700544,18.994438300462207,0.0,449.0,0.0,
holmberg_p19,holmberg,2.8021015761821366,20,50,hibrido:rotacao,8886.0,True,-1,1,30.0,29.9516572,0.0,8886.0,8886.0,otimo_publicado,"[[0.07499760002247058, 11410.0], [1.7598631000437308, 11042.0], [1.8258355000289157, 10971.0], [1.8451489000290167, 10962.0], [2.751707700022962, 10952.0], [3.915905500005465, 10952.0], [6.016091800032882, 10952.0], [6.097903800022323, 10735.0], [8.660154100012733, 10576.0], [8.753718100022525, 10330.0], [9.023536399996374, 10330.0], [9.11916190001648, 10109.000000000007], [9.119611400004942, 9609.000000000007], [9.187359300005483, 9364.000000000004], [9.47542319999775, 9249.999999999998], [9.477813000004971, 9232.999999999998], [10.386871900002006, 8886.0], [10.491953000018839, 8886.0]]",29.9516572,28.875,0.9640535015204434,False,75.9,948.16796875,2,,,,,3882eca9dc70b2d799f0,10.491728599998169,8886.0,474.0,474.0,4.0,"{""interior"": 119, ""fronteira"": 119, ""liberacao"": 118, ""regret"": 118, ""abertura"": 0}","{""interior"": 0, ""fronteira"": 0, ""liberacao"": 0, ""regret"": 0, ""abertura"": 0}",0.4820541997323744,18.863741000386653,0.0,455.0,0.0,
holmberg_p19,holmberg,2.8021015761821366,20,50,hibrido:rotacao,8886.0,True,-1,2,30.0,29.9684877,0.0,8886.0,8886.0,otimo_publicado,"[[0.06474770003114827, 11410.0], [2.0010463000216987, 10952.0], [3.3397017000243068, 10952.0], [5.585136400011834, 10952.0], [5.636645100021269, 10735.0], [8.380443600006402, 10735.0], [8.514652899990324, 10109.000000000007], [8.515571800002363, 9609.000000000007], [8.577895499998704, 9364.000000000004], [8.850294100004248, 9232.999999999998], [9.666313199995784, 8886.0], [9.81425280001713, 8886.0]]",29.9684877,28.921875,0.9650762257182567,False,75.7,921.46484375,6,,,,,3882eca9dc70b2d799f0,9.814050100016175,8886.0,506.0,506.0,4.0,"{""interior"": 127, ""fronteira"": 127, ""liberacao"": 126, ""regret"": 126, ""abertura"": 0}","{""interior"": 0, ""fronteira"": 0, ""liberacao"": 0, ""regret"": 0, ""abertura"": 0}",0.5017118997348007,19.5298014000291,0.0,487.0,0.0,
holmberg_p19,holmberg,2.8021015761821366,20,50,hibridopl:rotacao,8886.0,True,-1,0,30.0,29.9882046,0.0,8886.0,8886.0,otimo_publicado,"[[0.057034900004509836, 9602.0], [0.06843499999376945, 9531.0], [0.08066649999818765, 9000.0], [0.09307170001557097, 8934.0], [0.11981300002662465, 8934.0], [0.19593999997596256, 8934.0], [0.3372394999896642, 8913.0], [0.41798949998337775, 8913.0], [0.6615456999861635, 8886.0], [0.6645072000101209, 8886.0]]",29.9882046,28.734375,0.9581892408457158,False,77.2,948.16796875,2,,,,,3882eca9dc70b2d799f0,0.6641323000076227,8886.0,710.0,710.0,4.0,"{""interior"": 178, ""fronteira"": 178, ""liberacao"": 177, ""regret"": 177, ""abertura"": 0}","{""interior"": 0, ""fronteira"": 0, ""liberacao"": 0, ""regret"": 0, ""abertura"": 0}",0.7245911004429217,28.43430559983244,0.0,691.0,0.0,
holmberg_p19,holmberg,2.8021015761821366,20,50,hibridopl:rotacao,8886.0,True,-1,1,30.0,29.9585982,0.0,8886.0,8886.0,otimo_publicado,"[[0.053583100001560524, 9602.0], [0.06438850000267848, 9531.0], [0.07447419999516569, 9000.0], [0.08670939999865368, 8934.0], [0.10903180000605062, 8934.0], [0.1763727000216022, 8934.0], [0.3120616000087466, 8913.0], [0.3885823999880813, 8913.0], [0.6859244999941438, 8886.0], [0.6894723000004888, 8886.0]]",29.9585982,27.40625,0.9148041512836872,False,77.4,997.54296875,4,,,,,3882eca9dc70b2d799f0,0.6890817999956198,8886.0,677.0,677.0,4.0,"{""interior"": 170, ""fronteira"": 169, ""liberacao"": 169, ""regret"": 169, ""abertura"": 0}","{""interior"": 0, ""fronteira"": 0, ""liberacao"": 0, ""regret"": 0, ""abertura"": 0}",0.7223972997162491,28.37219529954018,0.0,658.0,0.0,
holmberg_p19,holmberg,2.8021015761821366,20,50,hibridopl:rotacao,8886.0,True,-1,2,30.0,29.9518114,0.0,8886.0,8886.0,otimo_publicado,"[[0.06888410000829026, 9602.0], [0.09107870000298135, 9531.0], [0.10904810001375154, 9000.0], [0.1269865999929607, 8934.0], [0.17033540000556968, 8934.0], [0.25132290000328794, 8934.0], [0.383492799999658, 8913.0], [0.4669974999851547, 8913.0], [0.7641600999922957, 8886.0], [0.7678544000082184, 8886.0]]",29.9518114,28.734375,0.9593534967304181,False,75.8,921.46484375,6,,,,,3882eca9dc70b2d799f0,0.7674332000024151,8886.0,733.0,733.0,4.0,"{""interior"": 184, ""fronteira"": 183, ""liberacao"": 183, ""regret"": 183, ""abertura"": 0}","{""interior"": 0, ""fronteira"": 0, ""liberacao"": 0, ""regret"": 0, ""abertura"": 0}",0.7311692996008787,28.282727499317843,0.0,714.0,0.0,
holmberg_p19,holmberg,2.8021015761821366,20,50,kernel,8886.0,True,-1,0,30.0,0.5749629,0.0,8886.0,8886.0,otimo_publicado,"[[0.06595350004499778, 9233.0], [0.10272940003778785, 9092.999999999995], [0.1627573000441771, 8913.0], [0.20530020003207028, 8913.0], [0.4461631000158377, 8886.0], [0.47829840003396384, 8886.0]]",0.5749629,0.546875,0.9511483262659208,False,72.6,921.46484375,6,3.0,,0.5,3.0,3882eca9dc70b2d799f0,,,,,,,,,,,,,0.016117400024086237
holmberg_p2,holmberg,1.7396978021978022,10,50,adaptativa:gnn,7913.0,True,0,0,30.0,0.9900555,0.0,7913.0,7913.0,otimo_publicado,"[[0.053162199998041615, 14999.0], [0.06879279998247512, 13927.0], [0.2201346999790985, 13729.999999999998], [0.3881081999861635, 13588.0], [0.4872841999749653, 13588.0], [0.6847796999791171, 13588.0], [0.9173874999687541, 13588.0], [0.9425757999706548, 8126.0], [0.9645295999653172, 7955.0], [0.9790357999736443, 7938.999999999999], [0.9879206999612506, 7913.0]]",0.9900555,0.96875,0.9784804993255428,False,67.5,921.46484375,6,4.0,True,1.0,4.0,3882eca9dc70b2d799f0,,,,,,,,,,,,,
holmberg_p2,holmberg,1.7396978021978022,10,50,adaptativa:pl,7913.0,True,-1,0,30.0,0.5160148,0.0,7913.0,7913.0,otimo_publicado,"[[0.050597600027685985, 8461.0], [0.06828310003038496, 7913.999999999999], [0.10901120002381504, 7914.0], [0.23010950002935715, 7914.0], [0.3763570000301115, 7914.0], [0.49364200004492886, 7913.0]]",0.5160148,0.4375,0.8478438990509575,True,90.6,997.54296875,4,4.0,True,1.0,4.0,3882eca9dc70b2d799f0,,,,,,,,,,,,,
holmberg_p2,holmberg,1.7396978021978022,10,50,completo,7913.0,True,-1,0,30.0,0.1687364,0.0,7913.0,7913.0,otimo_publicado,"[[0.09161039997707121, 8126.0], [0.12993199998163618, 7955.0], [0.15025059998151846, 7938.999999999999], [0.16587019999860786, 7913.0]]",0.1687364,0.171875,1.0186006101825096,False,91.0,997.54296875,4,1.0,True,1.0,1.0,3882eca9dc70b2d799f0,,,,,,,,,,,,,
holmberg_p2,holmberg,1.7396978021978022,10,50,hibrido:rotacao,7913.0,True,-1,0,30.0,29.9733911,0.0,7913.0,7913.0,otimo_publicado,"[[0.04851990001043305, 14999.0], [0.0641782000020612, 13927.0], [0.2339192999934312, 13729.999999999998], [0.38185689999954775, 13588.0], [0.4614348999748472, 13588.0], [0.6341909000184387, 13588.0], [0.8688453000213485, 13588.0], [0.8903984000207856, 8126.0], [0.9109600000083447, 7955.0], [0.9267001000116579, 7938.999999999999], [0.9365973000240047, 7913.0], [0.9381447000196204, 7913.0]]",29.9733911,28.9375,0.9654396428971295,False,77.0,839.55078125,2,,,,,3882eca9dc70b2d799f0,0.9379569000157062,7913.0,804.0,804.0,4.0,"{""interior"": 201, ""fronteira"": 201, ""liberacao"": 201, ""regret"": 201, ""abertura"": 0}","{""interior"": 0, ""fronteira"": 0, ""liberacao"": 0, ""regret"": 0, ""abertura"": 0}",0.8475011998962145,28.00038320029853,0.0,785.0,0.0,
holmberg_p2,holmberg,1.7396978021978022,10,50,hibrido:rotacao,7913.0,True,-1,1,30.0,29.9585936,0.0,7913.0,7913.0,otimo_publicado,"[[0.045399899972835556, 14999.0], [0.06259099996532314, 13927.0], [0.23873669997556135, 13729.999999999998], [0.4041910999803804, 13588.0], [0.4973141999798827, 13588.0], [0.6922480999783147, 13588.0], [0.9148909999930765, 13588.0], [0.9434526999830268, 8126.0], [0.9663003999739885, 7955.0], [0.996693499997491, 7913.0], [0.998117800016189, 7913.0]]",29.9585936,28.265625,0.9434897170873869,False,84.6,839.55078125,2,,,,,3882eca9dc70b2d799f0,0.9979288000031374,7913.0,749.0,749.0,4.0,"{""interior"": 188, ""fronteira"": 187, ""liberacao"": 187, ""regret"": 187, ""abertura"": 0}","{""interior"": 0, ""fronteira"": 0, ""liberacao"": 0, ""regret"": 0, ""abertura"": 0}",0.8505148999975063,27.923194000235526,0.0,730.0,0.0,
holmberg_p2,holmberg,1.7396978021978022,10,50,hibrido:rotacao,7913.0,True,-1,2,30.0,29.9531287,0.0,7913.0,7913.0,otimo_publicado,"[[0.054747399990446866, 14999.0], [0.06918409999343567, 13927.0], [0.2526167999894824, 13729.999999999998], [0.4841665999847464, 13588.0], [0.6109059999580495, 13588.0], [0.8616095999896061, 13588.0], [1.1645714000042062, 13588.0], [1.2044190000160597, 8126.0], [1.2518863000150304, 7955.0], [1.304009000014048, 7913.0], [1.3058695000072476, 7913.0]]",29.9531287,27.296875,0.9113196579027152,False,78.3,997.54296875,4,,,,,3882eca9dc70b2d799f0,1.3056199999991804,7913.0,799.0,799.0,4.0,"{""interior"": 200, ""fronteira"": 200, ""liberacao"": 200, ""regret"": 199, ""abertura"": 0}","{""interior"": 0, ""fronteira"": 0, ""liberacao"": 0, ""regret"": 0, ""abertura"": 0}",0.8448149999894667,27.599325500021223,0.0,780.0,0.0,
holmberg_p2,holmberg,1.7396978021978022,10,50,hibridopl:rotacao,7913.0,True,-1,0,30.0,29.9780764,0.0,7913.0,7913.0,otimo_publicado,"[[0.04405669998959638, 8461.0], [0.05938550000428222, 7913.999999999999], [0.09340650000376627, 7914.0], [0.15376749998540618, 7914.0], [0.23489980000886135, 7914.0], [0.2940365000104066, 7913.0], [0.3047849999857135, 7913.0]]",29.9780764,28.375,0.946525041213118,False,84.1,921.46484375,6,,,,,3882eca9dc70b2d799f0,0.304526399995666,7913.0,754.0,754.0,4.0,"{""interior"": 189, ""fronteira"": 189, ""liberacao"": 188, ""regret"": 188, ""abertura"": 0}","{""interior"": 0, ""fronteira"": 0, ""liberacao"": 0, ""regret"": 0, ""abertura"": 0}",0.8462254001642577,28.63689660007367,0.0,735.0,0.0,
holmberg_p2,holmberg,1.7396978021978022,10,50,hibridopl:rotacao,7913.0,True,-1,1,30.0,29.9704495,0.0,7913.0,7913.0,otimo_publicado,"[[0.047729200014146045, 8461.0], [0.060834100033389404, 7913.999999999999], [0.10045400002854876, 7914.0], [0.16445890002069063, 7914.0], [0.2285361000103876, 7914.0], [0.2975810000207275, 7913.0], [0.30840260002878495, 7913.0]]",29.9704495,28.96875,0.9665770945477478,False,76.9,921.46484375,6,,,,,3882eca9dc70b2d799f0,0.3081907000159845,7913.0,843.0,843.0,4.0,"{""interior"": 211, ""fronteira"": 211, ""liberacao"": 211, ""regret"": 210, ""abertura"": 0}","{""interior"": 0, ""fronteira"": 0, ""liberacao"": 0, ""regret"": 0, ""abertura"": 0}",0.8746333005838096,28.588710100681055,0.0,824.0,0.0,
holmberg_p2,holmberg,1.7396978021978022,10,50,hibridopl:rotacao,7913.0,True,-1,2,30.0,30.0084499,0.008449899999998678,7913.0,7913.0,otimo_publicado,"[[0.06462660001125187, 8461.0], [0.08182170000509359, 7913.999999999999], [0.12306740003987215, 7914.0], [0.20954040001379326, 7914.0], [0.2872939000080805, 7914.0], [0.35117710000486113, 7913.0], [0.3584057000116445, 7913.0]]",30.0084499,27.609375,0.9200533547052692,False,77.4,997.54296875,4,,,,,3882eca9dc70b2d799f0,0.35819210001500323,7913.0,833.0,833.0,4.0,"{""interior"": 209, ""fronteira"": 208, ""liberacao"": 208, ""regret"": 208, ""abertura"": 0}","{""interior"": 0, ""fronteira"": 0, ""liberacao"": 0, ""regret"": 0, ""abertura"": 0}",0.9337367999542039,28.51380779957981,0.0,814.0,0.0,
holmberg_p2,holmberg,1.7396978021978022,10,50,kernel,7913.0,True,-1,0,30.0,0.3220757,0.0,7913.0,7913.0,otimo_publicado,"[[0.0864030999946408, 8341.0], [0.12738340001669712, 8162.0], [0.14159310000832193, 8020.000000000001], [0.14726339999469928, 7964.0], [0.15662789999623783, 7913.0], [0.19302000000607222, 7913.0]]",0.3220757,0.296875,0.9217553513040567,False,92.5,921.46484375,6,2.0,,0.8,2.0,3882eca9dc70b2d799f0,,,,,,,,,,,,,0.015286699985153973
holmberg_p20,holmberg,2.8021015761821366,20,50,adaptativa:gnn,10486.0,True,0,0,30.0,16.9241954,0.0,10486.0,10486.0,otimo_publicado,"[[0.06919930002186447, 13210.0], [0.5522812000417616, 13046.999999999996], [0.6094901000324171, 12792.0], [0.997713200020371, 12773.0], [1.2792786000354681, 12552.0], [1.4696771000162698, 12552.0], [5.4841045000066515, 12552.0], [10.196591500018258, 12178.0], [11.323726100003114, 12178.0], [11.532352400012314, 11960.000000000004], [12.636252199998125, 11725.000000000007], [16.604468900011852, 10486.0]]",16.9241954,15.5625,0.9195414985577394,False,77.4,997.54296875,4,4.0,True,1.0,4.0,3882eca9dc70b2d799f0,,,,,,,,,,,,,
holmberg_p20,holmberg,2.8021015761821366,20,50,adaptativa:pl,10486.0,True,-1,0,30.0,1.740408,0.0,10486.0,10486.0,otimo_publicado,"[[0.07566450003650971, 10789.0], [0.09003330004634336, 10678.999999999996], [0.12675000002491288, 10513.999999999998], [0.17186810000566766, 10514.0], [0.295173300022725, 10514.0], [0.6020086000207812, 10514.0], [1.624602199997753, 10487.0], [1.6704575000039767, 10486.0]]",1.740408,1.65625,0.9516446718240781,False,85.1,921.46484375,6,4.0,True,1.0,4.0,3882eca9dc70b2d799f0,,,,,,,,,,,,,
holmberg_p20,holmberg,2.8021015761821366,20,50,completo,10486.0,True,-1,0,30.0,5.1763467,0.0,10486.0,10486.0,otimo_publicado,"[[0.1001172999967821, 17180.0], [0.15196560000185855, 12818.0], [0.25220289998105727, 11960.000000000004], [1.084439600002952, 11725.000000000007], [4.793387299985625, 10486.0]]",5.1763467,5.015625,0.9689507466723587,False,74.9,921.46484375,6,1.0,True,1.0,1.0,3882eca9dc70b2d799f0,,,,,,,,,,,,,
holmberg_p20,holmberg,2.8021015761821366,20,50,hibrido:rotacao,10486.0,True,-1,0,30.0,29.9787679,0.0,10486.0,10486.0,otimo_publicado,"[[0.09265479998430237, 13210.0], [0.5572658999881241, 13046.999999999996], [0.6016460999962874, 12792.0], [0.935969699989073, 12773.0], [1.2482797999982722, 12552.0], [1.453608300013002, 12552.0], [4.729737999994541, 12552.0], [6.930425699974876, 12552.0], [7.216815099993255, 11960.000000000004], [8.135922999994364, 11725.000000000007], [11.922053199989023, 10486.0], [12.280293599964352, 10486.0]]",29.9787679,29.09375,0.9704785098923295,False,76.6,921.46484375,6,,,,,3882eca9dc70b2d799f0,12.279928399977507,10486.0,425.0,425.0,4.0,"{""interior"": 107, ""fronteira"": 106, ""liberacao"": 106, ""regret"": 106, ""abertura"": 0}","{""interior"": 0, ""fronteira"": 0, ""liberacao"": 0, ""regret"": 0, ""abertura"": 0}",0.4365852002520114,17.153835100034485,0.0,406.0,0.0,
holmberg_p20,holmberg,2.8021015761821366,20,50,hibrido:rotacao,10486.0,True,-1,1,30.0,29.9642164,0.0,10486.0,10486.0,otimo_publicado,"[[0.07883719998062588, 13210.0], [0.5556074999913108, 13046.999999999996], [0.5988901999953669, 12792.0], [0.9499122999841347, 12773.0], [1.2070296999881975, 12764.0], [1.2127042999782134, 12635.0], [1.2795754999679048, 12606.0], [2.98457969998708, 12552.0], [3.300225799990585, 12552.0], [6.247556799964514, 12552.0], [9.338288799975999, 12552.0], [9.590269999986049, 11960.000000000004], [10.416451199969742, 11725.000000000007], [14.079578899982153, 10486.0], [14.42201209999621, 10486.0]]",29.9642164,27.15625,0.9062893431780181,False,78.5,997.54296875,4,,,,,3882eca9dc70b2d799f0,14.42179429999669,10486.0,373.0,373.0,4.0,"{""interior"": 94, ""fronteira"": 93, ""liberacao"": 93, ""regret"": 93, ""abertura"": 0}","{""interior"": 0, ""fronteira"": 0, ""liberacao"": 0, ""regret"": 0, ""abertura"": 0}",0.3901888999971561,15.055997900431976,0.0,354.0,0.0,
holmberg_p20,holmberg,2.8021015761821366,20,50,hibrido:rotacao,10486.0,True,-1,2,30.0,29.9684122,0.0,10486.0,10486.0,otimo_publicado,"[[0.10685790001298301, 13210.0], [0.6256514000124298, 13046.999999999996], [0.7076621000014711, 12792.0], [1.1977732999948785, 12710.0], [1.5497406999929808, 12552.0], [2.9274940000032075, 12552.0], [5.246606400003657, 12552.0], [8.313640300009865, 12552.0], [8.620859500020742, 11960.000000000004], [9.56269500000053, 11725.000000000007], [12.799376200011466, 10513.0], [12.889005700009875, 10486.0], [13.621778900007484, 10486.0]]",29.9684122,28.71875,0.9583006870147095,False,77.8,948.16796875,2,,,,,3882eca9dc70b2d799f0,13.621361199999228,10486.0,396.0,396.0,4.0,"{""interior"": 99, ""fronteira"": 99, ""liberacao"": 99, ""regret"": 99, ""abertura"": 0}","{""interior"": 0, ""fronteira"": 0, ""liberacao"": 0, ""regret"": 0, ""abertura"": 0}",0.39376320055453107,15.851448200002778,0.0,377.0,0.0,
holmberg_p20,holmberg,2.8021015761821366,20,50,hibridopl:rotacao,10486.0,True,-1,0,30.0,29.9580704,0.0,10486.0,10486.0,otimo_publicado,"[[0.06098880001809448, 10789.0], [0.07398490002378821, 10678.999999999996], [0.10832930004107766, 10513.999999999998], [0.1360553000413347, 10514.0], [0.2451465000049211, 10514.0], [0.4949481000076048, 10514.0], [1.4732332000276074, 10487.0], [1.5009632000292186, 10486.0], [1.5539435000100639, 10486.0]]",29.9580704,28.640625,0.9560236896966502,False,77.3,948.16796875,2,,,,,3882eca9dc70b2d799f0,1.553684400016209,10486.0,672.0,672.0,4.0,"{""interior"": 168, ""fronteira"": 168, ""liberacao"": 168, ""regret"": 168, ""abertura"": 0}","{""interior"": 0, ""fronteira"": 0, ""liberacao"": 0, ""regret"": 0, ""abertura"": 0}",0.6808695998915937,27.568847999849822,0.0,653.0,0.0,
holmberg_p20,holmberg,2.8021015761821366,20,50,hibridopl:rotacao,10486.0,True,-1,1,30.0,29.9581631,0.0,10486.0,10486.0,otimo_publicado,"[[0.05832449998706579, 10789.0], [0.07022569997934625, 10678.999999999996], [0.10979069996392354, 10513.999999999998], [0.14437649998581037, 10514.0], [0.27593019997584634, 10514.0], [0.6280916999967303, 10514.0], [1.6662773999851197, 10486.0], [1.7729620000172872, 10486.0]]",29.9581631,28.546875,0.9528913673615723,False,78.2,921.46484375,6,,,,,3882eca9dc70b2d799f0,1.7727573000011034,10486.0,664.0,664.0,4.0,"{""interior"": 166, ""fronteira"": 166, ""liberacao"": 166, ""regret"": 166, ""abertura"": 0}","{""interior"": 0, ""fronteira"": 0, ""liberacao"": 0, ""regret"": 0, ""abertura"": 0}",0.6913210001366679,27.33602479970432,0.0,645.0,0.0,
holmberg_p20,holmberg,2.8021015761821366,20,50,hibridopl:rotacao,10486.0,True,-1,2,30.0,29.9673715,0.0,10486.0,10486.0,otimo_publicado,"[[0.0586716000107117, 10789.0], [0.07772659999318421, 10678.999999999996], [0.11424880000413395, 10513.999999999998], [0.14366560004418716, 10514.0], [0.24150740000186488, 10514.0], [0.4441470000310801, 10514.0], [1.2598766000301111, 10513.0], [1.2673492000321858, 10487.0], [1.2993921000452247, 10486.0], [1.4376158000377472, 10486.0]]",29.9673715,27.765625,0.9265285412169032,False,76.5,997.54296875,4,,,,,3882eca9dc70b2d799f0,1.437204300018493,10486.0,680.0,680.0,4.0,"{""interior"": 170, ""fronteira"": 170, ""liberacao"": 170, ""regret"": 170, ""abertura"": 0}","{""interior"": 0, ""fronteira"": 0, ""liberacao"": 0, ""regret"": 0, ""abertura"": 0}",0.7024331006978173,27.653345500148134,0.0,661.0,0.0,
holmberg_p20,holmberg,2.8021015761821366,20,50,kernel,10486.0,True,-1,0,30.0,1.8494749,0.0,10486.0,10486.0,otimo_publicado,"[[0.07046160000027157, 11247.0], [0.08509499998763204, 11080.0], [0.4888024999818299, 10514.0], [0.700415500003146, 10514.0], [1.4127370000060182, 10513.0], [1.4675352000049315, 10513.0], [1.8469328000210226, 10486.0]]",1.8494749,1.734375,0.9377661735230902,False,84.1,921.46484375,6,3.0,,0.55,3.0,3882eca9dc70b2d799f0,,,,,,,,,,,,,0.020721200009575114
holmberg_p21,holmberg,3.502626970227671,20,50,adaptativa:gnn,8068.0,True,0,0,30.0,0.4122142,0.0,8068.0,8068.0,otimo_publicado,"[[0.07418560000951402, 10458.0], [0.0901259999955073, 10413.999999999998], [0.09892019999097101, 10328.999999999998], [0.10535199998412281, 10216.0], [0.13174280000384897, 10216.0], [0.17560680001042783, 9809.999999999996], [0.19229909998830408, 9670.0], [0.22595920000458136, 9670.0], [0.28251769999042153, 9236.0], [0.33056860000942834, 9236.0], [0.4029305000149179, 8068.0]]",0.4122142,0.375,0.9097212080515421,False,63.0,427.55859375,2,4.0,True,1.0,4.0,3882eca9dc70b2d799f0,,,,,,,,,,,,,
holmberg_p21,holmberg,3.502626970227671,20,50,adaptativa:pl,8068.0,True,-1,0,30.0,0.412234,0.0,8068.0,8068.0,otimo_publicado,"[[0.08728749997681007, 8168.0], [0.10025679998216219, 8068.0], [0.13426589997834526, 8068.0], [0.20443039998644963, 8068.0], [0.3065921999805141, 8068.0]]",0.412234,0.40625,0.9854839726951198,False,65.6,401.76171875,2,4.0,True,1.0,4.0,3882eca9dc70b2d799f0,,,,,,,,,,,,,
holmberg_p21,holmberg,3.502626970227671,20,50,completo,8068.0,True,-1,0,30.0,0.2708533,0.0,8068.0,8068.0,otimo_publicado,"[[0.1993038000073284, 12032.0], [0.26044509999337606, 8068.0]]",0.2708533,0.21875,0.8076327665197359,True,99.3,569.62109375,4,1.0,True,1.0,1.0,3882eca9dc70b2d799f0,,,,,,,,,,,,,
holmberg_p21,holmberg,3.502626970227671,20,50,hibrido:rotacao,8068.0,True,-1,0,30.0,29.9511669,0.0,8068.0,8068.0,otimo_publicado,"[[0.06549979996634647, 10458.0], [0.08386099996278062, 10413.999999999998], [0.08962759995483793, 10328.999999999998], [0.09594509995076805, 10216.0], [0.12013559995102696, 10216.0], [0.16225279995705932, 9809.999999999996], [0.18254059995524585, 9670.0], [0.21095439998316579, 9670.0], [0.26961899996967986, 9236.0], [0.3219771999574732, 9236.0], [0.4118992999428883, 8068.0], [0.42081379998126067, 8068.0]]",29.9511669,28.765625,0.9604175054695449,False,81.5,427.55859375,2,,,,,3882eca9dc70b2d799f0,0.42040229999111034,8068.0,700.0,700.0,4.0,"{""interior"": 175, ""fronteira"": 175, ""liberacao"": 175, ""regret"": 175, ""abertura"": 0}","{""interior"": 0, ""fronteira"": 0, ""liberacao"": 0, ""regret"": 0, ""abertura"": 0}",0.7629624000401236,28.59483979997458,0.0,681.0,0.0,
holmberg_p21,holmberg,3.502626970227671,20,50,hibrido:rotacao,8068.0,True,-1,1,30.0,29.9760141,0.0,8068.0,8068.0,otimo_publicado,"[[0.09414209998794831, 10458.0], [0.10933060001116246, 10413.999999999998], [0.11509700000169687, 10328.999999999998], [0.12151550000999123, 10216.0], [0.14385480000055395, 10216.0], [0.18956540001090616, 9809.999999999996], [0.20499030000064522, 9670.0], [0.27922870000475086, 9670.0], [0.3697329999995418, 9236.0], [0.40788879999308847, 9236.0], [0.49290539999492466, 8068.0], [0.5025371000228915, 8068.0]]",29.9760141,28.484375,0.950238911183325,False,81.9,502.921875,6,,,,,3882eca9dc70b2d799f0,0.5021606000082102,8068.0,691.0,691.0,4.0,"{""interior"": 173, ""fronteira"": 173, ""liberacao"": 173, ""regret"": 172, ""abertura"": 0}","{""interior"": 0, ""fronteira"": 0, ""liberacao"": 0, ""regret"": 0, ""abertura"": 0}",0.7512052997772116,28.546083400171483,0.0,672.0,0.0,
holmberg_p21,holmberg,3.502626970227671,20,50,hibrido:rotacao,8068.0,True,-1,2,30.0,29.9503335,0.0,8068.0,8068.0,otimo_publicado,"[[0.07469660000060685, 10458.0], [0.08978199999546632, 10413.999999999998], [0.09633910001139157, 10215.999999999998], [0.1298724999942351, 10216.0], [0.16689109997241758, 9809.999999999996], [0.1815735999844037, 9670.0], [0.215187199995853, 9670.0], [0.28704579998156987, 9236.0], [0.342334299988579, 9236.0], [0.4363002000027336, 8068.0], [0.44786969997221604, 8068.0]]",29.9503335,28.78125,0.9609659271406777,False,77.9,427.55859375,2,,,,,3882eca9dc70b2d799f0,0.4475091999920551,8068.0,762.0,762.0,4.0,"{""interior"": 191, ""fronteira"": 191, ""liberacao"": 190, ""regret"": 190, ""abertura"": 0}","{""interior"": 0, ""fronteira"": 0, ""liberacao"": 0, ""regret"": 0, ""abertura"": 0}",0.7732815999479499,28.551104399288306,0.0,743.0,0.0,
holmberg_p21,holmberg,3.502626970227671,20,50,hibridopl:rotacao,8068.0,True,-1,0,30.0,29.9590961,0.0,8068.0,8068.0,otimo_publicado,"[[0.07527999999001622, 8168.0], [0.09044269999139942, 8068.0], [0.11897169999429025, 8068.0], [0.20676989998901263, 8068.0], [0.40253459999803454, 8068.0], [0.5806174999743234, 8068.0]]",29.9590961,27.15625,0.9064442368139405,False,81.5,569.62109375,4,,,,,3882eca9dc70b2d799f0,0.5802912999934051,8068.0,668.0,668.0,4.0,"{""interior"": 167, ""fronteira"": 167, ""liberacao"": 167, ""regret"": 167, ""abertura"": 0}","{""interior"": 0, ""fronteira"": 0, ""liberacao"": 0, ""regret"": 0, ""abertura"": 0}",0.7635088006209116,28.44076239989954,0.0,649.0,0.0,
holmberg_p21,holmberg,3.502626970227671,20,50,hibridopl:rotacao,8068.0,True,-1,1,30.0,29.975111,0.0,8068.0,8068.0,otimo_publicado,"[[0.08365320001030341, 8168.0], [0.10675030000857078, 8068.0], [0.15221070000552572, 8068.0], [0.2822695999930147, 8068.0], [0.41269039997132495, 8068.0], [0.4998038999910932, 8068.0]]",29.975111,28.9375,0.9653842482851857,False,77.2,502.921875,6,,,,,3882eca9dc70b2d799f0,0.4994908999942709,8068.0,746.0,746.0,4.0,"{""interior"": 187, ""fronteira"": 187, ""liberacao"": 186, ""regret"": 186, ""abertura"": 0}","{""interior"": 0, ""fronteira"": 0, ""liberacao"": 0, ""regret"": 0, ""abertura"": 0}",0.7760435993841384,28.518627699580975,0.0,727.0,0.0,
holmberg_p21,holmberg,3.502626970227671,20,50,hibridopl:rotacao,8068.0,True,-1,2,30.0,29.9530543,0.0,8068.0,8068.0,otimo_publicado,"[[0.05605380001361482, 8168.0], [0.07134510000469163, 8068.0], [0.09785989997908473, 8068.0], [0.164782700012438, 8068.0], [0.27285979996668175, 8068.0], [0.39005899999756366, 8068.0]]",29.9530543,27.9375,0.9327095567679721,False,76.9,569.62109375,4,,,,,3882eca9dc70b2d799f0,0.3898129000153858,8068.0,737.0,737.0,4.0,"{""interior"": 185, ""fronteira"": 184, ""liberacao"": 184, ""regret"": 184, ""abertura"": 0}","{""interior"": 0, ""fronteira"": 0, ""liberacao"": 0, ""regret"": 0, ""abertura"": 0}",0.7916034001682419,28.587883800209966,0.0,718.0,0.0,
holmberg_p21,holmberg,3.502626970227671,20,50,kernel,8068.0,True,-1,0,30.0,0.2935542,0.0,8068.0,8068.0,otimo_publicado,"[[0.05794859997695312, 8168.0], [0.07173779996810481, 8068.0], [0.11068779998458922, 8068.0], [0.23020310001447797, 8068.0]]",0.2935542,0.28125,0.9580854234073299,False,64.8,401.76171875,2,3.0,,0.4,3.0,3882eca9dc70b2d799f0,,,,,,,,,,,,,0.01692439999897033
holmberg_p22,holmberg,3.502626970227671,20,50,adaptativa:gnn,7092.0,True,0,0,30.0,0.3942305,0.0,7092.0,7092.0,otimo_publicado,"[[0.06240539997816086, 9549.0], [0.0735815999796614, 9506.999999999998], [0.07962369997403584, 9309.0], [0.10267619998194277, 9309.0], [0.14739269998972304, 8927.0], [0.17437119997339323, 8927.0], [0.22015869995811954, 8846.0], [0.22765439996146597, 8520.0], [0.3082925999769941, 8520.0], [0.39101389996358193, 7092.0]]",0.3942305,0.359375,0.9115859884001872,False,66.8,997.54296875,4,4.0,True,1.0,4.0,3882eca9dc70b2d799f0,,,,,,,,,,,,,
holmberg_p22,holmberg,3.502626970227671,20,50,adaptativa:pl,7092.0,True,-1,0,30.0,0.3050805,0.0,7092.0,7092.0,otimo_publicado,"[[0.10569340002257377, 7446.0], [0.16268740000668913, 7446.0], [0.23997229998349212, 7446.0], [0.30274959999951534, 7092.0]]",0.3050805,0.25,0.8194558485383366,True,81.3,997.54296875,4,3.0,True,0.6,3.0,3882eca9dc70b2d799f0,,,,,,,,,,,,,
holmberg_p22,holmberg,3.502626970227671,20,50,completo,7092.0,True,-1,0,30.0,0.1212663,0.0,7092.0,7092.0,otimo_publicado,"[[0.08719929997459985, 9180.0], [0.1189734999788925, 7092.0]]",0.1212663,0.125,1.0307892629691844,False,62.5,997.54296875,4,1.0,True,1.0,1.0,3882eca9dc70b2d799f0,,,,,,,,,,,,,
holmberg_p22,holmberg,3.502626970227671,20,50,hibrido:rotacao,7092.0,True,-1,0,30.0,29.9626547,0.0,7092.0,7092.0,otimo_publicado,"[[0.06383820000337437, 9549.0], [0.07651220000116155, 9506.999999999998], [0.08187339999130927, 9309.0], [0.11563340001157485, 9309.0], [0.1788146000180859, 8927.0], [0.20861330002662726, 8927.0], [0.26657760003581643, 8846.0], [0.2748402000288479, 8520.0], [0.3188736999873072, 8520.0], [0.4016916999826208, 7092.0], [0.4039090000151191, 7092.0]]",29.9626547,27.671875,0.9235455027955183,False,77.6,997.54296875,4,,,,,3882eca9dc70b2d799f0,0.4037116999970749,7092.0,767.0,767.0,4.0,"{""interior"": 192, ""fronteira"": 192, ""liberacao"": 192, ""regret"": 191, ""abertura"": 0}","{""interior"": 0, ""fronteira"": 0, ""liberacao"": 0, ""regret"": 0, ""abertura"": 0}",0.8175019999034703,28.550802599813323,0.0,748.0,0.0,
holmberg_p22,holmberg,3.502626970227671,20,50,hibrido:rotacao,7092.0,True,-1,1,30.0,29.9592929,0.0,7092.0,7092.0,otimo_publicado,"[[0.07675520001794212, 9549.0], [0.09642300000996329, 9506.999999999998], [0.10282309999456629, 9309.0], [0.13431799999671057, 9309.0], [0.18646120000630617, 8927.0], [0.22678860000451095, 8927.0], [0.28148229999351315, 8846.0], [0.28919320000568405, 8520.0], [0.34902019999572076, 8520.0], [0.44611769999028184, 7092.0], [0.4486977999913506, 7092.0]]",29.9592929,28.859375,0.9632862529943088,False,75.6,921.46484375,6,,,,,3882eca9dc70b2d799f0,0.4484797999903094,7092.0,813.0,813.0,4.0,"{""interior"": 204, ""fronteira"": 203, ""liberacao"": 203, ""regret"": 203, ""abertura"": 0}","{""interior"": 0, ""fronteira"": 0, ""liberacao"": 0, ""regret"": 0, ""abertura"": 0}",0.8167028995812871,28.502970099885715,0.0,794.0,0.0,
holmberg_p22,holmberg,3.502626970227671,20,50,hibrido:rotacao,7092.0,True,-1,2,30.0,30.0306068,0.030606800000001044,7092.0,7092.0,otimo_publicado,"[[0.14572580001549795, 9549.0], [0.17338089999975637, 9506.999999999998], [0.1833074000023771, 9309.0], [0.23202440000022762, 9309.0], [0.31344410000019707, 8927.0], [0.3702597999945283, 8927.0], [0.4808206000016071, 8846.0], [0.4916451000026427, 8520.0], [0.5453213999862783, 8520.0], [0.6278385999903549, 7092.0], [0.6306761000014376, 7092.0]]",30.0306068,27.625,0.919894832095101,False,75.5,997.54296875,4,,,,,3882eca9dc70b2d799f0,0.6303296000114642,7092.0,810.0,810.0,4.0,"{""interior"": 203, ""fronteira"": 203, ""liberacao"": 202, ""regret"": 202, ""abertura"": 0}","{""interior"": 0, ""fronteira"": 0, ""liberacao"": 0, ""regret"": 0, ""abertura"": 0}",0.8580031997698825,28.342423600144684,0.0,791.0,0.0,
holmberg_p22,holmberg,3.502626970227671,20,50,hibridopl:rotacao,7092.0,True,-1,0,30.0,29.9571811,0.0,7092.0,7092.0,otimo_publicado,"[[0.049591699993470684, 7446.0], [0.09351699997205287, 7446.0], [0.19434429999091662, 7446.0], [0.25332990000606515, 7092.0], [0.2550164999847766, 7092.0]]",29.9571811,28.671875,0.9570952254916936,False,77.6,839.55078125,2,,,,,3882eca9dc70b2d799f0,0.25481019998551346,7092.0,808.0,808.0,3.0,"{""interior"": 202, ""fronteira"": 202, ""liberacao"": 202, ""regret"": 202, ""abertura"": 0}","{""interior"": 0, ""fronteira"": 0, ""liberacao"": 0, ""regret"": 0, ""abertura"": 0}",0.8279532001761254,28.681777500576572,0.0,789.0,0.0,
holmberg_p22,holmberg,3.502626970227671,20,50,hibridopl:rotacao,7092.0,True,-1,1,30.0,30.0284622,0.028462199999999882,7092.0,7092.0,otimo_publicado,"[[0.0669736000127159, 7446.0], [0.11337880001519807, 7446.0], [0.18117300001904368, 7446.0], [0.2363811999966856, 7092.0], [0.23811539998860098, 7092.0]]",30.0284622,28.703125,0.955863966953326,False,77.5,921.46484375,6,,,,,3882eca9dc70b2d799f0,0.23776039999211207,7092.0,802.0,802.0,3.0,"{""interior"": 201, ""fronteira"": 201, ""liberacao"": 200, ""regret"": 200, ""abertura"": 0}","{""interior"": 0, ""fronteira"": 0, ""liberacao"": 0, ""regret"": 0, ""abertura"": 0}",0.8363078998809215,28.75826989975758,0.0,783.0,0.0,
holmberg_p22,holmberg,3.502626970227671,20,50,hibridopl:rotacao,7092.0,True,-1,2,30.0,29.9584895,0.0,7092.0,7092.0,otimo_publicado,"[[0.05278490003547631, 7446.0], [0.08633850002661347, 7446.0], [0.1773553999955766, 7446.0], [0.23056470000301488, 7092.0], [0.2322029999922961, 7092.0]]",29.9584895,28.953125,0.9664414155460007,False,75.6,839.55078125,2,,,,,3882eca9dc70b2d799f0,0.23199289999320172,7092.0,846.0,846.0,3.0,"{""interior"": 212, ""fronteira"": 212, ""liberacao"": 211, ""regret"": 211, ""abertura"": 0}","{""interior"": 0, ""fronteira"": 0, ""liberacao"": 0, ""regret"": 0, ""abertura"": 0}",0.8305759998620488,28.703969900117954,0.0,827.0,0.0,
holmberg_p22,holmberg,3.502626970227671,20,50,kernel,7092.0,True,-1,0,30.0,0.4819364,0.0,7092.0,7092.0,otimo_publicado,"[[0.11068869999144226, 7092.0], [0.21212049998575822, 7092.0], [0.4229988999722991, 7092.0]]",0.4819364,0.4375,0.9077961324357322,False,94.6,997.54296875,4,3.0,,0.45,3.0,3882eca9dc70b2d799f0,,,,,,,,,,,,,0.021146099985344335
holmberg_p23,holmberg,3.502626970227671,20,50,adaptativa:gnn,8746.0,True,0,0,30.0,1.0966868,0.0,8746.0,8746.0,otimo_publicado,"[[0.0750191000115592, 11149.0], [0.14105030000791885, 10650.000000000002], [0.19419920002110302, 10650.0], [0.24616530002094805, 10531.000000000002], [0.3980483000050299, 10316.000000000002], [0.45575670001562685, 10294.0], [0.5132059000316076, 10294.0], [0.6760891000158153, 9952.999999999998], [0.8795334000315052, 9920.0], [0.9528264000255149, 9920.0], [1.0514190000249073, 9246.000000000002], [1.0523341000080109, 8746.000000000002]]",1.0966868,1.046875,0.954579739630312,False,84.7,921.46484375,6,4.0,True,1.0,4.0,3882eca9dc70b2d799f0,,,,,,,,,,,,,
holmberg_p23,holmberg,3.502626970227671,20,50,adaptativa:pl,8746.0,True,-1,0,30.0,0.3185143,0.0,8746.0,8746.0,otimo_publicado,"[[0.0607904999924358, 8854.0], [0.07181439999840222, 8754.0], [0.0955997999990359, 8754.0], [0.2204732999962289, 8754.0], [0.3155964999750722, 8746.0]]",0.3185143,0.3125,0.9811176452674182,False,79.7,921.46484375,6,3.0,True,0.9,3.0,3882eca9dc70b2d799f0,,,,,,,,,,,,,
holmberg_p23,holmberg,3.502626970227671,20,50,completo,8746.0,True,-1,0,30.0,0.2120134,0.0,8746.0,8746.0,otimo_publicado,"[[0.12850510000134818, 13180.0], [0.17097179999109358, 9246.000000000002], [0.171546199999284, 8746.000000000002]]",0.2120134,0.203125,0.9580762348040265,False,84.2,948.16796875,2,1.0,True,1.0,1.0,3882eca9dc70b2d799f0,,,,,,,,,,,,,
holmberg_p23,holmberg,3.502626970227671,20,50,hibrido:rotacao,8746.0,True,-1,0,30.0,29.9594551,0.0,8746.0,8746.0,otimo_publicado,"[[0.06159659996046685, 11149.0], [0.13312689994927496, 10650.000000000002], [0.16873449998092838, 10650.0], [0.2273352999764029, 10531.000000000002], [0.4139568999817129, 10316.000000000002], [0.484000099968398, 10294.0], [0.5361992999678478, 10294.0], [0.6944424999819603, 9952.999999999998], [0.905467199976556, 9920.0], [0.9836856999900192, 9920.0], [1.082142900006147, 9246.000000000002], [1.083138299989514, 8746.000000000002], [1.1331867999979295, 8746.0]]",29.9594551,28.703125,0.9580656558736944,False,76.3,921.46484375,6,,,,,3882eca9dc70b2d799f0,1.1329706000105944,8746.0,736.0,736.0,4.0,"{""interior"": 184, ""fronteira"": 184, ""liberacao"": 184, ""regret"": 184, ""abertura"": 0}","{""interior"": 0, ""fronteira"": 0, ""liberacao"": 0, ""regret"": 0, ""abertura"": 0}",0.7475760004017502,27.8960822004301,0.0,718.0,0.0,
holmberg_p23,holmberg,3.502626970227671,20,50,hibrido:rotacao,8746.0,True,-1,1,30.0,29.967223,0.0,8746.0,8746.0,otimo_publicado,"[[0.06607979998807423, 11149.0], [0.13426499997149222, 10717.000000000002], [0.14668809997965582, 10649.999999999998], [0.18487979998462833, 10650.0], [0.2431102999835275, 10531.000000000002], [0.3838862999982666, 10316.000000000002], [0.4206590999965556, 10294.0], [0.44848170000477694, 10294.0], [0.5389671000011731, 9952.999999999998], [0.6498872000083793, 9920.0], [0.7068429000210017, 9920.0], [0.7845192000095267, 9246.000000000002], [0.7850326000188943, 8746.000000000002], [0.8249073000042699, 8746.0]]",29.967223,27.359375,0.9129766545268475,False,77.6,997.54296875,4,,,,,3882eca9dc70b2d799f0,0.8246360999764875,8746.0,708.0,708.0,4.0,"{""interior"": 177, ""fronteira"": 177, ""liberacao"": 177, ""regret"": 177, ""abertura"": 0}","{""interior"": 0, ""fronteira"": 0, ""liberacao"": 0, ""regret"": 0, ""abertura"": 0}",0.7579030997876544,28.21085199996014,0.0,690.0,0.0,
holmberg_p23,holmberg,3.502626970227671,20,50,hibrido:rotacao,8746.0,True,-1,2,30.0,29.9670568,0.0,8746.0,8746.0,otimo_publicado,"[[0.0768683000060264, 11149.0], [0.15874270000495017, 10717.000000000002], [0.19612050001160242, 10650.0], [0.22596120001981035, 10650.0], [0.27464610000606626, 10531.000000000002], [0.4449249000172131, 10316.000000000002], [0.4855478999961633, 10294.0], [0.5157384999911301, 10294.0], [0.6435621000127867, 9952.999999999998], [0.7825492999982089, 9920.0], [1.015325699991081, 9920.0], [1.1432363000058103, 9246.000000000002], [1.1443029000074603, 8746.000000000002], [1.1993595999956597, 8746.0]]",29.9670568,28.84375,0.9625152777766284,False,76.5,921.46484375,6,,,,,3882eca9dc70b2d799f0,1.1988436999963596,8746.0,770.0,770.0,4.0,"{""interior"": 193, ""fronteira"": 193, ""liberacao"": 192, ""regret"": 192, ""abertura"": 0}","{""interior"": 0, ""fronteira"": 0, ""liberacao"": 0, ""regret"": 0, ""abertura"": 0}",0.7568081002682447,27.822691999783274,0.0,752.0,0.0,
holmberg_p23,holmberg,3.502626970227671,20,50,hibridopl:rotacao,8746.0,True,-1,0,30.0,29.9817168,0.0,8746.0,8746.0,otimo_publicado,"[[0.05430710001382977, 8854.0], [0.0661928000045009, 8754.0], [0.09059669999987818, 8754.0], [0.16521300000022165, 8754.0], [0.26253999999607913, 8746.0], [0.2664773999713361, 8746.0]]",29.9817168,28.890625,0.9636080946505372,False,75.9,948.16796875,2,,,,,3882eca9dc70b2d799f0,0.26608989998931065,8746.0,777.0,777.0,3.0,"{""interior"": 195, ""fronteira"": 194, ""liberacao"": 194, ""regret"": 194, ""abertura"": 0}","{""interior"": 0, ""fronteira"": 0, ""liberacao"": 0, ""regret"": 0, ""abertura"": 0}",0.7703395005664788,28.75160879988107,0.0,759.0,0.0,
holmberg_p23,holmberg,3.502626970227671,20,50,hibridopl:rotacao,8746.0,True,-1,1,30.0,29.9566187,0.0,8746.0,8746.0,otimo_publicado,"[[0.07919770001899451, 8854.0], [0.09764400002313778, 8754.0], [0.12670990003971383, 8754.0], [0.22108340001432225, 8754.0], [0.3334824000194203, 8746.0], [0.3355746000306681, 8746.0]]",29.9566187,28.65625,0.9565916062482712,False,76.3,948.16796875,2,,,,,3882eca9dc70b2d799f0,0.335373800015077,8746.0,767.0,767.0,3.0,"{""interior"": 192, ""fronteira"": 192, ""liberacao"": 192, ""regret"": 191, ""abertura"": 0}","{""interior"": 0, ""fronteira"": 0, ""liberacao"": 0, ""regret"": 0, ""abertura"": 0}",0.7607606000383385,28.680572600103915,0.0,749.0,0.0,
holmberg_p23,holmberg,3.502626970227671,20,50,hibridopl:rotacao,8746.0,True,-1,2,30.0,29.9519065,0.0,8746.0,8746.0,otimo_publicado,"[[0.062343599973246455, 8854.0], [0.07476749998750165, 8754.0], [0.09871550000389107, 8754.0], [0.1678840999957174, 8754.0], [0.26449329999741167, 8746.0], [0.26861729999654926, 8746.0]]",29.9519065,27.703125,0.9249202550762503,False,75.8,997.54296875,4,,,,,3882eca9dc70b2d799f0,0.26825120000285096,8746.0,768.0,768.0,3.0,"{""interior"": 192, ""fronteira"": 192, ""liberacao"": 192, ""regret"": 192, ""abertura"": 0}","{""interior"": 0, ""fronteira"": 0, ""liberacao"": 0, ""regret"": 0, ""abertura"": 0}",0.8103827000013553,28.678016099642264,0.0,750.0,0.0,
holmberg_p23,holmberg,3.502626970227671,20,50,kernel,8746.0,True,-1,0,30.0,0.3225573,0.0,8746.0,8746.0,otimo_publicado,"[[0.07990230002906173, 8955.0], [0.11473210001713596, 8746.0], [0.16027560000657104, 8746.0], [0.26694130001123995, 8746.0]]",0.3225573,0.328125,1.0172611191871956,False,69.2,948.16796875,2,3.0,,0.45,3.0,3882eca9dc70b2d799f0,,,,,,,,,,,,,0.021101399994222447
holmberg_p24,holmberg,3.502626970227671,20,50,adaptativa:gnn,10273.0,True,0,0,30.0,1.8152963,0.0,10273.0,10273.0,otimo_publicado,"[[0.06483380001736805, 12749.0], [0.0784519000153523, 12662.000000000004], [0.17023750001681037, 11968.999999999998], [0.3842173000157345, 11850.0], [0.41967070000828244, 11850.0], [0.4582121000275947, 11494.0], [0.5308497000078205, 11494.0], [0.7810524000087753, 11434.000000000002], [0.9784314000280574, 11163.0], [1.1174607999855652, 11163.0], [1.236120799992932, 10351.0], [1.8065742999897338, 10299.0], [1.8127971999929287, 10273.0]]",1.8152963,1.765625,0.9726373595318847,False,73.5,921.46484375,6,4.0,True,1.0,4.0,3882eca9dc70b2d799f0,,,,,,,,,,,,,
holmberg_p24,holmberg,3.502626970227671,20,50,adaptativa:pl,10273.0,True,-1,0,30.0,0.3925375,0.0,10273.0,10273.0,otimo_publicado,"[[0.055180299998028204, 10475.0], [0.06481529999291524, 10287.0], [0.06527789999381639, 10273.0], [0.09070589998736978, 10273.0], [0.21350270000402816, 10273.0]]",0.3925375,0.375,0.9553227398656179,False,70.4,921.46484375,6,3.0,True,0.85,3.0,3882eca9dc70b2d799f0,,,,,,,,,,,,,
holmberg_p24,holmberg,3.502626970227671,20,50,completo,10273.0,True,-1,0,30.0,0.4470809,0.0,10273.0,10273.0,otimo_publicado,"[[0.10745340000721626, 17180.0], [0.14479779999237508, 10351.0], [0.44358720001764596, 10273.0]]",0.4470809,0.421875,0.9436211656548066,False,79.7,921.46484375,6,1.0,True,1.0,1.0,3882eca9dc70b2d799f0,,,,,,,,,,,,,
holmberg_p24,holmberg,3.502626970227671,20,50,hibrido:rotacao,10273.0,True,-1,0,30.0,29.9602777,0.0,10273.0,10273.0,otimo_publicado,"[[0.10271510001621209, 12749.0], [0.12978110002586618, 12662.000000000004], [0.2724848000216298, 11968.999999999998], [0.5201137000112794, 11850.0], [0.5512734000221826, 11850.0], [0.5950735000078566, 11494.0], [0.9044278000073973, 11494.0], [1.1540049000177532, 11434.000000000002], [1.3970942000159994, 11163.0], [1.4936223000113387, 11163.0], [1.5740377000183798, 10351.0], [2.080876799998805, 10299.0], [2.0875537000247277, 10273.0], [2.0891414000070654, 10273.0]]",29.9602777,27.515625,0.91840353669352,False,75.9,997.54296875,4,,,,,3882eca9dc70b2d799f0,2.0889473000133876,10273.0,543.0,543.0,4.0,"{""interior"": 136, ""fronteira"": 136, ""liberacao"": 136, ""regret"": 135, ""abertura"": 0}","{""interior"": 0, ""fronteira"": 0, ""liberacao"": 0, ""regret"": 0, ""abertura"": 0}",0.5781686003319919,27.159696499584243,0.0,525.0,0.0,
holmberg_p24,holmberg,3.502626970227671,20,50,hibrido:rotacao,10273.0,True,-1,1,30.0,29.9920309,0.0,10273.0,10273.0,otimo_publicado,"[[0.079160499968566, 12749.0], [0.09628799997153692, 12662.000000000004], [0.19093789998441935, 11968.999999999998], [0.4026243999833241, 11850.0], [0.4418121999769937, 11850.0], [0.5013335999683477, 11494.0], [0.5756392999901436, 11494.0], [0.8127890999894589, 11434.000000000002], [0.9899137999746017, 11163.0], [1.1417256999702659, 11163.0], [1.2978859999857377, 10351.0], [1.9336293999804184, 10273.0], [1.9372056999709457, 10273.0]]",29.9920309,29.046875,0.9684864321742214,False,76.2,948.16796875,2,,,,,3882eca9dc70b2d799f0,1.9368822999822441,10273.0,555.0,555.0,4.0,"{""interior"": 139, ""fronteira"": 139, ""liberacao"": 139, ""regret"": 138, ""abertura"": 0}","{""interior"": 0, ""fronteira"": 0, ""liberacao"": 0, ""regret"": 0, ""abertura"": 0}",0.5608550002216361,27.36111280042678,0.0,537.0,0.0,
holmberg_p24,holmberg,3.502626970227671,20,50,hibrido:rotacao,10273.0,True,-1,2,30.0,29.9935878,0.0,10273.0,10273.0,otimo_publicado,"[[0.09301059998688288, 12749.0], [0.11615379998693243, 12662.000000000004], [0.23532469998463057, 11968.999999999998], [0.4801848999923095, 11850.0], [0.5051796000043396, 11850.0], [0.5571315000124741, 11494.0], [0.65618849999737, 11494.0], [0.888013999996474, 11434.000000000002], [1.0608731000102125, 11405.0], [1.1732223000144586, 11163.0], [1.2089125999773387, 11163.0], [1.3557368999754544, 10351.0], [1.8217139999906067, 10273.0], [1.8233412000117823, 10273.0]]",29.9935878,27.65625,0.9220720836871673,False,76.9,997.54296875,4,,,,,3882eca9dc70b2d799f0,1.8231024999986403,10273.0,606.0,606.0,4.0,"{""interior"": 152, ""fronteira"": 152, ""liberacao"": 151, ""regret"": 151, ""abertura"": 0}","{""interior"": 0, ""fronteira"": 0, ""liberacao"": 0, ""regret"": 0, ""abertura"": 0}",0.6375453996879514,27.385930299642496,0.0,588.0,0.0,
holmberg_p24,holmberg,3.502626970227671,20,50,hibridopl:rotacao,10273.0,True,-1,0,30.0,29.9647609,0.0,10273.0,10273.0,otimo_publicado,"[[0.08203239997965284, 10475.0], [0.09797299999627285, 10287.0], [0.0985031999880448, 10273.0], [0.13332719999016263, 10273.0], [0.24723020000965334, 10273.0], [0.4731461000046693, 10273.0]]",29.9647609,28.78125,0.9605032423268893,False,76.6,948.16796875,2,,,,,3882eca9dc70b2d799f0,0.47276740000233985,10273.0,585.0,585.0,3.0,"{""interior"": 147, ""fronteira"": 146, ""liberacao"": 146, ""regret"": 146, ""abertura"": 0}","{""interior"": 0, ""fronteira"": 0, ""liberacao"": 0, ""regret"": 0, ""abertura"": 0}",0.5804824997030664,28.7691223998263,0.0,567.0,0.0,
holmberg_p24,holmberg,3.502626970227671,20,50,hibridopl:rotacao,10273.0,True,-1,1,30.0,29.960688,0.0,10273.0,10273.0,otimo_publicado,"[[0.06749469999340363, 10475.0], [0.07832570001482964, 10273.0], [0.09935430000768974, 10273.0], [0.18776770000113174, 10273.0], [0.34576470000320114, 10273.0]]",29.960688,28.875,0.963762914923716,False,76.4,921.46484375,6,,,,,3882eca9dc70b2d799f0,0.3454360000032466,10273.0,576.0,576.0,3.0,"{""interior"": 144, ""fronteira"": 144, ""liberacao"": 144, ""regret"": 144, ""abertura"": 0}","{""interior"": 0, ""fronteira"": 0, ""liberacao"": 0, ""regret"": 0, ""abertura"": 0}",0.5890548993775155,28.88929179997649,0.0,558.0,0.0,
holmberg_p24,holmberg,3.502626970227671,20,50,hibridopl:rotacao,10273.0,True,-1,2,30.0,29.9844206,0.0,10273.0,10273.0,otimo_publicado,"[[0.053729700041003525, 10475.0], [0.0647869000385981, 10287.0], [0.06520100001944229, 10273.0], [0.09429990002536215, 10273.0], [0.21389650003402494, 10273.0], [0.40409760002512485, 10273.0]]",29.9844206,28.796875,0.9603945790434917,False,76.2,921.46484375,6,,,,,3882eca9dc70b2d799f0,0.40377170001738705,10273.0,658.0,658.0,3.0,"{""interior"": 165, ""fronteira"": 165, ""liberacao"": 164, ""regret"": 164, ""abertura"": 0}","{""interior"": 0, ""fronteira"": 0, ""liberacao"": 0, ""regret"": 0, ""abertura"": 0}",0.6802272004133556,28.74100679976982,0.0,640.0,0.0,
holmberg_p24,holmberg,3.502626970227671,20,50,kernel,10273.0,True,-1,0,30.0,0.6838216,0.0,10273.0,10273.0,otimo_publicado,"[[0.05808019998949021, 10346.0], [0.10900379996746778, 10273.0], [0.3210265999950934, 10273.0], [0.47521329997107387, 10273.0]]",0.6838216,0.6875,1.0053791807687853,False,69.4,997.54296875,4,3.0,,0.4,3.0,3882eca9dc70b2d799f0,,,,,,,,,,,,,0.021558299980824813
holmberg_p25,holmberg,4.119191919191919,30,150,adaptativa:gnn,11630.0,True,0,0,30.0,18.3109692,0.0,11630.0,11630.0,otimo_publicado,"[[0.25951659999554977, 13475.0], [0.3208298999816179, 12655.000000000005], [0.37360210000770167, 12533.999999999996], [0.5745826000056695, 12512.0], [0.6692860999901313, 12485.999999999998], [0.7778165999916382, 12481.000000000002], [0.874351000005845, 12479.999999999996], [1.023505599994678, 12071.0], [2.6427933999802917, 12063.0], [2.8758333000005223, 12058.0], [3.039195599994855, 12058.0], [3.2569652999809477, 11862.999999999989], [4.847964599990519, 11789.0], [9.50131719998899, 11723.0], [9.813755499984836, 11706.0], [10.07046819999232, 11706.0], [11.446413099998608, 11630.0], [15.459540299954824, 11630.0]]",18.3109692,16.953125,0.9258453124370937,False,75.7,844.65234375,4,37.0,True,1.0,4.0,3882eca9dc70b2d799f0,,,,,,,,,,,,,
holmberg_p25,holmberg,4.119191919191919,30,150,adaptativa:pl,11630.0,True,-1,0,30.0,20.2825709,0.0,11630.0,11630.0,otimo_publicado,"[[0.23686989999259822, 13003.0], [0.2942244000150822, 11862.999999999989], [2.1757936000067275, 11789.0], [7.507328200008487, 11789.0], [9.70895329999621, 11630.0], [13.457294199994067, 11630.0], [17.431916500005173, 11630.0]]",20.2825709,18.71875,0.9228982899796002,False,77.2,592.10546875,4,5.0,True,1.0,4.0,3882eca9dc70b2d799f0,,,,,,,,,,,,,
holmberg_p25,holmberg,4.119191919191919,30,150,completo,11630.0,True,-1,0,30.0,5.2657182,0.0,11630.0,11630.0,otimo_publicado,"[[0.4594488000147976, 19197.0], [0.6764813000045251, 12043.999999999996], [0.9237479000003077, 11990.999999999995], [2.807955900003435, 11704.0], [2.9545966000005137, 11632.0], [3.0443882000108715, 11630.0]]",5.2657182,5.09375,0.9673419287800096,False,78.3,596.0703125,2,1.0,True,1.0,1.0,3882eca9dc70b2d799f0,,,,,,,,,,,,,
holmberg_p25,holmberg,4.119191919191919,30,150,hibrido:rotacao,11630.0,True,-1,0,30.0,29.9599397,0.0,11630.0,11630.0,otimo_publicado,"[[0.4224409000016749, 13475.0], [0.49046300002373755, 12655.000000000005], [0.5405033999995794, 12533.999999999996], [0.8198056000110228, 12512.0], [0.9367774000274949, 12485.999999999998], [1.112557000014931, 12481.000000000002], [1.2847353000252042, 12479.999999999996], [1.5195295000157785, 12071.0], [2.9876711000106297, 12063.0], [3.1581035000272095, 12058.0], [3.3019951000169385, 12058.0], [3.5728195999981835, 11862.999999999989], [4.83689130001585, 11789.0], [6.38570250000339, 11789.0], [8.102312300004996, 11770.0], [8.641239699994912, 11770.0], [13.97566409999854, 11630.0], [15.238122899987502, 11630.0]]",29.9599397,28.734375,0.9590932187356839,False,76.7,560.68359375,6,,,,,3882eca9dc70b2d799f0,15.237615999998525,11630.0,308.0,308.0,4.0,"{""interior"": 77, ""fronteira"": 77, ""liberacao"": 77, ""regret"": 77, ""abertura"": 0}","{""interior"": 0, ""fronteira"": 0, ""liberacao"": 0, ""regret"": 0, ""abertura"": 0}",0.6579461003711913,13.95878200023435,0.0,246.0,0.0,
holmberg_p25,holmberg,4.119191919191919,30,150,hibrido:rotacao,11770.0,True,-1,1,30.0,30.5093189,0.5093189000000002,11630.0,11630.0,otimo_publicado,"[[0.2748342000122648, 13475.0], [0.3498416999937035, 12655.000000000005], [0.3926334000134375, 12533.999999999996], [0.6182490999926813, 12512.000000000004], [0.7128742999921087, 12496.999999999995], [0.7533198000164703, 12491.999999999996], [0.7938863000017591, 12484.000000000005], [0.8358500000031199, 12481.000000000004], [1.0611036000191234, 12071.0], [2.4920699000067543, 12058.0], [2.7778858999954537, 12058.0], [2.9308985999959987, 11862.999999999989], [4.387836000008974, 11789.0], [5.8284231000288855, 11789.0], [7.597035100014182, 11770.0], [9.022288700012723, 11770.0], [14.600865299988072, 11770.0]]",30.5093189,29.546875,0.9684541007567363,False,76.7,566.96484375,2,,,,,3882eca9dc70b2d799f0,14.600649500003783,11770.0,135.0,135.0,4.0,"{""interior"": 34, ""fronteira"": 34, ""liberacao"": 34, ""regret"": 33, ""abertura"": 0}","{""interior"": 0, ""fronteira"": 0, ""liberacao"": 0, ""regret"": 0, ""abertura"": 0}",0.3061466997896787,15.55273310013581,0.0,90.0,0.0,
holmberg_p25,holmberg,4.119191919191919,30,150,hibrido:rotacao,11770.0,True,-1,2,30.0,30.0010192,0.0010192000000017742,11630.0,11630.0,otimo_publicado,"[[0.3522272999980487, 13475.0], [0.43462949999957345, 12655.000000000005], [0.5164514999778476, 12533.999999999996], [0.7747402999957558, 12512.0], [0.8464349999849219, 12485.999999999998], [0.9655807999952231, 12481.000000000002], [1.0910735999932513, 12479.999999999996], [1.2536161999742035, 12071.0], [2.8550043999857735, 12058.0], [2.9604285999957938, 12058.0], [3.1700507999921683, 11862.999999999989], [4.8878094000101555, 11789.0], [4.906240199983586, 11775.0], [5.896519399975659, 11775.0], [7.951462199969683, 11770.0], [8.860279299988179, 11770.0], [14.641137000027811, 11770.0]]",30.0010192,27.328125,0.9109065534680235,False,76.5,844.65234375,4,,,,,3882eca9dc70b2d799f0,14.640847700007726,11770.0,206.0,206.0,4.0,"{""interior"": 52, ""fronteira"": 52, ""liberacao"": 51, ""regret"": 51, ""abertura"": 0}","{""interior"": 0, ""fronteira"": 0, ""liberacao"": 0, ""regret"": 0, ""abertura"": 0}",0.4923780998797156,14.798717200144893,0.0,135.0,0.0,
holmberg_p25,holmberg,4.119191919191919,30,150,hibridopl:rotacao,11630.0,True,-1,0,30.0,29.9888406,0.0,11630.0,11630.0,otimo_publicado,"[[0.22203500001342036, 13003.0], [0.2887717999983579, 11862.999999999989], [2.23821000001044, 11789.0], [3.715818799973931, 11789.0], [5.916133199993055, 11630.0], [6.731042600033106, 11630.0], [9.031902700022329, 11630.0], [11.56389019996277, 11630.0]]",29.9888406,28.859375,0.9623371368348265,False,77.2,566.96484375,2,,,,,3882eca9dc70b2d799f0,11.563689799979329,11630.0,406.0,406.0,4.0,"{""interior"": 102, ""fronteira"": 102, ""liberacao"": 101, ""regret"": 101, ""abertura"": 0}","{""interior"": 0, ""fronteira"": 0, ""liberacao"": 0, ""regret"": 0, ""abertura"": 0}",0.8441064999788068,17.470704300067155,0.0,335.0,0.0,
holmberg_p25,holmberg,4.119191919191919,30,150,hibridopl:rotacao,11630.0,True,-1,1,30.0,30.0427808,0.042780799999999175,11630.0,11630.0,otimo_publicado,"[[0.5694820999924559, 13003.0], [0.6163795000175014, 11862.999999999989], [2.613264799991157, 11789.0], [3.8915734000038356, 11789.0], [5.27808570000343, 11720.0], [5.323881299991626, 11630.0], [7.000567900016904, 11630.0], [8.987498199974652, 11630.0], [12.043817299971124, 11630.0]]",30.0427808,28.90625,0.9621695871774959,False,76.3,646.6640625,2,,,,,3882eca9dc70b2d799f0,12.043445999996038,11630.0,379.0,379.0,4.0,"{""interior"": 95, ""fronteira"": 95, ""liberacao"": 95, ""regret"": 94, ""abertura"": 0}","{""interior"": 0, ""fronteira"": 0, ""liberacao"": 0, ""regret"": 0, ""abertura"": 0}",0.760931700177025,17.133058400067966,0.0,308.0,0.0,
holmberg_p25,holmberg,4.119191919191919,30,150,hibridopl:rotacao,11630.0,True,-1,2,30.0,29.9732904,0.0,11630.0,11630.0,otimo_publicado,"[[0.39179110003169626, 13003.0], [0.45667300003697164, 11862.999999999989], [2.571744600048987, 11789.0], [4.475336100033019, 11789.0], [6.105973600031575, 11630.0], [7.317564100027084, 11630.0], [9.397254300012719, 11630.0], [12.938133200019365, 11630.0]]",29.9732904,29.0625,0.9696132660830591,False,77.2,560.43359375,6,,,,,3882eca9dc70b2d799f0,12.937704000010854,11630.0,371.0,371.0,4.0,"{""interior"": 93, ""fronteira"": 93, ""liberacao"": 93, ""regret"": 92, ""abertura"": 0}","{""interior"": 0, ""fronteira"": 0, ""liberacao"": 0, ""regret"": 0, ""abertura"": 0}",0.7778931000211742,16.15157960000215,0.0,300.0,0.0,
holmberg_p25,holmberg,4.119191919191919,30,150,kernel,11630.0,True,-1,0,30.0,15.8446342,0.0,11630.0,11630.0,otimo_publicado,"[[0.5385321999783628, 12635.0], [0.6137430999660864, 12043.999999999996], [3.0644223999697715, 11653.0], [3.1356769999838434, 11630.0], [6.366525399964303, 11630.0], [11.537667299970053, 11630.0]]",15.8446342,15.203125,0.9595125269600734,False,75.8,588.25390625,6,39.0,,0.3333333333333333,3.0,3882eca9dc70b2d799f0,,,,,,,,,,,,,0.16040709998924285
holmberg_p26,holmberg,4.119191919191919,30,150,adaptativa:gnn,10771.0,True,0,0,30.0,15.5986572,0.0,10771.0,10771.0,otimo_publicado,"[[0.2876803999824915, 13207.0], [0.34283299997332506, 12186.999999999993], [1.7408965999784414, 12166.999999999995], [2.524520399980247, 12033.0], [7.151012499991339, 11933.0], [8.259087699989323, 11933.0], [8.673065099981613, 11139.0], [8.835931799985701, 11139.0], [9.09259749998455, 10841.999999999996], [9.147525999986101, 10826.999999999998], [9.813174999988405, 10795.0], [10.695537899970077, 10771.0], [13.409429999999702, 10771.0]]",15.5986572,15.15625,0.971638122799442,False,76.2,921.46484375,6,4.0,True,1.0,4.0,3882eca9dc70b2d799f0,,,,,,,,,,,,,
holmberg_p26,holmberg,4.119191919191919,30,150,adaptativa:pl,10771.0,True,-1,0,30.0,2.7788268,0.0,10771.0,10771.0,otimo_publicado,"[[0.36658470003749244, 11684.0], [0.46151210003881715, 10901.999999999993], [0.5551579000311904, 10776.000000000004], [0.5971195000165608, 10773.0], [0.7049755000334699, 10773.0], [2.0620532000320964, 10771.0]]",2.7788268,2.609375,0.9390203808312199,False,85.2,921.46484375,6,2.0,True,0.5,2.0,3882eca9dc70b2d799f0,,,,,,,,,,,,,
holmberg_p26,holmberg,4.119191919191919,30,150,completo,10771.0,True,-1,0,30.0,4.4957519,0.0,10771.0,10771.0,otimo_publicado,"[[0.47741099999984726, 16131.0], [0.7136150000151247, 10841.999999999996], [0.9463853999914136, 10826.999999999998], [2.3147363000025507, 10820.0], [2.369131599989487, 10771.0]]",4.4957519,3.9375,0.8758267999619819,True,80.2,997.54296875,4,56.0,True,1.0,1.0,3882eca9dc70b2d799f0,,,,,,,,,,,,,
holmberg_p26,holmberg,4.119191919191919,30,150,hibrido:rotacao,10771.0,True,-1,0,30.0,29.9729077,0.0,10771.0,10771.0,otimo_publicado,"[[0.2945398000010755, 13207.0], [0.34250659999088384, 12186.999999999993], [1.7205256999877747, 12166.999999999995], [2.512788799998816, 12033.0], [3.806652999977814, 12033.0], [4.19818559999112, 11139.0], [4.333488700009184, 11139.0], [4.632077599992044, 10841.999999999996], [4.714858699997421, 10826.999999999998], [5.462289499992039, 10795.0], [6.4093466000049375, 10771.0], [6.917913399985991, 10771.0], [9.172140100010438, 10771.0]]",29.9729077,28.640625,0.9555504353019444,False,76.1,921.46484375,6,,,,,3882eca9dc70b2d799f0,9.17184970001108,10771.0,438.0,438.0,4.0,"{""interior"": 110, ""fronteira"": 110, ""liberacao"": 109, ""regret"": 109, ""abertura"": 0}","{""interior"": 0, ""fronteira"": 0, ""liberacao"": 0, ""regret"": 0, ""abertura"": 0}",0.9004620999039616,19.776683500327636,0.0,354.0,0.0,
holmberg_p26,holmberg,4.119191919191919,30,150,hibrido:rotacao,10771.0,True,-1,1,30.0,29.9529751,0.0,10771.0,10771.0,otimo_publicado,"[[0.24784930000896566, 13207.0], [0.29327470003045164, 12186.999999999993], [1.7097714000265114, 12166.999999999995], [2.1735150000313297, 11928.0], [3.068965600017691, 11928.0], [3.58429860000615, 11139.0], [3.88113369999337, 11139.0], [4.254816300002858, 10841.999999999996], [4.337575099983951, 10826.999999999998], [5.162209900008747, 10788.0], [6.688371399999596, 10771.0], [7.025576899992302, 10771.0], [9.58547940000426, 10771.0]]",29.9529751,29.140625,0.9728791514937025,False,75.7,839.55078125,2,,,,,3882eca9dc70b2d799f0,9.58527470001718,10771.0,448.0,448.0,4.0,"{""interior"": 112, ""fronteira"": 112, ""liberacao"": 112, ""regret"": 112, ""abertura"": 0}","{""interior"": 0, ""fronteira"": 0, ""liberacao"": 0, ""regret"": 0, ""abertura"": 0}",0.8834245006728452,19.365966999786906,0.0,365.0,0.0,
holmberg_p26,holmberg,4.119191919191919,30,150,hibrido:rotacao,10771.0,True,-1,2,30.0,29.9705975,0.0,10771.0,10771.0,otimo_publicado,"[[0.3028241000138223, 13207.0], [0.36257710002246313, 12186.999999999993], [2.218267900025239, 12166.999999999995], [2.9568144000077154, 12033.0], [3.4478661000030115, 12033.0], [3.9124164000095334, 11139.0], [4.053791400016053, 11139.0], [4.37626730001648, 10841.999999999996], [4.447092500020517, 10826.999999999998], [5.196222500031581, 10788.0], [6.128403700015042, 10771.0], [6.674251100019319, 10771.0], [9.483114999980899, 10771.0]]",29.9705975,27.765625,0.9264288107702892,False,75.6,997.54296875,4,,,,,3882eca9dc70b2d799f0,9.482735099998536,10771.0,447.0,447.0,4.0,"{""interior"": 112, ""fronteira"": 112, ""liberacao"": 112, ""regret"": 111, ""abertura"": 0}","{""interior"": 0, ""fronteira"": 0, ""liberacao"": 0, ""regret"": 0, ""abertura"": 0}",0.8872792000765912,19.476309900084743,0.0,352.0,0.0,
holmberg_p26,holmberg,4.119191919191919,30,150,hibridopl:rotacao,10771.0,True,-1,0,30.0,30.0090635,0.009063499999999891,10771.0,10771.0,otimo_publicado,"[[0.2658304000215139, 11684.0], [0.32713370001874864, 10901.999999999993], [0.4083783000241965, 10776.000000000004], [0.4535079000343103, 10773.0], [0.7441994000400882, 10773.0], [2.0868041000212543, 10771.0], [2.6659825000097044, 10771.0]]",30.0090635,28.9375,0.964292004647196,False,75.6,921.46484375,6,,,,,3882eca9dc70b2d799f0,2.665666200016858,10771.0,594.0,594.0,2.0,"{""interior"": 149, ""fronteira"": 149, ""liberacao"": 148, ""regret"": 148, ""abertura"": 0}","{""interior"": 0, ""fronteira"": 0, ""liberacao"": 0, ""regret"": 0, ""abertura"": 0}",1.2350828999769874,25.95261169987498,0.0,480.0,0.0,
holmberg_p26,holmberg,4.119191919191919,30,150,hibridopl:rotacao,10771.0,True,-1,1,30.0,29.9726502,0.0,10771.0,10771.0,otimo_publicado,"[[0.23401360004208982, 11684.0], [0.2795777000428643, 10901.999999999993], [0.37192550001782365, 10776.000000000004], [0.4108682000369299, 10773.0], [0.5147341000265442, 10773.0], [1.8450741000415292, 10771.0], [2.457010399986757, 10771.0]]",29.9726502,28.875,0.9633782734367614,False,76.8,839.55078125,2,,,,,3882eca9dc70b2d799f0,2.4566428000107408,10771.0,588.0,588.0,2.0,"{""interior"": 147, ""fronteira"": 147, ""liberacao"": 147, ""regret"": 147, ""abertura"": 0}","{""interior"": 0, ""fronteira"": 0, ""liberacao"": 0, ""regret"": 0, ""abertura"": 0}",1.1875530006655026,26.170501299988246,0.0,491.0,0.0,
holmberg_p26,holmberg,4.119191919191919,30,150,hibridopl:rotacao,10771.0,True,-1,2,30.0,29.9516432,0.0,10771.0,10771.0,otimo_publicado,"[[0.2574124000093434, 11684.0], [0.31008800002746284, 10901.999999999993], [0.4100482000212651, 10776.000000000004], [0.4539842000231147, 10773.0], [0.7115947999991477, 10773.0], [1.93549350000103, 10771.0], [2.5765208000084385, 10771.0]]",29.9516432,27.421875,0.9155382500015893,False,76.9,997.54296875,4,,,,,3882eca9dc70b2d799f0,2.5762310000136495,10771.0,578.0,578.0,2.0,"{""interior"": 145, ""fronteira"": 145, ""liberacao"": 144, ""regret"": 144, ""abertura"": 0}","{""interior"": 0, ""fronteira"": 0, ""liberacao"": 0, ""regret"": 0, ""abertura"": 0}",1.255486700189067,25.967279200674966,0.0,465.0,0.0,
holmberg_p26,holmberg,4.119191919191919,30,150,kernel,10771.0,True,-1,0,30.0,7.926355,0.0,10771.0,10771.0,otimo_publicado,"[[0.26652370000374503, 11232.0], [0.3302224999933969, 10951.999999999996], [0.4247203000122681, 10826.999999999998], [1.1709015000087675, 10778.0], [1.1991194000001997, 10771.0], [2.7869109000021126, 10771.0], [5.001085399999283, 10771.0]]",7.926355,7.671875,0.9678944483309163,False,75.7,839.55078125,2,17.0,,0.3333333333333333,3.0,3882eca9dc70b2d799f0,,,,,,,,,,,,,0.10861379999550991
holmberg_p27,holmberg,4.119191919191919,30,150,adaptativa:gnn,12371.0,True,0,0,30.0,30.0062048,0.006204799999999011,12322.0,12322.0,otimo_publicado,"[[0.21381509996717796, 15259.0], [0.2657506999676116, 13863.000000000007], [0.8380841999896802, 13801.000000000004], [2.8759038999851327, 13330.0], [8.25275139999576, 13330.0], [8.477970699983416, 12783.999999999998], [8.62188329998753, 12692.999999999998], [9.212209799996344, 12648.0], [9.249340199981816, 12539.0], [9.768749499984551, 12539.0], [10.2685780999891, 12470.999999999985], [11.528378899995005, 12390.0], [14.190934900019784, 12390.0], [23.020351900020614, 12380.0], [28.088467900030082, 12371.0]]",30.0062048,28.65625,0.9550108116305331,False,78.3,921.46484375,6,50.0,False,1.0,4.0,3882eca9dc70b2d799f0,,,,,,,,,,,,,
holmberg_p27,holmberg,4.119191919191919,30,150,adaptativa:pl,12322.0,True,-1,0,30.0,27.1997746,0.0,12322.0,12322.0,otimo_publicado,"[[0.21287029999075457, 13484.0], [0.2633085999987088, 12470.999999999985], [3.5908277000125963, 12342.0], [5.896190700004809, 12322.0], [8.047253000026103, 12322.0], [14.046113599993987, 12322.0], [18.426387999992585, 12322.0]]",27.1997746,24.796875,0.9116573708665954,False,75.6,997.54296875,4,28.0,True,1.0,4.0,3882eca9dc70b2d799f0,,,,,,,,,,,,,
holmberg_p27,holmberg,4.119191919191919,30,150,completo,12322.0,True,-1,0,30.0,12.9760697,0.0,12322.0,12322.0,otimo_publicado,"[[0.48671769999782555, 21531.0], [0.7494705000135582, 12470.999999999985], [2.5946174999990035, 12390.0], [2.6515748999954667, 12373.0], [9.537345999997342, 12371.0], [11.401642799988622, 12351.0], [12.202685199998086, 12333.0], [12.400234100001398, 12330.0], [12.472393500007456, 12322.0]]",12.9760697,12.328125,0.9500661822123228,False,76.3,921.46484375,6,107.0,True,1.0,1.0,3882eca9dc70b2d799f0,,,,,,,,,,,,,
holmberg_p27,holmberg,4.119191919191919,30,150,hibrido:rotacao,12373.0,True,-1,0,30.0,29.9677379,0.0,12322.0,12322.0,otimo_publicado,"[[0.2859108000120614, 15259.0], [0.37431179999839514, 13863.000000000007], [1.0681550999870524, 13801.000000000004], [2.901936200010823, 13330.0], [3.3754818000015803, 13330.0], [3.554597099981038, 12783.999999999998], [3.7877129999978933, 12692.999999999998], [4.482245099992724, 12648.0], [4.514725899993209, 12539.0], [4.830363399989437, 12539.0], [5.211162299994612, 12470.999999999985], [6.700961999973515, 12390.0], [7.454955699999118, 12390.0], [15.284771200007526, 12390.0], [15.811863999988418, 12386.0], [16.213257099996554, 12381.0], [16.37622849998297, 12378.0], [17.74156180000864, 12373.0]]",29.9677379,28.71875,0.9583222496083029,False,77.9,948.16796875,2,,,,,3882eca9dc70b2d799f0,15.284375499992166,12390.0,305.0,305.0,4.0,"{""interior"": 77, ""fronteira"": 76, ""liberacao"": 76, ""regret"": 76, ""abertura"": 0}","{""interior"": 0, ""fronteira"": 1, ""liberacao"": 1, ""regret"": 2, ""abertura"": 0}",0.6651180996268522,13.930230299796676,0.0,194.0,0.0,
holmberg_p27,holmberg,4.119191919191919,30,150,hibrido:rotacao,12373.0,True,-1,1,30.0,29.9969168,0.0,12322.0,12322.0,otimo_publicado,"[[0.25248480000300333, 15259.0], [0.3559120999998413, 13863.000000000007], [1.0870317000080831, 13801.000000000004], [2.669233399996301, 13330.0], [3.3795044000144117, 13330.0], [3.532315800024662, 12783.999999999998], [3.734776800032705, 12692.999999999998], [4.474214600020787, 12648.0], [4.516065400006482, 12539.0], [4.8391412000055425, 12539.0], [5.20786739999312, 12470.999999999985], [6.807869899988873, 12390.0], [7.659771299979184, 12390.0], [12.229471499973442, 12373.0], [14.319489400018938, 12373.0]]",29.9969168,28.953125,0.9652033638337124,False,78.6,948.16796875,2,,,,,3882eca9dc70b2d799f0,14.319284700002754,12373.0,331.0,331.0,4.0,"{""interior"": 83, ""fronteira"": 83, ""liberacao"": 83, ""regret"": 82, ""abertura"": 0}","{""interior"": 0, ""fronteira"": 0, ""liberacao"": 0, ""regret"": 0, ""abertura"": 0}",0.7559647998132277,14.82515630024136,0.0,233.0,0.0,
holmberg_p27,holmberg,4.119191919191919,30,150,hibrido:rotacao,12373.0,True,-1,2,30.0,29.9997723,0.0,12322.0,12322.0,otimo_publicado,"[[0.2953847000026144, 15259.0], [0.37925800000084564, 13863.000000000007], [1.0548782999976538, 13801.000000000004], [2.9703540999908, 13330.0], [3.3722508000500966, 13330.0], [3.5363091000472195, 12783.999999999998], [3.763152400031686, 12692.999999999998], [4.50598790004733, 12648.0], [4.537165100045968, 12539.0], [4.998922600003425, 12539.0], [5.351938699983293, 12470.999999999985], [6.710792700003367, 12390.0], [6.795565300009912, 12383.0], [6.802499799989164, 12373.0], [7.503412300022319, 12373.0], [15.315443800005596, 12373.0]]",29.9997723,28.890625,0.9630281427169366,False,75.5,948.16796875,2,,,,,3882eca9dc70b2d799f0,15.315108500013594,12373.0,327.0,327.0,4.0,"{""interior"": 82, ""fronteira"": 82, ""liberacao"": 82, ""regret"": 81, ""abertura"": 0}","{""interior"": 0, ""fronteira"": 0, ""liberacao"": 0, ""regret"": 0, ""abertura"": 0}",0.7154514004359953,13.881640100065852,0.0,239.0,0.0,
holmberg_p27,holmberg,4.119191919191919,30,150,hibridopl:rotacao,12337.0,True,-1,0,30.0,29.9577616,0.0,12322.0,12322.0,otimo_publicado,"[[0.2295792999502737, 13484.0], [0.2839208999357652, 12470.999999999985], [3.211686899943743, 12342.0], [4.0897371000028215, 12342.0], [7.135381499974756, 12342.0], [9.83744389997446, 12342.0], [14.001059600006556, 12342.0], [14.377184999990277, 12337.0]]",29.9577616,28.796875,0.9612492209698338,False,75.6,921.46484375,6,,,,,3882eca9dc70b2d799f0,14.000804799987236,12342.0,281.0,281.0,4.0,"{""interior"": 71, ""fronteira"": 70, ""liberacao"": 70, ""regret"": 70, ""abertura"": 0}","{""interior"": 0, ""fronteira"": 0, ""liberacao"": 1, ""regret"": 0, ""abertura"": 0}",0.6787110000732355,15.198784699750831,0.0,183.0,0.0,
holmberg_p27,holmberg,4.119191919191919,30,150,hibridopl:rotacao,12373.0,True,-1,1,30.0,29.9604284,0.0,12322.0,12322.0,otimo_publicado,"[[0.3313760999881197, 13484.0], [0.40234819997567683, 12470.999999999985], [3.1369505999900866, 12427.0], [3.2111391999933403, 12389.0], [3.8311285999952815, 12389.0], [5.801281899999594, 12376.0], [6.8510554999811575, 12376.0], [8.997420600004261, 12376.0], [14.764977800048655, 12376.0], [14.957408200047212, 12373.0]]",29.9604284,27.234375,0.9090115346948777,False,78.2,997.54296875,4,,,,,3882eca9dc70b2d799f0,14.764619000023231,12376.0,293.0,293.0,4.0,"{""interior"": 74, ""fronteira"": 73, ""liberacao"": 73, ""regret"": 73, ""abertura"": 0}","{""interior"": 0, ""fronteira"": 1, ""liberacao"": 0, ""regret"": 0, ""abertura"": 0}",0.725357300019823,14.376869200059446,0.0,205.0,0.0,
holmberg_p27,holmberg,4.119191919191919,30,150,hibridopl:rotacao,12379.0,True,-1,2,30.0,29.958633,0.0,12322.0,12322.0,otimo_publicado,"[[0.2674904000305105, 13484.0], [0.38076500000897795, 12470.999999999985], [3.231894900003681, 12409.0], [3.8922469000099227, 12409.0], [5.72851400001673, 12382.0], [7.064971000014339, 12382.0], [8.987291500001447, 12382.0], [14.807124300015857, 12382.0], [15.349750699999277, 12379.0]]",29.958633,27.421875,0.9153246411476785,False,75.8,997.54296875,4,,,,,3882eca9dc70b2d799f0,14.806725300004473,12382.0,313.0,313.0,4.0,"{""interior"": 79, ""fronteira"": 78, ""liberacao"": 78, ""regret"": 78, ""abertura"": 0}","{""interior"": 1, ""fronteira"": 0, ""liberacao"": 0, ""regret"": 0, ""abertura"": 0}",0.7584866000397597,14.295545600150945,0.0,218.0,0.0,
holmberg_p27,holmberg,4.119191919191919,30,150,kernel,12322.0,True,-1,0,30.0,25.2250537,0.0,12322.0,12322.0,otimo_publicado,"[[0.24567050000769086, 13484.0], [0.3113090000115335, 12470.999999999985], [3.4415878000145312, 12342.0], [5.576608200004557, 12322.0], [7.744880099984584, 12322.0], [14.60787999999593, 12322.0], [20.072033100004774, 12322.0]]",25.2250537,24.203125,0.9594875510611897,False,75.8,948.16796875,2,4.0,,0.3,4.0,3882eca9dc70b2d799f0,,,,,,,,,,,,,0.09725819999584928
holmberg_p28,holmberg,4.119191919191919,30,150,adaptativa:gnn,13722.0,True,0,0,30.0,22.0352854,0.0,13722.0,13722.0,otimo_publicado,"[[0.39443079999182373, 17059.0], [0.4718352999771014, 15564.00000000001], [0.5478080999746453, 15545.000000000002], [0.626146599999629, 15521.0], [0.7097197999828495, 15503.000000000005], [1.205963399988832, 15493.000000000002], [1.9481701999902725, 14741.0], [7.33243529999163, 14741.0], [7.682937200006563, 14487.999999999995], [7.8081284999789204, 14254.999999999995], [7.844053399981931, 14244.000000000005], [7.917534699983662, 14197.0], [8.044966199988266, 14164.000000000007], [8.264447599998675, 13966.0], [10.79107509998721, 13941.999999999998], [10.831334899994545, 13939.0], [10.983770999999251, 13939.0], [12.679877199989278, 13726.0], [12.742191600002116, 13724.0], [13.799168500001542, 13722.0], [15.613144699978875, 13722.0]]",22.0352854,21.265625,0.965071457617699,False,77.1,948.16796875,2,4.0,True,1.0,4.0,3882eca9dc70b2d799f0,,,,,,,,,,,,,
holmberg_p28,holmberg,4.119191919191919,30,150,adaptativa:pl,13722.0,True,-1,0,30.0,13.6125582,0.0,13722.0,13722.0,otimo_publicado,"[[0.36275040000327863, 15284.0], [0.4348043000209145, 14296.000000000002], [3.4747853000299074, 13724.0], [7.791811700008111, 13724.0], [13.00955960000283, 13722.0]]",13.6125582,12.609375,0.9263045795462604,False,74.6,997.54296875,4,2.0,True,0.5333333333333333,2.0,3882eca9dc70b2d799f0,,,,,,,,,,,,,
holmberg_p28,holmberg,4.119191919191919,30,150,completo,13722.0,True,-1,0,30.0,23.8271834,0.0,13722.0,13722.0,otimo_publicado,"[[0.7481363999831956, 26931.0], [1.0249501999933273, 14296.000000000002], [2.6073080000060145, 14013.0], [2.673924900009297, 13980.0], [2.6831077999959234, 13975.0], [5.474581699992996, 13927.0], [21.084074499987764, 13813.0], [22.13801140000578, 13773.0], [22.974013700004434, 13725.0], [23.700004399986938, 13722.0]]",23.8271834,23.046875,0.9672513369750618,False,76.2,921.46484375,6,106.0,True,1.0,1.0,3882eca9dc70b2d799f0,,,,,,,,,,,,,
holmberg_p28,holmberg,4.119191919191919,30,150,hibrido:rotacao,13951.0,True,-1,0,30.0,29.9926938,0.0,13722.0,13722.0,otimo_publicado,"[[0.2853210000030231, 17059.0], [0.3425969000090845, 15564.00000000001], [0.41657840000698343, 15545.000000000002], [0.46919960001832806, 15521.0], [0.5192160000151489, 15503.000000000005], [0.8602417000220157, 15493.000000000002], [1.5137729000125546, 14741.0], [4.313636100006988, 14741.0], [4.839004500012379, 14487.999999999995], [5.000750400009565, 14254.999999999995], [5.03252850001445, 14244.000000000005], [5.10765000001993, 14197.0], [5.234854600013932, 14164.000000000007], [5.50230420002481, 13966.0], [7.352757799992105, 13966.0], [9.704569399997126, 13966.0], [11.382518500002334, 13960.0], [11.385697099991376, 13951.0], [15.178717500006314, 13951.0]]",29.9926938,28.734375,0.9580458224796067,False,77.1,921.46484375,6,,,,,3882eca9dc70b2d799f0,15.178514300001552,13951.0,314.0,314.0,4.0,"{""interior"": 79, ""fronteira"": 79, ""liberacao"": 78, ""regret"": 78, ""abertura"": 0}","{""interior"": 0, ""fronteira"": 0, ""liberacao"": 0, ""regret"": 0, ""abertura"": 0}",0.8042332001205068,13.911096499825362,0.0,213.0,0.0,
holmberg_p28,holmberg,4.119191919191919,30,150,hibrido:rotacao,13942.0,True,-1,1,30.0,29.9727401,0.0,13722.0,13722.0,otimo_publicado,"[[0.5066075000213459, 17059.0], [0.5574777000001632, 15564.00000000001], [0.6029628000105731, 15545.000000000002], [0.6490435000159778, 15521.0], [0.7066516000195406, 15503.000000000005], [1.3281601000053342, 15493.000000000002], [2.3658415999962017, 14741.0], [4.1553433000226505, 14741.0], [4.666631600004621, 14487.999999999995], [4.87976280003204, 14254.999999999995], [4.929837100033183, 14244.000000000005], [5.062812900025165, 14197.0], [5.227810700016562, 14164.000000000007], [5.556345500022871, 13966.0], [7.295599900011439, 13966.0], [9.265174500003923, 13966.0], [15.095815300010145, 13966.0], [15.768700699991314, 13961.0], [15.913281699991785, 13958.0], [19.162476600002265, 13954.0], [19.420031899993774, 13952.0], [20.218001000001095, 13942.0]]",29.9727401,27.34375,0.912287295348082,False,78.6,997.54296875,4,,,,,3882eca9dc70b2d799f0,15.095035600010306,13966.0,299.0,299.0,4.0,"{""interior"": 75, ""fronteira"": 75, ""liberacao"": 75, ""regret"": 74, ""abertura"": 0}","{""interior"": 0, ""fronteira"": 1, ""liberacao"": 4, ""regret"": 0, ""abertura"": 0}",0.6971975000342354,14.08468190021813,0.0,161.0,0.0,
holmberg_p28,holmberg,4.119191919191919,30,150,hibrido:rotacao,13957.0,True,-1,2,30.0,29.9641711,0.0,13722.0,13722.0,otimo_publicado,"[[0.43512459998601116, 17059.0], [0.5273128999979235, 15564.00000000001], [0.6069442000007257, 15545.000000000002], [0.67965199999162, 15521.0], [0.7566779000044335, 15503.000000000005], [1.2357319000002462, 15493.000000000002], [1.947220500005642, 14741.0], [3.558262000005925, 14741.0], [3.930629200011026, 14487.999999999995], [4.077746599999955, 14254.999999999995], [4.114152299996931, 14244.000000000005], [4.185602600016864, 14197.0], [4.320322999992641, 14164.000000000007], [4.564832400006708, 13966.0], [6.710296900011599, 13966.0], [9.15195249998942, 13966.0], [14.499751800001832, 13966.0], [14.767657799995504, 13957.0]]",29.9641711,29.109375,0.9714727266391827,False,77.7,948.16796875,2,,,,,3882eca9dc70b2d799f0,14.499441299994942,13966.0,314.0,314.0,4.0,"{""interior"": 79, ""fronteira"": 79, ""liberacao"": 78, ""regret"": 78, ""abertura"": 0}","{""interior"": 0, ""fronteira"": 0, ""liberacao"": 1, ""regret"": 0, ""abertura"": 0}",0.8022861998470034,14.569082600064576,0.0,210.0,0.0,
holmberg_p28,holmberg,4.119191919191919,30,150,hibridopl:rotacao,13722.0,True,-1,0,30.0,30.0006019,0.000601899999999489,13722.0,13722.0,otimo_publicado,"[[0.26575690004392527, 15284.0], [0.3269255000341218, 14296.000000000002], [3.358758500049589, 13724.0], [4.359829500026535, 13724.0], [7.2987805000157095, 13724.0], [9.635518000024604, 13724.0], [12.501611500047147, 13722.0], [15.174649599997792, 13722.0]]",30.0006019,28.78125,0.9593557521257599,False,78.3,921.46484375,6,,,,,3882eca9dc70b2d799f0,15.17430109999259,13722.0,279.0,279.0,4.0,"{""interior"": 70, ""fronteira"": 70, ""liberacao"": 70, ""regret"": 69, ""abertura"": 0}","{""interior"": 0, ""fronteira"": 0, ""liberacao"": 0, ""regret"": 0, ""abertura"": 0}",0.6506757004535757,14.099683800362982,0.0,186.0,0.0,
holmberg_p28,holmberg,4.119191919191919,30,150,hibridopl:rotacao,13979.0,True,-1,1,30.0,29.9630326,0.0,13722.0,13722.0,otimo_publicado,"[[0.2755897999741137, 15284.0], [0.3388779999804683, 14296.000000000002], [3.3042886999901384, 14296.0], [6.420619300013641, 14296.0], [8.814127999998163, 14296.0], [11.094101800001226, 14013.0], [13.40537249998306, 13984.0], [14.23995770001784, 13984.0], [14.33843830000842, 13981.0], [14.408744000014849, 13979.0]]",29.9630326,28.734375,0.958994217427778,False,77.5,948.16796875,2,,,,,3882eca9dc70b2d799f0,14.239748800027883,13984.0,324.0,324.0,4.0,"{""interior"": 81, ""fronteira"": 81, ""liberacao"": 81, ""regret"": 81, ""abertura"": 0}","{""interior"": 0, ""fronteira"": 1, ""liberacao"": 1, ""regret"": 0, ""abertura"": 0}",0.7364704001520295,14.88952930009691,0.0,226.0,0.0,
holmberg_p28,holmberg,4.119191919191919,30,150,hibridopl:rotacao,13724.0,True,-1,2,30.0,29.950479,0.0,13722.0,13722.0,otimo_publicado,"[[0.3635381999774836, 15284.0], [0.4712876999983564, 14296.000000000002], [4.185854100011056, 14296.0], [7.507623200013768, 14296.0], [9.269238899985794, 14296.0], [11.664255499985302, 14013.0], [14.782340999983717, 13862.0], [15.107471299997997, 13862.0], [15.844151500001317, 13724.0]]",29.950479,27.1875,0.907748420317418,False,77.1,997.54296875,4,,,,,3882eca9dc70b2d799f0,15.107259299984435,13862.0,259.0,259.0,4.0,"{""interior"": 65, ""fronteira"": 65, ""liberacao"": 65, ""regret"": 64, ""abertura"": 0}","{""interior"": 0, ""fronteira"": 0, ""liberacao"": 1, ""regret"": 0, ""abertura"": 0}",0.6529156998440158,14.113123999995878,0.0,165.0,0.0,
holmberg_p28,holmberg,4.119191919191919,30,150,kernel,13722.0,True,-1,0,30.0,17.7400021,0.0,13722.0,13722.0,otimo_publicado,"[[0.28040999997756444, 15284.0], [0.3439256999990903, 14296.000000000002], [3.5491339000000153, 13724.0], [7.847295599989593, 13724.0], [11.342599199997494, 13722.0], [11.731137400027364, 13722.0], [14.258611400000518, 13722.0]]",17.7400021,17.234375,0.9714979120549259,False,76.4,948.16796875,2,4.0,,0.3,4.0,3882eca9dc70b2d799f0,,,,,,,,,,,,,0.16523129999404773
holmberg_p29,holmberg,3.0303030303030303,30,150,adaptativa:gnn,12376.0,True,0,0,30.0,29.5743624,0.0,12371.0,12371.0,otimo_publicado,"[[0.38945589994546026, 23404.0], [0.47473559994250536, 17059.000000000004], [3.8150073999422602, 14302.0], [4.701615399942966, 13897.0], [6.664434299978893, 13897.0], [9.304842799989274, 13891.0], [13.09844809997594, 13891.0], [13.701188799983356, 13655.999999999996], [14.279434499971103, 13390.999999999998], [15.295302099984838, 13386.00000000001], [16.761893799965037, 13386.0], [18.23219539996353, 13080.999999999996], [19.155261899984907, 12850.0], [21.13253039997653, 12647.0], [24.2907736999623, 12376.0]]",29.5743624,27.125,0.917179536556974,False,77.8,844.65234375,4,4.0,False,1.0,4.0,3882eca9dc70b2d799f0,,,,,,,,,,,,,
holmberg_p29,holmberg,3.0303030303030303,30,150,adaptativa:pl,12387.0,True,-1,0,30.0,30.0846898,0.0846897999999996,12371.0,12371.0,otimo_publicado,"[[0.26834639997105114, 15535.0], [1.1677583999698982, 13571.000000000002], [2.7795123999821953, 12655.0], [8.141322999988915, 12655.0], [10.665827599994373, 12429.0], [14.982671699981438, 12429.0], [17.355423899978632, 12429.0], [20.281834599969443, 12420.0], [25.235833999991883, 12387.0]]",30.0846898,29.046875,0.9655035565631792,False,76.8,921.46484375,6,4.0,False,1.0,4.0,3882eca9dc70b2d799f0,,,,,,,,,,,,,
holmberg_p29,holmberg,3.0303030303030303,30,150,completo,12371.0,True,-1,0,30.0,28.4185382,0.0,12371.0,12371.0,otimo_publicado,"[[0.5409494999912567, 19305.0], [0.7746997000067495, 13970.000000000005], [1.3214604000095278, 13924.000000000002], [1.7208596999989823, 13080.999999999996], [4.767109300009906, 12651.0], [12.528582200000528, 12371.0]]",28.4185382,27.203125,0.9572316777363306,False,77.6,784.734375,6,1.0,False,1.0,1.0,3882eca9dc70b2d799f0,,,,,,,,,,,,,
holmberg_p29,holmberg,3.0303030303030303,30,150,hibrido:rotacao,12382.0,True,-1,0,30.0,29.9830824,0.0,12371.0,12371.0,otimo_publicado,"[[0.3449166999780573, 23404.0], [0.4329812999931164, 17059.000000000004], [3.692868100013584, 17059.0], [3.977351900015492, 15226.0], [4.757167900010245, 14938.000000000007], [4.986564100021496, 14607.000000000005], [6.698443699977361, 14607.0], [7.001580599986482, 13970.000000000005], [7.2881909999705385, 13655.999999999996], [8.05881699998281, 13390.999999999998], [8.970201299991459, 13391.0], [10.377078899997286, 13080.999999999996], [12.780964399978984, 12471.0], [14.55763810002827, 12471.0], [14.649964200012619, 12449.0], [14.810104500007583, 12431.0], [15.075930600025458, 12426.0], [15.23412060001283, 12416.0], [15.387894300016342, 12403.0], [15.852546100009931, 12401.0], [16.431865500024287, 12398.0], [16.997763100021984, 12397.0], [20.53520500002196, 12387.0], [20.666322600009153, 12382.0]]",29.9830824,27.359375,0.9124937401366044,False,77.1,844.65234375,4,,,,,3882eca9dc70b2d799f0,14.556948000012198,12471.0,326.0,326.0,4.0,"{""interior"": 82, ""fronteira"": 82, ""liberacao"": 81, ""regret"": 81, ""abertura"": 0}","{""interior"": 1, ""fronteira"": 3, ""liberacao"": 5, ""regret"": 1, ""abertura"": 0}",0.5663019996427465,14.741312599828234,0.0,203.0,0.0,
holmberg_p29,holmberg,3.0303030303030303,30,150,hibrido:rotacao,12380.0,True,-1,1,30.0,29.9743537,0.0,12371.0,12371.0,otimo_publicado,"[[0.30964309998671524, 23404.0], [0.37712039999314584, 17059.000000000004], [3.793617199989967, 14043.0], [3.990692899998976, 13913.0], [4.083522500004619, 13913.0], [6.202969999983907, 13909.0], [7.570052600000054, 13909.0], [8.154629299999215, 13655.999999999996], [8.63710349999019, 13390.999999999998], [9.295134299987694, 13391.0], [10.551656299998285, 13080.999999999996], [13.093810699996538, 12471.0], [13.864159899996594, 12461.0], [14.99425719998544, 12461.0], [15.034247599978698, 12419.0], [15.093648699985351, 12407.0], [15.27493209997192, 12399.0], [15.4460495999665, 12398.0], [15.58310549997259, 12385.0], [16.111131399986334, 12380.0]]",29.9743537,28.703125,0.9575894542139869,False,77.1,921.46484375,6,,,,,3882eca9dc70b2d799f0,14.994057199975941,12461.0,318.0,318.0,4.0,"{""interior"": 80, ""fronteira"": 80, ""liberacao"": 79, ""regret"": 79, ""abertura"": 0}","{""interior"": 1, ""fronteira"": 3, ""liberacao"": 2, ""regret"": 0, ""abertura"": 0}",0.535926600365201,14.35354499949608,0.0,247.0,0.0,
holmberg_p29,holmberg,3.0303030303030303,30,150,hibrido:rotacao,12527.0,True,-1,2,30.0,30.263435,0.2634350000000012,12371.0,12371.0,otimo_publicado,"[[0.37192369997501373, 23404.0], [0.46068029999150895, 17059.000000000004], [3.882757799961837, 17059.0], [4.096321299963165, 15226.0], [4.533932199963601, 14938.000000000007], [4.787858499970753, 14607.000000000005], [7.18266729998868, 14607.0], [7.5795095000066794, 13970.000000000005], [8.004472700005863, 13655.999999999996], [8.517377000011038, 13390.999999999998], [8.983283499983372, 13391.0], [10.386452400009148, 13080.999999999996], [12.886029099987354, 12635.0], [14.781251300009899, 12635.0], [14.827324200014118, 12599.0], [14.952773500030162, 12527.0]]",30.263435,29.125,0.9623824922716142,False,77.7,646.6640625,2,,,,,3882eca9dc70b2d799f0,14.780858100013575,12635.0,182.0,182.0,4.0,"{""interior"": 46, ""fronteira"": 46, ""liberacao"": 45, ""regret"": 45, ""abertura"": 0}","{""interior"": 1, ""fronteira"": 0, ""liberacao"": 0, ""regret"": 1, ""abertura"": 0}",0.2954180997912772,15.13028819966712,0.0,140.0,0.0,
holmberg_p29,holmberg,3.0303030303030303,30,150,hibridopl:rotacao,12384.0,True,-1,0,30.0,29.9543495,0.0,12371.0,12371.0,otimo_publicado,"[[0.26473340002121404, 15535.0], [1.1952260000107344, 13571.000000000002], [2.7223409000143874, 12655.0], [3.5954206000023987, 12655.0], [5.86062980000861, 12429.0], [6.968178000010084, 12429.0], [8.704713700019056, 12429.0], [11.434114200033946, 12420.0], [14.518721000000369, 12420.0], [14.563030199991772, 12416.0], [14.764317399996798, 12415.0], [15.03494949999731, 12412.0], [15.268548799998825, 12405.0], [15.394950599991716, 12387.0], [15.648560100002214, 12384.0]]",29.9543495,29.015625,0.9686614960541874,False,78.4,646.6640625,2,,,,,3882eca9dc70b2d799f0,14.518445800000336,12420.0,327.0,327.0,4.0,"{""interior"": 82, ""fronteira"": 82, ""liberacao"": 82, ""regret"": 81, ""abertura"": 0}","{""interior"": 1, ""fronteira"": 1, ""liberacao"": 4, ""regret"": 0, ""abertura"": 0}",0.5848774000478443,14.755336800008081,0.0,252.0,0.0,
holmberg_p29,holmberg,3.0303030303030303,30,150,hibridopl:rotacao,12379.0,True,-1,1,30.0,29.9517238,0.0,12371.0,12371.0,otimo_publicado,"[[0.25587850002921186, 15535.0], [1.2977890000329353, 12900.0], [2.0539932000101544, 12664.0], [4.0872833999746945, 12664.0], [6.353601899987552, 12399.0], [7.244223799993051, 12399.0], [9.613044699974125, 12399.0], [12.394481299968902, 12386.0], [15.01624259998789, 12386.0], [15.058722699992359, 12382.0], [16.245470599998953, 12379.0]]",29.9517238,28.921875,0.9656163763102009,False,78.1,921.46484375,6,,,,,3882eca9dc70b2d799f0,15.016013599990401,12386.0,334.0,334.0,4.0,"{""interior"": 84, ""fronteira"": 84, ""liberacao"": 83, ""regret"": 83, ""abertura"": 0}","{""interior"": 1, ""fronteira"": 0, ""liberacao"": 1, ""regret"": 0, ""abertura"": 0}",0.5706531001778785,14.267348799941828,0.0,258.0,0.0,
holmberg_p29,holmberg,3.0303030303030303,30,150,hibridopl:rotacao,12376.0,True,-1,2,30.0,30.0872735,0.08727349999999845,12371.0,12371.0,otimo_publicado,"[[0.26111179997678846, 15535.0], [1.407182199996896, 13571.000000000002], [2.8106849000032526, 12655.0], [3.723545999993803, 12655.0], [6.2966341999708675, 12650.0], [6.755808899994008, 12650.0], [9.069056800013641, 12650.0], [12.93039090000093, 12385.0], [14.6453376999998, 12385.0], [15.950718500011135, 12376.0]]",30.0872735,27.484375,0.9134883890359823,False,77.5,844.65234375,4,,,,,3882eca9dc70b2d799f0,14.644938200013712,12385.0,306.0,306.0,4.0,"{""interior"": 77, ""fronteira"": 77, ""liberacao"": 76, ""regret"": 76, ""abertura"": 0}","{""interior"": 0, ""fronteira"": 0, ""liberacao"": 1, ""regret"": 0, ""abertura"": 0}",0.5406031003512908,14.79927929994301,0.0,243.0,0.0,
holmberg_p29,holmberg,3.0303030303030303,30,150,kernel,12371.0,True,-1,0,30.0,28.4921695,0.0,12371.0,12371.0,otimo_publicado,"[[0.3249087000149302, 14539.0], [0.39744290002272464, 13695.000000000005], [1.027931200020248, 13504.999999999993], [3.111787900008494, 12421.0], [8.086424899986014, 12421.0], [10.77104949997738, 12386.0], [14.32628979999572, 12376.0], [18.53167090000352, 12371.0], [18.75796590000391, 12371.0]]",28.4921695,27.203125,0.9547579379660787,False,76.2,651.30859375,2,42.0,,0.4,3.0,3882eca9dc70b2d799f0,,,,,,,,,,,,,0.13589689999935217
holmberg_p3,holmberg,1.7396978021978022,10,50,adaptativa:gnn,9314.0,True,0,0,30.0,1.2318397,0.0,9314.0,9314.0,otimo_publicado,"[[0.054683599999407306, 16199.0], [0.07326810000813566, 15127.0], [0.23481460000039078, 14930.0], [0.3851872000086587, 14788.0], [0.4620328999881167, 14788.0], [0.730446600005962, 14788.0], [1.047468500008108, 14788.0], [1.087307999987388, 10126.0], [1.1523809999926016, 9425.999999999996], [1.223430100013502, 9314.0]]",1.2318397,1.234375,1.002058141168855,False,83.0,948.16796875,2,4.0,True,1.0,4.0,3882eca9dc70b2d799f0,,,,,,,,,,,,,
holmberg_p3,holmberg,1.7396978021978022,10,50,adaptativa:pl,9314.0,True,-1,0,30.0,0.4000529,0.0,9314.0,9314.0,otimo_publicado,"[[0.08166299998993054, 9861.0], [0.1280308999994304, 9425.999999999996], [0.15489109998452477, 9314.0], [0.21504499998991378, 9314.0], [0.3299331999733113, 9314.0]]",0.4000529,0.390625,0.9764333666872556,False,83.6,948.16796875,2,3.0,True,0.9,3.0,3882eca9dc70b2d799f0,,,,,,,,,,,,,
holmberg_p3,holmberg,1.7396978021978022,10,50,completo,9314.0,True,-1,0,30.0,0.1195401,0.0,9314.0,9314.0,otimo_publicado,"[[0.05042350001167506, 10126.0], [0.08432930000708438, 9425.999999999996], [0.11462120001669973, 9314.0]]",0.1195401,0.125,1.0456742130883276,False,70.3,948.16796875,2,1.0,True,1.0,1.0,3882eca9dc70b2d799f0,,,,,,,,,,,,,
holmberg_p3,holmberg,1.7396978021978022,10,50,hibrido:rotacao,9314.0,True,-1,0,30.0,29.996919,0.0,9314.0,9314.0,otimo_publicado,"[[0.06321289998595603, 16199.0], [0.08493889999226667, 15127.0], [0.24308539999765344, 14930.0], [0.42553809998207726, 14788.0], [0.5331154000014067, 14788.0], [0.7278283000050578, 14788.0], [0.9386519999825396, 14788.0], [0.9702040999836754, 10126.0], [1.0111093999876175, 9425.999999999996], [1.0562863000086509, 9314.0], [1.0640716000052635, 9314.0]]",29.996919,28.59375,0.9532228959914183,False,76.1,921.46484375,6,,,,,3882eca9dc70b2d799f0,1.0636909999884665,9314.0,683.0,683.0,4.0,"{""interior"": 171, ""fronteira"": 171, ""liberacao"": 171, ""regret"": 170, ""abertura"": 0}","{""interior"": 0, ""fronteira"": 0, ""liberacao"": 0, ""regret"": 0, ""abertura"": 0}",0.71039450034732,28.054108699812787,0.0,665.0,0.0,
holmberg_p3,holmberg,1.7396978021978022,10,50,hibrido:rotacao,9314.0,True,-1,1,30.0,29.9520745,0.0,9314.0,9314.0,otimo_publicado,"[[0.0739402000035625, 16199.0], [0.08837439998751506, 15127.0], [0.2429173999989871, 14930.0], [0.41771710000466555, 14787.999999999998], [0.508478700008709, 14788.0], [0.7201740000164136, 14788.0], [0.9787286999926437, 14788.0], [1.006197799986694, 10126.0], [1.0416098999849055, 9425.999999999996], [1.072596199985128, 9314.0], [1.0768021999683697, 9314.0]]",29.9520745,27.390625,0.9144817331433921,False,75.6,997.54296875,4,,,,,3882eca9dc70b2d799f0,1.0766103999922052,9314.0,694.0,694.0,4.0,"{""interior"": 174, ""fronteira"": 174, ""liberacao"": 173, ""regret"": 173, ""abertura"": 0}","{""interior"": 0, ""fronteira"": 0, ""liberacao"": 0, ""regret"": 0, ""abertura"": 0}",0.7403225996822584,27.96513989995583,0.0,676.0,0.0,
holmberg_p3,holmberg,1.7396978021978022,10,50,hibrido:rotacao,9314.0,True,-1,2,30.0,30.0410619,0.041061899999998985,9314.0,9314.0,otimo_publicado,"[[0.07583200000226498, 16199.0], [0.11207740000099875, 15127.0], [0.2991510999854654, 14930.0], [0.5089242999965791, 14788.0], [0.6144053999742027, 14788.0], [0.8581028000044171, 14788.0], [1.1572338999831118, 14788.0], [1.1985137999872677, 10126.0], [1.2399014999973588, 9425.999999999996], [1.2812868999899365, 9314.0], [1.29123190001701, 9314.0]]",30.0410619,28.75,0.957023426658563,False,77.6,921.46484375,6,,,,,3882eca9dc70b2d799f0,1.2907059999997728,9314.0,698.0,698.0,4.0,"{""interior"": 175, ""fronteira"": 175, ""liberacao"": 174, ""regret"": 174, ""abertura"": 0}","{""interior"": 0, ""fronteira"": 0, ""liberacao"": 0, ""regret"": 0, ""abertura"": 0}",0.7271268996992148,27.856303399516037,0.0,680.0,0.0,
holmberg_p3,holmberg,1.7396978021978022,10,50,hibridopl:rotacao,9314.0,True,-1,0,30.0,30.0608419,0.06084189999999978,9314.0,9314.0,otimo_publicado,"[[0.048186900006840006, 9861.0], [0.07920850001391955, 9425.999999999996], [0.09592709998833016, 9314.0], [0.13589259999571368, 9314.0], [0.23549419999471866, 9314.0], [0.31204970000544563, 9314.0]]",30.0608419,28.65625,0.9532750311959826,False,77.4,948.16796875,2,,,,,3882eca9dc70b2d799f0,0.3118495999951847,9314.0,706.0,706.0,3.0,"{""interior"": 177, ""fronteira"": 177, ""liberacao"": 176, ""regret"": 176, ""abertura"": 0}","{""interior"": 0, ""fronteira"": 0, ""liberacao"": 0, ""regret"": 0, ""abertura"": 0}",0.7175629000121262,28.867250000243075,0.0,688.0,0.0,
holmberg_p3,holmberg,1.7396978021978022,10,50,hibridopl:rotacao,9314.0,True,-1,1,30.0,30.0130984,0.01309840000000051,9314.0,9314.0,otimo_publicado,"[[0.049109400017187, 9861.0], [0.08564930001739413, 9425.999999999996], [0.11213840002892539, 9314.0], [0.14992430002894253, 9314.0], [0.2848733000282664, 9314.0], [0.35937559997546487, 9314.0]]",30.0130984,27.234375,0.907416309940196,False,77.6,997.54296875,4,,,,,3882eca9dc70b2d799f0,0.35866969998460263,9314.0,690.0,690.0,3.0,"{""interior"": 173, ""fronteira"": 173, ""liberacao"": 172, ""regret"": 172, ""abertura"": 0}","{""interior"": 0, ""fronteira"": 0, ""liberacao"": 0, ""regret"": 0, ""abertura"": 0}",0.7332720008562319,28.75255790047231,0.0,672.0,0.0,
holmberg_p3,holmberg,1.7396978021978022,10,50,hibridopl:rotacao,9314.0,True,-1,2,30.0,29.9626818,0.0,9314.0,9314.0,otimo_publicado,"[[0.05117650001193397, 9861.0], [0.0826146999897901, 9425.999999999996], [0.106772600003751, 9314.0], [0.14490019998629577, 9314.0], [0.2639621999987867, 9314.0], [0.3495258000330068, 9314.0]]",29.9626818,28.703125,0.9579624811821751,False,76.3,948.16796875,2,,,,,3882eca9dc70b2d799f0,0.34931680001318455,9314.0,740.0,740.0,3.0,"{""interior"": 185, ""fronteira"": 185, ""liberacao"": 185, ""regret"": 185, ""abertura"": 0}","{""interior"": 0, ""fronteira"": 0, ""liberacao"": 0, ""regret"": 0, ""abertura"": 0}",0.7538634994998574,28.68971479998436,0.0,722.0,0.0,
holmberg_p3,holmberg,1.7396978021978022,10,50,kernel,9314.0,True,-1,0,30.0,0.2516398,0.0,9314.0,9314.0,otimo_publicado,"[[0.057792300009168684, 9861.0], [0.0889041000045836, 9425.999999999996], [0.11398470000131056, 9314.0], [0.1494288000103552, 9314.0]]",0.2516398,0.265625,1.0555762641680688,False,87.9,997.54296875,4,2.0,,0.7,2.0,3882eca9dc70b2d799f0,,,,,,,,,,,,,0.011234600009629503
holmberg_p30,holmberg,3.0303030303030303,30,150,adaptativa:gnn,11421.0,True,0,0,30.0,29.924194,0.0,11331.0,11331.0,otimo_publicado,"[[0.4246568999660667, 15871.0], [0.5041706999763846, 13854.000000000011], [0.8039650999708101, 13210.000000000002], [1.0369161999842618, 13187.000000000004], [4.023078599973815, 11665.0], [7.0831712000072, 11665.0], [9.885016199987149, 11658.0], [13.04429180000443, 11658.0], [16.584365699993214, 11601.0], [17.211118100007297, 11601.0], [21.32283920000191, 11426.0], [22.932554400002118, 11421.0]]",29.924194,27.453125,0.917422370674378,False,76.0,997.54296875,4,6.0,False,1.0,4.0,3882eca9dc70b2d799f0,,,,,,,,,,,,,
holmberg_p30,holmberg,3.0303030303030303,30,150,adaptativa:pl,11445.0,True,-1,0,30.0,29.0325046,0.0,11331.0,11331.0,otimo_publicado,"[[0.24156749999383464, 14411.0], [3.4545641999866348, 11519.0], [8.08666339996853, 11519.0], [14.139460899983533, 11519.0], [16.468528899975354, 11445.0], [18.9101961000124, 11445.0]]",29.0325046,27.984375,0.9638980647918334,False,78.2,921.46484375,6,4.0,False,1.0,4.0,3882eca9dc70b2d799f0,,,,,,,,,,,,,
holmberg_p30,holmberg,3.0303030303030303,30,150,completo,11411.0,True,-1,0,30.0,28.7551585,0.0,11331.0,11331.0,otimo_publicado,"[[0.5961193999974057, 16239.0], [0.8599384000117425, 12036.00000000001], [1.1385201000084635, 12034.0], [1.314268499991158, 11942.000000000002], [4.507536199991591, 11624.0], [4.615635699999984, 11594.0], [4.637437500001397, 11430.0], [9.471309100015787, 11427.0], [19.040032399992924, 11411.0]]",28.7551585,27.625,0.9606971910796458,False,77.1,921.46484375,6,144.0,False,1.0,1.0,3882eca9dc70b2d799f0,,,,,,,,,,,,,
holmberg_p30,holmberg,3.0303030303030303,30,150,hibrido:rotacao,11394.0,True,-1,0,30.0,30.0421684,0.04216840000000133,11331.0,11331.0,otimo_publicado,"[[0.2798507000261452, 15871.0], [0.34346000003279187, 13854.000000000011], [0.6438230000203475, 13210.000000000002], [0.9016899000271223, 13187.000000000004], [3.859770200040657, 11665.0], [4.139367200055858, 11665.0], [6.998723500029882, 11658.0], [7.276207900053123, 11658.0], [9.645721500040963, 11658.0], [13.817301000031875, 11619.0], [13.88694520003628, 11409.0], [13.907812800054671, 11408.0], [15.087684900005115, 11408.0], [15.337389899999835, 11405.0], [15.578897900006268, 11395.0], [15.714001900021685, 11394.0]]",30.0421684,27.640625,0.9200609167745695,False,76.8,997.54296875,4,,,,,3882eca9dc70b2d799f0,15.0873724000121,11408.0,295.0,295.0,4.0,"{""interior"": 74, ""fronteira"": 74, ""liberacao"": 74, ""regret"": 73, ""abertura"": 0}","{""interior"": 0, ""fronteira"": 0, ""liberacao"": 2, ""regret"": 1, ""abertura"": 0}",0.36684510012855753,14.487614399957238,0.0,256.0,0.0,
holmberg_p30,holmberg,3.0303030303030303,30,150,hibrido:rotacao,11392.0,True,-1,1,30.0,29.9657329,0.0,11331.0,11331.0,otimo_publicado,"[[0.26418319999356754, 15871.0], [0.3333060999866575, 13854.000000000011], [0.6592194999975618, 13210.000000000002], [0.9037627000070643, 13187.000000000004], [2.7210567999863997, 11671.0], [4.074296699982369, 11671.0], [7.191508399992017, 11671.0], [10.051045300002443, 11671.0], [14.409420099982526, 11603.0], [15.00521299999673, 11603.0], [15.085091300017666, 11595.0], [15.702340399991954, 11392.0]]",29.9657329,27.328125,0.9119791960769963,False,78.1,997.54296875,4,,,,,3882eca9dc70b2d799f0,15.004853099992033,11603.0,284.0,284.0,4.0,"{""interior"": 71, ""fronteira"": 71, ""liberacao"": 71, ""regret"": 71, ""abertura"": 0}","{""interior"": 0, ""fronteira"": 1, ""liberacao"": 1, ""regret"": 0, ""abertura"": 0}",0.4874605999211781,14.372802500030957,0.0,220.0,0.0,
holmberg_p30,holmberg,3.0303030303030303,30,150,hibrido:rotacao,11392.0,True,-1,2,30.0,29.9750621,0.0,11331.0,11331.0,otimo_publicado,"[[0.2517927000008058, 15871.0], [0.3063914999947883, 13854.000000000011], [0.6086874000029638, 13210.000000000002], [0.8750221999944188, 13187.000000000004], [2.70829350000713, 11671.0], [4.31759350001812, 11671.0], [7.248061200021766, 11671.0], [9.308750700030942, 11671.0], [13.149755700025707, 11603.0], [15.046851899998728, 11603.0], [15.574276700004702, 11595.0], [15.815035799983889, 11392.0]]",29.9750621,27.46875,0.9163867587116692,False,76.6,997.54296875,4,,,,,3882eca9dc70b2d799f0,15.046299699984957,11603.0,281.0,281.0,4.0,"{""interior"": 71, ""fronteira"": 70, ""liberacao"": 70, ""regret"": 70, ""abertura"": 0}","{""interior"": 0, ""fronteira"": 0, ""liberacao"": 2, ""regret"": 0, ""abertura"": 0}",0.4933169998694211,14.337453299958725,0.0,218.0,0.0,
holmberg_p30,holmberg,3.0303030303030303,30,150,hibridopl:rotacao,11394.0,True,-1,0,30.0,29.9672456,0.0,11331.0,11331.0,otimo_publicado,"[[0.25030020001577213, 14411.0], [3.4720300000044517, 11519.0], [4.05362230000901, 11519.0], [7.093953599978704, 11519.0], [9.16312189999735, 11519.0], [12.630196700018132, 11424.0], [15.004117000004044, 11424.0], [15.049608500004979, 11416.0], [15.114775400026701, 11411.0], [15.682780900009675, 11408.0], [16.767699000018183, 11405.0], [18.232073500024853, 11394.0]]",29.9672456,28.609375,0.9546881746115499,False,76.5,921.46484375,6,,,,,3882eca9dc70b2d799f0,15.003698200016515,11424.0,269.0,269.0,4.0,"{""interior"": 68, ""fronteira"": 67, ""liberacao"": 67, ""regret"": 67, ""abertura"": 0}","{""interior"": 1, ""fronteira"": 2, ""liberacao"": 2, ""regret"": 0, ""abertura"": 0}",0.40316739966510795,14.47491359981359,0.0,204.0,0.0,
holmberg_p30,holmberg,3.0303030303030303,30,150,hibridopl:rotacao,11392.0,True,-1,1,30.0,30.4126335,0.4126334999999983,11331.0,11331.0,otimo_publicado,"[[0.2306926999881398, 14411.0], [1.685437499982072, 14316.00000000001], [3.107377499982249, 11516.0], [3.9429326000099536, 11516.0], [7.176831699965987, 11516.0], [9.13226509996457, 11516.0], [12.958873599971412, 11424.0], [14.859176900004968, 11424.0], [14.933196800004225, 11410.0], [15.260483200021554, 11408.0], [15.604906699998537, 11403.0], [15.898045100009767, 11396.0], [16.017660800018348, 11395.0], [18.00013110000873, 11392.0]]",30.4126335,29.171875,0.9592025300932917,False,76.4,839.55078125,2,,,,,3882eca9dc70b2d799f0,14.858977199997753,11424.0,187.0,187.0,4.0,"{""interior"": 47, ""fronteira"": 47, ""liberacao"": 47, ""regret"": 46, ""abertura"": 0}","{""interior"": 0, ""fronteira"": 2, ""liberacao"": 3, ""regret"": 1, ""abertura"": 0}",0.30326739998417906,15.190409699891461,0.0,111.0,0.0,
holmberg_p30,holmberg,3.0303030303030303,30,150,hibridopl:rotacao,11394.0,True,-1,2,30.0,29.9837962,0.0,11331.0,11331.0,otimo_publicado,"[[0.28504220000468194, 14411.0], [3.1820895000128075, 11516.0], [4.080616400024155, 11516.0], [7.1715547000057995, 11516.0], [9.839298600010807, 11516.0], [12.8678293999983, 11424.0], [14.00210650000372, 11424.0], [14.281997699989006, 11421.0], [14.29912469998817, 11413.0], [14.349909899989143, 11408.0], [14.445904399995925, 11407.0], [14.487277299980633, 11402.0], [14.93269329998293, 11394.0]]",29.9837962,29.1875,0.9734424488917784,False,76.8,948.16796875,2,,,,,3882eca9dc70b2d799f0,14.001896699977806,11424.0,323.0,323.0,4.0,"{""interior"": 81, ""fronteira"": 81, ""liberacao"": 81, ""regret"": 80, ""abertura"": 0}","{""interior"": 1, ""fronteira"": 1, ""liberacao"": 2, ""regret"": 2, ""abertura"": 0}",0.4189461001660675,15.456174500082852,0.0,279.0,0.0,
holmberg_p30,holmberg,3.0303030303030303,30,150,kernel,11438.0,True,-1,0,30.0,29.4411062,0.0,11331.0,11331.0,otimo_publicado,"[[0.5281834999914281, 12239.0], [0.6142359999939799, 12036.00000000001], [0.7350593000010122, 12034.0], [4.225314499984961, 11602.0], [6.609465800022008, 11602.0], [18.63346520002233, 11602.0], [21.529242800024804, 11598.0], [23.65110570003162, 11438.0]]",29.4411062,28.4375,0.965911396359149,False,77.5,839.55078125,2,6.0,,0.4,3.0,3882eca9dc70b2d799f0,,,,,,,,,,,,,0.0950680999958422
holmberg_p31,holmberg,3.0303030303030303,30,150,adaptativa:gnn,13632.0,True,0,0,30.0,30.0017305,0.0017305000000007453,13331.0,13331.0,otimo_publicado,"[[0.6868135999538936, 15878.0], [0.7929485999629833, 14445.000000000007], [6.8798332999576814, 14306.0], [7.103235399990808, 14306.0], [11.38183850000496, 14303.0], [13.142359099991154, 14303.0], [14.086573999986285, 14217.0], [17.195820799970534, 14217.0], [18.801566199981607, 14173.999999999996], [23.267628199973842, 14022.0], [26.972247099969536, 13632.0]]",30.0017305,27.046875,0.9015104978694479,False,78.0,997.54296875,4,3.0,False,1.0,4.0,3882eca9dc70b2d799f0,,,,,,,,,,,,,
holmberg_p31,holmberg,3.0303030303030303,30,150,adaptativa:pl,13610.0,True,-1,0,30.0,29.9981574,0.0,13331.0,13331.0,otimo_publicado,"[[0.2274724999733735, 16611.0], [1.1414316999725997, 14144.99999999999], [1.2551032999763265, 14065.000000000005], [1.3058875999995507, 13851.0], [2.6377784999785945, 13716.0], [8.121846699970774, 13716.0], [13.983048999973107, 13610.0], [14.104569199989783, 13610.0], [18.18957029999001, 13610.0]]",29.9981574,29.109375,0.9703721002543976,False,75.4,948.16796875,2,21.0,False,1.0,4.0,3882eca9dc70b2d799f0,,,,,,,,,,,,,
holmberg_p31,holmberg,3.0303030303030303,30,150,completo,14015.0,True,-1,0,30.0,27.9986977,0.0,13331.0,13331.0,otimo_publicado,"[[0.8827535000164062, 21639.0], [1.2001419000152964, 14446.000000000005], [2.110348600021098, 14173.999999999996], [7.206441000016639, 14015.0]]",27.9986977,26.765625,0.9559596409371569,False,78.9,948.16796875,2,21.0,False,1.0,1.0,3882eca9dc70b2d799f0,,,,,,,,,,,,,
holmberg_p31,holmberg,3.0303030303030303,30,150,hibrido:rotacao,13594.0,True,-1,0,30.0,30.3131882,0.31318819999999903,13331.0,13331.0,otimo_publicado,"[[0.30405499995686114, 15878.0], [0.46107929994468577, 14445.000000000007], [3.636522899963893, 14445.0], [6.47009559997241, 14445.0], [7.3379940999730024, 14315.000000000005], [7.399177499959478, 14216.999999999998], [8.497236899973359, 14217.0], [9.639078499982134, 14173.999999999996], [13.807735199981835, 14022.0], [15.326618099963525, 14022.0], [16.17220659996383, 13821.0], [16.255954699969152, 13721.0], [16.837426799960667, 13718.0], [16.87829199997941, 13661.0], [17.194545899983495, 13618.0], [17.27992709996761, 13608.0], [17.38457689995994, 13603.0], [17.809778199967695, 13602.0], [17.94537499998114, 13598.0], [20.117766399984248, 13594.0]]",30.3131882,29.09375,0.95977202424389,False,75.8,948.16796875,2,,,,,3882eca9dc70b2d799f0,15.326219299982768,14022.0,99.0,99.0,4.0,"{""interior"": 25, ""fronteira"": 25, ""liberacao"": 25, ""regret"": 24, ""abertura"": 0}","{""interior"": 0, ""fronteira"": 3, ""liberacao"": 5, ""regret"": 2, ""abertura"": 0}",0.14450439988286234,14.807140799966874,0.0,36.0,0.0,
holmberg_p31,holmberg,3.0303030303030303,30,150,hibrido:rotacao,13600.0,True,-1,1,30.0,29.9951179,0.0,13331.0,13331.0,otimo_publicado,"[[0.5729120999749284, 15878.0], [0.6705388999835122, 14445.000000000007], [4.058424199960427, 14445.0], [7.0839818000094965, 14445.0], [8.065272899984848, 14315.000000000005], [8.129845799994655, 14216.999999999998], [9.180025099980412, 14217.0], [10.392498499975773, 14173.999999999996], [14.290942399966298, 14019.0], [15.024851499969373, 14019.0], [15.150632799981395, 14015.0], [17.510363799985498, 13995.0], [18.30457929999102, 13600.0]]",29.9951179,27.59375,0.9199413748595401,False,75.5,997.54296875,4,,,,,3882eca9dc70b2d799f0,15.024486599984812,14019.0,63.0,63.0,4.0,"{""interior"": 16, ""fronteira"": 16, ""liberacao"": 16, ""regret"": 15, ""abertura"": 0}","{""interior"": 0, ""fronteira"": 2, ""liberacao"": 1, ""regret"": 0, ""abertura"": 0}",0.09978340013185516,14.826896500075236,0.0,26.0,0.0,
holmberg_p31,holmberg,3.0303030303030303,30,150,hibrido:rotacao,13608.0,True,-1,2,30.0,30.0264838,0.026483800000001168,13331.0,13331.0,otimo_publicado,"[[0.26871869998285547, 15878.0], [0.4199332999996841, 14445.000000000007], [4.108894999983022, 14445.0], [7.52411260001827, 14445.0], [8.373293000011472, 14315.000000000005], [8.460980000003474, 14216.999999999998], [9.281545400008326, 14217.0], [10.760962100001052, 14173.999999999996], [15.02483339997707, 14174.0], [15.070884299988393, 14159.0], [15.09539629999199, 14149.0], [15.226316399988718, 13771.0], [15.2521287999989, 13758.0], [15.297870999987936, 13703.0], [16.0272875999799, 13700.0], [16.10039579999284, 13691.0], [16.184222599986242, 13643.0], [16.225086299993563, 13640.0], [17.030701099982252, 13629.0], [17.074925699998857, 13626.0], [18.11120139999548, 13619.0], [18.35467709999648, 13611.0], [20.02314010000555, 13608.0]]",30.0264838,29.046875,0.9673751743119519,False,77.6,921.46484375,6,,,,,3882eca9dc70b2d799f0,15.02443889999995,14174.0,95.0,95.0,4.0,"{""interior"": 24, ""fronteira"": 24, ""liberacao"": 24, ""regret"": 23, ""abertura"": 0}","{""interior"": 3, ""fronteira"": 3, ""liberacao"": 6, ""regret"": 2, ""abertura"": 0}",0.14127760016708635,14.81585619985708,0.0,43.0,0.0,
holmberg_p31,holmberg,3.0303030303030303,30,150,hibridopl:rotacao,13338.0,True,-1,0,30.0,29.9933837,0.0,13331.0,13331.0,otimo_publicado,"[[0.24391300001298077, 16611.0], [1.3098263000138104, 14144.99999999999], [1.4338988999952562, 14065.000000000005], [1.4959691000112798, 13851.0], [2.592458800005261, 13716.0], [4.055790099984733, 13716.0], [7.439778199972352, 13716.0], [9.175741799990647, 13716.0], [15.008748300024308, 13716.0], [17.99265280002146, 13609.0], [18.036021600011736, 13576.0], [18.113827900000615, 13543.0], [18.175393100013025, 13524.0], [18.19775020002271, 13506.0], [18.600363300007302, 13476.0], [18.65066160002607, 13472.0], [18.993914600025164, 13463.0], [19.22852370000328, 13458.0], [19.338841200020397, 13457.0], [19.994489900011104, 13382.0], [20.29943220000132, 13381.0], [21.14440730001661, 13379.0], [21.649497000005795, 13338.0]]",29.9933837,27.609375,0.9205155135597455,False,75.3,997.54296875,4,,,,,3882eca9dc70b2d799f0,15.008456800016575,13716.0,187.0,187.0,4.0,"{""interior"": 47, ""fronteira"": 47, ""liberacao"": 47, ""regret"": 46, ""abertura"": 0}","{""interior"": 0, ""fronteira"": 4, ""liberacao"": 7, ""regret"": 3, ""abertura"": 0}",0.3386910998960957,14.569823599711526,0.0,94.0,0.0,
holmberg_p31,holmberg,3.0303030303030303,30,150,hibridopl:rotacao,13331.0,True,-1,1,30.0,29.9692057,0.0,13331.0,13331.0,otimo_publicado,"[[0.27554419997613877, 16611.0], [2.9457771999877878, 13716.0], [4.072282599983737, 13716.0], [7.1105062999995425, 13716.0], [9.501112800004194, 13716.0], [14.994973300024867, 13716.0], [15.995140200015157, 13390.0], [16.037731300020823, 13366.0], [16.145848700019997, 13361.0], [16.383507200021995, 13352.0], [16.711613700026646, 13342.0], [18.51600350002991, 13341.0], [18.769420100026764, 13337.0], [18.854273300035857, 13336.0], [19.519763900025282, 13332.0], [19.921241600008216, 13331.0]]",29.9692057,28.6875,0.9572325769047659,False,75.9,921.46484375,6,,,,,3882eca9dc70b2d799f0,14.994765000010375,13716.0,247.0,247.0,3.0,"{""interior"": 62, ""fronteira"": 62, ""liberacao"": 62, ""regret"": 61, ""abertura"": 0}","{""interior"": 0, ""fronteira"": 2, ""liberacao"": 6, ""regret"": 2, ""abertura"": 0}",0.4359487999463454,14.46284440002637,0.0,149.0,0.0,
holmberg_p31,holmberg,3.0303030303030303,30,150,hibridopl:rotacao,13592.0,True,-1,2,30.0,30.0675199,0.06751990000000063,13331.0,13331.0,otimo_publicado,"[[0.3227646999876015, 16611.0], [3.0178406999912113, 13715.0], [4.1453573999751825, 13715.0], [7.1692587999859825, 13715.0], [9.75944600001094, 13715.0], [13.617418500012718, 13644.0], [15.069566000020131, 13644.0], [15.309187000006204, 13641.0], [15.323325100005604, 13636.0], [15.34738930000458, 13626.0], [15.455838000023505, 13621.0], [15.672817400016356, 13618.0], [16.619801300024847, 13603.0], [17.527209800027777, 13602.0], [17.604266800015466, 13597.0], [20.457110500021372, 13596.0], [20.620761800033506, 13595.0], [20.877597400016384, 13592.0]]",30.0675199,28.9375,0.9624172561036536,False,78.0,921.46484375,6,,,,,3882eca9dc70b2d799f0,15.06919830001425,13644.0,103.0,103.0,3.0,"{""interior"": 26, ""fronteira"": 26, ""liberacao"": 26, ""regret"": 25, ""abertura"": 0}","{""interior"": 1, ""fronteira"": 3, ""liberacao"": 5, ""regret"": 2, ""abertura"": 0}",0.1664544998202473,14.78892569988966,0.0,21.0,0.0,
holmberg_p31,holmberg,3.0303030303030303,30,150,kernel,13644.0,True,-1,0,30.0,29.8122341,0.0,13331.0,13331.0,otimo_publicado,"[[0.29225460000452586, 14639.0], [0.4096694999898318, 14446.000000000005], [0.7840618999907747, 14165.0], [3.5703292000107467, 14008.0], [7.130451700009871, 14001.0], [7.975393100001384, 14001.0], [15.413605599984294, 13644.0], [18.897969200013904, 13644.0]]",29.8122341,27.0625,0.9077649098428353,False,78.6,997.54296875,4,51.0,,0.4,3.0,3882eca9dc70b2d799f0,,,,,,,,,,,,,0.09140790000674315
holmberg_p32,holmberg,3.0303030303030303,30,150,adaptativa:gnn,15823.0,True,0,0,30.0,29.5334462,0.0,15331.0,15331.0,otimo_publicado,"[[0.27366110001457855, 18278.0], [0.3629164000158198, 16844.999999999996], [3.815145200002007, 16743.0], [7.588612200022908, 16743.0], [12.062347600032808, 16733.0], [14.085740600014105, 16733.0], [15.0773716000258, 16719.000000000007], [15.694388900010381, 16639.000000000015], [17.71778320003068, 16639.0], [22.941612300055567, 16401.0], [28.00979860004736, 15823.0]]",29.5334462,28.484375,0.9644785375571917,False,76.4,948.16796875,2,48.0,False,1.0,4.0,3882eca9dc70b2d799f0,,,,,,,,,,,,,
holmberg_p32,holmberg,3.0303030303030303,30,150,adaptativa:pl,15816.0,True,-1,0,30.0,28.9988275,0.0,15331.0,15331.0,otimo_publicado,"[[0.2499379999935627, 18811.0], [2.6218568999902345, 15922.0], [4.231124999991152, 15917.0], [8.088173399999505, 15917.0], [14.088111299992306, 15917.0], [17.53516820000368, 15857.0], [18.670487999974284, 15857.0], [23.08289359995979, 15824.0], [23.084969599964097, 15822.0], [23.092152499972144, 15821.0], [28.470771899970714, 15816.0]]",28.9988275,27.984375,0.9650174649302631,False,77.6,948.16796875,2,38.0,False,1.0,4.0,3882eca9dc70b2d799f0,,,,,,,,,,,,,
holmberg_p32,holmberg,3.0303030303030303,30,150,completo,15811.0,True,-1,0,30.0,29.0094283,0.0,15331.0,15331.0,otimo_publicado,"[[0.4656787999847438, 27039.0], [0.7643946000025608, 16846.000000000004], [2.856029299990041, 16833.999999999993], [6.95487599997432, 15863.0], [11.836399499996332, 15811.0]]",29.0094283,25.953125,0.894644483566055,True,79.3,997.54296875,4,12.0,False,1.0,1.0,3882eca9dc70b2d799f0,,,,,,,,,,,,,
holmberg_p32,holmberg,3.0303030303030303,30,150,hibrido:rotacao,15808.0,True,-1,0,30.0,29.9927039,0.0,15331.0,15331.0,otimo_publicado,"[[0.31709790002787486, 18278.0], [0.46600230000331067, 16844.999999999996], [4.068447099998593, 16845.0], [7.200779699982377, 16845.0], [8.306801200000336, 16719.000000000007], [8.9507309999899, 16639.000000000015], [9.247113999997964, 16639.0], [14.87899210001342, 16401.0], [15.001862400007667, 16401.0], [16.234828499989817, 15825.0], [16.260097999998834, 15814.0], [16.281300700007705, 15811.0], [16.44842269999208, 15808.0]]",29.9927039,28.71875,0.957524539826501,False,78.4,948.16796875,2,,,,,3882eca9dc70b2d799f0,15.001486799999839,16401.0,91.0,91.0,3.0,"{""interior"": 23, ""fronteira"": 23, ""liberacao"": 23, ""regret"": 22, ""abertura"": 0}","{""interior"": 2, ""fronteira"": 0, ""liberacao"": 1, ""regret"": 1, ""abertura"": 0}",0.12007359994458966,14.830821099778404,0.0,51.0,0.0,
holmberg_p32,holmberg,3.0303030303030303,30,150,hibrido:rotacao,15794.0,True,-1,1,30.0,30.3531924,0.35319240000000107,15331.0,15331.0,otimo_publicado,"[[0.2914339999842923, 18278.0], [0.3721546999877319, 16844.999999999996], [3.4353084999893326, 16845.0], [6.457816899986938, 16845.0], [7.472614800004521, 16719.000000000007], [7.942207499989308, 16639.000000000015], [8.51463709998643, 16639.0], [14.213046699966071, 15836.0], [15.360459999996237, 15836.0], [15.697253899998032, 15835.0], [15.85132529999828, 15832.0], [16.081750599987572, 15805.0], [16.103244700003415, 15797.0], [16.13683229999151, 15794.0]]",30.3531924,29.203125,0.9621104961598702,False,76.3,921.46484375,6,,,,,3882eca9dc70b2d799f0,15.359828399989055,15836.0,151.0,151.0,4.0,"{""interior"": 38, ""fronteira"": 38, ""liberacao"": 38, ""regret"": 37, ""abertura"": 0}","{""interior"": 1, ""fronteira"": 1, ""liberacao"": 2, ""regret"": 1, ""abertura"": 0}",0.1941097000380978,14.729846500093117,0.0,110.0,0.0,
holmberg_p32,holmberg,3.0303030303030303,30,150,hibrido:rotacao,15794.0,True,-1,2,30.0,30.026091,0.026091000000000975,15331.0,15331.0,otimo_publicado,"[[0.3977539000334218, 18278.0], [0.5354923000268172, 16844.999999999996], [4.141642100003082, 16845.0], [7.171392000018386, 16845.0], [8.207756200019503, 16719.000000000007], [8.689825400011614, 16639.000000000015], [9.648535299987998, 16639.0], [15.038867299997946, 16639.0], [15.094594900001539, 16601.0], [15.136165200005053, 16582.0], [16.020723100024043, 16490.0], [16.032616400014376, 16447.0], [16.086924600007478, 16437.0], [16.669557300017914, 15823.0], [18.809149900014745, 15821.0], [19.006888000003528, 15820.0], [19.56562660000054, 15803.0], [20.16379700001562, 15800.0], [22.33185080002295, 15794.0]]",30.026091,28.453125,0.9476133606602338,False,78.5,921.46484375,6,,,,,3882eca9dc70b2d799f0,15.03851690000738,16639.0,119.0,119.0,4.0,"{""interior"": 30, ""fronteira"": 30, ""liberacao"": 30, ""regret"": 29, ""abertura"": 0}","{""interior"": 1, ""fronteira"": 3, ""liberacao"": 6, ""regret"": 1, ""abertura"": 0}",0.17328009975608438,14.759160999878077,0.0,39.0,0.0,
holmberg_p32,holmberg,3.0303030303030303,30,150,hibridopl:rotacao,15804.0,True,-1,0,30.0,30.1370502,0.1370502000000009,15331.0,15331.0,otimo_publicado,"[[0.4986654999956954, 18811.0], [3.375189699989278, 15922.0], [4.209283800009871, 15922.0], [7.303301400010241, 15922.0], [9.337743400014006, 15922.0], [14.52910470002098, 15842.0], [15.135761500016088, 15842.0], [15.359593100001803, 15841.0], [15.385368000017479, 15818.0], [16.042539499991108, 15813.0], [16.164882600016426, 15810.0], [16.26191440000548, 15804.0]]",30.1370502,27.65625,0.9176827133532797,False,76.3,997.54296875,4,,,,,3882eca9dc70b2d799f0,15.133185899991076,15842.0,159.0,159.0,4.0,"{""interior"": 40, ""fronteira"": 40, ""liberacao"": 40, ""regret"": 39, ""abertura"": 0}","{""interior"": 2, ""fronteira"": 0, ""liberacao"": 2, ""regret"": 1, ""abertura"": 0}",0.1862537000561133,14.759361299686134,0.0,114.0,0.0,
holmberg_p32,holmberg,3.0303030303030303,30,150,hibridopl:rotacao,15804.0,True,-1,1,30.0,29.9705969,0.0,15331.0,15331.0,otimo_publicado,"[[1.0257972000108566, 18811.0], [3.132318599993596, 18811.0], [3.2635933999845292, 17039.0], [3.3646614000026602, 16846.000000000004], [3.844529699999839, 16581.999999999975], [6.093679000012344, 16582.0], [8.700270400004229, 16431.0], [9.326641899999231, 16431.0], [14.487821399990935, 16401.0], [15.008987399982288, 16401.0], [15.108566799986875, 16395.0], [16.915089999965858, 16234.0], [16.932483899989165, 16233.0], [17.374013499967987, 16014.0], [17.398825499985833, 15988.0], [17.450110999983735, 15923.0], [18.08999739997671, 15922.0], [20.37602029996924, 15810.0], [21.282017899968196, 15804.0]]",29.9705969,28.75,0.959273520508362,False,77.9,921.46484375,6,,,,,3882eca9dc70b2d799f0,15.008727099979296,16401.0,131.0,131.0,4.0,"{""interior"": 33, ""fronteira"": 33, ""liberacao"": 33, ""regret"": 32, ""abertura"": 0}","{""interior"": 0, ""fronteira"": 3, ""liberacao"": 4, ""regret"": 2, ""abertura"": 0}",0.19754469994222745,14.714532500191126,0.0,68.0,0.0,
holmberg_p32,holmberg,3.0303030303030303,30,150,hibridopl:rotacao,15799.0,True,-1,2,30.0,29.9938137,0.0,15331.0,15331.0,otimo_publicado,"[[0.2596761000168044, 18811.0], [3.289742600027239, 15922.0], [4.06652550000581, 15922.0], [7.199283100024331, 15922.0], [9.432858299987856, 15922.0], [13.969717800006038, 15845.0], [14.99804220002261, 15845.0], [15.379688400018495, 15842.0], [15.886180400004378, 15837.0], [16.14755970000988, 15829.0], [16.23002760001691, 15801.0], [17.101168400025927, 15799.0]]",29.9938137,27.515625,0.9173766722435833,False,77.4,997.54296875,4,,,,,3882eca9dc70b2d799f0,14.997652899997775,15845.0,143.0,143.0,4.0,"{""interior"": 36, ""fronteira"": 36, ""liberacao"": 36, ""regret"": 35, ""abertura"": 0}","{""interior"": 2, ""fronteira"": 1, ""liberacao"": 2, ""regret"": 0, ""abertura"": 0}",0.17788970001856796,14.767374400078552,0.0,94.0,0.0,
holmberg_p32,holmberg,3.0303030303030303,30,150,kernel,15866.0,True,-1,0,30.0,29.9940467,0.0,15331.0,15331.0,otimo_publicado,"[[0.5387248999613803, 17039.0], [0.6189327999600209, 16846.000000000004], [0.9708803999528755, 16581.999999999975], [5.188231399952201, 16429.0], [7.136025899962988, 16429.0], [14.777965599962045, 15866.0], [18.13248809997458, 15866.0]]",29.9940467,27.234375,0.9079926850950726,False,78.3,997.54296875,4,66.0,,0.4,3.0,3882eca9dc70b2d799f0,,,,,,,,,,,,,0.09296539999195375
holmberg_p33,holmberg,4.040404040404041,30,150,adaptativa:gnn,11629.0,True,0,0,30.0,7.7180942,0.0,11629.0,11629.0,otimo_publicado,"[[0.4805704999889713, 13835.0], [0.626293799985433, 12896.999999999998], [2.35301249998156, 12529.999999999995], [2.6412229999841657, 12448.0], [3.3947792999679223, 12448.0], [3.6018293999659363, 12247.000000000004], [5.515760899957968, 11931.000000000002], [5.725912499969127, 11635.0], [5.759376599977259, 11629.0], [6.197051199967973, 11629.0]]",7.7180942,7.234375,0.9373266006522698,False,74.9,844.65234375,4,3.0,True,0.7,3.0,3882eca9dc70b2d799f0,,,,,,,,,,,,,
holmberg_p33,holmberg,4.040404040404041,30,150,adaptativa:pl,11629.0,True,-1,0,30.0,4.4397553,0.0,11629.0,11629.0,otimo_publicado,"[[0.4001808000029996, 12432.0], [0.4845484000106808, 12247.000000000004], [2.460089900007006, 11629.0], [3.2564365999714937, 11629.0]]",4.4397553,3.890625,0.8763151879113698,True,78.4,844.65234375,4,2.0,True,0.5,2.0,3882eca9dc70b2d799f0,,,,,,,,,,,,,
holmberg_p33,holmberg,4.040404040404041,30,150,completo,11629.0,True,-1,0,30.0,3.7538221,0.0,11629.0,11629.0,otimo_publicado,"[[0.791753500001505, 19055.0], [1.0127330999821424, 12247.000000000004], [2.731475100008538, 11641.0], [2.7910490999929607, 11631.0], [3.67460649998975, 11629.0]]",3.7538221,3.421875,0.9115709026274846,False,78.6,844.65234375,4,1.0,True,1.0,1.0,3882eca9dc70b2d799f0,,,,,,,,,,,,,
holmberg_p33,holmberg,4.040404040404041,30,150,hibrido:rotacao,11629.0,True,-1,0,30.0,29.9605081,0.0,11629.0,11629.0,otimo_publicado,"[[0.3010218000272289, 13835.0], [0.38480080003500916, 12896.999999999998], [2.1699865000264253, 12529.999999999995], [2.3112416000221856, 12448.0], [3.007420500041917, 12448.0], [3.199942800041754, 12247.000000000004], [4.897970400023041, 11931.000000000002], [5.100005400017835, 11635.0], [5.130092600040371, 11629.0], [5.576086200017016, 11629.0], [7.478919399989536, 11629.0]]",29.9605081,28.640625,0.9559459040015413,False,77.2,921.46484375,6,,,,,3882eca9dc70b2d799f0,7.478708100010408,11629.0,468.0,468.0,3.0,"{""interior"": 117, ""fronteira"": 117, ""liberacao"": 117, ""regret"": 117, ""abertura"": 0}","{""interior"": 0, ""fronteira"": 0, ""liberacao"": 0, ""regret"": 0, ""abertura"": 0}",1.1764746997796465,21.17528420058079,0.0,328.0,0.0,
holmberg_p33,holmberg,4.040404040404041,30,150,hibrido:rotacao,11629.0,True,-1,1,30.0,29.9508473,0.0,11629.0,11629.0,otimo_publicado,"[[0.28971790001378395, 13835.0], [0.37585110001964495, 12896.999999999998], [2.26275330001954, 12529.999999999995], [2.451031200005673, 12448.0], [3.0777741000347305, 12448.0], [3.354570900031831, 12247.000000000004], [5.117764300026465, 11931.0], [5.327415600040695, 11635.0], [5.3585073000285774, 11629.0], [5.889422200038098, 11629.0], [7.320666900021024, 11629.0]]",29.9508473,28.625,0.9557325611953555,False,77.5,820.1640625,2,,,,,3882eca9dc70b2d799f0,7.3204541000013705,11629.0,466.0,466.0,3.0,"{""interior"": 117, ""fronteira"": 117, ""liberacao"": 116, ""regret"": 116, ""abertura"": 0}","{""interior"": 0, ""fronteira"": 0, ""liberacao"": 0, ""regret"": 0, ""abertura"": 0}",1.1581250994931906,21.3513745998207,0.0,327.0,0.0,
holmberg_p33,holmberg,4.040404040404041,30,150,hibrido:rotacao,11629.0,True,-1,2,30.0,29.9670021,0.0,11629.0,11629.0,otimo_publicado,"[[0.294417600001907, 13835.0], [0.37128170000505634, 12896.999999999998], [2.1473812999902293, 12529.999999999995], [2.2932534999854397, 12448.0], [2.979478699970059, 12448.0], [3.1901218999701086, 12247.000000000004], [5.175351999991108, 12247.0], [8.005188799987081, 11639.0], [8.209086899965769, 11639.0], [9.982560799951898, 11633.0], [10.04040299996268, 11629.0], [10.171970100025646, 11629.0]]",29.9670021,28.796875,0.9609528141622148,False,76.2,921.46484375,6,,,,,3882eca9dc70b2d799f0,10.171758700016653,11629.0,414.0,414.0,4.0,"{""interior"": 104, ""fronteira"": 104, ""liberacao"": 103, ""regret"": 103, ""abertura"": 0}","{""interior"": 0, ""fronteira"": 0, ""liberacao"": 0, ""regret"": 0, ""abertura"": 0}",0.9980897997447755,18.683623299730243,0.0,287.0,0.0,
holmberg_p33,holmberg,4.040404040404041,30,150,hibridopl:rotacao,11629.0,True,-1,0,30.0,29.9813397,0.0,11629.0,11629.0,otimo_publicado,"[[0.27738799998769537, 12432.0], [0.3363491999625694, 12247.000000000004], [2.4680051999748684, 11629.0], [3.4433009999920614, 11629.0], [4.353652800025884, 11629.0]]",29.9813397,28.796875,0.9604932697520518,False,76.2,820.1640625,2,,,,,3882eca9dc70b2d799f0,4.353456000011647,11629.0,554.0,554.0,2.0,"{""interior"": 139, ""fronteira"": 139, ""liberacao"": 138, ""regret"": 138, ""abertura"": 0}","{""interior"": 0, ""fronteira"": 0, ""liberacao"": 0, ""regret"": 0, ""abertura"": 0}",1.3227508997661062,24.165103699779138,0.0,393.0,0.0,
holmberg_p33,holmberg,4.040404040404041,30,150,hibridopl:rotacao,11629.0,True,-1,1,30.0,29.995645,0.0,11629.0,11629.0,otimo_publicado,"[[0.39602580000064336, 12432.0], [0.5121782000060193, 12247.000000000004], [3.2607983000052627, 11629.0], [3.6988346000143792, 11629.0], [4.735958600009326, 11629.0]]",29.995645,27.5,0.9167997554311634,False,76.2,844.65234375,4,,,,,3882eca9dc70b2d799f0,4.735544900002424,11629.0,522.0,522.0,1.0,"{""interior"": 131, ""fronteira"": 131, ""liberacao"": 130, ""regret"": 130, ""abertura"": 0}","{""interior"": 0, ""fronteira"": 0, ""liberacao"": 0, ""regret"": 0, ""abertura"": 0}",1.277914299920667,23.83094259974314,0.0,369.0,0.0,
holmberg_p33,holmberg,4.040404040404041,30,150,hibridopl:rotacao,11629.0,True,-1,2,30.0,29.9578648,0.0,11629.0,11629.0,otimo_publicado,"[[0.41466969999601133, 12432.0], [0.541635600005975, 12247.000000000004], [2.6105623000185005, 11629.0], [3.727904400031548, 11629.0], [4.339731099986238, 11629.0]]",29.9578648,27.171875,0.9070030585090296,False,76.5,844.65234375,4,,,,,3882eca9dc70b2d799f0,4.339530800003558,11629.0,536.0,536.0,2.0,"{""interior"": 134, ""fronteira"": 134, ""liberacao"": 134, ""regret"": 134, ""abertura"": 0}","{""interior"": 0, ""fronteira"": 0, ""liberacao"": 0, ""regret"": 0, ""abertura"": 0}",1.3613096997723915,24.113460599910468,0.0,378.0,0.0,
holmberg_p33,holmberg,4.040404040404041,30,150,kernel,11629.0,True,-1,0,30.0,7.5133731,0.0,11629.0,11629.0,otimo_publicado,"[[0.4104970000043977, 12432.0], [0.5387999000085983, 12247.000000000004], [2.6341441000113264, 11629.0], [3.3763070000277366, 11629.0], [4.626472300005844, 11629.0], [6.178253899997799, 11629.0]]",7.5133731,6.84375,0.9108758355152096,False,79.4,844.65234375,4,4.0,,0.3,4.0,3882eca9dc70b2d799f0,,,,,,,,,,,,,0.1795679999922868
holmberg_p34,holmberg,4.040404040404041,30,150,adaptativa:gnn,10632.0,True,0,0,30.0,0.9536906,0.0,10632.0,10632.0,otimo_publicado,"[[0.23599990000366233, 11300.0], [0.30106709999381565, 10859.000000000002], [0.36982279998483136, 10754.0], [0.38654370000585914, 10632.0], [0.5661271999997552, 10632.0]]",0.9536906,0.90625,0.9502557747764316,False,79.4,948.16796875,2,2.0,True,0.6,2.0,3882eca9dc70b2d799f0,,,,,,,,,,,,,
holmberg_p34,holmberg,4.040404040404041,30,150,adaptativa:pl,10632.0,True,-1,0,30.0,0.940367,0.0,10632.0,10632.0,otimo_publicado,"[[0.24799829997937195, 11358.0], [0.3425208999833558, 10827.000000000002], [0.39187689998652786, 10754.0], [0.40873999998439103, 10666.999999999995], [0.4437188000010792, 10632.0], [0.618070499971509, 10632.0]]",0.940367,0.859375,0.9138719244720412,False,73.4,997.54296875,4,2.0,True,0.5333333333333333,2.0,3882eca9dc70b2d799f0,,,,,,,,,,,,,
holmberg_p34,holmberg,4.040404040404041,30,150,completo,10632.0,True,-1,0,30.0,1.399984,0.0,10632.0,10632.0,otimo_publicado,"[[0.9074332999880426, 15989.0], [1.1740400999842677, 10827.000000000002], [1.3853470000030939, 10631.999999999996]]",1.399984,1.296875,0.9263498725699723,False,91.9,948.16796875,2,1.0,True,1.0,1.0,3882eca9dc70b2d799f0,,,,,,,,,,,,,
holmberg_p34,holmberg,4.040404040404041,30,150,hibrido:rotacao,10632.0,True,-1,0,30.0,29.9863422,0.0,10632.0,10632.0,otimo_publicado,"[[0.259949700004654, 11300.0], [0.3072571000084281, 10859.000000000002], [0.35677459998987615, 10754.0], [0.3705424999934621, 10632.0], [0.5027587999938987, 10632.0], [0.8265401999815367, 10632.0]]",29.9863422,27.59375,0.9202106017452172,False,76.2,997.54296875,4,,,,,3882eca9dc70b2d799f0,0.8263411999796517,10632.0,622.0,622.0,2.0,"{""interior"": 156, ""fronteira"": 156, ""liberacao"": 155, ""regret"": 155, ""abertura"": 0}","{""interior"": 0, ""fronteira"": 0, ""liberacao"": 0, ""regret"": 0, ""abertura"": 0}",1.5051838997460436,27.49297639983706,0.0,444.0,0.0,
holmberg_p34,holmberg,4.040404040404041,30,150,hibrido:rotacao,10632.0,True,-1,1,30.0,29.9692601,0.0,10632.0,10632.0,otimo_publicado,"[[0.35790830000769347, 11300.0], [0.43427840000367723, 10859.000000000002], [0.5093942999956198, 10754.0], [0.5270638999936637, 10632.0], [0.6697896999830846, 10632.0], [1.0398061999876518, 10632.0]]",29.9692601,28.84375,0.9624445149381583,False,76.3,948.16796875,2,,,,,3882eca9dc70b2d799f0,1.0395001999859232,10632.0,638.0,638.0,2.0,"{""interior"": 160, ""fronteira"": 160, ""liberacao"": 159, ""regret"": 159, ""abertura"": 0}","{""interior"": 0, ""fronteira"": 0, ""liberacao"": 0, ""regret"": 0, ""abertura"": 0}",1.5503153998288326,27.218691099842545,0.0,456.0,0.0,
holmberg_p34,holmberg,4.040404040404041,30,150,hibrido:rotacao,10632.0,True,-1,2,30.0,29.9700974,0.0,10632.0,10632.0,otimo_publicado,"[[0.28684210003120825, 11300.0], [0.34835760001442395, 10859.000000000002], [0.4066181000089273, 10641.0], [0.4179283000121359, 10632.0], [0.534164700016845, 10632.0], [0.8618792000052053, 10632.0]]",29.9700974,27.46875,0.9165385628676669,False,77.2,997.54296875,4,,,,,3882eca9dc70b2d799f0,0.8615607999963686,10632.0,626.0,626.0,2.0,"{""interior"": 157, ""fronteira"": 157, ""liberacao"": 156, ""regret"": 156, ""abertura"": 0}","{""interior"": 0, ""fronteira"": 0, ""liberacao"": 0, ""regret"": 0, ""abertura"": 0}",1.6319081998954061,27.29721390036866,0.0,446.0,0.0,
holmberg_p34,holmberg,4.040404040404041,30,150,hibridopl:rotacao,10632.0,True,-1,0,30.0,29.9571482,0.0,10632.0,10632.0,otimo_publicado,"[[0.2705236000183504, 11358.0], [0.3405748000368476, 10827.000000000002], [0.4133711000322364, 10754.0], [0.43163110001478344, 10666.999999999995], [0.4724935000122059, 10632.0], [0.5791004999773577, 10632.0], [0.867937399976654, 10632.0]]",29.9571482,28.96875,0.9670062653026499,False,76.0,948.16796875,2,,,,,3882eca9dc70b2d799f0,0.8676778999797534,10632.0,648.0,648.0,2.0,"{""interior"": 162, ""fronteira"": 162, ""liberacao"": 162, ""regret"": 162, ""abertura"": 0}","{""interior"": 0, ""fronteira"": 0, ""liberacao"": 0, ""regret"": 0, ""abertura"": 0}",1.511956899688812,27.42189869977301,0.0,463.0,0.0,
holmberg_p34,holmberg,4.040404040404041,30,150,hibridopl:rotacao,10632.0,True,-1,1,30.0,29.9804531,0.0,10632.0,10632.0,otimo_publicado,"[[0.3537644000025466, 11358.0], [0.4534683999954723, 10827.000000000002], [0.5318236000020988, 10754.0], [0.5466117000032682, 10643.999999999995], [0.6052225999883376, 10632.0], [0.7617668999882881, 10632.0], [1.0704746000119485, 10632.0]]",29.9804531,28.796875,0.9605216740370078,False,75.7,921.46484375,6,,,,,3882eca9dc70b2d799f0,1.0701408000022639,10632.0,626.0,626.0,2.0,"{""interior"": 157, ""fronteira"": 157, ""liberacao"": 156, ""regret"": 156, ""abertura"": 0}","{""interior"": 0, ""fronteira"": 0, ""liberacao"": 0, ""regret"": 0, ""abertura"": 0}",1.5322366994805634,27.21835359960096,0.0,447.0,0.0,
holmberg_p34,holmberg,4.040404040404041,30,150,hibridopl:rotacao,10632.0,True,-1,2,30.0,30.009399,0.009398999999998381,10632.0,10632.0,otimo_publicado,"[[0.35500079998746514, 11358.0], [0.45082559998263605, 10827.000000000002], [0.5273645999841392, 10754.0], [0.5453351000032853, 10666.999999999995], [0.5881096000084653, 10632.0], [0.7635428000066895, 10632.0], [1.0783633000100963, 10632.0]]",30.009399,28.765625,0.958553851744915,False,76.6,921.46484375,6,,,,,3882eca9dc70b2d799f0,1.0780311999842525,10632.0,647.0,647.0,2.0,"{""interior"": 162, ""fronteira"": 162, ""liberacao"": 162, ""regret"": 161, ""abertura"": 0}","{""interior"": 0, ""fronteira"": 0, ""liberacao"": 0, ""regret"": 0, ""abertura"": 0}",1.5889070999983232,27.165605699527077,0.0,461.0,0.0,
holmberg_p34,holmberg,4.040404040404041,30,150,kernel,10632.0,True,-1,0,30.0,1.6868805,0.0,10632.0,10632.0,otimo_publicado,"[[0.26797510002506897, 11358.0], [0.32617530002607964, 10827.000000000002], [0.3727566000306979, 10754.0], [0.38380550002329983, 10666.999999999995], [0.41092780002509244, 10632.0], [0.5466417000279762, 10632.0], [1.0053453000437003, 10632.0], [1.4152943000080995, 10632.0]]",1.6868805,1.609375,0.9540539475084334,False,73.6,921.46484375,6,4.0,,0.3,4.0,3882eca9dc70b2d799f0,,,,,,,,,,,,,0.13931090000551194
holmberg_p35,holmberg,4.040404040404041,30,150,adaptativa:gnn,12232.0,True,0,0,30.0,9.902434,0.0,12232.0,12232.0,otimo_publicado,"[[0.2583133000298403, 13100.0], [0.31647510002949275, 12731.000000000011], [2.010804100020323, 12334.0], [2.1131715000374243, 12232.0], [7.528887600026792, 12232.0], [8.424558200029423, 12232.0]]",9.902434,9.640625,0.9735611466837345,False,75.8,948.16796875,2,3.0,True,0.7,3.0,3882eca9dc70b2d799f0,,,,,,,,,,,,,
holmberg_p35,holmberg,4.040404040404041,30,150,adaptativa:pl,12232.0,True,-1,0,30.0,7.4565982,0.0,12232.0,12232.0,otimo_publicado,"[[0.35318680002819747, 13100.0], [0.40877350003574975, 12731.000000000011], [2.322375500021735, 12334.0], [2.424453200015705, 12232.0], [6.450624500022968, 12232.0]]",7.4565982,7.1875,0.9639113986321537,False,73.2,921.46484375,6,2.0,True,0.6,2.0,3882eca9dc70b2d799f0,,,,,,,,,,,,,
holmberg_p35,holmberg,4.040404040404041,30,150,completo,12232.0,True,-1,0,30.0,4.6212656,0.0,12232.0,12232.0,otimo_publicado,"[[0.4629397999960929, 21389.0], [0.6822208999947179, 12731.000000000011], [1.9167034999991301, 12724.999999999993], [2.2344920999894384, 12288.0], [2.3493274000065867, 12232.0]]",4.6212656,4.484375,0.9703781146013335,False,78.1,921.46484375,6,1.0,True,1.0,1.0,3882eca9dc70b2d799f0,,,,,,,,,,,,,
holmberg_p35,holmberg,4.040404040404041,30,150,hibrido:rotacao,12232.0,True,-1,0,30.0,29.9538742,0.0,12232.0,12232.0,otimo_publicado,"[[0.3792795000190381, 13100.0], [0.44313090000650845, 12731.000000000011], [2.3244528000068385, 12334.0], [2.3928492000268307, 12232.0], [3.8259558000136167, 12232.0], [4.812039900047239, 12232.0], [6.628616200032411, 12232.0]]",29.9538742,27.6875,0.9243378607766204,False,76.3,997.54296875,4,,,,,3882eca9dc70b2d799f0,6.628213900025003,12232.0,492.0,492.0,3.0,"{""interior"": 123, ""fronteira"": 123, ""liberacao"": 123, ""regret"": 123, ""abertura"": 0}","{""interior"": 0, ""fronteira"": 0, ""liberacao"": 0, ""regret"": 0, ""abertura"": 0}",1.2086638998007402,21.982688299875008,0.0,346.0,0.0,
holmberg_p35,holmberg,4.040404040404041,30,150,hibrido:rotacao,12232.0,True,-1,1,30.0,29.9743544,0.0,12232.0,12232.0,otimo_publicado,"[[0.3273505999823101, 13100.0], [0.3875181000039447, 12731.000000000011], [2.3060783999972045, 12235.0], [2.3538247999968007, 12232.0], [3.818505000002915, 12232.0], [5.1010422999970615, 12232.0], [6.746684699988691, 12232.0]]",29.9743544,27.28125,0.9101530473663847,False,77.1,997.54296875,4,,,,,3882eca9dc70b2d799f0,6.746482199989259,12232.0,459.0,459.0,3.0,"{""interior"": 115, ""fronteira"": 115, ""liberacao"": 115, ""regret"": 114, ""abertura"": 0}","{""interior"": 0, ""fronteira"": 0, ""liberacao"": 0, ""regret"": 0, ""abertura"": 0}",1.1594868997344747,21.938096100086113,0.0,321.0,0.0,
holmberg_p35,holmberg,4.040404040404041,30,150,hibrido:rotacao,12232.0,True,-1,2,30.0,29.9627191,0.0,12232.0,12232.0,otimo_publicado,"[[0.25392110002576374, 13100.0], [0.3131357000092976, 12731.000000000011], [1.677304600016214, 12342.0], [1.747382000030484, 12232.0], [4.158407500013709, 12232.0], [5.075902000011411, 12232.0], [6.872691200027475, 12232.0]]",29.9627191,28.84375,0.9626546210220287,False,77.0,948.16796875,2,,,,,3882eca9dc70b2d799f0,6.872486900014337,12232.0,468.0,468.0,3.0,"{""interior"": 117, ""fronteira"": 117, ""liberacao"": 117, ""regret"": 117, ""abertura"": 0}","{""interior"": 0, ""fronteira"": 0, ""liberacao"": 0, ""regret"": 0, ""abertura"": 0}",1.1500003999390174,21.81547919975128,0.0,327.0,0.0,
holmberg_p35,holmberg,4.040404040404041,30,150,hibridopl:rotacao,12232.0,True,-1,0,30.0,29.9673264,0.0,12232.0,12232.0,otimo_publicado,"[[0.2513547000125982, 13100.0], [0.30501579999690875, 12731.000000000011], [1.9194060000008903, 12334.0], [1.9718547000084072, 12232.0], [4.265658600023016, 12232.0], [5.316046699997969, 12232.0]]",29.9673264,29.0625,0.969806235367063,False,76.6,948.16796875,2,,,,,3882eca9dc70b2d799f0,5.315832499996759,12232.0,532.0,532.0,2.0,"{""interior"": 133, ""fronteira"": 133, ""liberacao"": 133, ""regret"": 133, ""abertura"": 0}","{""interior"": 0, ""fronteira"": 0, ""liberacao"": 0, ""regret"": 0, ""abertura"": 0}",1.2477962002740242,23.267579700011993,0.0,376.0,0.0,
holmberg_p35,holmberg,4.040404040404041,30,150,hibridopl:rotacao,12232.0,True,-1,1,30.0,29.9561737,0.0,12232.0,12232.0,otimo_publicado,"[[0.33870669998577796, 13100.0], [0.3988969999772962, 12731.000000000011], [2.632973799976753, 12235.0], [2.6899847999738995, 12232.0], [3.4221077999973204, 12232.0], [4.43683580000652, 12232.0]]",29.9561737,28.578125,0.9539978398509553,False,77.6,921.46484375,6,,,,,3882eca9dc70b2d799f0,4.436170400003903,12232.0,520.0,520.0,2.0,"{""interior"": 130, ""fronteira"": 130, ""liberacao"": 130, ""regret"": 130, ""abertura"": 0}","{""interior"": 0, ""fronteira"": 0, ""liberacao"": 0, ""regret"": 0, ""abertura"": 0}",1.2763235001184512,24.099680800369242,0.0,367.0,0.0,
holmberg_p35,holmberg,4.040404040404041,30,150,hibridopl:rotacao,12232.0,True,-1,2,30.0,30.0321609,0.032160900000000936,12232.0,12232.0,otimo_publicado,"[[0.5627435999922454, 13100.0], [0.6264687999791931, 12731.000000000011], [2.2124812999973074, 12342.0], [2.3248676999937743, 12232.0], [4.485158199968282, 12232.0], [5.53113069999381, 12232.0]]",30.0321609,28.609375,0.9526245911928368,False,75.2,921.46484375,6,,,,,3882eca9dc70b2d799f0,5.530799500003923,12232.0,507.0,507.0,2.0,"{""interior"": 127, ""fronteira"": 127, ""liberacao"": 127, ""regret"": 126, ""abertura"": 0}","{""interior"": 0, ""fronteira"": 0, ""liberacao"": 0, ""regret"": 0, ""abertura"": 0}",1.2387242001714185,23.129279699816834,0.0,356.0,0.0,
holmberg_p35,holmberg,4.040404040404041,30,150,kernel,12232.0,True,-1,0,30.0,11.3062302,0.0,12232.0,12232.0,otimo_publicado,"[[0.2915404999803286, 13100.0], [0.36968000000342727, 12731.000000000011], [2.2307637000049, 12334.0], [2.295397099980619, 12232.0], [7.362825000018347, 12232.0], [8.754423500038683, 12232.0], [10.158049100020435, 12232.0]]",11.3062302,10.265625,0.9079617890674117,False,75.8,997.54296875,4,4.0,,0.3,4.0,3882eca9dc70b2d799f0,,,,,,,,,,,,,0.14406600000802428
holmberg_p36,holmberg,4.040404040404041,30,150,adaptativa:gnn,13832.0,True,0,0,30.0,9.3122763,0.0,13832.0,13832.0,otimo_publicado,"[[0.29971999998087995, 14900.0], [0.3595334999845363, 14334.0], [0.5033474999945611, 14010.999999999993], [2.055087899992941, 13852.0], [2.12477559997933, 13840.0], [5.889481199992588, 13832.0], [6.011903700011317, 13832.0]]",9.3122763,8.8125,0.9463314571110825,False,75.9,921.46484375,6,2.0,True,0.5333333333333333,2.0,3882eca9dc70b2d799f0,,,,,,,,,,,,,
holmberg_p36,holmberg,4.040404040404041,30,150,adaptativa:pl,13832.0,True,-1,0,30.0,9.7615687,0.0,13832.0,13832.0,otimo_publicado,"[[0.7405127999663819, 14900.0], [0.8487022999906912, 14334.0], [0.9771751999796834, 14010.999999999993], [2.550745199987432, 13852.0], [2.6016740999766625, 13840.0], [6.376539999968372, 13832.0], [6.500763199990615, 13832.0]]",9.7615687,9.40625,0.9636002459317835,False,74.6,921.46484375,6,2.0,True,0.5333333333333333,2.0,3882eca9dc70b2d799f0,,,,,,,,,,,,,
holmberg_p36,holmberg,4.040404040404041,30,150,completo,13832.0,True,-1,0,30.0,15.2747157,0.0,13832.0,13832.0,otimo_publicado,"[[0.7122369999997318, 26789.0], [1.077275199990254, 14334.0], [1.4979643000115175, 14010.999999999993], [2.51195220000227, 13911.0], [2.645011999993585, 13836.0], [11.520217499986757, 13835.0], [15.245506200008094, 13832.0]]",15.2747157,14.5625,0.9533728997653291,False,75.2,948.16796875,2,1.0,True,1.0,1.0,3882eca9dc70b2d799f0,,,,,,,,,,,,,
holmberg_p36,holmberg,4.040404040404041,30,150,hibrido:rotacao,13832.0,True,-1,0,30.0,29.9746068,0.0,13832.0,13832.0,otimo_publicado,"[[0.2917142999940552, 14900.0], [0.38824549998389557, 14334.0], [0.5857173999829683, 14010.999999999993], [2.1240027000021655, 13852.0], [2.183551299996907, 13840.0], [4.095732399990084, 13840.0], [5.5953856999694835, 13832.0], [7.20207929998287, 13832.0], [9.244928400003118, 13832.0], [14.986164700007066, 13832.0]]",29.9746068,28.796875,0.9607090158727286,False,78.4,948.16796875,2,,,,,3882eca9dc70b2d799f0,14.985723899997538,13832.0,307.0,307.0,4.0,"{""interior"": 77, ""fronteira"": 77, ""liberacao"": 77, ""regret"": 76, ""abertura"": 0}","{""interior"": 0, ""fronteira"": 0, ""liberacao"": 0, ""regret"": 0, ""abertura"": 0}",0.7689305001113098,14.126407799922163,0.0,207.0,0.0,
holmberg_p36,holmberg,4.040404040404041,30,150,hibrido:rotacao,13832.0,True,-1,1,30.0,29.9814504,0.0,13832.0,13832.0,otimo_publicado,"[[0.2940010000311304, 14900.0], [0.3500735000416171, 14334.0], [0.4736885000311304, 14010.999999999993], [2.260287600045558, 13865.0], [2.3598595000221394, 13832.0], [4.085018100042362, 13832.0], [7.196377800020855, 13832.0], [9.609207800036529, 13832.0], [15.003760799998417, 13832.0]]",29.9814504,27.578125,0.9198395885477242,False,76.6,997.54296875,4,,,,,3882eca9dc70b2d799f0,15.003495100012515,13832.0,318.0,318.0,4.0,"{""interior"": 80, ""fronteira"": 80, ""liberacao"": 79, ""regret"": 79, ""abertura"": 0}","{""interior"": 0, ""fronteira"": 0, ""liberacao"": 0, ""regret"": 0, ""abertura"": 0}",0.7455020001507364,14.141235899791354,0.0,216.0,0.0,
holmberg_p36,holmberg,4.040404040404041,30,150,hibrido:rotacao,13832.0,True,-1,2,30.0,29.9661776,0.0,13832.0,13832.0,otimo_publicado,"[[0.28725099994335324, 14900.0], [0.35114179993979633, 14334.0], [0.47552089995588176, 14010.999999999993], [1.838965399947483, 13852.0], [1.9002762999443803, 13840.0], [4.187646099977428, 13840.0], [6.116469099972164, 13832.0], [7.502009299962083, 13832.0], [9.233159099967452, 13832.0], [15.036984799982747, 13832.0]]",29.9661776,27.5625,0.919786980105197,False,76.0,997.54296875,4,,,,,3882eca9dc70b2d799f0,15.036665899999207,13832.0,307.0,307.0,4.0,"{""interior"": 77, ""fronteira"": 77, ""liberacao"": 77, ""regret"": 76, ""abertura"": 0}","{""interior"": 0, ""fronteira"": 0, ""liberacao"": 0, ""regret"": 0, ""abertura"": 0}",0.7415316002152395,14.102751999977045,0.0,206.0,0.0,
holmberg_p36,holmberg,4.040404040404041,30,150,hibridopl:rotacao,13832.0,True,-1,0,30.0,29.9804061,0.0,13832.0,13832.0,otimo_publicado,"[[0.2822891999967396, 14900.0], [0.34534420000272803, 14334.0], [0.4751047000172548, 14010.999999999993], [1.8108778000168968, 13852.0], [1.8660205000196584, 13840.0], [4.340845600003377, 13840.0], [6.059256500011543, 13832.0], [7.150366699992446, 13832.0], [9.208919799973955, 13832.0], [15.018410799995763, 13832.0]]",29.9804061,27.6875,0.9235198451831511,False,76.4,997.54296875,4,,,,,3882eca9dc70b2d799f0,15.018224300001748,13832.0,303.0,303.0,4.0,"{""interior"": 76, ""fronteira"": 76, ""liberacao"": 76, ""regret"": 75, ""abertura"": 0}","{""interior"": 0, ""fronteira"": 0, ""liberacao"": 0, ""regret"": 0, ""abertura"": 0}",0.7652366999245714,14.11304800005746,0.0,204.0,0.0,
holmberg_p36,holmberg,4.040404040404041,30,150,hibridopl:rotacao,13832.0,True,-1,1,30.0,29.9761431,0.0,13832.0,13832.0,otimo_publicado,"[[0.2402830999926664, 14900.0], [0.3092828999797348, 14334.0], [0.47245159998419695, 14010.999999999993], [2.3629905999987386, 13865.0], [2.4316782999958377, 13832.0], [3.3539888999948744, 13832.0], [6.424814600002719, 13832.0], [8.941864099964732, 13832.0], [14.272520099999383, 13832.0]]",29.9761431,28.875,0.9632660180355224,False,76.3,921.46484375,6,,,,,3882eca9dc70b2d799f0,14.272315400012303,13832.0,331.0,331.0,4.0,"{""interior"": 83, ""fronteira"": 83, ""liberacao"": 83, ""regret"": 82, ""abertura"": 0}","{""interior"": 0, ""fronteira"": 0, ""liberacao"": 0, ""regret"": 0, ""abertura"": 0}",0.8010186002065893,14.809612500306685,0.0,225.0,0.0,
holmberg_p36,holmberg,4.040404040404041,30,150,hibridopl:rotacao,13832.0,True,-1,2,30.0,29.9591473,0.0,13832.0,13832.0,otimo_publicado,"[[0.24067090003518388, 14900.0], [0.3091590000258293, 14334.0], [0.43317230002139695, 14010.999999999993], [1.8405490000441205, 13852.0], [1.918768000032287, 13840.0], [3.8116314000217244, 13840.0], [5.524233600008301, 13832.0], [6.842700600042008, 13832.0], [8.90429820001009, 13832.0], [14.726570100028766, 13832.0]]",29.9591473,28.890625,0.9643340216161627,False,76.3,948.16796875,2,,,,,3882eca9dc70b2d799f0,14.726189400011208,13832.0,312.0,312.0,4.0,"{""interior"": 78, ""fronteira"": 78, ""liberacao"": 78, ""regret"": 78, ""abertura"": 0}","{""interior"": 0, ""fronteira"": 0, ""liberacao"": 0, ""regret"": 0, ""abertura"": 0}",0.7591375001356937,14.37960970000131,0.0,210.0,0.0,
holmberg_p36,holmberg,4.040404040404041,30,150,kernel,13832.0,True,-1,0,30.0,18.6509556,0.0,13832.0,13832.0,otimo_publicado,"[[0.3123380000179168, 14900.0], [0.4223067999992054, 14334.0], [0.6131190000160132, 14010.999999999993], [2.189264300017385, 13852.0], [2.2532053000177257, 13840.0], [6.420690200000536, 13832.0], [6.532443500007503, 13832.0], [11.673020500020357, 13832.0], [14.09369290000177, 13832.0]]",18.6509556,17.6875,0.9483428291470491,False,80.3,921.46484375,6,4.0,,0.3,4.0,3882eca9dc70b2d799f0,,,,,,,,,,,,,0.11784059999627061
holmberg_p37,holmberg,6.0606060606060606,30,150,adaptativa:gnn,11258.0,True,0,0,30.0,1.4295125,0.0,11258.0,11258.0,otimo_publicado,"[[0.22443110001040623, 12794.0], [0.2779976000310853, 12394.999999999996], [0.3862214000255335, 12284.0], [0.5008475000213366, 12284.0], [0.6485924000153318, 11679.0], [0.7645049999991897, 11258.0], [1.004045900015626, 11258.0]]",1.4295125,1.375,0.9618663705284144,False,69.9,921.46484375,6,3.0,True,0.6333333333333333,3.0,3882eca9dc70b2d799f0,,,,,,,,,,,,,
holmberg_p37,holmberg,6.0606060606060606,30,150,adaptativa:pl,11258.0,True,-1,0,30.0,0.6388712,0.0,11258.0,11258.0,otimo_publicado,"[[0.29912850001710467, 12039.0], [0.3471482000313699, 11679.0], [0.36064060000353493, 11258.000000000002], [0.4429655000276398, 11258.0]]",0.6388712,0.515625,0.8070875631895756,True,78.4,844.65234375,4,2.0,True,0.43333333333333335,2.0,3882eca9dc70b2d799f0,,,,,,,,,,,,,
holmberg_p37,holmberg,6.0606060606060606,30,150,completo,11258.0,True,-1,0,30.0,0.8957278,0.0,11258.0,11258.0,otimo_publicado,"[[0.5823190000082832, 19055.0], [0.7946992999932263, 11679.0], [0.8865302999911364, 11258.0]]",0.8957278,0.875,0.9768592646114144,False,78.4,921.46484375,6,1.0,True,1.0,1.0,3882eca9dc70b2d799f0,,,,,,,,,,,,,
holmberg_p37,holmberg,6.0606060606060606,30,150,hibrido:rotacao,11258.0,True,-1,0,30.0,29.9714372,0.0,11258.0,11258.0,otimo_publicado,"[[0.2625428000173997, 12794.0], [0.310913299996173, 12394.999999999996], [0.4328817000205163, 12284.0], [0.560845200001495, 12284.0], [0.7110474999935832, 11679.0], [0.8134729999874253, 11258.0], [0.9397347000194713, 11258.0], [1.2789942000235897, 11258.0]]",29.9714372,28.9375,0.9655025819048811,False,76.4,921.46484375,6,,,,,3882eca9dc70b2d799f0,1.2787934000079986,11258.0,587.0,587.0,3.0,"{""interior"": 147, ""fronteira"": 147, ""liberacao"": 147, ""regret"": 146, ""abertura"": 0}","{""interior"": 0, ""fronteira"": 0, ""liberacao"": 0, ""regret"": 0, ""abertura"": 0}",1.4790203997690696,27.06012069960707,0.0,417.0,0.0,
holmberg_p37,holmberg,6.0606060606060606,30,150,hibrido:rotacao,11258.0,True,-1,1,30.0,30.0118922,0.011892199999998354,11258.0,11258.0,otimo_publicado,"[[0.2468030000163708, 12794.0], [0.29647310002474114, 12394.999999999996], [0.39817030003177933, 12333.0], [0.40967810002621263, 12284.000000000002], [0.5592291000066325, 12284.0], [0.7221085000201128, 11679.0], [0.8431278000061866, 11258.0], [0.9616826000274159, 11258.0], [1.3746658000163734, 11258.0]]",30.0118922,28.78125,0.9589948480489344,False,77.5,820.1640625,2,,,,,3882eca9dc70b2d799f0,1.3742517000064254,11258.0,603.0,603.0,3.0,"{""interior"": 151, ""fronteira"": 151, ""liberacao"": 151, ""regret"": 150, ""abertura"": 0}","{""interior"": 0, ""fronteira"": 0, ""liberacao"": 0, ""regret"": 0, ""abertura"": 0}",1.4623707005230244,27.01871019983082,0.0,429.0,0.0,
holmberg_p37,holmberg,6.0606060606060606,30,150,hibrido:rotacao,11258.0,True,-1,2,30.0,29.9597525,0.0,11258.0,11258.0,otimo_publicado,"[[0.24043229999369942, 12794.0], [0.2918133999919519, 12394.999999999996], [0.41281219996744767, 12284.0], [0.5416125999763608, 12284.0], [0.6965950999874622, 11679.0], [0.8001705999777187, 11258.0], [0.9175685999798588, 11258.0], [1.239259800000582, 11258.0]]",29.9597525,28.6875,0.9575346124771892,False,76.8,921.46484375,6,,,,,3882eca9dc70b2d799f0,1.2366001000045799,11258.0,607.0,607.0,3.0,"{""interior"": 152, ""fronteira"": 152, ""liberacao"": 152, ""regret"": 151, ""abertura"": 0}","{""interior"": 0, ""fronteira"": 0, ""liberacao"": 0, ""regret"": 0, ""abertura"": 0}",1.5321510001085699,27.01583459979156,0.0,431.0,0.0,
holmberg_p37,holmberg,6.0606060606060606,30,150,hibridopl:rotacao,11258.0,True,-1,0,30.0,29.9888926,0.0,11258.0,11258.0,otimo_publicado,"[[0.31243689998518676, 12039.0], [0.38989299998502247, 11679.0], [0.41700590000255033, 11258.000000000002], [0.6086441999941599, 11258.0], [0.9004951000097208, 11258.0]]",29.9888926,27.15625,0.9055436078356558,False,77.4,844.65234375,4,,,,,3882eca9dc70b2d799f0,0.9000812000012957,11258.0,586.0,586.0,2.0,"{""interior"": 147, ""fronteira"": 147, ""liberacao"": 146, ""regret"": 146, ""abertura"": 0}","{""interior"": 0, ""fronteira"": 0, ""liberacao"": 0, ""regret"": 0, ""abertura"": 0}",1.4758325997099746,27.44915759965079,0.0,417.0,0.0,
holmberg_p37,holmberg,6.0606060606060606,30,150,hibridopl:rotacao,11258.0,True,-1,1,30.0,29.9969451,0.0,11258.0,11258.0,otimo_publicado,"[[0.2694086999981664, 12039.0], [0.3146069000067655, 11679.0], [0.33771590000833385, 11258.000000000002], [0.4271792000217829, 11258.0], [0.6359335000161082, 11258.0]]",29.9969451,27.734375,0.9245733159674316,False,75.7,844.65234375,4,,,,,3882eca9dc70b2d799f0,0.6355345000047237,11258.0,605.0,605.0,2.0,"{""interior"": 152, ""fronteira"": 151, ""liberacao"": 151, ""regret"": 151, ""abertura"": 0}","{""interior"": 0, ""fronteira"": 0, ""liberacao"": 0, ""regret"": 0, ""abertura"": 0}",1.5770423996145837,27.610617499391083,0.0,431.0,0.0,
holmberg_p37,holmberg,6.0606060606060606,30,150,hibridopl:rotacao,11258.0,True,-1,2,30.0,29.9958827,0.0,11258.0,11258.0,otimo_publicado,"[[0.2525545999815222, 12039.0], [0.31491169999935664, 11679.0], [0.3376717999926768, 11258.000000000002], [0.43143739996594377, 11258.0], [0.6062581999867689, 11258.0]]",29.9958827,29.1875,0.9730502113211691,False,75.5,820.1640625,2,,,,,3882eca9dc70b2d799f0,0.6060495999990962,11258.0,639.0,639.0,2.0,"{""interior"": 160, ""fronteira"": 160, ""liberacao"": 160, ""regret"": 159, ""abertura"": 0}","{""interior"": 0, ""fronteira"": 0, ""liberacao"": 0, ""regret"": 0, ""abertura"": 0}",1.567949100106489,27.651870900503127,0.0,455.0,0.0,
holmberg_p37,holmberg,6.0606060606060606,30,150,kernel,11258.0,True,-1,0,30.0,1.728233,0.0,11258.0,11258.0,otimo_publicado,"[[0.18262009997852147, 12039.0], [0.23061619998770766, 11679.0], [0.2533316999906674, 11258.000000000002], [0.5423240000091027, 11258.0], [0.9250704000005499, 11258.0], [1.3803235000232235, 11258.0]]",1.728233,1.53125,0.8860205770865387,True,81.1,844.65234375,4,4.0,,0.26666666666666666,4.0,3882eca9dc70b2d799f0,,,,,,,,,,,,,0.0752232999948319
holmberg_p38,holmberg,6.0606060606060606,30,150,adaptativa:gnn,10551.0,True,0,0,30.0,0.6035115,0.0,10551.0,10551.0,otimo_publicado,"[[0.235380499943858, 10830.0], [0.27825679996749386, 10602.000000000002], [0.3026325999526307, 10551.0], [0.3895209999755025, 10551.0]]",0.6035115,0.609375,1.0097156392214564,False,65.7,997.54296875,4,2.0,True,0.4666666666666667,2.0,3882eca9dc70b2d799f0,,,,,,,,,,,,,
holmberg_p38,holmberg,6.0606060606060606,30,150,adaptativa:pl,10551.0,True,-1,0,30.0,0.7903862,0.0,10551.0,10551.0,otimo_publicado,"[[0.28890660000615753, 10830.0], [0.37014310000813566, 10602.000000000002], [0.41097190001164563, 10551.0], [0.5393905999953859, 10551.0]]",0.7903862,0.734375,0.9291343902512468,False,86.9,948.16796875,2,2.0,True,0.43333333333333335,2.0,3882eca9dc70b2d799f0,,,,,,,,,,,,,
holmberg_p38,holmberg,6.0606060606060606,30,150,completo,10551.0,True,-1,0,30.0,1.1769606,0.0,10551.0,10551.0,otimo_publicado,"[[0.7110287999967113, 15989.0], [0.9499311999825295, 10602.000000000002], [1.1694376000086777, 10551.0]]",1.1769606,1.03125,0.8761975549563851,True,85.0,997.54296875,4,1.0,True,1.0,1.0,3882eca9dc70b2d799f0,,,,,,,,,,,,,
holmberg_p38,holmberg,6.0606060606060606,30,150,hibrido:rotacao,10551.0,True,-1,0,30.0,29.9534441,0.0,10551.0,10551.0,otimo_publicado,"[[0.3268046999874059, 10830.0], [0.40715529999579303, 10602.000000000002], [0.4514957999926992, 10551.0], [0.6085495000006631, 10551.0], [0.8744250999880023, 10551.0]]",29.9534441,28.875,0.9639959900304086,False,76.8,921.46484375,6,,,,,3882eca9dc70b2d799f0,0.8742145999858622,10551.0,698.0,698.0,2.0,"{""interior"": 175, ""fronteira"": 175, ""liberacao"": 174, ""regret"": 174, ""abertura"": 0}","{""interior"": 0, ""fronteira"": 0, ""liberacao"": 0, ""regret"": 0, ""abertura"": 0}",1.7132401998096611,27.182001199922524,0.0,501.0,0.0,
holmberg_p38,holmberg,6.0606060606060606,30,150,hibrido:rotacao,10551.0,True,-1,1,30.0,29.9774601,0.0,10551.0,10551.0,otimo_publicado,"[[0.30391550000058487, 10830.0], [0.3813607000047341, 10602.000000000002], [0.4171658999985084, 10551.000000000002], [0.5389757000084501, 10551.0], [0.7488935999863315, 10551.0]]",29.9774601,28.875,0.9632236988616657,False,76.9,948.16796875,2,,,,,3882eca9dc70b2d799f0,0.7427283999859355,10551.0,702.0,702.0,2.0,"{""interior"": 176, ""fronteira"": 176, ""liberacao"": 175, ""regret"": 175, ""abertura"": 0}","{""interior"": 0, ""fronteira"": 0, ""liberacao"": 0, ""regret"": 0, ""abertura"": 0}",1.653970200160984,27.39281430034316,0.0,504.0,0.0,
holmberg_p38,holmberg,6.0606060606060606,30,150,hibrido:rotacao,10551.0,True,-1,2,30.0,29.9597415,0.0,10551.0,10551.0,otimo_publicado,"[[0.24457979999715462, 10830.0], [0.3419595999876037, 10602.000000000002], [0.3958513999823481, 10551.000000000002], [0.5848401999974158, 10551.0], [0.960868299996946, 10551.0]]",29.9597415,27.125,0.9053816435632464,False,79.3,997.54296875,4,,,,,3882eca9dc70b2d799f0,0.9604868000023998,10551.0,663.0,663.0,2.0,"{""interior"": 166, ""fronteira"": 166, ""liberacao"": 166, ""regret"": 165, ""abertura"": 0}","{""interior"": 0, ""fronteira"": 0, ""liberacao"": 0, ""regret"": 0, ""abertura"": 0}",1.7093593998870347,27.10332799979369,0.0,473.0,0.0,
holmberg_p38,holmberg,6.0606060606060606,30,150,hibridopl:rotacao,10551.0,True,-1,0,30.0,29.9568418,0.0,10551.0,10551.0,otimo_publicado,"[[0.3339078000281006, 10830.0], [0.4181858000229113, 10602.000000000002], [0.4631818000343628, 10551.0], [0.7492560000100639, 10551.0], [0.9842739000159781, 10551.0]]",29.9568418,28.59375,0.954498147398168,False,79.3,921.46484375,6,,,,,3882eca9dc70b2d799f0,0.9838702000270132,10551.0,665.0,665.0,2.0,"{""interior"": 167, ""fronteira"": 166, ""liberacao"": 166, ""regret"": 166, ""abertura"": 0}","{""interior"": 0, ""fronteira"": 0, ""liberacao"": 0, ""regret"": 0, ""abertura"": 0}",1.6414987002499402,27.150873400241835,0.0,476.0,0.0,
holmberg_p38,holmberg,6.0606060606060606,30,150,hibridopl:rotacao,10551.0,True,-1,1,30.0,29.9712303,0.0,10551.0,10551.0,otimo_publicado,"[[0.2231659000099171, 10830.0], [0.27383109999937005, 10602.000000000002], [0.3065148000023328, 10551.000000000002], [0.4349475000053644, 10551.0], [0.6238375000248197, 10551.0]]",29.9712303,28.90625,0.9644665804726742,False,79.0,948.16796875,2,,,,,3882eca9dc70b2d799f0,0.6236162000277545,10551.0,678.0,678.0,2.0,"{""interior"": 170, ""fronteira"": 170, ""liberacao"": 169, ""regret"": 169, ""abertura"": 0}","{""interior"": 0, ""fronteira"": 0, ""liberacao"": 0, ""regret"": 0, ""abertura"": 0}",1.7099515999725554,27.464986300241435,0.0,486.0,0.0,
holmberg_p38,holmberg,6.0606060606060606,30,150,hibridopl:rotacao,10551.0,True,-1,2,30.0,29.9540178,0.0,10551.0,10551.0,otimo_publicado,"[[0.32171389998984523, 10830.0], [0.40558799999416806, 10602.000000000002], [0.4585977999959141, 10551.000000000002], [0.6280265000241343, 10551.0], [0.9258656000019982, 10551.0]]",29.9540178,27.34375,0.9128575065479196,False,77.8,997.54296875,4,,,,,3882eca9dc70b2d799f0,0.9256136000039987,10551.0,685.0,685.0,2.0,"{""interior"": 172, ""fronteira"": 171, ""liberacao"": 171, ""regret"": 171, ""abertura"": 0}","{""interior"": 0, ""fronteira"": 0, ""liberacao"": 0, ""regret"": 0, ""abertura"": 0}",1.7900316001614556,27.057317700004205,0.0,490.0,0.0,
holmberg_p38,holmberg,6.0606060606060606,30,150,kernel,10551.0,True,-1,0,30.0,1.5925968,0.0,10551.0,10551.0,otimo_publicado,"[[0.1942001999996137, 10830.0], [0.2493436000077054, 10602.000000000002], [0.2740955000044778, 10551.0], [0.4402834999782499, 10551.0], [0.8844938999973238, 10551.0], [1.423910599987721, 10551.0]]",1.5925968,1.546875,0.9712910386357677,False,70.7,997.54296875,4,4.0,,0.3,4.0,3882eca9dc70b2d799f0,,,,,,,,,,,,,0.0794840999878943
holmberg_p39,holmberg,6.0606060606060606,30,150,adaptativa:gnn,11824.0,True,0,0,30.0,0.5628264,0.0,11824.0,11824.0,otimo_publicado,"[[0.2078606999712065, 12630.0], [0.26131199998781085, 11824.0], [0.379848700016737, 11824.0]]",0.5628264,0.546875,0.9716584012405957,False,64.8,921.46484375,6,2.0,True,0.43333333333333335,2.0,3882eca9dc70b2d799f0,,,,,,,,,,,,,
holmberg_p39,holmberg,6.0606060606060606,30,150,adaptativa:pl,11824.0,True,-1,0,30.0,0.5732971,0.0,11824.0,11824.0,otimo_publicado,"[[0.20369789996766485, 12630.0], [0.25262369998381473, 11824.0], [0.33871639997232705, 11824.0]]",0.5732971,0.5625,0.9811666586138321,False,73.2,921.46484375,6,2.0,True,0.4,2.0,3882eca9dc70b2d799f0,,,,,,,,,,,,,
holmberg_p39,holmberg,6.0606060606060606,30,150,completo,11824.0,True,-1,0,30.0,0.7229886,0.0,11824.0,11824.0,otimo_publicado,"[[0.4937910999869928, 21389.0], [0.6599655000027269, 11824.0]]",0.7229886,0.703125,0.9725257078742321,False,66.8,948.16796875,2,1.0,True,1.0,1.0,3882eca9dc70b2d799f0,,,,,,,,,,,,,
holmberg_p39,holmberg,6.0606060606060606,30,150,hibrido:rotacao,11824.0,True,-1,0,30.0,29.9662612,0.0,11824.0,11824.0,otimo_publicado,"[[0.2586548999825027, 12630.0], [0.33821220000390895, 11824.0], [0.5206811999960337, 11824.0], [0.8068573999917135, 11824.0]]",29.9662612,28.6875,0.9573266350625016,False,78.4,948.16796875,2,,,,,3882eca9dc70b2d799f0,0.8064555999881122,11824.0,609.0,609.0,2.0,"{""interior"": 153, ""fronteira"": 152, ""liberacao"": 152, ""regret"": 152, ""abertura"": 0}","{""interior"": 0, ""fronteira"": 0, ""liberacao"": 0, ""regret"": 0, ""abertura"": 0}",1.5241673001437448,27.468649000045843,0.0,434.0,0.0,
holmberg_p39,holmberg,6.0606060606060606,30,150,hibrido:rotacao,11824.0,True,-1,1,30.0,29.953112,0.0,11824.0,11824.0,otimo_publicado,"[[0.2051836000464391, 12630.0], [0.2748596000310499, 11824.0], [0.3958035000541713, 11824.0], [0.5701468999905046, 11824.0]]",29.953112,28.859375,0.9634850295354953,False,76.9,921.46484375,6,,,,,3882eca9dc70b2d799f0,0.5699430000095163,11824.0,618.0,618.0,2.0,"{""interior"": 155, ""fronteira"": 155, ""liberacao"": 154, ""regret"": 154, ""abertura"": 0}","{""interior"": 0, ""fronteira"": 0, ""liberacao"": 0, ""regret"": 0, ""abertura"": 0}",1.5164372000435833,27.70783539986587,0.0,441.0,0.0,
holmberg_p39,holmberg,6.0606060606060606,30,150,hibrido:rotacao,11824.0,True,-1,2,30.0,29.9525338,0.0,11824.0,11824.0,otimo_publicado,"[[0.28430410000146367, 12630.0], [0.35785309999482706, 11824.0], [0.6004930000053719, 11824.0], [0.7761860000318848, 11824.0]]",29.9525338,27.03125,0.9024695600209957,False,78.5,997.54296875,4,,,,,3882eca9dc70b2d799f0,0.7759783000219613,11824.0,596.0,596.0,2.0,"{""interior"": 149, ""fronteira"": 149, ""liberacao"": 149, ""regret"": 149, ""abertura"": 0}","{""interior"": 0, ""fronteira"": 0, ""liberacao"": 0, ""regret"": 0, ""abertura"": 0}",1.561682800122071,27.453439499688102,0.0,423.0,0.0,
holmberg_p39,holmberg,6.0606060606060606,30,150,hibridopl:rotacao,11824.0,True,-1,0,30.0,29.9875687,0.0,11824.0,11824.0,otimo_publicado,"[[0.33292549999896437, 12630.0], [0.4211735000135377, 11824.0], [0.736896100017475, 11824.0], [0.8969386999960989, 11824.0]]",29.9875687,28.796875,0.9602937566592386,False,78.8,921.46484375,6,,,,,3882eca9dc70b2d799f0,0.8967336000059731,11824.0,603.0,603.0,2.0,"{""interior"": 151, ""fronteira"": 151, ""liberacao"": 151, ""regret"": 150, ""abertura"": 0}","{""interior"": 0, ""fronteira"": 0, ""liberacao"": 0, ""regret"": 0, ""abertura"": 0}",1.5103842999669723,27.42541459997301,0.0,429.0,0.0,
holmberg_p39,holmberg,6.0606060606060606,30,150,hibridopl:rotacao,11824.0,True,-1,1,30.0,29.9974945,0.0,11824.0,11824.0,otimo_publicado,"[[0.19684979997691698, 12630.0], [0.23881009998149239, 11824.0], [0.32611099994392134, 11824.0], [0.49356569998781197, 11824.0]]",29.9974945,28.90625,0.963622145176158,False,76.9,948.16796875,2,,,,,3882eca9dc70b2d799f0,0.4932288999843877,11824.0,627.0,627.0,2.0,"{""interior"": 157, ""fronteira"": 157, ""liberacao"": 157, ""regret"": 156, ""abertura"": 0}","{""interior"": 0, ""fronteira"": 0, ""liberacao"": 0, ""regret"": 0, ""abertura"": 0}",1.5463469997921493,27.789931299514137,0.0,447.0,0.0,
holmberg_p39,holmberg,6.0606060606060606,30,150,hibridopl:rotacao,11824.0,True,-1,2,30.0,29.9733817,0.0,11824.0,11824.0,otimo_publicado,"[[0.38370770000619814, 12630.0], [0.4516574000008404, 11824.0], [0.5583663999859709, 11824.0], [0.7511533999931999, 11824.0]]",29.9733817,27.578125,0.920087205241843,False,77.5,997.54296875,4,,,,,3882eca9dc70b2d799f0,0.7508460000099149,11824.0,613.0,613.0,2.0,"{""interior"": 154, ""fronteira"": 153, ""liberacao"": 153, ""regret"": 153, ""abertura"": 0}","{""interior"": 0, ""fronteira"": 0, ""liberacao"": 0, ""regret"": 0, ""abertura"": 0}",1.5760538998874836,27.480256499693496,0.0,436.0,0.0,
holmberg_p39,holmberg,6.0606060606060606,30,150,kernel,11824.0,True,-1,0,30.0,1.377546,0.0,11824.0,11824.0,otimo_publicado,"[[0.19078689999878407, 12630.0], [0.232655200001318, 11824.0], [0.3510612999671139, 11824.0], [0.8562607999774627, 11824.0], [1.215379999979632, 11824.0]]",1.377546,1.375,0.9981517858568788,False,66.2,948.16796875,2,4.0,,0.3,4.0,3882eca9dc70b2d799f0,,,,,,,,,,,,,0.0759775000042282
holmberg_p4,holmberg,1.7396978021978022,10,50,adaptativa:gnn,10714.0,True,0,0,30.0,4.5118213,0.0,10714.0,10714.0,otimo_publicado,"[[0.045336399984080344, 17399.0], [0.05574649997288361, 17393.0], [0.18294199998490512, 16606.999999999993], [0.48600529998657294, 16434.999999999985], [0.6940925999952015, 16113.0], [0.7075440999760758, 15988.0], [1.0210023000254296, 15988.0], [1.5108837000152562, 15988.0], [1.9338345000287518, 15988.0], [1.9631781000061892, 12126.0], [1.9815442000108305, 11576.0], [2.1399647000071127, 11218.000000000002], [4.26589700000477, 10714.0]]",4.5118213,4.375,0.969674929279668,False,77.5,921.46484375,6,4.0,True,1.0,4.0,3882eca9dc70b2d799f0,,,,,,,,,,,,,
holmberg_p4,holmberg,1.7396978021978022,10,50,adaptativa:pl,10714.0,True,-1,0,30.0,2.0102932,0.0,10714.0,10714.0,otimo_publicado,"[[0.04577699999208562, 11261.0], [0.11481449997518212, 11098.000000000004], [1.1634937999770045, 10714.0], [1.1953980999824125, 10714.0], [1.5823082999850158, 10714.0]]",2.0102932,1.9375,0.9637897596231236,False,74.2,921.46484375,6,3.0,True,0.9,3.0,3882eca9dc70b2d799f0,,,,,,,,,,,,,
holmberg_p4,holmberg,1.7396978021978022,10,50,completo,10714.0,True,-1,0,30.0,2.9849607,0.0,10714.0,10714.0,otimo_publicado,"[[0.05362680001417175, 12126.0], [0.0752513000043109, 11576.0], [0.2981082000187598, 11218.000000000002], [2.7206425000040326, 10714.0]]",2.9849607,2.453125,0.8218282404857122,True,88.8,997.54296875,4,1.0,True,1.0,1.0,3882eca9dc70b2d799f0,,,,,,,,,,,,,
holmberg_p4,holmberg,1.7396978021978022,10,50,hibrido:rotacao,10714.0,True,-1,0,30.0,29.966119,0.0,10714.0,10714.0,otimo_publicado,"[[0.05099079999490641, 17399.0], [0.05943119997391477, 17393.0], [0.16887219998170622, 16606.999999999993], [0.49835139999049716, 16434.999999999985], [0.7382889999717008, 16113.0], [0.7553687999898102, 15988.0], [1.049464599986095, 15988.0], [1.4897632999927737, 15988.0], [1.9510898000153247, 15988.0], [1.977103300014278, 12126.0], [1.9967589000007138, 11576.0], [2.151791800017236, 11218.000000000002], [4.171933700010413, 10714.0], [4.437806200003251, 10714.0]]",29.966119,28.828125,0.9620239778130761,False,77.8,921.46484375,6,,,,,3882eca9dc70b2d799f0,4.437591800000519,10714.0,337.0,337.0,4.0,"{""interior"": 85, ""fronteira"": 84, ""liberacao"": 84, ""regret"": 84, ""abertura"": 0}","{""interior"": 0, ""fronteira"": 0, ""liberacao"": 0, ""regret"": 0, ""abertura"": 0}",0.35809340031119063,25.08601609969628,0.0,319.0,0.0,
holmberg_p4,holmberg,1.7396978021978022,10,50,hibrido:rotacao,10714.0,True,-1,1,30.0,29.9556746,0.0,10714.0,10714.0,otimo_publicado,"[[0.06109509998350404, 17399.0], [0.0732228999841027, 17393.0], [0.24403949998668395, 16606.999999999993], [0.6870443999941926, 16434.999999999985], [0.9706083000055514, 16096.0], [0.9971241999883205, 15987.999999999998], [1.2446583999844734, 15988.0], [1.7431584999721963, 15988.0], [2.1749572999833617, 15988.0], [2.2030203999893274, 12126.0], [2.227000099985162, 11576.0], [2.4412921000039205, 11218.000000000002], [4.029155600001104, 10714.0], [4.236648899997817, 10714.0]]",29.9556746,28.890625,0.9644458148841021,False,76.1,921.46484375,6,,,,,3882eca9dc70b2d799f0,4.236268699984066,10714.0,388.0,388.0,4.0,"{""interior"": 97, ""fronteira"": 97, ""liberacao"": 97, ""regret"": 97, ""abertura"": 0}","{""interior"": 0, ""fronteira"": 0, ""liberacao"": 0, ""regret"": 0, ""abertura"": 0}",0.43517639994388446,25.185703699768055,0.0,370.0,0.0,
holmberg_p4,holmberg,1.7396978021978022,10,50,hibrido:rotacao,10714.0,True,-1,2,30.0,30.0336842,0.03368419999999972,10714.0,10714.0,otimo_publicado,"[[0.05873839999549091, 17399.0], [0.07101939999847673, 17393.0], [0.1792491000087466, 16606.999999999993], [0.4459207000036258, 16434.999999999985], [0.6446728000009898, 16113.0], [0.6595339000050444, 15988.0], [1.0146393999748398, 15988.0], [1.5272881999844685, 15988.0], [1.946567299979506, 15988.0], [1.9722691999922972, 12126.0], [1.9878526999964379, 11576.0], [2.12585169999511, 11218.000000000002], [3.310812999989139, 11064.000000000007], [4.021245599986287, 10714.0], [4.538043699983973, 10714.0]]",30.0336842,28.65625,0.9541370219242034,False,77.8,948.16796875,2,,,,,3882eca9dc70b2d799f0,4.537706600007368,10714.0,370.0,370.0,4.0,"{""interior"": 93, ""fronteira"": 93, ""liberacao"": 92, ""regret"": 92, ""abertura"": 0}","{""interior"": 0, ""fronteira"": 0, ""liberacao"": 0, ""regret"": 0, ""abertura"": 0}",0.393378300126642,25.009799999766983,0.0,352.0,0.0,
holmberg_p4,holmberg,1.7396978021978022,10,50,hibridopl:rotacao,10714.0,True,-1,0,30.0,29.9862249,0.0,10714.0,10714.0,otimo_publicado,"[[0.06129060001694597, 11261.0], [0.12875080000958405, 11098.000000000004], [1.0801761000184342, 10714.0], [1.1095555000356399, 10714.0], [1.522670600010315, 10714.0], [1.9370543000113685, 10714.0]]",29.9862249,28.53125,0.9514785570757192,False,78.0,948.16796875,2,,,,,3882eca9dc70b2d799f0,1.9366837000125088,10714.0,371.0,371.0,3.0,"{""interior"": 93, ""fronteira"": 93, ""liberacao"": 93, ""regret"": 92, ""abertura"": 0}","{""interior"": 0, ""fronteira"": 0, ""liberacao"": 0, ""regret"": 0, ""abertura"": 0}",0.39167490013642237,27.567899200046668,0.0,353.0,0.0,
holmberg_p4,holmberg,1.7396978021978022,10,50,hibridopl:rotacao,10714.0,True,-1,1,30.0,29.9749031,0.0,10714.0,10714.0,otimo_publicado,"[[0.06619920002412982, 11261.0], [0.15856200002599508, 11098.000000000004], [1.3406699000333901, 10714.0], [1.505506699992111, 10714.0], [1.9196137000108138, 10714.0], [2.3026591000088956, 10714.0]]",29.9749031,27.046875,0.9023173456063649,False,77.3,997.54296875,4,,,,,3882eca9dc70b2d799f0,2.302254100010032,10714.0,394.0,394.0,3.0,"{""interior"": 99, ""fronteira"": 99, ""liberacao"": 98, ""regret"": 98, ""abertura"": 0}","{""interior"": 0, ""fronteira"": 0, ""liberacao"": 0, ""regret"": 0, ""abertura"": 0}",0.4371150997467339,27.133069999836152,0.0,376.0,0.0,
holmberg_p4,holmberg,1.7396978021978022,10,50,hibridopl:rotacao,10714.0,True,-1,2,30.0,30.0370988,0.03709879999999899,10714.0,10714.0,otimo_publicado,"[[0.0575636999856215, 11261.0], [0.1387570999795571, 11098.000000000004], [1.267418599978555, 10714.0], [1.5518041999894194, 10714.0], [2.0247374000027776, 10714.0], [2.435941299976548, 10714.0]]",30.0370988,27.5,0.9155344922992363,False,77.1,997.54296875,4,,,,,3882eca9dc70b2d799f0,2.4356035999953747,10714.0,398.0,398.0,3.0,"{""interior"": 100, ""fronteira"": 100, ""liberacao"": 99, ""regret"": 99, ""abertura"": 0}","{""interior"": 0, ""fronteira"": 0, ""liberacao"": 0, ""regret"": 0, ""abertura"": 0}",0.42571539973141626,27.073313599888934,0.0,380.0,0.0,
holmberg_p4,holmberg,1.7396978021978022,10,50,kernel,10714.0,True,-1,0,30.0,1.4329275,0.0,10714.0,10714.0,otimo_publicado,"[[0.05627910001203418, 11261.0], [0.11372970000957139, 11098.000000000004], [1.0408403000037652, 10714.0], [1.0689130000246223, 10714.0]]",1.4329275,1.390625,0.9704782691378314,False,68.0,921.46484375,6,2.0,,0.7,2.0,3882eca9dc70b2d799f0,,,,,,,,,,,,,0.00989710001158528
holmberg_p40,holmberg,6.0606060606060606,30,150,adaptativa:gnn,13024.0,True,0,0,30.0,0.8238327,0.0,13024.0,13024.0,otimo_publicado,"[[0.3074997999938205, 14430.0], [0.36046499997610226, 13024.0], [0.46201380001730286, 13024.0]]",0.8238327,0.78125,0.948311471491724,False,81.6,997.54296875,4,2.0,True,0.5,2.0,3882eca9dc70b2d799f0,,,,,,,,,,,,,
holmberg_p40,holmberg,6.0606060606060606,30,150,adaptativa:pl,13024.0,True,-1,0,30.0,0.820719,0.0,13024.0,13024.0,otimo_publicado,"[[0.2605774000112433, 14430.0], [0.327235800010385, 13024.0], [0.6387424999848008, 13024.0]]",0.820719,0.8125,0.9899856101783924,False,69.3,921.46484375,6,2.0,True,0.43333333333333335,2.0,3882eca9dc70b2d799f0,,,,,,,,,,,,,
holmberg_p40,holmberg,6.0606060606060606,30,150,completo,13024.0,True,-1,0,30.0,0.9223801,0.0,13024.0,13024.0,otimo_publicado,"[[0.5053349999943748, 26789.0], [0.8080906999821309, 13024.0]]",0.9223801,0.875,0.9486327816482597,False,86.2,921.46484375,6,1.0,True,1.0,1.0,3882eca9dc70b2d799f0,,,,,,,,,,,,,
holmberg_p40,holmberg,6.0606060606060606,30,150,hibrido:rotacao,13024.0,True,-1,0,30.0,29.9681531,0.0,13024.0,13024.0,otimo_publicado,"[[0.2789084000105504, 14430.0], [0.329157900006976, 13024.0], [0.4351864000200294, 13024.0], [0.6742946000013035, 13024.0]]",29.9681531,28.921875,0.9650870009737104,False,75.9,948.16796875,2,,,,,3882eca9dc70b2d799f0,0.6740895000111777,13024.0,630.0,630.0,2.0,"{""interior"": 158, ""fronteira"": 158, ""liberacao"": 157, ""regret"": 157, ""abertura"": 0}","{""interior"": 0, ""fronteira"": 0, ""liberacao"": 0, ""regret"": 0, ""abertura"": 0}",1.5558684999123216,27.57676820002962,0.0,450.0,0.0,
holmberg_p40,holmberg,6.0606060606060606,30,150,hibrido:rotacao,13024.0,True,-1,1,30.0,29.9748418,0.0,13024.0,13024.0,otimo_publicado,"[[0.26652020003530197, 14430.0], [0.3069460000260733, 13024.0], [0.41081390003091656, 13024.0], [0.6117715000000317, 13024.0]]",29.9748418,28.921875,0.9648716477963196,False,76.5,948.16796875,2,,,,,3882eca9dc70b2d799f0,0.6114854000043124,13024.0,640.0,640.0,2.0,"{""interior"": 160, ""fronteira"": 160, ""liberacao"": 160, ""regret"": 160, ""abertura"": 0}","{""interior"": 0, ""fronteira"": 0, ""liberacao"": 0, ""regret"": 0, ""abertura"": 0}",1.5799376002687495,27.6177461000334,0.0,457.0,0.0,
holmberg_p40,holmberg,6.0606060606060606,30,150,hibrido:rotacao,13024.0,True,-1,2,30.0,29.9597379,0.0,13024.0,13024.0,otimo_publicado,"[[0.39490590000059456, 14430.0], [0.444905899988953, 13024.0], [0.5537224999861792, 13024.0], [0.8034677999967244, 13024.0]]",29.9597379,28.625,0.95544894603367,False,76.3,921.46484375,6,,,,,3882eca9dc70b2d799f0,0.8031552000029478,13024.0,624.0,624.0,2.0,"{""interior"": 156, ""fronteira"": 156, ""liberacao"": 156, ""regret"": 156, ""abertura"": 0}","{""interior"": 0, ""fronteira"": 0, ""liberacao"": 0, ""regret"": 0, ""abertura"": 0}",1.564816299593076,27.42388909991132,0.0,444.0,0.0,
holmberg_p40,holmberg,6.0606060606060606,30,150,hibridopl:rotacao,13024.0,True,-1,0,30.0,29.9737058,0.0,13024.0,13024.0,otimo_publicado,"[[0.26056599998264574, 14430.0], [0.3169447999971453, 13024.0], [0.40619799998239614, 13024.0], [0.5779869999969378, 13024.0]]",29.9737058,28.71875,0.9581314433265706,False,76.0,948.16796875,2,,,,,3882eca9dc70b2d799f0,0.5777832999883685,13024.0,634.0,634.0,2.0,"{""interior"": 159, ""fronteira"": 159, ""liberacao"": 158, ""regret"": 158, ""abertura"": 0}","{""interior"": 0, ""fronteira"": 0, ""liberacao"": 0, ""regret"": 0, ""abertura"": 0}",1.5259469001030084,27.706445299903862,0.0,453.0,0.0,
holmberg_p40,holmberg,6.0606060606060606,30,150,hibridopl:rotacao,13024.0,True,-1,1,30.0,29.9792017,0.0,13024.0,13024.0,otimo_publicado,"[[0.44901549999485724, 14430.0], [0.5094448000018019, 13024.0], [0.8209656999970321, 13024.0], [1.0962475999840535, 13024.0]]",29.9792017,27.6875,0.9235569471484626,False,75.4,997.54296875,4,,,,,3882eca9dc70b2d799f0,1.0959051999961957,13024.0,623.0,623.0,2.0,"{""interior"": 156, ""fronteira"": 156, ""liberacao"": 156, ""regret"": 155, ""abertura"": 0}","{""interior"": 0, ""fronteira"": 0, ""liberacao"": 0, ""regret"": 0, ""abertura"": 0}",1.553127000312088,27.146729500003858,0.0,444.0,0.0,
holmberg_p40,holmberg,6.0606060606060606,30,150,hibridopl:rotacao,13024.0,True,-1,2,30.0,30.0058126,0.005812599999998724,13024.0,13024.0,otimo_publicado,"[[0.3358009000075981, 14430.0], [0.38994629998342134, 13024.0], [0.4924621000245679, 13024.0], [0.7049936999974307, 13024.0]]",30.0058126,28.9375,0.9643964783010076,False,75.5,921.46484375,6,,,,,3882eca9dc70b2d799f0,0.704761500004679,13024.0,639.0,639.0,2.0,"{""interior"": 160, ""fronteira"": 160, ""liberacao"": 160, ""regret"": 159, ""abertura"": 0}","{""interior"": 0, ""fronteira"": 0, ""liberacao"": 0, ""regret"": 0, ""abertura"": 0}",1.552812500129221,27.58816669974476,0.0,455.0,0.0,
holmberg_p40,holmberg,6.0606060606060606,30,150,kernel,13024.0,True,-1,0,30.0,1.4695057,0.0,13024.0,13024.0,otimo_publicado,"[[0.290397100005066, 14430.0], [0.34531700002844445, 13024.0], [0.4916727000090759, 13024.0], [0.8656238000257872, 13024.0], [1.2745023000170477, 13024.0]]",1.4695057,1.390625,0.9463216100488756,False,72.2,997.54296875,4,4.0,,0.3,4.0,3882eca9dc70b2d799f0,,,,,,,,,,,,,0.13447240000823513
holmberg_p41,holmberg,2.1193225558121633,10,90,adaptativa:gnn,6589.0,True,0,0,30.0,4.4852199,0.0,6589.0,6589.0,otimo_publicado,"[[0.11949850001838058, 8266.0], [0.14591030002338812, 8004.0], [0.19428209998295642, 8004.0], [0.3078344000095967, 8004.0], [0.41611200000625104, 8004.0], [0.4808492999873124, 7205.0], [0.7525971000140999, 6956.0], [4.371402999997372, 6796.0], [4.383213599998271, 6589.0]]",4.4852199,4.1875,0.9336220059132441,False,75.5,844.65234375,4,4.0,True,1.0,4.0,3882eca9dc70b2d799f0,,,,,,,,,,,,,
holmberg_p41,holmberg,2.1193225558121633,10,90,adaptativa:pl,6589.0,True,-1,0,30.0,0.9385038,0.0,6589.0,6589.0,otimo_publicado,"[[0.07804959997883998, 6986.0], [0.1737348999886308, 6782.0], [0.19299309997586533, 6596.0], [0.2559618999948725, 6589.0], [0.28672379994532093, 6589.0], [0.41373729999759234, 6589.0], [0.5687419999740086, 6589.0]]",0.9385038,0.921875,0.9822815847948618,False,65.6,921.46484375,6,4.0,True,1.0,4.0,3882eca9dc70b2d799f0,,,,,,,,,,,,,
holmberg_p41,holmberg,2.1193225558121633,10,90,completo,6589.0,True,-1,0,30.0,4.3788326,0.0,6589.0,6589.0,otimo_publicado,"[[0.0926698999828659, 7205.0], [0.3353916000050958, 6956.0], [4.24431700000423, 6796.0], [4.256959499994991, 6589.0]]",4.3788326,4.015625,0.9170537827821963,False,79.1,844.65234375,4,1.0,True,1.0,1.0,3882eca9dc70b2d799f0,,,,,,,,,,,,,
holmberg_p41,holmberg,2.1193225558121633,10,90,hibrido:rotacao,6589.0,True,-1,0,30.0,29.9859132,0.0,6589.0,6589.0,otimo_publicado,"[[0.0958231000113301, 8266.0], [0.1225809000316076, 8004.0], [0.166385500022443, 8004.0], [0.26850189999095164, 8004.0], [0.39387820003321394, 8004.0], [0.4551280000305269, 7205.0], [0.6927211000584066, 6956.0], [4.254262000031304, 6796.0], [4.285485200030962, 6589.0], [4.417102100007469, 6589.0]]",29.9859132,28.703125,0.9572203057000779,False,78.4,820.1640625,2,,,,,3882eca9dc70b2d799f0,4.4167133000155445,6589.0,687.0,687.0,4.0,"{""interior"": 172, ""fronteira"": 172, ""liberacao"": 172, ""regret"": 171, ""abertura"": 0}","{""interior"": 0, ""fronteira"": 0, ""liberacao"": 0, ""regret"": 0, ""abertura"": 0}",0.925724399916362,24.477683500474086,0.0,634.0,0.0,
holmberg_p41,holmberg,2.1193225558121633,10,90,hibrido:rotacao,6589.0,True,-1,1,30.0,30.0010018,0.0010018000000009408,6589.0,6589.0,otimo_publicado,"[[0.08851629999116994, 8266.0], [0.13774219999322668, 8004.0], [0.22328789997845888, 8004.0], [0.34284450000268407, 8004.0], [0.4515819000080228, 8004.0], [0.4975696000037715, 7205.0], [0.7416107000026386, 6956.0], [4.777881600020919, 6796.0], [4.7916540000005625, 6589.0], [4.902290999976685, 6589.0]]",30.0010018,28.78125,0.9593429643406108,False,77.6,921.46484375,6,,,,,3882eca9dc70b2d799f0,4.902066099981312,6589.0,679.0,679.0,4.0,"{""interior"": 170, ""fronteira"": 170, ""liberacao"": 170, ""regret"": 169, ""abertura"": 0}","{""interior"": 0, ""fronteira"": 0, ""liberacao"": 0, ""regret"": 0, ""abertura"": 0}",0.9099353002093267,24.02372100012144,0.0,631.0,0.0,
holmberg_p41,holmberg,2.1193225558121633,10,90,hibrido:rotacao,6589.0,True,-1,2,30.0,29.9927066,0.0,6589.0,6589.0,otimo_publicado,"[[0.10587469997699372, 8266.0], [0.14279029998579063, 8004.0], [0.212888899986865, 8004.0], [0.3840561999822967, 8004.0], [0.5873587999667507, 8004.0], [0.6679572999710217, 7205.0], [0.956440299982205, 6956.0], [4.774531899980502, 6796.0], [4.7934508999751415, 6589.0], [4.962995599984424, 6589.0]]",29.9927066,27.5,0.9168895747474821,False,77.0,844.65234375,4,,,,,3882eca9dc70b2d799f0,4.962524000002304,6589.0,635.0,635.0,4.0,"{""interior"": 159, ""fronteira"": 159, ""liberacao"": 159, ""regret"": 158, ""abertura"": 0}","{""interior"": 0, ""fronteira"": 0, ""liberacao"": 0, ""regret"": 0, ""abertura"": 0}",0.9040096001990605,23.95822039982886,0.0,585.0,0.0,
holmberg_p41,holmberg,2.1193225558121633,10,90,hibridopl:rotacao,6589.0,True,-1,0,30.0,29.955623,0.0,6589.0,6589.0,otimo_publicado,"[[0.10082099997089244, 6986.0], [0.19311739999102429, 6782.0], [0.21001489998889156, 6596.0], [0.2613023999729194, 6589.0], [0.29157840000698343, 6589.0], [0.430769800033886, 6589.0], [0.5691540000261739, 6589.0], [0.9833919000229798, 6589.0]]",29.955623,28.8125,0.9618394516448547,False,77.3,921.46484375,6,,,,,3882eca9dc70b2d799f0,0.9829914000001736,6589.0,781.0,781.0,4.0,"{""interior"": 196, ""fronteira"": 195, ""liberacao"": 195, ""regret"": 195, ""abertura"": 0}","{""interior"": 0, ""fronteira"": 0, ""liberacao"": 0, ""regret"": 0, ""abertura"": 0}",1.092813199997181,27.68815880009788,0.0,726.0,0.0,
holmberg_p41,holmberg,2.1193225558121633,10,90,hibridopl:rotacao,6589.0,True,-1,1,30.0,29.9509008,0.0,6589.0,6589.0,otimo_publicado,"[[0.10482429998228326, 6986.0], [0.246649399981834, 6782.0], [0.2687926999933552, 6596.0], [0.3539547999971546, 6588.999999999999], [0.4164275999937672, 6589.0], [0.6472557999950368, 6589.0], [0.7916425000003073, 6589.0], [1.313510000007227, 6589.0]]",29.9509008,27.578125,0.9207778151366987,False,77.1,844.65234375,4,,,,,3882eca9dc70b2d799f0,1.3133072000055108,6589.0,755.0,755.0,4.0,"{""interior"": 189, ""fronteira"": 189, ""liberacao"": 189, ""regret"": 188, ""abertura"": 0}","{""interior"": 0, ""fronteira"": 0, ""liberacao"": 0, ""regret"": 0, ""abertura"": 0}",1.0551962003519293,27.389887000143062,0.0,706.0,0.0,
holmberg_p41,holmberg,2.1193225558121633,10,90,hibridopl:rotacao,6589.0,True,-1,2,30.0,29.9703648,0.0,6589.0,6589.0,otimo_publicado,"[[0.08386419995804317, 6986.0], [0.16060439994907938, 6782.0], [0.17535399994812906, 6596.0], [0.2219987999415025, 6588.999999999999], [0.25340699998196214, 6589.0], [0.39529649997712113, 6589.0], [0.5249802999896929, 6589.0], [0.9303523999988101, 6589.0]]",29.9703648,28.890625,0.9639730845051309,False,76.7,820.1640625,2,,,,,3882eca9dc70b2d799f0,0.9299392999964766,6589.0,750.0,750.0,4.0,"{""interior"": 188, ""fronteira"": 188, ""liberacao"": 187, ""regret"": 187, ""abertura"": 0}","{""interior"": 0, ""fronteira"": 0, ""liberacao"": 0, ""regret"": 0, ""abertura"": 0}",1.0276455003477167,27.833108799997717,0.0,696.0,0.0,
holmberg_p41,holmberg,2.1193225558121633,10,90,kernel,6589.0,True,-1,0,30.0,1.0873133,0.0,6589.0,6589.0,otimo_publicado,"[[0.07729260003543459, 6986.0], [0.16645580003387295, 6782.0], [0.18043850001413375, 6596.0], [0.2771904000255745, 6589.0], [0.5167247999925166, 6589.0]]",1.0873133,0.890625,0.8191061398770713,True,85.7,844.65234375,4,2.0,,0.6,2.0,3882eca9dc70b2d799f0,,,,,,,,,,,,,0.025598900014301762
holmberg_p42,holmberg,4.990541702493551,20,80,adaptativa:gnn,5663.0,True,0,0,30.0,17.422388,0.0,5663.0,5663.0,otimo_publicado,"[[0.10741139997844584, 7012.0], [0.1264313999854494, 6161.000000000001], [0.2049076999828685, 6127.0], [0.2367301999765914, 6127.0], [0.3520606999809388, 6127.0], [0.42753599997377023, 5998.000000000001], [2.0910770999616943, 5914.0], [2.157482600014191, 5914.0], [10.52888629998779, 5663.0]]",17.422388,16.6875,0.9578193299334167,False,79.0,921.46484375,6,4.0,True,1.0,4.0,3882eca9dc70b2d799f0,,,,,,,,,,,,,
holmberg_p42,holmberg,4.990541702493551,20,80,adaptativa:pl,5663.0,True,-1,0,30.0,3.2438732,0.0,5663.0,5663.0,otimo_publicado,"[[0.1571568000363186, 5838.0], [0.6277307000127621, 5765.999999999999], [0.6782547000329942, 5666.0], [0.7021715000155382, 5663.0], [0.7737687999906484, 5663.0], [1.0478289000166114, 5663.0], [1.4397843000188004, 5663.0]]",3.2438732,3.03125,0.9344539114537522,False,83.5,921.46484375,6,4.0,True,1.0,4.0,3882eca9dc70b2d799f0,,,,,,,,,,,,,
holmberg_p42,holmberg,4.990541702493551,20,80,completo,5663.0,True,-1,0,30.0,14.9537359,0.0,5663.0,5663.0,otimo_publicado,"[[0.14282740000635386, 9957.0], [0.22871259998646565, 6471.0], [7.700859500007937, 5678.0], [7.829587199987145, 5665.0], [13.655672399996547, 5663.0]]",14.9537359,13.578125,0.9080088809111575,False,79.6,844.65234375,4,1.0,True,1.0,1.0,3882eca9dc70b2d799f0,,,,,,,,,,,,,
holmberg_p42,holmberg,4.990541702493551,20,80,hibrido:rotacao,5663.0,True,-1,0,30.0,29.9554249,0.0,5663.0,5663.0,otimo_publicado,"[[0.12609980002162047, 7012.0], [0.15716780003276654, 6161.000000000001], [0.27239040003041737, 6127.0], [0.3080558000074234, 6127.0], [0.45435770001495257, 6127.0], [0.5339955000381451, 5998.000000000001], [2.409493500017561, 5914.0], [2.5074110999994446, 5914.0], [10.237708800006658, 5663.0], [14.156524300022284, 5663.0]]",29.9554249,28.734375,0.9592377706516859,False,76.4,820.1640625,2,,,,,3882eca9dc70b2d799f0,14.156311700004153,5663.0,332.0,332.0,4.0,"{""interior"": 83, ""fronteira"": 83, ""liberacao"": 83, ""regret"": 83, ""abertura"": 0}","{""interior"": 0, ""fronteira"": 0, ""liberacao"": 0, ""regret"": 0, ""abertura"": 0}",0.4840657997992821,15.225487499614246,0.0,300.0,0.0,
holmberg_p42,holmberg,4.990541702493551,20,80,hibrido:rotacao,5663.0,True,-1,1,30.0,30.0097033,0.009703300000001747,5663.0,5663.0,otimo_publicado,"[[0.16397019996657036, 7012.0], [0.19654439997975715, 6161.000000000001], [0.2983307999675162, 6127.0], [0.3369069999898784, 6127.0], [0.4585512999910861, 6127.0], [0.5894695999741089, 5998.000000000001], [2.1285593999782577, 5914.0], [2.1889456999779213, 5914.0], [10.612050099967746, 5663.0], [14.380195599980652, 5663.0]]",30.0097033,27.40625,0.9132462832446597,False,76.5,844.65234375,4,,,,,3882eca9dc70b2d799f0,14.37990559998434,5663.0,327.0,327.0,4.0,"{""interior"": 82, ""fronteira"": 82, ""liberacao"": 82, ""regret"": 81, ""abertura"": 0}","{""interior"": 0, ""fronteira"": 0, ""liberacao"": 0, ""regret"": 0, ""abertura"": 0}",0.47268269964843057,15.065891699923668,0.0,289.0,0.0,
holmberg_p42,holmberg,4.990541702493551,20,80,hibrido:rotacao,5665.0,True,-1,2,30.0,29.9538228,0.0,5663.0,5663.0,otimo_publicado,"[[0.16092930000741035, 7012.0], [0.19376720002037473, 6161.000000000001], [0.28522020002128556, 6127.0], [0.322813800041331, 6127.0], [0.4584803000325337, 6127.0], [0.6074927000445314, 5998.000000000001], [2.8352935000439174, 5914.0], [3.08198529999936, 5914.0], [11.361334400018677, 5668.0], [11.46323530000518, 5665.0], [14.371662600024138, 5665.0]]",29.9538228,26.640625,0.8893898177163551,True,80.9,844.65234375,4,,,,,3882eca9dc70b2d799f0,14.371232800011057,5665.0,316.0,316.0,4.0,"{""interior"": 79, ""fronteira"": 79, ""liberacao"": 79, ""regret"": 79, ""abertura"": 0}","{""interior"": 0, ""fronteira"": 0, ""liberacao"": 0, ""regret"": 0, ""abertura"": 0}",0.6477840002626181,14.840472000476439,0.0,259.0,0.0,
holmberg_p42,holmberg,4.990541702493551,20,80,hibridopl:rotacao,5663.0,True,-1,0,30.0,29.9830785,0.0,5663.0,5663.0,otimo_publicado,"[[0.09754670000984333, 5838.0], [0.42260620000888593, 5765.999999999999], [0.45536850002827123, 5666.0], [0.4682022000197321, 5663.0], [0.5046298000088427, 5663.0], [0.7284148000180721, 5663.0], [1.157435200031614, 5663.0], [3.0416738000058103, 5663.0]]",29.9830785,28.890625,0.9635643317946821,False,80.9,820.1640625,2,,,,,3882eca9dc70b2d799f0,3.0414804000174627,5663.0,551.0,551.0,4.0,"{""interior"": 138, ""fronteira"": 138, ""liberacao"": 138, ""regret"": 137, ""abertura"": 0}","{""interior"": 0, ""fronteira"": 0, ""liberacao"": 0, ""regret"": 0, ""abertura"": 0}",0.8091499001020566,25.997198900091462,0.0,510.0,0.0,
holmberg_p42,holmberg,4.990541702493551,20,80,hibridopl:rotacao,5663.0,True,-1,1,30.0,29.9885308,0.0,5663.0,5663.0,otimo_publicado,"[[0.11550460002035834, 5838.0], [0.42446720000589266, 5765.999999999999], [0.458037600008538, 5666.0], [0.4702189000090584, 5663.0], [0.5069576000096276, 5663.0], [0.7613855000236072, 5663.0], [1.164639700029511, 5663.0], [3.2600887000153307, 5663.0]]",29.9885308,28.640625,0.9550526229847845,False,77.1,820.1640625,2,,,,,3882eca9dc70b2d799f0,3.2597092000069097,5663.0,599.0,599.0,4.0,"{""interior"": 150, ""fronteira"": 150, ""liberacao"": 150, ""regret"": 149, ""abertura"": 0}","{""interior"": 0, ""fronteira"": 0, ""liberacao"": 0, ""regret"": 0, ""abertura"": 0}",0.8596909997577313,25.719936699868413,0.0,545.0,0.0,
holmberg_p42,holmberg,4.990541702493551,20,80,hibridopl:rotacao,5663.0,True,-1,2,30.0,29.9850119,0.0,5663.0,5663.0,otimo_publicado,"[[0.15678760001901537, 5838.0], [0.4795699000242166, 5765.999999999999], [0.5321251000277698, 5666.0], [0.5567102000059094, 5663.0], [0.6087028000038117, 5663.0], [0.830994499992812, 5663.0], [1.374937599990517, 5663.0], [2.761195300001418, 5663.0]]",29.9850119,28.6875,0.9567279844901445,False,76.7,921.46484375,6,,,,,3882eca9dc70b2d799f0,2.7609262999903876,5663.0,591.0,591.0,4.0,"{""interior"": 148, ""fronteira"": 148, ""liberacao"": 148, ""regret"": 147, ""abertura"": 0}","{""interior"": 0, ""fronteira"": 0, ""liberacao"": 0, ""regret"": 0, ""abertura"": 0}",0.8139650997763965,26.268923199764686,0.0,539.0,0.0,
holmberg_p42,holmberg,4.990541702493551,20,80,kernel,5663.0,True,-1,0,30.0,2.3778308,0.0,5663.0,5663.0,otimo_publicado,"[[0.13841319998027757, 6142.0], [0.1754858999629505, 6139.000000000001], [0.3231021999672521, 5732.000000000001], [0.420019199984381, 5663.0], [0.48201479998533614, 5663.0], [2.0811406999710016, 5663.0]]",2.3778308,2.265625,0.9528116971148662,False,81.1,921.46484375,6,3.0,,0.4,3.0,3882eca9dc70b2d799f0,,,,,,,,,,,,,0.04609679998247884
holmberg_p43,holmberg,8.28370786516854,30,70,adaptativa:gnn,5214.0,True,0,0,30.0,0.3866504,0.0,5214.0,5214.0,otimo_publicado,"[[0.1573185999877751, 7053.0], [0.18638049997389317, 5455.999999999999], [0.24659379999502562, 5441.0], [0.2974054999940563, 5441.0], [0.38383629999589175, 5214.0]]",0.3866504,0.375,0.9698683875666494,False,60.4,820.1640625,2,2.0,True,0.5,2.0,3882eca9dc70b2d799f0,,,,,,,,,,,,,
holmberg_p43,holmberg,8.28370786516854,30,70,adaptativa:pl,5214.0,True,-1,0,30.0,0.2686271,0.0,5214.0,5214.0,otimo_publicado,"[[0.2130017000308726, 7134.0], [0.26532300002872944, 5214.0]]",0.2686271,0.265625,0.9888242846682259,False,95.9,921.46484375,6,1.0,True,0.36666666666666664,1.0,3882eca9dc70b2d799f0,,,,,,,,,,,,,
holmberg_p43,holmberg,8.28370786516854,30,70,completo,5214.0,True,-1,0,30.0,0.316722,0.0,5214.0,5214.0,otimo_publicado,"[[0.18288740000571124, 12448.0], [0.3130764000234194, 5214.0]]",0.316722,0.3125,0.986669697715978,False,68.9,820.1640625,2,1.0,True,1.0,1.0,3882eca9dc70b2d799f0,,,,,,,,,,,,,
holmberg_p43,holmberg,8.28370786516854,30,70,hibrido:rotacao,5214.0,True,-1,0,30.0,29.9652615,0.0,5214.0,5214.0,otimo_publicado,"[[0.20576009998330846, 7053.0], [0.23982999997679144, 5455.999999999999], [0.3018718999810517, 5441.0], [0.4878890999534633, 5441.0], [0.6010961999709252, 5214.0], [0.6070487000106368, 5214.0]]",29.9652615,27.328125,0.9119935429230277,False,77.2,844.65234375,4,,,,,3882eca9dc70b2d799f0,0.6066267999995034,5214.0,782.0,782.0,2.0,"{""interior"": 196, ""fronteira"": 196, ""liberacao"": 195, ""regret"": 195, ""abertura"": 0}","{""interior"": 0, ""fronteira"": 0, ""liberacao"": 0, ""regret"": 0, ""abertura"": 0}",1.3907062995131128,27.761675099725835,0.0,574.0,0.0,
holmberg_p43,holmberg,8.28370786516854,30,70,hibrido:rotacao,5214.0,True,-1,1,30.0,29.9858756,0.0,5214.0,5214.0,otimo_publicado,"[[0.1940400000603404, 7053.0], [0.22652740005287342, 5455.999999999999], [0.3294494000438135, 5441.000000000001], [0.3855931000143755, 5441.0], [0.4900688000197988, 5214.0], [0.4921866999939084, 5214.0]]",29.9858756,27.40625,0.9139719768596652,False,76.8,844.65234375,4,,,,,3882eca9dc70b2d799f0,0.49196919999667443,5214.0,823.0,823.0,2.0,"{""interior"": 206, ""fronteira"": 206, ""liberacao"": 206, ""regret"": 205, ""abertura"": 0}","{""interior"": 0, ""fronteira"": 0, ""liberacao"": 0, ""regret"": 0, ""abertura"": 0}",1.4539814999734517,27.834723999840207,0.0,605.0,0.0,
holmberg_p43,holmberg,8.28370786516854,30,70,hibrido:rotacao,5214.0,True,-1,2,30.0,30.0092276,0.009227599999999114,5214.0,5214.0,otimo_publicado,"[[0.16913079997175373, 7053.0], [0.214498299988918, 5455.999999999999], [0.2871296999801416, 5441.0], [0.3610828999662772, 5441.0], [0.487222199968528, 5214.0], [0.489489900006447, 5214.0]]",30.0092276,28.8125,0.9601213461422112,False,77.1,820.1640625,2,,,,,3882eca9dc70b2d799f0,0.4892012999916915,5214.0,807.0,807.0,2.0,"{""interior"": 202, ""fronteira"": 202, ""liberacao"": 202, ""regret"": 201, ""abertura"": 0}","{""interior"": 0, ""fronteira"": 0, ""liberacao"": 0, ""regret"": 0, ""abertura"": 0}",1.3540780997136608,27.978700099833077,0.0,592.0,0.0,
holmberg_p43,holmberg,8.28370786516854,30,70,hibridopl:rotacao,5214.0,True,-1,0,30.0,29.9926987,0.0,5214.0,5214.0,otimo_publicado,"[[0.22696860000723973, 7134.0], [0.2593674999952782, 5214.0], [0.26152680002269335, 5214.0]]",29.9926987,28.59375,0.9533570248548524,False,76.9,921.46484375,6,,,,,3882eca9dc70b2d799f0,0.26132370001869276,5214.0,814.0,814.0,1.0,"{""interior"": 204, ""fronteira"": 204, ""liberacao"": 203, ""regret"": 203, ""abertura"": 0}","{""interior"": 0, ""fronteira"": 0, ""liberacao"": 0, ""regret"": 0, ""abertura"": 0}",1.3593597003782634,28.18861199991079,0.0,599.0,0.0,
holmberg_p43,holmberg,8.28370786516854,30,70,hibridopl:rotacao,5214.0,True,-1,1,30.0,29.9916456,0.0,5214.0,5214.0,otimo_publicado,"[[0.22247660002904013, 7134.0], [0.2620729000191204, 5214.0], [0.2651132000028156, 5214.0]]",29.9916456,28.921875,0.9643310469099435,False,79.1,921.46484375,6,,,,,3882eca9dc70b2d799f0,0.2647086000069976,5214.0,834.0,834.0,1.0,"{""interior"": 209, ""fronteira"": 209, ""liberacao"": 208, ""regret"": 208, ""abertura"": 0}","{""interior"": 0, ""fronteira"": 0, ""liberacao"": 0, ""regret"": 0, ""abertura"": 0}",1.469661199953407,28.05081060010707,0.0,614.0,0.0,
holmberg_p43,holmberg,8.28370786516854,30,70,hibridopl:rotacao,5214.0,True,-1,2,30.0,29.9802909,0.0,5214.0,5214.0,otimo_publicado,"[[0.13181169997551478, 7134.0], [0.1623880999686662, 5214.0], [0.16461700000218116, 5214.0]]",29.9802909,28.921875,0.9646962765127806,False,76.7,820.1640625,2,,,,,3882eca9dc70b2d799f0,0.1641869000159204,5214.0,813.0,813.0,1.0,"{""interior"": 204, ""fronteira"": 203, ""liberacao"": 203, ""regret"": 203, ""abertura"": 0}","{""interior"": 0, ""fronteira"": 0, ""liberacao"": 0, ""regret"": 0, ""abertura"": 0}",1.3453795002424158,28.276765299320687,0.0,597.0,0.0,
holmberg_p43,holmberg,8.28370786516854,30,70,kernel,5214.0,True,-1,0,30.0,0.9018265,0.0,5214.0,5214.0,otimo_publicado,"[[0.1561995000229217, 6245.0], [0.17210090003209189, 5214.0], [0.4153801999927964, 5214.0], [0.5592623999982607, 5214.0], [0.7759735999861732, 5214.0]]",0.9018265,0.875,0.9702531473626025,False,86.1,921.46484375,6,4.0,,0.26666666666666666,4.0,3882eca9dc70b2d799f0,,,,,,,,,,,,,0.09519190000719391
holmberg_p44,holmberg,1.7557397959183674,10,90,adaptativa:gnn,7028.0,True,0,0,30.0,1.6563974,0.0,7028.0,7028.0,otimo_publicado,"[[0.11510130003443919, 8437.0], [0.1534611000388395, 8082.0], [0.19356970002991147, 8066.0], [0.21282430001883768, 8035.000000000002], [0.2815789000305813, 8026.000000000002], [0.3297442000184674, 7983.0], [0.36379490001127124, 7983.0], [0.5314765000075568, 7983.0], [0.7363246999739204, 7983.0], [0.7816585999680683, 7585.0], [0.8070867999922484, 7239.0], [0.9154863999865483, 7235.000000000001], [1.6526618999778293, 7028.0]]",1.6563974,1.546875,0.9338791524304494,False,73.6,844.65234375,4,4.0,True,1.0,4.0,3882eca9dc70b2d799f0,,,,,,,,,,,,,
holmberg_p44,holmberg,1.7557397959183674,10,90,adaptativa:pl,7028.0,True,-1,0,30.0,2.5364932,0.0,7028.0,7028.0,otimo_publicado,"[[0.08197450000443496, 10367.0], [0.1324259999964852, 10045.000000000002], [0.160501700011082, 8698.999999999998], [0.3655053999973461, 8615.000000000002], [0.7222546999983024, 8551.0], [0.8873191000020597, 8551.0], [1.204191999975592, 8551.0], [1.5567354999948293, 8551.0], [1.5994170999911148, 7585.0], [1.623348299995996, 7239.0], [1.757485899986932, 7235.000000000001], [2.532769699988421, 7028.0]]",2.5364932,2.390625,0.9424921777830905,False,70.9,844.65234375,4,4.0,True,1.0,4.0,3882eca9dc70b2d799f0,,,,,,,,,,,,,
holmberg_p44,holmberg,1.7557397959183674,10,90,completo,7028.0,True,-1,0,30.0,0.9583747,0.0,7028.0,7028.0,otimo_publicado,"[[0.07661030002054758, 7585.0], [0.09790700001758523, 7239.0], [0.23754010000266135, 7235.000000000001], [0.9541852000111248, 7028.0]]",0.9583747,0.953125,0.9945222886205155,False,75.6,820.1640625,2,1.0,True,1.0,1.0,3882eca9dc70b2d799f0,,,,,,,,,,,,,
holmberg_p44,holmberg,1.7557397959183674,10,90,hibrido:rotacao,7028.0,True,-1,0,30.0,29.9515788,0.0,7028.0,7028.0,otimo_publicado,"[[0.08006260002730414, 8437.0], [0.09779660002095625, 8082.0], [0.14069430000381544, 8066.0], [0.16121090002707206, 8035.000000000002], [0.23392760002752766, 8026.000000000002], [0.27664960001129657, 7983.0], [0.31747129998984747, 7983.0], [0.6279079000232741, 7983.0], [0.7993775999930222, 7983.0], [0.8794389999820851, 7585.0], [0.9179777999815997, 7239.0], [1.0937301999947522, 7235.000000000001], [2.0114212000044063, 7028.0], [2.015423799981363, 7028.0]]",29.9515788,28.828125,0.9624909989719808,False,77.5,820.1640625,2,,,,,3882eca9dc70b2d799f0,2.0150231999868993,7028.0,1200.0,1200.0,4.0,"{""interior"": 300, ""fronteira"": 300, ""liberacao"": 300, ""regret"": 300, ""abertura"": 0}","{""interior"": 0, ""fronteira"": 0, ""liberacao"": 0, ""regret"": 0, ""abertura"": 0}",1.3173682999331504,26.344567700027255,0.0,1176.0,0.0,
holmberg_p44,holmberg,1.7557397959183674,10,90,hibrido:rotacao,7028.0,True,-1,1,30.0,29.9561464,0.0,7028.0,7028.0,otimo_publicado,"[[0.13247049995698035, 8437.0], [0.17485889996169135, 8082.0], [0.2288152999826707, 8066.0], [0.2565953999583144, 8035.000000000002], [0.37363709998317063, 8026.000000000002], [0.4527543999720365, 7983.0], [0.5208828999602702, 7983.0], [0.7055506999895442, 7983.0], [0.8647990999743342, 7983.0], [0.9185332999622915, 7585.0], [0.9588996999664232, 7239.0], [1.0661469999758992, 7235.000000000001], [1.7293579999532085, 7075.0000000000055], [2.0012400999548845, 7028.0], [2.005368299956899, 7028.0]]",29.9561464,27.359375,0.9133142372411426,False,77.8,844.65234375,4,,,,,3882eca9dc70b2d799f0,2.0046444999752566,7028.0,1082.0,1082.0,4.0,"{""interior"": 271, ""fronteira"": 271, ""liberacao"": 270, ""regret"": 270, ""abertura"": 0}","{""interior"": 0, ""fronteira"": 0, ""liberacao"": 0, ""regret"": 0, ""abertura"": 0}",1.2241165999148507,26.455020999652334,0.0,1058.0,0.0,
holmberg_p44,holmberg,1.7557397959183674,10,90,hibrido:rotacao,7028.0,True,-1,2,30.0,29.9852548,0.0,7028.0,7028.0,otimo_publicado,"[[0.12550930000725202, 8437.0], [0.1569321000133641, 8082.0], [0.20172720000846311, 8066.0], [0.22512630000710487, 8035.000000000002], [0.32236839999677613, 8026.000000000002], [0.38851119999890216, 7983.0], [0.4512319999921601, 7983.0], [0.6373178999929223, 7983.0], [0.7843173999572173, 7983.0], [0.8285368999640923, 7585.0], [0.8570722999575082, 7239.0], [0.9742524999601301, 7235.000000000001], [1.3084844999830239, 7197.999999999999], [1.8586210999637842, 7028.0], [1.860508799989475, 7028.0]]",29.9852548,29.015625,0.9676631128710635,False,77.9,820.1640625,2,,,,,3882eca9dc70b2d799f0,1.860316900012549,7028.0,1163.0,1163.0,4.0,"{""interior"": 291, ""fronteira"": 291, ""liberacao"": 291, ""regret"": 290, ""abertura"": 0}","{""interior"": 0, ""fronteira"": 0, ""liberacao"": 0, ""regret"": 0, ""abertura"": 0}",1.3228131006180774,26.525048900250113,0.0,1138.0,0.0,
holmberg_p44,holmberg,1.7557397959183674,10,90,hibridopl:rotacao,7028.0,True,-1,0,30.0,29.9661057,0.0,7028.0,7028.0,otimo_publicado,"[[0.11493989999871701, 10367.0], [0.20220130000961944, 10045.000000000002], [0.25001429999247193, 8698.999999999998], [0.5200848999957088, 8615.000000000002], [0.8113352000073064, 8551.0], [0.8961372000048868, 8551.0], [1.3099758000171278, 8551.0], [1.6925170999893453, 8551.0], [1.7370232999965083, 7585.0], [1.7635658999788575, 7239.0], [1.876312099979259, 7235.000000000001], [2.811358199978713, 7028.0], [2.81426260000444, 7028.0]]",29.9661057,28.75,0.9594172925846685,False,77.1,921.46484375,6,,,,,3882eca9dc70b2d799f0,2.8140527000068687,7028.0,1147.0,1147.0,4.0,"{""interior"": 287, ""fronteira"": 287, ""liberacao"": 287, ""regret"": 286, ""abertura"": 0}","{""interior"": 0, ""fronteira"": 0, ""liberacao"": 0, ""regret"": 0, ""abertura"": 0}",1.2920323997968808,25.586129700037418,0.0,1123.0,0.0,
holmberg_p44,holmberg,1.7557397959183674,10,90,hibridopl:rotacao,7028.0,True,-1,1,30.0,29.971747,0.0,7028.0,7028.0,otimo_publicado,"[[0.24773209998966195, 10367.0], [0.3119554999866523, 10045.000000000002], [0.3390664999897126, 8698.999999999998], [0.5528923999809194, 8615.000000000002], [0.9355343999923207, 8551.0], [1.0305007000279147, 8551.0], [1.4287570000160486, 8551.0], [1.8009932999848388, 8551.0], [1.8417415999865625, 7585.0], [1.8658976999868173, 7239.0], [1.9777814999979455, 7235.000000000001], [2.576148899970576, 7075.0000000000055], [2.751618899987079, 7028.0], [2.7540474999987055, 7028.0]]",29.971747,27.71875,0.9248293067467839,False,77.1,844.65234375,4,,,,,3882eca9dc70b2d799f0,2.753840199991828,7028.0,1042.0,1042.0,4.0,"{""interior"": 261, ""fronteira"": 261, ""liberacao"": 260, ""regret"": 260, ""abertura"": 0}","{""interior"": 0, ""fronteira"": 0, ""liberacao"": 0, ""regret"": 0, ""abertura"": 0}",1.1981339002086315,25.770082900096895,0.0,1018.0,0.0,
holmberg_p44,holmberg,1.7557397959183674,10,90,hibridopl:rotacao,7028.0,True,-1,2,30.0,29.9645495,0.0,7028.0,7028.0,otimo_publicado,"[[0.11563749998458661, 10367.0], [0.20693059999030083, 10045.000000000002], [0.2505173999816179, 8698.999999999998], [0.479297999991104, 8615.000000000002], [0.772753900004318, 8551.0], [0.8660189000074752, 8551.0], [1.2548557999834884, 8551.0], [1.636551400006283, 8551.0], [1.6766170999908354, 7585.0], [1.7148661999963224, 7239.0], [1.835366300016176, 7235.000000000001], [2.269612500007497, 7197.999999999999], [2.8772332000080496, 7028.0], [2.879479099996388, 7028.0]]",29.9645495,28.53125,0.9521668263359007,False,77.0,921.46484375,6,,,,,3882eca9dc70b2d799f0,2.8792804999975488,7028.0,1132.0,1132.0,4.0,"{""interior"": 283, ""fronteira"": 283, ""liberacao"": 283, ""regret"": 283, ""abertura"": 0}","{""interior"": 0, ""fronteira"": 0, ""liberacao"": 0, ""regret"": 0, ""abertura"": 0}",1.2963144001550972,25.527909999684198,0.0,1107.0,0.0,
holmberg_p44,holmberg,1.7557397959183674,10,90,kernel,7028.0,True,-1,0,30.0,1.317475,0.0,7028.0,7028.0,otimo_publicado,"[[0.1815438999910839, 7585.0], [0.22427569999126717, 7239.0], [0.39874599999166094, 7235.000000000001], [1.31332710001152, 7028.0]]",1.317475,1.25,0.9487846069185374,False,97.8,921.46484375,6,1.0,,1.0,1.0,3882eca9dc70b2d799f0,,,,,,,,,,,,,0.026568400004180148
holmberg_p45,holmberg,4.142755174875089,20,80,adaptativa:gnn,6251.0,True,0,0,30.0,12.8696252,0.0,6251.0,6251.0,otimo_publicado,"[[0.16495919998851605, 9635.0], [0.19011460000183433, 8698.999999999993], [0.30970039998646826, 8593.000000000002], [0.4507582999940496, 8438.0], [0.5447199999762233, 8398.000000000005], [2.573349499987671, 8214.0], [4.507338700001128, 8194.0], [4.587203499977477, 8158.0], [5.602035099989735, 8153.0], [5.633760099997744, 8153.0], [6.57124429999385, 8153.0], [9.637115199991968, 8074.999999999999], [12.69125219999114, 8075.0], [12.834175999974832, 6264.0], [12.853158799989615, 6254.0], [12.865879399963887, 6251.0]]",12.8696252,12.4375,0.9664228605507486,False,75.3,921.46484375,6,4.0,True,1.0,4.0,3882eca9dc70b2d799f0,,,,,,,,,,,,,
holmberg_p45,holmberg,4.142755174875089,20,80,adaptativa:pl,6251.0,True,-1,0,30.0,0.8419135,0.0,6251.0,6251.0,otimo_publicado,"[[0.12063340001623146, 6600.0], [0.14162879998912103, 6264.0], [0.14630320001742803, 6254.0], [0.15126040001632646, 6251.0], [0.194771500013303, 6251.0], [0.34129110001958907, 6251.0], [0.5460260000254493, 6251.0]]",0.8419135,0.796875,0.9465045993442319,False,80.2,921.46484375,6,4.0,True,1.0,4.0,3882eca9dc70b2d799f0,,,,,,,,,,,,,
holmberg_p45,holmberg,4.142755174875089,20,80,completo,6251.0,True,-1,0,30.0,0.2915142,0.0,6251.0,6251.0,otimo_publicado,"[[0.14563740001176484, 9848.0], [0.23871929998858832, 6264.0], [0.2696750999893993, 6254.0], [0.287226099986583, 6251.0]]",0.2915142,0.296875,1.0183894986933741,False,79.2,921.46484375,6,1.0,True,1.0,1.0,3882eca9dc70b2d799f0,,,,,,,,,,,,,
holmberg_p45,holmberg,4.142755174875089,20,80,hibrido:rotacao,6251.0,True,-1,0,30.0,30.0071507,0.007150700000000398,6251.0,6251.0,otimo_publicado,"[[0.14361719999578781, 9635.0], [0.17646740001509897, 8698.999999999993], [0.41900160000659525, 8593.000000000002], [0.6895786999957636, 8438.0], [0.8284218000189867, 8398.000000000005], [3.0466545000090264, 8214.0], [3.3765905000036582, 8214.0], [5.003176500002155, 8168.0], [5.973217600025237, 8158.0], [6.1661097000178415, 8153.0], [6.209984200017061, 8153.0], [8.418849799985765, 8153.0], [8.608054499985883, 6264.0], [8.639308399986476, 6254.0], [8.65694019998773, 6251.0], [8.661507999990135, 6251.0]]",30.0071507,27.609375,0.9200931896542913,False,76.2,844.65234375,4,,,,,3882eca9dc70b2d799f0,8.661143999983324,6251.0,495.0,495.0,4.0,"{""interior"": 124, ""fronteira"": 124, ""liberacao"": 124, ""regret"": 123, ""abertura"": 0}","{""interior"": 0, ""fronteira"": 0, ""liberacao"": 0, ""regret"": 0, ""abertura"": 0}",0.5477166997734457,20.674489999597427,0.0,473.0,0.0,
holmberg_p45,holmberg,4.142755174875089,20,80,hibrido:rotacao,6251.0,True,-1,1,30.0,29.9513364,0.0,6251.0,6251.0,otimo_publicado,"[[0.2012685000372585, 9635.0], [0.24801090004621074, 8698.999999999993], [0.436622300039744, 8593.000000000002], [0.6452729000302497, 8438.0], [0.7353809000342153, 8397.999999999998], [2.5477538000268396, 8204.0], [3.704879000026267, 8204.0], [6.154449000023305, 8163.0], [6.767773500003386, 8163.0], [8.76035789999878, 8163.0], [8.945171700004721, 6264.0], [8.96802260002005, 6254.0], [8.983836300001713, 6251.0], [8.987077100027818, 6251.0]]",29.9513364,28.890625,0.9645855067755842,False,79.0,820.1640625,2,,,,,3882eca9dc70b2d799f0,8.986776000005193,6251.0,469.0,469.0,4.0,"{""interior"": 118, ""fronteira"": 117, ""liberacao"": 117, ""regret"": 117, ""abertura"": 0}","{""interior"": 0, ""fronteira"": 0, ""liberacao"": 0, ""regret"": 0, ""abertura"": 0}",0.5128403999260627,20.334098400198855,0.0,447.0,0.0,
holmberg_p45,holmberg,4.142755174875089,20,80,hibrido:rotacao,6251.0,True,-1,2,30.0,29.9996804,0.0,6251.0,6251.0,otimo_publicado,"[[0.14241500000935048, 9635.0], [0.17604920000303537, 8698.999999999993], [0.3336041000147816, 8593.000000000002], [0.4942097000021022, 8438.0], [0.6320953000104055, 8398.000000000005], [2.51698960000067, 8214.0], [3.370146500004921, 8214.0], [4.8187235000077635, 8174.0], [4.837830400007078, 8163.0], [5.614781000011135, 8159.0], [6.045896099996753, 8153.0], [6.2182838000007905, 8153.0], [7.398530600010417, 8153.0], [7.567398500017589, 6264.0], [7.587058500008425, 6254.0], [7.604190100013511, 6251.0], [7.608109199994942, 6251.0]]",29.9996804,28.859375,0.9619894150605685,False,78.9,921.46484375,6,,,,,3882eca9dc70b2d799f0,7.607899299997371,6251.0,502.0,502.0,4.0,"{""interior"": 126, ""fronteira"": 126, ""liberacao"": 125, ""regret"": 125, ""abertura"": 0}","{""interior"": 0, ""fronteira"": 0, ""liberacao"": 0, ""regret"": 0, ""abertura"": 0}",0.5443145999743138,21.71997339997324,0.0,481.0,0.0,
holmberg_p45,holmberg,4.142755174875089,20,80,hibridopl:rotacao,6251.0,True,-1,0,30.0,29.9533565,0.0,6251.0,6251.0,otimo_publicado,"[[0.175539599993499, 6600.0], [0.21226490000844933, 6264.0], [0.22127290000207722, 6254.0], [0.2289372000086587, 6251.0], [0.29671520000556484, 6251.0], [0.48792200002935715, 6251.0], [0.6862717999902088, 6251.0], [0.8930267999821808, 6251.0]]",29.9533565,28.78125,0.9608689430181222,False,76.3,820.1640625,2,,,,,3882eca9dc70b2d799f0,0.8928375999967102,6251.0,706.0,706.0,4.0,"{""interior"": 177, ""fronteira"": 177, ""liberacao"": 176, ""regret"": 176, ""abertura"": 0}","{""interior"": 0, ""fronteira"": 0, ""liberacao"": 0, ""regret"": 0, ""abertura"": 0}",0.7633547001460101,28.132195299782325,0.0,684.0,0.0,
holmberg_p45,holmberg,4.142755174875089,20,80,hibridopl:rotacao,6251.0,True,-1,1,30.0,29.9557821,0.0,6251.0,6251.0,otimo_publicado,"[[0.11585649999324232, 6600.0], [0.14729999998235144, 6264.0], [0.1554554000031203, 6254.0], [0.1714565999864135, 6251.0], [0.2282928000204265, 6251.0], [0.4157374000060372, 6251.0], [0.6204013999958988, 6251.0], [0.8870704000000842, 6251.0]]",29.9557821,28.484375,0.9508806982542446,False,77.4,921.46484375,6,,,,,3882eca9dc70b2d799f0,0.8867688000027556,6251.0,647.0,647.0,4.0,"{""interior"": 162, ""fronteira"": 162, ""liberacao"": 162, ""regret"": 161, ""abertura"": 0}","{""interior"": 0, ""fronteira"": 0, ""liberacao"": 0, ""regret"": 0, ""abertura"": 0}",0.7319610995182302,28.17254229998798,0.0,625.0,0.0,
holmberg_p45,holmberg,4.142755174875089,20,80,hibridopl:rotacao,6251.0,True,-1,2,30.0,29.9534175,0.0,6251.0,6251.0,otimo_publicado,"[[0.11654190000263043, 6600.0], [0.14008260000264272, 6264.0], [0.14779330001329072, 6254.0], [0.15939210000215098, 6251.0], [0.21490960000664927, 6251.0], [0.4306726999930106, 6251.0], [0.7307793999789283, 6251.0], [1.0400139999983367, 6251.0]]",29.9534175,27.3125,0.9118325146037176,False,78.9,844.65234375,4,,,,,3882eca9dc70b2d799f0,1.0396142000099644,6251.0,642.0,642.0,4.0,"{""interior"": 161, ""fronteira"": 161, ""liberacao"": 160, ""regret"": 160, ""abertura"": 0}","{""interior"": 0, ""fronteira"": 0, ""liberacao"": 0, ""regret"": 0, ""abertura"": 0}",0.7086180999758653,28.04181890047039,0.0,621.0,0.0,
holmberg_p45,holmberg,4.142755174875089,20,80,kernel,6251.0,True,-1,0,30.0,0.6002445,0.0,6251.0,6251.0,otimo_publicado,"[[0.12896569998702034, 6496.0], [0.15062709999619983, 6264.0], [0.15697650000220165, 6254.0], [0.16487579999375157, 6251.0], [0.22589830000652, 6251.0], [0.45368680002866313, 6251.0]]",0.6002445,0.578125,0.9631491833744416,False,78.9,921.46484375,6,3.0,,0.4,3.0,3882eca9dc70b2d799f0,,,,,,,,,,,,,0.05089860002044588
holmberg_p46,holmberg,7.100321027287319,30,70,adaptativa:gnn,5651.0,True,0,0,30.0,4.3524104,0.0,5651.0,5651.0,otimo_publicado,"[[0.15163900001789443, 8094.0], [0.17821400001412258, 7078.0], [0.21809140002005734, 6772.999999999998], [0.2667375000019092, 6711.999999999999], [0.9433598000032362, 6540.0], [1.0157894000294618, 6540.0], [1.1823127000243403, 6211.000000000001], [1.900303400005214, 6154.0], [2.121596800017869, 6154.0], [2.224361600005068, 5926.0], [2.2879901000123937, 5906.0], [2.4060049000254367, 5906.0], [4.345003500027815, 5651.0]]",4.3524104,4.140625,0.9513406640145883,False,75.6,820.1640625,2,4.0,True,1.0,4.0,3882eca9dc70b2d799f0,,,,,,,,,,,,,
holmberg_p46,holmberg,7.100321027287319,30,70,adaptativa:pl,5651.0,True,-1,0,30.0,1.2054608,0.0,5651.0,5651.0,otimo_publicado,"[[0.15553570000338368, 5941.0], [0.17432420002296567, 5719.0], [0.24874190002446994, 5656.0], [0.3049213999765925, 5656.0], [0.6796537999762222, 5651.0], [0.7811081999971066, 5651.0]]",1.2054608,1.171875,0.9721386211812114,False,71.8,921.46484375,6,3.0,True,0.8333333333333334,3.0,3882eca9dc70b2d799f0,,,,,,,,,,,,,
holmberg_p46,holmberg,7.100321027287319,30,70,completo,5651.0,True,-1,0,30.0,2.2842199,0.0,5651.0,5651.0,otimo_publicado,"[[0.27924969999003224, 12639.0], [0.4268214000039734, 6258.000000000001], [1.3109118999855127, 6134.999999999999], [2.201242999988608, 5651.000000000001]]",2.2842199,2.171875,0.9508169506797485,False,78.2,820.1640625,2,1.0,True,1.0,1.0,3882eca9dc70b2d799f0,,,,,,,,,,,,,
holmberg_p46,holmberg,7.100321027287319,30,70,hibrido:rotacao,5651.0,True,-1,0,30.0,29.9608743,0.0,5651.0,5651.0,otimo_publicado,"[[0.16182670003036037, 8094.0], [0.19336570001905784, 7078.0], [0.2359495000273455, 6772.999999999998], [0.2909166000317782, 6711.999999999999], [0.9731093000154942, 6540.0], [1.0409083999984432, 6540.0], [1.2018882000120357, 6211.000000000001], [2.1530708000063896, 6154.0], [2.4064908000000287, 6154.0], [2.531261199997971, 5926.0], [2.590330000006361, 5906.0], [2.6711129000177607, 5906.0], [4.562885899998946, 5651.0], [4.567366699979175, 5651.0]]",29.9608743,28.84375,0.9627138951682729,False,77.2,921.46484375,6,,,,,3882eca9dc70b2d799f0,4.5670309999841265,5651.0,715.0,715.0,4.0,"{""interior"": 179, ""fronteira"": 179, ""liberacao"": 179, ""regret"": 178, ""abertura"": 0}","{""interior"": 0, ""fronteira"": 0, ""liberacao"": 0, ""regret"": 0, ""abertura"": 0}",0.7943206999916583,24.428086100000655,0.0,692.0,0.0,
holmberg_p46,holmberg,7.100321027287319,30,70,hibrido:rotacao,5651.0,True,-1,1,30.0,29.9708131,0.0,5651.0,5651.0,otimo_publicado,"[[0.14304930000798777, 8094.0], [0.16888379998272285, 7078.0], [0.20612819999223575, 6772.999999999998], [0.24872509998385794, 6711.999999999999], [0.9291805999819189, 6540.0], [1.0030454999650829, 6540.0], [1.126835699978983, 6211.000000000001], [1.8616775999835227, 6154.0], [2.2340072999941185, 6154.0], [2.3362627000024077, 5926.0], [2.4017945999803487, 5906.0], [2.5294495999987703, 5906.0], [4.578401899983874, 5651.0], [4.584944100002758, 5651.0]]",29.9708131,28.90625,0.964480006049619,False,76.4,921.46484375,6,,,,,3882eca9dc70b2d799f0,4.584627400006866,5651.0,738.0,738.0,4.0,"{""interior"": 185, ""fronteira"": 185, ""liberacao"": 184, ""regret"": 184, ""abertura"": 0}","{""interior"": 0, ""fronteira"": 0, ""liberacao"": 0, ""regret"": 0, ""abertura"": 0}",0.8407652995665558,24.363394899730338,0.0,715.0,0.0,
holmberg_p46,holmberg,7.100321027287319,30,70,hibrido:rotacao,5651.0,True,-1,2,30.0,29.9719143,0.0,5651.0,5651.0,otimo_publicado,"[[0.2222786000056658, 8094.0], [0.2624000000068918, 7078.0], [0.33269760000985116, 6772.999999999998], [0.4099201000062749, 6711.999999999999], [1.1094630000006873, 6540.0], [1.154928000032669, 6540.0], [1.319228100037435, 6211.000000000001], [2.0564482000190765, 6154.0], [2.274445299990475, 6154.0], [2.41817579997587, 5926.0], [2.485031899996102, 5906.0], [2.835098100011237, 5906.0], [4.159499600005802, 5651.0], [4.291889200016158, 5651.0]]",29.9719143,28.859375,0.9628806058610677,False,77.2,820.1640625,2,,,,,3882eca9dc70b2d799f0,4.291614500019932,5651.0,743.0,743.0,4.0,"{""interior"": 186, ""fronteira"": 186, ""liberacao"": 186, ""regret"": 185, ""abertura"": 0}","{""interior"": 0, ""fronteira"": 0, ""liberacao"": 0, ""regret"": 0, ""abertura"": 0}",0.7973924998368602,24.709331699676113,0.0,720.0,0.0,
holmberg_p46,holmberg,7.100321027287319,30,70,hibridopl:rotacao,5651.0,True,-1,0,30.0,29.9549699,0.0,5651.0,5651.0,otimo_publicado,"[[0.11129260002053343, 5941.0], [0.1320801000110805, 5719.0], [0.20909780001966283, 5656.0], [0.2727215999912005, 5656.0], [0.6122139999934006, 5651.0], [0.6845447999949101, 5651.0], [1.1189413999964017, 5651.0]]",29.9549699,28.703125,0.9582091083990707,False,77.0,820.1640625,2,,,,,3882eca9dc70b2d799f0,1.1185106000048108,5651.0,813.0,813.0,3.0,"{""interior"": 204, ""fronteira"": 203, ""liberacao"": 203, ""regret"": 203, ""abertura"": 0}","{""interior"": 0, ""fronteira"": 0, ""liberacao"": 0, ""regret"": 0, ""abertura"": 0}",0.9143906995013822,27.72629470008542,0.0,790.0,0.0,
holmberg_p46,holmberg,7.100321027287319,30,70,hibridopl:rotacao,5651.0,True,-1,1,30.0,29.9803896,0.0,5651.0,5651.0,otimo_publicado,"[[0.14140839999890886, 5941.0], [0.16150509999715723, 5719.0], [0.24207700000260957, 5656.0], [0.32912650000071153, 5656.0], [0.7726704000087921, 5651.000000000002], [0.9254116000083741, 5651.0], [1.537487500027055, 5651.0]]",29.9803896,27.640625,0.9219568314082216,False,77.3,844.65234375,4,,,,,3882eca9dc70b2d799f0,1.537286500009941,5651.0,799.0,799.0,3.0,"{""interior"": 200, ""fronteira"": 200, ""liberacao"": 200, ""regret"": 199, ""abertura"": 0}","{""interior"": 0, ""fronteira"": 0, ""liberacao"": 0, ""regret"": 0, ""abertura"": 0}",0.8807613999524619,27.373830299795372,0.0,776.0,0.0,
holmberg_p46,holmberg,7.100321027287319,30,70,hibridopl:rotacao,5651.0,True,-1,2,30.0,29.9561497,0.0,5651.0,5651.0,otimo_publicado,"[[0.1278617000207305, 5941.0], [0.150045600021258, 5719.0], [0.2476260999974329, 5656.0], [0.5503025999933016, 5656.0], [0.929115599981742, 5651.000000000002], [1.0709145000146236, 5651.0], [1.9710676000104286, 5651.0]]",29.9561497,27.34375,0.9127925408918623,False,77.2,844.65234375,4,,,,,3882eca9dc70b2d799f0,1.9706537000020035,5651.0,797.0,797.0,3.0,"{""interior"": 200, ""fronteira"": 199, ""liberacao"": 199, ""regret"": 199, ""abertura"": 0}","{""interior"": 0, ""fronteira"": 0, ""liberacao"": 0, ""regret"": 0, ""abertura"": 0}",0.8862983001163229,26.896785199904116,0.0,774.0,0.0,
holmberg_p46,holmberg,7.100321027287319,30,70,kernel,5651.0,True,-1,0,30.0,3.4905684,0.0,5651.0,5651.0,otimo_publicado,"[[0.20056789999944158, 6345.0], [0.24395539998658933, 6258.000000000001], [0.4819786000007298, 5959.000000000003], [2.482688199990662, 5651.000000000004], [2.5753712999867275, 5651.0], [3.0328327999741305, 5651.0]]",3.4905684,3.390625,0.9713675858636662,False,78.6,820.1640625,2,3.0,,0.36666666666666664,3.0,3882eca9dc70b2d799f0,,,,,,,,,,,,,0.07552690000738949
holmberg_p47,holmberg,1.7647435897435897,10,90,adaptativa:gnn,6228.0,True,0,0,30.0,0.6874235,0.0,6228.0,6228.0,otimo_publicado,"[[0.14463689998956397, 9220.0], [0.16284139998606406, 8923.0], [0.21957029998884536, 7880.000000000002], [0.2603307999961544, 7779.0], [0.3310097999928985, 7779.0], [0.48033140000188723, 7779.0], [0.5921576000109781, 7779.0], [0.6373868999944534, 6584.0], [0.664199799997732, 6576.000000000001], [0.6749033000087366, 6282.0], [0.6845092000148725, 6228.0]]",0.6874235,0.6875,1.0001112851102705,False,90.1,820.1640625,2,4.0,True,1.0,4.0,3882eca9dc70b2d799f0,,,,,,,,,,,,,
holmberg_p47,holmberg,1.7647435897435897,10,90,adaptativa:pl,6228.0,True,-1,0,30.0,0.5188284,0.0,6228.0,6228.0,otimo_publicado,"[[0.09806400001980364, 8899.0], [0.1274971000093501, 7881.0], [0.16751950001344085, 7881.0], [0.2687893000256736, 7881.0], [0.4251837000483647, 7881.0], [0.4727798000385519, 6584.0], [0.4972609000396915, 6576.000000000001], [0.5090766000503208, 6282.0], [0.5161649000365287, 6228.0]]",0.5188284,0.5,0.9637097737903322,False,72.3,921.46484375,6,4.0,True,1.0,4.0,3882eca9dc70b2d799f0,,,,,,,,,,,,,
holmberg_p47,holmberg,1.7647435897435897,10,90,completo,6228.0,True,-1,0,30.0,0.1118433,0.0,6228.0,6228.0,otimo_publicado,"[[0.06875889998627827, 6584.0], [0.09024289998342283, 6576.000000000001], [0.09959090000484139, 6282.0], [0.10815819998970255, 6228.0]]",0.1118433,0.109375,0.9779307298693798,False,58.9,820.1640625,2,1.0,True,1.0,1.0,3882eca9dc70b2d799f0,,,,,,,,,,,,,
holmberg_p47,holmberg,1.7647435897435897,10,90,hibrido:rotacao,6228.0,True,-1,0,30.0,29.9580514,0.0,6228.0,6228.0,otimo_publicado,"[[0.08302109999931417, 9220.0], [0.09634679998271167, 8923.0], [0.1280079999996815, 7880.000000000002], [0.15304010000545532, 7779.0], [0.18940470000961795, 7779.0], [0.3639283000084106, 7779.0], [0.6145991000521462, 7779.0], [0.6777309000317473, 6584.0], [0.7175454000243917, 6576.000000000001], [0.734614600049099, 6282.0], [0.7430508000252303, 6228.0], [0.7449508000281639, 6228.0]]",29.9580514,28.9375,0.9659339859467628,False,75.7,820.1640625,2,,,,,3882eca9dc70b2d799f0,0.7447515000239946,6228.0,1288.0,1288.0,4.0,"{""interior"": 322, ""fronteira"": 322, ""liberacao"": 322, ""regret"": 322, ""abertura"": 0}","{""interior"": 0, ""fronteira"": 0, ""liberacao"": 0, ""regret"": 0, ""abertura"": 0}",1.42004539995105,27.500070999347372,0.0,1265.0,0.0,
holmberg_p47,holmberg,1.7647435897435897,10,90,hibrido:rotacao,6228.0,True,-1,1,30.0,29.9622241,0.0,6228.0,6228.0,otimo_publicado,"[[0.12196649998077191, 9220.0], [0.14311279996763915, 8923.0], [0.17988669997430407, 7880.000000000002], [0.21075409997138195, 7779.0], [0.2539141000015661, 7779.0], [0.3581724999821745, 7779.0], [0.5162430999916978, 7779.0], [0.6095233999949414, 6584.0], [0.6507882000005338, 6576.000000000001], [0.6671241000003647, 6282.0], [0.6846819999918807, 6228.0], [0.6879807999939658, 6228.0]]",29.9622241,27.34375,0.9126074856372228,False,76.1,844.65234375,4,,,,,3882eca9dc70b2d799f0,0.6875950999965426,6228.0,1246.0,1246.0,4.0,"{""interior"": 312, ""fronteira"": 312, ""liberacao"": 311, ""regret"": 311, ""abertura"": 0}","{""interior"": 0, ""fronteira"": 0, ""liberacao"": 0, ""regret"": 0, ""abertura"": 0}",1.4283467999193817,27.546018600201933,0.0,1223.0,0.0,
holmberg_p47,holmberg,1.7647435897435897,10,90,hibrido:rotacao,6228.0,True,-1,2,30.0,29.9524234,0.0,6228.0,6228.0,otimo_publicado,"[[0.12132350000320002, 9220.0], [0.13148770001134835, 8923.0], [0.16565929999342188, 7880.000000000002], [0.18958539998857304, 7779.0], [0.2291683999937959, 7779.0], [0.3348876000090968, 7779.0], [0.5498969000182115, 7779.0], [0.6281463000341319, 6584.0], [0.6742031000321731, 6377.000000000001], [0.6968377000303008, 6228.0], [0.7008344999921974, 6228.0]]",29.9524234,27.53125,0.9191660264791797,False,76.3,844.65234375,4,,,,,3882eca9dc70b2d799f0,0.7004152000008617,6228.0,1240.0,1240.0,4.0,"{""interior"": 310, ""fronteira"": 310, ""liberacao"": 310, ""regret"": 310, ""abertura"": 0}","{""interior"": 0, ""fronteira"": 0, ""liberacao"": 0, ""regret"": 0, ""abertura"": 0}",1.4317890999373049,27.51435840013437,0.0,1217.0,0.0,
holmberg_p47,holmberg,1.7647435897435897,10,90,hibridopl:rotacao,6228.0,True,-1,0,30.0,29.9608717,0.0,6228.0,6228.0,otimo_publicado,"[[0.08345610002288595, 8899.0], [0.1060035000264179, 7881.0], [0.14709650000440888, 7881.0], [0.2475445000163745, 7881.0], [0.3864740000281017, 7881.0], [0.42269580005086027, 6584.0], [0.45049710004241206, 6576.000000000001], [0.46138230003998615, 6282.0], [0.46937320003053173, 6228.0], [0.47158480001962744, 6228.0]]",29.9608717,28.59375,0.9543697622122256,False,76.9,921.46484375,6,,,,,3882eca9dc70b2d799f0,0.4713730000075884,6228.0,1267.0,1267.0,4.0,"{""interior"": 317, ""fronteira"": 317, ""liberacao"": 317, ""regret"": 316, ""abertura"": 0}","{""interior"": 0, ""fronteira"": 0, ""liberacao"": 0, ""regret"": 0, ""abertura"": 0}",1.439368900260888,27.742358999938006,0.0,1244.0,0.0,
holmberg_p47,holmberg,1.7647435897435897,10,90,hibridopl:rotacao,6228.0,True,-1,1,30.0,30.0042173,0.0042173000000005345,6228.0,6228.0,otimo_publicado,"[[0.12823419997585006, 8899.0], [0.17146499999216758, 7881.0], [0.2426170000107959, 7881.0], [0.4093744000128936, 7881.0], [0.5401541999599431, 7881.0], [0.5868646999588236, 6584.0], [0.616958499973407, 6576.000000000001], [0.630437699961476, 6282.0], [0.6427860999829136, 6228.0], [0.6474960000196006, 6228.0]]",30.0042173,28.921875,0.9639269943562234,False,76.8,820.1640625,2,,,,,3882eca9dc70b2d799f0,0.6471179999934975,6228.0,1286.0,1286.0,4.0,"{""interior"": 322, ""fronteira"": 322, ""liberacao"": 321, ""regret"": 321, ""abertura"": 0}","{""interior"": 0, ""fronteira"": 0, ""liberacao"": 0, ""regret"": 0, ""abertura"": 0}",1.3910769998910837,27.677178900456056,0.0,1263.0,0.0,
holmberg_p47,holmberg,1.7647435897435897,10,90,hibridopl:rotacao,6228.0,True,-1,2,30.0,29.9577711,0.0,6228.0,6228.0,otimo_publicado,"[[0.08976740000071004, 8899.0], [0.11208400002215058, 7881.0], [0.15132720000110567, 7881.0], [0.2560352000000421, 7881.0], [0.3609736999787856, 7881.0], [0.4057607999711763, 6584.0], [0.44465649998164736, 6377.000000000001], [0.4644022999855224, 6228.0], [0.4666154000151437, 6228.0]]",29.9577711,28.609375,0.9549901060563214,False,76.4,921.46484375,6,,,,,3882eca9dc70b2d799f0,0.4663604999950621,6228.0,1284.0,1284.0,4.0,"{""interior"": 321, ""fronteira"": 321, ""liberacao"": 321, ""regret"": 321, ""abertura"": 0}","{""interior"": 0, ""fronteira"": 0, ""liberacao"": 0, ""regret"": 0, ""abertura"": 0}",1.4368976000114344,27.76133869998739,0.0,1261.0,0.0,
holmberg_p47,holmberg,1.7647435897435897,10,90,kernel,6228.0,True,-1,0,30.0,0.1990983,0.0,6228.0,6228.0,otimo_publicado,"[[0.12319680003565736, 6584.0], [0.1635851000319235, 6576.000000000001], [0.18179930004407652, 6282.0], [0.19590580003568903, 6228.0]]",0.1990983,0.1875,0.9417458612152891,False,84.3,820.1640625,2,1.0,,1.0,1.0,3882eca9dc70b2d799f0,,,,,,,,,,,,,0.015673400019295514
holmberg_p48,holmberg,4.058741258741259,20,80,adaptativa:gnn,5596.0,True,0,0,30.0,0.7922622,0.0,5596.0,5596.0,otimo_publicado,"[[0.09488200000487268, 7685.0], [0.11082980001810938, 6583.0], [0.11810250001144595, 6559.0], [0.1567963000270538, 6559.0], [0.215782900020713, 6493.0], [0.2208153000101447, 6491.999999999999], [0.2275503000128083, 6469.0], [0.4146552000020165, 6469.0], [0.5242489999800455, 6256.0], [0.5839391000044998, 6256.0], [0.73125430001528, 5600.0], [0.7870044000155758, 5596.0]]",0.7922622,0.765625,0.9663783025367108,False,69.2,820.1640625,2,4.0,True,1.0,4.0,3882eca9dc70b2d799f0,,,,,,,,,,,,,
holmberg_p48,holmberg,4.058741258741259,20,80,adaptativa:pl,5596.0,True,-1,0,30.0,1.1349627,0.0,5596.0,5596.0,otimo_publicado,"[[0.13460729998769239, 6172.0], [0.1649963999807369, 5919.0], [0.17357519996585324, 5899.000000000001], [0.21932699996978045, 5899.0], [0.6160859999654349, 5899.0], [0.7422067999723367, 5600.0], [0.9177565999561921, 5600.0], [1.1308468999632169, 5596.0]]",1.1349627,1.015625,0.8948531964971184,True,90.2,844.65234375,4,4.0,True,1.0,4.0,3882eca9dc70b2d799f0,,,,,,,,,,,,,
holmberg_p48,holmberg,4.058741258741259,20,80,completo,5596.0,True,-1,0,30.0,0.2886486,0.0,5596.0,5596.0,otimo_publicado,"[[0.16511490000993945, 9044.0], [0.2306255000003148, 5600.0], [0.28311910000047646, 5596.0]]",0.2886486,0.25,0.866105014886613,True,68.0,844.65234375,4,1.0,True,1.0,1.0,3882eca9dc70b2d799f0,,,,,,,,,,,,,
holmberg_p48,holmberg,4.058741258741259,20,80,hibrido:rotacao,5596.0,True,-1,0,30.0,29.9528721,0.0,5596.0,5596.0,otimo_publicado,"[[0.12269249997916631, 7685.0], [0.15156329999445006, 6583.0], [0.16257059999043122, 6559.0], [0.20302279997849837, 6559.0], [0.25850259998696856, 6493.0], [0.2672951999702491, 6491.999999999999], [0.27431149999029003, 6469.0], [0.326080999977421, 6469.0], [0.4362241999770049, 6256.0], [0.5383800999843515, 6256.0], [0.7806626999808941, 5600.0], [0.848800299980212, 5596.0], [0.8543731999816373, 5596.0]]",29.9528721,27.625,0.9222821740690437,False,76.6,844.65234375,4,,,,,3882eca9dc70b2d799f0,0.8539763999870047,5596.0,1069.0,1069.0,4.0,"{""interior"": 268, ""fronteira"": 267, ""liberacao"": 267, ""regret"": 267, ""abertura"": 0}","{""interior"": 0, ""fronteira"": 0, ""liberacao"": 0, ""regret"": 0, ""abertura"": 0}",1.1966416000796016,27.643253800284583,0.0,1050.0,0.0,
holmberg_p48,holmberg,4.058741258741259,20,80,hibrido:rotacao,5596.0,True,-1,1,30.0,29.9810529,0.0,5596.0,5596.0,otimo_publicado,"[[0.09472970000933856, 7685.0], [0.11263030002010055, 6583.0], [0.12155720000737347, 6559.0], [0.15566240003681742, 6559.0], [0.21484570001484826, 6493.0], [0.2211665000359062, 6491.999999999999], [0.22868160001235083, 6469.0], [0.30858089998946525, 6469.0], [0.41845689999172464, 6256.0], [0.4878065999946557, 6256.0], [0.6130772999895271, 5600.0], [0.6516592999978457, 5596.0], [0.6547206999675836, 5596.0]]",29.9810529,28.703125,0.9573754829671108,False,76.6,820.1640625,2,,,,,3882eca9dc70b2d799f0,0.6545278999838047,5596.0,1075.0,1075.0,4.0,"{""interior"": 269, ""fronteira"": 269, ""liberacao"": 269, ""regret"": 268, ""abertura"": 0}","{""interior"": 0, ""fronteira"": 0, ""liberacao"": 0, ""regret"": 0, ""abertura"": 0}",1.184268600132782,27.894886000693077,0.0,1056.0,0.0,
holmberg_p48,holmberg,4.058741258741259,20,80,hibrido:rotacao,5596.0,True,-1,2,30.0,29.9797009,0.0,5596.0,5596.0,otimo_publicado,"[[0.09476369997719303, 7685.0], [0.11912389998906292, 6583.0], [0.12804549996508285, 6559.0], [0.1654510999796912, 6559.0], [0.22754219998023473, 6493.0], [0.2392245999944862, 6492.0], [0.24443529997370206, 6469.0], [0.3118559999857098, 6469.0], [0.47361829999135807, 6256.0], [0.5776674999797251, 6256.0], [0.7709713999938685, 5799.0], [0.9762974999903236, 5596.0], [0.9816013999807183, 5596.0]]",29.9797009,28.859375,0.9626305177714432,False,76.2,820.1640625,2,,,,,3882eca9dc70b2d799f0,0.9813224999816157,5596.0,1090.0,1090.0,4.0,"{""interior"": 273, ""fronteira"": 273, ""liberacao"": 272, ""regret"": 272, ""abertura"": 0}","{""interior"": 0, ""fronteira"": 0, ""liberacao"": 0, ""regret"": 0, ""abertura"": 0}",1.1842059000919107,27.55880270016496,0.0,1071.0,0.0,
holmberg_p48,holmberg,4.058741258741259,20,80,hibridopl:rotacao,5596.0,True,-1,0,30.0,29.9662108,0.0,5596.0,5596.0,otimo_publicado,"[[0.0869791999575682, 6172.0], [0.10850189995835535, 5919.0], [0.11731919995509088, 5899.000000000001], [0.14968399997451343, 5899.0], [0.27222649997565895, 5899.0], [0.34829439999884926, 5600.0], [0.42764840001473203, 5600.0], [0.6630158000043593, 5596.0], [0.6705240000155754, 5596.0]]",29.9662108,28.515625,0.951592618443437,False,76.5,921.46484375,6,,,,,3882eca9dc70b2d799f0,0.6702689999947324,5596.0,1105.0,1105.0,4.0,"{""interior"": 277, ""fronteira"": 276, ""liberacao"": 276, ""regret"": 276, ""abertura"": 0}","{""interior"": 0, ""fronteira"": 0, ""liberacao"": 0, ""regret"": 0, ""abertura"": 0}",1.2117137997411191,27.829046300495975,0.0,1086.0,0.0,
holmberg_p48,holmberg,4.058741258741259,20,80,hibridopl:rotacao,5596.0,True,-1,1,30.0,29.971517,0.0,5596.0,5596.0,otimo_publicado,"[[0.09176999996998347, 6172.0], [0.1254163999692537, 5919.0], [0.13517229998251423, 5899.000000000001], [0.16974740001023747, 5899.0], [0.2724729999899864, 5899.0], [0.35877170000458136, 5600.0], [0.44844059998285957, 5600.0], [0.6563715999945998, 5596.0], [0.6593894000106957, 5596.0]]",29.971517,28.734375,0.9587227433299422,False,76.3,921.46484375,6,,,,,3882eca9dc70b2d799f0,0.6590804000152275,5596.0,1061.0,1061.0,4.0,"{""interior"": 266, ""fronteira"": 265, ""liberacao"": 265, ""regret"": 265, ""abertura"": 0}","{""interior"": 0, ""fronteira"": 0, ""liberacao"": 0, ""regret"": 0, ""abertura"": 0}",1.1771085000655148,27.888621799473185,0.0,1042.0,0.0,
holmberg_p48,holmberg,4.058741258741259,20,80,hibridopl:rotacao,5596.0,True,-1,2,30.0,29.960058,0.0,5596.0,5596.0,otimo_publicado,"[[0.08585970001877286, 6172.0], [0.10751160001382232, 5919.0], [0.11677510000299662, 5899.000000000001], [0.1531175000127405, 5899.0], [0.2458298000274226, 5899.0], [0.31643540001823567, 5613.0], [0.32675840001320466, 5600.0], [0.40701520000584424, 5600.0], [0.7686760000069626, 5596.0], [0.7770630000159144, 5596.0]]",29.960058,27.59375,0.9210179099119234,False,76.1,844.65234375,4,,,,,3882eca9dc70b2d799f0,0.7766587000223808,5596.0,1051.0,1051.0,4.0,"{""interior"": 263, ""fronteira"": 263, ""liberacao"": 263, ""regret"": 262, ""abertura"": 0}","{""interior"": 0, ""fronteira"": 0, ""liberacao"": 0, ""regret"": 0, ""abertura"": 0}",1.1578806008328684,27.769965700717876,0.0,1032.0,0.0,
holmberg_p48,holmberg,4.058741258741259,20,80,kernel,5596.0,True,-1,0,30.0,0.4197467,0.0,5596.0,5596.0,otimo_publicado,"[[0.10586370000964962, 5821.0], [0.14294810002320446, 5600.0], [0.21229049999965355, 5600.0], [0.4168841000064276, 5596.0]]",0.4197467,0.390625,0.9306207767684653,False,70.0,921.46484375,6,2.0,,0.6,2.0,3882eca9dc70b2d799f0,,,,,,,,,,,,,0.025857900007395074
holmberg_p49,holmberg,7.0776,30,70,adaptativa:gnn,5302.0,True,0,0,30.0,1.0085694,0.0,5302.0,5302.0,otimo_publicado,"[[0.13688999999430962, 7686.0], [0.16174649997265078, 5817.0], [0.20584169999347068, 5817.0], [0.27739760000258684, 5747.0], [0.32634470000630245, 5747.0], [0.4356077999982517, 5665.999999999999], [0.45038369999383576, 5578.0], [0.7101567999925464, 5578.0], [0.9790296999854036, 5302.0]]",1.0085694,0.953125,0.9450266882973051,False,74.5,820.1640625,2,4.0,True,1.0,4.0,3882eca9dc70b2d799f0,,,,,,,,,,,,,
holmberg_p49,holmberg,7.0776,30,70,adaptativa:pl,5302.0,True,-1,0,30.0,0.9450019,0.0,5302.0,5302.0,otimo_publicado,"[[0.12523200002033263, 5390.0], [0.14977970003383234, 5352.0], [0.24134150001918897, 5352.0], [0.3763849000388291, 5302.0], [0.7286425000056624, 5302.0]]",0.9450019,0.796875,0.8432522728261181,True,88.1,844.65234375,4,3.0,True,0.9,3.0,3882eca9dc70b2d799f0,,,,,,,,,,,,,
holmberg_p49,holmberg,7.0776,30,70,completo,5302.0,True,-1,0,30.0,0.3077778,0.0,5302.0,5302.0,otimo_publicado,"[[0.19185940001625568, 12420.0], [0.27995840000221506, 5302.0]]",0.3077778,0.3125,1.015342886978853,False,64.4,844.65234375,4,1.0,True,1.0,1.0,3882eca9dc70b2d799f0,,,,,,,,,,,,,
holmberg_p49,holmberg,7.0776,30,70,hibrido:rotacao,5302.0,True,-1,0,30.0,29.9531681,0.0,5302.0,5302.0,otimo_publicado,"[[0.17400259998976253, 7686.0], [0.20915189999504946, 5817.0], [0.24850029998924583, 5817.0], [0.3232558999734465, 5747.0], [0.3789091999933589, 5747.0], [0.4913681999896653, 5665.999999999999], [0.5090812999696936, 5578.0], [0.6968203999858815, 5578.0], [0.9564763999660499, 5302.0], [0.9828135999850929, 5302.0]]",29.9531681,28.8125,0.9619182820264011,False,76.0,820.1640625,2,,,,,3882eca9dc70b2d799f0,0.982611099985661,5302.0,1059.0,1059.0,4.0,"{""interior"": 265, ""fronteira"": 265, ""liberacao"": 265, ""regret"": 264, ""abertura"": 0}","{""interior"": 0, ""fronteira"": 0, ""liberacao"": 0, ""regret"": 0, ""abertura"": 0}",1.1600843002379406,27.5684353998804,0.0,1038.0,0.0,
holmberg_p49,holmberg,7.0776,30,70,hibrido:rotacao,5302.0,True,-1,1,30.0,29.9645045,0.0,5302.0,5302.0,otimo_publicado,"[[0.16055189998587593, 7686.0], [0.18869919999269769, 5817.0], [0.22957209998276085, 5817.0], [0.30194849998224527, 5747.0], [0.3746531000069808, 5747.0], [0.56912289999309, 5578.0], [0.6770822999533266, 5578.0], [1.0739206999714952, 5302.0], [1.0857497999968473, 5302.0]]",29.9645045,27.59375,0.920881237999447,False,76.7,844.65234375,4,,,,,3882eca9dc70b2d799f0,1.0854296000034083,5302.0,983.0,983.0,4.0,"{""interior"": 246, ""fronteira"": 246, ""liberacao"": 246, ""regret"": 245, ""abertura"": 0}","{""interior"": 0, ""fronteira"": 0, ""liberacao"": 0, ""regret"": 0, ""abertura"": 0}",1.131294599705143,27.50365999949281,0.0,962.0,0.0,
holmberg_p49,holmberg,7.0776,30,70,hibrido:rotacao,5302.0,True,-1,2,30.0,29.9581193,0.0,5302.0,5302.0,otimo_publicado,"[[0.14151139996829443, 7686.0], [0.17638859996804968, 5817.0], [0.22283749995403923, 5817.0], [0.3168475999555085, 5747.0], [0.36593839997658506, 5747.0], [0.4569496999902185, 5606.0], [0.4700499999744352, 5578.0], [0.6988354999630246, 5578.0], [0.9071727999544237, 5302.0], [0.9512231999833602, 5302.0]]",29.9581193,28.75,0.9596730593165106,False,76.2,921.46484375,6,,,,,3882eca9dc70b2d799f0,0.9508758999872953,5302.0,1026.0,1026.0,4.0,"{""interior"": 257, ""fronteira"": 257, ""liberacao"": 256, ""regret"": 256, ""abertura"": 0}","{""interior"": 0, ""fronteira"": 0, ""liberacao"": 0, ""regret"": 0, ""abertura"": 0}",1.1643528998829424,27.60151870016125,0.0,1005.0,0.0,
holmberg_p49,holmberg,7.0776,30,70,hibridopl:rotacao,5302.0,True,-1,0,30.0,29.9722098,0.0,5302.0,5302.0,otimo_publicado,"[[0.1255721999623347, 5390.0], [0.14466699995682575, 5352.0], [0.18158299996866845, 5352.0], [0.24803399996017106, 5302.0], [0.32821089995559305, 5302.0], [0.5173802000063006, 5302.0]]",29.9722098,29.015625,0.9680842751874772,False,78.3,820.1640625,2,,,,,3882eca9dc70b2d799f0,0.5170997999957763,5302.0,1042.0,1042.0,3.0,"{""interior"": 261, ""fronteira"": 261, ""liberacao"": 260, ""regret"": 260, ""abertura"": 0}","{""interior"": 0, ""fronteira"": 0, ""liberacao"": 0, ""regret"": 0, ""abertura"": 0}",1.1672307007829659,28.043209200171987,0.0,1021.0,0.0,
holmberg_p49,holmberg,7.0776,30,70,hibridopl:rotacao,5302.0,True,-1,1,30.0,29.9562344,0.0,5302.0,5302.0,otimo_publicado,"[[0.11858789998223074, 5390.0], [0.13744639998185448, 5352.0], [0.18298589996993542, 5352.0], [0.24425549997249618, 5324.0], [0.2502318999613635, 5302.0], [0.3343545999669004, 5302.0], [0.5789896000060253, 5302.0]]",29.9562344,28.546875,0.9529527182495274,False,78.0,921.46484375,6,,,,,3882eca9dc70b2d799f0,0.5786867999995593,5302.0,1020.0,1020.0,3.0,"{""interior"": 255, ""fronteira"": 255, ""liberacao"": 255, ""regret"": 255, ""abertura"": 0}","{""interior"": 0, ""fronteira"": 0, ""liberacao"": 0, ""regret"": 0, ""abertura"": 0}",1.1422637998766731,27.99196310006664,0.0,999.0,0.0,
holmberg_p49,holmberg,7.0776,30,70,hibridopl:rotacao,5302.0,True,-1,2,30.0,29.9741659,0.0,5302.0,5302.0,otimo_publicado,"[[0.11078980000456795, 5390.0], [0.13685150002129376, 5352.0], [0.18763570001465268, 5352.0], [0.25896070001181215, 5302.0], [0.34265760000562295, 5302.0], [0.5339074000075925, 5302.0]]",29.9741659,27.234375,0.908594924404552,False,77.8,844.65234375,4,,,,,3882eca9dc70b2d799f0,0.5335972000029869,5302.0,998.0,998.0,3.0,"{""interior"": 250, ""fronteira"": 250, ""liberacao"": 249, ""regret"": 249, ""abertura"": 0}","{""interior"": 0, ""fronteira"": 0, ""liberacao"": 0, ""regret"": 0, ""abertura"": 0}",1.1693356000178028,28.02031899962458,0.0,977.0,0.0,
holmberg_p49,holmberg,7.0776,30,70,kernel,5302.0,True,-1,0,30.0,0.6972708,0.0,5302.0,5302.0,otimo_publicado,"[[0.15597420002450235, 5343.0], [0.1833337000280153, 5305.0], [0.283437000005506, 5305.0], [0.4171310999954585, 5302.0], [0.5363417000044137, 5302.0]]",0.6972708,0.6875,0.9859870799121374,False,85.6,820.1640625,2,3.0,,0.4,3.0,3882eca9dc70b2d799f0,,,,,,,,,,,,,0.062231199990492314
holmberg_p5,holmberg,1.3736263736263736,10,50,adaptativa:gnn,8838.0,True,0,0,30.0,2.4368548,0.0,8838.0,8838.0,otimo_publicado,"[[0.07404499998665415, 11310.0], [0.26010310000856407, 11308.999999999998], [0.9255513999960385, 10816.000000000005], [1.393070499994792, 10434.0], [1.420216900005471, 10187.0], [1.5150625999667682, 10187.0], [1.8614618999999948, 10187.0], [2.2856151000305545, 10187.0], [2.316868700028863, 9406.0], [2.3373154000146315, 9055.999999999998], [2.392732000007527, 8920.0], [2.4026540000049863, 8906.999999999998], [2.434117700002389, 8838.0]]",2.4368548,2.359375,0.9682049993294636,False,86.1,820.1640625,2,4.0,True,1.0,4.0,3882eca9dc70b2d799f0,,,,,,,,,,,,,
holmberg_p5,holmberg,1.3736263736263736,10,50,adaptativa:pl,8838.0,True,-1,0,30.0,0.3588621,0.0,8838.0,8838.0,otimo_publicado,"[[0.05512559995986521, 24310.0], [0.05744059997959994, 9521.999999999998], [0.06630339997354895, 9457.0], [0.09748929998022504, 8838.000000000002], [0.12543020001612604, 8838.0], [0.21270589999039657, 8838.0], [0.29571199999190867, 8838.0]]",0.3588621,0.34375,0.9578888380801428,False,62.4,844.65234375,4,4.0,True,1.0,4.0,3882eca9dc70b2d799f0,,,,,,,,,,,,,
holmberg_p5,holmberg,1.3736263736263736,10,50,completo,8838.0,True,-1,0,30.0,0.1570627,0.0,8838.0,8838.0,otimo_publicado,"[[0.0515173000167124, 9406.0], [0.0732719000079669, 9055.999999999998], [0.11615310001070611, 8920.0], [0.12353340000845492, 8906.999999999998], [0.1553518000000622, 8838.0]]",0.1570627,0.171875,1.0943081966628614,False,71.9,921.46484375,6,1.0,True,1.0,1.0,3882eca9dc70b2d799f0,,,,,,,,,,,,,
holmberg_p5,holmberg,1.3736263736263736,10,50,hibrido:rotacao,8838.0,True,-1,0,30.0,29.9611349,0.0,8838.0,8838.0,otimo_publicado,"[[0.06161730000167154, 11310.0], [0.24492699999245815, 11308.999999999998], [0.7583260999817867, 10816.000000000005], [1.1407251000055112, 10434.0], [1.1645368000026792, 10187.0], [1.263015299977269, 10187.0], [1.6587830999924336, 10187.0], [2.065805400023237, 10187.0], [2.113798400008818, 9406.0], [2.1436753000307363, 9055.999999999998], [2.1876438000181224, 8920.0], [2.195882400032133, 8906.999999999998], [2.228667300019879, 8838.0], [2.2309420999954455, 8838.0]]",29.9611349,28.578125,0.9538398693969367,False,80.9,820.1640625,2,,,,,3882eca9dc70b2d799f0,2.2306180000014137,8838.0,734.0,734.0,4.0,"{""interior"": 184, ""fronteira"": 184, ""liberacao"": 183, ""regret"": 183, ""abertura"": 0}","{""interior"": 0, ""fronteira"": 0, ""liberacao"": 0, ""regret"": 0, ""abertura"": 0}",0.793604899867205,26.753969800076447,0.0,715.0,0.0,
holmberg_p5,holmberg,1.3736263736263736,10,50,hibrido:rotacao,8838.0,True,-1,1,30.0,30.0128798,0.01287980000000033,8838.0,8838.0,otimo_publicado,"[[0.08816919999662787, 11310.0], [0.26218469999730587, 11308.999999999998], [0.7902409000089392, 10816.000000000005], [1.2450151999946684, 10434.0], [1.2786140000098385, 10187.0], [1.4255040000134613, 10187.0], [1.8615168999822345, 10187.0], [2.2308847999956924, 10187.0], [2.26668279999285, 9406.0], [2.2880432000092696, 9055.999999999998], [2.3529766999999993, 8920.0], [2.3701294000202324, 8906.999999999998], [2.398855300009018, 8899.0], [2.4128203000000212, 8838.0], [2.415354800003115, 8838.0]]",30.0128798,28.828125,0.9605251209515723,False,76.7,820.1640625,2,,,,,3882eca9dc70b2d799f0,2.4149693000072148,8838.0,786.0,786.0,4.0,"{""interior"": 197, ""fronteira"": 197, ""liberacao"": 196, ""regret"": 196, ""abertura"": 0}","{""interior"": 0, ""fronteira"": 0, ""liberacao"": 0, ""regret"": 0, ""abertura"": 0}",0.8052643998234998,26.598213300050702,0.0,767.0,0.0,
holmberg_p5,holmberg,1.3736263736263736,10,50,hibrido:rotacao,8838.0,True,-1,2,30.0,29.9750724,0.0,8838.0,8838.0,otimo_publicado,"[[0.08611199998995289, 11310.0], [0.29761719997623004, 11308.999999999998], [0.91965870000422, 10816.000000000002], [1.329079199989792, 10187.0], [1.4125444999954198, 10187.0], [2.088418399973307, 10187.0], [2.6096184000198264, 10187.0], [2.659441900032107, 9406.0], [2.6822689000109676, 9055.999999999998], [2.752159000025131, 8920.0], [2.7626351000217255, 8906.999999999998], [2.804060600028606, 8838.0], [2.8094512000097893, 8838.0]]",29.9750724,27.234375,0.9085674468629473,False,79.0,844.65234375,4,,,,,3882eca9dc70b2d799f0,2.8091316999925766,8838.0,742.0,742.0,4.0,"{""interior"": 186, ""fronteira"": 186, ""liberacao"": 185, ""regret"": 185, ""abertura"": 0}","{""interior"": 0, ""fronteira"": 0, ""liberacao"": 0, ""regret"": 0, ""abertura"": 0}",0.7944614000152797,26.17355239985045,0.0,723.0,0.0,
holmberg_p5,holmberg,1.3736263736263736,10,50,hibridopl:rotacao,8838.0,True,-1,0,30.0,29.96156,0.0,8838.0,8838.0,otimo_publicado,"[[0.05644429998937994, 24310.0], [0.06026699999347329, 9521.999999999998], [0.07425449998117983, 9457.0], [0.11943049999536015, 8838.000000000002], [0.15369010000722483, 8838.0], [0.246128500031773, 8838.0], [0.3565233999979682, 8838.0], [0.4357929000107106, 8838.0]]",29.96156,28.578125,0.9538263361453809,False,76.6,921.46484375,6,,,,,3882eca9dc70b2d799f0,0.4355328000092413,8838.0,818.0,818.0,4.0,"{""interior"": 205, ""fronteira"": 205, ""liberacao"": 204, ""regret"": 204, ""abertura"": 0}","{""interior"": 0, ""fronteira"": 0, ""liberacao"": 0, ""regret"": 0, ""abertura"": 0}",0.8287910001236014,28.503894999885233,0.0,799.0,0.0,
holmberg_p5,holmberg,1.3736263736263736,10,50,hibridopl:rotacao,8838.0,True,-1,1,30.0,29.9669146,0.0,8838.0,8838.0,otimo_publicado,"[[0.05607299998519011, 24310.0], [0.05826289998367429, 9521.999999999998], [0.06529959998442791, 9457.0], [0.09643099998356774, 8838.000000000002], [0.1353948999894783, 8838.0], [0.24017699997057207, 8838.0], [0.3478348999924492, 8838.0], [0.4502465999976266, 8838.0]]",29.9669146,28.5625,0.9531344945335146,False,81.3,921.46484375,6,,,,,3882eca9dc70b2d799f0,0.4471755000122357,8838.0,787.0,787.0,4.0,"{""interior"": 197, ""fronteira"": 197, ""liberacao"": 197, ""regret"": 196, ""abertura"": 0}","{""interior"": 0, ""fronteira"": 0, ""liberacao"": 0, ""regret"": 0, ""abertura"": 0}",0.8420068999985233,28.466467299702344,0.0,768.0,0.0,
holmberg_p5,holmberg,1.3736263736263736,10,50,hibridopl:rotacao,8838.0,True,-1,2,30.0,29.9948975,0.0,8838.0,8838.0,otimo_publicado,"[[0.06094749996555038, 24310.0], [0.06338119998690672, 9521.999999999998], [0.07101059996057302, 9457.0], [0.102992699976312, 8838.000000000002], [0.13187529996503145, 8838.0], [0.259783299989067, 8838.0], [0.3745982999971602, 8838.0], [0.4432183999742847, 8838.0]]",29.9948975,27.21875,0.9074460081085458,False,79.3,844.65234375,4,,,,,3882eca9dc70b2d799f0,0.44301249997806735,8838.0,782.0,782.0,4.0,"{""interior"": 196, ""fronteira"": 196, ""liberacao"": 195, ""regret"": 195, ""abertura"": 0}","{""interior"": 0, ""fronteira"": 0, ""liberacao"": 0, ""regret"": 0, ""abertura"": 0}",0.8928657001524698,28.445511300174985,0.0,763.0,0.0,
holmberg_p5,holmberg,1.3736263736263736,10,50,kernel,8838.0,True,-1,0,30.0,0.199453,0.0,8838.0,8838.0,otimo_publicado,"[[0.05228700002771802, 24310.0], [0.05447000000276603, 9521.999999999998], [0.061198300012620166, 9457.0], [0.09400950002600439, 8838.000000000002], [0.12768850001157261, 8838.0]]",0.199453,0.1875,0.9400710944433024,False,64.9,921.46484375,6,2.0,,0.8,2.0,3882eca9dc70b2d799f0,,,,,,,,,,,,,0.005850500019732863
holmberg_p50,holmberg,1.8882030178326474,10,100,adaptativa:gnn,8741.0,True,0,0,30.0,20.8017657,0.0,8741.0,8741.0,otimo_publicado,"[[0.1297232999932021, 12157.0], [0.15840959997149184, 11547.999999999995], [1.3435090999992099, 11500.0], [2.1505662999989, 11498.0], [2.184454799978994, 11498.0], [3.2593724000034854, 11498.0], [4.415152299974579, 11498.0], [4.467262299993308, 10062.0], [4.5179462999803945, 9228.999999999998], [9.028785799979232, 8823.0], [20.094950499973493, 8822.0], [20.099786199978553, 8766.0], [20.387603499984834, 8754.0], [20.680069099995308, 8744.0], [20.729042499995558, 8743.0], [20.74499669999932, 8741.0]]",20.8017657,19.8125,0.9524431861089562,False,76.6,820.1640625,2,88.0,True,1.0,4.0,3882eca9dc70b2d799f0,,,,,,,,,,,,,
holmberg_p50,holmberg,1.8882030178326474,10,100,adaptativa:pl,8741.0,True,-1,0,30.0,13.9521225,0.0,8741.0,8741.0,otimo_publicado,"[[0.12141600000904873, 10335.0], [0.9097173000336625, 9065.0], [0.9596463000052609, 9065.0], [1.2160030000086408, 9065.0], [1.4727987000078429, 9065.0], [5.953363600012381, 8835.0], [6.069112400000449, 8826.0], [6.072326299996348, 8769.0], [6.079726399999345, 8758.0], [11.164652100007515, 8741.0]]",13.9521225,12.484375,0.8948011315124276,True,77.1,844.65234375,4,4.0,True,1.0,4.0,3882eca9dc70b2d799f0,,,,,,,,,,,,,
holmberg_p50,holmberg,1.8882030178326474,10,100,completo,8741.0,True,-1,0,30.0,17.4970854,0.0,8741.0,8741.0,otimo_publicado,"[[0.11777469998924062, 10062.0], [0.15276519997860305, 9228.999999999998], [4.938727100001415, 8823.0], [16.79251899998053, 8822.0], [16.796103799977573, 8766.0], [17.06060269998852, 8754.0], [17.35742869999376, 8744.0], [17.418386499979533, 8743.0], [17.43495329999132, 8741.0]]",17.4970854,16.0,0.9144380126303778,False,77.3,844.65234375,4,85.0,True,1.0,1.0,3882eca9dc70b2d799f0,,,,,,,,,,,,,
holmberg_p50,holmberg,1.8882030178326474,10,100,hibrido:rotacao,8744.0,True,-1,0,30.0,29.9548527,0.0,8741.0,8741.0,otimo_publicado,"[[0.1135943999979645, 12157.0], [0.1436900999979116, 11547.999999999995], [1.3115224000066519, 11500.0], [2.214398100011749, 11498.0], [2.263734799984377, 11498.0], [3.1640105999831576, 11498.0], [4.181884199992055, 11498.0], [4.257173199992394, 10062.0], [4.307418400014285, 9228.999999999998], [8.601559100003215, 8823.0], [15.114519100025063, 8823.0], [17.11806030003936, 8765.0], [17.27891180003644, 8749.0], [17.493590000027325, 8744.0]]",29.9548527,28.84375,0.9629074223422904,False,76.1,820.1640625,2,,,,,3882eca9dc70b2d799f0,15.114055400015786,8823.0,399.0,399.0,4.0,"{""interior"": 100, ""fronteira"": 100, ""liberacao"": 100, ""regret"": 99, ""abertura"": 0}","{""interior"": 0, ""fronteira"": 1, ""liberacao"": 2, ""regret"": 0, ""abertura"": 0}",0.6295010999892838,14.10245480024605,0.0,330.0,0.0,
holmberg_p50,holmberg,1.8882030178326474,10,100,hibrido:rotacao,8741.0,True,-1,1,30.0,29.9634392,0.0,8741.0,8741.0,otimo_publicado,"[[0.09742910001659766, 12157.0], [0.11775450001005083, 11547.999999999995], [1.2458498000050895, 11500.0], [2.0212141000083648, 11498.0], [2.0574798999878112, 11498.0], [3.1083527999871876, 11498.0], [4.227436500019394, 11498.0], [4.287261000019498, 10062.0], [4.328951000003144, 9228.999999999998], [8.909464900003513, 8823.0], [14.758872699982021, 8823.0], [16.763732399995206, 8765.0], [16.787752699980047, 8763.0], [16.91723139997339, 8741.0]]",29.9634392,28.75,0.9595026728440439,False,77.4,921.46484375,6,,,,,3882eca9dc70b2d799f0,14.758465699997032,8823.0,376.0,376.0,4.0,"{""interior"": 94, ""fronteira"": 94, ""liberacao"": 94, ""regret"": 94, ""abertura"": 0}","{""interior"": 0, ""fronteira"": 0, ""liberacao"": 2, ""regret"": 1, ""abertura"": 0}",0.6059895998623688,14.495008500263793,0.0,301.0,0.0,
holmberg_p50,holmberg,1.8882030178326474,10,100,hibrido:rotacao,8808.0,True,-1,2,30.0,29.9545179,0.0,8741.0,8741.0,otimo_publicado,"[[0.09248379999189638, 12157.0], [0.13459030000376515, 11547.999999999995], [1.4123667999811005, 11500.0], [2.3709256000001915, 11498.0], [2.4016953999816906, 11498.0], [3.2950769999879412, 11498.0], [4.3910355999541935, 11498.0], [4.456596499949228, 10062.0], [4.487608299968997, 9228.999999999998], [9.03679909996572, 8823.0], [15.143361299997196, 8823.0], [15.368994099990232, 8808.0]]",29.9545179,27.515625,0.9185801317803883,False,77.5,844.65234375,4,,,,,3882eca9dc70b2d799f0,15.14300959999673,8823.0,320.0,320.0,4.0,"{""interior"": 80, ""fronteira"": 80, ""liberacao"": 80, ""regret"": 80, ""abertura"": 0}","{""interior"": 0, ""fronteira"": 0, ""liberacao"": 1, ""regret"": 0, ""abertura"": 0}",0.6603711998905055,14.058181399683235,0.0,266.0,0.0,
holmberg_p50,holmberg,1.8882030178326474,10,100,hibridopl:rotacao,8741.0,True,-1,0,30.0,29.9584008,0.0,8741.0,8741.0,otimo_publicado,"[[0.20312119997106493, 10335.0], [0.8370451999944635, 9065.0], [0.8975878999917768, 9065.0], [1.2236320999800228, 9065.0], [1.5648417999618687, 9065.0], [5.799364699953003, 8835.0], [5.91208829995594, 8826.0], [5.9140940999786835, 8769.0], [5.91889639996225, 8758.0], [11.048849499959033, 8741.0], [13.693918299977668, 8741.0]]",29.9584008,28.59375,0.9544484764353643,False,77.7,921.46484375,6,,,,,3882eca9dc70b2d799f0,13.69343429998844,8741.0,442.0,442.0,4.0,"{""interior"": 111, ""fronteira"": 111, ""liberacao"": 110, ""regret"": 110, ""abertura"": 0}","{""interior"": 0, ""fronteira"": 0, ""liberacao"": 0, ""regret"": 0, ""abertura"": 0}",0.7269694996939506,15.4222259001981,0.0,386.0,0.0,
holmberg_p50,holmberg,1.8882030178326474,10,100,hibridopl:rotacao,8741.0,True,-1,1,30.0,29.962513,0.0,8741.0,8741.0,otimo_publicado,"[[0.12347569997655228, 10335.0], [0.4131350999814458, 10076.0], [0.7555575000005774, 9065.0], [0.7966140000207815, 9065.0], [1.0841549999895506, 9065.0], [1.424092799978098, 9065.0], [5.720730199973332, 8835.0], [9.94166369998129, 8824.0], [9.988366999983555, 8823.0], [13.878624200006016, 8823.0], [15.88480860000709, 8765.0], [15.922978800022975, 8763.0], [16.051939500001026, 8741.0]]",29.962513,28.71875,0.9584893630250574,False,77.5,820.1640625,2,,,,,3882eca9dc70b2d799f0,13.878432500001509,8823.0,408.0,408.0,4.0,"{""interior"": 102, ""fronteira"": 102, ""liberacao"": 102, ""regret"": 102, ""abertura"": 0}","{""interior"": 0, ""fronteira"": 0, ""liberacao"": 2, ""regret"": 1, ""abertura"": 0}",0.633245900447946,15.345761000207858,0.0,330.0,0.0,
holmberg_p50,holmberg,1.8882030178326474,10,100,hibridopl:rotacao,8741.0,True,-1,2,30.0,30.2093767,0.20937669999999997,8741.0,8741.0,otimo_publicado,"[[0.07884339999873191, 10335.0], [0.6506388999987394, 9065.0], [0.6813447999884374, 9065.0], [0.9451733999885619, 9065.0], [1.3016181999701075, 9065.0], [5.651831899973331, 8835.0], [14.79237350000767, 8835.0], [14.828893000027165, 8829.0], [15.199190000013914, 8809.0], [15.219650600018213, 8769.0], [15.396955200034427, 8752.0], [15.499363100010669, 8741.0]]",30.2093767,28.84375,0.9547946085229888,False,76.1,921.46484375,6,,,,,3882eca9dc70b2d799f0,14.792042400018545,8835.0,342.0,342.0,4.0,"{""interior"": 86, ""fronteira"": 86, ""liberacao"": 85, ""regret"": 85, ""abertura"": 0}","{""interior"": 1, ""fronteira"": 0, ""liberacao"": 3, ""regret"": 1, ""abertura"": 0}",0.5465821000398137,14.771435799804749,0.0,277.0,0.0,
holmberg_p50,holmberg,1.8882030178326474,10,100,kernel,8741.0,True,-1,0,30.0,18.4653738,0.0,8741.0,8741.0,otimo_publicado,"[[0.09894550000899471, 9432.0], [0.12364949999027885, 9228.999999999998], [5.368209999985993, 9041.0], [5.468446099985158, 8840.0], [7.268561499979114, 8840.0], [9.921543599979486, 8805.0], [10.002893699973356, 8771.0], [10.01428739997209, 8769.0], [17.37407289998373, 8741.0]]",18.4653738,17.0625,0.9240267857453284,False,76.5,844.65234375,4,2.0,,0.8,2.0,3882eca9dc70b2d799f0,,,,,,,,,,,,,0.023466699989512563
holmberg_p51,holmberg,3.98079561042524,20,100,adaptativa:gnn,7414.0,True,0,0,30.0,22.9692166,0.0,7414.0,7414.0,otimo_publicado,"[[0.16886730000260286, 9268.0], [0.20062300001154654, 8671.0], [1.428364599996712, 8655.999999999996], [2.5507411000144202, 8599.000000000005], [3.06790870000259, 8332.0], [5.5676840000087395, 8325.0], [6.166598699986935, 8325.0], [7.701760200026911, 8325.0], [7.88012160002836, 8233.0], [8.208463700022548, 8206.000000000004], [8.359536800009664, 8128.000000000004], [8.562456700019538, 7955.000000000003], [9.175307900004555, 7549.0], [13.563130499998806, 7549.0], [15.035958399996161, 7539.0], [17.562212999997428, 7538.0], [18.313357800012454, 7534.0], [18.964580400002887, 7511.0], [19.497548300016206, 7489.999999999997], [19.641216899995925, 7479.0], [20.892018500017002, 7422.0], [22.558989999990445, 7419.000000000002], [22.628307100007078, 7414.0]]",22.9692166,21.828125,0.9503208307069558,False,78.9,921.46484375,6,87.0,True,1.0,4.0,3882eca9dc70b2d799f0,,,,,,,,,,,,,
holmberg_p51,holmberg,3.98079561042524,20,100,adaptativa:pl,7469.0,True,-1,0,30.0,29.192109,0.0,7414.0,7414.0,otimo_publicado,"[[0.10728940003900789, 9343.0], [0.12129980002646334, 9185.0], [0.8057538000284694, 8072.000000000002], [1.8945932000351604, 7741.0], [2.440946300048381, 7741.0], [2.900486800033832, 7670.999999999999], [7.43639230003464, 7474.0], [9.300098600040656, 7474.0], [11.000584200053709, 7469.0], [14.30457880004542, 7469.0]]",29.192109,26.640625,0.9125967911396878,False,78.2,997.4375,4,4.0,False,1.0,4.0,3882eca9dc70b2d799f0,,,,,,,,,,,,,
holmberg_p51,holmberg,3.98079561042524,20,100,completo,7414.0,True,-1,0,30.0,7.7841953,0.0,7414.0,7414.0,otimo_publicado,"[[0.2545098999980837, 11396.0], [0.3355685999849811, 8186.999999999997], [0.40504289997625165, 8138.000000000004], [0.6019342999788933, 7725.000000000001], [2.111101799993776, 7539.0], [4.394078299985267, 7468.000000000003], [4.976683899993077, 7458.0], [5.042611399985617, 7457.0], [6.229402999975719, 7417.0], [6.320922499988228, 7414.000000000002]]",7.7841953,7.09375,0.911301647326346,False,76.8,930.578125,4,67.0,True,1.0,1.0,3882eca9dc70b2d799f0,,,,,,,,,,,,,
holmberg_p51,holmberg,3.98079561042524,20,100,hibrido:rotacao,7470.0,True,-1,0,30.0,29.9968568,0.0,7414.0,7414.0,otimo_publicado,"[[0.13615500001469627, 9268.0], [0.1630604000238236, 8671.0], [1.2510129000002053, 8655.999999999996], [2.2576588000229094, 8599.000000000005], [2.849512600019807, 8332.0], [4.054258200019831, 8332.0], [6.746659199998248, 8325.0], [6.8113535000011325, 8325.0], [7.042979599995306, 8233.0], [7.455319400003646, 8206.000000000004], [7.643216900003608, 8128.000000000004], [7.889604199997848, 7955.000000000003], [8.065711399976863, 7955.0], [8.482060399983311, 7725.000000000001], [9.683562899997924, 7539.0], [14.97361699998146, 7483.999999999999], [14.997932600002969, 7484.0], [15.293570000008913, 7470.0]]",29.9968568,28.9375,0.9646844065342206,False,78.6,839.55078125,2,,,,,3882eca9dc70b2d799f0,14.997592200001236,7484.0,199.0,199.0,11.0,"{""interior"": 50, ""fronteira"": 50, ""liberacao"": 50, ""regret"": 49, ""abertura"": 0}","{""interior"": 0, ""fronteira"": 0, ""liberacao"": 1, ""regret"": 0, ""abertura"": 0}",0.5015278998471331,14.431502900086343,0.0,134.0,0.0,
holmberg_p51,holmberg,3.98079561042524,20,100,hibrido:rotacao,7428.0,True,-1,1,30.0,29.9550299,0.0,7414.0,7414.0,otimo_publicado,"[[0.14853799997945316, 9268.0], [0.17164689998026006, 8671.0], [1.4221599999873433, 8655.999999999996], [2.425486499996623, 8599.000000000005], [3.0338268999767024, 8332.0], [4.102616999967722, 8332.0], [5.706090099964058, 8325.0], [6.30152179999277, 8325.0], [6.475800299987895, 8233.0], [6.824311799980933, 8206.000000000004], [6.991863499977626, 8128.000000000004], [7.247628799988888, 7955.000000000003], [8.096797599981073, 7549.0], [9.159023499960313, 7549.0], [10.390410199965117, 7539.0], [13.09140959996148, 7538.0], [13.826444699981948, 7534.0], [14.084549699968193, 7481.0], [15.02698429999873, 7481.0], [16.80403979998664, 7450.0], [17.920261099992786, 7438.0], [18.27330410000286, 7428.0]]",29.9550299,28.578125,0.9540342672133337,False,76.8,921.46484375,6,,,,,3882eca9dc70b2d799f0,15.026729100005468,7481.0,178.0,178.0,38.0,"{""interior"": 45, ""fronteira"": 45, ""liberacao"": 44, ""regret"": 44, ""abertura"": 0}","{""interior"": 0, ""fronteira"": 0, ""liberacao"": 3, ""regret"": 0, ""abertura"": 0}",0.3526088000216987,14.523273200145923,0.0,120.0,0.0,
holmberg_p51,holmberg,3.98079561042524,20,100,hibrido:rotacao,7470.0,True,-1,2,30.0,30.1610009,0.16100090000000122,7414.0,7414.0,otimo_publicado,"[[0.1538439000141807, 9268.0], [0.2023662000137847, 8671.0], [1.5378612000204157, 8655.999999999996], [2.7078249000187498, 8599.000000000004], [3.1936429999768734, 8599.0], [5.837676299997838, 8332.0], [6.247682499990333, 8332.0], [6.461927399970591, 8233.0], [6.8375751999847125, 8206.000000000004], [7.070793099992443, 8128.000000000004], [7.348138099972857, 7955.000000000003], [7.921525199984899, 7549.0], [9.717440000007628, 7549.0], [11.101395400008187, 7539.0], [15.159318799996981, 7539.0], [15.457110799994553, 7470.0]]",30.1610009,28.8125,0.9552899154616583,False,77.8,839.55078125,2,,,,,3882eca9dc70b2d799f0,15.158926100004464,7539.0,239.0,239.0,17.0,"{""interior"": 60, ""fronteira"": 60, ""liberacao"": 60, ""regret"": 59, ""abertura"": 0}","{""interior"": 0, ""fronteira"": 0, ""liberacao"": 1, ""regret"": 0, ""abertura"": 0}",0.5592790998052806,14.371442100062268,0.0,171.0,0.0,
holmberg_p51,holmberg,3.98079561042524,20,100,hibridopl:rotacao,7470.0,True,-1,0,30.0,30.1384879,0.13848790000000122,7414.0,7414.0,otimo_publicado,"[[0.13900090000242926, 9343.0], [0.15095959999598563, 9185.0], [0.7600173999962863, 8072.000000000002], [1.9839759999886155, 7741.0], [3.116993799980264, 7741.0], [3.7805131999775767, 7670.999999999999], [5.386556899989955, 7671.0], [6.7426364999846555, 7539.0], [8.432366399996681, 7539.0], [10.01343999998062, 7496.0], [15.324239899986424, 7496.0], [15.457911499979673, 7494.0], [15.588254299975233, 7474.0], [15.985689599998295, 7473.0], [20.20895549998386, 7470.0]]",30.1384879,27.5,0.9124545362476529,False,77.4,977.2890625,4,,,,,3882eca9dc70b2d799f0,15.323784899985185,7496.0,199.0,199.0,4.0,"{""interior"": 50, ""fronteira"": 50, ""liberacao"": 50, ""regret"": 49, ""abertura"": 0}","{""interior"": 1, ""fronteira"": 1, ""liberacao"": 2, ""regret"": 0, ""abertura"": 0}",0.4709951000986621,14.275697100179968,0.0,110.0,0.0,
holmberg_p51,holmberg,3.98079561042524,20,100,hibridopl:rotacao,7469.0,True,-1,1,30.0,30.5808749,0.5808749000000013,7414.0,7414.0,otimo_publicado,"[[0.09627020001062192, 9343.0], [0.10943290000432171, 9185.0], [0.7796483999991324, 8072.000000000002], [1.7971274000010453, 7988.0], [1.8159141000069212, 7741.0], [2.5179704999900423, 7741.0], [3.0171090999792796, 7670.999999999999], [4.716563599999063, 7671.0], [6.10330650000833, 7539.0], [7.662413499987451, 7539.0], [8.936726399988402, 7531.0], [9.423046699987026, 7481.0], [14.586860100011108, 7481.0], [14.935481299995445, 7480.0], [15.291064299992286, 7469.0]]",30.5808749,29.125,0.9523926341296403,False,77.1,921.46484375,6,,,,,3882eca9dc70b2d799f0,14.586428400012664,7481.0,139.0,139.0,4.0,"{""interior"": 35, ""fronteira"": 35, ""liberacao"": 35, ""regret"": 34, ""abertura"": 0}","{""interior"": 0, ""fronteira"": 1, ""liberacao"": 1, ""regret"": 0, ""abertura"": 0}",0.27271180000388995,15.675352999707684,0.0,96.0,0.0,
holmberg_p51,holmberg,3.98079561042524,20,100,hibridopl:rotacao,7469.0,True,-1,2,30.0,30.6546511,0.6546510999999988,7414.0,7414.0,otimo_publicado,"[[0.0988039999792818, 9343.0], [0.115666700003203, 9185.0], [0.8431517999852076, 8072.000000000002], [1.1288458000053652, 7755.999999999998], [2.027775099995779, 7741.0], [2.452583299978869, 7741.0], [2.9716490999853704, 7670.999999999999], [4.821167599991895, 7671.0], [6.218761399999494, 7539.0], [7.923483600025065, 7539.0], [9.744485700008227, 7496.0], [14.77233000000706, 7496.0], [15.764434700016864, 7472.0], [16.110309400013648, 7471.0], [16.764744400017662, 7470.0], [16.936852900020313, 7469.0]]",30.6546511,28.203125,0.9200275973782002,False,77.4,897.16015625,4,,,,,3882eca9dc70b2d799f0,14.771841900015716,7496.0,78.0,78.0,4.0,"{""interior"": 20, ""fronteira"": 20, ""liberacao"": 19, ""regret"": 19, ""abertura"": 0}","{""interior"": 0, ""fronteira"": 3, ""liberacao"": 1, ""regret"": 0, ""abertura"": 0}",0.16717309984960593,15.679521600017324,0.0,35.0,0.0,
holmberg_p51,holmberg,3.98079561042524,20,100,kernel,7468.0,True,-1,0,30.0,28.9989691,0.0,7414.0,7414.0,otimo_publicado,"[[0.14356840000255033, 7796.0], [0.1859843000129331, 7773.999999999997], [0.7443780000030529, 7670.999999999999], [5.074267400021199, 7503.0], [8.099299299996346, 7503.0], [10.212707899976522, 7499.0], [18.80796009997721, 7468.0], [19.493948299990734, 7468.0]]",28.9989691,27.921875,0.9628575037862295,False,77.5,839.55078125,2,3.0,,0.45,3.0,3882eca9dc70b2d799f0,,,,,,,,,,,,,0.056943100003991276
holmberg_p52,holmberg,1.5968677494199537,10,100,adaptativa:gnn,9178.0,True,0,0,30.0,3.7656958,0.0,9178.0,9178.0,otimo_publicado,"[[0.10672129999147728, 17626.0], [0.1319008999853395, 16736.999999999996], [0.7396883000037633, 16513.0], [0.9962991999927908, 16432.0], [1.0194981999811716, 16375.0], [1.8036051999952178, 16360.0], [2.0545429999765474, 16360.0], [2.642091999994591, 16360.0], [3.2258834000094794, 16360.0], [3.287214700016193, 10507.0], [3.364907700015465, 9669.999999999998], [3.656419700011611, 9207.000000000002], [3.7629648000001907, 9178.0]]",3.7656958,3.546875,0.9418910045787554,False,79.6,921.46484375,6,4.0,True,1.0,4.0,3882eca9dc70b2d799f0,,,,,,,,,,,,,
holmberg_p52,holmberg,1.5968677494199537,10,100,adaptativa:pl,9178.0,True,-1,0,30.0,1.1689622,0.0,9178.0,9178.0,otimo_publicado,"[[0.15785699998377822, 9943.0], [0.22025340000982396, 9669.999999999998], [0.6058289000065997, 9210.999999999996], [0.6565891999925952, 9178.000000000004], [0.689579900004901, 9178.0], [0.9433154000143986, 9178.0]]",1.1689622,1.078125,0.9222924402517036,False,72.1,997.54296875,4,3.0,True,0.8,3.0,3882eca9dc70b2d799f0,,,,,,,,,,,,,
holmberg_p52,holmberg,1.5968677494199537,10,100,completo,9178.0,True,-1,0,30.0,0.5233982,0.0,9178.0,9178.0,otimo_publicado,"[[0.12161970001761802, 10507.0], [0.2020636000088416, 9669.999999999998], [0.44438320002518594, 9207.000000000002], [0.5206036000163294, 9178.0]]",0.5233982,0.5,0.9552956047613461,False,66.8,921.46484375,6,1.0,True,1.0,1.0,3882eca9dc70b2d799f0,,,,,,,,,,,,,
holmberg_p52,holmberg,1.5968677494199537,10,100,hibrido:rotacao,9178.0,True,-1,0,30.0,30.0275482,0.027548199999998246,9178.0,9178.0,otimo_publicado,"[[0.28288569999858737, 17626.0], [0.30580259999260306, 16736.999999999996], [0.8456345000013243, 16513.0], [1.0789051000028849, 16432.0], [1.0936825999815483, 16375.0], [1.6331534999771975, 16360.0], [1.823115199978929, 16360.0], [2.4214384999941103, 16360.0], [2.983156499976758, 16360.0], [3.0473305999767035, 10507.0], [3.1307260999747086, 9669.999999999998], [3.4365052999928594, 9207.000000000002], [3.525369699986186, 9178.0], [3.528527899994515, 9178.0]]",30.0275482,29.140625,0.9704630163577591,False,76.6,921.46484375,6,,,,,3882eca9dc70b2d799f0,3.5283129999879748,9178.0,703.0,703.0,4.0,"{""interior"": 176, ""fronteira"": 176, ""liberacao"": 176, ""regret"": 175, ""abertura"": 0}","{""interior"": 0, ""fronteira"": 0, ""liberacao"": 0, ""regret"": 0, ""abertura"": 0}",1.1551427996018901,25.173251700412948,0.0,617.0,0.0,
holmberg_p52,holmberg,1.5968677494199537,10,100,hibrido:rotacao,9178.0,True,-1,1,30.0,29.967797,0.0,9178.0,9178.0,otimo_publicado,"[[0.10828509999555536, 17626.0], [0.13161199999740347, 16736.999999999996], [0.693085599981714, 16513.0], [1.0064162999915425, 16375.0], [1.7628696000028867, 16361.0], [1.9560380000039004, 16360.0], [2.0003563999780454, 16360.0], [2.595175299968105, 16360.0], [3.179069100006018, 16360.0], [3.2390045000065584, 10507.0], [3.338028900005156, 9669.999999999998], [3.6304485999862663, 9207.000000000002], [3.7456762999936473, 9178.0], [3.749302500014892, 9178.0]]",29.967797,28.640625,0.9557133946148928,False,78.9,921.46484375,6,,,,,3882eca9dc70b2d799f0,3.748983400000725,9178.0,735.0,735.0,4.0,"{""interior"": 184, ""fronteira"": 184, ""liberacao"": 184, ""regret"": 183, ""abertura"": 0}","{""interior"": 0, ""fronteira"": 0, ""liberacao"": 0, ""regret"": 0, ""abertura"": 0}",1.2321224999323022,24.798560200142674,0.0,643.0,0.0,
holmberg_p52,holmberg,1.5968677494199537,10,100,hibrido:rotacao,9178.0,True,-1,2,30.0,29.9947687,0.0,9178.0,9178.0,otimo_publicado,"[[0.11263949997373857, 17626.0], [0.1350298999750521, 16736.999999999996], [0.830896399973426, 16513.0], [1.1980437999591231, 16460.0], [1.2280293999647256, 16375.0], [1.866835499968147, 16360.0], [2.0526268999674357, 16360.0], [2.6109044999757316, 16360.0], [3.177600099967094, 16360.0], [3.2397774999553803, 10507.0], [3.335758499975782, 9669.999999999998], [3.63006129997666, 9207.000000000002], [3.7095870999619365, 9178.0], [3.711832899978617, 9178.0]]",29.9947687,27.578125,0.9194311606743611,False,75.4,997.54296875,4,,,,,3882eca9dc70b2d799f0,3.711578599992208,9178.0,722.0,722.0,4.0,"{""interior"": 181, ""fronteira"": 181, ""liberacao"": 180, ""regret"": 180, ""abertura"": 0}","{""interior"": 0, ""fronteira"": 0, ""liberacao"": 0, ""regret"": 0, ""abertura"": 0}",1.1254652000789065,24.98738579978817,0.0,639.0,0.0,
holmberg_p52,holmberg,1.5968677494199537,10,100,hibridopl:rotacao,9178.0,True,-1,0,30.0,29.9917399,0.0,9178.0,9178.0,otimo_publicado,"[[0.09532510003191419, 9943.0], [0.1533921000373084, 9669.999999999998], [0.5329631000349764, 9210.999999999996], [0.5861926000216044, 9178.000000000004], [0.6375688000116497, 9178.0], [0.9004168000246864, 9178.0], [1.1577390000165906, 9178.0]]",29.9917399,29.125,0.9711007129666392,False,75.9,839.55078125,2,,,,,3882eca9dc70b2d799f0,1.1574706000101287,9178.0,795.0,795.0,3.0,"{""interior"": 199, ""fronteira"": 199, ""liberacao"": 199, ""regret"": 198, ""abertura"": 0}","{""interior"": 0, ""fronteira"": 0, ""liberacao"": 0, ""regret"": 0, ""abertura"": 0}",1.2550729001522996,27.383583400252974,0.0,700.0,0.0,
holmberg_p52,holmberg,1.5968677494199537,10,100,hibridopl:rotacao,9178.0,True,-1,1,30.0,29.9782274,0.0,9178.0,9178.0,otimo_publicado,"[[0.08304409999982454, 9943.0], [0.13545349999913014, 9669.999999999998], [0.45305240000016056, 9210.999999999996], [0.49950649999664165, 9178.0], [0.587422400014475, 9178.0], [0.8378350000130013, 9178.0], [1.0890442000236362, 9178.0]]",29.9782274,28.921875,0.9647626797306902,False,77.6,839.55078125,2,,,,,3882eca9dc70b2d799f0,1.0886217000079341,9178.0,826.0,826.0,3.0,"{""interior"": 207, ""fronteira"": 207, ""liberacao"": 206, ""regret"": 206, ""abertura"": 0}","{""interior"": 0, ""fronteira"": 0, ""liberacao"": 0, ""regret"": 0, ""abertura"": 0}",1.2834658000210766,27.408710500749294,0.0,726.0,0.0,
holmberg_p52,holmberg,1.5968677494199537,10,100,hibridopl:rotacao,9178.0,True,-1,2,30.0,29.98954,0.0,9178.0,9178.0,otimo_publicado,"[[0.0858903999614995, 9943.0], [0.13739029996213503, 9669.999999999998], [0.5133953999611549, 9210.999999999996], [0.5513797999592498, 9178.000000000004], [0.6207696999772452, 9178.0], [1.0847643000015523, 9178.0], [1.305308699986199, 9178.0]]",29.98954,27.5625,0.9190704492299648,False,77.8,997.54296875,4,,,,,3882eca9dc70b2d799f0,1.3051158000016585,9178.0,767.0,767.0,3.0,"{""interior"": 192, ""fronteira"": 192, ""liberacao"": 192, ""regret"": 191, ""abertura"": 0}","{""interior"": 0, ""fronteira"": 0, ""liberacao"": 0, ""regret"": 0, ""abertura"": 0}",1.2888096002861857,27.197550199751277,0.0,678.0,0.0,
holmberg_p52,holmberg,1.5968677494199537,10,100,kernel,9178.0,True,-1,0,30.0,1.9798161,0.0,9178.0,9178.0,otimo_publicado,"[[1.0121341999911238, 9943.0], [1.068704399978742, 9669.999999999998], [1.4046231999818701, 9210.999999999996], [1.455175799987046, 9178.000000000004], [1.5371997999609448, 9178.0]]",1.9798161,1.765625,0.8918126284557439,True,91.1,997.54296875,4,2.0,,0.7,2.0,3882eca9dc70b2d799f0,,,,,,,,,,,,,0.02582300000358373
holmberg_p53,holmberg,3.3665893271461718,20,100,adaptativa:gnn,8531.0,True,0,0,30.0,10.4631549,0.0,8531.0,8531.0,otimo_publicado,"[[0.13378000000375323, 12361.0], [0.16065360000357032, 11428.0], [0.1753440999891609, 11160.0], [0.44343069999013096, 11157.0], [0.8666349999548402, 11157.0], [2.1036768999765627, 11156.000000000004], [2.5943961999728344, 10988.0], [3.072669599961955, 10988.0], [3.2261350999760907, 10241.0], [6.349558799964143, 9972.0], [6.422495699982392, 9738.0], [9.167635199963115, 9724.0], [10.136431699967943, 9724.0], [10.366927199967904, 9043.999999999998], [10.40102369998931, 8680.999999999998], [10.443171899969457, 8531.0]]",10.4631549,10.0,0.955734679986435,False,77.5,839.55078125,2,4.0,True,1.0,4.0,3882eca9dc70b2d799f0,,,,,,,,,,,,,
holmberg_p53,holmberg,3.3665893271461718,20,100,adaptativa:pl,8531.0,True,-1,0,30.0,0.6843056,0.0,8531.0,8531.0,otimo_publicado,"[[0.20897090001381002, 8664.0], [0.270214100019075, 8635.000000000002], [0.27614730002824217, 8604.0], [0.28141050002886914, 8591.999999999996], [0.29013100001611747, 8531.0], [0.3306585000245832, 8531.0], [0.4938767000567168, 8531.0]]",0.6843056,0.671875,0.9818347241349479,False,63.3,921.46484375,6,3.0,True,0.65,3.0,3882eca9dc70b2d799f0,,,,,,,,,,,,,
holmberg_p53,holmberg,3.3665893271461718,20,100,completo,8531.0,True,-1,0,30.0,0.3847192,0.0,8531.0,8531.0,otimo_publicado,"[[0.20545439998386428, 12470.0], [0.28381500000250526, 9043.999999999998], [0.31622139998944476, 8680.999999999998], [0.36057509999955073, 8531.0]]",0.3847192,0.34375,0.8935088240981994,True,65.0,921.46484375,6,1.0,True,1.0,1.0,3882eca9dc70b2d799f0,,,,,,,,,,,,,
holmberg_p53,holmberg,3.3665893271461718,20,100,hibrido:rotacao,8531.0,True,-1,0,30.0,29.9772325,0.0,8531.0,8531.0,otimo_publicado,"[[0.12906169999041595, 12361.0], [0.15698130000964738, 11428.0], [0.17478490000939928, 11160.0], [0.4424470000085421, 11157.0], [0.8544562000024598, 11157.0], [1.8866875000239816, 11156.000000000004], [2.3693290000082925, 10988.0], [2.8509185000148136, 10988.0], [2.961865699995542, 10241.0], [5.127131400018698, 10241.0], [5.318374700000277, 9043.999999999998], [5.3483434000227135, 8680.999999999998], [5.389118100021733, 8531.0], [5.406628700002329, 8531.0]]",29.9772325,28.765625,0.9595824097504665,False,76.7,921.46484375,6,,,,,3882eca9dc70b2d799f0,5.406419700011611,8531.0,650.0,650.0,4.0,"{""interior"": 163, ""fronteira"": 163, ""liberacao"": 162, ""regret"": 162, ""abertura"": 0}","{""interior"": 0, ""fronteira"": 0, ""liberacao"": 0, ""regret"": 0, ""abertura"": 0}",1.0394210999074858,23.371551300544525,0.0,575.0,0.0,
holmberg_p53,holmberg,3.3665893271461718,20,100,hibrido:rotacao,8531.0,True,-1,1,30.0,29.9544365,0.0,8531.0,8531.0,otimo_publicado,"[[0.12805900000967085, 12361.0], [0.15082919999258593, 11428.0], [0.16624220000812784, 11242.0], [0.3275794000073802, 11202.999999999995], [0.40860860000248067, 11197.999999999998], [0.5075814000156242, 11191.0], [0.5780193000100553, 11157.0], [0.8732016000139993, 11157.0], [2.1228389000170864, 11156.000000000004], [2.18679589999374, 10988.000000000002], [2.4277147999964654, 10988.0], [2.5687362999888137, 10241.0], [5.167651900002966, 10241.0], [5.474600899993675, 9043.999999999998], [5.509328899992397, 8680.999999999998], [5.536234300001524, 8531.0], [5.55434729999979, 8531.0]]",29.9544365,28.765625,0.9603126735500432,False,77.6,839.55078125,2,,,,,3882eca9dc70b2d799f0,5.554110400000354,8531.0,640.0,640.0,4.0,"{""interior"": 160, ""fronteira"": 160, ""liberacao"": 160, ""regret"": 160, ""abertura"": 0}","{""interior"": 0, ""fronteira"": 0, ""liberacao"": 0, ""regret"": 0, ""abertura"": 0}",1.0099055001919623,23.232209199952194,0.0,559.0,0.0,
holmberg_p53,holmberg,3.3665893271461718,20,100,hibrido:rotacao,8531.0,True,-1,2,30.0,29.9986744,0.0,8531.0,8531.0,otimo_publicado,"[[0.14575409999815747, 12361.0], [0.16981789999408647, 11428.0], [0.31420679998700507, 11414.000000000002], [0.4244710000057239, 11326.000000000002], [0.5261722999857739, 11292.000000000002], [0.8404295000073034, 11291.0], [0.9060735999955796, 11228.999999999998], [1.3305732999870088, 11157.0], [1.7447450000036042, 11157.0], [2.530355700000655, 11021.999999999996], [2.80614329999662, 10988.0], [2.864439400000265, 10988.0], [3.0046038000145927, 10241.0], [5.8961691000149585, 10241.0], [6.127460300020175, 9043.999999999998], [6.155307000008179, 8680.999999999998], [6.1922827000089455, 8531.0], [6.211148100002902, 8531.0]]",29.9986744,27.265625,0.908894327677359,False,75.9,997.54296875,4,,,,,3882eca9dc70b2d799f0,6.210874299984425,8531.0,607.0,607.0,4.0,"{""interior"": 152, ""fronteira"": 152, ""liberacao"": 152, ""regret"": 151, ""abertura"": 0}","{""interior"": 0, ""fronteira"": 0, ""liberacao"": 0, ""regret"": 0, ""abertura"": 0}",0.9723893997725099,22.653777700208593,0.0,538.0,0.0,
holmberg_p53,holmberg,3.3665893271461718,20,100,hibridopl:rotacao,8531.0,True,-1,0,30.0,29.9539895,0.0,8531.0,8531.0,otimo_publicado,"[[0.11877750002895482, 8664.0], [0.20030120000592433, 8635.000000000002], [0.20711170003050938, 8604.0], [0.2123730000166688, 8591.999999999996], [0.22074590000556782, 8531.0], [0.27221360002295114, 8531.0], [0.4848996000364423, 8531.0], [0.6806971000332851, 8531.0]]",29.9539895,28.71875,0.958762104126397,False,77.0,921.46484375,6,,,,,3882eca9dc70b2d799f0,0.6804956000123639,8531.0,777.0,777.0,3.0,"{""interior"": 195, ""fronteira"": 194, ""liberacao"": 194, ""regret"": 194, ""abertura"": 0}","{""interior"": 0, ""fronteira"": 0, ""liberacao"": 0, ""regret"": 0, ""abertura"": 0}",1.2574880997999571,27.827614000154426,0.0,694.0,0.0,
holmberg_p53,holmberg,3.3665893271461718,20,100,hibridopl:rotacao,8531.0,True,-1,1,30.0,29.9791856,0.0,8531.0,8531.0,otimo_publicado,"[[0.1090338000212796, 8664.0], [0.17127350001828745, 8531.000000000002], [0.2424233999918215, 8531.0], [0.4031049000332132, 8531.0], [0.5788918000180274, 8531.0]]",29.9791856,28.5,0.9506595802922678,False,76.8,839.55078125,2,,,,,3882eca9dc70b2d799f0,0.5785281000135001,8531.0,763.0,763.0,3.0,"{""interior"": 191, ""fronteira"": 191, ""liberacao"": 191, ""regret"": 190, ""abertura"": 0}","{""interior"": 0, ""fronteira"": 0, ""liberacao"": 0, ""regret"": 0, ""abertura"": 0}",1.2304089996614493,27.98172790015815,0.0,674.0,0.0,
holmberg_p53,holmberg,3.3665893271461718,20,100,hibridopl:rotacao,8531.0,True,-1,2,30.0,30.0227364,0.022736399999999435,8531.0,8531.0,otimo_publicado,"[[0.12059449998196214, 8664.0], [0.17201509996084496, 8531.000000000002], [0.20706029995926656, 8531.0], [0.5137457999808248, 8531.0], [0.7736085999931674, 8531.0]]",30.0227364,27.1875,0.9055636913895697,False,78.2,997.54296875,4,,,,,3882eca9dc70b2d799f0,0.7731663000013214,8531.0,726.0,726.0,3.0,"{""interior"": 182, ""fronteira"": 182, ""liberacao"": 181, ""regret"": 181, ""abertura"": 0}","{""interior"": 0, ""fronteira"": 0, ""liberacao"": 0, ""regret"": 0, ""abertura"": 0}",1.2351241998258047,27.81609839980956,0.0,651.0,0.0,
holmberg_p53,holmberg,3.3665893271461718,20,100,kernel,8531.0,True,-1,0,30.0,0.7617227,0.0,8531.0,8531.0,otimo_publicado,"[[0.13302700003259815, 8664.0], [0.19559560003108345, 8635.000000000002], [0.2027440000383649, 8604.0], [0.21289490003255196, 8591.999999999996], [0.22340700004133396, 8531.0], [0.27576160003081895, 8531.0], [0.5743176000542007, 8531.0]]",0.7617227,0.71875,0.9435848504974317,False,75.1,921.46484375,6,3.0,,0.35,3.0,3882eca9dc70b2d799f0,,,,,,,,,,,,,0.02653260002261959
holmberg_p54,holmberg,1.5209944751381215,10,100,adaptativa:gnn,8777.0,True,0,0,30.0,4.927493,0.0,8777.0,8777.0,otimo_publicado,"[[0.11388479999732226, 13065.0], [2.5587243999761995, 12866.0], [2.567963099980261, 12853.0], [2.612554799998179, 12827.0], [3.566429699974833, 12826.0], [3.590167799993651, 12825.0], [3.710669299995061, 12811.0], [3.7693240999651607, 12811.0], [4.2636156999797095, 12811.0], [4.812479099986376, 12811.0], [4.89924559998326, 10016.0], [4.923090299969772, 8777.0]]",4.927493,4.484375,0.9100723227815849,False,75.7,997.54296875,4,4.0,True,1.0,4.0,3882eca9dc70b2d799f0,,,,,,,,,,,,,
holmberg_p54,holmberg,1.5209944751381215,10,100,adaptativa:pl,8777.0,True,-1,0,30.0,0.4757759,0.0,8777.0,8777.0,otimo_publicado,"[[0.08267210004851222, 11558.0], [0.10255620002862997, 9482.999999999998], [0.11972620003507473, 8914.0], [0.1496797000290826, 8914.0], [0.25923610004247166, 8914.0], [0.36376870004460216, 8914.0], [0.47330770004191436, 8777.0]]",0.4757759,0.46875,0.9852327534875137,False,63.2,921.46484375,6,4.0,True,1.0,4.0,3882eca9dc70b2d799f0,,,,,,,,,,,,,
holmberg_p54,holmberg,1.5209944751381215,10,100,completo,8777.0,True,-1,0,30.0,0.1279718,0.0,8777.0,8777.0,otimo_publicado,"[[0.0997471000009682, 10016.0], [0.12551529999473132, 8777.0]]",0.1279718,0.140625,1.098874908378252,False,67.6,997.54296875,4,1.0,True,1.0,1.0,3882eca9dc70b2d799f0,,,,,,,,,,,,,
holmberg_p54,holmberg,1.5209944751381215,10,100,hibrido:rotacao,8777.0,True,-1,0,30.0,29.9886677,0.0,8777.0,8777.0,otimo_publicado,"[[0.12274220000836067, 13065.0], [2.420652800006792, 12866.0], [2.427211800008081, 12853.0], [2.4694177999917883, 12827.0], [3.5948190999915823, 12826.0], [3.681539499986684, 12826.0], [4.310224799992284, 12811.0], [4.348138300003484, 12811.0], [5.085447199991904, 12811.0], [5.141878199996427, 10016.0], [5.178922799997963, 8777.0], [5.1822790000005625, 8777.0]]",29.9886677,28.8125,0.9607795947533875,False,77.4,839.55078125,2,,,,,3882eca9dc70b2d799f0,5.181981100002304,8777.0,738.0,738.0,3.0,"{""interior"": 185, ""fronteira"": 185, ""liberacao"": 184, ""regret"": 184, ""abertura"": 0}","{""interior"": 0, ""fronteira"": 0, ""liberacao"": 0, ""regret"": 0, ""abertura"": 0}",1.003324300138047,23.626112399244448,0.0,712.0,0.0,
holmberg_p54,holmberg,1.5209944751381215,10,100,hibrido:rotacao,8777.0,True,-1,1,30.0,29.989835,0.0,8777.0,8777.0,otimo_publicado,"[[0.10672040001372807, 13065.0], [2.527178299991647, 12866.0], [2.53165680001257, 12853.0], [2.566742900002282, 12827.0], [3.5515567999973428, 12826.0], [3.576814400003059, 12825.0], [3.6435822999919765, 12811.0], [3.686783299985109, 12811.0], [4.320593599986751, 12811.0], [4.998025699984282, 12811.0], [5.063564899988705, 10016.0], [5.09377969999332, 8777.0], [5.097250999970129, 8777.0]]",29.989835,27.390625,0.9133303000833449,False,78.2,997.54296875,4,,,,,3882eca9dc70b2d799f0,5.096832599985646,8777.0,693.0,693.0,4.0,"{""interior"": 174, ""fronteira"": 173, ""liberacao"": 173, ""regret"": 173, ""abertura"": 0}","{""interior"": 0, ""fronteira"": 0, ""liberacao"": 0, ""regret"": 0, ""abertura"": 0}",1.0223414994834457,23.690005400188966,0.0,667.0,0.0,
holmberg_p54,holmberg,1.5209944751381215,10,100,hibrido:rotacao,8777.0,True,-1,2,30.0,29.9957426,0.0,8777.0,8777.0,otimo_publicado,"[[0.12029220003751107, 13065.0], [2.4292888000200037, 12866.0], [2.43532940003206, 12853.0], [2.469368800026132, 12827.0], [3.555149400024675, 12826.0], [3.576505500037456, 12825.0], [3.6518334000138566, 12811.0], [3.718684499996016, 12811.0], [4.333469899982447, 12811.0], [4.8561679999984335, 12811.0], [4.92547790001845, 10016.0], [4.980045300006168, 8777.0], [4.983352599985665, 8777.0]]",29.9957426,28.65625,0.955343909371992,False,77.4,921.46484375,6,,,,,3882eca9dc70b2d799f0,4.982965000002878,8777.0,738.0,738.0,4.0,"{""interior"": 185, ""fronteira"": 185, ""liberacao"": 184, ""regret"": 184, ""abertura"": 0}","{""interior"": 0, ""fronteira"": 0, ""liberacao"": 0, ""regret"": 0, ""abertura"": 0}",1.0039031004416756,23.82169320009416,0.0,712.0,0.0,
holmberg_p54,holmberg,1.5209944751381215,10,100,hibridopl:rotacao,8777.0,True,-1,0,30.0,29.9598978,0.0,8777.0,8777.0,otimo_publicado,"[[0.08249820000492036, 11558.0], [0.1016745999804698, 9482.999999999998], [0.12495880000642501, 8914.0], [0.15511069996864535, 8914.0], [0.36837099998956546, 8914.0], [0.5335237999970559, 8914.0], [0.646280500019202, 8777.0], [0.6480982999783009, 8777.0]]",29.9598978,28.71875,0.9585730295782251,False,77.3,921.46484375,6,,,,,3882eca9dc70b2d799f0,0.6478862999938428,8777.0,851.0,851.0,4.0,"{""interior"": 213, ""fronteira"": 213, ""liberacao"": 213, ""regret"": 212, ""abertura"": 0}","{""interior"": 0, ""fronteira"": 0, ""liberacao"": 0, ""regret"": 0, ""abertura"": 0}",1.2010771999775898,27.904625599854626,0.0,825.0,0.0,
holmberg_p54,holmberg,1.5209944751381215,10,100,hibridopl:rotacao,8777.0,True,-1,1,30.0,29.9725074,0.0,8777.0,8777.0,otimo_publicado,"[[0.09233959999983199, 11558.0], [0.11566189999575727, 9482.999999999998], [0.1360139999887906, 8914.0], [0.17515449997154064, 8914.0], [0.2732898000103887, 8914.0], [0.3822107999876607, 8914.0], [0.459500399971148, 8777.0], [0.46142090001376346, 8777.0]]",29.9725074,28.90625,0.9644254854700611,False,78.2,839.55078125,2,,,,,3882eca9dc70b2d799f0,0.46110730001237243,8777.0,847.0,847.0,4.0,"{""interior"": 212, ""fronteira"": 212, ""liberacao"": 212, ""regret"": 211, ""abertura"": 0}","{""interior"": 0, ""fronteira"": 0, ""liberacao"": 0, ""regret"": 0, ""abertura"": 0}",1.1932985999737866,28.115339399693767,0.0,821.0,0.0,
holmberg_p54,holmberg,1.5209944751381215,10,100,hibridopl:rotacao,8777.0,True,-1,2,30.0,29.997024,0.0,8777.0,8777.0,otimo_publicado,"[[0.11129800000344403, 11558.0], [0.14638329998706467, 9482.999999999998], [0.17490889999317005, 8914.0], [0.21289880000404082, 8914.0], [0.3259032999922056, 8914.0], [0.4290785000193864, 8914.0], [0.5151642000128049, 8777.0], [0.5169575999607332, 8777.0]]",29.997024,27.484375,0.9162367240163558,False,77.7,997.54296875,4,,,,,3882eca9dc70b2d799f0,0.5166852999827825,8777.0,819.0,819.0,4.0,"{""interior"": 205, ""fronteira"": 205, ""liberacao"": 205, ""regret"": 204, ""abertura"": 0}","{""interior"": 0, ""fronteira"": 0, ""liberacao"": 0, ""regret"": 0, ""abertura"": 0}",1.1931799990125,28.084110699943267,0.0,793.0,0.0,
holmberg_p54,holmberg,1.5209944751381215,10,100,kernel,8777.0,True,-1,0,30.0,0.2709476,0.0,8777.0,8777.0,otimo_publicado,"[[0.10586809998494573, 9756.0], [0.12895909999497235, 9154.0], [0.13721899999654852, 8777.0], [0.1891594999760855, 8777.0]]",0.2709476,0.25,0.9226876340665132,False,67.4,997.54296875,4,2.0,,0.7,2.0,3882eca9dc70b2d799f0,,,,,,,,,,,,,0.01808010000968352
holmberg_p55,holmberg,3.2066298342541435,20,100,adaptativa:gnn,7654.0,True,0,0,30.0,6.827513,0.0,7654.0,7654.0,otimo_publicado,"[[0.12756830002763309, 12742.0], [0.17685190003248863, 12471.0], [0.8154594000370707, 12101.999999999995], [1.0485654000367504, 11970.999999999996], [2.348138600034872, 11921.000000000007], [3.401133400038816, 11451.0], [3.410299700044561, 11290.000000000005], [3.4462741000170354, 11290.0], [4.616211800021119, 11290.0], [4.684623300039675, 9783.0], [4.7293550000176765, 8387.0], [5.023970000038389, 8351.000000000002], [5.206120400020154, 7947.999999999998], [5.862059900042368, 7923.000000000001], [5.960560300038196, 7654.0], [6.048897100030445, 7654.0]]",6.827513,6.53125,0.9566074791801934,False,77.8,921.46484375,6,4.0,True,1.0,4.0,3882eca9dc70b2d799f0,,,,,,,,,,,,,
holmberg_p55,holmberg,3.2066298342541435,20,100,adaptativa:pl,7654.0,True,-1,0,30.0,3.8268654,0.0,7654.0,7654.0,otimo_publicado,"[[0.12499449998722412, 8655.0], [0.8192865999881178, 8387.0], [2.7786822999769356, 7653.999999999997], [2.858504300005734, 7654.0], [3.275070500007132, 7654.0]]",3.8268654,3.625,0.9472504572541276,False,80.9,839.55078125,2,3.0,True,0.75,3.0,3882eca9dc70b2d799f0,,,,,,,,,,,,,
holmberg_p55,holmberg,3.2066298342541435,20,100,completo,7654.0,True,-1,0,30.0,2.93167,0.0,7654.0,7654.0,otimo_publicado,"[[0.407713100023102, 11970.0], [0.5124429000134114, 8241.0], [0.8397611000109464, 7967.0], [2.1166464000125416, 7654.0]]",2.93167,2.671875,0.9113832730150392,False,84.4,921.46484375,6,1.0,True,1.0,1.0,3882eca9dc70b2d799f0,,,,,,,,,,,,,
holmberg_p55,holmberg,3.2066298342541435,20,100,hibrido:rotacao,7654.0,True,-1,0,30.0,30.040273,0.040272999999999115,7654.0,7654.0,otimo_publicado,"[[0.1940374999830965, 12742.0], [0.24118539999471977, 12471.0], [0.9285326999961399, 12101.999999999995], [1.2484841999830678, 11970.999999999996], [2.471343099983642, 11921.000000000007], [3.6066792999918107, 11921.0], [3.9460853999771643, 11705.000000000002], [6.30868519996875, 11697.000000000007], [6.829349599982379, 11697.0], [6.9035213999741245, 9783.0], [6.944937199994456, 8387.0], [7.254932399984682, 8351.000000000002], [7.40496849999181, 7947.999999999998], [8.144128699990688, 7923.000000000001], [8.257151199999498, 7654.0], [8.377172799984692, 7654.0], [9.15218599999207, 7654.0]]",30.040273,27.375,0.9112766718198599,False,77.0,997.54296875,4,,,,,3882eca9dc70b2d799f0,9.151977400004398,7654.0,415.0,415.0,4.0,"{""interior"": 104, ""fronteira"": 104, ""liberacao"": 104, ""regret"": 103, ""abertura"": 0}","{""interior"": 0, ""fronteira"": 0, ""liberacao"": 0, ""regret"": 0, ""abertura"": 0}",0.8978219995333347,19.884851999901002,0.0,292.0,0.0,
holmberg_p55,holmberg,3.2066298342541435,20,100,hibrido:rotacao,7654.0,True,-1,1,30.0,29.9655747,0.0,7654.0,7654.0,otimo_publicado,"[[0.17704109998885542, 12742.0], [0.2170112999738194, 12471.0], [0.7090216999640688, 12101.999999999995], [0.9196402999805287, 11970.999999999996], [2.0580107999849133, 11921.000000000007], [3.241097099991748, 11451.0], [3.266584499971941, 11290.000000000005], [3.367856099968776, 11290.0], [4.685139999986859, 11290.0], [4.748790599987842, 9783.0], [4.791614699992351, 8387.0], [5.116870599973481, 8351.000000000002], [5.317119299987098, 7947.999999999998], [6.221905899990816, 7923.000000000001], [6.302858199982438, 7654.000000000002], [6.47640359995421, 7654.0], [7.294942200009245, 7654.0]]",29.9655747,27.46875,0.9166768959048197,False,76.0,997.54296875,4,,,,,3882eca9dc70b2d799f0,7.294473199988715,7654.0,444.0,444.0,4.0,"{""interior"": 111, ""fronteira"": 111, ""liberacao"": 111, ""regret"": 111, ""abertura"": 0}","{""interior"": 0, ""fronteira"": 0, ""liberacao"": 0, ""regret"": 0, ""abertura"": 0}",0.9517056000768207,21.608869900315767,0.0,313.0,0.0,
holmberg_p55,holmberg,3.2066298342541435,20,100,hibrido:rotacao,7654.0,True,-1,2,30.0,29.9623817,0.0,7654.0,7654.0,otimo_publicado,"[[0.1723280000151135, 12742.0], [0.20478990001720376, 12471.0], [0.7357183000131045, 12101.999999999995], [0.9531818999967072, 12072.999999999996], [0.9549303000094369, 11970.999999999996], [2.1708608000189997, 11921.000000000007], [3.0622166999964975, 11451.0], [3.0729287000140175, 11290.000000000004], [3.1987591999932192, 11290.0], [4.3690282000170555, 11290.0], [4.441536900005303, 9783.0], [4.4942618000204675, 8387.0], [4.7879678000172134, 8351.000000000002], [4.938094800018007, 7947.999999999998], [5.599375400022836, 7923.000000000001], [5.662380199995823, 7654.000000000002], [5.745977700018557, 7654.0], [6.581974100001389, 7654.0]]",29.9623817,28.765625,0.9600580250267622,False,75.7,921.46484375,6,,,,,3882eca9dc70b2d799f0,6.58164580000448,7654.0,451.0,451.0,4.0,"{""interior"": 113, ""fronteira"": 113, ""liberacao"": 113, ""regret"": 112, ""abertura"": 0}","{""interior"": 0, ""fronteira"": 0, ""liberacao"": 0, ""regret"": 0, ""abertura"": 0}",0.9450361001654528,22.321215899981325,0.0,319.0,0.0,
holmberg_p55,holmberg,3.2066298342541435,20,100,hibridopl:rotacao,7654.0,True,-1,0,30.0,29.9830691,0.0,7654.0,7654.0,otimo_publicado,"[[0.10197240000707097, 8655.0], [0.7224820000119507, 8387.0], [2.575236800010316, 7653.999999999997], [2.6626005000434816, 7654.0], [3.2198073999898043, 7654.0], [3.7212111000262666, 7654.0]]",29.9830691,28.515625,0.9510575753567536,False,77.6,921.46484375,6,,,,,3882eca9dc70b2d799f0,3.7209543000208214,7654.0,511.0,511.0,3.0,"{""interior"": 128, ""fronteira"": 128, ""liberacao"": 128, ""regret"": 127, ""abertura"": 0}","{""interior"": 0, ""fronteira"": 0, ""liberacao"": 0, ""regret"": 0, ""abertura"": 0}",1.0994099001109134,25.026154400169617,0.0,364.0,0.0,
holmberg_p55,holmberg,3.2066298342541435,20,100,hibridopl:rotacao,7654.0,True,-1,1,30.0,29.9917313,0.0,7654.0,7654.0,otimo_publicado,"[[0.11622900000656955, 8655.0], [0.6998798999993596, 8387.0], [2.6048494999995455, 7653.999999999997], [2.7241603000147734, 7654.0], [3.0535583999881055, 7654.0], [3.5510762000340037, 7654.0]]",29.9917313,28.953125,0.9653702452315582,False,76.2,839.55078125,2,,,,,3882eca9dc70b2d799f0,3.550707600021269,7654.0,525.0,525.0,3.0,"{""interior"": 132, ""fronteira"": 131, ""liberacao"": 131, ""regret"": 131, ""abertura"": 0}","{""interior"": 0, ""fronteira"": 0, ""liberacao"": 0, ""regret"": 0, ""abertura"": 0}",1.121657199895708,25.181480700382963,0.0,375.0,0.0,
holmberg_p55,holmberg,3.2066298342541435,20,100,hibridopl:rotacao,7654.0,True,-1,2,30.0,29.9841792,0.0,7654.0,7654.0,otimo_publicado,"[[0.08974210001179017, 8655.0], [0.6899987000215333, 8387.0], [2.535838200012222, 7653.999999999997], [2.663591800024733, 7654.0], [3.078558300039731, 7654.0], [3.6943247000162955, 7654.0]]",29.9841792,28.609375,0.9541490133570173,False,76.8,839.55078125,2,,,,,3882eca9dc70b2d799f0,3.6940864000061993,7654.0,515.0,515.0,3.0,"{""interior"": 129, ""fronteira"": 129, ""liberacao"": 129, ""regret"": 128, ""abertura"": 0}","{""interior"": 0, ""fronteira"": 0, ""liberacao"": 0, ""regret"": 0, ""abertura"": 0}",1.0597273001912981,25.099556399771245,0.0,368.0,0.0,
holmberg_p55,holmberg,3.2066298342541435,20,100,kernel,7654.0,True,-1,0,30.0,3.2971856,0.0,7654.0,7654.0,otimo_publicado,"[[0.10501100000692531, 8377.0], [0.1282643000013195, 7962.0], [0.3752647000073921, 7830.999999999997], [0.7163968000095338, 7823.000000000002], [1.396521600021515, 7726.0], [1.7621682000171859, 7654.0], [2.0146548000047915, 7654.0], [2.9077696000167634, 7654.0]]",3.2971856,3.0625,0.9288224478476431,False,82.5,921.46484375,6,3.0,,0.35,3.0,3882eca9dc70b2d799f0,,,,,,,,,,,,,0.03069420001702383
holmberg_p56,holmberg,1.9749835418038184,30,200,adaptativa:gnn,21177.0,True,0,0,30.0,29.8685889,0.0,21103.0,21103.0,otimo_publicado,"[[0.5126734999939799, 25507.0], [1.5566687999817077, 24979.0], [4.858632499992382, 23484.0], [5.068235199985793, 23479.0], [6.521175399975618, 23468.0], [7.204571300011594, 23468.0], [9.341205799981253, 23468.0], [12.455086199974176, 23348.0], [14.234946999989916, 23348.0], [15.227315399999497, 23208.999999999993], [15.644953999988502, 22777.999999999996], [18.69155619997764, 22453.000000000007], [20.466953499999363, 22423.00000000001], [24.55652819998795, 21177.0]]",29.8685889,28.765625,0.9630727817878266,False,79.1,839.55078125,2,4.0,False,1.0,4.0,3882eca9dc70b2d799f0,,,,,,,,,,,,,
holmberg_p56,holmberg,1.9749835418038184,30,200,adaptativa:pl,21177.0,True,-1,0,30.0,30.0250268,0.025026799999999128,21103.0,21103.0,otimo_publicado,"[[0.47695770001155324, 25413.0], [5.6474530000123195, 23008.0], [6.1552893000189215, 22201.0], [7.35458870002185, 22201.0], [13.179607300029602, 22201.0], [13.400938500039047, 22066.0], [17.262474000046495, 22066.0], [26.169300200039288, 21177.0]]",30.0250268,28.984375,0.9653405205286945,False,76.9,839.55078125,2,4.0,False,1.0,4.0,3882eca9dc70b2d799f0,,,,,,,,,,,,,
holmberg_p56,holmberg,1.9749835418038184,30,200,completo,21177.0,True,-1,0,30.0,28.5067625,0.0,21103.0,21103.0,otimo_publicado,"[[0.9347067000053357, 23882.0], [1.339835500024492, 23208.999999999993], [1.7234699000255205, 22777.999999999996], [5.250131400011014, 22453.000000000007], [6.966812300001038, 22423.00000000001], [10.654768500011414, 21177.0]]",28.5067625,25.953125,0.9104199398300666,False,80.0,997.54296875,4,20.0,False,1.0,1.0,3882eca9dc70b2d799f0,,,,,,,,,,,,,
holmberg_p56,holmberg,1.9749835418038184,30,200,hibrido:rotacao,21374.0,True,-1,0,30.0,29.9766361,0.0,21103.0,21103.0,otimo_publicado,"[[0.7387267999874894, 25507.0], [1.7657627000007778, 24979.0], [4.218559800006915, 24979.0], [7.401069899991853, 24979.0], [8.919115799973952, 24920.000000000007], [9.265606499975547, 24920.0], [9.759071399952518, 23882.0], [10.165079199970933, 23208.999999999993], [10.509821799962083, 22777.999999999996], [13.24314989996492, 22453.000000000007], [14.941545699955896, 22423.00000000001], [15.01971510000294, 22423.0], [15.125540000008186, 21968.0], [15.229466499993578, 21817.0], [15.311667100002524, 21622.0], [15.345803600008367, 21548.0], [15.47953929999494, 21508.0], [15.902590700017754, 21471.0], [16.001513900002465, 21461.0], [16.460303400002886, 21453.0], [16.674795600003563, 21440.0], [17.64362930000061, 21374.0]]",29.9766361,27.25,0.9090412916611413,False,78.0,997.54296875,4,,,,,3882eca9dc70b2d799f0,15.01929980001296,22423.0,350.0,350.0,4.0,"{""interior"": 88, ""fronteira"": 88, ""liberacao"": 87, ""regret"": 87, ""abertura"": 0}","{""interior"": 2, ""fronteira"": 2, ""liberacao"": 3, ""regret"": 3, ""abertura"": 0}",0.5621453998901416,14.25498449994484,0.0,274.0,0.0,
holmberg_p56,holmberg,1.9749835418038184,30,200,hibrido:rotacao,21135.0,True,-1,1,30.0,29.9704674,0.0,21103.0,21103.0,otimo_publicado,"[[0.7938141000049654, 25507.0], [1.7402377999969758, 24979.0], [4.426550000003772, 24979.0], [7.151518600003328, 24979.0], [9.280483200011076, 24979.0], [9.657584400003543, 23882.0], [10.069032300030813, 23208.999999999993], [10.546275200031232, 22777.999999999996], [13.670195500017144, 22453.000000000007], [15.002327599999262, 22453.0], [15.057618799997726, 22450.0], [15.105325999989873, 22404.0], [15.157881199993426, 22337.0], [15.179905999975745, 22263.0], [15.218792500003474, 22043.0], [15.241916500002844, 22027.0], [15.265356599993538, 21803.0], [15.309007899981225, 21659.0], [15.519594299985329, 21643.0], [15.578631899988977, 21612.0], [15.615537799982121, 21605.0], [15.714743399992585, 21351.0], [16.186097400001017, 21230.0], [16.351508699997794, 21135.0]]",29.9704674,28.78125,0.9603203585673808,False,77.6,921.46484375,6,,,,,3882eca9dc70b2d799f0,15.002110000001267,22453.0,394.0,394.0,4.0,"{""interior"": 99, ""fronteira"": 99, ""liberacao"": 98, ""regret"": 98, ""abertura"": 0}","{""interior"": 2, ""fronteira"": 5, ""liberacao"": 5, ""regret"": 2, ""abertura"": 0}",0.5962251001037657,14.259243900101865,0.0,331.0,0.0,
holmberg_p56,holmberg,1.9749835418038184,30,200,hibrido:rotacao,21121.0,True,-1,2,30.0,29.978444,0.0,21103.0,21103.0,otimo_publicado,"[[0.5557266999967396, 25507.0], [1.3803212000057101, 24979.0], [4.190590300015174, 24979.0], [7.330587000004016, 24979.0], [9.669867199991131, 24979.0], [10.133901099994546, 23882.0], [10.440378300001612, 23208.999999999993], [10.839491399994586, 22777.999999999996], [13.66694210001151, 22453.000000000007], [15.009342900011688, 22453.0], [15.202990299992962, 21877.0], [15.27850600000238, 21715.0], [15.315097999991849, 21679.0], [15.490101800009143, 21649.0], [15.537779200007208, 21647.0], [15.575719599990407, 21626.0], [15.741960699990159, 21435.0], [15.917332400014857, 21258.0], [16.11266450001858, 21233.0], [16.2656382000132, 21230.0], [16.350454500003252, 21147.0], [16.369713899999624, 21131.0], [16.745250400010264, 21121.0]]",29.978444,27.609375,0.9209742506982684,False,77.4,997.54296875,4,,,,,3882eca9dc70b2d799f0,15.008903000009013,22453.0,382.0,382.0,4.0,"{""interior"": 96, ""fronteira"": 96, ""liberacao"": 95, ""regret"": 95, ""abertura"": 0}","{""interior"": 1, ""fronteira"": 3, ""liberacao"": 6, ""regret"": 3, ""abertura"": 0}",0.5955937003891449,14.24621259959531,0.0,304.0,0.0,
holmberg_p56,holmberg,1.9749835418038184,30,200,hibridopl:rotacao,21172.0,True,-1,0,30.0,30.166803,0.1668030000000016,21103.0,21103.0,otimo_publicado,"[[0.5904735999938566, 25413.0], [3.762731900002109, 25413.0], [7.0183278000040445, 25413.0], [7.2348388000100385, 22066.0], [8.924090299959062, 22066.0], [14.625574600009713, 22066.0], [14.684830800018972, 21955.0], [14.804399300017394, 21743.0], [14.87987420000718, 21713.0], [14.92015160000301, 21666.0], [14.985814600018784, 21504.0], [15.549730400001863, 21365.0], [16.389991700008977, 21330.0], [16.61409660000936, 21311.0], [18.023265900003025, 21307.0], [20.35529609999503, 21299.0], [20.516556000016863, 21217.0], [21.21281130000716, 21172.0]]",30.166803,29.03125,0.9623575292350336,False,78.5,921.46484375,6,,,,,3882eca9dc70b2d799f0,14.625136300019221,22066.0,324.0,324.0,4.0,"{""interior"": 81, ""fronteira"": 81, ""liberacao"": 81, ""regret"": 81, ""abertura"": 0}","{""interior"": 1, ""fronteira"": 5, ""liberacao"": 2, ""regret"": 4, ""abertura"": 0}",0.47552399992127903,14.967410999466665,0.0,196.0,0.0,
holmberg_p56,holmberg,1.9749835418038184,30,200,hibridopl:rotacao,21278.0,True,-1,1,30.0,29.9654505,0.0,21103.0,21103.0,otimo_publicado,"[[0.5531388999952469, 25413.0], [4.454828799993265, 25413.0], [7.142887199996039, 25413.0], [7.37004340000567, 22066.0], [7.805389699991792, 21954.999999999996], [9.414722899993649, 21955.0], [14.992269499984104, 21955.0], [15.434629700001096, 21818.0], [15.457228399987798, 21773.0], [15.564221500011627, 21589.0], [15.79821449998417, 21479.0], [15.86842099999194, 21429.0], [16.07838739998988, 21414.0], [16.148934500000905, 21393.0], [16.284222799993586, 21390.0], [16.320204799994826, 21278.0]]",29.9654505,28.75,0.9594382704174595,False,78.3,839.55078125,2,,,,,3882eca9dc70b2d799f0,14.99195259998669,21955.0,364.0,364.0,4.0,"{""interior"": 91, ""fronteira"": 91, ""liberacao"": 91, ""regret"": 91, ""abertura"": 0}","{""interior"": 2, ""fronteira"": 4, ""liberacao"": 2, ""regret"": 1, ""abertura"": 0}",0.5448651000624523,14.317004600045038,0.0,304.0,0.0,
holmberg_p56,holmberg,1.9749835418038184,30,200,hibridopl:rotacao,21329.0,True,-1,2,30.0,29.9612637,0.0,21103.0,21103.0,otimo_publicado,"[[0.4875577999919187, 25413.0], [3.8972322000190616, 25413.0], [6.755126799980644, 25413.0], [6.9772190999938175, 22066.0], [8.936434799979907, 22066.0], [14.583625600032974, 22066.0], [15.280333100032294, 21739.0], [15.335784700029762, 21709.0], [15.490195900027175, 21563.0], [15.50913600003696, 21516.0], [15.58788160001859, 21423.0], [15.74347180002951, 21409.0], [15.821539600030519, 21363.0], [15.857047000026796, 21330.0], [17.783410000032745, 21329.0]]",29.9612637,28.71875,0.9585293293219805,False,78.3,921.46484375,6,,,,,3882eca9dc70b2d799f0,14.58321040001465,22066.0,231.0,231.0,4.0,"{""interior"": 58, ""fronteira"": 58, ""liberacao"": 58, ""regret"": 57, ""abertura"": 0}","{""interior"": 0, ""fronteira"": 3, ""liberacao"": 2, ""regret"": 4, ""abertura"": 0}",0.3621346002619248,14.936883500107797,0.0,157.0,0.0,
holmberg_p56,holmberg,1.9749835418038184,30,200,kernel,21176.0,True,-1,0,30.0,29.450893,0.0,21103.0,21103.0,otimo_publicado,"[[0.6549521000415552, 22140.0], [6.746739600028377, 22140.0], [15.788005500042345, 21177.0], [21.881582100031665, 21176.0]]",29.450893,28.140625,0.9555100757046654,False,77.1,921.46484375,6,6.0,,0.7666666666666667,2.0,3882eca9dc70b2d799f0,,,,,,,,,,,,,0.16709289999562316
holmberg_p57,holmberg,1.9749835418038184,30,200,adaptativa:gnn,28327.0,True,0,0,30.0,29.5813684,0.0,26039.0,26039.0,otimo_publicado,"[[0.7331915999820922, 30907.0], [1.3793846999760717, 29107.000000000015], [6.806764700013446, 29107.0], [7.542369300004793, 29011.000000000015], [12.570150100014871, 28327.0], [12.842227999994066, 28327.0], [16.91591429998516, 28327.0]]",29.5813684,28.328125,0.957634028857164,False,76.7,948.16796875,2,4.0,False,1.0,4.0,3882eca9dc70b2d799f0,,,,,,,,,,,,,
holmberg_p57,holmberg,1.9749835418038184,30,200,adaptativa:pl,26151.0,True,-1,0,30.0,28.989455,0.0,26039.0,26039.0,otimo_publicado,"[[0.682132999994792, 28474.0], [1.2267175999877509, 27256.000000000004], [3.3600671000021975, 26366.0], [3.9837817999941763, 26365.0], [4.13876679999521, 26365.0], [7.824364399974002, 26365.0], [13.27699199997005, 26365.0], [24.219034299982013, 26151.0]]",28.989455,27.75,0.9572446256750946,False,76.4,921.46484375,6,4.0,False,1.0,4.0,3882eca9dc70b2d799f0,,,,,,,,,,,,,
holmberg_p57,holmberg,1.9749835418038184,30,200,completo,26483.0,True,-1,0,30.0,28.4841098,0.0,26039.0,26039.0,otimo_publicado,"[[1.0310025000071619, 32882.0], [1.7344240999955218, 30621.999999999996], [2.3207303999806754, 30306.99999999998], [16.69695219999994, 26483.0]]",28.4841098,27.421875,0.9627078112162031,False,80.2,921.46484375,6,4.0,False,1.0,1.0,3882eca9dc70b2d799f0,,,,,,,,,,,,,
holmberg_p57,holmberg,1.9749835418038184,30,200,hibrido:rotacao,26315.0,True,-1,0,30.0,29.9539441,0.0,26039.0,26039.0,otimo_publicado,"[[0.9819982000335585, 30907.0], [1.6466521000256762, 29107.000000000015], [4.202634300017962, 29107.0], [5.000401800003601, 29011.000000000015], [7.2033023000112735, 29011.0], [9.22540750002372, 29011.0], [15.004456199996639, 29011.0], [15.123552400007611, 28990.0], [15.93745399999898, 28854.0], [16.03601089998847, 28742.0], [16.088349600002402, 28667.0], [16.368876499996986, 28597.0], [16.869328000000678, 28518.0], [17.104945700004464, 28426.0], [19.983116199990036, 28395.0], [20.007476400001906, 28241.0], [20.069744200009154, 28076.0], [20.180818900000304, 28049.0], [20.201995999988867, 28018.0], [20.272596800001338, 27966.0], [20.36041860000114, 27871.0], [20.562584900006186, 27821.0], [20.586363900016295, 27812.0], [20.612577399995644, 27589.0], [20.656004899996333, 27581.0], [20.739552699989872, 27508.0], [21.03367370000342, 27403.0], [22.87099070000113, 27401.0], [23.944549400010146, 27386.0], [24.046556799992686, 27368.0], [24.14816099999007, 27230.0], [24.991993000003276, 27178.0], [25.076002399990102, 27155.0], [25.47313190001296, 27061.0], [25.514086899987888, 26970.0], [25.57570340001257, 26914.0], [25.86867729999358, 26907.0], [26.044828999991296, 26899.0], [26.29967909998959, 26803.0], [26.323534299997846, 26720.0], [26.414483200001996, 26604.0], [26.652017999993404, 26539.0], [26.702917199989315, 26477.0], [26.808734099991852, 26438.0], [26.83415340000647, 26397.0], [26.91493190001347, 26383.0], [27.020059300004505, 26350.0], [27.146788699988974, 26347.0], [27.48429110000143, 26315.0]]",29.9539441,28.84375,0.9629366304385939,False,79.1,948.16796875,2,,,,,3882eca9dc70b2d799f0,15.004051199997775,29011.0,162.0,162.0,4.0,"{""interior"": 41, ""fronteira"": 41, ""liberacao"": 40, ""regret"": 40, ""abertura"": 0}","{""interior"": 5, ""fronteira"": 12, ""liberacao"": 15, ""regret"": 10, ""abertura"": 0}",0.2545271997805685,14.616179199831095,0.0,15.0,0.0,
holmberg_p57,holmberg,1.9749835418038184,30,200,hibrido:rotacao,26945.0,True,-1,1,30.0,29.9744373,0.0,26039.0,26039.0,otimo_publicado,"[[0.9074308999988716, 30907.0], [1.5668821000144817, 29107.000000000015], [3.6883407999994233, 28888.0], [3.815046700008679, 28800.99999999998], [4.38383849998354, 28801.0], [7.585983099997975, 28801.0], [9.611064799973974, 28801.0], [15.220426499960013, 28801.0], [15.262862999952631, 28779.0], [15.403547399968375, 28759.0], [15.47858509994694, 28645.0], [15.512173899973277, 28643.0], [15.6771260999667, 28638.0], [16.302294699969934, 28629.0], [16.59984769995208, 28357.0], [16.70321809995221, 28108.0], [16.733728399965912, 28105.0], [16.82275879997178, 28083.0], [16.925471999973524, 28024.0], [16.98771319995285, 27803.0], [17.514030499965884, 27675.0], [17.532683499972336, 27637.0], [17.56792309996672, 27515.0], [17.593945699947653, 27483.0], [18.21379759995034, 27256.0], [18.28903629994602, 27202.0], [19.482326699973783, 27168.0], [19.91996289996314, 27160.0], [20.383591999969212, 27154.0], [20.781532999972114, 27150.0], [22.747129099967424, 27148.0], [24.018070899968734, 27072.0], [24.13316199995461, 27050.0], [24.40936109996983, 27044.0], [24.59886329996516, 26966.0], [26.069548999948893, 26945.0]]",29.9744373,27.421875,0.9148420277434199,False,80.4,997.54296875,4,,,,,3882eca9dc70b2d799f0,15.220141799974954,28801.0,152.0,152.0,4.0,"{""interior"": 38, ""fronteira"": 38, ""liberacao"": 38, ""regret"": 38, ""abertura"": 0}","{""interior"": 4, ""fronteira"": 9, ""liberacao"": 13, ""regret"": 2, ""abertura"": 0}",0.22305319976294413,14.474414999858709,0.0,30.0,0.0,
holmberg_p57,holmberg,1.9749835418038184,30,200,hibrido:rotacao,26689.0,True,-1,2,30.0,30.0168596,0.016859600000000086,26039.0,26039.0,otimo_publicado,"[[0.773022699955618, 30907.0], [1.3576510999700986, 29107.000000000015], [4.439482999994652, 29107.0], [5.296748199994909, 29011.000000000015], [7.5988433999882545, 29011.0], [9.437255999975605, 29011.0], [15.23786839999957, 29011.0], [15.28439580000122, 28867.0], [15.934238500020001, 28828.0], [16.012397400016198, 28744.0], [16.03937159999623, 28623.0], [16.064873299998, 28616.0], [16.14551790000405, 28173.0], [16.22443820000626, 28110.0], [16.24544580001384, 27953.0], [16.259823000000324, 27946.0], [16.288926900015213, 27895.0], [16.407241800014162, 27827.0], [16.60973369999556, 27783.0], [16.674081100005424, 27740.0], [16.829295600007754, 27727.0], [17.539350900013233, 27659.0], [18.044020000001183, 27619.0], [18.086198900011368, 27531.0], [18.109447800001362, 27501.0], [19.31824730001972, 27409.0], [19.359926900011487, 27402.0], [20.235700499993982, 27394.0], [20.31831709999824, 27361.0], [20.567035200016107, 27251.0], [20.939824600005522, 27212.0], [21.005187400005525, 27165.0], [21.099252100015292, 27146.0], [21.323605300014606, 27131.0], [21.89002660001279, 27104.0], [22.458031500020297, 27103.0], [23.37638309999602, 26783.0], [23.40038820001064, 26766.0], [23.424240599997574, 26733.0], [23.574675000010757, 26720.0], [24.62308300001314, 26709.0], [25.721099100017454, 26696.0], [28.781360799999675, 26689.0]]",30.0168596,27.28125,0.9088642304206933,False,76.0,997.54296875,4,,,,,3882eca9dc70b2d799f0,15.237650099996245,29011.0,211.0,211.0,4.0,"{""interior"": 53, ""fronteira"": 53, ""liberacao"": 53, ""regret"": 52, ""abertura"": 0}","{""interior"": 9, ""fronteira"": 10, ""liberacao"": 10, ""regret"": 7, ""abertura"": 0}",0.32259179989341646,14.387367600080324,0.0,35.0,0.0,
holmberg_p57,holmberg,1.9749835418038184,30,200,hibridopl:rotacao,26365.0,True,-1,0,30.0,29.9929397,0.0,26039.0,26039.0,otimo_publicado,"[[0.5197678999975324, 28474.0], [1.0327270000125282, 27256.000000000004], [3.1120514000067487, 26366.0], [3.860773899999913, 26365.0], [4.119090200023493, 26365.0], [7.133459400007268, 26365.0], [9.507171800010838, 26365.0], [14.996557999984361, 26365.0]]",29.9929397,28.90625,0.9637684831540537,False,76.8,948.16796875,2,,,,,3882eca9dc70b2d799f0,14.996350000001257,26365.0,259.0,259.0,4.0,"{""interior"": 65, ""fronteira"": 65, ""liberacao"": 65, ""regret"": 64, ""abertura"": 0}","{""interior"": 0, ""fronteira"": 0, ""liberacao"": 0, ""regret"": 0, ""abertura"": 0}",0.3673904001771007,14.547154900035821,0.0,221.0,0.0,
holmberg_p57,holmberg,1.9749835418038184,30,200,hibridopl:rotacao,26365.0,True,-1,1,30.0,29.9839634,0.0,26039.0,26039.0,otimo_publicado,"[[0.9861052999622189, 28474.0], [1.6053846999711823, 27093.000000000004], [3.7018276999588124, 26366.0], [4.106539599975804, 26365.0], [4.257988499972271, 26365.0], [6.59610839994275, 26365.0], [8.79831899999408, 26365.0], [14.45870700001251, 26365.0]]",29.9839634,28.625,0.9546769924352295,False,76.7,921.46484375,6,,,,,3882eca9dc70b2d799f0,14.458492700010538,26365.0,263.0,263.0,4.0,"{""interior"": 66, ""fronteira"": 66, ""liberacao"": 66, ""regret"": 65, ""abertura"": 0}","{""interior"": 0, ""fronteira"": 0, ""liberacao"": 0, ""regret"": 0, ""abertura"": 0}",0.4042392995906994,15.037826099985978,0.0,225.0,0.0,
holmberg_p57,holmberg,1.9749835418038184,30,200,hibridopl:rotacao,26365.0,True,-1,2,30.0,30.0396701,0.0396700999999986,26039.0,26039.0,otimo_publicado,"[[0.717958199995337, 28474.0], [3.257604500016896, 26365.0], [3.8610359000158496, 26365.0], [6.382217900041724, 26365.0], [8.847518099995796, 26365.0], [14.245264700002735, 26365.0]]",30.0396701,27.375,0.9112949612585792,False,76.6,997.54296875,4,,,,,3882eca9dc70b2d799f0,14.244997200003127,26365.0,263.0,263.0,4.0,"{""interior"": 66, ""fronteira"": 66, ""liberacao"": 66, ""regret"": 65, ""abertura"": 0}","{""interior"": 0, ""fronteira"": 0, ""liberacao"": 0, ""regret"": 0, ""abertura"": 0}",0.3855678998224903,15.328126800013706,0.0,225.0,0.0,
holmberg_p57,holmberg,1.9749835418038184,30,200,kernel,26483.0,True,-1,0,30.0,29.0430462,0.0,26039.0,26039.0,otimo_publicado,"[[0.7460210000281222, 28148.0], [7.493320000037784, 28148.0], [24.059457300027134, 26483.0]]",29.0430462,27.71875,0.9544022968224318,False,78.1,948.16796875,2,2.0,,0.7333333333333333,2.0,3882eca9dc70b2d799f0,,,,,,,,,,,,,0.2516911000129767
holmberg_p58,holmberg,1.9749835418038184,30,200,adaptativa:gnn,39504.0,True,0,0,30.0,29.6063076,0.0,37239.0,37239.0,otimo_publicado,"[[0.6871835000056308, 43507.0], [1.1232367000193335, 41362.0], [1.2654027999960817, 40175.00000000001], [6.582338500011247, 39515.0], [6.772855199989863, 39515.0], [11.15184739997494, 39504.0], [12.99603529999149, 39504.0], [16.86171729999478, 39504.0]]",29.6063076,26.734375,0.9029959210448789,False,77.7,997.54296875,4,4.0,False,1.0,4.0,3882eca9dc70b2d799f0,,,,,,,,,,,,,
holmberg_p58,holmberg,1.9749835418038184,30,200,adaptativa:pl,37655.0,True,-1,0,30.0,28.998543,0.0,37239.0,37239.0,otimo_publicado,"[[0.6635932000062894, 39955.0], [3.5902367000235245, 37661.0], [4.398323000001255, 37656.0], [4.445831200020621, 37655.0], [4.815693000011379, 37655.0], [10.199563000031048, 37655.0], [15.389477399992757, 37655.0]]",28.998543,28.0625,0.9677210334326107,False,76.8,948.16796875,2,4.0,False,1.0,4.0,3882eca9dc70b2d799f0,,,,,,,,,,,,,
holmberg_p58,holmberg,1.9749835418038184,30,200,completo,37881.0,True,-1,0,30.0,28.9990208,0.0,37239.0,37239.0,otimo_publicado,"[[0.6340403000067454, 53882.0], [1.539247200009413, 52775.0], [2.2983442000113428, 51332.99999999999], [3.011814299999969, 51013.0], [3.024380700022448, 49513.0], [16.70851070000208, 41635.0], [19.018029700004263, 37881.0]]",28.9990208,27.828125,0.9596229194056097,False,76.7,921.46484375,6,4.0,False,1.0,1.0,3882eca9dc70b2d799f0,,,,,,,,,,,,,
holmberg_p58,holmberg,1.9749835418038184,30,200,hibrido:rotacao,38807.0,True,-1,0,30.0,30.1396476,0.13964759999999998,37239.0,37239.0,otimo_publicado,"[[0.723259299993515, 43507.0], [1.332051399978809, 41362.0], [1.4959769999841228, 40175.00000000001], [4.656823500001337, 40175.0], [7.5094093999650795, 40175.0], [9.666323199955514, 40175.0], [15.371294000011403, 40175.0], [15.50476740000886, 40150.0], [15.7101176000142, 39926.0], [16.450176800019108, 39883.0], [17.36563549999846, 39753.0], [17.405148099991493, 39680.0], [17.517807500000345, 39558.0], [17.71330040000612, 39490.0], [17.87828440000885, 39440.0], [18.02133849999518, 39290.0], [18.302966599992942, 39275.0], [19.573748299997533, 39236.0], [19.82449150001048, 39220.0], [19.962201799993636, 39165.0], [20.76806500001112, 38963.0], [20.977539100014837, 38928.0], [21.315469799999846, 38924.0], [21.8767388999986, 38867.0], [22.320783000002848, 38807.0]]",30.1396476,29.109375,0.9658167005243949,False,77.8,948.16796875,2,,,,,3882eca9dc70b2d799f0,15.370907300006365,40175.0,131.0,131.0,4.0,"{""interior"": 33, ""fronteira"": 33, ""liberacao"": 33, ""regret"": 32, ""abertura"": 0}","{""interior"": 3, ""fronteira"": 7, ""liberacao"": 7, ""regret"": 1, ""abertura"": 0}",0.1823746999434661,14.527125499967951,0.0,34.0,0.0,
holmberg_p58,holmberg,1.9749835418038184,30,200,hibrido:rotacao,38896.0,True,-1,1,30.0,29.9870498,0.0,37239.0,37239.0,otimo_publicado,"[[0.7421597999928053, 43507.0], [1.1843872999888845, 41362.0], [1.3179382999951486, 40175.00000000001], [4.130720599991037, 40175.0], [7.486603199999081, 40175.0], [9.3552865999809, 40175.0], [14.99012989999028, 40175.0], [16.0670214999991, 40097.0], [16.15155459998641, 39931.0], [16.20060620000004, 39888.0], [17.027655699988827, 39787.0], [17.984067999990657, 39780.0], [18.486117799999192, 39693.0], [18.980803599988576, 39609.0], [20.982977599982405, 39242.0], [21.466637399978936, 39215.0], [23.84139389998745, 39100.0], [23.87541069998406, 39090.0], [24.13845119997859, 39009.0], [24.549772300000768, 38937.0], [24.586519000004046, 38911.0], [25.77150909998454, 38908.0], [27.85647679999238, 38896.0]]",29.9870498,27.53125,0.9181046546299463,False,76.7,997.54296875,4,,,,,3882eca9dc70b2d799f0,14.989923699991778,40175.0,123.0,123.0,4.0,"{""interior"": 31, ""fronteira"": 31, ""liberacao"": 31, ""regret"": 30, ""abertura"": 0}","{""interior"": 4, ""fronteira"": 4, ""liberacao"": 6, ""regret"": 2, ""abertura"": 0}",0.18503009996493347,14.7594943002332,0.0,8.0,0.0,
holmberg_p58,holmberg,1.9749835418038184,30,200,hibrido:rotacao,38876.0,True,-1,2,30.0,29.9875832,0.0,37239.0,37239.0,otimo_publicado,"[[0.8298000999784563, 43507.0], [1.2696814999799244, 41362.0], [1.4015238999854773, 40175.00000000001], [4.285510799993062, 40175.0], [7.491590599966003, 40175.0], [9.249925100011751, 40175.0], [15.000196500011953, 40175.0], [15.070963500009384, 40120.0], [15.223012600006768, 39836.0], [15.486796800018055, 39752.0], [15.63232770000468, 39177.0], [15.828976600023452, 39170.0], [15.86987140000565, 39127.0], [18.068731600011233, 38976.0], [18.086878500005696, 38908.0], [18.319681599998148, 38905.0], [19.604001500003505, 38896.0], [19.619650800013915, 38884.0], [29.109346800018102, 38876.0]]",29.9875832,29.0625,0.9691511251897085,False,75.9,921.46484375,6,,,,,3882eca9dc70b2d799f0,14.999920900008874,40175.0,135.0,135.0,4.0,"{""interior"": 34, ""fronteira"": 34, ""liberacao"": 34, ""regret"": 33, ""abertura"": 0}","{""interior"": 2, ""fronteira"": 4, ""liberacao"": 4, ""regret"": 2, ""abertura"": 0}",0.19675039988942444,14.73606330002076,0.0,59.0,0.0,
holmberg_p58,holmberg,1.9749835418038184,30,200,hibridopl:rotacao,37260.0,True,-1,0,30.0,30.2316725,0.2316724999999984,37239.0,37239.0,otimo_publicado,"[[0.5996712000051048, 39955.0], [3.798162599996431, 37661.0], [4.367754500010051, 37661.0], [7.645302400022047, 37661.0], [9.498397200019099, 37661.0], [15.233409799984656, 37661.0], [15.733586999995168, 37450.0], [15.7617396999849, 37410.0], [17.324721099983435, 37409.0], [17.8691845999856, 37369.0], [18.332795899972552, 37352.0], [24.575826299987966, 37329.0], [24.717803399980767, 37298.0], [25.480966599978274, 37260.0]]",30.2316725,28.890625,0.9556409755365006,False,76.8,948.16796875,2,,,,,3882eca9dc70b2d799f0,15.232989999989513,37661.0,159.0,159.0,4.0,"{""interior"": 40, ""fronteira"": 40, ""liberacao"": 40, ""regret"": 39, ""abertura"": 0}","{""interior"": 0, ""fronteira"": 3, ""liberacao"": 3, ""regret"": 2, ""abertura"": 0}",0.23177129999385215,14.703065199952107,0.0,52.0,0.0,
holmberg_p58,holmberg,1.9749835418038184,30,200,hibridopl:rotacao,37352.0,True,-1,1,30.0,30.040937,0.04093699999999956,37239.0,37239.0,otimo_publicado,"[[0.7337991000094917, 39955.0], [3.232641300011892, 38034.0], [3.3347201000142377, 37673.0], [4.228162599989446, 37673.0], [7.188008199998876, 37673.0], [9.254931900009979, 37673.0], [15.039142299996456, 37673.0], [17.55509670000174, 37526.0], [19.039301500015426, 37493.0], [19.37956940001459, 37425.0], [19.489229400001932, 37385.0], [19.61153279998689, 37376.0], [19.75606390001485, 37352.0]]",30.040937,28.890625,0.9617085179466939,False,77.9,921.46484375,6,,,,,3882eca9dc70b2d799f0,15.038862299988978,37673.0,91.0,91.0,4.0,"{""interior"": 23, ""fronteira"": 23, ""liberacao"": 23, ""regret"": 22, ""abertura"": 0}","{""interior"": 0, ""fronteira"": 2, ""liberacao"": 2, ""regret"": 2, ""abertura"": 0}",0.14635109988739714,14.8121872000047,0.0,30.0,0.0,
holmberg_p58,holmberg,1.9749835418038184,30,200,hibridopl:rotacao,37239.0,True,-1,2,30.0,30.004042,0.004041999999998325,37239.0,37239.0,otimo_publicado,"[[0.7030780999630224, 39955.0], [3.495799199969042, 37673.0], [4.167164399957983, 37673.0], [7.1384397999499924, 37673.0], [9.462138599948958, 37673.0], [14.997607900004368, 37673.0], [15.11666420000256, 37661.0], [15.307455000001937, 37450.0], [15.717144599999301, 37423.0], [15.778489299991634, 37383.0], [16.094787999987602, 37374.0], [17.99537859999691, 37364.0], [18.364732099988032, 37354.0], [18.549174099985976, 37329.0], [18.620433500007493, 37317.0], [19.022002799989423, 37254.0], [22.990975099994102, 37239.0]]",30.004042,27.609375,0.9201885199334143,False,77.2,997.54296875,4,,,,,3882eca9dc70b2d799f0,14.997243099991465,37673.0,107.0,107.0,4.0,"{""interior"": 27, ""fronteira"": 27, ""liberacao"": 27, ""regret"": 26, ""abertura"": 0}","{""interior"": 1, ""fronteira"": 3, ""liberacao"": 6, ""regret"": 1, ""abertura"": 0}",0.1631172001361847,14.795628300111275,0.0,29.0,0.0,
holmberg_p58,holmberg,1.9749835418038184,30,200,kernel,37526.0,True,-1,0,30.0,28.9948392,0.0,37239.0,37239.0,otimo_publicado,"[[1.1598778999759816, 45234.0], [7.214331099996343, 45234.0], [23.778530199982924, 41635.0], [25.852974199980963, 37526.0]]",28.9948392,27.984375,0.9651502050751156,False,76.8,921.46484375,6,2.0,,0.7666666666666667,2.0,3882eca9dc70b2d799f0,,,,,,,,,,,,,0.25773889999254607
holmberg_p59,holmberg,1.9749835418038184,30,200,adaptativa:gnn,31123.0,True,0,0,30.0,30.0142353,0.014235299999999285,27282.0,27282.0,otimo_publicado,"[[0.9341330000024755, 32910.0], [6.880739200016251, 31123.0], [7.186293399980059, 31123.0], [13.201633299991954, 31123.0], [17.26073280000128, 31123.0]]",30.0142353,28.921875,0.9636052596682348,False,81.6,948.16796875,2,4.0,False,1.0,4.0,3882eca9dc70b2d799f0,,,,,,,,,,,,,
holmberg_p59,holmberg,1.9749835418038184,30,200,adaptativa:pl,27282.0,True,-1,0,30.0,29.2724419,0.0,27282.0,27282.0,otimo_publicado,"[[0.886990800005151, 84850.0], [1.2381837000139058, 31551.000000000007], [1.4918061000062153, 30005.99999999999], [1.5999503000057302, 28086.99999999998], [2.0912202000035904, 27987.0], [2.49512620002497, 27678.99999999999], [2.831608500011498, 27672.999999999978], [3.3763294000236783, 27282.0], [7.378601800039178, 27282.0], [13.590870000043651, 27282.0], [17.579936000023736, 27282.0]]",29.2724419,27.984375,0.9559972856244698,False,76.5,921.46484375,6,4.0,False,1.0,4.0,3882eca9dc70b2d799f0,,,,,,,,,,,,,
holmberg_p59,holmberg,1.9749835418038184,30,200,completo,27301.0,True,-1,0,30.0,28.7194201,0.0,27282.0,27282.0,otimo_publicado,"[[0.8937926999933552, 39121.0], [1.452698999986751, 38034.99999999999], [2.024920600000769, 36312.000000000015], [4.022450499993283, 35542.99999999997], [5.209721099992748, 35003.00000000001], [15.327729899989208, 27301.0]]",28.7194201,27.84375,0.969509478361647,False,76.0,948.16796875,2,1.0,False,1.0,1.0,3882eca9dc70b2d799f0,,,,,,,,,,,,,
holmberg_p59,holmberg,1.9749835418038184,30,200,hibrido:rotacao,27895.0,True,-1,0,30.0,29.9879551,0.0,27282.0,27282.0,otimo_publicado,"[[1.012560899980599, 32910.0], [4.482652399979997, 32910.0], [7.4115963999938685, 32910.0], [8.033175399992615, 32116.0], [8.878241699974751, 31715.99999999999], [9.502981399971759, 31716.0], [15.25951969999005, 31716.0], [15.329987599980086, 31699.0], [15.969633999979123, 31596.0], [16.32318189999205, 31364.0], [17.245969899988268, 30501.0], [17.275739399978193, 30401.0], [17.30959150000126, 30382.0], [17.35186789999716, 30338.0], [18.245661499997368, 30005.0], [18.28483910000068, 29651.0], [18.99731459998293, 29577.0], [19.085914399998728, 29415.0], [19.27677820000099, 29368.0], [19.438536999979988, 29228.0], [19.88172599999234, 28927.0], [19.926925499981735, 28926.0], [19.955954000004567, 28881.0], [20.004341599997133, 28850.0], [20.170737899985397, 28785.0], [20.217241399979685, 28736.0], [20.285926299984567, 28717.0], [20.498789999983273, 28688.0], [20.96361710000201, 28673.0], [21.173144300002605, 28615.0], [21.190531400003238, 28494.0], [21.354012800002238, 28259.0], [21.37022379998234, 28212.0], [21.42493179999292, 28205.0], [21.515793700003996, 28147.0], [21.726833299995633, 28140.0], [21.83704729998135, 28132.0], [22.263997000001837, 28131.0], [23.183286399987992, 28096.0], [25.24661410000408, 28046.0], [25.605994599987753, 28024.0], [25.664807099994505, 27904.0], [26.07272060000105, 27895.0]]",29.9879551,28.953125,0.965491808409437,False,76.1,921.46484375,6,,,,,3882eca9dc70b2d799f0,15.259184099995764,31716.0,175.0,175.0,4.0,"{""interior"": 44, ""fronteira"": 44, ""liberacao"": 44, ""regret"": 43, ""abertura"": 0}","{""interior"": 6, ""fronteira"": 10, ""liberacao"": 9, ""regret"": 11, ""abertura"": 0}",0.2573926998884417,14.41088190022856,0.0,31.0,0.0,
holmberg_p59,holmberg,1.9749835418038184,30,200,hibrido:rotacao,28535.0,True,-1,1,30.0,29.9738426,0.0,27282.0,27282.0,otimo_publicado,"[[0.5928439999988768, 32910.0], [4.335877500008792, 32910.0], [7.23442399999476, 32910.0], [7.7652497999952175, 32116.0], [8.420949199993629, 31715.99999999999], [9.283009200007655, 31716.0], [15.03921519999858, 31716.0], [16.017219500005012, 31122.0], [16.037869599997066, 30701.0], [16.107783199986443, 30651.0], [16.14890520001063, 30419.0], [16.60670440000831, 29585.0], [16.642037999990862, 29472.0], [16.849183599988464, 29227.0], [16.916297899995698, 29206.0], [17.280563300009817, 28941.0], [17.335973400011426, 28592.0], [19.02071199999773, 28569.0], [19.0431231999828, 28554.0], [19.53345519999857, 28535.0]]",29.9738426,27.609375,0.9211156330019562,False,75.3,997.54296875,4,,,,,3882eca9dc70b2d799f0,15.038842899986776,31716.0,163.0,163.0,4.0,"{""interior"": 41, ""fronteira"": 41, ""liberacao"": 41, ""regret"": 40, ""abertura"": 0}","{""interior"": 3, ""fronteira"": 2, ""liberacao"": 6, ""regret"": 2, ""abertura"": 0}",0.26867160003166646,14.59271619989886,0.0,96.0,0.0,
holmberg_p59,holmberg,1.9749835418038184,30,200,hibrido:rotacao,28112.0,True,-1,2,30.0,30.0337106,0.03371059999999915,27282.0,27282.0,otimo_publicado,"[[0.7529001999937464, 32910.0], [4.444266000005882, 32910.0], [7.6223607000138145, 32910.0], [8.319273700006306, 32116.0], [9.05773020000197, 31715.99999999999], [9.556380299996817, 31716.0], [15.28519269998651, 31716.0], [15.340802999999141, 31541.0], [16.096937700000126, 31176.0], [16.339153300010366, 31095.0], [17.223801099986304, 30270.0], [17.272226100001717, 30266.0], [17.348568999994313, 29637.0], [17.376018100010697, 29449.0], [17.39020460000029, 29311.0], [17.506721100013237, 29206.0], [18.282054699986475, 29126.0], [18.96061139999074, 29116.0], [21.55828759999713, 28693.0], [21.842218700010562, 28638.0], [21.8607878999901, 28627.0], [23.65367279999191, 28605.0], [26.257538600009866, 28577.0], [27.33971850000671, 28508.0], [27.354901299986523, 28445.0], [27.401312200003304, 28359.0], [27.988941599993268, 28195.0], [28.200069000013173, 28144.0], [28.788858299987623, 28138.0], [28.825256200012518, 28112.0]]",30.0337106,28.71875,0.9562171781731159,False,76.1,921.46484375,6,,,,,3882eca9dc70b2d799f0,15.284956599993166,31716.0,127.0,127.0,4.0,"{""interior"": 32, ""fronteira"": 32, ""liberacao"": 32, ""regret"": 31, ""abertura"": 0}","{""interior"": 5, ""fronteira"": 5, ""liberacao"": 10, ""regret"": 3, ""abertura"": 0}",0.17997250010375865,14.519709600077476,0.0,17.0,0.0,
holmberg_p59,holmberg,1.9749835418038184,30,200,hibridopl:rotacao,27282.0,True,-1,0,30.0,29.9554893,0.0,27282.0,27282.0,otimo_publicado,"[[0.8130150999932084, 84850.0], [1.084631999983685, 31551.000000000007], [1.311063799978001, 30005.99999999999], [1.4225745999719948, 28086.99999999998], [1.7505172999808565, 27987.0], [2.038061099970946, 27678.99999999999], [2.2806499999715015, 27672.999999999978], [3.079338999988977, 27282.0], [3.9004508999933023, 27282.0], [7.0353580999944825, 27282.0], [9.099351099983323, 27282.0], [14.700628899998264, 27282.0]]",29.9554893,28.546875,0.9529764215869443,False,76.2,948.16796875,2,,,,,3882eca9dc70b2d799f0,14.70039889999316,27282.0,377.0,377.0,4.0,"{""interior"": 95, ""fronteira"": 94, ""liberacao"": 94, ""regret"": 94, ""abertura"": 0}","{""interior"": 0, ""fronteira"": 0, ""liberacao"": 0, ""regret"": 0, ""abertura"": 0}",0.5229558995633852,14.622434999997495,0.0,339.0,0.0,
holmberg_p59,holmberg,1.9749835418038184,30,200,hibridopl:rotacao,27282.0,True,-1,1,30.0,29.9871747,0.0,27282.0,27282.0,otimo_publicado,"[[0.6972840999660548, 84850.0], [0.9625310999690555, 30883.000000000007], [1.2333284999767784, 30381.99999999999], [1.6550068999640644, 30146.00000000001], [1.8194180999707896, 29539.000000000004], [1.904380499967374, 28063.0], [2.1594330999650992, 27678.99999999999], [3.405773099977523, 27312.0], [4.025247399986256, 27282.0], [4.163457999995444, 27282.0], [7.43582859999151, 27282.0], [9.317837899987353, 27282.0], [15.057525100011844, 27282.0]]",29.9871747,27.25,0.9087218209990287,False,77.2,997.54296875,4,,,,,3882eca9dc70b2d799f0,15.057071499992162,27282.0,335.0,335.0,4.0,"{""interior"": 84, ""fronteira"": 84, ""liberacao"": 84, ""regret"": 83, ""abertura"": 0}","{""interior"": 0, ""fronteira"": 0, ""liberacao"": 0, ""regret"": 0, ""abertura"": 0}",0.5013364998158067,14.309031699900515,0.0,297.0,0.0,
holmberg_p59,holmberg,1.9749835418038184,30,200,hibridopl:rotacao,27282.0,True,-1,2,30.0,29.9681122,0.0,27282.0,27282.0,otimo_publicado,"[[0.6799526000395417, 84850.0], [0.9980236000264995, 31498.000000000007], [1.3065739000448957, 30611.99999999999], [1.4398863000387792, 28224.99999999998], [1.9616567000339273, 28063.0], [2.243110700044781, 27678.99999999999], [3.2699275000195485, 27312.0], [3.890011100040283, 27282.0], [4.031881500064628, 27282.0], [6.415653900039615, 27282.0], [8.304727700015064, 27282.0], [15.098607499996433, 27282.0]]",29.9681122,27.734375,0.9254628658257626,False,75.9,997.54296875,4,,,,,3882eca9dc70b2d799f0,15.098218900006032,27282.0,339.0,339.0,4.0,"{""interior"": 85, ""fronteira"": 85, ""liberacao"": 85, ""regret"": 84, ""abertura"": 0}","{""interior"": 0, ""fronteira"": 0, ""liberacao"": 0, ""regret"": 0, ""abertura"": 0}",0.5107869998901151,14.246622300008312,0.0,301.0,0.0,
holmberg_p59,holmberg,1.9749835418038184,30,200,kernel,27298.0,True,-1,0,30.0,28.9898511,0.0,27282.0,27282.0,otimo_publicado,"[[0.475286499975482, 29388.0], [1.6377339999889955, 29323.999999999996], [2.1355152999749407, 28816.99999999999], [2.5892120999924373, 28227.000000000025], [7.372466599976178, 28227.0], [17.001438599982066, 27301.0], [22.46432429997367, 27299.0], [27.06957089997013, 27298.0]]",28.9898511,27.546875,0.9502247840107051,False,82.3,921.46484375,6,2.0,,0.6,2.0,3882eca9dc70b2d799f0,,,,,,,,,,,,,0.17251629999373108
holmberg_p6,holmberg,1.3736263736263736,10,50,adaptativa:gnn,7777.0,True,0,0,30.0,1.3080417,0.0,7777.0,7777.0,otimo_publicado,"[[0.07200549999834038, 10266.0], [0.42230139998719096, 9869.999999999998], [0.7802736999874469, 9143.0], [0.8908373999875039, 9143.0], [1.0526141999580432, 9143.0], [1.2451416999683715, 9143.0], [1.2749382999609224, 8092.0], [1.298151799972402, 7780.999999999999], [1.3060093999665696, 7777.0]]",1.3080417,1.265625,0.9675723640920622,False,81.6,948.16796875,2,4.0,True,1.0,4.0,3882eca9dc70b2d799f0,,,,,,,,,,,,,
holmberg_p6,holmberg,1.3736263736263736,10,50,adaptativa:pl,7777.0,True,-1,0,30.0,0.2952056,0.0,7777.0,7777.0,otimo_publicado,"[[0.05196880002040416, 23643.0], [0.05385360002401285, 9266.0], [0.07163770002080128, 8248.0], [0.07875940002850257, 7973.0], [0.10639170001377352, 7973.0], [0.15754899999592453, 7973.0], [0.21774430002551526, 7973.0], [0.2656868000049144, 7836.999999999999], [0.27392210002290085, 7776.999999999999]]",0.2952056,0.25,0.8468674035993897,True,67.5,997.54296875,4,4.0,True,1.0,4.0,3882eca9dc70b2d799f0,,,,,,,,,,,,,
holmberg_p6,holmberg,1.3736263736263736,10,50,completo,7777.0,True,-1,0,30.0,0.0942458,0.0,7777.0,7777.0,otimo_publicado,"[[0.06138570001348853, 8092.0], [0.08416650001890957, 7780.999999999999], [0.09164660001988523, 7777.0]]",0.0942458,0.09375,0.9947392881168179,False,67.3,948.16796875,2,1.0,True,1.0,1.0,3882eca9dc70b2d799f0,,,,,,,,,,,,,
holmberg_p6,holmberg,1.3736263736263736,10,50,hibrido:rotacao,7777.0,True,-1,0,30.0,29.9748335,0.0,7777.0,7777.0,otimo_publicado,"[[0.052520399942295626, 10266.0], [0.3150377999409102, 9869.999999999998], [0.607077099964954, 9143.0], [0.6745510000037029, 9143.0], [0.8138469999830704, 9143.0], [0.9460067999898456, 9143.0], [0.9759651999920607, 8092.0], [1.0008581999863964, 7780.999999999999], [1.0066064999846276, 7777.0], [1.0078896999766584, 7777.0]]",29.9748335,28.71875,0.958095396926892,False,77.5,948.16796875,2,,,,,3882eca9dc70b2d799f0,1.0076997999858577,7777.0,954.0,954.0,4.0,"{""interior"": 239, ""fronteira"": 239, ""liberacao"": 238, ""regret"": 238, ""abertura"": 0}","{""interior"": 0, ""fronteira"": 0, ""liberacao"": 0, ""regret"": 0, ""abertura"": 0}",0.9903673997614533,27.750446899270173,0.0,935.0,0.0,
holmberg_p6,holmberg,1.3736263736263736,10,50,hibrido:rotacao,7777.0,True,-1,1,30.0,29.9710111,0.0,7777.0,7777.0,otimo_publicado,"[[0.0680698000069242, 10266.0], [0.35506529998383485, 9957.999999999998], [0.4494513999961782, 9869.999999999998], [0.8605640000023413, 9143.0], [0.9487948999740183, 9143.0], [1.1071587999758776, 9143.0], [1.312323699996341, 9143.0], [1.3437260999926366, 8092.0], [1.3730457999918144, 7853.000000000001], [1.3794552000181284, 7777.0], [1.3807571000070311, 7777.0]]",29.9710111,28.609375,0.954568229431539,False,78.9,921.46484375,6,,,,,3882eca9dc70b2d799f0,1.3804937000095379,7777.0,931.0,931.0,4.0,"{""interior"": 233, ""fronteira"": 233, ""liberacao"": 233, ""regret"": 232, ""abertura"": 0}","{""interior"": 0, ""fronteira"": 0, ""liberacao"": 0, ""regret"": 0, ""abertura"": 0}",0.9827504004642833,27.386100200383225,0.0,912.0,0.0,
holmberg_p6,holmberg,1.3736263736263736,10,50,hibrido:rotacao,7777.0,True,-1,2,30.0,29.9689288,0.0,7777.0,7777.0,otimo_publicado,"[[0.05954410001868382, 10266.0], [0.39995920000365004, 9869.999999999998], [0.8418516000092495, 9143.0], [0.9394737999828067, 9143.0], [1.092966800002614, 9143.0], [1.2831183999951463, 9143.0], [1.306358400004683, 8092.0], [1.332362999994075, 7853.000000000001], [1.342078899993794, 7777.0], [1.344260599988047, 7777.0]]",29.9689288,28.4375,0.948899448151113,False,77.5,921.46484375,6,,,,,3882eca9dc70b2d799f0,1.3438844000047538,7777.0,954.0,954.0,4.0,"{""interior"": 239, ""fronteira"": 239, ""liberacao"": 238, ""regret"": 238, ""abertura"": 0}","{""interior"": 0, ""fronteira"": 0, ""liberacao"": 0, ""regret"": 0, ""abertura"": 0}",1.0113215000892524,27.377863100002287,0.0,935.0,0.0,
holmberg_p6,holmberg,1.3736263736263736,10,50,hibridopl:rotacao,7777.0,True,-1,0,30.0,29.9587142,0.0,7777.0,7777.0,otimo_publicado,"[[0.050285000004805624, 23643.0], [0.05225670000072569, 9266.0], [0.08033270001760684, 8248.0], [0.09071240000776015, 7973.0], [0.1297029000124894, 7973.0], [0.18938960001105443, 7973.0], [0.26319929998135194, 7973.0], [0.3068526999850292, 7836.999999999999], [0.3108893999888096, 7776.999999999999], [0.3191133000073023, 7777.0]]",29.9587142,28.640625,0.9560031451550081,False,78.4,948.16796875,2,,,,,3882eca9dc70b2d799f0,0.3188984000007622,7777.0,959.0,959.0,4.0,"{""interior"": 240, ""fronteira"": 240, ""liberacao"": 240, ""regret"": 239, ""abertura"": 0}","{""interior"": 0, ""fronteira"": 0, ""liberacao"": 0, ""regret"": 0, ""abertura"": 0}",0.9855187003558967,28.431758000078844,0.0,940.0,0.0,
holmberg_p6,holmberg,1.3736263736263736,10,50,hibridopl:rotacao,7777.0,True,-1,1,30.0,29.9698924,0.0,7777.0,7777.0,otimo_publicado,"[[0.10310529998969287, 23643.0], [0.1070346999913454, 9266.0], [0.14997339999536052, 8248.0], [0.16191960001015104, 7973.0], [0.22031919998698868, 7973.0], [0.3452487999747973, 7973.0], [0.4232817000010982, 7973.0], [0.4638392000051681, 7836.999999999999], [0.4680708000087179, 7776.999999999999], [0.4764216000039596, 7777.0]]",29.9698924,27.359375,0.9128953362541936,False,77.0,997.54296875,4,,,,,3882eca9dc70b2d799f0,0.47618950001196936,7777.0,945.0,945.0,4.0,"{""interior"": 237, ""fronteira"": 236, ""liberacao"": 236, ""regret"": 236, ""abertura"": 0}","{""interior"": 0, ""fronteira"": 0, ""liberacao"": 0, ""regret"": 0, ""abertura"": 0}",1.0309780007228255,28.231951800116803,0.0,926.0,0.0,
holmberg_p6,holmberg,1.3736263736263736,10,50,hibridopl:rotacao,7777.0,True,-1,2,30.0,30.0319756,0.031975599999999105,7777.0,7777.0,otimo_publicado,"[[0.13313549998565577, 23643.0], [0.13744509997195564, 9266.0], [0.17183489998569712, 8248.0], [0.18250899997656234, 7973.0], [0.2270958999870345, 7973.0], [0.36055149996536784, 7973.0], [0.4964196999790147, 7973.0], [0.5907026999921072, 7836.999999999999], [0.5975651999760885, 7825.0], [0.5983909999777097, 7776.999999999999], [0.6107969000004232, 7777.0]]",30.0319756,27.328125,0.9099676079917965,False,77.7,997.54296875,4,,,,,3882eca9dc70b2d799f0,0.6105873000051361,7777.0,958.0,958.0,4.0,"{""interior"": 240, ""fronteira"": 240, ""liberacao"": 239, ""regret"": 239, ""abertura"": 0}","{""interior"": 0, ""fronteira"": 0, ""liberacao"": 0, ""regret"": 0, ""abertura"": 0}",1.0173632002843078,28.162829000415513,0.0,939.0,0.0,
holmberg_p6,holmberg,1.3736263736263736,10,50,kernel,7777.0,True,-1,0,30.0,0.2739663,0.0,7777.0,7777.0,otimo_publicado,"[[0.07196110000950284, 8322.0], [0.11077580001438037, 7780.999999999999], [0.1212064000137616, 7777.0], [0.17915360000915825, 7777.0]]",0.2739663,0.25,0.9125209925454335,False,96.1,997.54296875,4,2.0,,0.9,2.0,3882eca9dc70b2d799f0,,,,,,,,,,,,,0.013807300012558699
holmberg_p60,holmberg,2.9624753127057275,30,200,adaptativa:gnn,20534.0,True,0,0,30.0,5.5441176,0.0,20534.0,20534.0,otimo_publicado,"[[0.515751100028865, 23020.0], [0.6526100000191946, 22767.000000000004], [1.0451419000164606, 22466.0], [1.2273294999904465, 22466.0], [1.9849138999998104, 22466.0], [3.9733765000128187, 22249.999999999996], [4.043545400025323, 22002.0], [4.82223960000556, 22002.0], [5.521272200014209, 20534.0]]",5.5441176,5.203125,0.938494702926215,False,80.4,921.46484375,6,4.0,True,1.0,4.0,3882eca9dc70b2d799f0,,,,,,,,,,,,,
holmberg_p60,holmberg,2.9624753127057275,30,200,adaptativa:pl,20534.0,True,-1,0,30.0,2.6011031,0.0,20534.0,20534.0,otimo_publicado,"[[0.36868019998655654, 22176.0], [0.44143379997694865, 21746.000000000004], [0.47370639999280684, 21567.999999999996], [0.49622529998305254, 21566.0], [0.6312554999894928, 21566.0], [0.8981622999999672, 21471.999999999996], [0.9192621000111103, 21470.000000000004], [1.3772336000110954, 21470.0], [1.6284734000219032, 21189.0], [1.7580315000377595, 20534.0], [2.0527145999949425, 20534.0]]",2.6011031,2.53125,0.973144816904797,False,68.6,921.46484375,6,4.0,True,1.0,4.0,3882eca9dc70b2d799f0,,,,,,,,,,,,,
holmberg_p60,holmberg,2.9624753127057275,30,200,completo,20534.0,True,-1,0,30.0,1.16879,0.0,20534.0,20534.0,otimo_publicado,"[[0.8922632999892812, 23882.0], [1.146553099999437, 20534.0]]",1.16879,1.125,0.9625339025830132,False,86.7,921.46484375,6,1.0,True,1.0,1.0,3882eca9dc70b2d799f0,,,,,,,,,,,,,
holmberg_p60,holmberg,2.9624753127057275,30,200,hibrido:rotacao,20534.0,True,-1,0,30.0,29.9506657,0.0,20534.0,20534.0,otimo_publicado,"[[0.5010431999980938, 23020.0], [0.6053722999931779, 22767.000000000004], [0.9674118999973871, 22466.0], [1.2066401000192855, 22466.0], [1.9697508999961428, 22466.0], [3.855853799992474, 22249.999999999996], [3.9489826999779325, 22002.0], [4.454621699987911, 22002.0], [5.017206399992574, 20534.0], [5.029069600015646, 20534.0]]",29.9506657,28.25,0.9432177662748912,False,76.6,921.46484375,6,,,,,3882eca9dc70b2d799f0,5.028831000003265,20534.0,744.0,744.0,4.0,"{""interior"": 186, ""fronteira"": 186, ""liberacao"": 186, ""regret"": 186, ""abertura"": 0}","{""interior"": 0, ""fronteira"": 0, ""liberacao"": 0, ""regret"": 0, ""abertura"": 0}",1.2717353997577447,23.447464499709895,0.0,679.0,0.0,
holmberg_p60,holmberg,2.9624753127057275,30,200,hibrido:rotacao,20534.0,True,-1,1,30.0,29.9578214,0.0,20534.0,20534.0,otimo_publicado,"[[0.47671649997937493, 23020.0], [0.6096544999745674, 22767.000000000004], [0.9170464999624528, 22466.0], [1.0747129999799654, 22466.0], [1.9148191999993287, 22466.0], [3.8301318000012543, 22249.999999999996], [3.92231989998254, 22002.0], [4.369430599996122, 22002.0], [4.954534499993315, 20534.0], [4.969856100011384, 20534.0]]",29.9578214,28.6875,0.9575963357602499,False,76.7,839.55078125,2,,,,,3882eca9dc70b2d799f0,4.969626800011611,20534.0,710.0,710.0,4.0,"{""interior"": 178, ""fronteira"": 178, ""liberacao"": 177, ""regret"": 177, ""abertura"": 0}","{""interior"": 0, ""fronteira"": 0, ""liberacao"": 0, ""regret"": 0, ""abertura"": 0}",1.1826717998774257,23.624762700259453,0.0,635.0,0.0,
holmberg_p60,holmberg,2.9624753127057275,30,200,hibrido:rotacao,20534.0,True,-1,2,30.0,29.9690561,0.0,20534.0,20534.0,otimo_publicado,"[[0.43843749997904524, 23020.0], [0.5542795999790542, 22767.000000000004], [0.8737137999851257, 22466.0], [1.040685999993002, 22466.0], [2.217929600010393, 22466.0], [4.145474999997532, 22249.999999999996], [4.226500599994324, 22002.0], [4.59387929996592, 22002.0], [5.457619899971178, 20534.0], [5.476088099996559, 20534.0]]",29.9690561,29.015625,0.9681861485120313,False,77.7,839.55078125,2,,,,,3882eca9dc70b2d799f0,5.4758820999995805,20534.0,715.0,715.0,4.0,"{""interior"": 179, ""fronteira"": 179, ""liberacao"": 179, ""regret"": 178, ""abertura"": 0}","{""interior"": 0, ""fronteira"": 0, ""liberacao"": 0, ""regret"": 0, ""abertura"": 0}",1.2240753998921718,23.079916099784896,0.0,659.0,0.0,
holmberg_p60,holmberg,2.9624753127057275,30,200,hibridopl:rotacao,20534.0,True,-1,0,30.0,29.9550855,0.0,20534.0,20534.0,otimo_publicado,"[[0.3675232999958098, 22176.0], [0.4565184999955818, 21746.000000000004], [0.4858591000083834, 21567.999999999996], [0.5062800000014249, 21566.0], [0.6902553999971133, 21566.0], [0.9335707999707665, 21471.999999999996], [0.9563821999763604, 21470.000000000004], [1.3212315999844577, 21470.0], [1.511032599984901, 21189.0], [1.6461319999943953, 20534.0], [1.9263932000030763, 20534.0], [2.505248400004348, 20534.0]]",29.9550855,27.390625,0.9143898120404297,False,77.1,997.54296875,4,,,,,3882eca9dc70b2d799f0,2.5049314000061713,20534.0,777.0,777.0,4.0,"{""interior"": 195, ""fronteira"": 194, ""liberacao"": 194, ""regret"": 194, ""abertura"": 0}","{""interior"": 0, ""fronteira"": 0, ""liberacao"": 0, ""regret"": 0, ""abertura"": 0}",1.3646307008166332,25.879134799994063,0.0,711.0,0.0,
holmberg_p60,holmberg,2.9624753127057275,30,200,hibridopl:rotacao,20534.0,True,-1,1,30.0,29.954276,0.0,20534.0,20534.0,otimo_publicado,"[[0.3870996999903582, 22176.0], [0.4577205999812577, 21746.000000000004], [0.5077538999903481, 21619.0], [0.5227262999978848, 21566.0], [0.67867729999125, 21566.0], [0.9557216999819502, 21523.0], [0.9698872999870218, 21470.0], [1.2471669999940787, 21470.0], [1.5115710999816656, 21189.0], [1.6824550999735948, 20534.0], [2.208317899989197, 20534.0], [2.9301627000095323, 20534.0]]",29.954276,27.5,0.918065921539883,False,77.2,997.54296875,4,,,,,3882eca9dc70b2d799f0,2.929935899999691,20534.0,736.0,736.0,4.0,"{""interior"": 184, ""fronteira"": 184, ""liberacao"": 184, ""regret"": 184, ""abertura"": 0}","{""interior"": 0, ""fronteira"": 0, ""liberacao"": 0, ""regret"": 0, ""abertura"": 0}",1.316574599739397,25.508953099662904,0.0,660.0,0.0,
holmberg_p60,holmberg,2.9624753127057275,30,200,hibridopl:rotacao,20534.0,True,-1,2,30.0,29.9787929,0.0,20534.0,20534.0,otimo_publicado,"[[0.39603030000580475, 22176.0], [0.46756349998759106, 21746.000000000004], [0.49439239999628626, 21567.999999999996], [0.5316326000029221, 21566.0], [0.7970821000053547, 21566.0], [1.036746800004039, 21470.0], [1.2667811999854166, 21470.0], [1.4493808999832254, 21189.0], [1.5686730000015814, 20534.0], [1.9279480000259355, 20534.0], [2.499160600011237, 20534.0]]",29.9787929,27.15625,0.905848680785276,False,75.9,997.54296875,4,,,,,3882eca9dc70b2d799f0,2.4988252999901306,20534.0,779.0,779.0,4.0,"{""interior"": 195, ""fronteira"": 195, ""liberacao"": 195, ""regret"": 194, ""abertura"": 0}","{""interior"": 0, ""fronteira"": 0, ""liberacao"": 0, ""regret"": 0, ""abertura"": 0}",1.3616163002152462,25.90793700038921,0.0,720.0,0.0,
holmberg_p60,holmberg,2.9624753127057275,30,200,kernel,20534.0,True,-1,0,30.0,1.85374,0.0,20534.0,20534.0,otimo_publicado,"[[0.5957774000125937, 20776.0], [0.7278791000135243, 20534.0], [1.1956029000284616, 20534.0]]",1.85374,1.765625,0.9524663652939462,False,83.0,921.46484375,6,2.0,,0.5,2.0,3882eca9dc70b2d799f0,,,,,,,,,,,,,0.23016800000914373
holmberg_p61,holmberg,2.9624753127057275,30,200,adaptativa:gnn,24454.0,True,0,0,30.0,5.7144015,0.0,24454.0,24454.0,otimo_publicado,"[[0.7474312999693211, 27220.0], [0.8726576999761164, 26703.999999999996], [0.9341857999679632, 26100.00000000001], [0.9779138999874704, 25797.999999999996], [1.0505597999726888, 25778.0], [1.0764940999797545, 25766.0], [1.2818314999749418, 25766.0], [1.8882979999762028, 25766.0], [4.262294899992412, 25313.0], [4.77333499994711, 25313.0], [5.686160499957623, 24454.0]]",5.7144015,5.03125,0.8804509098634389,True,79.9,997.54296875,4,4.0,True,1.0,4.0,3882eca9dc70b2d799f0,,,,,,,,,,,,,
holmberg_p61,holmberg,2.9624753127057275,30,200,adaptativa:pl,24454.0,True,-1,0,30.0,6.7587321,0.0,24454.0,24454.0,otimo_publicado,"[[0.5137087999901269, 28382.0], [1.0698305999685545, 26623.000000000004], [2.0731985999736935, 25994.99999999999], [3.5591412999783643, 25409.0], [4.697352099989075, 25409.0], [4.823293499997817, 25016.0], [4.938817599992035, 24755.999999999996], [4.9858266999945045, 24454.0], [5.295481299981475, 24454.0], [6.061009299999569, 24454.0]]",6.7587321,6.453125,0.9547833683184455,False,80.5,921.46484375,6,4.0,True,1.0,4.0,3882eca9dc70b2d799f0,,,,,,,,,,,,,
holmberg_p61,holmberg,2.9624753127057275,30,200,completo,24454.0,True,-1,0,30.0,1.1172112,0.0,24454.0,24454.0,otimo_publicado,"[[0.7370600000140257, 32882.0], [0.9568613000155892, 26381.999999999996], [1.0885837000096217, 24454.0]]",1.1172112,1.109375,0.9929859278174082,False,66.4,921.46484375,6,1.0,True,1.0,1.0,3882eca9dc70b2d799f0,,,,,,,,,,,,,
holmberg_p61,holmberg,2.9624753127057275,30,200,hibrido:rotacao,24454.0,True,-1,0,30.0,29.992984,0.0,24454.0,24454.0,otimo_publicado,"[[0.5402908000105526, 27220.0], [0.6560475000005681, 26703.999999999996], [0.7239711000001989, 26100.00000000001], [0.7876183000043966, 25797.999999999996], [0.901284299994586, 25778.0], [0.9470605000096839, 25766.0], [1.2210823000350501, 25766.0], [1.8748904000094626, 25766.0], [4.357044000033056, 25313.0], [5.208550700015621, 25313.0], [5.942522400000598, 24454.0], [5.95504980001715, 24454.0]]",29.992984,27.328125,0.9111505877507886,False,77.7,997.54296875,4,,,,,3882eca9dc70b2d799f0,5.954834500007564,24454.0,539.0,539.0,4.0,"{""interior"": 135, ""fronteira"": 135, ""liberacao"": 135, ""regret"": 134, ""abertura"": 0}","{""interior"": 0, ""fronteira"": 0, ""liberacao"": 0, ""regret"": 0, ""abertura"": 0}",1.5361924997123424,22.350521299871616,0.0,387.0,0.0,
holmberg_p61,holmberg,2.9624753127057275,30,200,hibrido:rotacao,24454.0,True,-1,1,30.0,29.9886516,0.0,24454.0,24454.0,otimo_publicado,"[[0.47611749995849095, 27220.0], [0.5884892999602016, 26703.999999999996], [0.6473185999784619, 26100.00000000001], [0.7151448999647982, 25797.999999999996], [0.7419223999604583, 25772.0], [0.7941403999866452, 25766.0], [0.9329983999487013, 25766.0], [1.4933782999578398, 25766.0], [3.29581469995901, 25312.999999999996], [3.9525632000004407, 25313.0], [4.927283699973486, 24454.0], [4.941532900003949, 24454.0]]",29.9886516,28.703125,0.9571328975658245,False,76.4,921.46484375,6,,,,,3882eca9dc70b2d799f0,4.941277999983868,24454.0,578.0,578.0,4.0,"{""interior"": 145, ""fronteira"": 145, ""liberacao"": 144, ""regret"": 144, ""abertura"": 0}","{""interior"": 0, ""fronteira"": 0, ""liberacao"": 0, ""regret"": 0, ""abertura"": 0}",1.5993703003041446,23.291334700217703,0.0,427.0,0.0,
holmberg_p61,holmberg,2.9624753127057275,30,200,hibrido:rotacao,24454.0,True,-1,2,30.0,29.9714792,0.0,24454.0,24454.0,otimo_publicado,"[[0.683145799965132, 27220.0], [0.8243639999709558, 26703.999999999996], [0.9045027999673039, 26100.00000000001], [0.9819142999767791, 25797.999999999996], [1.048735999967903, 25778.0], [1.0840759999700822, 25766.0], [1.204207500006305, 25766.0], [1.8017190000100527, 25766.0], [3.91692210000474, 25312.999999999996], [4.7634876999945845, 25313.0], [5.661653499992099, 24454.0], [5.673869099991862, 24454.0]]",29.9714792,27.234375,0.9086763725695594,False,77.4,997.54296875,4,,,,,3882eca9dc70b2d799f0,5.673623600014253,24454.0,549.0,549.0,4.0,"{""interior"": 138, ""fronteira"": 137, ""liberacao"": 137, ""regret"": 137, ""abertura"": 0}","{""interior"": 0, ""fronteira"": 0, ""liberacao"": 0, ""regret"": 0, ""abertura"": 0}",1.5608654000971,22.57775219998439,0.0,397.0,0.0,
holmberg_p61,holmberg,2.9624753127057275,30,200,hibridopl:rotacao,24454.0,True,-1,0,30.0,29.9824562,0.0,24454.0,24454.0,otimo_publicado,"[[1.0417049000097904, 28382.0], [1.5420393000240438, 26623.000000000004], [2.4210201000096276, 25994.99999999999], [3.157068500004243, 25995.0], [3.351745199994184, 25016.0], [3.505951700004516, 24755.999999999996], [3.549953700014157, 24454.0], [3.7172963000193704, 24454.0], [4.3532970000233036, 24454.0], [5.01319520000834, 24454.0]]",29.9824562,28.578125,0.9531615691979232,False,77.1,921.46484375,6,,,,,3882eca9dc70b2d799f0,5.012865299999248,24454.0,566.0,566.0,4.0,"{""interior"": 142, ""fronteira"": 142, ""liberacao"": 141, ""regret"": 141, ""abertura"": 0}","{""interior"": 0, ""fronteira"": 0, ""liberacao"": 0, ""regret"": 0, ""abertura"": 0}",1.5261252004420385,23.270026400277857,0.0,408.0,0.0,
holmberg_p61,holmberg,2.9624753127057275,30,200,hibridopl:rotacao,24454.0,True,-1,1,30.0,29.9680797,0.0,24454.0,24454.0,otimo_publicado,"[[0.534146599995438, 28382.0], [0.9148857000109274, 26623.000000000004], [1.7433201000094414, 25994.99999999999], [3.2352939000120386, 25409.0], [4.18779149997863, 25409.0], [4.381514199980302, 25016.0], [4.531575899978634, 24755.999999999996], [4.575083899981109, 24454.0], [4.741974199976539, 24454.0], [5.6450933999731205, 24454.0], [6.621492500009481, 24454.0]]",29.9680797,28.671875,0.9567471552072787,False,77.2,948.16796875,2,,,,,3882eca9dc70b2d799f0,6.6212260000174865,24454.0,552.0,552.0,4.0,"{""interior"": 138, ""fronteira"": 138, ""liberacao"": 138, ""regret"": 138, ""abertura"": 0}","{""interior"": 0, ""fronteira"": 0, ""liberacao"": 0, ""regret"": 0, ""abertura"": 0}",1.4353400003165007,21.763742699928116,0.0,405.0,0.0,
holmberg_p61,holmberg,2.9624753127057275,30,200,hibridopl:rotacao,24454.0,True,-1,2,30.0,30.0130074,0.013007399999999336,24454.0,24454.0,otimo_publicado,"[[0.5777285999502055, 28382.0], [0.9801460999588016, 26623.000000000004], [1.7487370999588165, 25994.99999999999], [3.171144599968102, 25409.0], [4.204145600000629, 25409.0], [4.358257299987599, 25016.0], [4.469841100013582, 24755.999999999996], [4.523288700002013, 24454.0], [4.691626699990593, 24454.0], [5.337435299996287, 24454.0], [6.14959019998787, 24454.0]]",30.0130074,28.71875,0.9568767840306467,False,77.3,948.16796875,2,,,,,3882eca9dc70b2d799f0,6.149248700006865,24454.0,551.0,551.0,4.0,"{""interior"": 138, ""fronteira"": 138, ""liberacao"": 138, ""regret"": 137, ""abertura"": 0}","{""interior"": 0, ""fronteira"": 0, ""liberacao"": 0, ""regret"": 0, ""abertura"": 0}",1.4477356001152657,22.259733300452353,0.0,398.0,0.0,
holmberg_p61,holmberg,2.9624753127057275,30,200,kernel,24454.0,True,-1,0,30.0,2.0676981,0.0,24454.0,24454.0,otimo_publicado,"[[0.5092066999932285, 25016.0], [0.5997360000037588, 24755.999999999996], [0.644949399982579, 24454.0], [1.0098054000118282, 24454.0], [1.7162516999815125, 24454.0]]",2.0676981,1.921875,0.9294756328305375,False,68.8,997.54296875,4,3.0,,0.4,3.0,3882eca9dc70b2d799f0,,,,,,,,,,,,,0.26240300000063144
holmberg_p62,holmberg,2.9624753127057275,30,200,adaptativa:gnn,32730.0,True,0,0,30.0,29.0415689,0.0,32643.0,32643.0,otimo_publicado,"[[0.8756320000393316, 37020.0], [1.066890600050101, 36788.999999999985], [1.528523600049084, 35087.99999999998], [2.9871144000499044, 33627.0], [3.091165300051216, 33466.0], [7.166194200050086, 33466.0], [13.656983200024115, 33466.0], [16.704998100030934, 33091.0], [17.409874100034358, 33091.0], [25.26494810002623, 32730.0]]",29.0415689,27.8125,0.9576789771850102,False,77.3,921.46484375,6,4.0,False,1.0,4.0,3882eca9dc70b2d799f0,,,,,,,,,,,,,
holmberg_p62,holmberg,2.9624753127057275,30,200,adaptativa:pl,32671.0,True,-1,0,30.0,30.000198,0.00019800000000103068,32643.0,32643.0,otimo_publicado,"[[0.7500803000002634, 35101.0], [0.856976199982455, 34684.0], [1.4172638999880292, 34683.00000000002], [2.8262726000102703, 33093.0], [3.004626300011296, 33024.0], [5.024709799996344, 33017.0], [6.771990699984599, 33003.0], [7.265677899995353, 33003.0], [10.133616499981144, 32864.0], [10.370091099990532, 32671.0], [13.130772300006356, 32671.0], [17.194699599960586, 32671.0]]",30.000198,27.4375,0.9145772971231724,False,78.3,997.54296875,4,4.0,False,1.0,4.0,3882eca9dc70b2d799f0,,,,,,,,,,,,,
holmberg_p62,holmberg,2.9624753127057275,30,200,completo,32714.0,True,-1,0,30.0,29.0048512,0.0,32643.0,32643.0,otimo_publicado,"[[0.6103882000024896, 53882.0], [1.313158500008285, 43457.0], [1.3227670000051148, 40457.0], [2.139272300002631, 40291.00000000003], [4.085355200018967, 39562.00000000003], [13.229964500002097, 32714.0]]",29.0048512,27.734375,0.9561978032143809,False,77.0,948.16796875,2,5.0,False,1.0,1.0,3882eca9dc70b2d799f0,,,,,,,,,,,,,
holmberg_p62,holmberg,2.9624753127057275,30,200,hibrido:rotacao,33267.0,True,-1,0,30.0,29.9659303,0.0,32643.0,32643.0,otimo_publicado,"[[1.1167347000155132, 37020.0], [1.2869374000292737, 36788.999999999985], [1.849098500009859, 35087.99999999998], [3.136128500016639, 33627.0], [3.2426866000168957, 33466.0], [4.22608650001348, 33466.0], [7.291964900010498, 33466.0], [9.237112000002526, 33466.0], [15.007718600012595, 33466.0], [16.51654770001187, 33350.0], [17.205181299999822, 33343.0], [17.344100999995135, 33267.0]]",29.9659303,28.625,0.9552515044059887,False,79.4,921.46484375,6,,,,,3882eca9dc70b2d799f0,15.007476200000383,33466.0,288.0,288.0,4.0,"{""interior"": 72, ""fronteira"": 72, ""liberacao"": 72, ""regret"": 72, ""abertura"": 0}","{""interior"": 0, ""fronteira"": 1, ""liberacao"": 2, ""regret"": 0, ""abertura"": 0}",0.7723514001118019,14.096874600363662,0.0,168.0,0.0,
holmberg_p62,holmberg,2.9624753127057275,30,200,hibrido:rotacao,33056.0,True,-1,1,30.0,29.9899194,0.0,32643.0,32643.0,otimo_publicado,"[[0.6478518999647349, 37020.0], [0.8141846999642439, 36788.999999999985], [1.3110507999663241, 35087.99999999998], [4.143228500004625, 35088.0], [7.174637099989923, 35088.0], [8.077221699990332, 33724.99999999997], [8.860034399986034, 33524.000000000015], [9.563701199978823, 33524.0], [15.002393800008576, 33524.0], [15.05207530001644, 33517.0], [15.113376599998446, 33485.0], [15.358794800005853, 33473.0], [15.402223400014918, 33344.0], [15.46615400002338, 33280.0], [15.62294150001253, 33256.0], [15.717173800017918, 33158.0], [15.860989800014067, 33098.0], [16.0630885999999, 33070.0], [16.171346700022696, 33068.0], [17.686612400022568, 33064.0], [23.43565050000325, 33063.0], [23.49201990000438, 33056.0]]",29.9899194,28.5,0.9503193263000234,False,78.0,948.16796875,2,,,,,3882eca9dc70b2d799f0,15.001996200007852,33524.0,283.0,283.0,4.0,"{""interior"": 71, ""fronteira"": 71, ""liberacao"": 71, ""regret"": 70, ""abertura"": 0}","{""interior"": 2, ""fronteira"": 5, ""liberacao"": 4, ""regret"": 2, ""abertura"": 0}",0.7380865002633072,14.155624500330305,0.0,115.0,0.0,
holmberg_p62,holmberg,2.9624753127057275,30,200,hibrido:rotacao,33267.0,True,-1,2,30.0,29.9809125,0.0,32643.0,32643.0,otimo_publicado,"[[0.7799441000097431, 37020.0], [0.9138076000090223, 36788.999999999985], [1.4315432999865152, 35087.99999999998], [2.6322455999907106, 33599.0], [2.8360005999857094, 33468.0], [4.47126500000013, 33468.0], [6.562936800008174, 33466.0], [7.139754799980437, 33466.0], [9.252509999991162, 33466.0], [14.990768999996362, 33466.0], [19.404849499987904, 33343.0], [19.42429749999428, 33289.0], [19.66306409999379, 33282.0], [19.93848449998768, 33267.0]]",29.9809125,27.140625,0.9052634738852595,False,77.7,997.54296875,4,,,,,3882eca9dc70b2d799f0,14.99035599999479,33466.0,247.0,247.0,4.0,"{""interior"": 62, ""fronteira"": 62, ""liberacao"": 62, ""regret"": 61, ""abertura"": 0}","{""interior"": 0, ""fronteira"": 1, ""liberacao"": 2, ""regret"": 1, ""abertura"": 0}",0.6615721001580823,14.238086399796885,0.0,125.0,0.0,
holmberg_p62,holmberg,2.9624753127057275,30,200,hibridopl:rotacao,32814.0,True,-1,0,30.0,29.9793622,0.0,32643.0,32643.0,otimo_publicado,"[[0.7758658000384457, 35101.0], [0.8942133000236936, 34684.0], [1.5587293000426143, 34683.00000000002], [3.0103602000453975, 33093.0], [3.1934132000315003, 33024.0], [4.119672400003765, 33024.0], [7.372481700003846, 33024.0], [9.2441902999999, 33024.0], [15.021036199992523, 33024.0], [15.115716500004055, 33023.0], [15.201433999987785, 32814.0]]",29.9793622,27.703125,0.924073194592512,False,76.3,997.54296875,4,,,,,3882eca9dc70b2d799f0,15.020592399989255,33024.0,269.0,269.0,4.0,"{""interior"": 68, ""fronteira"": 67, ""liberacao"": 67, ""regret"": 67, ""abertura"": 0}","{""interior"": 0, ""fronteira"": 1, ""liberacao"": 1, ""regret"": 0, ""abertura"": 0}",0.7057781997718848,14.14916100006667,0.0,177.0,0.0,
holmberg_p62,holmberg,2.9624753127057275,30,200,hibridopl:rotacao,32814.0,True,-1,1,30.0,29.968179,0.0,32643.0,32643.0,otimo_publicado,"[[0.5733347000204958, 35101.0], [0.6586403000110295, 34684.0], [1.1634164999995846, 34683.00000000002], [1.513981900003273, 34331.000000000015], [2.977141700015636, 33037.0], [3.592163300025277, 33003.0], [3.7209599000343587, 33003.0], [6.44677850001608, 33003.0], [8.261110499995993, 33003.0], [15.007996899978025, 33003.0], [15.28750529998797, 32814.0]]",29.968179,29.046875,0.9692572578400576,False,78.2,921.46484375,6,,,,,3882eca9dc70b2d799f0,15.00762289998238,33003.0,265.0,265.0,4.0,"{""interior"": 67, ""fronteira"": 66, ""liberacao"": 66, ""regret"": 66, ""abertura"": 0}","{""interior"": 0, ""fronteira"": 0, ""liberacao"": 1, ""regret"": 0, ""abertura"": 0}",0.6948613002023194,14.172796400089283,0.0,176.0,0.0,
holmberg_p62,holmberg,2.9624753127057275,30,200,hibridopl:rotacao,32814.0,True,-1,2,30.0,29.9530653,0.0,32643.0,32643.0,otimo_publicado,"[[0.7705638999468647, 35101.0], [0.8587454999506008, 34684.0], [1.395887499966193, 34683.00000000002], [2.902345599955879, 33093.0], [3.103345899959095, 33024.0], [3.4642689999600407, 33003.0], [3.6012101999658626, 33003.0], [6.253688499971759, 33003.0], [8.251964799972484, 33003.0], [15.001047800004017, 33003.0], [16.406611299986253, 32814.0]]",29.9530653,28.84375,0.9629648822619834,False,77.9,948.16796875,2,,,,,3882eca9dc70b2d799f0,15.000844599999255,33003.0,260.0,260.0,4.0,"{""interior"": 65, ""fronteira"": 65, ""liberacao"": 65, ""regret"": 65, ""abertura"": 0}","{""interior"": 0, ""fronteira"": 0, ""liberacao"": 1, ""regret"": 0, ""abertura"": 0}",0.6837664997437969,14.189440899877809,0.0,158.0,0.0,
holmberg_p62,holmberg,2.9624753127057275,30,200,kernel,32714.0,True,-1,0,30.0,28.9731027,0.0,32643.0,32643.0,otimo_publicado,"[[0.9129765000252519, 38749.0], [1.6489489000232425, 38336.999999999985], [1.9104390000284184, 38229.00000000006], [7.527412600029493, 38229.0], [19.512270100036403, 32714.0]]",28.9731027,27.96875,0.9653349967243929,False,78.3,948.16796875,2,2.0,,0.5666666666666667,2.0,3882eca9dc70b2d799f0,,,,,,,,,,,,,0.41994640001212247
holmberg_p63,holmberg,2.9624753127057275,30,200,adaptativa:gnn,25105.0,True,0,0,30.0,5.9863016,0.0,25105.0,25105.0,otimo_publicado,"[[0.5362295000231825, 27377.0], [0.6347281000344083, 25681.99999999999], [2.0983386000152677, 25584.0], [2.159755100030452, 25582.0], [2.6299425000324845, 25582.0], [3.5978308000194374, 25582.0], [4.293170400022063, 25236.000000000004], [4.567334200022742, 25236.0], [5.330201900040265, 25127.999999999996], [5.964644900028361, 25105.0]]",5.9863016,5.78125,0.9657465303786231,False,72.3,948.16796875,2,4.0,True,1.0,4.0,3882eca9dc70b2d799f0,,,,,,,,,,,,,
holmberg_p63,holmberg,2.9624753127057275,30,200,adaptativa:pl,25105.0,True,-1,0,30.0,4.7026775,0.0,25105.0,25105.0,otimo_publicado,"[[0.6071232999966014, 26439.0], [0.751977000007173, 25593.0], [0.8288677000091411, 25203.999999999996], [0.9071527000050992, 25201.0], [1.1663867999741342, 25201.0], [1.4429144999885466, 25127.99999999999], [1.6956278999859933, 25109.999999999993], [1.758141499973135, 25105.0], [2.035785699961707, 25105.0], [3.1709366000141017, 25105.0]]",4.7026775,4.515625,0.960224255224816,False,86.6,948.16796875,2,4.0,True,1.0,4.0,3882eca9dc70b2d799f0,,,,,,,,,,,,,
holmberg_p63,holmberg,2.9624753127057275,30,200,completo,25105.0,True,-1,0,30.0,3.2492389,0.0,25105.0,25105.0,otimo_publicado,"[[0.7107689999975264, 39121.0], [0.9381150999979582, 26039.99999999999], [2.0363051000167616, 25197.000000000004], [2.3806723000016063, 25178.000000000007], [2.942953599995235, 25105.0]]",3.2492389,2.796875,0.8607785041598511,True,83.8,997.54296875,4,1.0,True,1.0,1.0,3882eca9dc70b2d799f0,,,,,,,,,,,,,
holmberg_p63,holmberg,2.9624753127057275,30,200,hibrido:rotacao,25105.0,True,-1,0,30.0,29.954342,0.0,25105.0,25105.0,otimo_publicado,"[[0.5895924000069499, 27377.0], [0.6959485999832395, 25681.99999999999], [2.15151500000502, 25584.0], [2.192997000005562, 25582.0], [2.4058963999850675, 25582.0], [3.438297100015916, 25582.0], [4.256795700028306, 25236.000000000004], [4.660826700011967, 25236.0], [5.5247149000060745, 25127.999999999996], [6.256727400003001, 25105.0], [6.276702599978307, 25105.0]]",29.954342,28.78125,0.9608373303609874,False,78.7,921.46484375,6,,,,,3882eca9dc70b2d799f0,6.276223900000332,25105.0,454.0,454.0,4.0,"{""interior"": 114, ""fronteira"": 114, ""liberacao"": 113, ""regret"": 113, ""abertura"": 0}","{""interior"": 0, ""fronteira"": 0, ""liberacao"": 0, ""regret"": 0, ""abertura"": 0}",1.136267000285443,22.3924726000987,0.0,355.0,0.0,
holmberg_p63,holmberg,2.9624753127057275,30,200,hibrido:rotacao,25105.0,True,-1,1,30.0,29.9542401,0.0,25105.0,25105.0,otimo_publicado,"[[0.9784810999990441, 27377.0], [1.132560599973658, 25681.99999999999], [2.5136513999896124, 25584.0], [2.577502399974037, 25582.0], [2.89979699999094, 25582.0], [4.183253599971067, 25582.0], [5.267355599993607, 25236.0], [5.491330299992114, 25236.0], [6.179360499983886, 25127.999999999996], [6.668732099991757, 25105.0], [6.6851931999844965, 25105.0]]",29.9542401,28.9375,0.9660568888876604,False,76.2,921.46484375,6,,,,,3882eca9dc70b2d799f0,6.684785499994177,25105.0,448.0,448.0,4.0,"{""interior"": 112, ""fronteira"": 112, ""liberacao"": 112, ""regret"": 112, ""abertura"": 0}","{""interior"": 0, ""fronteira"": 0, ""liberacao"": 0, ""regret"": 0, ""abertura"": 0}",1.1090226000233088,22.035301699856063,0.0,348.0,0.0,
holmberg_p63,holmberg,2.9624753127057275,30,200,hibrido:rotacao,25105.0,True,-1,2,30.0,29.9586391,0.0,25105.0,25105.0,otimo_publicado,"[[1.2369811999960802, 27377.0], [1.3767494999920018, 25681.99999999999], [2.914445499976864, 25584.0], [2.9760542000003625, 25582.0], [3.242305599997053, 25582.0], [4.466831900004763, 25582.0], [5.526796799997101, 25236.0], [5.841075999982422, 25236.0], [6.767524099996081, 25127.999999999996], [7.359660099988105, 25105.0], [7.371689799998421, 25105.0]]",29.9586391,28.8125,0.961742618008306,False,76.6,948.16796875,2,,,,,3882eca9dc70b2d799f0,7.371482499991544,25105.0,453.0,453.0,4.0,"{""interior"": 114, ""fronteira"": 113, ""liberacao"": 113, ""regret"": 113, ""abertura"": 0}","{""interior"": 0, ""fronteira"": 0, ""liberacao"": 0, ""regret"": 0, ""abertura"": 0}",1.079933900386095,21.383946400193963,0.0,349.0,0.0,
holmberg_p63,holmberg,2.9624753127057275,30,200,hibridopl:rotacao,25105.0,True,-1,0,30.0,30.0783987,0.07839870000000104,25105.0,25105.0,otimo_publicado,"[[0.3981033000163734, 26439.0], [0.4841176000190899, 25593.0], [0.5512201000237837, 25203.999999999996], [0.6225459000270348, 25201.0], [0.851556800014805, 25201.0], [1.1141883000382222, 25127.99999999999], [1.3140912000380922, 25109.999999999993], [1.360416300041834, 25105.0], [1.5995145000342745, 25105.0], [2.9220177000097465, 25105.0], [4.23001570001361, 25105.0]]",30.0783987,27.828125,0.925186386335121,False,75.3,997.54296875,4,,,,,3882eca9dc70b2d799f0,4.229806400020607,25105.0,507.0,507.0,4.0,"{""interior"": 127, ""fronteira"": 127, ""liberacao"": 127, ""regret"": 126, ""abertura"": 0}","{""interior"": 0, ""fronteira"": 0, ""liberacao"": 0, ""regret"": 0, ""abertura"": 0}",1.2335087998362724,24.47152400019695,0.0,400.0,0.0,
holmberg_p63,holmberg,2.9624753127057275,30,200,hibridopl:rotacao,25105.0,True,-1,1,30.0,29.9860404,0.0,25105.0,25105.0,otimo_publicado,"[[0.49106429997482337, 26439.0], [0.5874964999966323, 25593.0], [0.6228729999857023, 25203.999999999996], [0.7373684999765828, 25201.0], [0.9192245999875013, 25201.0], [1.2659952999674715, 25127.99999999999], [1.5740967999736313, 25105.0], [1.9546515999827534, 25105.0], [3.075235199998133, 25105.0], [4.459488499996951, 25105.0]]",29.9860404,28.90625,0.9639902306007698,False,79.8,948.16796875,2,,,,,3882eca9dc70b2d799f0,4.459157600009348,25105.0,486.0,486.0,4.0,"{""interior"": 122, ""fronteira"": 122, ""liberacao"": 121, ""regret"": 121, ""abertura"": 0}","{""interior"": 0, ""fronteira"": 0, ""liberacao"": 0, ""regret"": 0, ""abertura"": 0}",1.2142629002628382,24.170184699934907,0.0,379.0,0.0,
holmberg_p63,holmberg,2.9624753127057275,30,200,hibridopl:rotacao,25105.0,True,-1,2,30.0,30.0562043,0.056204300000000984,25105.0,25105.0,otimo_publicado,"[[0.4602629999862984, 26439.0], [0.5368406999623403, 25593.0], [0.5751129999698605, 25203.999999999996], [0.6475657999690156, 25201.0], [0.8061040999891702, 25201.0], [1.0598116999899503, 25127.99999999999], [1.2490608000080101, 25105.0], [1.6931466000096407, 25105.0], [2.8167204999772366, 25105.0], [4.066944100020919, 25105.0]]",30.0562043,26.9375,0.896237586460643,True,82.3,997.54296875,4,,,,,3882eca9dc70b2d799f0,4.066735400003381,25105.0,427.0,427.0,4.0,"{""interior"": 107, ""fronteira"": 107, ""liberacao"": 107, ""regret"": 106, ""abertura"": 0}","{""interior"": 0, ""fronteira"": 0, ""liberacao"": 0, ""regret"": 0, ""abertura"": 0}",1.2389538001152687,24.611137199535733,0.0,326.0,0.0,
holmberg_p63,holmberg,2.9624753127057275,30,200,kernel,25105.0,True,-1,0,30.0,3.8429568,0.0,25105.0,25105.0,otimo_publicado,"[[0.556333500018809, 25403.0], [0.6671692999952938, 25127.99999999999], [0.868298200017307, 25109.999999999993], [0.9123159000009764, 25105.0], [1.1046774000278674, 25105.0], [3.0228197000105865, 25105.0]]",3.8429568,3.703125,0.9636134863654986,False,78.6,921.46484375,6,2.0,,0.4,3.0,3882eca9dc70b2d799f0,,,,,,,,,,,,,0.3083236000093166
holmberg_p64,holmberg,3.949967083607637,30,200,adaptativa:gnn,20530.0,True,0,0,30.0,2.8591029,0.0,20530.0,20530.0,otimo_publicado,"[[0.38305719997151755, 22788.0], [0.4763445999706164, 22768.0], [0.7604284000117332, 22768.0], [1.086096200015163, 22176.0], [1.3867398999864236, 22176.0], [1.9304769999871496, 21743.0], [2.2200004999758676, 21743.0], [2.845297899970319, 20530.0]]",2.8591029,2.75,0.9618401632204283,False,79.5,839.55078125,2,4.0,True,1.0,4.0,3882eca9dc70b2d799f0,,,,,,,,,,,,,
holmberg_p64,holmberg,3.949967083607637,30,200,adaptativa:pl,20530.0,True,-1,0,30.0,1.6516704,0.0,20530.0,20530.0,otimo_publicado,"[[0.34907039999961853, 21434.0], [0.8625226999574807, 21434.0], [1.0506804999604356, 21193.0], [1.338060099980794, 21193.0], [1.6458223999943584, 20530.0]]",1.6516704,1.625,0.9838524683859443,False,73.8,839.55078125,2,3.0,True,0.6,3.0,3882eca9dc70b2d799f0,,,,,,,,,,,,,
holmberg_p64,holmberg,3.949967083607637,30,200,completo,20530.0,True,-1,0,30.0,1.0809598,0.0,20530.0,20530.0,otimo_publicado,"[[0.8093858000065666, 23882.0], [1.0647396999993362, 20530.0]]",1.0809598,0.96875,0.8961942895563739,True,76.1,997.54296875,4,1.0,True,1.0,1.0,3882eca9dc70b2d799f0,,,,,,,,,,,,,
holmberg_p64,holmberg,3.949967083607637,30,200,hibrido:rotacao,20530.0,True,-1,0,30.0,29.9677966,0.0,20530.0,20530.0,otimo_publicado,"[[0.47874590003630146, 22788.0], [0.5616513000277337, 22768.0], [0.728094099991722, 22768.0], [1.0068557999911718, 22176.0], [1.475633599999128, 22176.0], [1.9854471000144258, 21743.0], [2.3764564000011887, 21743.0], [3.113319300027797, 20530.0], [3.1272751000069547, 20530.0]]",29.9677966,27.265625,0.9098308215292679,False,77.5,997.54296875,4,,,,,3882eca9dc70b2d799f0,3.127068200003123,20530.0,851.0,851.0,4.0,"{""interior"": 213, ""fronteira"": 213, ""liberacao"": 213, ""regret"": 212, ""abertura"": 0}","{""interior"": 0, ""fronteira"": 0, ""liberacao"": 0, ""regret"": 0, ""abertura"": 0}",1.464550499949837,25.152427900378825,0.0,782.0,0.0,
holmberg_p64,holmberg,3.949967083607637,30,200,hibrido:rotacao,20530.0,True,-1,1,30.0,29.973504,0.0,20530.0,20530.0,otimo_publicado,"[[0.3922174999897834, 22788.0], [0.4777421999897342, 22768.0], [0.6218117999960668, 22768.0], [0.947453000000678, 22176.0], [1.2102535000012722, 22176.0], [1.580208200000925, 21743.0], [2.29094489995623, 21743.0], [3.004942799976561, 20530.0], [3.029997800011188, 20530.0]]",29.973504,28.8125,0.9612656564944826,False,77.7,839.55078125,2,,,,,3882eca9dc70b2d799f0,3.0296056999941356,20530.0,849.0,849.0,4.0,"{""interior"": 213, ""fronteira"": 212, ""liberacao"": 212, ""regret"": 212, ""abertura"": 0}","{""interior"": 0, ""fronteira"": 0, ""liberacao"": 0, ""regret"": 0, ""abertura"": 0}",1.420998100336874,25.289869099651696,0.0,767.0,0.0,
holmberg_p64,holmberg,3.949967083607637,30,200,hibrido:rotacao,20530.0,True,-1,2,30.0,29.958715,0.0,20530.0,20530.0,otimo_publicado,"[[0.42189510000753216, 22788.0], [0.5128108000208158, 22768.0], [0.709032799990382, 22768.0], [1.0827914999972563, 22176.0], [1.2977404000121169, 22176.0], [1.7307153000147082, 21743.0], [2.2687186999828555, 21743.0], [3.058148699987214, 20530.0], [3.0764614999934565, 20530.0]]",29.958715,27.125,0.905412665396363,False,77.7,997.54296875,4,,,,,3882eca9dc70b2d799f0,3.0760779999836814,20530.0,817.0,817.0,4.0,"{""interior"": 205, ""fronteira"": 204, ""liberacao"": 204, ""regret"": 204, ""abertura"": 0}","{""interior"": 0, ""fronteira"": 0, ""liberacao"": 0, ""regret"": 0, ""abertura"": 0}",1.4477119996445253,25.19787169995834,0.0,756.0,0.0,
holmberg_p64,holmberg,3.949967083607637,30,200,hibridopl:rotacao,20530.0,True,-1,0,30.0,29.9590527,0.0,20530.0,20530.0,otimo_publicado,"[[0.3614236999710556, 21434.0], [0.5694085999857634, 21434.0], [0.6855887999699917, 21193.0], [0.9259230999741703, 21193.0], [1.2592661999515258, 20530.0], [1.2643783999956213, 20530.0]]",29.9590527,28.640625,0.9559923435095796,False,76.7,839.55078125,2,,,,,3882eca9dc70b2d799f0,1.2641482999897562,20530.0,950.0,950.0,3.0,"{""interior"": 238, ""fronteira"": 238, ""liberacao"": 237, ""regret"": 237, ""abertura"": 0}","{""interior"": 0, ""fronteira"": 0, ""liberacao"": 0, ""regret"": 0, ""abertura"": 0}",1.550074600148946,26.89476809988264,0.0,878.0,0.0,
holmberg_p64,holmberg,3.949967083607637,30,200,hibridopl:rotacao,20530.0,True,-1,1,30.0,29.9632767,0.0,20530.0,20530.0,otimo_publicado,"[[0.3668568000139203, 21434.0], [0.6000420000054874, 21434.0], [0.7557353000156581, 21193.0], [1.0134241999767255, 21193.0], [1.5373246999806724, 20530.0], [1.5494717999827117, 20530.0]]",29.9632767,28.734375,0.9589864048480385,False,77.4,921.46484375,6,,,,,3882eca9dc70b2d799f0,1.5490291999885812,20530.0,886.0,886.0,3.0,"{""interior"": 222, ""fronteira"": 222, ""liberacao"": 221, ""regret"": 221, ""abertura"": 0}","{""interior"": 0, ""fronteira"": 0, ""liberacao"": 0, ""regret"": 0, ""abertura"": 0}",1.507993199658813,26.661634399497416,0.0,803.0,0.0,
holmberg_p64,holmberg,3.949967083607637,30,200,hibridopl:rotacao,20530.0,True,-1,2,30.0,29.9674325,0.0,20530.0,20530.0,otimo_publicado,"[[0.34263120000832714, 21434.0], [0.7322364000137895, 21434.0], [0.8827200999949127, 21193.0], [1.3080321000015829, 21193.0], [1.776730800018413, 20530.0], [1.7832097000209615, 20530.0]]",29.9674325,28.53125,0.9520752236615533,False,76.8,921.46484375,6,,,,,3882eca9dc70b2d799f0,1.7829083999968134,20530.0,894.0,894.0,3.0,"{""interior"": 224, ""fronteira"": 224, ""liberacao"": 223, ""regret"": 223, ""abertura"": 0}","{""interior"": 0, ""fronteira"": 0, ""liberacao"": 0, ""regret"": 0, ""abertura"": 0}",1.5584162994928192,26.374753800278995,0.0,830.0,0.0,
holmberg_p64,holmberg,3.949967083607637,30,200,kernel,20530.0,True,-1,0,30.0,1.4848222,0.0,20530.0,20530.0,otimo_publicado,"[[0.40334389999043196, 20530.0], [0.858044999971753, 20530.0]]",1.4848222,1.5,1.0102219646231043,False,67.6,839.55078125,2,2.0,,0.5,2.0,3882eca9dc70b2d799f0,,,,,,,,,,,,,0.14891240000724792
holmberg_p65,holmberg,3.949967083607637,30,200,adaptativa:gnn,24445.0,True,0,0,30.0,2.9248515,0.0,24445.0,24445.0,otimo_publicado,"[[0.5516932999889832, 26388.0], [0.6517680000106338, 26068.0], [0.7778617999865673, 26068.0], [1.1556101999885868, 25626.0], [1.5127300999884028, 25626.0], [1.8583869000140112, 25043.0], [2.0965543999918737, 25043.0], [2.9052602000010666, 24445.0]]",2.9248515,2.84375,0.9722715837026256,False,75.8,948.16796875,2,4.0,True,1.0,4.0,3882eca9dc70b2d799f0,,,,,,,,,,,,,
holmberg_p65,holmberg,3.949967083607637,30,200,adaptativa:pl,24445.0,True,-1,0,30.0,0.8460442,0.0,24445.0,24445.0,otimo_publicado,"[[0.3921938000130467, 26670.0], [0.4618114000186324, 26272.0], [0.500069200003054, 26268.0], [0.5943256000173278, 26268.0], [0.7172608000109904, 24445.0]]",0.8460442,0.78125,0.92341511235465,False,62.9,997.54296875,4,2.0,True,0.4,2.0,3882eca9dc70b2d799f0,,,,,,,,,,,,,
holmberg_p65,holmberg,3.949967083607637,30,200,completo,24445.0,True,-1,0,30.0,0.8872325,0.0,24445.0,24445.0,otimo_publicado,"[[0.6419225999852642, 32882.0], [0.8748389999964274, 24445.0]]",0.8872325,0.859375,0.9686018039239996,False,64.4,921.46484375,6,1.0,True,1.0,1.0,3882eca9dc70b2d799f0,,,,,,,,,,,,,
holmberg_p65,holmberg,3.949967083607637,30,200,hibrido:rotacao,24445.0,True,-1,0,30.0,29.9628993,0.0,24445.0,24445.0,otimo_publicado,"[[0.7256085999833886, 26388.0], [0.8656895999738481, 26068.0], [0.9929083999595605, 26068.0], [1.4177672999794595, 25626.0], [1.9634758999454789, 25626.0], [2.4251550999470055, 25043.0], [2.812343199941097, 25043.0], [3.3941783999616746, 24445.0], [3.4089334000018425, 24445.0]]",29.9628993,27.296875,0.9110224857312123,False,76.9,997.54296875,4,,,,,3882eca9dc70b2d799f0,3.408538799994858,24445.0,676.0,676.0,4.0,"{""interior"": 169, ""fronteira"": 169, ""liberacao"": 169, ""regret"": 169, ""abertura"": 0}","{""interior"": 0, ""fronteira"": 0, ""liberacao"": 0, ""regret"": 0, ""abertura"": 0}",1.748568799928762,24.608051800518297,0.0,504.0,0.0,
holmberg_p65,holmberg,3.949967083607637,30,200,hibrido:rotacao,24445.0,True,-1,1,30.0,30.0174414,0.017441399999999163,24445.0,24445.0,otimo_publicado,"[[0.48765979998279363, 26388.0], [0.6166374999738764, 26068.0], [0.7495744999614544, 26068.0], [1.0346545999636874, 25626.0], [1.1971956999623217, 25626.0], [1.6625078999786638, 25043.0], [2.340997499966761, 25043.0], [3.137689799972577, 24445.0], [3.155689599981997, 24445.0]]",30.0174414,28.609375,0.9530917248663305,False,77.3,921.46484375,6,,,,,3882eca9dc70b2d799f0,3.155271299998276,24445.0,707.0,707.0,4.0,"{""interior"": 177, ""fronteira"": 177, ""liberacao"": 177, ""regret"": 176, ""abertura"": 0}","{""interior"": 0, ""fronteira"": 0, ""liberacao"": 0, ""regret"": 0, ""abertura"": 0}",1.8959829997911584,24.766882800264284,0.0,518.0,0.0,
holmberg_p65,holmberg,3.949967083607637,30,200,hibrido:rotacao,24445.0,True,-1,2,30.0,29.9540628,0.0,24445.0,24445.0,otimo_publicado,"[[0.8965049000398722, 26388.0], [0.9948723000416066, 26068.0], [1.1762824000034016, 26068.0], [1.7295654000190552, 25626.0], [2.035640699992655, 25626.0], [2.4694744999869727, 25043.0], [2.6845299000269733, 25043.0], [3.369358400028432, 24445.0], [3.3771211999992374, 24445.0]]",29.9540628,27.28125,0.9107696068527973,False,75.1,997.54296875,4,,,,,3882eca9dc70b2d799f0,3.3769063999934588,24445.0,680.0,680.0,4.0,"{""interior"": 170, ""fronteira"": 170, ""liberacao"": 170, ""regret"": 170, ""abertura"": 0}","{""interior"": 0, ""fronteira"": 0, ""liberacao"": 0, ""regret"": 0, ""abertura"": 0}",1.7651355996204074,24.6303278003179,0.0,501.0,0.0,
holmberg_p65,holmberg,3.949967083607637,30,200,hibridopl:rotacao,24445.0,True,-1,0,30.0,29.9736998,0.0,24445.0,24445.0,otimo_publicado,"[[0.39404620000277646, 26670.0], [0.4708071000059135, 26272.0], [0.5027061000000685, 26268.0], [0.6629905999579933, 26268.0], [0.827674299973296, 24445.0], [0.9938396000070497, 24445.0]]",29.9736998,28.9375,0.9654296998063616,False,75.1,948.16796875,2,,,,,3882eca9dc70b2d799f0,0.9935123000177555,24445.0,783.0,783.0,2.0,"{""interior"": 196, ""fronteira"": 196, ""liberacao"": 196, ""regret"": 195, ""abertura"": 0}","{""interior"": 0, ""fronteira"": 0, ""liberacao"": 0, ""regret"": 0, ""abertura"": 0}",2.006658799800789,26.76345319999382,0.0,588.0,0.0,
holmberg_p65,holmberg,3.949967083607637,30,200,hibridopl:rotacao,24445.0,True,-1,1,30.0,29.9705391,0.0,24445.0,24445.0,otimo_publicado,"[[0.39966919997823425, 26670.0], [0.4745509999920614, 26272.0], [0.5043984999938402, 26268.0], [0.6852186999749392, 26268.0], [0.8620231999957468, 24445.0], [1.0189104000164662, 24445.0]]",29.9705391,29.0,0.9676168954865413,False,76.8,948.16796875,2,,,,,3882eca9dc70b2d799f0,1.0185338000010233,24445.0,779.0,779.0,2.0,"{""interior"": 195, ""fronteira"": 195, ""liberacao"": 195, ""regret"": 194, ""abertura"": 0}","{""interior"": 0, ""fronteira"": 0, ""liberacao"": 0, ""regret"": 0, ""abertura"": 0}",2.023478400282329,26.721120500093093,0.0,577.0,0.0,
holmberg_p65,holmberg,3.949967083607637,30,200,hibridopl:rotacao,24445.0,True,-1,2,30.0,29.9543802,0.0,24445.0,24445.0,otimo_publicado,"[[0.39601959998253733, 26670.0], [0.47790899997926317, 26272.0], [0.5248036999837495, 26268.0], [0.6227134999935515, 26268.0], [0.7413621000014246, 24445.0], [0.8440987999783829, 24445.0]]",29.9543802,28.640625,0.9561414660818119,False,75.5,921.46484375,6,,,,,3882eca9dc70b2d799f0,0.8438547999830917,24445.0,751.0,751.0,2.0,"{""interior"": 188, ""fronteira"": 188, ""liberacao"": 188, ""regret"": 187, ""abertura"": 0}","{""interior"": 0, ""fronteira"": 0, ""liberacao"": 0, ""regret"": 0, ""abertura"": 0}",1.9383144995081238,26.97786530011217,0.0,556.0,0.0,
holmberg_p65,holmberg,3.949967083607637,30,200,kernel,24445.0,True,-1,0,30.0,2.3685134,0.0,24445.0,24445.0,otimo_publicado,"[[0.5152906999865081, 24445.0], [0.9614645000256132, 24445.0], [2.0168134999694303, 24445.0]]",2.3685134,2.265625,0.9565599248879065,False,83.4,948.16796875,2,3.0,,0.4,3.0,3882eca9dc70b2d799f0,,,,,,,,,,,,,0.29149790000519715
holmberg_p66,holmberg,3.949967083607637,30,200,adaptativa:gnn,32337.0,True,0,0,30.0,29.083459,0.0,31415.0,31415.0,otimo_publicado,"[[0.6990478000079747, 34788.0], [4.575261499994667, 32617.0], [7.4436585000075866, 32617.0], [13.378574300004402, 32617.0], [17.46498900000006, 32617.0], [28.24567190001835, 32337.0]]",29.083459,27.96875,0.9616720624599708,False,80.8,921.46484375,6,4.0,False,1.0,4.0,3882eca9dc70b2d799f0,,,,,,,,,,,,,
holmberg_p66,holmberg,3.949967083607637,30,200,adaptativa:pl,31649.0,True,-1,0,30.0,30.0013092,0.0013092000000014536,31415.0,31415.0,otimo_publicado,"[[0.788235900021391, 32354.0], [7.093249799974728, 32354.0], [13.313837499998044, 32354.0], [17.276960399991367, 32354.0], [23.881908699986525, 32337.0], [27.072128599975258, 31649.0]]",30.0013092,27.828125,0.9275636877873317,False,78.2,997.54296875,4,45.0,False,1.0,4.0,3882eca9dc70b2d799f0,,,,,,,,,,,,,
holmberg_p66,holmberg,3.949967083607637,30,200,completo,31476.0,True,-1,0,30.0,29.0050366,0.0,31415.0,31415.0,otimo_publicado,"[[0.6797462000104133, 53882.0], [1.5002706999948714, 37407.99999999999], [1.5095581999921706, 35907.99999999999], [13.411536100000376, 32337.0], [15.015420899988385, 31513.0], [19.822107299987692, 31476.0]]",29.0050366,26.765625,0.9227923194553045,False,80.2,997.54296875,4,3.0,False,1.0,1.0,3882eca9dc70b2d799f0,,,,,,,,,,,,,
holmberg_p66,holmberg,3.949967083607637,30,200,hibrido:rotacao,31662.0,True,-1,0,30.0,29.981997,0.0,31415.0,31415.0,otimo_publicado,"[[0.8725020999845583, 34788.0], [4.118006199976662, 34788.0], [4.513079999975162, 34711.99999999996], [7.440947999974014, 34712.0], [9.325872499961406, 34712.0], [15.002470099978382, 34712.0], [15.049164799973369, 34467.0], [15.087603899970418, 33139.0], [15.165227899968158, 33100.0], [15.352173499966739, 32530.0], [15.57480619996204, 32508.0], [15.713414399971953, 32502.0], [16.085676399961812, 32206.0], [16.181890099978773, 32164.0], [16.98237549996702, 32149.0], [17.172065299964743, 32140.0], [17.201243199961027, 32064.0], [17.31709239995689, 32014.0], [17.491934799967567, 31998.0], [18.422324699960882, 31996.0], [18.56440299996757, 31990.0], [18.840587299957406, 31985.0], [19.041271099966252, 31982.0], [20.65575159995933, 31899.0], [20.691344199964078, 31802.0], [20.76029229996493, 31662.0]]",29.981997,27.640625,0.9219074032993866,False,76.5,997.54296875,4,,,,,3882eca9dc70b2d799f0,15.002134099981049,34712.0,273.0,273.0,4.0,"{""interior"": 69, ""fronteira"": 68, ""liberacao"": 68, ""regret"": 68, ""abertura"": 0}","{""interior"": 3, ""fronteira"": 6, ""liberacao"": 8, ""regret"": 3, ""abertura"": 0}",0.7586383000016212,14.13173840023228,0.0,107.0,0.0,
holmberg_p66,holmberg,3.949967083607637,30,200,hibrido:rotacao,31929.0,True,-1,1,30.0,29.9581991,0.0,31415.0,31415.0,otimo_publicado,"[[0.6888032999704592, 34788.0], [3.8553849999734666, 32663.0], [3.9286834999802522, 32642.0], [3.9342642999836244, 32631.0], [3.936589399992954, 32623.0], [4.184072699979879, 32623.0], [7.242393099964829, 32623.0], [9.524483399989549, 32623.0], [15.039083499985281, 32623.0], [15.091377799981274, 32613.0], [15.278667299979134, 32567.0], [15.453795699984767, 32542.0], [15.546072199969785, 32102.0], [15.915253499988467, 32063.0], [22.905692299973452, 32049.0], [23.276647799968487, 32027.0], [23.532457899971632, 31932.0], [24.536633399984566, 31929.0]]",29.9581991,28.8125,0.961756743248295,False,76.0,921.46484375,6,,,,,3882eca9dc70b2d799f0,15.03877429998829,32623.0,275.0,275.0,3.0,"{""interior"": 69, ""fronteira"": 69, ""liberacao"": 69, ""regret"": 68, ""abertura"": 0}","{""interior"": 2, ""fronteira"": 1, ""liberacao"": 6, ""regret"": 0, ""abertura"": 0}",0.7466152996639721,14.077869600150734,0.0,121.0,0.0,
holmberg_p66,holmberg,3.949967083607637,30,200,hibrido:rotacao,31692.0,True,-1,2,30.0,29.9534676,0.0,31415.0,31415.0,otimo_publicado,"[[0.6786041000159457, 34788.0], [4.174618499993812, 34788.0], [4.573572699999204, 34711.99999999996], [7.50289070000872, 34712.0], [9.23432459999458, 34712.0], [14.993914499995299, 34712.0], [15.036763599986443, 34705.0], [15.126403300004313, 33216.0], [15.248841699998593, 33090.0], [15.986818200006383, 32935.0], [16.475166999996873, 32932.0], [16.569719699997222, 32924.0], [16.603155899996636, 32708.0], [16.79689229998621, 32376.0], [16.82500529999379, 32168.0], [16.845367300004, 32131.0], [16.942478399985703, 32086.0], [17.23107360000722, 31986.0], [17.473789299983764, 31821.0], [17.571264099999098, 31816.0], [17.68965990000288, 31811.0], [17.757721800007857, 31753.0], [17.863727399992058, 31741.0], [19.101159699988784, 31708.0], [20.42344509999384, 31692.0]]",29.9534676,28.875,0.9639952337271295,False,76.3,921.46484375,6,,,,,3882eca9dc70b2d799f0,14.993708299996797,34712.0,267.0,267.0,4.0,"{""interior"": 67, ""fronteira"": 67, ""liberacao"": 67, ""regret"": 66, ""abertura"": 0}","{""interior"": 3, ""fronteira"": 6, ""liberacao"": 7, ""regret"": 3, ""abertura"": 0}",0.6863694002386183,14.19013120001182,0.0,112.0,0.0,
holmberg_p66,holmberg,3.949967083607637,30,200,hibridopl:rotacao,31553.0,True,-1,0,30.0,29.9529738,0.0,31415.0,31415.0,otimo_publicado,"[[0.6133086999761872, 32354.0], [4.415871599980164, 32354.0], [7.231119000003673, 32354.0], [9.316225199989276, 32354.0], [15.084398799983319, 32354.0], [15.438859299989417, 31931.0], [16.792128400004003, 31659.0], [16.837001499981852, 31576.0], [17.52140369999688, 31558.0], [17.551041700004134, 31553.0]]",29.9529738,28.8125,0.9619245218316186,False,80.0,948.16796875,2,,,,,3882eca9dc70b2d799f0,15.08408070000587,32354.0,282.0,282.0,14.0,"{""interior"": 71, ""fronteira"": 71, ""liberacao"": 70, ""regret"": 70, ""abertura"": 0}","{""interior"": 1, ""fronteira"": 0, ""liberacao"": 3, ""regret"": 1, ""abertura"": 0}",0.7637278001639061,14.009413299936568,0.0,163.0,0.0,
holmberg_p66,holmberg,3.949967083607637,30,200,hibridopl:rotacao,31629.0,True,-1,1,30.0,29.9543857,0.0,31415.0,31415.0,otimo_publicado,"[[0.6184289999946486, 32354.0], [4.301046699983999, 32354.0], [7.504976299998816, 32354.0], [9.381628300005104, 32354.0], [15.145415700011654, 32354.0], [15.324900900013745, 31879.0], [15.453830599988578, 31871.0], [15.858719100011513, 31724.0], [16.04838409999502, 31654.0], [16.11093389999587, 31629.0]]",29.9543857,28.921875,0.9655305666976172,False,76.9,948.16796875,2,,,,,3882eca9dc70b2d799f0,15.144936400000006,32354.0,327.0,327.0,14.0,"{""interior"": 82, ""fronteira"": 82, ""liberacao"": 82, ""regret"": 81, ""abertura"": 0}","{""interior"": 1, ""fronteira"": 1, ""liberacao"": 2, ""regret"": 1, ""abertura"": 0}",0.8456447997305077,13.861645600118209,0.0,199.0,0.0,
holmberg_p66,holmberg,3.949967083607637,30,200,hibridopl:rotacao,31740.0,True,-1,2,30.0,29.9625211,0.0,31415.0,31415.0,otimo_publicado,"[[0.6406541999895126, 32354.0], [4.217845500010299, 32354.0], [7.355614499974763, 32354.0], [9.348407100012992, 32354.0], [15.0446082999988, 32354.0], [15.193922300008126, 31966.0], [16.591505899996264, 31819.0], [17.389006699988386, 31775.0], [18.79441490001045, 31771.0], [19.697294999990845, 31763.0], [19.807099700003164, 31740.0]]",29.9625211,28.625,0.9553601949737134,False,76.2,948.16796875,2,,,,,3882eca9dc70b2d799f0,15.044402100000298,32354.0,296.0,296.0,14.0,"{""interior"": 74, ""fronteira"": 74, ""liberacao"": 74, ""regret"": 74, ""abertura"": 0}","{""interior"": 1, ""fronteira"": 3, ""liberacao"": 2, ""regret"": 0, ""abertura"": 0}",0.7803468998754397,14.049670299893478,0.0,135.0,0.0,
holmberg_p66,holmberg,3.949967083607637,30,200,kernel,31798.0,True,-1,0,30.0,28.9968939,0.0,31415.0,31415.0,otimo_publicado,"[[0.8438438000157475, 35368.0], [7.168023000005633, 35368.0], [17.502611500007333, 33806.0], [17.988166600000113, 32505.0], [18.67944619996706, 32505.0], [27.9705915999657, 31798.0]]",28.9968939,26.84375,0.9257457054736473,False,76.4,997.54296875,4,3.0,,0.5,3.0,3882eca9dc70b2d799f0,,,,,,,,,,,,,0.5681581000098959
holmberg_p67,holmberg,2.9411764705882355,30,200,adaptativa:gnn,24848.0,True,0,0,30.0,27.0788743,0.0,24848.0,24848.0,otimo_publicado,"[[0.5622985999798402, 29341.0], [0.7099076999875251, 28250.999999999996], [1.1590303999837488, 27471.000000000007], [4.115929699968547, 26403.0], [7.114865199982887, 26403.0], [9.40077310000197, 26391.0], [9.960931199952029, 26391.0], [13.08692599995993, 26350.0], [15.19415429997025, 26350.0], [16.471877799980575, 25999.000000000007], [16.586973499972373, 24932.999999999996], [17.103611299971817, 24931.0], [18.56685289996676, 24925.0], [18.648890799988294, 24921.0], [24.461525799968513, 24904.0], [27.061439599987352, 24848.0]]",27.0788743,25.625,0.9463096477389387,False,77.4,921.46484375,6,4.0,True,1.0,4.0,3882eca9dc70b2d799f0,,,,,,,,,,,,,
holmberg_p67,holmberg,2.9411764705882355,30,200,adaptativa:pl,24848.0,True,-1,0,30.0,8.0095562,0.0,24848.0,24848.0,otimo_publicado,"[[0.592199000006076, 26936.0], [0.7127244000148494, 24965.999999999996], [0.8315313000057358, 24925.0], [0.9593678999808617, 24925.0], [2.135115399985807, 24917.0], [2.5677297999791335, 24904.0], [3.130820899968967, 24904.0], [5.084337999986019, 24848.0], [5.417855900013819, 24848.0]]",8.0095562,7.59375,0.9480862372874043,False,87.1,839.55078125,2,4.0,True,1.0,4.0,3882eca9dc70b2d799f0,,,,,,,,,,,,,
holmberg_p67,holmberg,2.9411764705882355,30,200,completo,24848.0,True,-1,0,30.0,6.5719901,0.0,24848.0,24848.0,otimo_publicado,"[[0.740437500004191, 39671.0], [1.0662240000092424, 27709.999999999993], [1.6351311999897007, 25999.000000000007], [1.7070294999866746, 24932.999999999996], [2.280074899987085, 24931.0], [3.486627000005683, 24925.0], [3.565762899990659, 24899.0], [4.943827499984764, 24851.0], [6.558888500003377, 24848.000000000004]]",6.5719901,6.421875,0.9771583496451098,False,76.5,921.46484375,6,1.0,True,1.0,1.0,3882eca9dc70b2d799f0,,,,,,,,,,,,,
holmberg_p67,holmberg,2.9411764705882355,30,200,hibrido:rotacao,24925.0,True,-1,0,30.0,29.9802583,0.0,24848.0,24848.0,otimo_publicado,"[[0.5652628000243567, 29341.0], [0.701480600022478, 28250.999999999996], [1.1209185000043362, 27471.000000000007], [3.667572900012601, 26403.0], [4.600501899985829, 26403.0], [6.508645099995192, 26391.0], [6.717084700008854, 26391.0], [8.41675689999829, 26391.0], [9.578908299998147, 25999.000000000007], [9.707676599995466, 24932.999999999996], [10.30083839999861, 24931.0], [11.526823099993635, 24925.0], [15.164872199995443, 24925.0]]",29.9802583,28.734375,0.958443209943925,False,76.5,839.55078125,2,,,,,3882eca9dc70b2d799f0,15.164455699996324,24925.0,329.0,329.0,4.0,"{""interior"": 83, ""fronteira"": 82, ""liberacao"": 82, ""regret"": 82, ""abertura"": 0}","{""interior"": 0, ""fronteira"": 0, ""liberacao"": 0, ""regret"": 0, ""abertura"": 0}",0.8641074998886324,13.842024899990065,0.0,216.0,0.0,
holmberg_p67,holmberg,2.9411764705882355,30,200,hibrido:rotacao,24848.0,True,-1,1,30.0,29.96277,0.0,24848.0,24848.0,otimo_publicado,"[[0.5139581999683287, 29341.0], [0.6895565999730024, 28250.999999999996], [1.1842532999871764, 27471.000000000007], [1.7392728999839164, 27453.999999999978], [4.611273299960885, 27454.0], [7.302814099966781, 27454.0], [9.41344169995864, 27454.0], [10.572594599972945, 25999.000000000007], [10.690849399950821, 24932.999999999996], [12.663040499959607, 24925.0], [12.75685089995386, 24899.0], [15.130115099978866, 24899.0], [15.275352299970109, 24895.0], [15.600825599976815, 24848.0]]",29.96277,27.328125,0.9120693780982199,False,76.6,997.54296875,4,,,,,3882eca9dc70b2d799f0,15.129810199985513,24899.0,313.0,313.0,4.0,"{""interior"": 79, ""fronteira"": 78, ""liberacao"": 78, ""regret"": 78, ""abertura"": 0}","{""interior"": 0, ""fronteira"": 0, ""liberacao"": 2, ""regret"": 0, ""abertura"": 0}",0.8420984999684151,13.891889000107767,0.0,202.0,0.0,
holmberg_p67,holmberg,2.9411764705882355,30,200,hibrido:rotacao,24925.0,True,-1,2,30.0,29.9580985,0.0,24848.0,24848.0,otimo_publicado,"[[0.6291745000344235, 29341.0], [0.7820587000460364, 28250.999999999996], [1.2132368000457063, 27471.000000000007], [4.2824516000109725, 27471.0], [7.312592400034191, 27471.0], [9.368341699999291, 27471.0], [10.541026999999303, 25990.000000000007], [10.621718200010946, 24932.999999999996], [12.506608000025153, 24925.0], [15.129046699992614, 24925.0]]",29.9580985,28.53125,0.9523718603168355,False,78.1,839.55078125,2,,,,,3882eca9dc70b2d799f0,15.128841199999442,24925.0,303.0,303.0,4.0,"{""interior"": 76, ""fronteira"": 76, ""liberacao"": 76, ""regret"": 75, ""abertura"": 0}","{""interior"": 0, ""fronteira"": 0, ""liberacao"": 0, ""regret"": 0, ""abertura"": 0}",0.8080482001823839,13.928106599923922,0.0,196.0,0.0,
holmberg_p67,holmberg,2.9411764705882355,30,200,hibridopl:rotacao,24848.0,True,-1,0,30.0,29.9857262,0.0,24848.0,24848.0,otimo_publicado,"[[0.47043919999850914, 26936.0], [0.5568162999988999, 24965.999999999996], [0.6434211999876425, 24925.0], [0.8844285999948625, 24925.0], [1.9475502999848686, 24917.0], [2.23810719998437, 24904.0], [2.638163900002837, 24904.0], [4.331334099988453, 24848.0], [4.58645709999837, 24848.0], [6.86777000001166, 24848.0]]",29.9857262,28.796875,0.9603527627755102,False,77.1,839.55078125,2,,,,,3882eca9dc70b2d799f0,6.8675713000120595,24848.0,475.0,475.0,4.0,"{""interior"": 119, ""fronteira"": 119, ""liberacao"": 119, ""regret"": 118, ""abertura"": 0}","{""interior"": 0, ""fronteira"": 0, ""liberacao"": 0, ""regret"": 0, ""abertura"": 0}",1.2954426002397668,21.683691000100225,0.0,325.0,0.0,
holmberg_p67,holmberg,2.9411764705882355,30,200,hibridopl:rotacao,24848.0,True,-1,1,30.0,29.9714711,0.0,24848.0,24848.0,otimo_publicado,"[[0.701987000007648, 26936.0], [0.8236188000009861, 24965.999999999996], [0.9641835000074934, 24925.0], [1.1744649000174832, 24925.0], [2.247245300008217, 24917.0], [2.637637200008612, 24904.0], [3.289355799992336, 24904.0], [5.922999200003687, 24852.0], [6.46196160002728, 24852.0], [11.973331500019412, 24848.0], [13.277559800015297, 24848.0]]",29.9714711,27.296875,0.9107619345384752,False,79.7,997.54296875,4,,,,,3882eca9dc70b2d799f0,13.277115300006699,24848.0,338.0,338.0,4.0,"{""interior"": 85, ""fronteira"": 85, ""liberacao"": 84, ""regret"": 84, ""abertura"": 0}","{""interior"": 0, ""fronteira"": 0, ""liberacao"": 0, ""regret"": 0, ""abertura"": 0}",0.9189753999817185,15.647005700040609,0.0,224.0,0.0,
holmberg_p67,holmberg,2.9411764705882355,30,200,hibridopl:rotacao,24848.0,True,-1,2,30.0,29.9679456,0.0,24848.0,24848.0,otimo_publicado,"[[0.49960479998844676, 26936.0], [0.6486805999884382, 24965.999999999996], [0.8035718000028282, 24925.0], [1.0157759999856353, 24925.0], [2.266264299978502, 24917.0], [2.614019999979064, 24904.0], [3.0485656000091694, 24904.0], [6.390155399974901, 24904.0], [10.22629659998347, 24848.0], [10.370699899998726, 24848.0]]",29.9679456,28.625,0.9551872651557403,False,79.1,921.46484375,6,,,,,3882eca9dc70b2d799f0,10.370318300003419,24848.0,392.0,392.0,4.0,"{""interior"": 98, ""fronteira"": 98, ""liberacao"": 98, ""regret"": 98, ""abertura"": 0}","{""interior"": 0, ""fronteira"": 0, ""liberacao"": 0, ""regret"": 0, ""abertura"": 0}",1.0809191002044827,18.386935600661673,0.0,263.0,0.0,
holmberg_p67,holmberg,2.9411764705882355,30,200,kernel,24848.0,True,-1,0,30.0,15.9157173,0.0,24848.0,24848.0,otimo_publicado,"[[0.5271345000073779, 26819.0], [0.676656700001331, 26224.999999999993], [2.272276100004092, 25942.99999999999], [2.543271200003801, 25918.999999999993], [3.7045626000035554, 25909.999999999996], [5.267952599999262, 24947.0], [7.28176190002705, 24947.0], [9.088832200010074, 24921.0], [10.579936600028304, 24904.0], [14.530881700018654, 24848.0], [14.728388500021538, 24848.0]]",15.9157173,15.296875,0.961117536311103,False,78.1,921.46484375,6,3.0,,0.4666666666666667,3.0,3882eca9dc70b2d799f0,,,,,,,,,,,,,0.22119470001780428
holmberg_p68,holmberg,2.978275181040158,30,200,adaptativa:gnn,20538.0,True,0,0,30.0,17.0028617,0.0,20538.0,20538.0,otimo_publicado,"[[0.561206599988509, 25511.0], [0.6728118999744765, 24688.000000000004], [0.7271247000026051, 23995.000000000004], [2.0139944999828003, 23748.0], [2.2753556999959983, 23685.0], [3.4552338999928907, 23673.0], [5.901290699985111, 23673.0], [6.384900999983074, 23672.000000000004], [6.462467099976493, 23647.000000000015], [6.643462899985025, 23604.99999999999], [6.909785499970894, 23556.999999999985], [7.352280899969628, 23485.0], [7.452083799988031, 23484.0], [11.48020930000348, 23484.0], [11.886297399993055, 23319.000000000007], [12.381120600010036, 22855.0], [16.05102509999415, 22855.0], [16.89688479999313, 20538.0]]",17.0028617,16.25,0.955721471286213,False,76.1,921.46484375,6,111.0,True,1.0,4.0,3882eca9dc70b2d799f0,,,,,,,,,,,,,
holmberg_p68,holmberg,2.978275181040158,30,200,adaptativa:pl,20538.0,True,-1,0,30.0,3.2207043,0.0,20538.0,20538.0,otimo_publicado,"[[0.3672657000133768, 24496.0], [0.4614391000068281, 22596.000000000004], [0.5562960999959614, 22520.000000000004], [0.7510344999900553, 22520.0], [1.116778499999782, 22418.0], [1.1936314000049606, 22359.000000000004], [1.4652839999762364, 22359.0], [1.7085693999833893, 21394.0], [1.8699401999765541, 20538.0], [2.3409021999977995, 20538.0]]",3.2207043,2.984375,0.9266218572130326,False,83.6,921.46484375,6,4.0,True,1.0,4.0,3882eca9dc70b2d799f0,,,,,,,,,,,,,
holmberg_p68,holmberg,2.978275181040158,30,200,completo,20538.0,True,-1,0,30.0,0.9863424,0.0,20538.0,20538.0,otimo_publicado,"[[0.6476819000090472, 23882.0], [0.8911226000054739, 20538.0]]",0.9863424,0.984375,0.9980053579771081,False,72.2,839.55078125,2,1.0,True,1.0,1.0,3882eca9dc70b2d799f0,,,,,,,,,,,,,
holmberg_p68,holmberg,2.978275181040158,30,200,hibrido:rotacao,20538.0,True,-1,0,30.0,29.9582859,0.0,20538.0,20538.0,otimo_publicado,"[[0.42045890001463704, 25511.0], [0.5761532000033185, 24688.000000000004], [0.6606859000166878, 23995.000000000004], [2.190629300021101, 23748.0], [2.403333599999314, 23685.0], [3.6836568000144325, 23685.0], [4.184926500020083, 23672.000000000004], [4.283098000014434, 23644.000000000007], [4.494842100015376, 23592.999999999996], [5.105623400013428, 23485.0], [5.252581300010206, 23484.0], [6.673688000009861, 23484.0], [7.040426300023682, 23319.000000000007], [7.485583700006828, 22855.0], [8.99182610004209, 22855.0], [9.8601900000358, 20538.0], [9.960960899974452, 20538.0]]",29.9582859,28.6875,0.9575814883320811,False,77.3,921.46484375,6,,,,,3882eca9dc70b2d799f0,9.960687899991171,20538.0,622.0,622.0,4.0,"{""interior"": 156, ""fronteira"": 156, ""liberacao"": 155, ""regret"": 155, ""abertura"": 0}","{""interior"": 0, ""fronteira"": 0, ""liberacao"": 0, ""regret"": 0, ""abertura"": 0}",0.8999245002923999,18.922835600475082,0.0,585.0,0.0,
holmberg_p68,holmberg,2.978275181040158,30,200,hibrido:rotacao,20538.0,True,-1,1,30.0,29.9504026,0.0,20538.0,20538.0,otimo_publicado,"[[0.6532452999963425, 25511.0], [0.7725800999905914, 24688.000000000004], [0.834029699995881, 23995.000000000004], [2.103517399984412, 23743.0], [2.3301502999966033, 23673.0], [4.4474510999862105, 23673.0], [4.979657399991993, 23672.000000000004], [5.0357722000044305, 23647.000000000015], [5.163547699979972, 23604.999999999985], [5.389884500007611, 23556.99999999999], [5.809467499988386, 23550.0], [5.853276499983622, 23485.0], [5.939700899994932, 23484.0], [7.396355600008974, 23484.0], [7.823699600005057, 23319.000000000007], [8.200734899990493, 22807.999999999996], [9.507131499995012, 22808.0], [10.167401300015626, 20538.0], [10.319699099985883, 20538.0]]",29.9504026,28.890625,0.9646155808269502,False,77.5,839.55078125,2,,,,,3882eca9dc70b2d799f0,10.319313099986175,20538.0,558.0,558.0,4.0,"{""interior"": 140, ""fronteira"": 140, ""liberacao"": 139, ""regret"": 139, ""abertura"": 0}","{""interior"": 0, ""fronteira"": 0, ""liberacao"": 0, ""regret"": 0, ""abertura"": 0}",0.8335422997188289,18.6397969997779,0.0,521.0,0.0,
holmberg_p68,holmberg,2.978275181040158,30,200,hibrido:rotacao,20538.0,True,-1,2,30.0,30.005843,0.00584299999999871,20538.0,20538.0,otimo_publicado,"[[0.4881113000155892, 25511.0], [0.6292148000211455, 24688.000000000004], [0.7245457000099123, 23995.000000000004], [1.5997170000337064, 23912.999999999993], [2.1930443000164814, 23761.0], [2.2825054000131786, 23673.0], [4.622261300042737, 23673.0], [5.092956200038316, 23672.000000000004], [5.259283800056437, 23604.999999999985], [5.494150200043805, 23556.999999999985], [5.923844300035853, 23485.0], [6.002133400033927, 23484.0], [7.316114800021751, 23484.0], [7.705334700032836, 23319.000000000007], [8.101284400036093, 22825.000000000004], [9.457241900003282, 22825.0], [10.137884199997643, 20538.0], [10.243365100002848, 20538.0]]",30.005843,27.1875,0.9060735270793758,False,77.7,997.54296875,4,,,,,3882eca9dc70b2d799f0,10.243138399993768,20538.0,546.0,546.0,4.0,"{""interior"": 137, ""fronteira"": 137, ""liberacao"": 136, ""regret"": 136, ""abertura"": 0}","{""interior"": 0, ""fronteira"": 0, ""liberacao"": 0, ""regret"": 0, ""abertura"": 0}",0.8544054003432393,18.754775999725098,0.0,509.0,0.0,
holmberg_p68,holmberg,2.978275181040158,30,200,hibridopl:rotacao,20538.0,True,-1,0,30.0,29.9558871,0.0,20538.0,20538.0,otimo_publicado,"[[0.5101627999683842, 24496.0], [0.6128946999670006, 22596.000000000004], [0.7085850999574177, 22520.000000000004], [0.8562329999986105, 22520.0], [1.1139916000247467, 22418.0], [1.1714136000082362, 22359.000000000004], [1.32117259997176, 22359.0], [1.4959758999757469, 21394.0], [1.6235818999703042, 20538.0], [1.957553900021594, 20538.0], [2.702573199989274, 20538.0]]",29.9558871,28.8125,0.9618309717825048,False,77.0,839.55078125,2,,,,,3882eca9dc70b2d799f0,2.70234989997698,20538.0,832.0,832.0,4.0,"{""interior"": 208, ""fronteira"": 208, ""liberacao"": 208, ""regret"": 208, ""abertura"": 0}","{""interior"": 0, ""fronteira"": 0, ""liberacao"": 0, ""regret"": 0, ""abertura"": 0}",1.2079022995894775,25.81973490017117,0.0,795.0,0.0,
holmberg_p68,holmberg,2.978275181040158,30,200,hibridopl:rotacao,20538.0,True,-1,1,30.0,30.0131139,0.013113900000000456,20538.0,20538.0,otimo_publicado,"[[0.47408640003413893, 24496.0], [0.5530985000368673, 22596.000000000004], [0.6328451000154018, 22520.000000000004], [0.7546767999883741, 22520.0], [0.9732727999798954, 22418.0], [1.0085653999994975, 22359.0], [1.1740263999963645, 22359.0], [1.3628261999983806, 21394.0], [1.4878740000131074, 20538.0], [2.0805450000043493, 20538.0], [2.8146331000025384, 20538.0]]",30.0131139,28.625,0.9537497540366846,False,77.4,921.46484375,6,,,,,3882eca9dc70b2d799f0,2.8142774000007194,20538.0,790.0,790.0,4.0,"{""interior"": 198, ""fronteira"": 198, ""liberacao"": 197, ""regret"": 197, ""abertura"": 0}","{""interior"": 0, ""fronteira"": 0, ""liberacao"": 0, ""regret"": 0, ""abertura"": 0}",1.1577123003371526,25.82570590006071,0.0,753.0,0.0,
holmberg_p68,holmberg,2.978275181040158,30,200,hibridopl:rotacao,20538.0,True,-1,2,30.0,29.9523236,0.0,20538.0,20538.0,otimo_publicado,"[[0.4741663000022527, 24496.0], [0.5545611999987159, 22596.000000000004], [0.629404200008139, 22520.000000000004], [0.7696126000082586, 22520.0], [1.0147707000141963, 22418.0], [1.0587603000167292, 22359.0], [1.2562506000103895, 22359.0], [1.4925027000135742, 21394.0], [1.6471449000237044, 20538.0], [1.9355605999880936, 20538.0], [2.6933181999775115, 20538.0]]",29.9523236,27.578125,0.9207340762036906,False,76.3,997.54296875,4,,,,,3882eca9dc70b2d799f0,2.6929377999913413,20538.0,760.0,760.0,4.0,"{""interior"": 190, ""fronteira"": 190, ""liberacao"": 190, ""regret"": 190, ""abertura"": 0}","{""interior"": 0, ""fronteira"": 0, ""liberacao"": 0, ""regret"": 0, ""abertura"": 0}",1.0956168003904168,25.937286099768244,0.0,723.0,0.0,
holmberg_p68,holmberg,2.978275181040158,30,200,kernel,20538.0,True,-1,0,30.0,1.8585832,0.0,20538.0,20538.0,otimo_publicado,"[[0.4222048999799881, 20687.0], [0.5217168999952264, 20538.0], [1.0483155999681912, 20538.0]]",1.8585832,1.765625,0.9499843751950411,False,73.9,921.46484375,6,2.0,,0.5,2.0,3882eca9dc70b2d799f0,,,,,,,,,,,,,0.14094519999343902
holmberg_p69,holmberg,2.978275181040158,30,200,adaptativa:gnn,24532.0,True,0,0,30.0,13.3404593,0.0,24532.0,24532.0,otimo_publicado,"[[0.7076436999777798, 29711.0], [0.8836662999819964, 27832.000000000007], [0.9756777999864426, 27642.0], [1.115452500001993, 27153.000000000004], [1.518717300001299, 27122.000000000004], [1.5635063999798149, 27112.999999999993], [1.5966934000025503, 27082.00000000001], [1.6456795999838505, 26976.0], [1.8180685999977868, 26976.0], [3.396970500005409, 26976.0], [7.922041200014064, 26898.0], [8.177949000004446, 26428.0], [10.43444499996258, 26428.0], [11.326384099957068, 26422.000000000004], [11.466984099970432, 25248.0], [13.328479899966624, 24532.0]]",13.3404593,12.875,0.9651091998009393,False,77.3,921.46484375,6,4.0,True,1.0,4.0,3882eca9dc70b2d799f0,,,,,,,,,,,,,
holmberg_p69,holmberg,2.978275181040158,30,200,adaptativa:pl,24532.0,True,-1,0,30.0,4.20413,0.0,24532.0,24532.0,otimo_publicado,"[[0.4929006999882404, 27959.0], [1.3949382999853697, 26445.000000000004], [1.5982490000023972, 26340.999999999996], [1.8030914999835659, 25866.0], [1.9599533000146039, 25866.0], [2.0818003000167664, 24681.0], [2.1864644000306726, 24532.0], [2.397787400026573, 24532.0], [3.3847209000377916, 24532.0]]",4.20413,4.046875,0.9625951148037762,False,78.3,921.46484375,6,4.0,True,1.0,4.0,3882eca9dc70b2d799f0,,,,,,,,,,,,,
holmberg_p69,holmberg,2.978275181040158,30,200,completo,24532.0,True,-1,0,30.0,3.1170401,0.0,24532.0,24532.0,otimo_publicado,"[[0.904534799978137, 32882.0], [1.2314147999859415, 26422.000000000004], [1.3823069999925792, 25248.0], [3.1015303999884054, 24532.0]]",3.1170401,2.8125,0.9022983053698924,False,79.5,997.54296875,4,1.0,True,1.0,1.0,3882eca9dc70b2d799f0,,,,,,,,,,,,,
holmberg_p69,holmberg,2.978275181040158,30,200,hibrido:rotacao,24532.0,True,-1,0,30.0,29.9870467,0.0,24532.0,24532.0,otimo_publicado,"[[0.5647768999624532, 29711.0], [0.7392700999625959, 27832.000000000007], [0.8292064999695867, 27642.0], [0.9680499999667518, 27153.000000000004], [1.4821639999572653, 27122.000000000004], [1.5341961999656633, 27112.999999999993], [1.584664999973029, 27082.00000000001], [1.6285893999738619, 26976.0], [1.9329867999767885, 26976.0], [3.454162199952407, 26976.0], [5.987971099995775, 26976.0], [6.675227100000484, 26422.000000000004], [6.82052529999055, 25248.0], [8.583317999989958, 24532.0], [8.606353399984073, 24532.0]]",29.9870467,28.90625,0.9639578811874129,False,76.9,948.16796875,2,,,,,3882eca9dc70b2d799f0,8.60595349999494,24532.0,522.0,522.0,4.0,"{""interior"": 131, ""fronteira"": 131, ""liberacao"": 130, ""regret"": 130, ""abertura"": 0}","{""interior"": 0, ""fronteira"": 0, ""liberacao"": 0, ""regret"": 0, ""abertura"": 0}",1.0788524001545738,20.14511319997837,0.0,417.0,0.0,
holmberg_p69,holmberg,2.978275181040158,30,200,hibrido:rotacao,24532.0,True,-1,1,30.0,29.9942037,0.0,24532.0,24532.0,otimo_publicado,"[[1.021099800011143, 29711.0], [1.2181598999886774, 27832.000000000007], [1.3169766000064556, 27642.0], [1.4523986999993213, 27153.000000000004], [1.591711299988674, 27113.999999999996], [1.9376401999907102, 26976.0], [2.074229699996067, 26976.0], [3.372535100003006, 26976.0], [6.142651400004979, 26976.0], [6.769479100010358, 24532.000000000004], [7.007393999985652, 24532.0]]",29.9942037,28.734375,0.9579975947152749,False,77.5,921.46484375,6,,,,,3882eca9dc70b2d799f0,7.007177499996033,24532.0,542.0,542.0,4.0,"{""interior"": 136, ""fronteira"": 136, ""liberacao"": 135, ""regret"": 135, ""abertura"": 0}","{""interior"": 0, ""fronteira"": 0, ""liberacao"": 0, ""regret"": 0, ""abertura"": 0}",1.119948200386716,21.7194823003083,0.0,441.0,0.0,
holmberg_p69,holmberg,2.978275181040158,30,200,hibrido:rotacao,24532.0,True,-1,2,30.0,30.0102427,0.01024269999999916,24532.0,24532.0,otimo_publicado,"[[0.8026524999877438, 29711.0], [0.9444058999943081, 27832.000000000007], [1.0359222999832127, 27642.0], [1.1898509000020567, 27153.000000000004], [1.7925857999944128, 27082.00000000001], [1.858884199988097, 26976.0], [2.025646800000686, 26976.0], [3.6612121000362094, 26976.0], [6.032386300008511, 26976.0], [6.713042099989252, 26422.000000000004], [6.843490700004622, 25248.0], [8.298973800003296, 24532.0], [8.322015999990981, 24532.0]]",30.0102427,27.484375,0.9158331465276687,False,77.0,997.54296875,4,,,,,3882eca9dc70b2d799f0,8.321803200000431,24532.0,535.0,535.0,4.0,"{""interior"": 134, ""fronteira"": 134, ""liberacao"": 134, ""regret"": 133, ""abertura"": 0}","{""interior"": 0, ""fronteira"": 0, ""liberacao"": 0, ""regret"": 0, ""abertura"": 0}",1.0955684000218753,20.445981800497975,0.0,441.0,0.0,
holmberg_p69,holmberg,2.978275181040158,30,200,hibridopl:rotacao,24532.0,True,-1,0,30.0,29.9566511,0.0,24532.0,24532.0,otimo_publicado,"[[0.43001000001095235, 27959.0], [1.151383500022348, 26445.000000000004], [1.2859875000140164, 26340.999999999996], [1.5050135000201408, 25866.0], [1.6222392999916337, 25866.0], [1.7454483999754302, 24681.0], [1.8559486999874935, 24532.0], [2.305249899975024, 24532.0], [3.02693970000837, 24532.0], [3.7980843000113964, 24532.0]]",29.9566511,26.984375,0.9007807618388959,False,77.7,997.54296875,4,,,,,3882eca9dc70b2d799f0,3.7977232999983244,24532.0,594.0,594.0,4.0,"{""interior"": 149, ""fronteira"": 149, ""liberacao"": 148, ""regret"": 148, ""abertura"": 0}","{""interior"": 0, ""fronteira"": 0, ""liberacao"": 0, ""regret"": 0, ""abertura"": 0}",1.2981600999482907,24.66398810010287,0.0,478.0,0.0,
holmberg_p69,holmberg,2.978275181040158,30,200,hibridopl:rotacao,24532.0,True,-1,1,30.0,29.9548935,0.0,24532.0,24532.0,otimo_publicado,"[[0.4486612000328023, 27959.0], [1.1293352000357118, 26560.000000000004], [1.497453800024232, 25866.0], [1.6357143000059295, 25866.0], [1.7699824000010267, 24681.0], [1.8694759999925736, 24532.0], [2.0714326000306755, 24532.0], [3.018068100005621, 24532.0], [3.9641413999779616, 24532.0]]",29.9548935,29.109375,0.9717736102116337,False,75.9,921.46484375,6,,,,,3882eca9dc70b2d799f0,3.96390549998614,24532.0,627.0,627.0,4.0,"{""interior"": 157, ""fronteira"": 157, ""liberacao"": 157, ""regret"": 156, ""abertura"": 0}","{""interior"": 0, ""fronteira"": 0, ""liberacao"": 0, ""regret"": 0, ""abertura"": 0}",1.3044644992914982,24.515649999608286,0.0,512.0,0.0,
holmberg_p69,holmberg,2.978275181040158,30,200,hibridopl:rotacao,24532.0,True,-1,2,30.0,29.9955928,0.0,24532.0,24532.0,otimo_publicado,"[[0.4810041999735404, 27959.0], [1.4031346999690868, 26445.000000000004], [1.8070400999858975, 25866.0], [1.9141806999978144, 25866.0], [2.045673099986743, 24681.0], [2.1640141000098083, 24532.0], [2.390551999968011, 24532.0], [3.440038499975344, 24532.0], [4.1533589999889955, 24532.0]]",29.9955928,28.796875,0.9600368691496572,False,77.2,948.16796875,2,,,,,3882eca9dc70b2d799f0,4.153147499979241,24532.0,655.0,655.0,4.0,"{""interior"": 164, ""fronteira"": 164, ""liberacao"": 164, ""regret"": 163, ""abertura"": 0}","{""interior"": 0, ""fronteira"": 0, ""liberacao"": 0, ""regret"": 0, ""abertura"": 0}",1.340912500047125,24.33310490011354,0.0,545.0,0.0,
holmberg_p69,holmberg,2.978275181040158,30,200,kernel,24532.0,True,-1,0,30.0,3.3615144,0.0,24532.0,24532.0,otimo_publicado,"[[0.7284056999778841, 24716.0], [1.1058410999830812, 24616.999999999996], [1.3675725999637507, 24532.0], [1.999471299990546, 24532.0], [2.888175300002331, 24532.0]]",3.3615144,3.078125,0.915695913722696,False,83.0,997.54296875,4,3.0,,0.43333333333333335,3.0,3882eca9dc70b2d799f0,,,,,,,,,,,,,0.279555299988715
holmberg_p7,holmberg,1.3736263736263736,10,50,adaptativa:gnn,9488.0,True,0,0,30.0,1.8148998,0.0,9488.0,9488.0,otimo_publicado,"[[0.10562950003077276, 11866.0], [0.21550020002177916, 11354.000000000004], [0.4260820000199601, 11005.999999999995], [0.8325877000170294, 10743.0], [0.8744394000095781, 10743.0], [1.1831971000065096, 10743.0], [1.6055437000177335, 10743.0], [1.6438226000173017, 10092.0], [1.6669055000238586, 9701.0], [1.8128082000184804, 9488.0]]",1.8148998,1.703125,0.9384126881274658,False,89.6,921.46484375,6,4.0,True,1.0,4.0,3882eca9dc70b2d799f0,,,,,,,,,,,,,
holmberg_p7,holmberg,1.3736263736263736,10,50,adaptativa:pl,9488.0,True,-1,0,30.0,0.5190568,0.0,9488.0,9488.0,otimo_publicado,"[[0.06047329999273643, 24960.0], [0.06455979999736883, 9601.999999999998], [0.11632849997840822, 9488.0], [0.13550890001351945, 9488.0], [0.25293729998520575, 9488.0], [0.4021010999858845, 9488.0]]",0.5190568,0.5,0.9632857136251756,False,79.8,948.16796875,2,4.0,True,1.0,4.0,3882eca9dc70b2d799f0,,,,,,,,,,,,,
holmberg_p7,holmberg,1.3736263736263736,10,50,completo,9488.0,True,-1,0,30.0,0.2759753,0.0,9488.0,9488.0,otimo_publicado,"[[0.08996029998525046, 10092.0], [0.11303169999155216, 9701.0], [0.273547899996629, 9488.0]]",0.2759753,0.265625,0.9624955566675714,False,100.0,948.16796875,2,1.0,True,1.0,1.0,3882eca9dc70b2d799f0,,,,,,,,,,,,,
holmberg_p7,holmberg,1.3736263736263736,10,50,hibrido:rotacao,9488.0,True,-1,0,30.0,29.9669108,0.0,9488.0,9488.0,otimo_publicado,"[[0.10171519999857992, 11866.0], [0.22347749999607913, 11354.000000000004], [0.4529108999995515, 11005.999999999995], [0.824401099991519, 10743.0], [0.8633095000113826, 10743.0], [1.2046210000116844, 10743.0], [1.6125211999751627, 10743.0], [1.65443939997931, 10092.0], [1.675926600000821, 9701.0], [1.8184369999798946, 9488.0], [1.820042100007413, 9488.0]]",29.9669108,28.59375,0.9541774322630546,False,78.6,921.46484375,6,,,,,3882eca9dc70b2d799f0,1.819827900006203,9488.0,796.0,796.0,4.0,"{""interior"": 199, ""fronteira"": 199, ""liberacao"": 199, ""regret"": 199, ""abertura"": 0}","{""interior"": 0, ""fronteira"": 0, ""liberacao"": 0, ""regret"": 0, ""abertura"": 0}",0.8180814999213908,27.148876600287622,0.0,778.0,0.0,
holmberg_p7,holmberg,1.3736263736263736,10,50,hibrido:rotacao,9488.0,True,-1,1,30.0,29.9698892,0.0,9488.0,9488.0,otimo_publicado,"[[0.07780130000901408, 11866.0], [0.15943900001002476, 11354.000000000004], [0.3082021999871358, 11005.999999999995], [0.6413798999856226, 10743.0], [0.6859170999960043, 10743.0], [1.0951439999917056, 10743.0], [1.4353925999894273, 10743.0], [1.4571656999760307, 10092.0], [1.4754608999937773, 9701.0], [1.5969811999821104, 9488.0], [1.5987468999810517, 9488.0]]",29.9698892,29.0625,0.969723304816222,False,76.3,948.16796875,2,,,,,3882eca9dc70b2d799f0,1.598302700003842,9488.0,841.0,841.0,4.0,"{""interior"": 211, ""fronteira"": 210, ""liberacao"": 210, ""regret"": 210, ""abertura"": 0}","{""interior"": 0, ""fronteira"": 0, ""liberacao"": 0, ""regret"": 0, ""abertura"": 0}",0.8243533997738268,27.36010040011024,0.0,823.0,0.0,
holmberg_p7,holmberg,1.3736263736263736,10,50,hibrido:rotacao,9488.0,True,-1,2,30.0,29.95107,0.0,9488.0,9488.0,otimo_publicado,"[[0.06333250002353452, 11866.0], [0.13140060001751408, 11354.000000000004], [0.2611482000211254, 11005.999999999995], [0.6245444000232965, 10743.0], [0.6744575000193436, 10743.0], [0.9874986999784596, 10743.0], [1.263874099997338, 10743.0], [1.2930932999879587, 10092.0], [1.3101622000103816, 9701.0], [1.4376555999915581, 9488.0], [1.4390335000061896, 9488.0]]",29.95107,28.859375,0.9635507178875412,False,75.6,921.46484375,6,,,,,3882eca9dc70b2d799f0,1.438750200002687,9488.0,852.0,852.0,4.0,"{""interior"": 213, ""fronteira"": 213, ""liberacao"": 213, ""regret"": 213, ""abertura"": 0}","{""interior"": 0, ""fronteira"": 0, ""liberacao"": 0, ""regret"": 0, ""abertura"": 0}",0.8694246005616151,27.44489180034725,0.0,834.0,0.0,
holmberg_p7,holmberg,1.3736263736263736,10,50,hibridopl:rotacao,9488.0,True,-1,0,30.0,29.9573456,0.0,9488.0,9488.0,otimo_publicado,"[[0.05776620004326105, 24960.0], [0.06019330004346557, 9601.999999999998], [0.1059349000279326, 9488.0], [0.13036120001925156, 9488.0], [0.23738360003335401, 9488.0], [0.3967481000290718, 9488.0], [0.5131083999876864, 9488.0]]",29.9573456,28.6875,0.9576115448626397,False,78.0,948.16796875,2,,,,,3882eca9dc70b2d799f0,0.5127814000006765,9488.0,840.0,840.0,4.0,"{""interior"": 210, ""fronteira"": 210, ""liberacao"": 210, ""regret"": 210, ""abertura"": 0}","{""interior"": 0, ""fronteira"": 0, ""liberacao"": 0, ""regret"": 0, ""abertura"": 0}",0.8431769002345391,28.406276599882403,0.0,822.0,0.0,
holmberg_p7,holmberg,1.3736263736263736,10,50,hibridopl:rotacao,9488.0,True,-1,1,30.0,29.9604269,0.0,9488.0,9488.0,otimo_publicado,"[[0.06196089996956289, 24960.0], [0.06572819995926693, 9601.999999999998], [0.1467006999591831, 9488.0], [0.17058179999003187, 9488.0], [0.2688957999635022, 9488.0], [0.35393240000121295, 9488.0], [0.423477800010005, 9488.0]]",29.9604269,27.703125,0.9246572184190073,False,76.4,997.54296875,4,,,,,3882eca9dc70b2d799f0,0.42327329999534413,9488.0,833.0,833.0,4.0,"{""interior"": 209, ""fronteira"": 208, ""liberacao"": 208, ""regret"": 208, ""abertura"": 0}","{""interior"": 0, ""fronteira"": 0, ""liberacao"": 0, ""regret"": 0, ""abertura"": 0}",0.9065544003387913,28.4244459993497,0.0,815.0,0.0,
holmberg_p7,holmberg,1.3736263736263736,10,50,hibridopl:rotacao,9488.0,True,-1,2,30.0,29.9604665,0.0,9488.0,9488.0,otimo_publicado,"[[0.07580939997569658, 24960.0], [0.0783019999798853, 9601.999999999998], [0.13326199998846278, 9488.0], [0.16936560001340695, 9488.0], [0.2978319000103511, 9488.0], [0.42495009998674504, 9488.0], [0.533788500004448, 9488.0]]",29.9604665,27.359375,0.9131825434026536,False,77.7,997.54296875,4,,,,,3882eca9dc70b2d799f0,0.5335866999812424,9488.0,839.0,839.0,4.0,"{""interior"": 210, ""fronteira"": 210, ""liberacao"": 210, ""regret"": 209, ""abertura"": 0}","{""interior"": 0, ""fronteira"": 0, ""liberacao"": 0, ""regret"": 0, ""abertura"": 0}",0.9016669996490236,28.321490900736535,0.0,821.0,0.0,
holmberg_p7,holmberg,1.3736263736263736,10,50,kernel,9488.0,True,-1,0,30.0,0.317866,0.0,9488.0,9488.0,otimo_publicado,"[[0.054220099962549284, 10122.0], [0.07173339996370487, 9701.0], [0.18190129997674376, 9488.0], [0.2425886999699287, 9488.0]]",0.317866,0.328125,1.032274606280634,False,86.4,997.54296875,4,2.0,,0.9,2.0,3882eca9dc70b2d799f0,,,,,,,,,,,,,0.009659199975430965
holmberg_p70,holmberg,2.978275181040158,30,200,adaptativa:gnn,32753.0,True,0,0,30.0,28.9897428,0.0,32321.0,32321.0,otimo_publicado,"[[0.7315706000372302, 39511.0], [0.9505564000282902, 35162.999999999985], [1.1090070000500418, 35047.99999999999], [1.1825601000455208, 34939.0], [1.755412200029241, 34709.0], [3.0952965000469703, 34676.0], [3.3926296000136063, 34676.0], [7.35906630003592, 34676.0], [11.544184500031406, 34518.0], [12.202929200051585, 34518.0], [14.49320930003887, 34256.0], [22.423108400049387, 32753.0]]",28.9897428,27.5,0.948611382643933,False,78.3,921.46484375,6,4.0,False,1.0,4.0,3882eca9dc70b2d799f0,,,,,,,,,,,,,
holmberg_p70,holmberg,2.978275181040158,30,200,adaptativa:pl,32321.0,True,-1,0,30.0,29.0504788,0.0,32321.0,32321.0,otimo_publicado,"[[0.5641679000109434, 34283.0], [0.6549312999995891, 33592.99999999999], [0.7890121999953408, 32707.999999999978], [2.566111699998146, 32325.0], [2.6709923000016715, 32322.0], [3.4966140000033192, 32321.0], [4.126729799987515, 32321.0], [11.371951600012835, 32321.0], [16.471474300022237, 32321.0]]",29.0504788,27.90625,0.9606123944504488,False,77.6,921.46484375,6,4.0,False,1.0,4.0,3882eca9dc70b2d799f0,,,,,,,,,,,,,
holmberg_p70,holmberg,2.978275181040158,30,200,completo,32549.0,True,-1,0,30.0,29.208145,0.0,32321.0,32321.0,otimo_publicado,"[[0.7301051000249572, 53882.0], [1.455030800017994, 37191.0], [1.7670384000230115, 37068.00000000002], [2.0077412000100594, 35814.99999999995], [2.400345100002596, 34256.0], [9.877922600018792, 32753.0], [25.95199890001095, 32549.0]]",29.208145,27.984375,0.958101755520592,False,76.2,948.16796875,2,21.0,False,1.0,1.0,3882eca9dc70b2d799f0,,,,,,,,,,,,,
holmberg_p70,holmberg,2.978275181040158,30,200,hibrido:rotacao,32646.0,True,-1,0,30.0,29.973031,0.0,32321.0,32321.0,otimo_publicado,"[[0.6601438000216149, 39511.0], [0.8423033000144642, 35162.999999999985], [0.965473500022199, 35047.99999999999], [1.03020170002128, 34939.0], [1.6688274000189267, 34709.0], [3.1665903000102844, 34676.0], [3.651074900000822, 34676.0], [6.304385000024922, 34676.0], [8.335402200027602, 34676.0], [10.470160000026226, 34256.0], [15.017132699984359, 34256.0], [15.046704000007594, 34253.0], [15.101611799997045, 34228.0], [16.003888000006555, 32886.0], [16.1214393999835, 32874.0], [16.341869900003076, 32795.0], [16.37124790000962, 32792.0], [16.456223599991063, 32657.0], [16.812727199983783, 32646.0]]",29.973031,28.734375,0.9586743162545023,False,78.0,921.46484375,6,,,,,3882eca9dc70b2d799f0,15.01692439999897,34256.0,247.0,247.0,4.0,"{""interior"": 62, ""fronteira"": 62, ""liberacao"": 62, ""regret"": 61, ""abertura"": 0}","{""interior"": 2, ""fronteira"": 2, ""liberacao"": 3, ""regret"": 1, ""abertura"": 0}",0.7121380001481157,14.161618000245653,0.0,145.0,0.0,
holmberg_p70,holmberg,2.978275181040158,30,200,hibrido:rotacao,34170.0,True,-1,1,30.0,29.961739,0.0,32321.0,32321.0,otimo_publicado,"[[0.7022717999934684, 39511.0], [0.9035572000138927, 35162.999999999985], [1.0342600000149105, 35047.99999999999], [1.1052092000027187, 34939.0], [1.7521389999892563, 34768.0], [2.9448451999924146, 34676.0], [4.199808800040046, 34676.0], [7.286307700007455, 34676.0], [9.62156580001465, 34676.0], [15.025347599992529, 34676.0], [15.805028500006301, 34660.0], [15.967490100010764, 34385.0], [16.073414799990132, 34363.0], [16.12838459998602, 34291.0], [16.71016899999813, 34277.0], [17.22946289999527, 34260.0], [17.59763559998828, 34241.0], [18.86605710000731, 34235.0], [20.29358619998675, 34234.0], [21.31884269998409, 34170.0]]",29.961739,28.765625,0.9600786189346353,False,77.9,948.16796875,2,,,,,3882eca9dc70b2d799f0,15.02494370000204,34676.0,291.0,291.0,4.0,"{""interior"": 73, ""fronteira"": 73, ""liberacao"": 73, ""regret"": 72, ""abertura"": 0}","{""interior"": 2, ""fronteira"": 2, ""liberacao"": 5, ""regret"": 1, ""abertura"": 0}",0.7678539001790341,14.071080799592892,0.0,122.0,0.0,
holmberg_p70,holmberg,2.978275181040158,30,200,hibrido:rotacao,34179.0,True,-1,2,30.0,29.9957078,0.0,32321.0,32321.0,otimo_publicado,"[[0.6667706000152975, 39511.0], [0.8487163000099827, 35162.999999999985], [1.034807100018952, 35047.99999999999], [1.1404837000009138, 34939.0], [2.023503200005507, 34768.0], [3.387338800006546, 34676.0], [4.408163300016895, 34676.0], [7.15641590001178, 34676.0], [9.422466200019699, 34676.0], [15.015718399983598, 34676.0], [17.0396572999598, 34604.0], [17.587556899961783, 34353.0], [17.659522399975685, 34341.0], [17.809401399979834, 34242.0], [19.57122289997642, 34179.0]]",29.9957078,27.5625,0.9188814674344841,False,77.0,997.54296875,4,,,,,3882eca9dc70b2d799f0,15.015493399987463,34676.0,295.0,295.0,4.0,"{""interior"": 74, ""fronteira"": 74, ""liberacao"": 74, ""regret"": 73, ""abertura"": 0}","{""interior"": 0, ""fronteira"": 2, ""liberacao"": 3, ""regret"": 0, ""abertura"": 0}",0.7693790998600889,14.11822520007263,0.0,146.0,0.0,
holmberg_p70,holmberg,2.978275181040158,30,200,hibridopl:rotacao,32321.0,True,-1,0,30.0,29.9890363,0.0,32321.0,32321.0,otimo_publicado,"[[0.5639674999983981, 34283.0], [0.6633576999884099, 33592.99999999999], [0.8011307000124361, 32707.999999999978], [2.496548700000858, 32325.0], [2.59969919998548, 32322.0], [3.407637900003465, 32321.0], [4.161697199975606, 32321.0], [7.3883471000008285, 32321.0], [9.317224699974759, 32321.0], [15.037425599992275, 32321.0]]",29.9890363,28.984375,0.9664990468533329,False,76.3,921.46484375,6,,,,,3882eca9dc70b2d799f0,15.037187200010521,32321.0,314.0,314.0,4.0,"{""interior"": 79, ""fronteira"": 79, ""liberacao"": 78, ""regret"": 78, ""abertura"": 0}","{""interior"": 0, ""fronteira"": 0, ""liberacao"": 0, ""regret"": 0, ""abertura"": 0}",0.8455111999064684,13.98908489997848,0.0,205.0,0.0,
holmberg_p70,holmberg,2.978275181040158,30,200,hibridopl:rotacao,32321.0,True,-1,1,30.0,29.9628652,0.0,32321.0,32321.0,otimo_publicado,"[[0.6117533000360709, 34283.0], [0.6981601000297815, 33592.99999999999], [0.8212134000204969, 32707.999999999978], [2.4492730000347365, 32325.0], [2.5498729000100866, 32322.0], [3.245121400017524, 32321.0], [3.5200613000197336, 32321.0], [6.4384376000089105, 32321.0], [8.52959930000361, 32321.0], [15.1749999000167, 32321.0]]",29.9628652,28.703125,0.9579566175800838,False,77.8,948.16796875,2,,,,,3882eca9dc70b2d799f0,15.174769700010074,32321.0,330.0,330.0,4.0,"{""interior"": 83, ""fronteira"": 83, ""liberacao"": 82, ""regret"": 82, ""abertura"": 0}","{""interior"": 0, ""fronteira"": 0, ""liberacao"": 0, ""regret"": 0, ""abertura"": 0}",0.8510301998758223,13.835619499674067,0.0,217.0,0.0,
holmberg_p70,holmberg,2.978275181040158,30,200,hibridopl:rotacao,32321.0,True,-1,2,30.0,29.9984167,0.0,32321.0,32321.0,otimo_publicado,"[[0.6439472000056412, 34283.0], [0.7373077000083867, 33593.0], [0.8672645000042394, 32707.999999999978], [3.063848700025119, 32325.0], [3.1282892000162974, 32322.0], [3.8052030999970157, 32321.0], [3.955989199981559, 32321.0], [6.128172899974743, 32321.0], [9.664898599963635, 32321.0], [15.00972199998796, 32321.0]]",29.9984167,27.5625,0.9187984911216998,False,76.8,997.54296875,4,,,,,3882eca9dc70b2d799f0,15.009380500006955,32321.0,311.0,311.0,4.0,"{""interior"": 78, ""fronteira"": 78, ""liberacao"": 78, ""regret"": 77, ""abertura"": 0}","{""interior"": 0, ""fronteira"": 0, ""liberacao"": 0, ""regret"": 0, ""abertura"": 0}",0.8778506997041404,14.012143900239607,0.0,202.0,0.0,
holmberg_p70,holmberg,2.978275181040158,30,200,kernel,32648.0,True,-1,0,30.0,29.0014669,0.0,32321.0,32321.0,otimo_publicado,"[[0.8014822999830358, 33184.0], [4.229926799976965, 32761.0], [7.367989599966677, 32761.0], [12.630618499970296, 32753.0], [17.127170199964894, 32725.0], [18.458803899993654, 32725.0], [21.686893399979454, 32723.0], [24.288452199980384, 32709.0], [27.356725599995116, 32648.0]]",29.0014669,26.703125,0.9207508396756303,False,78.0,997.54296875,4,4.0,,0.4,3.0,3882eca9dc70b2d799f0,,,,,,,,,,,,,0.5876056999841239
holmberg_p71,holmberg,2.978275181040158,30,200,adaptativa:gnn,25540.0,True,0,0,30.0,20.2656442,0.0,25540.0,25540.0,otimo_publicado,"[[0.7255191000294872, 29679.0], [0.9018675000406802, 28567.999999999975], [4.239907300041523, 27834.0], [7.3958677999908105, 27834.0], [13.378829799999949, 27834.0], [17.72358030002215, 27834.0], [20.24756860002526, 25540.0]]",20.2656442,19.640625,0.9691586808772652,False,76.6,921.46484375,6,29.0,True,1.0,4.0,3882eca9dc70b2d799f0,,,,,,,,,,,,,
holmberg_p71,holmberg,2.978275181040158,30,200,adaptativa:pl,25540.0,True,-1,0,30.0,3.7616887,0.0,25540.0,25540.0,otimo_publicado,"[[0.6052420000196435, 26727.0], [0.7408795000228565, 25977.999999999985], [1.635505700018257, 25824.999999999993], [1.8311134000250604, 25540.0], [1.936279600020498, 25540.0], [2.712782100017648, 25540.0]]",3.7616887,3.59375,0.9553555029686535,False,69.3,997.54296875,4,3.0,True,0.9,3.0,3882eca9dc70b2d799f0,,,,,,,,,,,,,
holmberg_p71,holmberg,2.978275181040158,30,200,completo,25540.0,True,-1,0,30.0,3.665922,0.0,25540.0,25540.0,otimo_publicado,"[[0.7415894999867305, 39121.0], [1.1633504999917932, 33425.99999999999], [1.325614500005031, 31913.000000000004], [1.6976301999820862, 31625.0], [2.160782899998594, 30651.000000000007], [3.202168099989649, 30577.000000000015], [3.328274600004079, 30457.999999999993], [3.6439969000057317, 25540.0]]",3.665922,3.234375,0.8822814560702601,True,87.4,997.54296875,4,1.0,True,1.0,1.0,3882eca9dc70b2d799f0,,,,,,,,,,,,,
holmberg_p71,holmberg,2.978275181040158,30,200,hibrido:rotacao,25540.0,True,-1,0,30.0,30.012882,0.01288200000000117,25540.0,25540.0,otimo_publicado,"[[0.6542958999925759, 29679.0], [0.8078259000030812, 28567.999999999975], [3.8488837000040803, 28568.0], [6.839654000010341, 28568.0], [7.295022500009509, 28238.000000000004], [8.961848800012376, 28238.0], [11.645006700011436, 25540.0], [11.667454099981114, 25540.0]]",30.012882,27.46875,0.9152319993794664,False,75.2,997.54296875,4,,,,,3882eca9dc70b2d799f0,11.66704299999401,25540.0,383.0,383.0,4.0,"{""interior"": 96, ""fronteira"": 96, ""liberacao"": 96, ""regret"": 95, ""abertura"": 0}","{""interior"": 0, ""fronteira"": 0, ""liberacao"": 0, ""regret"": 0, ""abertura"": 0}",0.9113503005064558,17.2959669000993,0.0,318.0,0.0,
holmberg_p71,holmberg,2.978275181040158,30,200,hibrido:rotacao,25540.0,True,-1,1,30.0,30.0487509,0.04875090000000171,25540.0,25540.0,otimo_publicado,"[[0.716929300018819, 29679.0], [0.8541435000370257, 28567.999999999975], [4.4575862000347115, 28568.0], [7.527959600003669, 28568.0], [7.967992400022922, 28238.000000000004], [9.09891680002329, 28207.000000000004], [9.64934600002016, 28207.0], [12.200712500023656, 25540.0], [12.218237199995201, 25540.0]]",30.0487509,29.09375,0.9682182829103888,False,75.1,948.16796875,2,,,,,3882eca9dc70b2d799f0,12.21782289998373,25540.0,403.0,403.0,4.0,"{""interior"": 101, ""fronteira"": 101, ""liberacao"": 101, ""regret"": 100, ""abertura"": 0}","{""interior"": 0, ""fronteira"": 0, ""liberacao"": 0, ""regret"": 0, ""abertura"": 0}",0.8944286000914872,16.82390590000432,0.0,335.0,0.0,
holmberg_p71,holmberg,2.978275181040158,30,200,hibrido:rotacao,25540.0,True,-1,2,30.0,29.991672,0.0,25540.0,25540.0,otimo_publicado,"[[0.6300679999985732, 29679.0], [0.7384350000065751, 28567.999999999975], [3.791436900035478, 28568.0], [6.882098900037818, 28568.0], [7.430520200025057, 28238.000000000004], [8.990566799999215, 28238.0], [12.262318000022788, 25540.0], [12.28984030004358, 25540.0]]",29.991672,27.484375,0.916400226036081,False,79.8,997.54296875,4,,,,,3882eca9dc70b2d799f0,12.289535400021123,25540.0,369.0,369.0,4.0,"{""interior"": 93, ""fronteira"": 92, ""liberacao"": 92, ""regret"": 92, ""abertura"": 0}","{""interior"": 0, ""fronteira"": 0, ""liberacao"": 0, ""regret"": 0, ""abertura"": 0}",0.895428900315892,16.698462600295898,0.0,309.0,0.0,
holmberg_p71,holmberg,2.978275181040158,30,200,hibridopl:rotacao,25540.0,True,-1,0,30.0,29.9614894,0.0,25540.0,25540.0,otimo_publicado,"[[0.5567186000116635, 26727.0], [0.6833282000152394, 25977.999999999985], [1.848435400024755, 25824.999999999993], [2.115637000009883, 25540.0], [2.2207897000189405, 25540.0], [3.079804100038018, 25540.0], [4.013422300020466, 25540.0]]",29.9614894,28.515625,0.9517425725838583,False,61.1,997.54296875,4,,,,,3882eca9dc70b2d799f0,4.013107900012983,25540.0,674.0,674.0,3.0,"{""interior"": 169, ""fronteira"": 169, ""liberacao"": 168, ""regret"": 168, ""abertura"": 0}","{""interior"": 0, ""fronteira"": 0, ""liberacao"": 0, ""regret"": 0, ""abertura"": 0}",1.2799652998219244,24.490634900226723,0.0,580.0,0.0,
holmberg_p71,holmberg,2.978275181040158,30,200,hibridopl:rotacao,25540.0,True,-1,1,30.0,29.9716569,0.0,25540.0,25540.0,otimo_publicado,"[[0.5342895000067074, 26727.0], [0.6655538000050001, 25977.999999999985], [1.9263146000157576, 25802.999999999993], [2.1200602000171784, 25540.0], [2.363749700016342, 25540.0], [3.3635218999988865, 25540.0], [4.924904899991816, 25540.0]]",29.9716569,28.84375,0.9623675493229071,False,74.0,948.16796875,2,,,,,3882eca9dc70b2d799f0,4.924446599994553,25540.0,588.0,588.0,3.0,"{""interior"": 147, ""fronteira"": 147, ""liberacao"": 147, ""regret"": 147, ""abertura"": 0}","{""interior"": 0, ""fronteira"": 0, ""liberacao"": 0, ""regret"": 0, ""abertura"": 0}",1.2497437000856735,23.63641629970516,0.0,504.0,0.0,
holmberg_p71,holmberg,2.978275181040158,30,200,hibridopl:rotacao,25540.0,True,-1,2,30.0,29.9553779,0.0,25540.0,25540.0,otimo_publicado,"[[0.5942047999997158, 26727.0], [0.7298403000168037, 25977.999999999985], [1.669417000026442, 25817.999999999993], [1.8742622999998275, 25540.0], [2.0051436999929138, 25540.0], [2.856465599994408, 25540.0], [3.7365269000001717, 25540.0]]",29.9553779,28.65625,0.9566312298133285,False,78.1,921.46484375,6,,,,,3882eca9dc70b2d799f0,3.736304799997015,25540.0,554.0,554.0,3.0,"{""interior"": 139, ""fronteira"": 139, ""liberacao"": 138, ""regret"": 138, ""abertura"": 0}","{""interior"": 0, ""fronteira"": 0, ""liberacao"": 0, ""regret"": 0, ""abertura"": 0}",1.2923577999754343,24.770679499895778,0.0,475.0,0.0,
holmberg_p71,holmberg,2.978275181040158,30,200,kernel,25540.0,True,-1,0,30.0,5.3419029,0.0,25540.0,25540.0,otimo_publicado,"[[0.58611870004097, 26727.0], [0.7975741000263952, 25977.999999999985], [2.025464300037129, 25824.999999999993], [2.417587200034177, 25540.0], [2.9990203000197653, 25540.0], [4.536778600013349, 25540.0]]",5.3419029,4.75,0.8891962450309607,True,83.0,997.54296875,4,3.0,,0.43333333333333335,3.0,3882eca9dc70b2d799f0,,,,,,,,,,,,,0.25070570001844317
holmberg_p8,holmberg,1.3736263736263736,10,50,adaptativa:gnn,11088.0,True,0,0,30.0,5.727468,0.0,11088.0,11088.0,otimo_publicado,"[[0.05637080001179129, 13466.0], [0.12129800001275726, 13209.000000000002], [1.3487103000225034, 12493.999999999998], [1.468516000022646, 12343.0], [1.6267310999974143, 12343.0], [2.1541732999903616, 12343.0], [2.763830500014592, 12343.0], [2.803611900017131, 12092.0], [2.9527357000042684, 11690.999999999998], [5.546706799999811, 11088.0]]",5.727468,5.0625,0.8838984347009883,True,79.5,997.54296875,4,4.0,True,1.0,4.0,3882eca9dc70b2d799f0,,,,,,,,,,,,,
holmberg_p8,holmberg,1.3736263736263736,10,50,adaptativa:pl,11088.0,True,-1,0,30.0,3.044371,0.0,11088.0,11088.0,otimo_publicado,"[[0.11567650001961738, 26560.0], [0.12248180000460707, 11465.000000000002], [0.23029460001271218, 11305.0], [1.4391736000252422, 11088.0], [1.6099545000179205, 11088.0], [2.0528477000189014, 11088.0], [2.4510633000172675, 11088.0]]",3.044371,2.796875,0.9187037322323724,False,82.8,997.54296875,4,4.0,True,1.0,4.0,3882eca9dc70b2d799f0,,,,,,,,,,,,,
holmberg_p8,holmberg,1.3736263736263736,10,50,completo,11088.0,True,-1,0,30.0,3.1725371,0.0,11088.0,11088.0,otimo_publicado,"[[0.07806100000743754, 12092.0], [0.1625054000178352, 11690.999999999998], [2.989721100020688, 11088.0]]",3.1725371,3.078125,0.9702408208244436,False,80.4,948.16796875,2,1.0,True,1.0,1.0,3882eca9dc70b2d799f0,,,,,,,,,,,,,
holmberg_p8,holmberg,1.3736263736263736,10,50,hibrido:rotacao,11088.0,True,-1,0,30.0,29.9779771,0.0,11088.0,11088.0,otimo_publicado,"[[0.08900549996178597, 13466.0], [0.1917299999622628, 13209.000000000002], [1.2121921999787446, 12493.999999999998], [1.315062499983469, 12343.0], [1.4857786000065971, 12343.0], [2.0170138999819756, 12343.0], [2.5160004000063054, 12343.0], [2.5463609999860637, 12092.0], [2.64514579999377, 11690.999999999998], [5.1610989999899175, 11088.0], [5.3197470999730285, 11088.0]]",29.9779771,28.828125,0.9616434392432703,False,76.9,921.46484375,6,,,,,3882eca9dc70b2d799f0,5.319399299973156,11088.0,558.0,558.0,4.0,"{""interior"": 140, ""fronteira"": 140, ""liberacao"": 139, ""regret"": 139, ""abertura"": 0}","{""interior"": 0, ""fronteira"": 0, ""liberacao"": 0, ""regret"": 0, ""abertura"": 0}",0.5669649998017121,23.9563770997338,0.0,540.0,0.0,
holmberg_p8,holmberg,1.3736263736263736,10,50,hibrido:rotacao,11088.0,True,-1,1,30.0,29.972332,0.0,11088.0,11088.0,otimo_publicado,"[[0.10739030002150685, 13466.0], [0.24588680002489127, 13209.000000000002], [1.663947900000494, 13078.0], [1.6922343000187539, 12343.0], [1.8418275000003632, 12343.0], [2.3121722000068985, 12343.0], [2.6840769000409637, 12343.0], [2.7043039000418503, 12092.0], [2.795847400033381, 11690.999999999998], [6.023713000031421, 11088.0], [6.17927160000545, 11088.0]]",29.972332,27.28125,0.9102144604563969,False,76.9,997.54296875,4,,,,,3882eca9dc70b2d799f0,6.178951300011249,11088.0,556.0,556.0,4.0,"{""interior"": 139, ""fronteira"": 139, ""liberacao"": 139, ""regret"": 139, ""abertura"": 0}","{""interior"": 0, ""fronteira"": 0, ""liberacao"": 0, ""regret"": 0, ""abertura"": 0}",0.5447440001298673,23.10057360000792,0.0,538.0,0.0,
holmberg_p8,holmberg,1.3736263736263736,10,50,hibrido:rotacao,11088.0,True,-1,2,30.0,29.9657627,0.0,11088.0,11088.0,otimo_publicado,"[[0.09333480001077987, 13466.0], [0.2070110000204295, 13209.000000000002], [1.1810372000036296, 13134.999999999998], [1.3805807000026107, 12343.0], [1.4660177000041585, 12343.0], [1.889064299990423, 12343.0], [2.3912725999834947, 12343.0], [2.43120039999485, 12092.0], [2.5580169999739155, 11690.999999999998], [5.114285899995593, 11088.0], [5.261403799988329, 11088.0]]",29.9657627,28.625,0.9552568471751263,False,75.7,921.46484375,6,,,,,3882eca9dc70b2d799f0,5.261057800002163,11088.0,574.0,574.0,4.0,"{""interior"": 144, ""fronteira"": 144, ""liberacao"": 143, ""regret"": 143, ""abertura"": 0}","{""interior"": 0, ""fronteira"": 0, ""liberacao"": 0, ""regret"": 0, ""abertura"": 0}",0.579791099880822,23.979909999878146,0.0,556.0,0.0,
holmberg_p8,holmberg,1.3736263736263736,10,50,hibridopl:rotacao,11088.0,True,-1,0,30.0,29.9842095,0.0,11088.0,11088.0,otimo_publicado,"[[0.0486840000085067, 26560.0], [0.05291220001527108, 11465.000000000002], [0.12197410000953823, 11305.0], [1.4971519999962766, 11088.0], [1.6102144000178669, 11088.0], [1.9533818000054453, 11088.0], [2.261740199988708, 11088.0], [3.0521114000002854, 11088.0]]",29.9842095,27.65625,0.9223604844409855,False,75.9,997.54296875,4,,,,,3882eca9dc70b2d799f0,3.0516738000151236,11088.0,602.0,602.0,4.0,"{""interior"": 151, ""fronteira"": 151, ""liberacao"": 150, ""regret"": 150, ""abertura"": 0}","{""interior"": 0, ""fronteira"": 0, ""liberacao"": 0, ""regret"": 0, ""abertura"": 0}",0.6214641001133714,26.165506499703042,0.0,584.0,0.0,
holmberg_p8,holmberg,1.3736263736263736,10,50,hibridopl:rotacao,11088.0,True,-1,1,30.0,30.0057876,0.005787600000001447,11088.0,11088.0,otimo_publicado,"[[0.10713469999609515, 26560.0], [0.11291920000803657, 11465.000000000002], [0.20270419999724254, 11305.0], [1.3422177000029478, 11093.999999999998], [1.3551911000104155, 11088.0], [1.3856530000048224, 11088.0], [1.6939102000033017, 11088.0], [2.03611680000904, 11088.0], [3.0279864999756683, 11088.0]]",30.0057876,28.640625,0.9545033572123266,False,76.0,948.16796875,2,,,,,3882eca9dc70b2d799f0,3.0277914999751374,11088.0,638.0,638.0,4.0,"{""interior"": 160, ""fronteira"": 160, ""liberacao"": 159, ""regret"": 159, ""abertura"": 0}","{""interior"": 0, ""fronteira"": 0, ""liberacao"": 0, ""regret"": 0, ""abertura"": 0}",0.6311782999837305,26.195793899678392,0.0,620.0,0.0,
holmberg_p8,holmberg,1.3736263736263736,10,50,hibridopl:rotacao,11088.0,True,-1,2,30.0,29.9595214,0.0,11088.0,11088.0,otimo_publicado,"[[0.06415939997532405, 26560.0], [0.06911859996034764, 11465.000000000002], [0.12881889997515827, 11305.0], [1.185687599965604, 11088.0], [1.30293769997661, 11088.0], [1.5979261999891605, 11088.0], [1.9373598999809474, 11088.0], [2.8017471999919508, 11088.0]]",29.9595214,29.0,0.9679727393776056,False,75.7,948.16796875,2,,,,,3882eca9dc70b2d799f0,2.8013687999919057,11088.0,637.0,637.0,4.0,"{""interior"": 160, ""fronteira"": 159, ""liberacao"": 159, ""regret"": 159, ""abertura"": 0}","{""interior"": 0, ""fronteira"": 0, ""liberacao"": 0, ""regret"": 0, ""abertura"": 0}",0.6335730999999214,26.378707199764904,0.0,619.0,0.0,
holmberg_p8,holmberg,1.3736263736263736,10,50,kernel,11088.0,True,-1,0,30.0,3.3171545,0.0,11088.0,11088.0,otimo_publicado,"[[0.08695429997169413, 11922.0], [0.11036349998903461, 11731.999999999996], [2.0738938999711536, 11089.0], [2.109771399991587, 11088.0], [2.6190580999827944, 11088.0]]",3.3171545,3.140625,0.9467828525924855,False,82.4,921.46484375,6,2.0,,0.9,2.0,3882eca9dc70b2d799f0,,,,,,,,,,,,,0.011745499999960884
holmberg_p9,holmberg,2.0604395604395602,10,50,adaptativa:gnn,8462.0,True,0,0,30.0,0.6184678,0.0,8462.0,8462.0,otimo_publicado,"[[0.05322960004559718, 14406.0], [0.06311600003391504, 13775.000000000002], [0.06872050004312769, 13459.000000000002], [0.10823080004774965, 13432.0], [0.13900860003195703, 13432.0], [0.3294554000312928, 13432.0], [0.5126045000215527, 13432.0], [0.5587954000220634, 9040.0], [0.5832376000180375, 8822.0], [0.5940866000310052, 8477.000000000002], [0.6138733000261709, 8462.0]]",0.6184678,0.578125,0.9347697648931763,False,89.5,921.46484375,6,4.0,True,1.0,4.0,3882eca9dc70b2d799f0,,,,,,,,,,,,,
holmberg_p9,holmberg,2.0604395604395602,10,50,adaptativa:pl,8462.0,True,-1,0,30.0,0.3774199,0.0,8462.0,8462.0,otimo_publicado,"[[0.07448449998628348, 10730.0], [0.08938570000464097, 9573.0], [0.16770570000517182, 9398.0], [0.189313700015191, 9398.0], [0.2535214000090491, 9398.0], [0.2667166999890469, 8631.0], [0.2787059999827761, 8462.000000000002], [0.3096740999899339, 8462.0]]",0.3774199,0.34375,0.9107892827060788,False,69.4,921.46484375,6,4.0,True,1.0,4.0,3882eca9dc70b2d799f0,,,,,,,,,,,,,
holmberg_p9,holmberg,2.0604395604395602,10,50,completo,8462.0,True,-1,0,30.0,0.0774997,0.0,8462.0,8462.0,otimo_publicado,"[[0.04483980001532473, 9040.0], [0.057575799990445375, 8822.0], [0.06442420001258142, 8477.000000000002], [0.07581340000615455, 8462.0]]",0.0774997,0.078125,1.0080684183293613,False,65.9,948.16796875,2,1.0,True,1.0,1.0,3882eca9dc70b2d799f0,,,,,,,,,,,,,
holmberg_p9,holmberg,2.0604395604395602,10,50,hibrido:rotacao,8462.0,True,-1,0,30.0,29.9575083,0.0,8462.0,8462.0,otimo_publicado,"[[0.06404890000703745, 14406.0], [0.07469930002116598, 13775.000000000002], [0.08118960002320819, 13459.000000000002], [0.11263030002010055, 13432.0], [0.13767520000692457, 13432.0], [0.24666920001618564, 13432.0], [0.42299479999928735, 13432.0], [0.44854209999903105, 9040.0], [0.4705471000052057, 8822.0], [0.4767083000042476, 8477.000000000002], [0.4965455000055954, 8462.0], [0.4994601999933366, 8462.0]]",29.9575083,27.53125,0.9190100099212858,False,77.5,997.54296875,4,,,,,3882eca9dc70b2d799f0,0.49891070000012405,8462.0,757.0,757.0,4.0,"{""interior"": 190, ""fronteira"": 189, ""liberacao"": 189, ""regret"": 189, ""abertura"": 0}","{""interior"": 0, ""fronteira"": 0, ""liberacao"": 0, ""regret"": 0, ""abertura"": 0}",0.7896567001298536,28.477606700063916,0.0,739.0,0.0,
holmberg_p9,holmberg,2.0604395604395602,10,50,hibrido:rotacao,8462.0,True,-1,1,30.0,29.9769018,0.0,8462.0,8462.0,otimo_publicado,"[[0.055666099971858785, 14406.0], [0.06694529997184873, 13775.000000000002], [0.07565309997880831, 13459.000000000002], [0.12344909997773357, 13445.0], [0.1401431999693159, 13432.0], [0.15779529997962527, 13432.0], [0.2695859999512322, 13432.0], [0.379523799958406, 13432.0], [0.4011793999525253, 9040.0], [0.4158358999702614, 8822.0], [0.42100069994921796, 8477.000000000002], [0.4321924999530893, 8462.0], [0.43361739997635596, 8462.0]]",29.9769018,29.125,0.9715813927108371,False,76.9,948.16796875,2,,,,,3882eca9dc70b2d799f0,0.4334309999831021,8462.0,802.0,802.0,4.0,"{""interior"": 201, ""fronteira"": 201, ""liberacao"": 200, ""regret"": 200, ""abertura"": 0}","{""interior"": 0, ""fronteira"": 0, ""liberacao"": 0, ""regret"": 0, ""abertura"": 0}",0.8118994999676943,28.53741119991173,0.0,784.0,0.0,
holmberg_p9,holmberg,2.0604395604395602,10,50,hibrido:rotacao,8462.0,True,-1,2,30.0,29.9626443,0.0,8462.0,8462.0,otimo_publicado,"[[0.05156150000402704, 14406.0], [0.05917780002346262, 13775.000000000002], [0.06674480001674965, 13459.000000000002], [0.11120330000994727, 13432.0], [0.14696170002571307, 13432.0], [0.2616093000397086, 13432.0], [0.38409990002401173, 13432.0], [0.41710850002709776, 9040.0], [0.4378498000151012, 8822.0], [0.4450827000255231, 8477.000000000002], [0.46741430001566187, 8462.0], [0.4699405999854207, 8462.0]]",29.9626443,29.046875,0.9694362990518831,False,75.5,921.46484375,6,,,,,3882eca9dc70b2d799f0,0.46957149999798276,8462.0,811.0,811.0,4.0,"{""interior"": 203, ""fronteira"": 203, ""liberacao"": 203, ""regret"": 202, ""abertura"": 0}","{""interior"": 0, ""fronteira"": 0, ""liberacao"": 0, ""regret"": 0, ""abertura"": 0}",0.8196898003225215,28.485388600238366,0.0,793.0,0.0,
holmberg_p9,holmberg,2.0604395604395602,10,50,hibridopl:rotacao,8462.0,True,-1,0,30.0,29.9771762,0.0,8462.0,8462.0,otimo_publicado,"[[0.051736899971729144, 10730.0], [0.07223889997112565, 9573.0], [0.17177669997909106, 9398.0], [0.1922167999728117, 9398.0], [0.270042399992235, 9398.0], [0.28346149998833425, 8631.0], [0.2937112999788951, 8462.000000000002], [0.32664670000667684, 8462.0], [0.41621960001066327, 8462.0]]",29.9771762,28.65625,0.9559356027670145,False,77.1,921.46484375,6,,,,,3882eca9dc70b2d799f0,0.4158361000008881,8462.0,778.0,778.0,4.0,"{""interior"": 195, ""fronteira"": 195, ""liberacao"": 194, ""regret"": 194, ""abertura"": 0}","{""interior"": 0, ""fronteira"": 0, ""liberacao"": 0, ""regret"": 0, ""abertura"": 0}",0.7856575000332668,28.585161599650746,0.0,760.0,0.0,
holmberg_p9,holmberg,2.0604395604395602,10,50,hibridopl:rotacao,8462.0,True,-1,1,30.0,29.9557623,0.0,8462.0,8462.0,otimo_publicado,"[[0.050185600004624575, 10730.0], [0.06952720001572743, 9573.0], [0.09524660001625307, 9419.000000000004], [0.11306900001363829, 9398.0], [0.1287445000198204, 9398.0], [0.20181790002970956, 9398.0], [0.21318360001896508, 8631.0], [0.22976940002990887, 8462.000000000002], [0.2536849000316579, 8462.0], [0.298655399994459, 8462.0]]",29.9557623,28.984375,0.9675726062227433,False,76.1,948.16796875,2,,,,,3882eca9dc70b2d799f0,0.29846099999849685,8462.0,814.0,814.0,4.0,"{""interior"": 204, ""fronteira"": 204, ""liberacao"": 203, ""regret"": 203, ""abertura"": 0}","{""interior"": 0, ""fronteira"": 0, ""liberacao"": 0, ""regret"": 0, ""abertura"": 0}",0.7917395000695251,28.680071900307667,0.0,796.0,0.0,
holmberg_p9,holmberg,2.0604395604395602,10,50,hibridopl:rotacao,8462.0,True,-1,2,30.0,29.9557675,0.0,8462.0,8462.0,otimo_publicado,"[[0.044216300011612475, 10730.0], [0.05743340001208708, 9573.0], [0.08041150000644848, 9419.000000000004], [0.10198249999666587, 9398.0], [0.11895669999648817, 9398.0], [0.17944189999252558, 9398.0], [0.19182069998350926, 8631.0], [0.2053120999771636, 8462.000000000002], [0.2457398000115063, 8462.0], [0.3377526999975089, 8462.0]]",29.9557675,27.59375,0.9211498253216179,False,75.8,997.54296875,4,,,,,3882eca9dc70b2d799f0,0.3373909000074491,8462.0,790.0,790.0,4.0,"{""interior"": 198, ""fronteira"": 198, ""liberacao"": 197, ""regret"": 197, ""abertura"": 0}","{""interior"": 0, ""fronteira"": 0, ""liberacao"": 0, ""regret"": 0, ""abertura"": 0}",0.8246164003503509,28.581219900166616,0.0,772.0,0.0,
holmberg_p9,holmberg,2.0604395604395602,10,50,kernel,8462.0,True,-1,0,30.0,0.1255181,0.0,8462.0,8462.0,otimo_publicado,"[[0.03336430000490509, 8631.0], [0.044949800008907914, 8462.000000000002], [0.07375579999643378, 8462.0]]",0.1255181,0.125,0.9958723084559119,False,53.1,948.16796875,2,2.0,,0.6,2.0,3882eca9dc70b2d799f0,,,,,,,,,,,,,0.007311900000786409
