cod,uf,pedidos,fold,modelo,previsto
1100015,RO,3.0,0,populacao,12.056952758189421
1100023,RO,13.0,0,populacao,50.88074827329651
1100031,RO,1.0,0,populacao,2.9501306744887743
1100049,RO,12.0,0,populacao,41.95167345870468
1100056,RO,1.0,0,populacao,8.500585397860167
1100064,RO,3.0,0,populacao,8.753223516353502
1100072,RO,0.0,0,populacao,4.1043029419020405
1100080,RO,2.0,0,populacao,8.247473286649209
1100098,RO,6.0,0,populacao,15.655979463104792
1100106,RO,3.0,0,populacao,22.49142844395354
1100114,RO,6.0,0,populacao,26.482447126343562
1100122,RO,17.0,0,populacao,62.88319186895923
1100130,RO,3.0,0,populacao,18.300384834726398
1100148,RO,2.0,0,populacao,10.30791963015864
1100155,RO,4.0,0,populacao,18.845476459993442
1100189,RO,7.0,0,populacao,18.035896898292474
1100205,RO,109.0,0,populacao,246.20888127148956
1100254,RO,2.0,0,populacao,10.486614884702707
1100262,RO,0.0,0,populacao,1.8149181157804495
1100288,RO,7.0,0,populacao,27.052660365644652
1100296,RO,0.0,0,populacao,3.8857922990775986
1100304,RO,16.0,0,populacao,45.327923586337
1100320,RO,4.0,0,populacao,11.461617904854283
1100338,RO,2.0,0,populacao,13.694123604861051
1100346,RO,1.0,0,populacao,7.937956042041051
1100379,RO,0.0,0,populacao,6.657227719022306
1100403,RO,1.0,0,populacao,9.914031681813498
1100452,RO,2.0,0,populacao,18.506571666892626
1100502,RO,0.0,0,populacao,4.764100804833977
1100601,RO,1.0,0,populacao,3.061992955847925
1100700,RO,0.0,0,populacao,6.865310522059031
1100809,RO,1.0,0,populacao,11.9759000034758
1100908,RO,1.0,0,populacao,1.682674147563488
1100924,RO,0.0,0,populacao,5.021004857785924
1100940,RO,1.0,0,populacao,10.63781856162461
1101005,RO,0.0,0,populacao,4.6190590332411805
1101104,RO,0.0,0,populacao,4.886864918698468
1101203,RO,4.0,0,populacao,5.095895707170439
1101302,RO,1.0,0,populacao,5.81020273262908
1101401,RO,0.0,0,populacao,7.672046127454259
1101435,RO,0.0,0,populacao,3.6824494232171094
1101450,RO,0.0,0,populacao,2.798453004849249
1101468,RO,0.0,0,populacao,1.1423224494726778
1101476,RO,0.0,0,populacao,1.616789159813819
1101484,RO,0.0,0,populacao,2.8411123494353654
1101492,RO,2.0,0,populacao,9.334812580877559
1101500,RO,2.0,0,populacao,5.9974298560903705
1101559,RO,0.0,0,populacao,2.337258090601566
1101609,RO,0.0,0,populacao,5.379817345026926
1101708,RO,3.0,0,populacao,6.2121485571738235
1101757,RO,0.0,0,populacao,5.2845448087846
1101807,RO,0.0,0,populacao,3.8142193987164474
1300029,AM,0.0,0,populacao,7.54027615195492
1300060,AM,0.0,0,populacao,5.3286261315235866
1300086,AM,0.0,0,populacao,6.1514774893180135
1300102,AM,0.0,0,populacao,9.572756925124564
1300144,AM,0.0,0,populacao,10.146288113449021
1300201,AM,0.0,0,populacao,9.031457241598508
1300300,AM,0.0,0,populacao,18.22691596349475
1300409,AM,0.0,0,populacao,13.149979965029253
1300508,AM,0.0,0,populacao,14.950678299280996
1300607,AM,0.0,0,populacao,19.589645026662364
1300631,AM,0.0,0,populacao,8.99543379505912
1300680,AM,0.0,0,populacao,8.760807399835478
1300706,AM,0.0,0,populacao,16.199175117501344
1300805,AM,0.0,0,populacao,19.179641325918023
1300839,AM,0.0,0,populacao,6.076586639933497
1300904,AM,0.0,0,populacao,7.34214719598829
1301001,AM,0.0,0,populacao,13.431531639297623
1301100,AM,0.0,0,populacao,17.726853646401942
1301159,AM,0.0,0,populacao,13.835847427430483
1301209,AM,1.0,0,populacao,40.17657073120461
1301308,AM,0.0,0,populacao,13.185055426133394
1301407,AM,0.0,0,populacao,16.536657932449288
1301506,AM,0.0,0,populacao,9.239066051917607
1301605,AM,0.0,0,populacao,9.322962762936971
1301654,AM,0.0,0,populacao,7.7445670132506566
1301704,AM,4.0,0,populacao,25.303153244896247
1301803,AM,0.0,0,populacao,13.413519916027928
1301852,AM,0.0,0,populacao,22.470572764378105
1301902,AM,1.0,0,populacao,47.33006882557874
1301951,AM,0.0,0,populacao,3.8526128088439524
1302009,AM,0.0,0,populacao,4.325183548314599
1302108,AM,0.0,0,populacao,1.9931393776068922
1302207,AM,0.0,0,populacao,6.615042367153814
1302306,AM,0.0,0,populacao,7.500460763674545
1302405,AM,0.0,0,populacao,21.26378730530863
1302504,AM,0.0,0,populacao,45.72133754196452
1302553,AM,0.0,0,populacao,14.325007912017954
1302603,AM,137.0,0,populacao,1009.7296226155454
1302702,AM,0.0,0,populacao,25.93119359574741
1302801,AM,0.0,0,populacao,8.783559050281408
1302900,AM,0.0,0,populacao,29.488034948794287
1303007,AM,0.0,0,populacao,9.907395783766768
1303106,AM,0.0,0,populacao,17.268028695742377
1303205,AM,0.0,0,populacao,8.809628649750701
1303304,AM,0.0,0,populacao,11.902905124961778
1303403,AM,0.0,0,populacao,53.95553903252027
1303502,AM,0.0,0,populacao,9.288835287268077
1303536,AM,0.0,0,populacao,16.3878242191155
1303569,AM,0.0,0,populacao,15.168240956670191
1303601,AM,0.0,0,populacao,11.2644369343229
1303700,AM,0.0,0,populacao,10.937381959162671
1303809,AM,0.0,0,populacao,21.117797548280585
1303908,AM,0.0,0,populacao,18.034000927421978
1303957,AM,0.0,0,populacao,6.361456263225231
1304005,AM,0.0,0,populacao,4.365946922030222
1304062,AM,0.0,0,populacao,30.162526585972554
1304104,AM,0.0,0,populacao,8.498689426989673
1304203,AM,0.0,0,populacao,29.397502339728195
1304237,AM,0.0,0,populacao,8.90253122240491
1304260,AM,0.0,0,populacao,6.364774212248596
1304302,AM,0.0,0,populacao,8.04270843263585
1304401,AM,2.0,0,populacao,10.497990709925672
2400109,RN,1.0,0,populacao,5.371759468827326
2400208,RN,2.0,0,populacao,27.578318289489133
2400307,RN,0.0,0,populacao,5.313932357277258
2400406,RN,1.0,0,populacao,1.545216259452668
2400505,RN,2.0,0,populacao,6.55389730658038
2400604,RN,1.0,0,populacao,2.300760651344555
2400703,RN,8.0,0,populacao,6.808905388661833
2400802,RN,1.0,0,populacao,5.644779274178473
2400901,RN,1.0,0,populacao,3.4302852974413978
2401008,RN,3.0,0,populacao,17.216837482239036
2401107,RN,3.0,0,populacao,12.98787445560201
2401206,RN,0.0,0,populacao,6.781413811039669
2401305,RN,0.0,0,populacao,4.629960865746521
2401404,RN,0.0,0,populacao,4.4123982083573265
2401453,RN,1.0,0,populacao,13.312085474456495
2401503,RN,0.0,0,populacao,1.9263064044219762
2401602,RN,0.0,0,populacao,2.6197577503051828
2401651,RN,1.0,0,populacao,1.0935011995574555
2401701,RN,0.0,0,populacao,4.860321326511551
2401800,RN,0.0,0,populacao,6.029187368171145
2401859,RN,1.0,0,populacao,3.1397277615381816
2401909,RN,0.0,0,populacao,1.7442932008545453
2402006,RN,10.0,0,populacao,32.33673118171163
2402105,RN,0.0,0,populacao,5.329574116958834
2402204,RN,0.0,0,populacao,16.242308454805084
2402303,RN,3.0,0,populacao,9.814967203830182
2402402,RN,1.0,0,populacao,3.8810523719013634
2402501,RN,2.0,0,populacao,5.078831969335993
2402600,RN,2.0,0,populacao,35.00388820377916
2402709,RN,0.0,0,populacao,5.3769733887211855
2402808,RN,0.0,0,populacao,2.651041269668335
2402907,RN,1.0,0,populacao,2.3604837337651183
2403004,RN,0.0,0,populacao,3.861618670478799
2403103,RN,7.0,0,populacao,21.43774263267646
2403202,RN,0.0,0,populacao,3.4080076397130927
2403251,RN,62.0,0,populacao,120.73021111316858
2403301,RN,0.0,0,populacao,2.6856427380548515
2403400,RN,0.0,0,populacao,2.900361439138305
2403509,RN,0.0,0,populacao,5.072670064006887
2403608,RN,2.0,0,populacao,13.428687682991882
2403707,RN,1.0,0,populacao,2.868603927057529
2403756,RN,0.0,0,populacao,1.4561056285394465
2403806,RN,1.0,0,populacao,4.390120550629021
2403905,RN,1.0,0,populacao,1.3698389539319662
2404002,RN,1.0,0,populacao,1.9812895596663043
2404101,RN,1.0,0,populacao,1.2868902283478507
2404200,RN,3.0,0,populacao,12.35604216300986
2404309,RN,1.0,0,populacao,6.236322185772623
2404408,RN,0.0,0,populacao,4.9228883652378554
2404507,RN,2.0,0,populacao,7.256354514098433
2404606,RN,2.0,0,populacao,6.500336129488923
2404705,RN,0.0,0,populacao,7.329823385330078
2404804,RN,1.0,0,populacao,1.0669576073705385
2404853,RN,0.0,0,populacao,3.588598865127653
2404903,RN,2.0,0,populacao,2.8107768155074604
2405009,RN,0.0,0,populacao,4.298165963410059
2405108,RN,1.0,0,populacao,3.2904574457424602
2405207,RN,1.0,0,populacao,2.5529247771202668
2405306,RN,0.0,0,populacao,4.7854304771270355
2405405,RN,1.0,0,populacao,2.4870397893705976
2405504,RN,0.0,0,populacao,1.2622426070314279
2405603,RN,1.0,0,populacao,7.042583798450226
2405702,RN,3.0,0,populacao,5.96235439498623
2405801,RN,2.0,0,populacao,16.630982483256368
2405900,RN,0.0,0,populacao,1.2774103739953804
2406007,RN,1.0,0,populacao,2.8676559416222824
2406106,RN,4.0,0,populacao,8.783085057563785
2406155,RN,0.0,0,populacao,1.8533115259079544
2406205,RN,1.0,0,populacao,3.2198325308165563
2406304,RN,0.0,0,populacao,3.592390806868641
2406403,RN,1.0,0,populacao,1.3134338205347678
2406502,RN,2.0,0,populacao,7.389546467750642
2406601,RN,1.0,0,populacao,3.9194457820288684
2406700,RN,0.0,0,populacao,5.363701592627727
2406809,RN,0.0,0,populacao,2.2855928843806024
2406908,RN,0.0,0,populacao,1.896918855929318
2407005,RN,0.0,0,populacao,4.83993963965374
2407104,RN,5.0,0,populacao,37.93411118412775
2407203,RN,5.0,0,populacao,15.100933990767652
2407252,RN,0.0,0,populacao,1.896918855929318
2407302,RN,1.0,0,populacao,4.025146158058913
2407401,RN,2.0,0,populacao,4.167817966063591
2407500,RN,0.0,0,populacao,5.793612987512257
2407609,RN,1.0,0,populacao,2.18415844280917
2407708,RN,1.0,0,populacao,5.452338230823325
2407807,RN,1.0,0,populacao,10.646824423259456
2407906,RN,0.0,0,populacao,1.0323561389840217
2408003,RN,35.0,0,populacao,140.1212531911467
2408102,RN,194.0,0,populacao,419.56887378598543
2408201,RN,0.0,0,populacao,12.974128666790929
2408300,RN,3.0,0,populacao,17.8671554908185
2408409,RN,0.0,0,populacao,2.0613943289446786
2408508,RN,0.0,0,populacao,2.314032447438014
2408607,RN,0.0,0,populacao,2.026792860558162
2408706,RN,0.0,0,populacao,1.829137897309155
2408805,RN,0.0,0,populacao,2.4922537092644563
2408904,RN,4.0,0,populacao,10.270948198184007
2408953,RN,0.0,0,populacao,5.166994614813967
2409100,RN,0.0,0,populacao,6.208830608150459
2409209,RN,0.0,0,populacao,1.4736433590915168
2409308,RN,3.0,0,populacao,6.087962465156462
2409332,RN,1.0,0,populacao,2.6069599469293476
2409407,RN,9.0,0,populacao,14.434026237071363
2409506,RN,0.0,0,populacao,1.5907195603445257
2409605,RN,1.0,0,populacao,1.2001495610227468
2409704,RN,0.0,0,populacao,3.2885614748719663
2409803,RN,1.0,0,populacao,7.088087099342085
2409902,RN,2.0,0,populacao,7.149232159915519
2410009,RN,0.0,0,populacao,1.818236064803814
2410108,RN,0.0,0,populacao,7.308019720319397
2410207,RN,2.0,0,populacao,3.748808403684402
2410256,RN,0.0,0,populacao,3.217936559946062
2410306,RN,0.0,0,populacao,4.786852455279906
2410405,RN,0.0,0,populacao,4.535162322221818
2410504,RN,0.0,0,populacao,2.424472750644293
2410603,RN,0.0,0,populacao,1.5328924487944564
2410702,RN,1.0,0,populacao,1.6902580310454642
2410801,RN,0.0,0,populacao,2.0272668532757856
2410900,RN,0.0,0,populacao,3.8274911948099057
2411007,RN,2.0,0,populacao,2.154296901598888
2411056,RN,0.0,0,populacao,1.9433701422564227
2411106,RN,0.0,0,populacao,1.7390792809606865
2411205,RN,3.0,0,populacao,18.80186912997208
2411403,RN,0.0,0,populacao,6.298889224498927
2411429,RN,2.0,0,populacao,1.2802543303011213
2411502,RN,1.0,0,populacao,11.4801036208416
2411601,RN,0.0,0,populacao,1.3489832743565315
2411700,RN,0.0,0,populacao,2.097417775484066
2411809,RN,0.0,0,populacao,1.7144316596442637
2411908,RN,0.0,0,populacao,2.008781137288468
2412005,RN,8.0,0,populacao,48.106468897046064
2412104,RN,1.0,0,populacao,2.967194412323221
2412203,RN,3.0,0,populacao,20.85330961184666
2412302,RN,1.0,0,populacao,6.165223278129095
2412401,RN,1.0,0,populacao,2.200748187925993
2412500,RN,4.0,0,populacao,11.190968063091255
2412559,RN,2.0,0,populacao,4.553174045491511
2412609,RN,2.0,0,populacao,8.329000034080455
2412708,RN,0.0,0,populacao,2.9098412934907754
2412807,RN,1.0,0,populacao,3.9545212431330086
2412906,RN,1.0,0,populacao,5.319620269888739
2413003,RN,2.0,0,populacao,3.0662588903065364
2413102,RN,0.0,0,populacao,2.933066936654328
2413201,RN,0.0,0,populacao,2.096469790048819
2413300,RN,2.0,0,populacao,2.7823372524500494
2413359,RN,0.0,0,populacao,5.611125791227203
2413409,RN,0.0,0,populacao,3.8748904665722574
2413508,RN,0.0,0,populacao,3.043981232578231
2413557,RN,0.0,0,populacao,2.2945987460154496
2413607,RN,1.0,0,populacao,1.4930770605140808
2413706,RN,1.0,0,populacao,2.620231743022806
2413805,RN,0.0,0,populacao,1.2162653134219465
2413904,RN,0.0,0,populacao,5.890781494625078
2414001,RN,0.0,0,populacao,7.520368457814732
2414100,RN,1.0,0,populacao,5.1257572483807206
2414159,RN,0.0,0,populacao,2.802244946590237
2414209,RN,1.0,0,populacao,6.586128811378779
2414308,RN,0.0,0,populacao,1.1551202528485127
2414407,RN,0.0,0,populacao,16.136134086057414
2414456,RN,0.0,0,populacao,1.5769737715334435
2414506,RN,0.0,0,populacao,5.110115488699145
2414605,RN,3.0,0,populacao,6.924559611761971
2414704,RN,0.0,0,populacao,2.6325555536810175
2414753,RN,0.0,0,populacao,1.9846075086896688
2414803,RN,1.0,0,populacao,5.8637639097205385
2414902,RN,1.0,0,populacao,0.8204813942063093
2415008,RN,1.0,0,populacao,1.5039788930194218
3100104,MG,3.0,0,populacao,3.345914593704412
3100203,MG,12.0,0,populacao,11.191442055808878
3100302,MG,5.0,0,populacao,6.509341991123769
3100401,MG,2.0,0,populacao,1.9267803971395996
3100500,MG,0.0,0,populacao,4.738505198082307
3100609,MG,0.0,0,populacao,6.81127535224995
3100708,MG,2.0,0,populacao,0.9754770128691995
3100807,MG,0.0,0,populacao,2.1045276662484187
3100906,MG,5.0,0,populacao,9.20304260537822
3101003,MG,3.0,0,populacao,6.434925134456877
3101102,MG,10.0,0,populacao,12.186826762818265
3101201,MG,4.0,0,populacao,2.9430207837244216
3101300,MG,1.0,0,populacao,1.3044279588999208
3101409,MG,0.0,0,populacao,1.4437818178812352
3101508,MG,28.0,0,populacao,17.000222810285088
3101607,MG,43.0,0,populacao,37.780537543617726
3101631,MG,3.0,0,populacao,3.2113006618993327
3101706,MG,14.0,0,populacao,19.8100516403573
3101805,MG,2.0,0,populacao,3.5620552729407358
3101904,MG,7.0,0,populacao,9.406859473956333
3102001,MG,3.0,0,populacao,6.8970680341398065
3102050,MG,2.0,0,populacao,2.744891827757791
3102100,MG,6.0,0,populacao,5.542396847171793
3102209,MG,2.0,0,populacao,1.990295421301151
3102308,MG,12.0,0,populacao,7.393812402209253
3102407,MG,0.0,0,populacao,1.7409752518311807
3102506,MG,1.0,0,populacao,2.3339401415782013
3102605,MG,12.0,0,populacao,19.294347563582914
3102704,MG,3.0,0,populacao,4.492976970353324
3102803,MG,3.0,0,populacao,5.9282269193173365
3102852,MG,0.0,0,populacao,4.048371801222465
3102902,MG,1.0,0,populacao,5.502107466173794
3103009,MG,0.0,0,populacao,4.567867819737841
3103108,MG,3.0,0,populacao,0.7887238821255336
3103207,MG,0.0,0,populacao,1.1224147553324901
3103306,MG,2.0,0,populacao,1.000598626903246
3103405,MG,9.0,0,populacao,17.708841923132248
3103504,MG,54.0,0,populacao,55.66807472129404
3103603,MG,1.0,0,populacao,1.3617810777323665
3103702,MG,2.0,0,populacao,4.049793779375336
3103751,MG,5.0,0,populacao,3.210826669181709
3103801,MG,1.0,0,populacao,1.3665210049086016
3103900,MG,5.0,0,populacao,4.264038487741166
3104007,MG,75.0,0,populacao,49.4293825719333
3104106,MG,7.0,0,populacao,5.013894967021571
3104205,MG,25.0,0,populacao,18.870124081309864
3104304,MG,7.0,0,populacao,7.089035084777332
3104403,MG,0.0,0,populacao,1.3551451796856373
3104452,MG,0.0,0,populacao,2.460970189901304
3104502,MG,8.0,0,populacao,8.647049147605834
3104601,MG,11.0,0,populacao,6.691829187408824
3104700,MG,2.0,0,populacao,6.523087779934851
3104809,MG,0.0,0,populacao,2.38086542062293
3104908,MG,8.0,0,populacao,9.155169340898246
3105004,MG,2.0,0,populacao,3.8161153695869414
3105103,MG,18.0,0,populacao,11.384357091881649
3105202,MG,3.0,0,populacao,2.3623797046356123
3105301,MG,2.0,0,populacao,2.7202442064413686
3105400,MG,25.0,0,populacao,15.152599196988616
3105509,MG,0.0,0,populacao,2.6771108691376284
3105608,MG,79.0,0,populacao,64.78959057924102
3105707,MG,1.0,0,populacao,2.6657350439146636
3105905,MG,11.0,0,populacao,9.897915929414298
3106002,MG,1.0,0,populacao,4.937108146766561
3106101,MG,0.0,0,populacao,1.6603964898351826
3106200,MG,2696.0,0,populacao,1196.2599767819283
3106309,MG,8.0,0,populacao,12.398701507595977
3106408,MG,3.0,0,populacao,3.716576898886003
3106507,MG,1.0,0,populacao,5.858549989826679
3106606,MG,0.0,0,populacao,2.217337933042816
3106655,MG,1.0,0,populacao,2.237245627183004
3106705,MG,207.0,0,populacao,202.46409336201512
3106804,MG,2.0,0,populacao,1.7125356887737697
3106903,MG,7.0,0,populacao,6.894224077834066
3107000,MG,0.0,0,populacao,1.241386927455993
3107109,MG,11.0,0,populacao,19.210924845281173
3107208,MG,0.0,0,populacao,2.4576522408779393
3107307,MG,13.0,0,populacao,23.77926665773664
3107406,MG,38.0,0,populacao,23.719543575316074
3107505,MG,8.0,0,populacao,3.149207615890652
3107604,MG,2.0,0,populacao,1.9921913921716452
3107703,MG,1.0,0,populacao,2.8524881746583297
3107802,MG,0.0,0,populacao,7.327453421741961
3107901,MG,4.0,0,populacao,5.107271532393404
3108008,MG,5.0,0,populacao,8.487787594484333
3108107,MG,0.0,0,populacao,3.3274288777170944
3108206,MG,2.0,0,populacao,2.7320940243819565
3108255,MG,1.0,0,populacao,5.190694250695143
3108305,MG,6.0,0,populacao,9.031931234316131
3108404,MG,8.0,0,populacao,7.262516419427539
3108503,MG,0.0,0,populacao,3.099912373257806
3108552,MG,1.0,0,populacao,7.633652717326753
3108602,MG,9.0,0,populacao,15.514729633252983
3108701,MG,2.0,0,populacao,2.1566668651870056
3108800,MG,0.0,0,populacao,2.3713855662704595
3108909,MG,7.0,0,populacao,7.057277572696556
3109006,MG,30.0,0,populacao,18.42077898500277
3109105,MG,4.0,0,populacao,5.3243601970649745
3109204,MG,4.0,0,populacao,5.021478850503547
3109253,MG,3.0,0,populacao,1.9651738072671046
3109303,MG,14.0,0,populacao,11.70240620540703
3109402,MG,9.0,0,populacao,13.430583653862376
3109451,MG,3.0,0,populacao,3.289509460307213
3109501,MG,3.0,0,populacao,6.79231564354501
3109600,MG,2.0,0,populacao,1.7585129823832508
3109709,MG,6.0,0,populacao,5.520119189443488
3109808,MG,1.0,0,populacao,1.2755144031248862
3109907,MG,7.0,0,populacao,5.403042988190479
3110004,MG,28.0,0,populacao,21.034374829978848
3110103,MG,3.0,0,populacao,2.5785203838719366
3110202,MG,1.0,0,populacao,1.9471620839974109
3110301,MG,5.0,0,populacao,6.886640194352089
3110400,MG,1.0,0,populacao,1.4523136867984583
3110509,MG,13.0,0,populacao,10.45485737262193
3110608,MG,22.0,0,populacao,13.823997609489895
3110707,MG,5.0,0,populacao,6.187026943139777
3110806,MG,2.0,0,populacao,1.780790640111556
3110905,MG,7.0,0,populacao,7.881076915926229
3111002,MG,3.0,0,populacao,10.162403865848221
3111101,MG,10.0,0,populacao,9.517299777162613
3111150,MG,1.0,0,populacao,1.831033868179649
3111200,MG,21.0,0,populacao,25.81269541634153
3111309,MG,7.0,0,populacao,5.630085499932144
3111408,MG,1.0,0,populacao,3.737906571179061
3111507,MG,5.0,0,populacao,7.293325946073067
3111606,MG,4.0,0,populacao,13.772806395986555
3111705,MG,1.0,0,populacao,2.22729178011291
3111804,MG,5.0,0,populacao,5.743369759444165
3111903,MG,4.0,0,populacao,2.718348235570874
3112000,MG,9.0,0,populacao,7.179567693843423
3112059,MG,2.0,0,populacao,2.1410251055054297
3112109,MG,1.0,0,populacao,2.601746027035489
3112208,MG,1.0,0,populacao,2.277535008181003
3112307,MG,19.0,0,populacao,17.948682238249745
3112406,MG,2.0,0,populacao,3.389995916443399
3112505,MG,1.0,0,populacao,4.587301521160405
3112604,MG,10.0,0,populacao,7.702381661382163
3112653,MG,1.0,0,populacao,2.5619306387551135
3112703,MG,0.0,0,populacao,7.22222703842954
3112802,MG,8.0,0,populacao,4.115204774407381
3112901,MG,2.0,0,populacao,4.470225319907396
3113008,MG,6.0,0,populacao,11.272020817804876
3113107,MG,0.0,0,populacao,1.563701975439985
3113206,MG,11.0,0,populacao,12.028039202414387
3113305,MG,25.0,0,populacao,15.906721610727633
3113404,MG,62.0,0,populacao,43.53196517926149
3113503,MG,4.0,0,populacao,4.523786496998853
3113602,MG,0.0,0,populacao,3.2027687929821096
3113701,MG,2.0,0,populacao,9.361356173064475
3113800,MG,1.0,0,populacao,1.2461268546322282
3113909,MG,4.0,0,populacao,5.853810062650444
3114006,MG,5.0,0,populacao,5.478881823010242
3114105,MG,3.0,0,populacao,7.02552006061578
3114204,MG,0.0,0,populacao,10.492302797314188
3114303,MG,16.0,0,populacao,14.627889258579382
3114402,MG,9.0,0,populacao,10.170935734765443
3114501,MG,5.0,0,populacao,9.00349167125872
3114550,MG,3.0,0,populacao,4.774054651904071
3114600,MG,3.0,0,populacao,1.9481100694326579
3114709,MG,3.0,0,populacao,1.697367921809817
3114808,MG,0.0,0,populacao,2.1884243772677814
3114907,MG,0.0,0,populacao,1.0944491849927025
3115003,MG,1.0,0,populacao,1.455631635821823
3115102,MG,6.0,0,populacao,8.55888650212786
3115201,MG,0.0,0,populacao,1.9196705063752468
3115300,MG,32.0,0,populacao,35.56130363970442
3115359,MG,5.0,0,populacao,2.51974528688662
3115409,MG,0.0,0,populacao,1.7376573028078162
3115458,MG,0.0,0,populacao,3.134039848926699
3115474,MG,0.0,0,populacao,2.44153648847874
3115508,MG,16.0,0,populacao,10.526430272983083
3115607,MG,1.0,0,populacao,0.573057195606833
3115706,MG,0.0,0,populacao,3.371036207738458
3115805,MG,1.0,0,populacao,5.034750646597005
3115904,MG,2.0,0,populacao,1.4698514173505286
3116001,MG,2.0,0,populacao,2.760059594721744
3116100,MG,2.0,0,populacao,7.429835848748641
3116159,MG,4.0,0,populacao,6.148159540294649
3116209,MG,0.0,0,populacao,1.321965689451991
3116308,MG,0.0,0,populacao,3.25538198463832
3116407,MG,1.0,0,populacao,2.2974427023211907
3116506,MG,1.0,0,populacao,3.7061490590982853
3116605,MG,20.0,0,populacao,13.407832003416447
3116704,MG,1.0,0,populacao,3.582910952516171
3116803,MG,3.0,0,populacao,4.3351373953846934
3116902,MG,0.0,0,populacao,1.4873891479025987
3117009,MG,1.0,0,populacao,3.6018706612211115
3117108,MG,5.0,0,populacao,4.917200452626373
3117207,MG,4.0,0,populacao,1.3546711869680137
3117306,MG,3.0,0,populacao,12.7115367012275
3117405,MG,0.0,0,populacao,2.2012221806436165
3117504,MG,12.0,0,populacao,8.591591999643883
3117603,MG,3.0,0,populacao,2.6140698376937004
3117702,MG,5.0,0,populacao,6.505076056665158
3117801,MG,4.0,0,populacao,5.435274492988878
3117836,MG,0.0,0,populacao,3.6137204791616995
3117876,MG,1.0,0,populacao,3.132143878056205
3117900,MG,1.0,0,populacao,5.548558752500899
3118007,MG,30.0,0,populacao,25.521189895003065
3118106,MG,16.0,0,populacao,2.4334786122791403
3118205,MG,6.0,0,populacao,3.2989893146596834
3118304,MG,82.0,0,populacao,60.37197845098983
3118403,MG,15.0,0,populacao,11.015590757570553
3118502,MG,0.0,0,populacao,0.8579268188985671
3118601,MG,399.0,0,populacao,312.1621239724963
3118700,MG,0.0,0,populacao,4.47069931262502
3118809,MG,3.0,0,populacao,12.822450997151401
3118908,MG,1.0,0,populacao,4.279680247422742
3119005,MG,0.0,0,populacao,1.7002118781155582
3119104,MG,11.0,0,populacao,11.557838426531857
3119203,MG,2.0,0,populacao,4.90061070750955
3119302,MG,24.0,0,populacao,13.512584394011244
3119401,MG,39.0,0,populacao,52.29372056453222
3119500,MG,1.0,0,populacao,4.4607454655549255
3119609,MG,1.0,0,populacao,1.481227242573493
3119708,MG,0.0,0,populacao,1.6452287228712301
3119807,MG,1.0,0,populacao,1.592141538497396
3119906,MG,0.0,0,populacao,1.8030682978398616
3119955,MG,1.0,0,populacao,2.983784157440044
3120003,MG,0.0,0,populacao,1.4077583713418478
3120102,MG,0.0,0,populacao,2.1064236371189127
3120151,MG,2.0,0,populacao,3.1430457105615464
3120201,MG,3.0,0,populacao,5.955244504221877
3120300,MG,3.0,0,populacao,2.863863999881294
3120409,MG,2.0,0,populacao,2.4766119495828804
3120508,MG,7.0,0,populacao,4.968391666129713
3120607,MG,4.0,0,populacao,2.3969811730221293
3120706,MG,2.0,0,populacao,1.978445603360563
3120805,MG,4.0,0,populacao,7.345465145011654
3120839,MG,0.0,0,populacao,2.367593624529471
3120870,MG,0.0,0,populacao,3.613246486444076
3120904,MG,42.0,0,populacao,37.86159029833135
3121001,MG,1.0,0,populacao,2.5932141581182657
3121100,MG,1.0,0,populacao,3.889110248100963
3121209,MG,6.0,0,populacao,3.4061116688425987
3121258,MG,0.0,0,populacao,4.69442387534332
3121308,MG,4.0,0,populacao,2.392241245845894
3121407,MG,1.0,0,populacao,3.476262591050879
3121506,MG,1.0,0,populacao,1.429088043634906
3121605,MG,28.0,0,populacao,22.86066877098226
3121704,MG,2.0,0,populacao,1.854733504060825
3121803,MG,2.0,0,populacao,3.9279776509460915
3121902,MG,1.0,0,populacao,1.6376448393892538
3122009,MG,13.0,0,populacao,9.542895383914283
3122108,MG,0.0,0,populacao,2.4107269618332112
3122207,MG,5.0,0,populacao,3.582910952516171
3122306,MG,149.0,0,populacao,111.35842710031639
3122355,MG,2.0,0,populacao,3.140201754255805
3122405,MG,1.0,0,populacao,2.8761878105395056
3122454,MG,0.0,0,populacao,4.999201192775241
3122470,MG,0.0,0,populacao,1.8097041958865907
3122504,MG,1.0,0,populacao,2.4870397893705976
3122603,MG,1.0,0,populacao,2.1813144865034286
3122702,MG,4.0,0,populacao,2.5363350320034437
3122801,MG,2.0,0,populacao,1.4561056285394465
3122900,MG,2.0,0,populacao,3.0937504679287002
3123007,MG,8.0,0,populacao,4.784008498974164
3123106,MG,0.0,0,populacao,2.51974528688662
3123205,MG,7.0,0,populacao,6.599400607472238
3123304,MG,0.0,0,populacao,2.1031056880955483
3123403,MG,0.0,0,populacao,0.7266308361168528
3123502,MG,0.0,0,populacao,0.9148059450133893
3123528,MG,2.0,0,populacao,3.736958585743814
3123601,MG,10.0,0,populacao,13.143818059700147
3123700,MG,0.0,0,populacao,5.2603711801858
3123809,MG,1.0,0,populacao,3.4966442779086906
3123858,MG,1.0,0,populacao,2.579942362024807
3123908,MG,7.0,0,populacao,7.248296637898833
3124005,MG,8.0,0,populacao,9.01297152561119
3124104,MG,15.0,0,populacao,32.71023744319896
3124203,MG,23.0,0,populacao,11.757389360651358
3124302,MG,6.0,0,populacao,15.269201405524
3124401,MG,0.0,0,populacao,2.2334536854420155
3124500,MG,1.0,0,populacao,5.426742624071655
3124609,MG,0.0,0,populacao,1.1603341727423715
3124708,MG,2.0,0,populacao,1.7016338562684288
3124807,MG,1.0,0,populacao,3.7829358793532952
3124906,MG,6.0,0,populacao,5.349007818381398
3125002,MG,1.0,0,populacao,1.8732192200481421
3125101,MG,39.0,0,populacao,16.278805894062092
3125200,MG,0.0,0,populacao,1.1499063329546542
3125309,MG,0.0,0,populacao,1.5978294511088784
3125408,MG,1.0,0,populacao,2.375651500729071
3125507,MG,3.0,0,populacao,1.5191466599833743
3125606,MG,1.0,0,populacao,3.5222398846603604
3125705,MG,1.0,0,populacao,7.239290776263987
3125804,MG,0.0,0,populacao,1.5968814656736312
3125903,MG,3.0,0,populacao,4.944692030248537
3125952,MG,8.0,0,populacao,5.232405609846013
3126000,MG,3.0,0,populacao,3.4805285255094907
3126109,MG,32.0,0,populacao,32.432003717953954
3126208,MG,2.0,0,populacao,4.405288317592974
3126307,MG,2.0,0,populacao,2.088885906566843
3126406,MG,0.0,0,populacao,1.389746648072154
3126505,MG,3.0,0,populacao,5.0039411199514765
3126604,MG,2.0,0,populacao,2.4718720224066453
3126703,MG,3.0,0,populacao,12.526679541354326
3126752,MG,0.0,0,populacao,2.6884866943605927
3126802,MG,1.0,0,populacao,2.855332130964071
3126901,MG,5.0,0,populacao,4.5489081110329
3126950,MG,1.0,0,populacao,1.6637144388585472
3127008,MG,6.0,0,populacao,8.092003675268694
3127057,MG,0.0,0,populacao,2.2434075325121094
3127073,MG,2.0,0,populacao,2.706024424912663
3127107,MG,24.0,0,populacao,27.856552014734138
3127206,MG,0.0,0,populacao,2.0272668532757856
3127305,MG,1.0,0,populacao,3.334064775763824
3127339,MG,3.0,0,populacao,2.486565796652974
3127354,MG,0.0,0,populacao,1.497816987690316
3127370,MG,2.0,0,populacao,1.5774477642510671
3127388,MG,3.0,0,populacao,1.8732192200481421
3127404,MG,3.0,0,populacao,2.090307884719713
3127503,MG,0.0,0,populacao,2.949656681771151
3127602,MG,4.0,0,populacao,5.718248145410118
3127701,MG,134.0,0,populacao,133.14502837316377
3127800,MG,3.0,0,populacao,7.551177984460261
3127909,MG,1.0,0,populacao,0.6721216735901482
3128006,MG,18.0,0,populacao,16.141348005951272
3128105,MG,1.0,0,populacao,6.853934696836067
3128204,MG,2.0,0,populacao,4.996831229187124
3128253,MG,0.0,0,populacao,2.3704375808352123
3128303,MG,9.0,0,populacao,9.185030882108528
3128402,MG,8.0,0,populacao,4.288212116339965
3128501,MG,2.0,0,populacao,1.866583322001413
3128600,MG,2.0,0,populacao,3.1928149459120156
3128709,MG,37.0,0,populacao,24.786975175404237
3128808,MG,2.0,0,populacao,3.4601468386516796
3128907,MG,4.0,0,populacao,3.7710860614127073
3129004,MG,1.0,0,populacao,4.130372541371334
3129103,MG,0.0,0,populacao,2.8245226043185423
3129202,MG,0.0,0,populacao,3.1098662203279
3129301,MG,4.0,0,populacao,5.195908170589002
3129400,MG,1.0,0,populacao,2.4410624957611162
3129509,MG,8.0,0,populacao,11.897217212350295
3129608,MG,3.0,0,populacao,3.981538828037549
3129657,MG,1.0,0,populacao,2.922165104148987
3129707,MG,3.0,0,populacao,6.434451141739253
3129806,MG,56.0,0,populacao,84.1218575602338
3129905,MG,0.0,0,populacao,1.6760382495167587
3130002,MG,0.0,0,populacao,1.4305100217877766
3130051,MG,2.0,0,populacao,5.609703813074333
3130101,MG,9.0,0,populacao,19.493898497702414
3130200,MG,2.0,0,populacao,4.999201192775241
3130309,MG,3.0,0,populacao,3.873468488419387
3130408,MG,0.0,0,populacao,3.061992955847925
3130507,MG,1.0,0,populacao,5.857602004391432
3130556,MG,2.0,0,populacao,3.2700757588846487
3130606,MG,2.0,0,populacao,3.4866904308385966
3130655,MG,0.0,0,populacao,3.5663212073993478
3130705,MG,1.0,0,populacao,3.225994436145662
3130804,MG,1.0,0,populacao,1.320069718581497
3130903,MG,7.0,0,populacao,11.751227455322253
3131000,MG,2.0,0,populacao,2.9577145579707507
3131109,MG,2.0,0,populacao,3.5497314622825242
3131158,MG,8.0,0,populacao,8.70961618633214
3131208,MG,7.0,0,populacao,9.354720275017746
3131307,MG,168.0,0,populacao,123.80831982141571
3131406,MG,3.0,0,populacao,2.0310587950167736
3131505,MG,1.0,0,populacao,4.799176265938117
3131604,MG,2.0,0,populacao,3.3032552491182954
3131703,MG,77.0,0,populacao,56.54022132172131
3131802,MG,1.0,0,populacao,5.449968267235207
3131901,MG,28.0,0,populacao,24.086413938756678
3132008,MG,0.0,0,populacao,2.5472368645087844
3132107,MG,3.0,0,populacao,8.741847691130538
3132206,MG,7.0,0,populacao,6.3178489332038685
3132305,MG,0.0,0,populacao,6.031557331759263
3132404,MG,92.0,0,populacao,45.97729360948122
3132503,MG,14.0,0,populacao,16.429061585548748
3132602,MG,0.0,0,populacao,2.0675562342737845
3132701,MG,6.0,0,populacao,11.203765866467089
3132800,MG,0.0,0,populacao,1.0461019277951036
3132909,MG,0.0,0,populacao,4.97739752776456
3133006,MG,10.0,0,populacao,7.295221916943562
3133105,MG,13.0,0,populacao,7.247348652463587
3133204,MG,4.0,0,populacao,5.874665742225879
3133303,MG,6.0,0,populacao,10.21880899924542
3133402,MG,5.0,0,populacao,7.129324465775331
3133501,MG,15.0,0,populacao,10.502730637101907
3133600,MG,5.0,0,populacao,4.558861958102994
3133709,MG,2.0,0,populacao,5.203966046788602
3133758,MG,5.0,0,populacao,7.6227508848214125
3133808,MG,56.0,0,populacao,43.9372289528296
3133907,MG,0.0,0,populacao,2.697018563277816
3134004,MG,3.0,0,populacao,7.179567693843423
3134103,MG,3.0,0,populacao,2.9008354318559286
3134202,MG,52.0,0,populacao,49.544562802315816
3134301,MG,0.0,0,populacao,2.944916754594916
3134400,MG,15.0,0,populacao,18.241135745023456
3134509,MG,1.0,0,populacao,1.8608954093899306
3134608,MG,5.0,0,populacao,9.264187665951654
3134707,MG,2.0,0,populacao,5.953822526069007
3134806,MG,13.0,0,populacao,3.70140913192205
3134905,MG,18.0,0,populacao,12.064536641671397
3135001,MG,1.0,0,populacao,1.496869002255069
3135050,MG,6.0,0,populacao,17.98280971391864
3135076,MG,1.0,0,populacao,2.566196573213725
3135100,MG,16.0,0,populacao,33.96300019587792
3135209,MG,22.0,0,populacao,32.50831654549134
3135308,MG,1.0,0,populacao,2.0419606275221143
3135357,MG,0.0,0,populacao,4.115678767125004
3135407,MG,6.0,0,populacao,2.469028066100904
3135456,MG,1.0,0,populacao,3.636472129607628
3135506,MG,1.0,0,populacao,6.095072355920815
3135605,MG,2.0,0,populacao,3.739802542049555
3135704,MG,2.0,0,populacao,2.521167265039491
3135803,MG,11.0,0,populacao,12.115253862457113
3135902,MG,5.0,0,populacao,2.3216163309199898
3136009,MG,1.0,0,populacao,7.410402147326076
3136108,MG,0.0,0,populacao,2.3680676172470947
3136207,MG,50.0,0,populacao,37.72508039565578
3136306,MG,16.0,0,populacao,23.107618976864114
3136405,MG,0.0,0,populacao,2.2130719985842044
3136504,MG,5.0,0,populacao,5.166994614813967
3136520,MG,0.0,0,populacao,2.1950602753145105
3136553,MG,0.0,0,populacao,2.3197203600494958
3136579,MG,0.0,0,populacao,2.3116624838498963
3136603,MG,0.0,0,populacao,2.751053733086897
3136652,MG,4.0,0,populacao,12.264087575790898
3136702,MG,422.0,0,populacao,267.222400421893
3136801,MG,0.0,0,populacao,2.0656602634032906
3136900,MG,6.0,0,populacao,4.901558692944797
3136959,MG,2.0,0,populacao,2.777597325273814
3137007,MG,2.0,0,populacao,8.603915810302095
3137106,MG,0.0,0,populacao,3.694773233875321
3137205,MG,10.0,0,populacao,24.270323113194603
3137304,MG,1.0,0,populacao,2.0135210644647032
3137403,MG,5.0,0,populacao,6.188448921292648
3137502,MG,7.0,0,populacao,8.614817642807434
3137536,MG,4.0,0,populacao,4.474491254366008
3137601,MG,58.0,0,populacao,29.26999829868747
3137700,MG,3.0,0,populacao,9.622526160475035
3137809,MG,8.0,0,populacao,9.892228016802816
3137908,MG,1.0,0,populacao,1.658026526247065
3138005,MG,1.0,0,populacao,3.2477981011563437
3138104,MG,0.0,0,populacao,3.1586874702431222
3138203,MG,82.0,0,populacao,48.40603229458413
3138302,MG,2.0,0,populacao,1.5641759681576086
3138351,MG,0.0,0,populacao,2.369015602682342
3138401,MG,17.0,0,populacao,25.289407456085165
3138500,MG,3.0,0,populacao,2.51026543253415
3138609,MG,6.0,0,populacao,8.015216855013685
3138625,MG,2.0,0,populacao,3.5487834768472775
3138658,MG,0.0,0,populacao,4.2867901381870945
3138674,MG,2.0,0,populacao,3.0378193272491254
3138682,MG,0.0,0,populacao,3.202294800264486
3138708,MG,3.0,0,populacao,2.641087422598241
3138807,MG,2.0,0,populacao,8.721466004272727
3138906,MG,2.0,0,populacao,3.4302852974413978
3139003,MG,21.0,0,populacao,19.869774722777866
3139102,MG,3.0,0,populacao,2.442484473913987
3139201,MG,7.0,0,populacao,9.08027849151373
3139250,MG,1.0,0,populacao,3.1397277615381816
3139300,MG,3.0,0,populacao,9.182186925802785
3139409,MG,64.0,0,populacao,41.9862749270912
3139508,MG,16.0,0,populacao,10.799450078334228
3139607,MG,11.0,0,populacao,13.334363132184802
3139706,MG,4.0,0,populacao,3.733166644002826
3139805,MG,9.0,0,populacao,6.040089200676487
3139904,MG,3.0,0,populacao,6.867206492929525
3140001,MG,34.0,0,populacao,28.371782098790902
3140100,MG,1.0,0,populacao,2.0163650207704444
3140159,MG,3.0,0,populacao,7.104202851741284
3140209,MG,0.0,0,populacao,1.4120243058004593
3140308,MG,4.0,0,populacao,1.9571159310675048
3140407,MG,0.0,0,populacao,1.3745788811082014
3140506,MG,2.0,0,populacao,6.368566153989584
3140530,MG,6.0,0,populacao,3.873468488419387
3140555,MG,6.0,0,populacao,4.047423815787218
3140605,MG,2.0,0,populacao,2.1893723627030286
3140704,MG,11.0,0,populacao,14.541148591254277
3140803,MG,13.0,0,populacao,6.848720776942208
3140852,MG,0.0,0,populacao,5.213445901141072
3140902,MG,4.0,0,populacao,8.965098261131216
3141009,MG,3.0,0,populacao,6.0903324287445795
3141108,MG,12.0,0,populacao,17.700784046932647
3141207,MG,2.0,0,populacao,1.8229759919800492
3141306,MG,2.0,0,populacao,1.7845825818525443
3141405,MG,6.0,0,populacao,10.147710091601892
3141504,MG,5.0,0,populacao,3.1112881984807705
3141603,MG,4.0,0,populacao,5.151352855132391
3141702,MG,1.0,0,populacao,2.801770953872613
3141801,MG,4.0,0,populacao,15.17203289841118
3141900,MG,1.0,0,populacao,1.8817510889653655
3142007,MG,0.0,0,populacao,6.506024042100405
3142106,MG,1.0,0,populacao,5.136659080886062
3142205,MG,8.0,0,populacao,7.084295157601097
3142254,MG,1.0,0,populacao,2.315454425590884
3142304,MG,1.0,0,populacao,2.3495819012597776
3142403,MG,1.0,0,populacao,3.566795200116971
3142502,MG,0.0,0,populacao,1.1029810539099258
3142601,MG,1.0,0,populacao,4.1289505632184635
3142700,MG,3.0,0,populacao,7.3957083730797475
3142809,MG,4.0,0,populacao,9.998876378268108
3142908,MG,5.0,0,populacao,10.324983367993088
3143005,MG,5.0,0,populacao,6.376624030189184
3143104,MG,23.0,0,populacao,22.869200639899486
3143153,MG,2.0,0,populacao,2.3396280541896837
3143203,MG,0.0,0,populacao,10.403666159118591
3143302,MG,208.0,0,populacao,190.55787028802996
3143401,MG,20.0,0,populacao,11.11228527196575
3143450,MG,2.0,0,populacao,3.871572517548893
3143500,MG,3.0,0,populacao,4.199575478144367
3143609,MG,1.0,0,populacao,1.2300111022330285
3143708,MG,1.0,0,populacao,1.5826616841449257
3143807,MG,4.0,0,populacao,2.9676684050408446
3143906,MG,63.0,0,populacao,51.445747592703746
3144003,MG,8.0,0,populacao,13.048071530740197
3144102,MG,9.0,0,populacao,9.966170880752085
3144201,MG,1.0,0,populacao,1.551852157499397
3144300,MG,24.0,0,populacao,19.806733691333935
3144359,MG,0.0,0,populacao,3.284769533130978
3144375,MG,0.0,0,populacao,1.603043371002737
3144409,MG,1.0,0,populacao,2.2846448989453556
3144508,MG,2.0,0,populacao,4.068279495362653
3144607,MG,9.0,0,populacao,12.822924989869026
3144656,MG,0.0,0,populacao,4.917674445343996
3144672,MG,0.0,0,populacao,1.642384766565489
3144706,MG,15.0,0,populacao,8.529024960917578
3144805,MG,96.0,0,populacao,43.69170072510062
3144904,MG,0.0,0,populacao,1.780790640111556
3145000,MG,0.0,0,populacao,7.078607244989614
3145059,MG,0.0,0,populacao,3.625096304384664
3145109,MG,1.0,0,populacao,7.889608784843453
3145208,MG,49.0,0,populacao,44.878104497312286
3145307,MG,10.0,0,populacao,15.11278380870824
3145356,MG,0.0,0,populacao,5.151826847850014
3145372,MG,0.0,0,populacao,2.515953345145632
3145406,MG,1.0,0,populacao,0.8877883601088488
3145455,MG,1.0,0,populacao,2.816938720836566
3145505,MG,0.0,0,populacao,1.3096418787937796
3145604,MG,23.0,0,populacao,19.863612817448757
3145703,MG,0.0,0,populacao,1.0342521098545157
3145802,MG,0.0,0,populacao,1.5129847546542687
3145851,MG,0.0,0,populacao,2.2325057000067687
3145877,MG,1.0,0,populacao,3.7677681123893425
3145901,MG,41.0,0,populacao,18.454906460671662
3146008,MG,16.0,0,populacao,15.981138467394524
3146107,MG,58.0,0,populacao,35.387822305054215
3146206,MG,2.0,0,populacao,2.8960955046796935
3146255,MG,1.0,0,populacao,3.0041658442978556
3146305,MG,1.0,0,populacao,9.563751063489718
3146404,MG,2.0,0,populacao,2.2040661369493577
3146503,MG,3.0,0,populacao,3.9772728935789377
3146552,MG,0.0,0,populacao,2.9311709657838336
3146602,MG,2.0,0,populacao,0.7474865156922875
3146701,MG,4.0,0,populacao,3.200872822111615
3146750,MG,1.0,0,populacao,2.920269133278493
3146909,MG,4.0,0,populacao,7.354471006646501
3147006,MG,62.0,0,populacao,43.79029121036631
3147105,MG,37.0,0,populacao,43.95761063968741
3147204,MG,12.0,0,populacao,10.230184824468383
3147303,MG,15.0,0,populacao,9.945789193894273
3147402,MG,9.0,0,populacao,11.578220113389667
3147501,MG,0.0,0,populacao,0.8209553869239328
3147600,MG,9.0,0,populacao,7.806660059259337
3147709,MG,1.0,0,populacao,3.945515381498162
3147808,MG,0.0,0,populacao,0.9972806778798814
3147907,MG,43.0,0,populacao,54.2522584737526
3147956,MG,0.0,0,populacao,2.8325804805181423
3148004,MG,99.0,0,populacao,71.52218314036547
3148103,MG,47.0,0,populacao,42.651286709916995
3148202,MG,2.0,0,populacao,2.6922786361015807
3148301,MG,1.0,0,populacao,4.596781375512875
3148400,MG,0.0,0,populacao,2.3614317192003655
3148509,MG,1.0,0,populacao,4.128002577783216
3148608,MG,4.0,0,populacao,8.470723856649887
3148707,MG,5.0,0,populacao,11.730371775746818
3148756,MG,0.0,0,populacao,3.3734061713265757
3148806,MG,0.0,0,populacao,1.549956186628903
3148905,MG,1.0,0,populacao,1.9120866228932707
3149002,MG,0.0,0,populacao,1.1622301436128655
3149101,MG,3.0,0,populacao,5.4840957429041
3149150,MG,0.0,0,populacao,5.4016210100376085
3149200,MG,3.0,0,populacao,1.7405012591135571
3149309,MG,40.0,0,populacao,30.258273114932503
3149408,MG,0.0,0,populacao,0.8735685785801433
3149507,MG,0.0,0,populacao,1.5864536258859139
3149606,MG,1.0,0,populacao,2.0831979939553604
3149705,MG,0.0,0,populacao,5.140925015344673
3149804,MG,17.0,0,populacao,7.54833402815452
3149903,MG,12.0,0,populacao,10.164299836718715
3149952,MG,0.0,0,populacao,3.3463885864220355
3150000,MG,1.0,0,populacao,2.043382605674985
3150109,MG,2.0,0,populacao,1.3508792452270255
3150158,MG,7.0,0,populacao,3.909017942241151
3150208,MG,0.0,0,populacao,1.9969313193478804
3150307,MG,3.0,0,populacao,2.220181889348557
3150406,MG,0.0,0,populacao,2.360957726482742
3150505,MG,2.0,0,populacao,4.133216497677075
3150539,MG,1.0,0,populacao,2.309766512979402
3150570,MG,0.0,0,populacao,3.595234763174382
3150604,MG,1.0,0,populacao,3.1122361839160178
3150703,MG,1.0,0,populacao,2.7444178350401676
3150802,MG,4.0,0,populacao,8.493001514378191
3150901,MG,0.0,0,populacao,2.6135958449760768
3151008,MG,9.0,0,populacao,4.074915393409382
3151107,MG,7.0,0,populacao,5.155144796873379
3151206,MG,42.0,0,populacao,26.878231045559197
3151305,MG,3.0,0,populacao,5.251839311268577
3151404,MG,22.0,0,populacao,13.132442234477184
3151503,MG,31.0,0,populacao,16.364598575951952
3151602,MG,2.0,0,populacao,5.591218097087015
3151701,MG,8.0,0,populacao,8.011898905990321
3151800,MG,114.0,0,populacao,78.72308050650194
3151909,MG,3.0,0,populacao,4.190569616509521
3152006,MG,11.0,0,populacao,14.983857789514643
3152105,MG,39.0,0,populacao,28.610674428473153
3152131,MG,0.0,0,populacao,2.018734984358562
3152170,MG,4.0,0,populacao,5.753323606514258
3152204,MG,6.0,0,populacao,18.3629518734527
3152303,MG,4.0,0,populacao,5.330048109676457
3152402,MG,3.0,0,populacao,7.887712813972959
3152501,MG,121.0,0,populacao,69.74186649297152
3152600,MG,4.0,0,populacao,2.9316449585014572
3152709,MG,3.0,0,populacao,4.275888305681754
3152808,MG,12.0,0,populacao,13.1751015790633
3152907,MG,1.0,0,populacao,4.213795259673073
3153004,MG,0.0,0,populacao,1.6916800091983348
3153103,MG,0.0,0,populacao,2.636347495422006
3153202,MG,0.0,0,populacao,1.8139701303452025
3153301,MG,2.0,0,populacao,1.450891708645588
3153400,MG,6.0,0,populacao,9.289783272703325
3153509,MG,3.0,0,populacao,4.0393659395876185
3153608,MG,2.0,0,populacao,5.013420974303947
3153707,MG,0.0,0,populacao,1.6859920965868527
3153806,MG,0.0,0,populacao,0.9280777411068477
3153905,MG,11.0,0,populacao,7.768740641849456
3154002,MG,12.0,0,populacao,11.550254543049881
3154101,MG,3.0,0,populacao,5.07030010041877
3154150,MG,0.0,0,populacao,3.3734061713265757
3154200,MG,3.0,0,populacao,5.483621750186477
3154309,MG,11.0,0,populacao,8.396780992700617
3154408,MG,1.0,0,populacao,2.30407860036792
3154457,MG,2.0,0,populacao,3.9293996290989623
3154507,MG,3.0,0,populacao,4.584457564854664
3154606,MG,116.0,0,populacao,155.8824590375639
3154705,MG,0.0,0,populacao,1.923462448116235
3154804,MG,8.0,0,populacao,4.79822828050287
3154903,MG,5.0,0,populacao,6.697517100020306
3155009,MG,1.0,0,populacao,1.243282898326487
3155108,MG,0.0,0,populacao,2.513109388839891
3155207,MG,1.0,0,populacao,2.761007580156991
3155306,MG,0.0,0,populacao,2.7368339515581916
3155405,MG,4.0,0,populacao,4.305749846892035
3155504,MG,8.0,0,populacao,5.906897247024278
3155603,MG,5.0,0,populacao,14.701358129811027
3155702,MG,4.0,0,populacao,6.931669502526324
3155801,MG,6.0,0,populacao,8.560782472998355
3155900,MG,4.0,0,populacao,2.6278156265047823
3156007,MG,2.0,0,populacao,6.376624030189184
3156106,MG,3.0,0,populacao,2.2912807969920848
3156205,MG,0.0,0,populacao,1.0868653015107261
3156304,MG,4.0,0,populacao,3.7241607823679788
3156403,MG,2.0,0,populacao,1.7272294630200986
3156452,MG,0.0,0,populacao,2.170886646715711
3156502,MG,1.0,0,populacao,3.217936559946062
3156601,MG,3.0,0,populacao,4.918622430779243
3156700,MG,30.0,0,populacao,64.44784182983446
3156809,MG,5.0,0,populacao,7.5535479480483785
3156908,MG,13.0,0,populacao,12.322862672776214
3157005,MG,22.0,0,populacao,19.75506848511297
3157104,MG,2.0,0,populacao,3.378146098502811
3157203,MG,25.0,0,populacao,14.54683650386576
3157252,MG,0.0,0,populacao,3.877260430160375
3157278,MG,0.0,0,populacao,1.467481453762411
3157302,MG,0.0,0,populacao,2.1756265738919467
3157336,MG,0.0,0,populacao,4.051215757528206
3157377,MG,2.0,0,populacao,2.0557064163331966
3157401,MG,0.0,0,populacao,2.351003879412648
3157500,MG,0.0,0,populacao,2.174204595739076
3157609,MG,0.0,0,populacao,1.8888609797297182
3157658,MG,2.0,0,populacao,3.0382933199667486
3157708,MG,8.0,0,populacao,6.3420225618026675
3157807,MG,71.0,0,populacao,103.75558390963516
3157906,MG,2.0,0,populacao,7.665884222125152
3158003,MG,0.0,0,populacao,5.21723784288206
3158102,MG,1.0,0,populacao,2.550554813532149
3158201,MG,2.0,0,populacao,7.060595521719921
3158300,MG,4.0,0,populacao,3.470574678439397
3158409,MG,0.0,0,populacao,1.8371957735087547
3158508,MG,0.0,0,populacao,3.775351995871319
3158607,MG,1.0,0,populacao,1.9111386374580235
3158706,MG,0.0,0,populacao,1.1546462601308893
3158805,MG,0.0,0,populacao,2.30407860036792
3158904,MG,3.0,0,populacao,4.196257529121002
3158953,MG,0.0,0,populacao,15.56023293414484
3159001,MG,0.0,0,populacao,2.03864267849875
3159100,MG,2.0,0,populacao,1.8424096934026135
3159209,MG,6.0,0,populacao,4.3597850167011165
3159308,MG,1.0,0,populacao,2.3903452749754
3159357,MG,3.0,0,populacao,3.3885739382905284
3159407,MG,8.0,0,populacao,1.6902580310454642
3159506,MG,1.0,0,populacao,2.701284497736428
3159605,MG,35.0,0,populacao,20.061267780697765
3159704,MG,0.0,0,populacao,1.6049393418732312
3159803,MG,19.0,0,populacao,9.31206093043163
3159902,MG,4.0,0,populacao,8.793986890069124
3160009,MG,0.0,0,populacao,1.7386052882430632
3160108,MG,2.0,0,populacao,1.9296243534453408
3160207,MG,3.0,0,populacao,1.9149305791990117
3160306,MG,7.0,0,populacao,5.6770107789768725
3160405,MG,14.0,0,populacao,13.3263052559852
3160454,MG,0.0,0,populacao,3.4786325546389967
3160504,MG,1.0,0,populacao,0.8593487970514376
3160603,MG,1.0,0,populacao,1.52530856531248
3160702,MG,22.0,0,populacao,22.54356764289213
3160801,MG,1.0,0,populacao,2.4453284302197282
3160900,MG,2.0,0,populacao,1.776050712935321
3160959,MG,1.0,0,populacao,2.7003365123011807
3161007,MG,5.0,0,populacao,8.43090846836951
3161056,MG,1.0,0,populacao,1.6390668175421244
3161106,MG,12.0,0,populacao,26.925156324603925
3161205,MG,0.0,0,populacao,3.162953404701734
3161304,MG,0.0,0,populacao,2.9501306744887743
3161403,MG,0.0,0,populacao,2.4102529691155876
3161502,MG,4.0,0,populacao,5.642883303307979
3161601,MG,0.0,0,populacao,1.9974053120655038
3161650,MG,0.0,0,populacao,1.8580514530841896
3161700,MG,2.0,0,populacao,3.2696017661670256
3161809,MG,3.0,0,populacao,5.68080272071786
3161908,MG,0.0,0,populacao,5.106323546958157
3162005,MG,12.0,0,populacao,12.094872175599303
3162104,MG,20.0,0,populacao,16.5973290003051
3162203,MG,0.0,0,populacao,3.5222398846603604
3162252,MG,0.0,0,populacao,2.342472010495425
3162302,MG,2.0,0,populacao,1.3323935292397084
3162401,MG,1.0,0,populacao,12.255555706873675
3162450,MG,2.0,0,populacao,6.096494334073685
3162500,MG,71.0,0,populacao,42.78400467085158
3162559,MG,2.0,0,populacao,5.387875221226526
3162575,MG,3.0,0,populacao,2.729724060793839
3162609,MG,2.0,0,populacao,3.7061490590982853
3162658,MG,0.0,0,populacao,2.083671986672984
3162708,MG,4.0,0,populacao,11.247373196488454
3162807,MG,6.0,0,populacao,7.623224877539036
3162906,MG,14.0,0,populacao,12.578818740292913
3162922,MG,8.0,0,populacao,14.295620363525295
3162948,MG,6.0,0,populacao,3.4952222997558198
3162955,MG,8.0,0,populacao,10.859173160754791
3163003,MG,0.0,0,populacao,2.0395906639339967
3163102,MG,0.0,0,populacao,2.2912807969920848
3163201,MG,0.0,0,populacao,2.004041210112233
3163300,MG,1.0,0,populacao,1.8703752637424012
3163409,MG,2.0,0,populacao,2.6700009783732757
3163508,MG,0.0,0,populacao,3.152051572196393
3163607,MG,0.0,0,populacao,1.321017704016744
3163706,MG,31.0,0,populacao,21.546286965012246
3163805,MG,1.0,0,populacao,3.3392786956576828
3163904,MG,3.0,0,populacao,2.3277782362490957
3164001,MG,4.0,0,populacao,3.8777344228779986
3164100,MG,0.0,0,populacao,2.6041159906236064
3164209,MG,5.0,0,populacao,5.6367213979788735
3164308,MG,2.0,0,populacao,3.361556353385988
3164407,MG,6.0,0,populacao,2.5775723984366894
3164431,MG,0.0,0,populacao,1.4248221091762943
3164472,MG,0.0,0,populacao,3.0425592544253606
3164506,MG,3.0,0,populacao,4.982137454940795
3164605,MG,0.0,0,populacao,3.1231380164213585
3164704,MG,35.0,0,populacao,33.43212835213958
3164803,MG,0.0,0,populacao,0.7498564792804051
3164902,MG,1.0,0,populacao,1.0660096219352915
3165008,MG,5.0,0,populacao,5.248521362245212
3165107,MG,3.0,0,populacao,3.423175406677045
3165206,MG,2.0,0,populacao,3.368192251432717
3165305,MG,0.0,0,populacao,3.636472129607628
3165404,MG,4.0,0,populacao,3.2468501157210965
3165503,MG,1.0,0,populacao,2.937806863830563
3165537,MG,18.0,0,populacao,14.71131197688112
3165552,MG,3.0,0,populacao,5.716352174539624
3165560,MG,1.0,0,populacao,1.3158037841228853
3165578,MG,2.0,0,populacao,2.578046391154313
3165602,MG,1.0,0,populacao,0.9712110784105878
3165701,MG,2.0,0,populacao,3.69335125572245
3165800,MG,0.0,0,populacao,0.7925158238665216
3165909,MG,2.0,0,populacao,2.090307884719713
3166006,MG,2.0,0,populacao,2.7927650922377665
3166105,MG,0.0,0,populacao,1.707321768879911
3166204,MG,1.0,0,populacao,5.034750646597005
3166303,MG,2.0,0,populacao,3.523661862813231
3166402,MG,0.0,0,populacao,0.8882623528264723
3166501,MG,2.0,0,populacao,2.0722961614500197
3166600,MG,0.0,0,populacao,0.3848820867102964
3166709,MG,5.0,0,populacao,4.175401849545568
3166808,MG,1.0,0,populacao,5.446650318211843
3166907,MG,2.0,0,populacao,3.7028311100749205
3166956,MG,1.0,0,populacao,2.260471270346556
3167004,MG,0.0,0,populacao,0.9588872677523764
3167103,MG,3.0,0,populacao,10.160033902260103
3167202,MG,126.0,0,populacao,111.97035169876835
3167301,MG,0.0,0,populacao,1.0863913087931028
3167400,MG,0.0,0,populacao,2.9927900190748913
3167509,MG,1.0,0,populacao,1.2565546944199455
3167608,MG,8.0,0,populacao,9.305899025102525
3167707,MG,1.0,0,populacao,2.744891827757791
3167806,MG,6.0,0,populacao,2.9060493517497874
3167905,MG,2.0,0,populacao,1.878433139942001
3168002,MG,13.0,0,populacao,16.032329680897863
3168051,MG,1.0,0,populacao,1.5148807255247627
3168101,MG,1.0,0,populacao,2.2040661369493577
3168200,MG,0.0,0,populacao,0.9105400105547776
3168309,MG,2.0,0,populacao,1.9315203243158348
3168408,MG,4.0,0,populacao,6.952051189384135
3168507,MG,6.0,0,populacao,5.610177805791956
3168606,MG,75.0,0,populacao,67.27568238317637
3168705,MG,52.0,0,populacao,42.15264637097706
3168804,MG,4.0,0,populacao,3.700461146486803
3168903,MG,3.0,0,populacao,3.220780516251803
3169000,MG,6.0,0,populacao,7.9469619036758985
3169059,MG,1.0,0,populacao,1.9656477999847282
3169109,MG,0.0,0,populacao,2.9539226162297627
3169208,MG,4.0,0,populacao,4.157864118993498
3169307,MG,41.0,0,populacao,37.44495069954028
3169356,MG,14.0,0,populacao,15.019407243336406
3169406,MG,19.0,0,populacao,27.06356219814999
3169505,MG,1.0,0,populacao,3.194236924064886
3169604,MG,13.0,0,populacao,12.104826022669396
3169703,MG,8.0,0,populacao,9.367044085675957
3169802,MG,4.0,0,populacao,2.3818134060581766
3169901,MG,53.0,0,populacao,53.703374906744564
3170008,MG,1.0,0,populacao,5.939602744540301
3170057,MG,3.0,0,populacao,5.982736081844041
3170107,MG,186.0,0,populacao,155.59853739970742
3170206,MG,366.0,0,populacao,320.7096346494012
3170305,MG,1.0,0,populacao,1.2840462720421095
3170404,MG,54.0,0,populacao,39.805908426023024
3170438,MG,3.0,0,populacao,2.110215578859901
3170479,MG,1.0,0,populacao,1.5821876914273023
3170503,MG,1.0,0,populacao,5.019108886915429
3170529,MG,1.0,0,populacao,7.628912790150518
3170578,MG,1.0,0,populacao,3.1435197032791695
3170602,MG,0.0,0,populacao,1.0470499132303508
3170651,MG,1.0,0,populacao,2.3851313550815414
3170701,MG,86.0,0,populacao,63.68755751076634
3170750,MG,2.0,0,populacao,3.292827409330578
3170800,MG,11.0,0,populacao,18.546387055173003
3170909,MG,2.0,0,populacao,9.348558369688641
3171006,MG,6.0,0,populacao,9.851464643087192
3171030,MG,0.0,0,populacao,4.370212856488834
3171071,MG,0.0,0,populacao,2.748209776781156
3171105,MG,3.0,0,populacao,1.8537855186255778
3171154,MG,1.0,0,populacao,2.3249342799433546
3171204,MG,41.0,0,populacao,58.00011889200175
3171303,MG,85.0,0,populacao,37.152023200048944
3171402,MG,1.0,0,populacao,1.77320675662958
3171501,MG,0.0,0,populacao,1.5840836622977963
3171600,MG,3.0,0,populacao,6.65627973358706
3171709,MG,2.0,0,populacao,4.204315405320602
3171808,MG,7.0,0,populacao,5.115803401310627
3171907,MG,2.0,0,populacao,2.6605211240208053
3172004,MG,18.0,0,populacao,19.875462635389347
3172103,MG,4.0,0,populacao,2.519271294168997
3172202,MG,0.0,0,populacao,1.239490956585499
1100015,RO,3.0,0,historico,3.7864258674228117
1100023,RO,13.0,0,historico,37.882967484400346
1100031,RO,1.0,0,historico,1.183521338985118
1100049,RO,12.0,0,historico,24.208421768157898
1100056,RO,1.0,0,historico,5.615291257408281
1100064,RO,3.0,0,historico,4.771323238718719
1100072,RO,0.0,0,historico,1.4414173603621607
1100080,RO,2.0,0,historico,2.769105867156836
1100098,RO,6.0,0,historico,9.163635792103179
1100106,RO,3.0,0,historico,9.770355410834677
1100114,RO,6.0,0,historico,17.19267846563404
1100122,RO,17.0,0,historico,52.32919312815514
1100130,RO,3.0,0,historico,4.769450125753907
1100148,RO,2.0,0,historico,4.153048070751578
1100155,RO,4.0,0,historico,11.695729741576894
1100189,RO,7.0,0,historico,13.998001277183821
1100205,RO,109.0,0,historico,194.516091495924
1100254,RO,2.0,0,historico,5.112805447938335
1100262,RO,0.0,0,historico,0.6486411377248039
1100288,RO,7.0,0,historico,16.310894281397157
1100296,RO,0.0,0,historico,1.9598266339019825
1100304,RO,16.0,0,historico,41.83156926377593
1100320,RO,4.0,0,historico,2.8846649925934016
1100338,RO,2.0,0,historico,3.5916003821223828
1100346,RO,1.0,0,historico,3.2331930467734553
1100379,RO,0.0,0,historico,1.3060279494879095
1100403,RO,1.0,0,historico,4.231912682578302
1100452,RO,2.0,0,historico,5.971170543453207
1100502,RO,0.0,0,historico,1.219604220954905
1100601,RO,1.0,0,historico,1.1462756156231482
1100700,RO,0.0,0,historico,1.7549017599503973
1100809,RO,1.0,0,historico,4.317006673999333
1100908,RO,1.0,0,historico,0.6060653097159292
1100924,RO,0.0,0,historico,2.2469316067663954
1100940,RO,1.0,0,historico,4.055670879501192
1101005,RO,0.0,0,historico,1.2221200184610834
1101104,RO,0.0,0,historico,1.85194648253687
1101203,RO,4.0,0,historico,1.7985995433597057
1101302,RO,1.0,0,historico,1.9671563278718045
1101401,RO,0.0,0,historico,2.7909839329948927
1101435,RO,0.0,0,historico,0.7124189516087014
1101450,RO,0.0,0,historico,0.6939404171340245
1101468,RO,0.0,0,historico,0.4955999295362484
1101476,RO,0.0,0,historico,0.5186785552347678
1101484,RO,0.0,0,historico,0.933779953390721
1101492,RO,2.0,0,historico,3.3546549631833638
1101500,RO,2.0,0,historico,1.3213255492583849
1101559,RO,0.0,0,historico,0.788268145916045
1101609,RO,0.0,0,historico,1.494248665423813
1101708,RO,3.0,0,historico,2.3433270962179953
1101757,RO,0.0,0,historico,1.507359019637148
1101807,RO,0.0,0,historico,1.0614768179585927
1300029,AM,0.0,0,historico,0.5233776275753272
1300060,AM,0.0,0,historico,0.3921304646366246
1300086,AM,0.0,0,historico,0.7945634867803469
1300102,AM,0.0,0,historico,1.0736729860937335
1300144,AM,0.0,0,historico,3.4204917530129153
1300201,AM,0.0,0,historico,0.44368816125755317
1300300,AM,0.0,0,historico,1.830573658311066
1300409,AM,0.0,0,historico,1.4769453473882312
1300508,AM,0.0,0,historico,1.185242668086432
1300607,AM,0.0,0,historico,2.0836976801330183
1300631,AM,0.0,0,historico,0.606728399720131
1300680,AM,0.0,0,historico,0.7371918965125154
1300706,AM,0.0,0,historico,2.4540339992646634
1300805,AM,0.0,0,historico,1.7522145197599976
1300839,AM,0.0,0,historico,0.7726697204599078
1300904,AM,0.0,0,historico,0.6651165135794831
1301001,AM,0.0,0,historico,1.4551492429435553
1301100,AM,0.0,0,historico,1.4541092644580773
1301159,AM,0.0,0,historico,1.5449582711449288
1301209,AM,1.0,0,historico,6.100167770981024
1301308,AM,0.0,0,historico,1.7587019578628997
1301407,AM,0.0,0,historico,2.4601870064833213
1301506,AM,0.0,0,historico,0.7821278637676685
1301605,AM,0.0,0,historico,0.727879420977958
1301654,AM,0.0,0,historico,0.5327373350247023
1301704,AM,4.0,0,historico,5.2708575636673745
1301803,AM,0.0,0,historico,0.7546834536254924
1301852,AM,0.0,0,historico,5.78928721693951
1301902,AM,1.0,0,historico,10.506466898436893
1301951,AM,0.0,0,historico,0.23933886281843317
1302009,AM,0.0,0,historico,0.9375436605482756
1302108,AM,0.0,0,historico,0.22060953578195533
1302207,AM,0.0,0,historico,0.6056675648792177
1302306,AM,0.0,0,historico,0.6617487270488852
1302405,AM,0.0,0,historico,1.6413484909325948
1302504,AM,0.0,0,historico,10.383878816073475
1302553,AM,0.0,0,historico,2.7271212462989562
1302603,AM,137.0,0,historico,539.1654503542459
1302702,AM,0.0,0,historico,4.3879393190480585
1302801,AM,0.0,0,historico,0.43408293863398406
1302900,AM,0.0,0,historico,4.45948001817147
1303007,AM,0.0,0,historico,1.0099459696851922
1303106,AM,0.0,0,historico,1.6619037478831837
1303205,AM,0.0,0,historico,1.4374720594893422
1303304,AM,0.0,0,historico,1.4028647875823261
1303403,AM,0.0,0,historico,10.814742917806534
1303502,AM,0.0,0,historico,0.8000315959733991
1303536,AM,0.0,0,historico,4.882271091600165
1303569,AM,0.0,0,historico,3.2101996752843402
1303601,AM,0.0,0,historico,0.5533876956169702
1303700,AM,0.0,0,historico,0.5373204744944914
1303809,AM,0.0,0,historico,4.215748839154785
1303908,AM,0.0,0,historico,0.8468257427182188
1303957,AM,0.0,0,historico,1.0702205637561737
1304005,AM,0.0,0,historico,0.9155448738602865
1304062,AM,0.0,0,historico,5.80168739205841
1304104,AM,0.0,0,historico,0.602345746566884
1304203,AM,0.0,0,historico,6.630608810182024
1304237,AM,0.0,0,historico,0.7626191295318071
1304260,AM,0.0,0,historico,0.5941541294328843
1304302,AM,0.0,0,historico,1.2504357222726117
1304401,AM,2.0,0,historico,1.2907450171383101
2400109,RN,1.0,0,historico,2.1895764401910878
2400208,RN,2.0,0,historico,8.932334793184292
2400307,RN,0.0,0,historico,1.0320143189952442
2400406,RN,1.0,0,historico,0.19374820284089328
2400505,RN,2.0,0,historico,1.3683161042488778
2400604,RN,1.0,0,historico,0.4563171281593367
2400703,RN,8.0,0,historico,2.680074676398201
2400802,RN,1.0,0,historico,1.5912369577825394
2400901,RN,1.0,0,historico,0.4926880261516812
2401008,RN,3.0,0,historico,4.426671886694131
2401107,RN,3.0,0,historico,4.8222043128669085
2401206,RN,0.0,0,historico,1.2608747745469253
2401305,RN,0.0,0,historico,1.2295982654416766
2401404,RN,0.0,0,historico,0.7648826675007623
2401453,RN,1.0,0,historico,1.896487079719815
2401503,RN,0.0,0,historico,0.28240365519595595
2401602,RN,0.0,0,historico,0.3190034700732295
2401651,RN,1.0,0,historico,0.19214616076724872
2401701,RN,0.0,0,historico,0.8261348977299322
2401800,RN,0.0,0,historico,1.161394213154538
2401859,RN,1.0,0,historico,0.4668997014086392
2401909,RN,0.0,0,historico,0.28856584963623433
2402006,RN,10.0,0,historico,22.373256402110172
2402105,RN,0.0,0,historico,1.1409144531530475
2402204,RN,0.0,0,historico,2.6818732216951693
2402303,RN,3.0,0,historico,2.3551204461465547
2402402,RN,1.0,0,historico,1.3302264671203206
2402501,RN,2.0,0,historico,0.9801883288632274
2402600,RN,2.0,0,historico,7.61615815979758
2402709,RN,0.0,0,historico,1.111942506839293
2402808,RN,0.0,0,historico,0.44572933488149924
2402907,RN,1.0,0,historico,0.3822842112016147
2403004,RN,0.0,0,historico,0.9572937197921402
2403103,RN,7.0,0,historico,11.20919875451574
2403202,RN,0.0,0,historico,0.7007496615043225
2403251,RN,62.0,0,historico,146.31787924546114
2403301,RN,0.0,0,historico,0.5028923685061174
2403400,RN,0.0,0,historico,0.5548944786094316
2403509,RN,0.0,0,historico,0.8733726582619361
2403608,RN,2.0,0,historico,5.272060449202549
2403707,RN,1.0,0,historico,0.5647847818862435
2403756,RN,0.0,0,historico,0.2803326262179625
2403806,RN,1.0,0,historico,1.2511940588390607
2403905,RN,1.0,0,historico,0.2503729179663209
2404002,RN,1.0,0,historico,0.3262950462836849
2404101,RN,1.0,0,historico,0.23511306325944967
2404200,RN,3.0,0,historico,4.479866033032453
2404309,RN,1.0,0,historico,0.9875563773549004
2404408,RN,0.0,0,historico,1.8071842470220447
2404507,RN,2.0,0,historico,2.994610739947631
2404606,RN,2.0,0,historico,0.7697766136861202
2404705,RN,0.0,0,historico,1.4754699278768524
2404804,RN,1.0,0,historico,0.3874624034405303
2404853,RN,0.0,0,historico,0.6374339738133539
2404903,RN,2.0,0,historico,0.539623464946925
2405009,RN,0.0,0,historico,0.8165856229698442
2405108,RN,1.0,0,historico,0.4765357460007245
2405207,RN,1.0,0,historico,0.4676669296432726
2405306,RN,0.0,0,historico,0.514580606118234
2405405,RN,1.0,0,historico,0.2116060416793731
2405504,RN,0.0,0,historico,0.1777580876853002
2405603,RN,1.0,0,historico,1.2792168151709933
2405702,RN,3.0,0,historico,2.265141315375417
2405801,RN,2.0,0,historico,3.353457693746228
2405900,RN,0.0,0,historico,0.07636093640912726
2406007,RN,1.0,0,historico,0.5186352095126259
2406106,RN,4.0,0,historico,1.5962339862727106
2406155,RN,0.0,0,historico,0.2860345610548624
2406205,RN,1.0,0,historico,0.5278215112966888
2406304,RN,0.0,0,historico,0.2996584043181856
2406403,RN,1.0,0,historico,0.18302555040056806
2406502,RN,2.0,0,historico,0.9695293007407177
2406601,RN,1.0,0,historico,0.5980017815083123
2406700,RN,0.0,0,historico,1.1813804860138915
2406809,RN,0.0,0,historico,0.4050096863353666
2406908,RN,0.0,0,historico,0.5390394969776223
2407005,RN,0.0,0,historico,0.965292569563057
2407104,RN,5.0,0,historico,9.323680973207088
2407203,RN,5.0,0,historico,5.2574425092632
2407252,RN,0.0,0,historico,0.35126825181793003
2407302,RN,1.0,0,historico,0.7955365160335408
2407401,RN,2.0,0,historico,0.8377587062756716
2407500,RN,0.0,0,historico,1.225537476135427
2407609,RN,1.0,0,historico,0.5714752846454633
2407708,RN,1.0,0,historico,0.9398547957716352
2407807,RN,1.0,0,historico,2.252149455040003
2407906,RN,0.0,0,historico,0.17187064792331957
2408003,RN,35.0,0,historico,99.60600227532346
2408102,RN,194.0,0,historico,294.3094891764892
2408201,RN,0.0,0,historico,3.0751391536017882
2408300,RN,3.0,0,historico,3.77490737648421
2408409,RN,0.0,0,historico,0.3497126318760232
2408508,RN,0.0,0,historico,0.5708906032372572
2408607,RN,0.0,0,historico,0.20431389770608624
2408706,RN,0.0,0,historico,0.3032033820527246
2408805,RN,0.0,0,historico,0.2634253747226709
2408904,RN,4.0,0,historico,3.5970772850753976
2408953,RN,0.0,0,historico,0.7063763912210911
2409100,RN,0.0,0,historico,1.2822150926452074
2409209,RN,0.0,0,historico,0.24017366840324686
2409308,RN,3.0,0,historico,1.5409159924767335
2409332,RN,1.0,0,historico,0.39071640194993523
2409407,RN,9.0,0,historico,7.646728466730621
2409506,RN,0.0,0,historico,0.16708418058256427
2409605,RN,1.0,0,historico,0.10306580812483361
2409704,RN,0.0,0,historico,0.48827071259310045
2409803,RN,1.0,0,historico,1.220304962893228
2409902,RN,2.0,0,historico,2.450457646073791
2410009,RN,0.0,0,historico,0.3283455176405921
2410108,RN,0.0,0,historico,1.3851919527869527
2410207,RN,2.0,0,historico,0.7099999663097527
2410256,RN,0.0,0,historico,0.43559023605317476
2410306,RN,0.0,0,historico,0.7865853475465232
2410405,RN,0.0,0,historico,0.4407581247155279
2410504,RN,0.0,0,historico,0.42136051895200893
2410603,RN,0.0,0,historico,0.319682642153546
2410702,RN,1.0,0,historico,0.27633180250856243
2410801,RN,0.0,0,historico,0.3188264130012725
2410900,RN,0.0,0,historico,0.6096644825326588
2411007,RN,2.0,0,historico,0.3452347304255716
2411056,RN,0.0,0,historico,0.7010297021993186
2411106,RN,0.0,0,historico,0.3063125840112874
2411205,RN,3.0,0,historico,4.44166631366024
2411403,RN,0.0,0,historico,1.1813416977830775
2411429,RN,2.0,0,historico,0.28019945253202877
2411502,RN,1.0,0,historico,2.8225291309377947
2411601,RN,0.0,0,historico,0.12777336051950125
2411700,RN,0.0,0,historico,0.2139173976667241
2411809,RN,0.0,0,historico,0.2999589931745487
2411908,RN,0.0,0,historico,0.35240892165738386
2412005,RN,8.0,0,historico,12.432480712600197
2412104,RN,1.0,0,historico,0.9700172071131846
2412203,RN,3.0,0,historico,4.185197307841466
2412302,RN,1.0,0,historico,1.2656618863309237
2412401,RN,1.0,0,historico,0.9569425472424952
2412500,RN,4.0,0,historico,2.3792651785090526
2412559,RN,2.0,0,historico,0.7676002823716257
2412609,RN,2.0,0,historico,1.7905965049643087
2412708,RN,0.0,0,historico,0.4305294147322135
2412807,RN,1.0,0,historico,0.8284027285004997
2412906,RN,1.0,0,historico,0.9158407515414404
2413003,RN,2.0,0,historico,0.8405609745246542
2413102,RN,0.0,0,historico,0.28345222441109896
2413201,RN,0.0,0,historico,0.2402766414874131
2413300,RN,2.0,0,historico,0.4420084598212236
2413359,RN,0.0,0,historico,1.0313484512631426
2413409,RN,0.0,0,historico,0.63887723453653
2413508,RN,0.0,0,historico,0.5116235119696478
2413557,RN,0.0,0,historico,0.3608694564739678
2413607,RN,1.0,0,historico,0.257084113099954
2413706,RN,1.0,0,historico,0.2395892120009399
2413805,RN,0.0,0,historico,0.222033643458331
2413904,RN,0.0,0,historico,0.7095016168187763
2414001,RN,0.0,0,historico,1.5908023886414697
2414100,RN,1.0,0,historico,0.926521950559258
2414159,RN,0.0,0,historico,0.49166052597855864
2414209,RN,1.0,0,historico,2.0513772361972835
2414308,RN,0.0,0,historico,0.26920450037374993
2414407,RN,0.0,0,historico,2.774450310077481
2414456,RN,0.0,0,historico,0.2745355068794939
2414506,RN,0.0,0,historico,1.0705616969874319
2414605,RN,3.0,0,historico,1.048388123513522
2414704,RN,0.0,0,historico,0.5234967922722541
2414753,RN,0.0,0,historico,0.13840339772729618
2414803,RN,1.0,0,historico,1.1069596482550352
2414902,RN,1.0,0,historico,0.13851484958359106
2415008,RN,1.0,0,historico,0.23148830545409352
3100104,MG,3.0,0,historico,2.0305408840512458
3100203,MG,12.0,0,historico,6.993564633994191
3100302,MG,5.0,0,historico,2.4457232916220266
3100401,MG,2.0,0,historico,0.46616148152797804
3100500,MG,0.0,0,historico,0.9659973834494211
3100609,MG,0.0,0,historico,1.2750195549855066
3100708,MG,2.0,0,historico,0.485801865448503
3100807,MG,0.0,0,historico,0.7671305277782973
3100906,MG,5.0,0,historico,3.229894479669919
3101003,MG,3.0,0,historico,0.9097698138548534
3101102,MG,10.0,0,historico,7.453832189994347
3101201,MG,4.0,0,historico,1.1801926704884402
3101300,MG,1.0,0,historico,0.4369290406808563
3101409,MG,0.0,0,historico,0.7040215268940713
3101508,MG,28.0,0,historico,13.796420519576825
3101607,MG,43.0,0,historico,43.72623849738729
3101631,MG,3.0,0,historico,1.1053729149539682
3101706,MG,14.0,0,historico,6.014450315874344
3101805,MG,2.0,0,historico,1.118234259945942
3101904,MG,7.0,0,historico,7.350463900101591
3102001,MG,3.0,0,historico,3.4164222792297436
3102050,MG,2.0,0,historico,1.1060102197204429
3102100,MG,6.0,0,historico,1.317486478803934
3102209,MG,2.0,0,historico,0.30660269422801173
3102308,MG,12.0,0,historico,3.0143110195187814
3102407,MG,0.0,0,historico,0.27456807096246927
3102506,MG,1.0,0,historico,0.6511967324367458
3102605,MG,12.0,0,historico,17.33128243691517
3102704,MG,3.0,0,historico,0.7389867013286715
3102803,MG,3.0,0,historico,3.4171835453645074
3102852,MG,0.0,0,historico,0.8964028560767358
3102902,MG,1.0,0,historico,2.0850720375980165
3103009,MG,0.0,0,historico,1.5219435907739653
3103108,MG,3.0,0,historico,0.3394648060527254
3103207,MG,0.0,0,historico,0.6088914665129133
3103306,MG,2.0,0,historico,0.24354712450981444
3103405,MG,9.0,0,historico,5.677564031726028
3103504,MG,54.0,0,historico,73.0258356313674
3103603,MG,1.0,0,historico,0.5634941889510806
3103702,MG,2.0,0,historico,0.6087825207730211
3103751,MG,5.0,0,historico,2.5654222760995995
3103801,MG,1.0,0,historico,0.9560303021212895
3103900,MG,5.0,0,historico,2.3714199558667355
3104007,MG,75.0,0,historico,69.93133320826183
3104106,MG,7.0,0,historico,2.7985946443532637
3104205,MG,25.0,0,historico,20.571680092511603
3104304,MG,7.0,0,historico,5.6997071789114395
3104403,MG,0.0,0,historico,0.42774941003212497
3104452,MG,0.0,0,historico,0.36078734689404607
3104502,MG,8.0,0,historico,2.5450463011264004
3104601,MG,11.0,0,historico,3.925852867680816
3104700,MG,2.0,0,historico,1.112954485373164
3104809,MG,0.0,0,historico,0.7739709534914041
3104908,MG,8.0,0,historico,4.4935999397858675
3105004,MG,2.0,0,historico,1.4341350032727211
3105103,MG,18.0,0,historico,12.170556433256023
3105202,MG,3.0,0,historico,0.3354762378557371
3105301,MG,2.0,0,historico,1.2366754344016389
3105400,MG,25.0,0,historico,13.263995359782854
3105509,MG,0.0,0,historico,0.8117726389675207
3105608,MG,79.0,0,historico,53.72335957237232
3105707,MG,1.0,0,historico,0.630077827409669
3105905,MG,11.0,0,historico,9.614847509720219
3106002,MG,1.0,0,historico,1.8821791378407247
3106101,MG,0.0,0,historico,0.60161533631541
3106200,MG,2696.0,0,historico,1525.2149770273752
3106309,MG,8.0,0,historico,4.446321645228767
3106408,MG,3.0,0,historico,1.5505198014052564
3106507,MG,1.0,0,historico,1.1290445686322037
3106606,MG,0.0,0,historico,0.3292026659867032
3106655,MG,1.0,0,historico,0.35963965774519135
3106705,MG,207.0,0,historico,241.42879070386928
3106804,MG,2.0,0,historico,0.3995302334227114
3106903,MG,7.0,0,historico,7.511226668959968
3107000,MG,0.0,0,historico,0.606008406133503
3107109,MG,11.0,0,historico,14.322510460111044
3107208,MG,0.0,0,historico,0.8364693779298803
3107307,MG,13.0,0,historico,8.733767475199969
3107406,MG,38.0,0,historico,24.879946922787898
3107505,MG,8.0,0,historico,1.2305887691280015
3107604,MG,2.0,0,historico,1.7286616218443027
3107703,MG,1.0,0,historico,1.1095256667918818
3107802,MG,0.0,0,historico,2.4058307913691666
3107901,MG,4.0,0,historico,1.8375450169842344
3108008,MG,5.0,0,historico,4.830388045856997
3108107,MG,0.0,0,historico,1.1887847462946197
3108206,MG,2.0,0,historico,1.1665107264319254
3108255,MG,1.0,0,historico,0.5217534545263942
3108305,MG,6.0,0,historico,8.462288170076084
3108404,MG,8.0,0,historico,5.413760742824502
3108503,MG,0.0,0,historico,0.33883580692382964
3108552,MG,1.0,0,historico,2.9858853192591237
3108602,MG,9.0,0,historico,4.158574650890351
3108701,MG,2.0,0,historico,0.36429296239466663
3108800,MG,0.0,0,historico,0.8571132897138647
3108909,MG,7.0,0,historico,3.8914502255643213
3109006,MG,30.0,0,historico,18.19682581327914
3109105,MG,4.0,0,historico,2.247736937883035
3109204,MG,4.0,0,historico,1.8685211512325364
3109253,MG,3.0,0,historico,0.4042400849995447
3109303,MG,14.0,0,historico,5.588692012996503
3109402,MG,9.0,0,historico,2.9252670382207193
3109451,MG,3.0,0,historico,1.138654282984181
3109501,MG,3.0,0,historico,3.7607056618502765
3109600,MG,2.0,0,historico,1.5119287477760937
3109709,MG,6.0,0,historico,3.931640461027342
3109808,MG,1.0,0,historico,0.8970414285173546
3109907,MG,7.0,0,historico,3.7669563571856104
3110004,MG,28.0,0,historico,17.30769490056561
3110103,MG,3.0,0,historico,0.7984909378178183
3110202,MG,1.0,0,historico,0.3828565009339209
3110301,MG,5.0,0,historico,4.026697090310188
3110400,MG,1.0,0,historico,0.5468048377996358
3110509,MG,13.0,0,historico,6.645182904413659
3110608,MG,22.0,0,historico,15.510549241555793
3110707,MG,5.0,0,historico,4.026874807345479
3110806,MG,2.0,0,historico,0.36146498614463135
3110905,MG,7.0,0,historico,6.726710458378991
3111002,MG,3.0,0,historico,6.666938718607897
3111101,MG,10.0,0,historico,6.958110472164366
3111150,MG,1.0,0,historico,0.32704141103008005
3111200,MG,21.0,0,historico,20.534830022007032
3111309,MG,7.0,0,historico,2.3267622735939004
3111408,MG,1.0,0,historico,2.7960379517109186
3111507,MG,5.0,0,historico,5.652034443963861
3111606,MG,4.0,0,historico,7.66566395507697
3111705,MG,1.0,0,historico,0.7163101643834546
3111804,MG,5.0,0,historico,4.555884596816974
3111903,MG,4.0,0,historico,0.8722234129335111
3112000,MG,9.0,0,historico,4.260502450654999
3112059,MG,2.0,0,historico,0.44566527834701375
3112109,MG,1.0,0,historico,0.5872251914466826
3112208,MG,1.0,0,historico,0.5083712259656195
3112307,MG,19.0,0,historico,5.660558361312029
3112406,MG,2.0,0,historico,1.5916375596844559
3112505,MG,1.0,0,historico,2.337072855281473
3112604,MG,10.0,0,historico,4.338703224363505
3112653,MG,1.0,0,historico,0.8408801939937152
3112703,MG,0.0,0,historico,1.3354135653520884
3112802,MG,8.0,0,historico,3.1071179262696185
3112901,MG,2.0,0,historico,1.1945662138617423
3113008,MG,6.0,0,historico,1.5746846860084698
3113107,MG,0.0,0,historico,0.27119650419702646
3113206,MG,11.0,0,historico,7.297526148173844
3113305,MG,25.0,0,historico,10.04867050403715
3113404,MG,62.0,0,historico,33.136775834215676
3113503,MG,4.0,0,historico,1.4520179871301464
3113602,MG,0.0,0,historico,1.6964074320240177
3113701,MG,2.0,0,historico,3.4462748549896274
3113800,MG,1.0,0,historico,0.4223276633977333
3113909,MG,4.0,0,historico,2.6528315088317362
3114006,MG,5.0,0,historico,3.004062979250614
3114105,MG,3.0,0,historico,3.4498119816732817
3114204,MG,0.0,0,historico,8.336351405271689
3114303,MG,16.0,0,historico,11.061524714702983
3114402,MG,9.0,0,historico,10.437528044667388
3114501,MG,5.0,0,historico,5.544800933017408
3114550,MG,3.0,0,historico,3.3814995544197326
3114600,MG,3.0,0,historico,1.3564559589053655
3114709,MG,3.0,0,historico,1.180076670736098
3114808,MG,0.0,0,historico,0.7158756685786382
3114907,MG,0.0,0,historico,0.27634326373520424
3115003,MG,1.0,0,historico,1.0712937243444256
3115102,MG,6.0,0,historico,6.483717008198483
3115201,MG,0.0,0,historico,0.8584589000653028
3115300,MG,32.0,0,historico,45.27874118227199
3115359,MG,5.0,0,historico,1.4408492302304445
3115409,MG,0.0,0,historico,0.23954118037378028
3115458,MG,0.0,0,historico,0.23160874359522082
3115474,MG,0.0,0,historico,0.4622931944292939
3115508,MG,16.0,0,historico,7.573019990237959
3115607,MG,1.0,0,historico,0.20279599134913348
3115706,MG,0.0,0,historico,1.1592117568092526
3115805,MG,1.0,0,historico,1.9465067500899407
3115904,MG,2.0,0,historico,0.4788115500181721
3116001,MG,2.0,0,historico,0.960336179687871
3116100,MG,2.0,0,historico,1.3986468531279015
3116159,MG,4.0,0,historico,1.1668856336995492
3116209,MG,0.0,0,historico,0.5673745278989726
3116308,MG,0.0,0,historico,0.5138729163355833
3116407,MG,1.0,0,historico,1.330206925619292
3116506,MG,1.0,0,historico,1.017547602746958
3116605,MG,20.0,0,historico,10.1649876992066
3116704,MG,1.0,0,historico,1.3122049123050297
3116803,MG,3.0,0,historico,0.7549328290837659
3116902,MG,0.0,0,historico,0.8449854038763628
3117009,MG,1.0,0,historico,0.5450453340320067
3117108,MG,5.0,0,historico,2.9536120106511374
3117207,MG,4.0,0,historico,0.4942853742085066
3117306,MG,3.0,0,historico,9.916233780451963
3117405,MG,0.0,0,historico,0.9428856471561364
3117504,MG,12.0,0,historico,3.03080634414716
3117603,MG,3.0,0,historico,1.5750080718197026
3117702,MG,5.0,0,historico,3.1808694136477107
3117801,MG,4.0,0,historico,3.662955746666265
3117836,MG,0.0,0,historico,0.6490392693577652
3117876,MG,1.0,0,historico,4.2963829403181055
3117900,MG,1.0,0,historico,4.171634076932243
3118007,MG,30.0,0,historico,28.37709694773169
3118106,MG,16.0,0,historico,0.35018087186200014
3118205,MG,6.0,0,historico,2.8630695136362063
3118304,MG,82.0,0,historico,73.29834893750598
3118403,MG,15.0,0,historico,4.03399118792004
3118502,MG,0.0,0,historico,0.2760243014447284
3118601,MG,399.0,0,historico,335.31515997916404
3118700,MG,0.0,0,historico,2.4300895482108573
3118809,MG,3.0,0,historico,2.827344951438858
3118908,MG,1.0,0,historico,1.5810464186727191
3119005,MG,0.0,0,historico,0.5947362618064278
3119104,MG,11.0,0,historico,5.411257257613257
3119203,MG,2.0,0,historico,1.3332227444963238
3119302,MG,24.0,0,historico,10.283393491001354
3119401,MG,39.0,0,historico,58.19401088689977
3119500,MG,1.0,0,historico,0.9183281451753877
3119609,MG,1.0,0,historico,0.6408005765722271
3119708,MG,0.0,0,historico,0.6954910972138073
3119807,MG,1.0,0,historico,0.8600153580720166
3119906,MG,0.0,0,historico,0.7931086952756569
3119955,MG,1.0,0,historico,1.4914818555302245
3120003,MG,0.0,0,historico,0.2930320736530066
3120102,MG,0.0,0,historico,0.4765639911471603
3120151,MG,2.0,0,historico,0.48239946752096646
3120201,MG,3.0,0,historico,3.055126747023169
3120300,MG,3.0,0,historico,0.22324941874972284
3120409,MG,2.0,0,historico,1.0003551462581437
3120508,MG,7.0,0,historico,1.9169224620932424
3120607,MG,4.0,0,historico,0.7743820908513576
3120706,MG,2.0,0,historico,0.919428157370559
3120805,MG,4.0,0,historico,3.695920244204205
3120839,MG,0.0,0,historico,0.7087788714654846
3120870,MG,0.0,0,historico,0.5446815506687125
3120904,MG,42.0,0,historico,32.18604872388585
3121001,MG,1.0,0,historico,0.4601417529362219
3121100,MG,1.0,0,historico,1.4312036750982644
3121209,MG,6.0,0,historico,3.2543168883183657
3121258,MG,0.0,0,historico,1.8750457319369216
3121308,MG,4.0,0,historico,1.0908831333171254
3121407,MG,1.0,0,historico,0.8083715555573235
3121506,MG,1.0,0,historico,0.4313830649037343
3121605,MG,28.0,0,historico,14.260939811063007
3121704,MG,2.0,0,historico,0.3064127978170197
3121803,MG,2.0,0,historico,1.801145843523018
3121902,MG,1.0,0,historico,0.5803169064473247
3122009,MG,13.0,0,historico,3.2108409453400437
3122108,MG,0.0,0,historico,0.7705271882023446
3122207,MG,5.0,0,historico,0.7629560034021962
3122306,MG,149.0,0,historico,114.97303418519444
3122355,MG,2.0,0,historico,0.6466575777402241
3122405,MG,1.0,0,historico,1.4067741395586164
3122454,MG,0.0,0,historico,0.8948686984891702
3122470,MG,0.0,0,historico,0.5939423009236703
3122504,MG,1.0,0,historico,1.258804643551062
3122603,MG,1.0,0,historico,0.5272726566619366
3122702,MG,4.0,0,historico,1.8009384060704594
3122801,MG,2.0,0,historico,0.520069605543088
3122900,MG,2.0,0,historico,1.4693009198296265
3123007,MG,8.0,0,historico,2.528217936268859
3123106,MG,0.0,0,historico,0.6665375611463273
3123205,MG,7.0,0,historico,5.151953284458129
3123304,MG,0.0,0,historico,0.47022214461530304
3123403,MG,0.0,0,historico,0.276977344589075
3123502,MG,0.0,0,historico,0.6168294894045858
3123528,MG,2.0,0,historico,1.1138240837751683
3123601,MG,10.0,0,historico,7.787559655684466
3123700,MG,0.0,0,historico,1.9311887061808486
3123809,MG,1.0,0,historico,0.8299459604130589
3123858,MG,1.0,0,historico,0.7690071839233503
3123908,MG,7.0,0,historico,3.3574981518113627
3124005,MG,8.0,0,historico,3.1416404055383063
3124104,MG,15.0,0,historico,9.519382124159069
3124203,MG,23.0,0,historico,5.526137201044801
3124302,MG,6.0,0,historico,2.9149749853394575
3124401,MG,0.0,0,historico,1.070137299203163
3124500,MG,1.0,0,historico,3.0409128082400256
3124609,MG,0.0,0,historico,0.4655784535644642
3124708,MG,2.0,0,historico,0.7580986337349729
3124807,MG,1.0,0,historico,2.287930068031705
3124906,MG,6.0,0,historico,2.856282880594626
3125002,MG,1.0,0,historico,0.5946904729978306
3125101,MG,39.0,0,historico,17.90857332537495
3125200,MG,0.0,0,historico,0.8035610769945797
3125309,MG,0.0,0,historico,0.7563005704173199
3125408,MG,1.0,0,historico,0.41115458356510515
3125507,MG,3.0,0,historico,0.2634691712493088
3125606,MG,1.0,0,historico,0.5329953779697121
3125705,MG,1.0,0,historico,2.9264209408872524
3125804,MG,0.0,0,historico,0.39494452101187255
3125903,MG,3.0,0,historico,1.4386626506345064
3125952,MG,8.0,0,historico,0.8913175282274068
3126000,MG,3.0,0,historico,2.6843140947569557
3126109,MG,32.0,0,historico,34.842797339632895
3126208,MG,2.0,0,historico,1.3855656771583937
3126307,MG,2.0,0,historico,0.9448507609009705
3126406,MG,0.0,0,historico,0.5364509420804199
3126505,MG,3.0,0,historico,0.9649546008109483
3126604,MG,2.0,0,historico,0.5084688961101365
3126703,MG,3.0,0,historico,3.4606424065407237
3126752,MG,0.0,0,historico,0.459322699143719
3126802,MG,1.0,0,historico,0.40486313089544895
3126901,MG,5.0,0,historico,1.5350785144641286
3126950,MG,1.0,0,historico,0.12519540947842936
3127008,MG,6.0,0,historico,4.451981536563268
3127057,MG,0.0,0,historico,0.29908841258395197
3127073,MG,2.0,0,historico,0.3120353783938049
3127107,MG,24.0,0,historico,24.10056745520502
3127206,MG,0.0,0,historico,0.4818674683772555
3127305,MG,1.0,0,historico,1.1144401995159112
3127339,MG,3.0,0,historico,0.5075512076180863
3127354,MG,0.0,0,historico,0.3126232721887794
3127370,MG,2.0,0,historico,0.47429684209127276
3127388,MG,3.0,0,historico,1.1969029276852559
3127404,MG,3.0,0,historico,0.896524359135473
3127503,MG,0.0,0,historico,0.5145380156693827
3127602,MG,4.0,0,historico,2.001824504345621
3127701,MG,134.0,0,historico,102.74758185349948
3127800,MG,3.0,0,historico,1.25154730574667
3127909,MG,1.0,0,historico,0.6400806519126759
3128006,MG,18.0,0,historico,8.320770258172379
3128105,MG,1.0,0,historico,3.6187024187854857
3128204,MG,2.0,0,historico,1.6607826097540765
3128253,MG,0.0,0,historico,0.5313097367354696
3128303,MG,9.0,0,historico,5.748342625547236
3128402,MG,8.0,0,historico,2.1839047522153052
3128501,MG,2.0,0,historico,0.6213842455745867
3128600,MG,2.0,0,historico,1.9508186929037643
3128709,MG,37.0,0,historico,25.567980075410684
3128808,MG,2.0,0,historico,1.6670251849172986
3128907,MG,4.0,0,historico,2.198232807854411
3129004,MG,1.0,0,historico,1.520509981826663
3129103,MG,0.0,0,historico,1.5288245981721125
3129202,MG,0.0,0,historico,1.0111673051672347
3129301,MG,4.0,0,historico,1.930355244591014
3129400,MG,1.0,0,historico,0.6071218854464585
3129509,MG,8.0,0,historico,8.781106296804127
3129608,MG,3.0,0,historico,0.7521067048387325
3129657,MG,1.0,0,historico,0.29047792223415514
3129707,MG,3.0,0,historico,4.646748767663968
3129806,MG,56.0,0,historico,45.40569748968749
3129905,MG,0.0,0,historico,0.8432002683872328
3130002,MG,0.0,0,historico,0.5062283249199478
3130051,MG,2.0,0,historico,1.220163362275044
3130101,MG,9.0,0,historico,11.828009202194496
3130200,MG,2.0,0,historico,2.103787053286495
3130309,MG,3.0,0,historico,2.782179638609275
3130408,MG,0.0,0,historico,2.2398631021560815
3130507,MG,1.0,0,historico,3.0767427726370182
3130556,MG,2.0,0,historico,0.3723052947179179
3130606,MG,2.0,0,historico,1.8592322798145455
3130655,MG,0.0,0,historico,0.6359219257817778
3130705,MG,1.0,0,historico,1.6131432315490182
3130804,MG,1.0,0,historico,0.7487388842022343
3130903,MG,7.0,0,historico,3.988138391972877
3131000,MG,2.0,0,historico,1.8701127792237995
3131109,MG,2.0,0,historico,1.207129136112991
3131158,MG,8.0,0,historico,3.39322491341658
3131208,MG,7.0,0,historico,4.594903920771645
3131307,MG,168.0,0,historico,156.56587223361143
3131406,MG,3.0,0,historico,1.1191979755050059
3131505,MG,1.0,0,historico,2.4177115337095247
3131604,MG,2.0,0,historico,1.9895360996998661
3131703,MG,77.0,0,historico,64.34230933626606
3131802,MG,1.0,0,historico,1.8849575229519941
3131901,MG,28.0,0,historico,18.775703929429696
3132008,MG,0.0,0,historico,0.5011197324935295
3132107,MG,3.0,0,historico,1.9354553347825278
3132206,MG,7.0,0,historico,3.95739969449247
3132305,MG,0.0,0,historico,0.8793810627948183
3132404,MG,92.0,0,historico,57.20133284963654
3132503,MG,14.0,0,historico,4.685329874524295
3132602,MG,0.0,0,historico,0.899839090616275
3132701,MG,6.0,0,historico,3.5747557420346583
3132800,MG,0.0,0,historico,0.24329782838295494
3132909,MG,0.0,0,historico,2.593387443707002
3133006,MG,10.0,0,historico,5.371000731007372
3133105,MG,13.0,0,historico,7.186046303543824
3133204,MG,4.0,0,historico,2.2498018489374565
3133303,MG,6.0,0,historico,2.738521873219202
3133402,MG,5.0,0,historico,5.186168143555581
3133501,MG,15.0,0,historico,8.264782952984985
3133600,MG,5.0,0,historico,3.2430319093097135
3133709,MG,2.0,0,historico,2.539824428192483
3133758,MG,5.0,0,historico,7.79880713363087
3133808,MG,56.0,0,historico,49.70177984686187
3133907,MG,0.0,0,historico,0.6785997142722873
3134004,MG,3.0,0,historico,1.384050931246418
3134103,MG,3.0,0,historico,0.9584439050271434
3134202,MG,52.0,0,historico,49.50537799331463
3134301,MG,0.0,0,historico,1.5833907581713411
3134400,MG,15.0,0,historico,19.23061370612782
3134509,MG,1.0,0,historico,1.314286272614699
3134608,MG,5.0,0,historico,4.339918150739809
3134707,MG,2.0,0,historico,1.5008929104990365
3134806,MG,13.0,0,historico,1.5170189021431935
3134905,MG,18.0,0,historico,9.031473340298222
3135001,MG,1.0,0,historico,0.7127583431256317
3135050,MG,6.0,0,historico,5.336248050226586
3135076,MG,1.0,0,historico,0.6158814247549934
3135100,MG,16.0,0,historico,11.615936742894686
3135209,MG,22.0,0,historico,8.428785989166908
3135308,MG,1.0,0,historico,1.4115718511707183
3135357,MG,0.0,0,historico,0.7406568108947638
3135407,MG,6.0,0,historico,0.9184931035806451
3135456,MG,1.0,0,historico,0.6512836870749928
3135506,MG,1.0,0,historico,1.4014892032218096
3135605,MG,2.0,0,historico,1.0176102096025126
3135704,MG,2.0,0,historico,1.2789697152083765
3135803,MG,11.0,0,historico,3.8530596533073074
3135902,MG,5.0,0,historico,0.778244167933678
3136009,MG,1.0,0,historico,1.313424847059935
3136108,MG,0.0,0,historico,0.771532249446911
3136207,MG,50.0,0,historico,43.81708731071896
3136306,MG,16.0,0,historico,13.012484433726705
3136405,MG,0.0,0,historico,0.6934860257442736
3136504,MG,5.0,0,historico,1.464429769582765
3136520,MG,0.0,0,historico,0.4911818528998853
3136553,MG,0.0,0,historico,0.5077760935852064
3136579,MG,0.0,0,historico,0.19116251511045515
3136603,MG,0.0,0,historico,0.8901858884598997
3136652,MG,4.0,0,historico,9.424587997274285
3136702,MG,422.0,0,historico,238.3882892397375
3136801,MG,0.0,0,historico,0.5192229915549635
3136900,MG,6.0,0,historico,3.1247392651795214
3136959,MG,2.0,0,historico,0.27595499045938887
3137007,MG,2.0,0,historico,0.9096919400062451
3137106,MG,0.0,0,historico,2.863832895059942
3137205,MG,10.0,0,historico,22.678391686025805
3137304,MG,1.0,0,historico,0.37401710397486987
3137403,MG,5.0,0,historico,3.172917134996356
3137502,MG,7.0,0,historico,6.724951373415788
3137536,MG,4.0,0,historico,2.317930310499067
3137601,MG,58.0,0,historico,26.132736469959703
3137700,MG,3.0,0,historico,4.753592561434235
3137809,MG,8.0,0,historico,8.159972916625675
3137908,MG,1.0,0,historico,0.5106832568101409
3138005,MG,1.0,0,historico,2.030176436763119
3138104,MG,0.0,0,historico,0.7359472074670433
3138203,MG,82.0,0,historico,63.10381395818645
3138302,MG,2.0,0,historico,0.8836147647885213
3138351,MG,0.0,0,historico,0.6281312252572315
3138401,MG,17.0,0,historico,20.618325112787723
3138500,MG,3.0,0,historico,1.159411827679312
3138609,MG,6.0,0,historico,4.948823097992082
3138625,MG,2.0,0,historico,2.425917255987943
3138658,MG,0.0,0,historico,0.944774230768582
3138674,MG,2.0,0,historico,0.6509156707695462
3138682,MG,0.0,0,historico,0.5506931796906472
3138708,MG,3.0,0,historico,1.1554689786103238
3138807,MG,2.0,0,historico,7.077849148503139
3138906,MG,2.0,0,historico,0.9121259478895879
3139003,MG,21.0,0,historico,15.314615260113294
3139102,MG,3.0,0,historico,1.2892468603218394
3139201,MG,7.0,0,historico,2.5531233183373705
3139250,MG,1.0,0,historico,0.5144626889577136
3139300,MG,3.0,0,historico,2.4781427861218273
3139409,MG,64.0,0,historico,26.410898637293677
3139508,MG,16.0,0,historico,6.145951931468466
3139607,MG,11.0,0,historico,6.53119859039326
3139706,MG,4.0,0,historico,1.42460552854939
3139805,MG,9.0,0,historico,3.2723433142948943
3139904,MG,3.0,0,historico,3.086672059255513
3140001,MG,34.0,0,historico,31.343168333158463
3140100,MG,1.0,0,historico,0.44618182318567884
3140159,MG,3.0,0,historico,3.649285439425502
3140209,MG,0.0,0,historico,0.6720156575233568
3140308,MG,4.0,0,historico,0.6179990959153724
3140407,MG,0.0,0,historico,0.4027443174081544
3140506,MG,2.0,0,historico,3.548648335477992
3140530,MG,6.0,0,historico,1.2254117908392128
3140555,MG,6.0,0,historico,0.6674286794845384
3140605,MG,2.0,0,historico,0.36562643596265937
3140704,MG,11.0,0,historico,11.669071488063777
3140803,MG,13.0,0,historico,5.249698153672902
3140852,MG,0.0,0,historico,1.1215485609501572
3140902,MG,4.0,0,historico,3.3222686611662167
3141009,MG,3.0,0,historico,1.7302027135447626
3141108,MG,12.0,0,historico,18.14429880209813
3141207,MG,2.0,0,historico,0.9637033827139754
3141306,MG,2.0,0,historico,1.201283128515881
3141405,MG,6.0,0,historico,3.3466254780292717
3141504,MG,5.0,0,historico,0.9233286616368271
3141603,MG,4.0,0,historico,2.012784179399932
3141702,MG,1.0,0,historico,1.0146500373397287
3141801,MG,4.0,0,historico,3.8004212417680976
3141900,MG,1.0,0,historico,0.7143460004295107
3142007,MG,0.0,0,historico,1.779230371588208
3142106,MG,1.0,0,historico,1.8898151714077456
3142205,MG,8.0,0,historico,3.82114418015127
3142254,MG,1.0,0,historico,0.263437058565244
3142304,MG,1.0,0,historico,0.8166464625505805
3142403,MG,1.0,0,historico,2.075014541570559
3142502,MG,0.0,0,historico,0.2833883405997752
3142601,MG,1.0,0,historico,3.4945245842795547
3142700,MG,3.0,0,historico,1.5757962210792955
3142809,MG,4.0,0,historico,5.636362223919545
3142908,MG,5.0,0,historico,2.9541280380444825
3143005,MG,5.0,0,historico,3.606799502086219
3143104,MG,23.0,0,historico,22.242340410599777
3143153,MG,2.0,0,historico,0.15763616803255381
3143203,MG,0.0,0,historico,8.337554524588517
3143302,MG,208.0,0,historico,223.09115213874563
3143401,MG,20.0,0,historico,8.399556397370432
3143450,MG,2.0,0,historico,0.5472305516227916
3143500,MG,3.0,0,historico,2.541159966023409
3143609,MG,1.0,0,historico,0.37776891943049234
3143708,MG,1.0,0,historico,0.37365913960281016
3143807,MG,4.0,0,historico,0.9357663991150557
3143906,MG,63.0,0,historico,49.091635451644564
3144003,MG,8.0,0,historico,4.573925623031991
3144102,MG,9.0,0,historico,9.844695495192942
3144201,MG,1.0,0,historico,0.3668010830948827
3144300,MG,24.0,0,historico,11.23470044484781
3144359,MG,0.0,0,historico,1.1691780208765614
3144375,MG,0.0,0,historico,0.5875295793193699
3144409,MG,1.0,0,historico,1.1063714088053183
3144508,MG,2.0,0,historico,2.3053941787838594
3144607,MG,9.0,0,historico,6.499043299280137
3144656,MG,0.0,0,historico,0.597375784283049
3144672,MG,0.0,0,historico,0.2659869059866657
3144706,MG,15.0,0,historico,6.625395773056694
3144805,MG,96.0,0,historico,99.02614811790299
3144904,MG,0.0,0,historico,0.4408677992476883
3145000,MG,0.0,0,historico,4.471862837919834
3145059,MG,0.0,0,historico,0.7521761023007283
3145109,MG,1.0,0,historico,4.375471049046375
3145208,MG,49.0,0,historico,29.380029176417715
3145307,MG,10.0,0,historico,2.4310962321982315
3145356,MG,0.0,0,historico,0.7475544838946802
3145372,MG,0.0,0,historico,0.4414408913319099
3145406,MG,1.0,0,historico,0.28942565059526365
3145455,MG,1.0,0,historico,0.6970025861537629
3145505,MG,0.0,0,historico,0.5115248537662381
3145604,MG,23.0,0,historico,12.428963493138257
3145703,MG,0.0,0,historico,0.3131582590072738
3145802,MG,0.0,0,historico,0.5525494707546045
3145851,MG,0.0,0,historico,0.6645490142730189
3145877,MG,1.0,0,historico,0.4888935229972665
3145901,MG,41.0,0,historico,25.866139064691946
3146008,MG,16.0,0,historico,12.348682134483644
3146107,MG,58.0,0,historico,37.30383544011284
3146206,MG,2.0,0,historico,0.4316453097001435
3146255,MG,1.0,0,historico,0.47756162960808535
3146305,MG,1.0,0,historico,1.7986810138481504
3146404,MG,2.0,0,historico,0.9637108402115562
3146503,MG,3.0,0,historico,3.329156807903262
3146552,MG,0.0,0,historico,0.30823564344433085
3146602,MG,2.0,0,historico,0.44902029131144694
3146701,MG,4.0,0,historico,1.8637473955933175
3146750,MG,1.0,0,historico,0.37510327112470276
3146909,MG,4.0,0,historico,2.9454877633123298
3147006,MG,62.0,0,historico,45.36537709986882
3147105,MG,37.0,0,historico,32.07764350983723
3147204,MG,12.0,0,historico,8.108419482929383
3147303,MG,15.0,0,historico,9.543499880089671
3147402,MG,9.0,0,historico,6.584563907256944
3147501,MG,0.0,0,historico,0.2786010034552398
3147600,MG,9.0,0,historico,5.41881011355347
3147709,MG,1.0,0,historico,2.0973389016747035
3147808,MG,0.0,0,historico,0.41838126299323614
3147907,MG,43.0,0,historico,62.845579383516395
3147956,MG,0.0,0,historico,0.4946107457498526
3148004,MG,99.0,0,historico,81.18270152865631
3148103,MG,47.0,0,historico,39.64124366101637
3148202,MG,2.0,0,historico,1.393402383312775
3148301,MG,1.0,0,historico,1.6226023175946356
3148400,MG,0.0,0,historico,0.4370532240958974
3148509,MG,1.0,0,historico,1.0202470899510998
3148608,MG,4.0,0,historico,3.1370106093670667
3148707,MG,5.0,0,historico,2.8250956639205276
3148756,MG,0.0,0,historico,0.4989446575701395
3148806,MG,0.0,0,historico,0.5413378861406999
3148905,MG,1.0,0,historico,1.377996486576633
3149002,MG,0.0,0,historico,0.3691990927358165
3149101,MG,3.0,0,historico,2.5563536092164423
3149150,MG,0.0,0,historico,1.0823623730850505
3149200,MG,3.0,0,historico,1.449291711040135
3149309,MG,40.0,0,historico,38.2596875037179
3149408,MG,0.0,0,historico,0.16599330064480838
3149507,MG,0.0,0,historico,0.7462905779466323
3149606,MG,1.0,0,historico,0.980052799084278
3149705,MG,0.0,0,historico,3.357978821946996
3149804,MG,17.0,0,historico,5.632084933373542
3149903,MG,12.0,0,historico,10.378760499437568
3149952,MG,0.0,0,historico,0.6496690890179484
3150000,MG,1.0,0,historico,0.6378714675098092
3150109,MG,2.0,0,historico,0.4260913993748801
3150158,MG,7.0,0,historico,1.1457820212236263
3150208,MG,0.0,0,historico,0.5405437743221363
3150307,MG,3.0,0,historico,0.8186005270316697
3150406,MG,0.0,0,historico,0.7083049675803307
3150505,MG,2.0,0,historico,2.3781444500427433
3150539,MG,1.0,0,historico,0.48871709965967247
3150570,MG,0.0,0,historico,0.5517522646577403
3150604,MG,1.0,0,historico,1.025758455974256
3150703,MG,1.0,0,historico,2.225699326363257
3150802,MG,4.0,0,historico,1.5450688589772634
3150901,MG,0.0,0,historico,1.238270517783956
3151008,MG,9.0,0,historico,2.32834741749887
3151107,MG,7.0,0,historico,3.5908800940678374
3151206,MG,42.0,0,historico,22.204753217134662
3151305,MG,3.0,0,historico,2.5859778009598045
3151404,MG,22.0,0,historico,10.248487591476447
3151503,MG,31.0,0,historico,15.055047120780653
3151602,MG,2.0,0,historico,3.9539813611528625
3151701,MG,8.0,0,historico,4.919089936566129
3151800,MG,114.0,0,historico,109.5506287467841
3151909,MG,3.0,0,historico,1.035744053092466
3152006,MG,11.0,0,historico,9.060941537523263
3152105,MG,39.0,0,historico,23.218807198521628
3152131,MG,0.0,0,historico,0.33429030514568236
3152170,MG,4.0,0,historico,1.080761070308343
3152204,MG,6.0,0,historico,4.068961455144776
3152303,MG,4.0,0,historico,1.6904351969882294
3152402,MG,3.0,0,historico,1.6348101483303168
3152501,MG,121.0,0,historico,115.30522547074773
3152600,MG,4.0,0,historico,1.5960000441963516
3152709,MG,3.0,0,historico,2.5265859514678177
3152808,MG,12.0,0,historico,8.118646383106116
3152907,MG,1.0,0,historico,3.819879151096918
3153004,MG,0.0,0,historico,1.2003817581451315
3153103,MG,0.0,0,historico,0.5918469477433731
3153202,MG,0.0,0,historico,0.367497111966986
3153301,MG,2.0,0,historico,0.22861342153315722
3153400,MG,6.0,0,historico,5.3540070299837055
3153509,MG,3.0,0,historico,1.7498919034262999
3153608,MG,2.0,0,historico,2.818845195104935
3153707,MG,0.0,0,historico,0.7077053408109347
3153806,MG,0.0,0,historico,0.43158462019279376
3153905,MG,11.0,0,historico,7.424600999546242
3154002,MG,12.0,0,historico,4.480307933577188
3154101,MG,3.0,0,historico,2.6082149804453647
3154150,MG,0.0,0,historico,1.1031787272654996
3154200,MG,3.0,0,historico,3.0204387789153895
3154309,MG,11.0,0,historico,3.846173826366669
3154408,MG,1.0,0,historico,0.8457789336293385
3154457,MG,2.0,0,historico,0.7910241579341024
3154507,MG,3.0,0,historico,0.78151662237431
3154606,MG,116.0,0,historico,57.325773646447225
3154705,MG,0.0,0,historico,1.9874247937317377
3154804,MG,8.0,0,historico,2.407536439096322
3154903,MG,5.0,0,historico,2.5246598842773524
3155009,MG,1.0,0,historico,0.4732600583241223
3155108,MG,0.0,0,historico,0.4486892893561492
3155207,MG,1.0,0,historico,0.4849792629790434
3155306,MG,0.0,0,historico,1.0305477962428973
3155405,MG,4.0,0,historico,2.404264437540786
3155504,MG,8.0,0,historico,4.549955572768944
3155603,MG,5.0,0,historico,3.1920507036456396
3155702,MG,4.0,0,historico,3.75913065789657
3155801,MG,6.0,0,historico,6.94597449478943
3155900,MG,4.0,0,historico,1.1634345351700568
3156007,MG,2.0,0,historico,0.9307961638819225
3156106,MG,3.0,0,historico,0.7278048500834697
3156205,MG,0.0,0,historico,0.4818653811523389
3156304,MG,4.0,0,historico,1.8923493903200457
3156403,MG,2.0,0,historico,1.2041253017783131
3156452,MG,0.0,0,historico,0.7391267252158569
3156502,MG,1.0,0,historico,0.4759498777917208
3156601,MG,3.0,0,historico,0.9762605591165691
3156700,MG,30.0,0,historico,71.94355769194412
3156809,MG,5.0,0,historico,2.7846945017898874
3156908,MG,13.0,0,historico,11.74713172271708
3157005,MG,22.0,0,historico,6.86310444081743
3157104,MG,2.0,0,historico,0.5855412960529749
3157203,MG,25.0,0,historico,10.38866300445656
3157252,MG,0.0,0,historico,0.874244022807919
3157278,MG,0.0,0,historico,0.41541600316719224
3157302,MG,0.0,0,historico,0.59790996411858
3157336,MG,0.0,0,historico,2.2843296773796946
3157377,MG,2.0,0,historico,0.31889489201743715
3157401,MG,0.0,0,historico,0.6755201029787902
3157500,MG,0.0,0,historico,0.3897593711846031
3157609,MG,0.0,0,historico,0.34879667820666316
3157658,MG,2.0,0,historico,0.286307602704799
3157708,MG,8.0,0,historico,4.4801158730675334
3157807,MG,71.0,0,historico,69.48231340888806
3157906,MG,2.0,0,historico,2.13911353329038
3158003,MG,0.0,0,historico,1.8812626490362874
3158102,MG,1.0,0,historico,0.44093650085733554
3158201,MG,2.0,0,historico,2.4917361277615613
3158300,MG,4.0,0,historico,1.9308257052924724
3158409,MG,0.0,0,historico,0.7486353613161193
3158508,MG,0.0,0,historico,1.1545493668129576
3158607,MG,1.0,0,historico,0.6823269131951941
3158706,MG,0.0,0,historico,0.41920634596819634
3158805,MG,0.0,0,historico,0.7345674307342228
3158904,MG,3.0,0,historico,1.4270586787942892
3158953,MG,0.0,0,historico,8.258497113002576
3159001,MG,0.0,0,historico,0.701318293391013
3159100,MG,2.0,0,historico,0.47209982818741075
3159209,MG,6.0,0,historico,2.5982791575665933
3159308,MG,1.0,0,historico,1.0413254918315944
3159357,MG,3.0,0,historico,0.9213929791163499
3159407,MG,8.0,0,historico,0.5301063989985363
3159506,MG,1.0,0,historico,0.6656416829923667
3159605,MG,35.0,0,historico,15.712239397321104
3159704,MG,0.0,0,historico,1.0813969466592857
3159803,MG,19.0,0,historico,6.630318473598981
3159902,MG,4.0,0,historico,3.383122642048812
3160009,MG,0.0,0,historico,0.7444618433071338
3160108,MG,2.0,0,historico,0.5854366452132133
3160207,MG,3.0,0,historico,0.15933178274394075
3160306,MG,7.0,0,historico,1.0002325635002693
3160405,MG,14.0,0,historico,10.964326463131812
3160454,MG,0.0,0,historico,0.25227246465570125
3160504,MG,1.0,0,historico,0.28157215531658764
3160603,MG,1.0,0,historico,0.4917794699245446
3160702,MG,22.0,0,historico,27.27794461650548
3160801,MG,1.0,0,historico,0.8763682101759953
3160900,MG,2.0,0,historico,0.7302056817988501
3160959,MG,1.0,0,historico,0.5913122748818759
3161007,MG,5.0,0,historico,4.3484398456306055
3161056,MG,1.0,0,historico,0.2999629128199936
3161106,MG,12.0,0,historico,6.482060211777903
3161205,MG,0.0,0,historico,1.2492994493021314
3161304,MG,0.0,0,historico,1.6098855833482086
3161403,MG,0.0,0,historico,0.7877533989364445
3161502,MG,4.0,0,historico,2.1945724947453846
3161601,MG,0.0,0,historico,0.6502699428569793
3161650,MG,0.0,0,historico,0.5902213035448496
3161700,MG,2.0,0,historico,1.6935541362145936
3161809,MG,3.0,0,historico,3.2420770036910675
3161908,MG,0.0,0,historico,2.7953190265655183
3162005,MG,12.0,0,historico,9.59246323811324
3162104,MG,20.0,0,historico,16.933198529467397
3162203,MG,0.0,0,historico,2.6451993147792927
3162252,MG,0.0,0,historico,0.4341633520948691
3162302,MG,2.0,0,historico,0.5337224259556658
3162401,MG,1.0,0,historico,2.055824331290274
3162450,MG,2.0,0,historico,0.5094937178245251
3162500,MG,71.0,0,historico,53.046144494831836
3162559,MG,2.0,0,historico,2.115359023630297
3162575,MG,3.0,0,historico,0.8240695373358013
3162609,MG,2.0,0,historico,1.2345642700313744
3162658,MG,0.0,0,historico,0.46899887759869846
3162708,MG,4.0,0,historico,2.2111064940474794
3162807,MG,6.0,0,historico,2.6356063808724435
3162906,MG,14.0,0,historico,9.30869979205917
3162922,MG,8.0,0,historico,7.045145199166055
3162948,MG,6.0,0,historico,3.5621874082773237
3162955,MG,8.0,0,historico,11.2293539992007
3163003,MG,0.0,0,historico,0.36329243428113916
3163102,MG,0.0,0,historico,1.4469042548316797
3163201,MG,0.0,0,historico,1.0743519115726543
3163300,MG,1.0,0,historico,0.6824286942093615
3163409,MG,2.0,0,historico,1.099485780685926
3163508,MG,0.0,0,historico,0.44718744576031016
3163607,MG,0.0,0,historico,0.34854434952852476
3163706,MG,31.0,0,historico,27.55389384636517
3163805,MG,1.0,0,historico,0.9072872147433985
3163904,MG,3.0,0,historico,1.0906847875270078
3164001,MG,4.0,0,historico,1.4325674966973763
3164100,MG,0.0,0,historico,0.6453737895447328
3164209,MG,5.0,0,historico,1.2543317520736148
3164308,MG,2.0,0,historico,1.715626893146941
3164407,MG,6.0,0,historico,1.5163779826494967
3164431,MG,0.0,0,historico,0.5153377560913043
3164472,MG,0.0,0,historico,0.6145440388404837
3164506,MG,3.0,0,historico,0.8400157949377118
3164605,MG,0.0,0,historico,1.2302744927372866
3164704,MG,35.0,0,historico,24.701081123231543
3164803,MG,0.0,0,historico,0.2545327713040382
3164902,MG,1.0,0,historico,0.3884212383566077
3165008,MG,5.0,0,historico,2.5350181668882854
3165107,MG,3.0,0,historico,2.035569241669903
3165206,MG,2.0,0,historico,1.25591633965939
3165305,MG,0.0,0,historico,2.5161119914010253
3165404,MG,4.0,0,historico,1.4737164820168596
3165503,MG,1.0,0,historico,0.6799328560840101
3165537,MG,18.0,0,historico,13.133017835538705
3165552,MG,3.0,0,historico,0.6180777733244168
3165560,MG,1.0,0,historico,0.41048665704185155
3165578,MG,2.0,0,historico,0.8440681315946923
3165602,MG,1.0,0,historico,0.38999569936044337
3165701,MG,2.0,0,historico,1.214336719427301
3165800,MG,0.0,0,historico,0.37715403428469013
3165909,MG,2.0,0,historico,0.36617527894959684
3166006,MG,2.0,0,historico,0.5726826289903747
3166105,MG,0.0,0,historico,0.2563628007943963
3166204,MG,1.0,0,historico,0.9518820941605519
3166303,MG,2.0,0,historico,0.5221550359346366
3166402,MG,0.0,0,historico,0.37218625239780234
3166501,MG,2.0,0,historico,0.15296122347751964
3166600,MG,0.0,0,historico,0.16808072785340378
3166709,MG,5.0,0,historico,1.5062653802046704
3166808,MG,1.0,0,historico,3.3187018611977805
3166907,MG,2.0,0,historico,1.6125184219325783
3166956,MG,1.0,0,historico,0.5525960442570121
3167004,MG,0.0,0,historico,0.3450883847960317
3167103,MG,3.0,0,historico,2.719290657034022
3167202,MG,126.0,0,historico,135.717536227608
3167301,MG,0.0,0,historico,0.37087490591299954
3167400,MG,0.0,0,historico,1.7988392902837842
3167509,MG,1.0,0,historico,0.4270356249135528
3167608,MG,8.0,0,historico,3.2962637012373532
3167707,MG,1.0,0,historico,0.6679077568575598
3167806,MG,6.0,0,historico,1.4635251974365786
3167905,MG,2.0,0,historico,0.8558205858956057
3168002,MG,13.0,0,historico,5.247717127177023
3168051,MG,1.0,0,historico,0.37539542998943104
3168101,MG,1.0,0,historico,1.9773030558362037
3168200,MG,0.0,0,historico,0.3777909072824143
3168309,MG,2.0,0,historico,0.6185589742905702
3168408,MG,4.0,0,historico,1.9078999437339335
3168507,MG,6.0,0,historico,2.8764562921824157
3168606,MG,75.0,0,historico,38.893217541188775
3168705,MG,52.0,0,historico,50.05964146749232
3168804,MG,4.0,0,historico,2.8654441857154636
3168903,MG,3.0,0,historico,1.7173023779119845
3169000,MG,6.0,0,historico,4.660461622274888
3169059,MG,1.0,0,historico,0.9889710087092624
3169109,MG,0.0,0,historico,1.2188934338674418
3169208,MG,4.0,0,historico,2.646332123596855
3169307,MG,41.0,0,historico,26.839034266940043
3169356,MG,14.0,0,historico,17.931855814790286
3169406,MG,19.0,0,historico,28.477113852328372
3169505,MG,1.0,0,historico,0.8679053197200344
3169604,MG,13.0,0,historico,9.748209137605247
3169703,MG,8.0,0,historico,3.7268954419360676
3169802,MG,4.0,0,historico,1.43059387469398
3169901,MG,53.0,0,historico,44.11122221121096
3170008,MG,1.0,0,historico,1.2193441299002694
3170057,MG,3.0,0,historico,1.3423827488241444
3170107,MG,186.0,0,historico,203.5703116072998
3170206,MG,366.0,0,historico,566.1992386487827
3170305,MG,1.0,0,historico,0.2831511556541575
3170404,MG,54.0,0,historico,35.253152142791194
3170438,MG,3.0,0,historico,0.9852853573725365
3170479,MG,1.0,0,historico,0.4469301348627892
3170503,MG,1.0,0,historico,1.644822866043583
3170529,MG,1.0,0,historico,1.543644596057507
3170578,MG,1.0,0,historico,1.011812142326892
3170602,MG,0.0,0,historico,0.5357233832716403
3170651,MG,1.0,0,historico,0.4226480177601752
3170701,MG,86.0,0,historico,95.20270408442083
3170750,MG,2.0,0,historico,2.148143984811954
3170800,MG,11.0,0,historico,6.158131180482136
3170909,MG,2.0,0,historico,1.7456200028449662
3171006,MG,6.0,0,historico,10.3149705026919
3171030,MG,0.0,0,historico,0.5862422423438411
3171071,MG,0.0,0,historico,0.5168299726051929
3171105,MG,3.0,0,historico,0.819843374160045
3171154,MG,1.0,0,historico,0.5619887833391566
3171204,MG,41.0,0,historico,33.81362468468267
3171303,MG,85.0,0,historico,40.553416836033236
3171402,MG,1.0,0,historico,0.5768555738616008
3171501,MG,0.0,0,historico,0.34819746761315334
3171600,MG,3.0,0,historico,1.416488983399363
3171709,MG,2.0,0,historico,1.464496314818412
3171808,MG,7.0,0,historico,2.0077404105263295
3171907,MG,2.0,0,historico,0.6190089628318484
3172004,MG,18.0,0,historico,15.837295007738426
3172103,MG,4.0,0,historico,1.0275055122255743
3172202,MG,0.0,0,historico,0.44185740494081427
1100015,RO,3.0,0,retrospectivo_completo,3.3788400743052653
1100023,RO,13.0,0,retrospectivo_completo,18.54502626704439
1100031,RO,1.0,0,retrospectivo_completo,0.8922275279063075
1100049,RO,12.0,0,retrospectivo_completo,18.061863295319288
1100056,RO,1.0,0,retrospectivo_completo,3.566628780472385
1100064,RO,3.0,0,retrospectivo_completo,3.429499247293036
1100072,RO,0.0,0,retrospectivo_completo,0.8850759174724143
1100080,RO,2.0,0,retrospectivo_completo,1.4728072471818696
1100098,RO,6.0,0,retrospectivo_completo,5.97839561633854
1100106,RO,3.0,0,retrospectivo_completo,5.479786776956655
1100114,RO,6.0,0,retrospectivo_completo,10.140797261067334
1100122,RO,17.0,0,retrospectivo_completo,30.263439218255566
1100130,RO,3.0,0,retrospectivo_completo,3.2581984180039303
1100148,RO,2.0,0,retrospectivo_completo,2.956899968682272
1100155,RO,4.0,0,retrospectivo_completo,6.457614296374362
1100189,RO,7.0,0,retrospectivo_completo,9.043852545384574
1100205,RO,109.0,0,retrospectivo_completo,117.56729837808412
1100254,RO,2.0,0,retrospectivo_completo,3.4488305958215113
1100262,RO,0.0,0,retrospectivo_completo,0.33799672330707525
1100288,RO,7.0,0,retrospectivo_completo,11.16594368254411
1100296,RO,0.0,0,retrospectivo_completo,1.2216045583420034
1100304,RO,16.0,0,retrospectivo_completo,20.88045347379232
1100320,RO,4.0,0,retrospectivo_completo,2.6470097156378016
1100338,RO,2.0,0,retrospectivo_completo,2.0666653559210837
1100346,RO,1.0,0,retrospectivo_completo,1.7528348334071024
1100379,RO,0.0,0,retrospectivo_completo,1.0269659744502293
1100403,RO,1.0,0,retrospectivo_completo,2.4256928604029087
1100452,RO,2.0,0,retrospectivo_completo,3.633709146460332
1100502,RO,0.0,0,retrospectivo_completo,0.9713450215901008
1100601,RO,1.0,0,retrospectivo_completo,0.7798378184272226
1100700,RO,0.0,0,retrospectivo_completo,1.4113122123244364
1100809,RO,1.0,0,retrospectivo_completo,2.182411742491351
1100908,RO,1.0,0,retrospectivo_completo,0.30622755430770104
1100924,RO,0.0,0,retrospectivo_completo,1.453948023035529
1100940,RO,1.0,0,retrospectivo_completo,2.322055555476265
1101005,RO,0.0,0,retrospectivo_completo,0.7599722537773155
1101104,RO,0.0,0,retrospectivo_completo,0.9049880392646037
1101203,RO,4.0,0,retrospectivo_completo,1.038784986741468
1101302,RO,1.0,0,retrospectivo_completo,1.7593838333028529
1101401,RO,0.0,0,retrospectivo_completo,1.4212927141454716
1101435,RO,0.0,0,retrospectivo_completo,0.49586170299389165
1101450,RO,0.0,0,retrospectivo_completo,0.5381702581128744
1101468,RO,0.0,0,retrospectivo_completo,0.33250637353992496
1101476,RO,0.0,0,retrospectivo_completo,0.37987301102894894
1101484,RO,0.0,0,retrospectivo_completo,0.591741117360393
1101492,RO,2.0,0,retrospectivo_completo,2.1410129507132822
1101500,RO,2.0,0,retrospectivo_completo,1.0739491520953968
1101559,RO,0.0,0,retrospectivo_completo,0.4238854188243297
1101609,RO,0.0,0,retrospectivo_completo,0.9292887508078117
1101708,RO,3.0,0,retrospectivo_completo,1.2924909537232556
1101757,RO,0.0,0,retrospectivo_completo,0.786363768156969
1101807,RO,0.0,0,retrospectivo_completo,0.7532949569969258
1300029,AM,0.0,0,retrospectivo_completo,0.14317335640657727
1300060,AM,0.0,0,retrospectivo_completo,0.11119330957323903
1300086,AM,0.0,0,retrospectivo_completo,0.15977332926746296
1300102,AM,0.0,0,retrospectivo_completo,0.4493237348804173
1300144,AM,0.0,0,retrospectivo_completo,1.738585292077429
1300201,AM,0.0,0,retrospectivo_completo,0.1791626854646496
1300300,AM,0.0,0,retrospectivo_completo,0.5323490785686048
1300409,AM,0.0,0,retrospectivo_completo,0.33095319872550344
1300508,AM,0.0,0,retrospectivo_completo,0.3876763134174807
1300607,AM,0.0,0,retrospectivo_completo,0.4735176593133299
1300631,AM,0.0,0,retrospectivo_completo,0.21728623535854244
1300680,AM,0.0,0,retrospectivo_completo,0.2514377100157157
1300706,AM,0.0,0,retrospectivo_completo,0.8802721929366042
1300805,AM,0.0,0,retrospectivo_completo,0.9430813304967022
1300839,AM,0.0,0,retrospectivo_completo,0.16564555141309129
1300904,AM,0.0,0,retrospectivo_completo,0.3540053596118391
1301001,AM,0.0,0,retrospectivo_completo,0.311985500054793
1301100,AM,0.0,0,retrospectivo_completo,0.5936466575507909
1301159,AM,0.0,0,retrospectivo_completo,0.4727562760669472
1301209,AM,1.0,0,retrospectivo_completo,1.5238592401390083
1301308,AM,0.0,0,retrospectivo_completo,0.43525903575762476
1301407,AM,0.0,0,retrospectivo_completo,0.4926212247603125
1301506,AM,0.0,0,retrospectivo_completo,0.22754832255856056
1301605,AM,0.0,0,retrospectivo_completo,0.18703614003680052
1301654,AM,0.0,0,retrospectivo_completo,0.15860920540841
1301704,AM,4.0,0,retrospectivo_completo,3.474003837125151
1301803,AM,0.0,0,retrospectivo_completo,0.2501837735127178
1301852,AM,0.0,0,retrospectivo_completo,1.441669230854553
1301902,AM,1.0,0,retrospectivo_completo,4.966804203783711
1301951,AM,0.0,0,retrospectivo_completo,0.09758977645559945
1302009,AM,0.0,0,retrospectivo_completo,0.39609821905073567
1302108,AM,0.0,0,retrospectivo_completo,0.05662853189326223
1302207,AM,0.0,0,retrospectivo_completo,0.13780728137757237
1302306,AM,0.0,0,retrospectivo_completo,0.20412684009200666
1302405,AM,0.0,0,retrospectivo_completo,1.027021499199497
1302504,AM,0.0,0,retrospectivo_completo,2.760798309497836
1302553,AM,0.0,0,retrospectivo_completo,0.5989262343701662
1302603,AM,137.0,0,retrospectivo_completo,302.5056150539779
1302702,AM,0.0,0,retrospectivo_completo,1.9329926366800783
1302801,AM,0.0,0,retrospectivo_completo,0.17021509763273737
1302900,AM,0.0,0,retrospectivo_completo,2.163581359004427
1303007,AM,0.0,0,retrospectivo_completo,0.4541518170470114
1303106,AM,0.0,0,retrospectivo_completo,0.5548043152410996
1303205,AM,0.0,0,retrospectivo_completo,0.2641521557195286
1303304,AM,0.0,0,retrospectivo_completo,0.6132026470667954
1303403,AM,0.0,0,retrospectivo_completo,2.751284653519994
1303502,AM,0.0,0,retrospectivo_completo,0.2198793753771692
1303536,AM,0.0,0,retrospectivo_completo,1.2060847539873152
1303569,AM,0.0,0,retrospectivo_completo,0.5262733438638978
1303601,AM,0.0,0,retrospectivo_completo,0.21791234391040243
1303700,AM,0.0,0,retrospectivo_completo,0.20445330314332175
1303809,AM,0.0,0,retrospectivo_completo,0.6648343033765359
1303908,AM,0.0,0,retrospectivo_completo,0.3281008332633292
1303957,AM,0.0,0,retrospectivo_completo,0.3007791798896883
1304005,AM,0.0,0,retrospectivo_completo,0.2531657943864293
1304062,AM,0.0,0,retrospectivo_completo,0.9288241699059753
1304104,AM,0.0,0,retrospectivo_completo,0.38471000380023646
1304203,AM,0.0,0,retrospectivo_completo,1.2967492034420103
1304237,AM,0.0,0,retrospectivo_completo,0.16818211810155004
1304260,AM,0.0,0,retrospectivo_completo,0.16401469937250773
1304302,AM,0.0,0,retrospectivo_completo,0.6020344293753405
1304401,AM,2.0,0,retrospectivo_completo,0.5685940670850902
2400109,RN,1.0,0,retrospectivo_completo,1.2946173791310154
2400208,RN,2.0,0,retrospectivo_completo,6.740367537100417
2400307,RN,0.0,0,retrospectivo_completo,0.8645335401882895
2400406,RN,1.0,0,retrospectivo_completo,0.19418502959673714
2400505,RN,2.0,0,retrospectivo_completo,1.3162106888134963
2400604,RN,1.0,0,retrospectivo_completo,0.4492255842087326
2400703,RN,8.0,0,retrospectivo_completo,1.662927322731348
2400802,RN,1.0,0,retrospectivo_completo,1.277013100684321
2400901,RN,1.0,0,retrospectivo_completo,0.46165848878975646
2401008,RN,3.0,0,retrospectivo_completo,4.182402318201745
2401107,RN,3.0,0,retrospectivo_completo,3.1793916957884676
2401206,RN,0.0,0,retrospectivo_completo,1.2902261049627803
2401305,RN,0.0,0,retrospectivo_completo,1.0470666772857684
2401404,RN,0.0,0,retrospectivo_completo,0.7736108535181572
2401453,RN,1.0,0,retrospectivo_completo,1.8872537533560776
2401503,RN,0.0,0,retrospectivo_completo,0.22783006249869997
2401602,RN,0.0,0,retrospectivo_completo,0.26933267441687647
2401651,RN,1.0,0,retrospectivo_completo,0.20232895332581388
2401701,RN,0.0,0,retrospectivo_completo,0.6969677124213074
2401800,RN,0.0,0,retrospectivo_completo,0.9768319615219506
2401859,RN,1.0,0,retrospectivo_completo,0.3832907856957043
2401909,RN,0.0,0,retrospectivo_completo,0.22787397909170623
2402006,RN,10.0,0,retrospectivo_completo,15.901725101105109
2402105,RN,0.0,0,retrospectivo_completo,1.1052337415022258
2402204,RN,0.0,0,retrospectivo_completo,2.3190150682570874
2402303,RN,3.0,0,retrospectivo_completo,2.306550202973531
2402402,RN,1.0,0,retrospectivo_completo,0.7336536233902722
2402501,RN,2.0,0,retrospectivo_completo,0.8325559891641968
2402600,RN,2.0,0,retrospectivo_completo,6.74879867532254
2402709,RN,0.0,0,retrospectivo_completo,1.0789842989928016
2402808,RN,0.0,0,retrospectivo_completo,0.39984631507257035
2402907,RN,1.0,0,retrospectivo_completo,0.2905481310838872
2403004,RN,0.0,0,retrospectivo_completo,0.7490194517302537
2403103,RN,7.0,0,retrospectivo_completo,8.42713050551732
2403202,RN,0.0,0,retrospectivo_completo,0.7036858057283872
2403251,RN,62.0,0,retrospectivo_completo,78.99978954522726
2403301,RN,0.0,0,retrospectivo_completo,0.4780650143425587
2403400,RN,0.0,0,retrospectivo_completo,0.47884220594840593
2403509,RN,0.0,0,retrospectivo_completo,0.6711920234244158
2403608,RN,2.0,0,retrospectivo_completo,2.770815467595349
2403707,RN,1.0,0,retrospectivo_completo,0.4857605070007973
2403756,RN,0.0,0,retrospectivo_completo,0.2303408595204856
2403806,RN,1.0,0,retrospectivo_completo,0.8982502393745574
2403905,RN,1.0,0,retrospectivo_completo,0.2616939369577806
2404002,RN,1.0,0,retrospectivo_completo,0.33088113743609987
2404101,RN,1.0,0,retrospectivo_completo,0.15401101151886426
2404200,RN,3.0,0,retrospectivo_completo,2.390839785822202
2404309,RN,1.0,0,retrospectivo_completo,0.9438866384185954
2404408,RN,0.0,0,retrospectivo_completo,1.0865749076654303
2404507,RN,2.0,0,retrospectivo_completo,1.4000692952300413
2404606,RN,2.0,0,retrospectivo_completo,0.6082964870080206
2404705,RN,0.0,0,retrospectivo_completo,1.341571959164374
2404804,RN,1.0,0,retrospectivo_completo,0.2292236914170057
2404853,RN,0.0,0,retrospectivo_completo,0.5408700881548
2404903,RN,2.0,0,retrospectivo_completo,0.4428331761183119
2405009,RN,0.0,0,retrospectivo_completo,0.7741090819077355
2405108,RN,1.0,0,retrospectivo_completo,0.42003877029333736
2405207,RN,1.0,0,retrospectivo_completo,0.41915943370460035
2405306,RN,0.0,0,retrospectivo_completo,0.49674991464400214
2405405,RN,1.0,0,retrospectivo_completo,0.1809562975580253
2405504,RN,0.0,0,retrospectivo_completo,0.1547782584359758
2405603,RN,1.0,0,retrospectivo_completo,1.265320718190168
2405702,RN,3.0,0,retrospectivo_completo,1.5920708595399873
2405801,RN,2.0,0,retrospectivo_completo,2.977809271096238
2405900,RN,0.0,0,retrospectivo_completo,0.07349864244203654
2406007,RN,1.0,0,retrospectivo_completo,0.5504767859633564
2406106,RN,4.0,0,retrospectivo_completo,1.5558123923196439
2406155,RN,0.0,0,retrospectivo_completo,0.21911511085331006
2406205,RN,1.0,0,retrospectivo_completo,0.5019965973924835
2406304,RN,0.0,0,retrospectivo_completo,0.28521912401024974
2406403,RN,1.0,0,retrospectivo_completo,0.15347761586384334
2406502,RN,2.0,0,retrospectivo_completo,0.9632039257445424
2406601,RN,1.0,0,retrospectivo_completo,0.47749667498111636
2406700,RN,0.0,0,retrospectivo_completo,1.0596727056691997
2406809,RN,0.0,0,retrospectivo_completo,0.35744280007412244
2406908,RN,0.0,0,retrospectivo_completo,0.4203268098107685
2407005,RN,0.0,0,retrospectivo_completo,0.9235671429705492
2407104,RN,5.0,0,retrospectivo_completo,7.773221227781647
2407203,RN,5.0,0,retrospectivo_completo,3.679114971541652
2407252,RN,0.0,0,retrospectivo_completo,0.3618887301189433
2407302,RN,1.0,0,retrospectivo_completo,0.8291275733206621
2407401,RN,2.0,0,retrospectivo_completo,0.8656032491425795
2407500,RN,0.0,0,retrospectivo_completo,1.0598267523014337
2407609,RN,1.0,0,retrospectivo_completo,0.3793759663593437
2407708,RN,1.0,0,retrospectivo_completo,0.7571741379903345
2407807,RN,1.0,0,retrospectivo_completo,2.0129946708767488
2407906,RN,0.0,0,retrospectivo_completo,0.15041427430497198
2408003,RN,35.0,0,retrospectivo_completo,63.72643797545451
2408102,RN,194.0,0,retrospectivo_completo,292.45489721957546
2408201,RN,0.0,0,retrospectivo_completo,2.4811702389378354
2408300,RN,3.0,0,retrospectivo_completo,3.627927294319256
2408409,RN,0.0,0,retrospectivo_completo,0.24364266459256648
2408508,RN,0.0,0,retrospectivo_completo,0.5308898497782748
2408607,RN,0.0,0,retrospectivo_completo,0.22266204950009416
2408706,RN,0.0,0,retrospectivo_completo,0.2849852033465886
2408805,RN,0.0,0,retrospectivo_completo,0.2539626781009173
2408904,RN,4.0,0,retrospectivo_completo,2.629495790601823
2408953,RN,0.0,0,retrospectivo_completo,0.6645878439384052
2409100,RN,0.0,0,retrospectivo_completo,1.2296466489824533
2409209,RN,0.0,0,retrospectivo_completo,0.1761671476591927
2409308,RN,3.0,0,retrospectivo_completo,1.2068189889487801
2409332,RN,1.0,0,retrospectivo_completo,0.32517558421547343
2409407,RN,9.0,0,retrospectivo_completo,5.04437380353777
2409506,RN,0.0,0,retrospectivo_completo,0.12175738511235067
2409605,RN,1.0,0,retrospectivo_completo,0.08426081184707376
2409704,RN,0.0,0,retrospectivo_completo,0.36077327425111977
2409803,RN,1.0,0,retrospectivo_completo,1.03884977018254
2409902,RN,2.0,0,retrospectivo_completo,1.5470953597166532
2410009,RN,0.0,0,retrospectivo_completo,0.3309744770701394
2410108,RN,0.0,0,retrospectivo_completo,1.0483143829133104
2410207,RN,2.0,0,retrospectivo_completo,0.7355533760139175
2410256,RN,0.0,0,retrospectivo_completo,0.47825091940332976
2410306,RN,0.0,0,retrospectivo_completo,0.638117022083741
2410405,RN,0.0,0,retrospectivo_completo,0.34824436935067543
2410504,RN,0.0,0,retrospectivo_completo,0.42197439723159463
2410603,RN,0.0,0,retrospectivo_completo,0.2469005669731381
2410702,RN,1.0,0,retrospectivo_completo,0.19436968334082916
2410801,RN,0.0,0,retrospectivo_completo,0.2836084207406627
2410900,RN,0.0,0,retrospectivo_completo,0.5143328853697371
2411007,RN,2.0,0,retrospectivo_completo,0.3259708259368702
2411056,RN,0.0,0,retrospectivo_completo,0.3970012614045097
2411106,RN,0.0,0,retrospectivo_completo,0.24557408327246985
2411205,RN,3.0,0,retrospectivo_completo,4.286749983252823
2411403,RN,0.0,0,retrospectivo_completo,1.0583055078131516
2411429,RN,2.0,0,retrospectivo_completo,0.2537616972332742
2411502,RN,1.0,0,retrospectivo_completo,2.462403036392908
2411601,RN,0.0,0,retrospectivo_completo,0.11776536498901392
2411700,RN,0.0,0,retrospectivo_completo,0.19527446893140465
2411809,RN,0.0,0,retrospectivo_completo,0.27120465887443446
2411908,RN,0.0,0,retrospectivo_completo,0.366204599102119
2412005,RN,8.0,0,retrospectivo_completo,9.594878940133707
2412104,RN,1.0,0,retrospectivo_completo,0.7102243310821887
2412203,RN,3.0,0,retrospectivo_completo,4.460292482431564
2412302,RN,1.0,0,retrospectivo_completo,1.1297767685395905
2412401,RN,1.0,0,retrospectivo_completo,0.4586045913766846
2412500,RN,4.0,0,retrospectivo_completo,2.2815294578244902
2412559,RN,2.0,0,retrospectivo_completo,0.650443244676819
2412609,RN,2.0,0,retrospectivo_completo,1.6943898864431974
2412708,RN,0.0,0,retrospectivo_completo,0.34556981671788584
2412807,RN,1.0,0,retrospectivo_completo,0.7228996787319208
2412906,RN,1.0,0,retrospectivo_completo,0.7406623190244277
2413003,RN,2.0,0,retrospectivo_completo,0.6047409476419238
2413102,RN,0.0,0,retrospectivo_completo,0.23923242032344366
2413201,RN,0.0,0,retrospectivo_completo,0.18420887539596917
2413300,RN,2.0,0,retrospectivo_completo,0.3511013070189482
2413359,RN,0.0,0,retrospectivo_completo,0.9293312306343795
2413409,RN,0.0,0,retrospectivo_completo,0.5911404678990453
2413508,RN,0.0,0,retrospectivo_completo,0.449901091824498
2413557,RN,0.0,0,retrospectivo_completo,0.34624146734248734
2413607,RN,1.0,0,retrospectivo_completo,0.24983506971727995
2413706,RN,1.0,0,retrospectivo_completo,0.19905981994510202
2413805,RN,0.0,0,retrospectivo_completo,0.19264766662442206
2413904,RN,0.0,0,retrospectivo_completo,0.6684657884143506
2414001,RN,0.0,0,retrospectivo_completo,1.4897679747005959
2414100,RN,1.0,0,retrospectivo_completo,0.8181436100875336
2414159,RN,0.0,0,retrospectivo_completo,0.4613517535526126
2414209,RN,1.0,0,retrospectivo_completo,1.9515499991655092
2414308,RN,0.0,0,retrospectivo_completo,0.22520816805867516
2414407,RN,0.0,0,retrospectivo_completo,2.5856697985573134
2414456,RN,0.0,0,retrospectivo_completo,0.22402748012352078
2414506,RN,0.0,0,retrospectivo_completo,1.0691274622266438
2414605,RN,3.0,0,retrospectivo_completo,0.9964248261421138
2414704,RN,0.0,0,retrospectivo_completo,0.46207885398347853
2414753,RN,0.0,0,retrospectivo_completo,0.13811215194921805
2414803,RN,1.0,0,retrospectivo_completo,0.9724003806481514
2414902,RN,1.0,0,retrospectivo_completo,0.10162012694775073
2415008,RN,1.0,0,retrospectivo_completo,0.16062844907228915
3100104,MG,3.0,0,retrospectivo_completo,1.8415646290102654
3100203,MG,12.0,0,retrospectivo_completo,8.9450952686288
3100302,MG,5.0,0,retrospectivo_completo,3.4094426945538117
3100401,MG,2.0,0,retrospectivo_completo,0.7273877407884947
3100500,MG,0.0,0,retrospectivo_completo,1.4348530111550768
3100609,MG,0.0,0,retrospectivo_completo,1.656360032548968
3100708,MG,2.0,0,retrospectivo_completo,0.5982051920724167
3100807,MG,0.0,0,retrospectivo_completo,1.1088555963101092
3100906,MG,5.0,0,retrospectivo_completo,3.5514584127781745
3101003,MG,3.0,0,retrospectivo_completo,1.5583320974102601
3101102,MG,10.0,0,retrospectivo_completo,8.46384272348794
3101201,MG,4.0,0,retrospectivo_completo,1.7062537453645676
3101300,MG,1.0,0,retrospectivo_completo,0.48302915065363117
3101409,MG,0.0,0,retrospectivo_completo,0.7324481462464131
3101508,MG,28.0,0,retrospectivo_completo,14.254658641662921
3101607,MG,43.0,0,retrospectivo_completo,48.45975149684121
3101631,MG,3.0,0,retrospectivo_completo,1.3403536670590173
3101706,MG,14.0,0,retrospectivo_completo,8.109133206259393
3101805,MG,2.0,0,retrospectivo_completo,1.3989444542509952
3101904,MG,7.0,0,retrospectivo_completo,8.046615158632191
3102001,MG,3.0,0,retrospectivo_completo,3.880251204628418
3102050,MG,2.0,0,retrospectivo_completo,1.2484127297377083
3102100,MG,6.0,0,retrospectivo_completo,1.682410684093536
3102209,MG,2.0,0,retrospectivo_completo,0.5219519436557823
3102308,MG,12.0,0,retrospectivo_completo,4.480845470097084
3102407,MG,0.0,0,retrospectivo_completo,0.4113633491574095
3102506,MG,1.0,0,retrospectivo_completo,0.7478252306675632
3102605,MG,12.0,0,retrospectivo_completo,19.373033532339583
3102704,MG,3.0,0,retrospectivo_completo,0.9617000719916365
3102803,MG,3.0,0,retrospectivo_completo,4.577220739318598
3102852,MG,0.0,0,retrospectivo_completo,1.0461789341876093
3102902,MG,1.0,0,retrospectivo_completo,2.7661927334479137
3103009,MG,0.0,0,retrospectivo_completo,1.7652955738828673
3103108,MG,3.0,0,retrospectivo_completo,0.42312358295445157
3103207,MG,0.0,0,retrospectivo_completo,0.7064771610343928
3103306,MG,2.0,0,retrospectivo_completo,0.34712315230965657
3103405,MG,9.0,0,retrospectivo_completo,7.65192709479224
3103504,MG,54.0,0,retrospectivo_completo,61.51954420874351
3103603,MG,1.0,0,retrospectivo_completo,0.6448377166226253
3103702,MG,2.0,0,retrospectivo_completo,1.0310378496870305
3103751,MG,5.0,0,retrospectivo_completo,2.5139148913105127
3103801,MG,1.0,0,retrospectivo_completo,1.098261013158737
3103900,MG,5.0,0,retrospectivo_completo,2.199353934352241
3104007,MG,75.0,0,retrospectivo_completo,74.96413167255062
3104106,MG,7.0,0,retrospectivo_completo,2.9517527469575793
3104205,MG,25.0,0,retrospectivo_completo,23.129781829059315
3104304,MG,7.0,0,retrospectivo_completo,6.3931955373937726
3104403,MG,0.0,0,retrospectivo_completo,0.41933075566088795
3104452,MG,0.0,0,retrospectivo_completo,0.4784497867311659
3104502,MG,8.0,0,retrospectivo_completo,3.078008752111367
3104601,MG,11.0,0,retrospectivo_completo,4.562283063396143
3104700,MG,2.0,0,retrospectivo_completo,1.6254345928309193
3104809,MG,0.0,0,retrospectivo_completo,0.9337873929322577
3104908,MG,8.0,0,retrospectivo_completo,6.403535553164714
3105004,MG,2.0,0,retrospectivo_completo,1.631620185029645
3105103,MG,18.0,0,retrospectivo_completo,12.690187601933621
3105202,MG,3.0,0,retrospectivo_completo,0.5403344158767894
3105301,MG,2.0,0,retrospectivo_completo,1.5119685337278173
3105400,MG,25.0,0,retrospectivo_completo,14.143934137908658
3105509,MG,0.0,0,retrospectivo_completo,0.9556484340457946
3105608,MG,79.0,0,retrospectivo_completo,88.61484308798218
3105707,MG,1.0,0,retrospectivo_completo,0.8292436022250177
3105905,MG,11.0,0,retrospectivo_completo,10.84165976394584
3106002,MG,1.0,0,retrospectivo_completo,2.3491995971026682
3106101,MG,0.0,0,retrospectivo_completo,0.6103254629775097
3106200,MG,2696.0,0,retrospectivo_completo,2165.633103944413
3106309,MG,8.0,0,retrospectivo_completo,6.529098239097181
3106408,MG,3.0,0,retrospectivo_completo,2.0887603524147424
3106507,MG,1.0,0,retrospectivo_completo,1.3217026504362401
3106606,MG,0.0,0,retrospectivo_completo,0.4733501146284382
3106655,MG,1.0,0,retrospectivo_completo,0.428283244082917
3106705,MG,207.0,0,retrospectivo_completo,290.1163767112867
3106804,MG,2.0,0,retrospectivo_completo,0.4767585021654089
3106903,MG,7.0,0,retrospectivo_completo,8.349632855278141
3107000,MG,0.0,0,retrospectivo_completo,0.6605586163804362
3107109,MG,11.0,0,retrospectivo_completo,15.13212045411474
3107208,MG,0.0,0,retrospectivo_completo,1.3682688351775745
3107307,MG,13.0,0,retrospectivo_completo,12.278281852995992
3107406,MG,38.0,0,retrospectivo_completo,27.62852236809862
3107505,MG,8.0,0,retrospectivo_completo,1.446512455245386
3107604,MG,2.0,0,retrospectivo_completo,1.8143464583196065
3107703,MG,1.0,0,retrospectivo_completo,1.4288745841929433
3107802,MG,0.0,0,retrospectivo_completo,2.6605590352721826
3107901,MG,4.0,0,retrospectivo_completo,2.0113753049342944
3108008,MG,5.0,0,retrospectivo_completo,6.508497154569155
3108107,MG,0.0,0,retrospectivo_completo,1.6063040363846004
3108206,MG,2.0,0,retrospectivo_completo,1.158696452054285
3108255,MG,1.0,0,retrospectivo_completo,0.6955494906609925
3108305,MG,6.0,0,retrospectivo_completo,10.348523902185036
3108404,MG,8.0,0,retrospectivo_completo,6.585661620690336
3108503,MG,0.0,0,retrospectivo_completo,0.45104391681738343
3108552,MG,1.0,0,retrospectivo_completo,2.9796938170692235
3108602,MG,9.0,0,retrospectivo_completo,5.392984467046047
3108701,MG,2.0,0,retrospectivo_completo,0.5025579128858072
3108800,MG,0.0,0,retrospectivo_completo,0.9428797986472376
3108909,MG,7.0,0,retrospectivo_completo,5.244177959400109
3109006,MG,30.0,0,retrospectivo_completo,23.41654708888555
3109105,MG,4.0,0,retrospectivo_completo,3.0230503844247667
3109204,MG,4.0,0,retrospectivo_completo,2.342164018317766
3109253,MG,3.0,0,retrospectivo_completo,0.6290239667249424
3109303,MG,14.0,0,retrospectivo_completo,5.803151530977753
3109402,MG,9.0,0,retrospectivo_completo,3.791546348477755
3109451,MG,3.0,0,retrospectivo_completo,1.110838183232213
3109501,MG,3.0,0,retrospectivo_completo,4.19317099106286
3109600,MG,2.0,0,retrospectivo_completo,1.8417440201758086
3109709,MG,6.0,0,retrospectivo_completo,4.390252447171205
3109808,MG,1.0,0,retrospectivo_completo,0.886691716264699
3109907,MG,7.0,0,retrospectivo_completo,4.790065850272208
3110004,MG,28.0,0,retrospectivo_completo,24.354485631832066
3110103,MG,3.0,0,retrospectivo_completo,0.8859643053127815
3110202,MG,1.0,0,retrospectivo_completo,0.6596039384236735
3110301,MG,5.0,0,retrospectivo_completo,4.548432553962346
3110400,MG,1.0,0,retrospectivo_completo,0.8338445805878818
3110509,MG,13.0,0,retrospectivo_completo,7.233519379596605
3110608,MG,22.0,0,retrospectivo_completo,15.902442735956347
3110707,MG,5.0,0,retrospectivo_completo,4.755054299307285
3110806,MG,2.0,0,retrospectivo_completo,0.5140830839380603
3110905,MG,7.0,0,retrospectivo_completo,6.549515544526326
3111002,MG,3.0,0,retrospectivo_completo,8.228597562694423
3111101,MG,10.0,0,retrospectivo_completo,7.152535488949456
3111150,MG,1.0,0,retrospectivo_completo,0.42113743217908794
3111200,MG,21.0,0,retrospectivo_completo,22.98080671902799
3111309,MG,7.0,0,retrospectivo_completo,2.978135805160446
3111408,MG,1.0,0,retrospectivo_completo,2.6951807454491394
3111507,MG,5.0,0,retrospectivo_completo,4.752230908986248
3111606,MG,4.0,0,retrospectivo_completo,7.43606866142854
3111705,MG,1.0,0,retrospectivo_completo,1.0711836150615053
3111804,MG,5.0,0,retrospectivo_completo,5.147896963409564
3111903,MG,4.0,0,retrospectivo_completo,1.1996580568300703
3112000,MG,9.0,0,retrospectivo_completo,5.182485537158629
3112059,MG,2.0,0,retrospectivo_completo,0.6598972216516901
3112109,MG,1.0,0,retrospectivo_completo,0.7250483992890283
3112208,MG,1.0,0,retrospectivo_completo,0.685867563638953
3112307,MG,19.0,0,retrospectivo_completo,8.222201687001325
3112406,MG,2.0,0,retrospectivo_completo,1.7173403972684138
3112505,MG,1.0,0,retrospectivo_completo,2.719955615992708
3112604,MG,10.0,0,retrospectivo_completo,6.725294532459
3112653,MG,1.0,0,retrospectivo_completo,0.9985885385650858
3112703,MG,0.0,0,retrospectivo_completo,1.8626868459906698
3112802,MG,8.0,0,retrospectivo_completo,3.3604309153718774
3112901,MG,2.0,0,retrospectivo_completo,1.4366866194033237
3113008,MG,6.0,0,retrospectivo_completo,2.000676770702511
3113107,MG,0.0,0,retrospectivo_completo,0.3926219995927006
3113206,MG,11.0,0,retrospectivo_completo,9.315898096804514
3113305,MG,25.0,0,retrospectivo_completo,12.645015433202452
3113404,MG,62.0,0,retrospectivo_completo,38.299699226398694
3113503,MG,4.0,0,retrospectivo_completo,1.6746038808754038
3113602,MG,0.0,0,retrospectivo_completo,1.8324315352766438
3113701,MG,2.0,0,retrospectivo_completo,4.238931525489969
3113800,MG,1.0,0,retrospectivo_completo,0.4970170321570877
3113909,MG,4.0,0,retrospectivo_completo,2.9745563893810947
3114006,MG,5.0,0,retrospectivo_completo,3.775871778546854
3114105,MG,3.0,0,retrospectivo_completo,4.003808654480329
3114204,MG,0.0,0,retrospectivo_completo,7.94623514948599
3114303,MG,16.0,0,retrospectivo_completo,12.81001101352051
3114402,MG,9.0,0,retrospectivo_completo,12.033075710692634
3114501,MG,5.0,0,retrospectivo_completo,5.885321014177842
3114550,MG,3.0,0,retrospectivo_completo,5.298665661872656
3114600,MG,3.0,0,retrospectivo_completo,1.9903997193477319
3114709,MG,3.0,0,retrospectivo_completo,1.2700632445304099
3114808,MG,0.0,0,retrospectivo_completo,1.0987437615758269
3114907,MG,0.0,0,retrospectivo_completo,0.3663532087281782
3115003,MG,1.0,0,retrospectivo_completo,1.0987770715162541
3115102,MG,6.0,0,retrospectivo_completo,7.056018328178569
3115201,MG,0.0,0,retrospectivo_completo,1.2114412387940507
3115300,MG,32.0,0,retrospectivo_completo,52.49783401012125
3115359,MG,5.0,0,retrospectivo_completo,1.2250480684997092
3115409,MG,0.0,0,retrospectivo_completo,0.3755493134242947
3115458,MG,0.0,0,retrospectivo_completo,0.4372395223296552
3115474,MG,0.0,0,retrospectivo_completo,0.6511240564671489
3115508,MG,16.0,0,retrospectivo_completo,11.56739421697214
3115607,MG,1.0,0,retrospectivo_completo,0.2032806750568824
3115706,MG,0.0,0,retrospectivo_completo,1.4805362534214446
3115805,MG,1.0,0,retrospectivo_completo,2.3962343818548892
3115904,MG,2.0,0,retrospectivo_completo,0.596457667349767
3116001,MG,2.0,0,retrospectivo_completo,1.2149721615777858
3116100,MG,2.0,0,retrospectivo_completo,1.7619257679726605
3116159,MG,4.0,0,retrospectivo_completo,1.3528155893299154
3116209,MG,0.0,0,retrospectivo_completo,0.9739553659179571
3116308,MG,0.0,0,retrospectivo_completo,0.7693876025040937
3116407,MG,1.0,0,retrospectivo_completo,1.5784168954977882
3116506,MG,1.0,0,retrospectivo_completo,1.213727021408767
3116605,MG,20.0,0,retrospectivo_completo,10.288948962910249
3116704,MG,1.0,0,retrospectivo_completo,1.7384378952571977
3116803,MG,3.0,0,retrospectivo_completo,0.9960761467409197
3116902,MG,0.0,0,retrospectivo_completo,0.833487450456656
3117009,MG,1.0,0,retrospectivo_completo,0.7959675222740918
3117108,MG,5.0,0,retrospectivo_completo,3.3036661015718236
3117207,MG,4.0,0,retrospectivo_completo,0.7084256335285652
3117306,MG,3.0,0,retrospectivo_completo,10.524402478844785
3117405,MG,0.0,0,retrospectivo_completo,1.2968908643435186
3117504,MG,12.0,0,retrospectivo_completo,3.97670784238458
3117603,MG,3.0,0,retrospectivo_completo,2.1102461454183827
3117702,MG,5.0,0,retrospectivo_completo,3.6866864167580786
3117801,MG,4.0,0,retrospectivo_completo,3.4374551438192453
3117836,MG,0.0,0,retrospectivo_completo,0.9119653240384382
3117876,MG,1.0,0,retrospectivo_completo,3.504219179682868
3117900,MG,1.0,0,retrospectivo_completo,5.394394049921441
3118007,MG,30.0,0,retrospectivo_completo,34.18171062735821
3118106,MG,16.0,0,retrospectivo_completo,0.5862375514943418
3118205,MG,6.0,0,retrospectivo_completo,3.255129119903767
3118304,MG,82.0,0,retrospectivo_completo,82.46396610621926
3118403,MG,15.0,0,retrospectivo_completo,4.930124263222882
3118502,MG,0.0,0,retrospectivo_completo,0.29654258878134865
3118601,MG,399.0,0,retrospectivo_completo,416.8061060178828
3118700,MG,0.0,0,retrospectivo_completo,3.1984278956133823
3118809,MG,3.0,0,retrospectivo_completo,3.5864283342370458
3118908,MG,1.0,0,retrospectivo_completo,1.6780673087100515
3119005,MG,0.0,0,retrospectivo_completo,0.6614748408438528
3119104,MG,11.0,0,retrospectivo_completo,7.551641997099278
3119203,MG,2.0,0,retrospectivo_completo,1.8069466665491298
3119302,MG,24.0,0,retrospectivo_completo,10.382360074520976
3119401,MG,39.0,0,retrospectivo_completo,60.48523403436777
3119500,MG,1.0,0,retrospectivo_completo,1.0659220403739942
3119609,MG,1.0,0,retrospectivo_completo,0.8113820341018776
3119708,MG,0.0,0,retrospectivo_completo,0.9353634599317228
3119807,MG,1.0,0,retrospectivo_completo,0.7930081091318605
3119906,MG,0.0,0,retrospectivo_completo,1.0541433980422705
3119955,MG,1.0,0,retrospectivo_completo,1.5575893968740775
3120003,MG,0.0,0,retrospectivo_completo,0.426548537908929
3120102,MG,0.0,0,retrospectivo_completo,0.6927303209609501
3120151,MG,2.0,0,retrospectivo_completo,0.694205258554327
3120201,MG,3.0,0,retrospectivo_completo,4.0273022884803575
3120300,MG,3.0,0,retrospectivo_completo,0.33055547893063747
3120409,MG,2.0,0,retrospectivo_completo,1.095552758694179
3120508,MG,7.0,0,retrospectivo_completo,2.390212896739211
3120607,MG,4.0,0,retrospectivo_completo,1.1581799203936434
3120706,MG,2.0,0,retrospectivo_completo,0.992754991236703
3120805,MG,4.0,0,retrospectivo_completo,5.29828320525336
3120839,MG,0.0,0,retrospectivo_completo,0.8000206625607417
3120870,MG,0.0,0,retrospectivo_completo,0.7691088382778739
3120904,MG,42.0,0,retrospectivo_completo,33.9942305511772
3121001,MG,1.0,0,retrospectivo_completo,0.6239858682253262
3121100,MG,1.0,0,retrospectivo_completo,1.763370810981532
3121209,MG,6.0,0,retrospectivo_completo,3.39513073305717
3121258,MG,0.0,0,retrospectivo_completo,1.6807635915530164
3121308,MG,4.0,0,retrospectivo_completo,1.3569074644410222
3121407,MG,1.0,0,retrospectivo_completo,1.2726124485142063
3121506,MG,1.0,0,retrospectivo_completo,0.6106880477994239
3121605,MG,28.0,0,retrospectivo_completo,20.765385580956593
3121704,MG,2.0,0,retrospectivo_completo,0.45525530597952246
3121803,MG,2.0,0,retrospectivo_completo,2.3525235459401044
3121902,MG,1.0,0,retrospectivo_completo,0.6425253297902478
3122009,MG,13.0,0,retrospectivo_completo,4.012291985802175
3122108,MG,0.0,0,retrospectivo_completo,0.9094702364693461
3122207,MG,5.0,0,retrospectivo_completo,1.0502899964755894
3122306,MG,149.0,0,retrospectivo_completo,127.39918751899981
3122355,MG,2.0,0,retrospectivo_completo,0.9429976159028856
3122405,MG,1.0,0,retrospectivo_completo,1.2183092987617963
3122454,MG,0.0,0,retrospectivo_completo,1.2294629862490216
3122470,MG,0.0,0,retrospectivo_completo,0.7183488366179417
3122504,MG,1.0,0,retrospectivo_completo,1.469565452063204
3122603,MG,1.0,0,retrospectivo_completo,0.7943215984426509
3122702,MG,4.0,0,retrospectivo_completo,1.8105910330300738
3122801,MG,2.0,0,retrospectivo_completo,0.6896219397777357
3122900,MG,2.0,0,retrospectivo_completo,1.7195444564360913
3123007,MG,8.0,0,retrospectivo_completo,2.731678032032776
3123106,MG,0.0,0,retrospectivo_completo,0.8651690937565273
3123205,MG,7.0,0,retrospectivo_completo,5.273677147750532
3123304,MG,0.0,0,retrospectivo_completo,0.713070746667981
3123403,MG,0.0,0,retrospectivo_completo,0.34400611102562517
3123502,MG,0.0,0,retrospectivo_completo,0.6824351846347253
3123528,MG,2.0,0,retrospectivo_completo,1.5060616703390595
3123601,MG,10.0,0,retrospectivo_completo,8.580232880490959
3123700,MG,0.0,0,retrospectivo_completo,2.3876576788179618
3123809,MG,1.0,0,retrospectivo_completo,1.0508479658436949
3123858,MG,1.0,0,retrospectivo_completo,1.0050552505168446
3123908,MG,7.0,0,retrospectivo_completo,4.928261825722601
3124005,MG,8.0,0,retrospectivo_completo,4.16495350199737
3124104,MG,15.0,0,retrospectivo_completo,15.897189114024286
3124203,MG,23.0,0,retrospectivo_completo,6.48837612252662
3124302,MG,6.0,0,retrospectivo_completo,3.641468853290385
3124401,MG,0.0,0,retrospectivo_completo,0.9667677119940093
3124500,MG,1.0,0,retrospectivo_completo,3.639147250466616
3124609,MG,0.0,0,retrospectivo_completo,0.8374778560946903
3124708,MG,2.0,0,retrospectivo_completo,0.7340964270014823
3124807,MG,1.0,0,retrospectivo_completo,2.3908791283419943
3124906,MG,6.0,0,retrospectivo_completo,3.451009090195588
3125002,MG,1.0,0,retrospectivo_completo,0.6873599040513548
3125101,MG,39.0,0,retrospectivo_completo,14.48459972443177
3125200,MG,0.0,0,retrospectivo_completo,0.8684935403232483
3125309,MG,0.0,0,retrospectivo_completo,0.8757846719492043
3125408,MG,1.0,0,retrospectivo_completo,0.6156611772354936
3125507,MG,3.0,0,retrospectivo_completo,0.4445575983898303
3125606,MG,1.0,0,retrospectivo_completo,0.7885829870782389
3125705,MG,1.0,0,retrospectivo_completo,3.150959026150826
3125804,MG,0.0,0,retrospectivo_completo,0.5290227568895484
3125903,MG,3.0,0,retrospectivo_completo,2.0032322123523483
3125952,MG,8.0,0,retrospectivo_completo,1.2908092370748085
3126000,MG,3.0,0,retrospectivo_completo,2.9302587241789957
3126109,MG,32.0,0,retrospectivo_completo,41.97678728060018
3126208,MG,2.0,0,retrospectivo_completo,1.4847279263004034
3126307,MG,2.0,0,retrospectivo_completo,0.9852333644205388
3126406,MG,0.0,0,retrospectivo_completo,0.7200359671620373
3126505,MG,3.0,0,retrospectivo_completo,1.133366600398941
3126604,MG,2.0,0,retrospectivo_completo,0.6472476555978187
3126703,MG,3.0,0,retrospectivo_completo,4.325815402092185
3126752,MG,0.0,0,retrospectivo_completo,0.6698323482648354
3126802,MG,1.0,0,retrospectivo_completo,0.526023179507983
3126901,MG,5.0,0,retrospectivo_completo,1.8075490239533285
3126950,MG,1.0,0,retrospectivo_completo,0.21567984358196926
3127008,MG,6.0,0,retrospectivo_completo,4.965280894141775
3127057,MG,0.0,0,retrospectivo_completo,0.4246351739190702
3127073,MG,2.0,0,retrospectivo_completo,0.4513534101574927
3127107,MG,24.0,0,retrospectivo_completo,27.122203901573528
3127206,MG,0.0,0,retrospectivo_completo,0.6600846322383652
3127305,MG,1.0,0,retrospectivo_completo,1.3212559388433363
3127339,MG,3.0,0,retrospectivo_completo,0.6861402365483049
3127354,MG,0.0,0,retrospectivo_completo,0.4310901910748415
3127370,MG,2.0,0,retrospectivo_completo,0.6079580406480357
3127388,MG,3.0,0,retrospectivo_completo,1.422901309591909
3127404,MG,3.0,0,retrospectivo_completo,1.0981074849345012
3127503,MG,0.0,0,retrospectivo_completo,0.738595400492343
3127602,MG,4.0,0,retrospectivo_completo,2.743104433647339
3127701,MG,134.0,0,retrospectivo_completo,130.63769958132798
3127800,MG,3.0,0,retrospectivo_completo,1.8171236958048083
3127909,MG,1.0,0,retrospectivo_completo,0.502073793805729
3128006,MG,18.0,0,retrospectivo_completo,9.984599632761403
3128105,MG,1.0,0,retrospectivo_completo,3.677961023583534
3128204,MG,2.0,0,retrospectivo_completo,2.110431811748141
3128253,MG,0.0,0,retrospectivo_completo,0.6607405157513019
3128303,MG,9.0,0,retrospectivo_completo,6.151598157115504
3128402,MG,8.0,0,retrospectivo_completo,2.391311361340627
3128501,MG,2.0,0,retrospectivo_completo,0.7441222666551017
3128600,MG,2.0,0,retrospectivo_completo,2.0616383673170877
3128709,MG,37.0,0,retrospectivo_completo,30.96381279256581
3128808,MG,2.0,0,retrospectivo_completo,1.5226719735721967
3128907,MG,4.0,0,retrospectivo_completo,1.9341262642161505
3129004,MG,1.0,0,retrospectivo_completo,1.7310024245516415
3129103,MG,0.0,0,retrospectivo_completo,1.573644401788592
3129202,MG,0.0,0,retrospectivo_completo,1.2080819366668742
3129301,MG,4.0,0,retrospectivo_completo,2.3834107265732145
3129400,MG,1.0,0,retrospectivo_completo,0.8132279987872615
3129509,MG,8.0,0,retrospectivo_completo,9.483552279887935
3129608,MG,3.0,0,retrospectivo_completo,0.9672729752225662
3129657,MG,1.0,0,retrospectivo_completo,0.46675264948500667
3129707,MG,3.0,0,retrospectivo_completo,3.734314663560063
3129806,MG,56.0,0,retrospectivo_completo,66.20726710478496
3129905,MG,0.0,0,retrospectivo_completo,0.7738527248856073
3130002,MG,0.0,0,retrospectivo_completo,0.5963732096773875
3130051,MG,2.0,0,retrospectivo_completo,1.4231619634172756
3130101,MG,9.0,0,retrospectivo_completo,13.497999907705045
3130200,MG,2.0,0,retrospectivo_completo,2.2889914775321025
3130309,MG,3.0,0,retrospectivo_completo,2.9485322736919444
3130408,MG,0.0,0,retrospectivo_completo,2.514098978229319
3130507,MG,1.0,0,retrospectivo_completo,2.690635449255565
3130556,MG,2.0,0,retrospectivo_completo,0.7299940530606865
3130606,MG,2.0,0,retrospectivo_completo,2.845797261220858
3130655,MG,0.0,0,retrospectivo_completo,0.7765069274237599
3130705,MG,1.0,0,retrospectivo_completo,1.7558888906115755
3130804,MG,1.0,0,retrospectivo_completo,0.920970290393029
3130903,MG,7.0,0,retrospectivo_completo,5.201055337556661
3131000,MG,2.0,0,retrospectivo_completo,2.1370292026260618
3131109,MG,2.0,0,retrospectivo_completo,1.7722718857749125
3131158,MG,8.0,0,retrospectivo_completo,3.778439788145106
3131208,MG,7.0,0,retrospectivo_completo,7.995406564251533
3131307,MG,168.0,0,retrospectivo_completo,159.65771861646596
3131406,MG,3.0,0,retrospectivo_completo,1.1707895215510247
3131505,MG,1.0,0,retrospectivo_completo,2.901207347720038
3131604,MG,2.0,0,retrospectivo_completo,2.140199352308874
3131703,MG,77.0,0,retrospectivo_completo,68.727012916949
3131802,MG,1.0,0,retrospectivo_completo,2.3087993246318543
3131901,MG,28.0,0,retrospectivo_completo,28.134295151716028
3132008,MG,0.0,0,retrospectivo_completo,0.6660953445814849
3132107,MG,3.0,0,retrospectivo_completo,2.3245259850655144
3132206,MG,7.0,0,retrospectivo_completo,4.416130108079575
3132305,MG,0.0,0,retrospectivo_completo,1.2796984081446656
3132404,MG,92.0,0,retrospectivo_completo,65.40320309083796
3132503,MG,14.0,0,retrospectivo_completo,7.312386079180727
3132602,MG,0.0,0,retrospectivo_completo,0.8694744576720446
3132701,MG,6.0,0,retrospectivo_completo,3.8120424121635965
3132800,MG,0.0,0,retrospectivo_completo,0.3335316346092945
3132909,MG,0.0,0,retrospectivo_completo,3.2316888754117574
3133006,MG,10.0,0,retrospectivo_completo,5.656907075089705
3133105,MG,13.0,0,retrospectivo_completo,8.239922565622123
3133204,MG,4.0,0,retrospectivo_completo,2.603400942631431
3133303,MG,6.0,0,retrospectivo_completo,3.240039009492852
3133402,MG,5.0,0,retrospectivo_completo,6.315450384940643
3133501,MG,15.0,0,retrospectivo_completo,10.139781896202896
3133600,MG,5.0,0,retrospectivo_completo,3.9750382599846614
3133709,MG,2.0,0,retrospectivo_completo,2.7365529753742948
3133758,MG,5.0,0,retrospectivo_completo,9.742435502930475
3133808,MG,56.0,0,retrospectivo_completo,52.280242398182814
3133907,MG,0.0,0,retrospectivo_completo,0.8845959285490097
3134004,MG,3.0,0,retrospectivo_completo,1.6648865298628077
3134103,MG,3.0,0,retrospectivo_completo,1.120926035701659
3134202,MG,52.0,0,retrospectivo_completo,58.862039919978734
3134301,MG,0.0,0,retrospectivo_completo,2.939806277735841
3134400,MG,15.0,0,retrospectivo_completo,17.565921203775364
3134509,MG,1.0,0,retrospectivo_completo,1.9983103338965504
3134608,MG,5.0,0,retrospectivo_completo,6.714891634369034
3134707,MG,2.0,0,retrospectivo_completo,1.7284969244111443
3134806,MG,13.0,0,retrospectivo_completo,1.963695653918602
3134905,MG,18.0,0,retrospectivo_completo,8.890134231773867
3135001,MG,1.0,0,retrospectivo_completo,0.9315904390204475
3135050,MG,6.0,0,retrospectivo_completo,6.924373280641661
3135076,MG,1.0,0,retrospectivo_completo,0.7981646076981729
3135100,MG,16.0,0,retrospectivo_completo,15.650064705869427
3135209,MG,22.0,0,retrospectivo_completo,11.575193199140097
3135308,MG,1.0,0,retrospectivo_completo,1.3433658976529521
3135357,MG,0.0,0,retrospectivo_completo,0.8876627878714426
3135407,MG,6.0,0,retrospectivo_completo,1.0500157438076758
3135456,MG,1.0,0,retrospectivo_completo,0.7983893528887464
3135506,MG,1.0,0,retrospectivo_completo,2.355736633697038
3135605,MG,2.0,0,retrospectivo_completo,1.248070246553165
3135704,MG,2.0,0,retrospectivo_completo,1.944714977182424
3135803,MG,11.0,0,retrospectivo_completo,4.562466319701312
3135902,MG,5.0,0,retrospectivo_completo,1.212498446106996
3136009,MG,1.0,0,retrospectivo_completo,1.6725461253448066
3136108,MG,0.0,0,retrospectivo_completo,0.7883692470144447
3136207,MG,50.0,0,retrospectivo_completo,49.78149686387767
3136306,MG,16.0,0,retrospectivo_completo,15.1917930258372
3136405,MG,0.0,0,retrospectivo_completo,0.9325317936828083
3136504,MG,5.0,0,retrospectivo_completo,1.5238097903517251
3136520,MG,0.0,0,retrospectivo_completo,0.660529519532654
3136553,MG,0.0,0,retrospectivo_completo,0.8507657485872134
3136579,MG,0.0,0,retrospectivo_completo,0.2660841264722998
3136603,MG,0.0,0,retrospectivo_completo,1.249438636914941
3136652,MG,4.0,0,retrospectivo_completo,13.074452923059928
3136702,MG,422.0,0,retrospectivo_completo,377.7784042958461
3136801,MG,0.0,0,retrospectivo_completo,0.5900829952817516
3136900,MG,6.0,0,retrospectivo_completo,4.089293413261091
3136959,MG,2.0,0,retrospectivo_completo,0.37683939792814836
3137007,MG,2.0,0,retrospectivo_completo,1.2939434740993763
3137106,MG,0.0,0,retrospectivo_completo,2.20299783291656
3137205,MG,10.0,0,retrospectivo_completo,23.216340884901715
3137304,MG,1.0,0,retrospectivo_completo,0.4663347670066669
3137403,MG,5.0,0,retrospectivo_completo,3.8349802185757875
3137502,MG,7.0,0,retrospectivo_completo,6.998735783756723
3137536,MG,4.0,0,retrospectivo_completo,2.55714677065432
3137601,MG,58.0,0,retrospectivo_completo,63.66623018047445
3137700,MG,3.0,0,retrospectivo_completo,5.557141176412819
3137809,MG,8.0,0,retrospectivo_completo,9.140818481412616
3137908,MG,1.0,0,retrospectivo_completo,0.6583055545648442
3138005,MG,1.0,0,retrospectivo_completo,2.6628488998706605
3138104,MG,0.0,0,retrospectivo_completo,1.1439324291382207
3138203,MG,82.0,0,retrospectivo_completo,54.26368639269861
3138302,MG,2.0,0,retrospectivo_completo,1.1134226158301275
3138351,MG,0.0,0,retrospectivo_completo,0.6782861428660524
3138401,MG,17.0,0,retrospectivo_completo,25.270489963089158
3138500,MG,3.0,0,retrospectivo_completo,1.2140312963710425
3138609,MG,6.0,0,retrospectivo_completo,6.557243182090282
3138625,MG,2.0,0,retrospectivo_completo,2.7249242121723034
3138658,MG,0.0,0,retrospectivo_completo,1.1667790275686
3138674,MG,2.0,0,retrospectivo_completo,1.0256418211826421
3138682,MG,0.0,0,retrospectivo_completo,0.7349417976833129
3138708,MG,3.0,0,retrospectivo_completo,1.208104041261983
3138807,MG,2.0,0,retrospectivo_completo,8.548243866500725
3138906,MG,2.0,0,retrospectivo_completo,1.1787857007746654
3139003,MG,21.0,0,retrospectivo_completo,16.528755059297314
3139102,MG,3.0,0,retrospectivo_completo,1.6187150764130338
3139201,MG,7.0,0,retrospectivo_completo,3.181055116863952
3139250,MG,1.0,0,retrospectivo_completo,0.6933037257166563
3139300,MG,3.0,0,retrospectivo_completo,3.3902693986908217
3139409,MG,64.0,0,retrospectivo_completo,28.36764056331155
3139508,MG,16.0,0,retrospectivo_completo,6.702604518489184
3139607,MG,11.0,0,retrospectivo_completo,8.532451708232422
3139706,MG,4.0,0,retrospectivo_completo,1.4815768756118934
3139805,MG,9.0,0,retrospectivo_completo,3.767450797410325
3139904,MG,3.0,0,retrospectivo_completo,4.525381944997411
3140001,MG,34.0,0,retrospectivo_completo,33.71885389537155
3140100,MG,1.0,0,retrospectivo_completo,0.5751932587490594
3140159,MG,3.0,0,retrospectivo_completo,4.404020376743574
3140209,MG,0.0,0,retrospectivo_completo,0.6181252176662577
3140308,MG,4.0,0,retrospectivo_completo,0.759763603978761
3140407,MG,0.0,0,retrospectivo_completo,0.46738742731470445
3140506,MG,2.0,0,retrospectivo_completo,4.121574671890532
3140530,MG,6.0,0,retrospectivo_completo,1.5076329603065612
3140555,MG,6.0,0,retrospectivo_completo,0.8396044995357412
3140605,MG,2.0,0,retrospectivo_completo,0.5148415450667326
3140704,MG,11.0,0,retrospectivo_completo,15.190873415934167
3140803,MG,13.0,0,retrospectivo_completo,7.281537487251148
3140852,MG,0.0,0,retrospectivo_completo,1.2106772601959792
3140902,MG,4.0,0,retrospectivo_completo,3.8680827267782383
3141009,MG,3.0,0,retrospectivo_completo,2.030545400882865
3141108,MG,12.0,0,retrospectivo_completo,18.36449997332175
3141207,MG,2.0,0,retrospectivo_completo,1.3349155098371113
3141306,MG,2.0,0,retrospectivo_completo,1.1711561727859037
3141405,MG,6.0,0,retrospectivo_completo,3.873277238612083
3141504,MG,5.0,0,retrospectivo_completo,1.1008657368403667
3141603,MG,4.0,0,retrospectivo_completo,3.163008170727847
3141702,MG,1.0,0,retrospectivo_completo,1.0691118319209396
3141801,MG,4.0,0,retrospectivo_completo,4.50865353881598
3141900,MG,1.0,0,retrospectivo_completo,0.8665517924218767
3142007,MG,0.0,0,retrospectivo_completo,2.2095422088716394
3142106,MG,1.0,0,retrospectivo_completo,2.32151921930496
3142205,MG,8.0,0,retrospectivo_completo,4.461361543148705
3142254,MG,1.0,0,retrospectivo_completo,0.3564028437237879
3142304,MG,1.0,0,retrospectivo_completo,1.2899205416003394
3142403,MG,1.0,0,retrospectivo_completo,2.150985832234734
3142502,MG,0.0,0,retrospectivo_completo,0.41373264600543813
3142601,MG,1.0,0,retrospectivo_completo,3.735327966580572
3142700,MG,3.0,0,retrospectivo_completo,1.931091663314483
3142809,MG,4.0,0,retrospectivo_completo,6.802651475345503
3142908,MG,5.0,0,retrospectivo_completo,3.8826864126318155
3143005,MG,5.0,0,retrospectivo_completo,4.61066363783391
3143104,MG,23.0,0,retrospectivo_completo,21.69580706206051
3143153,MG,2.0,0,retrospectivo_completo,0.2310826471693245
3143203,MG,0.0,0,retrospectivo_completo,8.70765349432881
3143302,MG,208.0,0,retrospectivo_completo,151.273692429078
3143401,MG,20.0,0,retrospectivo_completo,8.570130345560889
3143450,MG,2.0,0,retrospectivo_completo,0.7486475927494726
3143500,MG,3.0,0,retrospectivo_completo,2.6705881427040126
3143609,MG,1.0,0,retrospectivo_completo,0.5617204403162245
3143708,MG,1.0,0,retrospectivo_completo,0.6035188714299891
3143807,MG,4.0,0,retrospectivo_completo,1.1267227883970128
3143906,MG,63.0,0,retrospectivo_completo,54.343718627095306
3144003,MG,8.0,0,retrospectivo_completo,5.9055753583897195
3144102,MG,9.0,0,retrospectivo_completo,11.904206164820513
3144201,MG,1.0,0,retrospectivo_completo,0.5681722602493915
3144300,MG,24.0,0,retrospectivo_completo,12.233020416670644
3144359,MG,0.0,0,retrospectivo_completo,1.3494318150951332
3144375,MG,0.0,0,retrospectivo_completo,0.5444433981193358
3144409,MG,1.0,0,retrospectivo_completo,1.260870469931965
3144508,MG,2.0,0,retrospectivo_completo,2.579281444738452
3144607,MG,9.0,0,retrospectivo_completo,7.9977471588947315
3144656,MG,0.0,0,retrospectivo_completo,0.7507992525050726
3144672,MG,0.0,0,retrospectivo_completo,0.37559866959560806
3144706,MG,15.0,0,retrospectivo_completo,7.388427878721657
3144805,MG,96.0,0,retrospectivo_completo,133.19764753344657
3144904,MG,0.0,0,retrospectivo_completo,0.556192476110284
3145000,MG,0.0,0,retrospectivo_completo,4.253934179735458
3145059,MG,0.0,0,retrospectivo_completo,0.8828906626582893
3145109,MG,1.0,0,retrospectivo_completo,4.5005465541904845
3145208,MG,49.0,0,retrospectivo_completo,24.42076522032584
3145307,MG,10.0,0,retrospectivo_completo,2.9401279481652485
3145356,MG,0.0,0,retrospectivo_completo,1.1582261725612253
3145372,MG,0.0,0,retrospectivo_completo,0.59345435447482
3145406,MG,1.0,0,retrospectivo_completo,0.29579558372375825
3145455,MG,1.0,0,retrospectivo_completo,0.9188758963950788
3145505,MG,0.0,0,retrospectivo_completo,0.5488587649329175
3145604,MG,23.0,0,retrospectivo_completo,14.752503211533341
3145703,MG,0.0,0,retrospectivo_completo,0.33691996997088763
3145802,MG,0.0,0,retrospectivo_completo,0.6322760718249293
3145851,MG,0.0,0,retrospectivo_completo,0.835839915629074
3145877,MG,1.0,0,retrospectivo_completo,0.7509405537699615
3145901,MG,41.0,0,retrospectivo_completo,33.49923483743443
3146008,MG,16.0,0,retrospectivo_completo,16.008620972739735
3146107,MG,58.0,0,retrospectivo_completo,41.404951508703725
3146206,MG,2.0,0,retrospectivo_completo,0.6567568425312368
3146255,MG,1.0,0,retrospectivo_completo,0.5841223165596483
3146305,MG,1.0,0,retrospectivo_completo,1.8456561607309563
3146404,MG,2.0,0,retrospectivo_completo,1.067756605970122
3146503,MG,3.0,0,retrospectivo_completo,4.113684840191016
3146552,MG,0.0,0,retrospectivo_completo,0.38917305846316697
3146602,MG,2.0,0,retrospectivo_completo,0.5786767945817817
3146701,MG,4.0,0,retrospectivo_completo,2.357388492030105
3146750,MG,1.0,0,retrospectivo_completo,0.5892448322054783
3146909,MG,4.0,0,retrospectivo_completo,3.192047856085144
3147006,MG,62.0,0,retrospectivo_completo,32.695222271829664
3147105,MG,37.0,0,retrospectivo_completo,34.61009488965141
3147204,MG,12.0,0,retrospectivo_completo,8.575713968711677
3147303,MG,15.0,0,retrospectivo_completo,10.944043417314958
3147402,MG,9.0,0,retrospectivo_completo,7.573169644960566
3147501,MG,0.0,0,retrospectivo_completo,0.30289714663709894
3147600,MG,9.0,0,retrospectivo_completo,7.684432484225194
3147709,MG,1.0,0,retrospectivo_completo,2.6693608915703493
3147808,MG,0.0,0,retrospectivo_completo,0.454152905677668
3147907,MG,43.0,0,retrospectivo_completo,65.7341376276939
3147956,MG,0.0,0,retrospectivo_completo,0.6419834608551694
3148004,MG,99.0,0,retrospectivo_completo,73.34176853229343
3148103,MG,47.0,0,retrospectivo_completo,41.10635683336595
3148202,MG,2.0,0,retrospectivo_completo,2.14747460241414
3148301,MG,1.0,0,retrospectivo_completo,2.0082257090014473
3148400,MG,0.0,0,retrospectivo_completo,0.5961656606170246
3148509,MG,1.0,0,retrospectivo_completo,1.1872112030863922
3148608,MG,4.0,0,retrospectivo_completo,3.8456277252002398
3148707,MG,5.0,0,retrospectivo_completo,3.7027817418031987
3148756,MG,0.0,0,retrospectivo_completo,0.6752965357028293
3148806,MG,0.0,0,retrospectivo_completo,0.640728269350189
3148905,MG,1.0,0,retrospectivo_completo,1.8503981137470293
3149002,MG,0.0,0,retrospectivo_completo,0.4922054032717412
3149101,MG,3.0,0,retrospectivo_completo,3.2634968824888335
3149150,MG,0.0,0,retrospectivo_completo,1.2430388740604617
3149200,MG,3.0,0,retrospectivo_completo,1.3978388177380647
3149309,MG,40.0,0,retrospectivo_completo,41.43902853400766
3149408,MG,0.0,0,retrospectivo_completo,0.22729204117259402
3149507,MG,0.0,0,retrospectivo_completo,0.9674025498255452
3149606,MG,1.0,0,retrospectivo_completo,1.0561165118556863
3149705,MG,0.0,0,retrospectivo_completo,2.9063865097777293
3149804,MG,17.0,0,retrospectivo_completo,5.811413510889578
3149903,MG,12.0,0,retrospectivo_completo,13.171500326379627
3149952,MG,0.0,0,retrospectivo_completo,0.7500063866040237
3150000,MG,1.0,0,retrospectivo_completo,0.6827944616944543
3150109,MG,2.0,0,retrospectivo_completo,0.49074859426120027
3150158,MG,7.0,0,retrospectivo_completo,1.3211522018704789
3150208,MG,0.0,0,retrospectivo_completo,0.5965139593092551
3150307,MG,3.0,0,retrospectivo_completo,0.9689958751245805
3150406,MG,0.0,0,retrospectivo_completo,0.9044939582852939
3150505,MG,2.0,0,retrospectivo_completo,2.54105306129452
3150539,MG,1.0,0,retrospectivo_completo,0.7309229607548199
3150570,MG,0.0,0,retrospectivo_completo,0.6881960456404601
3150604,MG,1.0,0,retrospectivo_completo,1.2395483018548268
3150703,MG,1.0,0,retrospectivo_completo,2.39428791335298
3150802,MG,4.0,0,retrospectivo_completo,2.384254278682972
3150901,MG,0.0,0,retrospectivo_completo,1.8309897716935772
3151008,MG,9.0,0,retrospectivo_completo,3.597305009921971
3151107,MG,7.0,0,retrospectivo_completo,4.053061269974264
3151206,MG,42.0,0,retrospectivo_completo,26.689670328895566
3151305,MG,3.0,0,retrospectivo_completo,3.166152368865074
3151404,MG,22.0,0,retrospectivo_completo,10.509343878863037
3151503,MG,31.0,0,retrospectivo_completo,15.528675118084772
3151602,MG,2.0,0,retrospectivo_completo,4.0680075660260115
3151701,MG,8.0,0,retrospectivo_completo,6.096775306316076
3151800,MG,114.0,0,retrospectivo_completo,110.15625063149653
3151909,MG,3.0,0,retrospectivo_completo,1.329541603559918
3152006,MG,11.0,0,retrospectivo_completo,10.572519817021371
3152105,MG,39.0,0,retrospectivo_completo,27.988547475781232
3152131,MG,0.0,0,retrospectivo_completo,0.4737722948834418
3152170,MG,4.0,0,retrospectivo_completo,1.1210443778613701
3152204,MG,6.0,0,retrospectivo_completo,5.225536604139961
3152303,MG,4.0,0,retrospectivo_completo,2.1820528245762887
3152402,MG,3.0,0,retrospectivo_completo,2.077986390891918
3152501,MG,121.0,0,retrospectivo_completo,106.90200819274037
3152600,MG,4.0,0,retrospectivo_completo,2.375356773193155
3152709,MG,3.0,0,retrospectivo_completo,3.012969359929221
3152808,MG,12.0,0,retrospectivo_completo,8.651500733428282
3152907,MG,1.0,0,retrospectivo_completo,3.8621895790682514
3153004,MG,0.0,0,retrospectivo_completo,1.5143035940589773
3153103,MG,0.0,0,retrospectivo_completo,0.7630284800659731
3153202,MG,0.0,0,retrospectivo_completo,0.4782763236390487
3153301,MG,2.0,0,retrospectivo_completo,0.3327844759828301
3153400,MG,6.0,0,retrospectivo_completo,6.116093839453883
3153509,MG,3.0,0,retrospectivo_completo,2.4102384104881827
3153608,MG,2.0,0,retrospectivo_completo,3.1264104020991352
3153707,MG,0.0,0,retrospectivo_completo,0.8147596829910155
3153806,MG,0.0,0,retrospectivo_completo,0.45873178449196456
3153905,MG,11.0,0,retrospectivo_completo,9.360283819674311
3154002,MG,12.0,0,retrospectivo_completo,6.359170376720342
3154101,MG,3.0,0,retrospectivo_completo,3.9740665602559053
3154150,MG,0.0,0,retrospectivo_completo,1.321262474921435
3154200,MG,3.0,0,retrospectivo_completo,3.7353002194118066
3154309,MG,11.0,0,retrospectivo_completo,5.011054731226305
3154408,MG,1.0,0,retrospectivo_completo,0.9772361677054591
3154457,MG,2.0,0,retrospectivo_completo,0.8771980614249892
3154507,MG,3.0,0,retrospectivo_completo,1.0798397832568087
3154606,MG,116.0,0,retrospectivo_completo,73.23352400014029
3154705,MG,0.0,0,retrospectivo_completo,2.3583583752148103
3154804,MG,8.0,0,retrospectivo_completo,2.848962331627369
3154903,MG,5.0,0,retrospectivo_completo,3.042119091880088
3155009,MG,1.0,0,retrospectivo_completo,0.5591659347244954
3155108,MG,0.0,0,retrospectivo_completo,0.5351747259232557
3155207,MG,1.0,0,retrospectivo_completo,0.6740249915538266
3155306,MG,0.0,0,retrospectivo_completo,1.2398168730756531
3155405,MG,4.0,0,retrospectivo_completo,3.2122886632825502
3155504,MG,8.0,0,retrospectivo_completo,4.82455256954194
3155603,MG,5.0,0,retrospectivo_completo,3.7507049897882085
3155702,MG,4.0,0,retrospectivo_completo,4.682358089997505
3155801,MG,6.0,0,retrospectivo_completo,8.116902856296601
3155900,MG,4.0,0,retrospectivo_completo,1.4960002944489552
3156007,MG,2.0,0,retrospectivo_completo,1.5728172958063322
3156106,MG,3.0,0,retrospectivo_completo,0.8708961137733757
3156205,MG,0.0,0,retrospectivo_completo,0.5321431864776698
3156304,MG,4.0,0,retrospectivo_completo,1.8746522903714138
3156403,MG,2.0,0,retrospectivo_completo,1.516785382907943
3156452,MG,0.0,0,retrospectivo_completo,1.070901899896296
3156502,MG,1.0,0,retrospectivo_completo,0.6773540396270827
3156601,MG,3.0,0,retrospectivo_completo,1.2103422412063858
3156700,MG,30.0,0,retrospectivo_completo,68.14127691923179
3156809,MG,5.0,0,retrospectivo_completo,3.331777298088717
3156908,MG,13.0,0,retrospectivo_completo,11.80398180633276
3157005,MG,22.0,0,retrospectivo_completo,11.560610735984755
3157104,MG,2.0,0,retrospectivo_completo,0.6820087393482952
3157203,MG,25.0,0,retrospectivo_completo,12.662285260373958
3157252,MG,0.0,0,retrospectivo_completo,1.2525673128162285
3157278,MG,0.0,0,retrospectivo_completo,0.5574183524760248
3157302,MG,0.0,0,retrospectivo_completo,0.7259332161625653
3157336,MG,0.0,0,retrospectivo_completo,2.3944517644581733
3157377,MG,2.0,0,retrospectivo_completo,0.38221674402155387
3157401,MG,0.0,0,retrospectivo_completo,0.8469217599207483
3157500,MG,0.0,0,retrospectivo_completo,0.5159881497750173
3157609,MG,0.0,0,retrospectivo_completo,0.3939864027760394
3157658,MG,2.0,0,retrospectivo_completo,0.3872143755678943
3157708,MG,8.0,0,retrospectivo_completo,4.232630567307759
3157807,MG,71.0,0,retrospectivo_completo,87.71010437348498
3157906,MG,2.0,0,retrospectivo_completo,3.3834511582450357
3158003,MG,0.0,0,retrospectivo_completo,2.205925986342554
3158102,MG,1.0,0,retrospectivo_completo,0.5755089412625054
3158201,MG,2.0,0,retrospectivo_completo,2.9124977251425603
3158300,MG,4.0,0,retrospectivo_completo,1.980727485551718
3158409,MG,0.0,0,retrospectivo_completo,0.9144761847748027
3158508,MG,0.0,0,retrospectivo_completo,1.3588427383547872
3158607,MG,1.0,0,retrospectivo_completo,0.8961483493798404
3158706,MG,0.0,0,retrospectivo_completo,0.5956939000370604
3158805,MG,0.0,0,retrospectivo_completo,0.9358698707825497
3158904,MG,3.0,0,retrospectivo_completo,1.6550441965736364
3158953,MG,0.0,0,retrospectivo_completo,8.436075445591458
3159001,MG,0.0,0,retrospectivo_completo,1.0692208714145142
3159100,MG,2.0,0,retrospectivo_completo,0.5583621772590392
3159209,MG,6.0,0,retrospectivo_completo,2.5498576093315677
3159308,MG,1.0,0,retrospectivo_completo,1.304134709720531
3159357,MG,3.0,0,retrospectivo_completo,1.2495160942130392
3159407,MG,8.0,0,retrospectivo_completo,0.6431511876077673
3159506,MG,1.0,0,retrospectivo_completo,0.9171418842147357
3159605,MG,35.0,0,retrospectivo_completo,17.803922252619238
3159704,MG,0.0,0,retrospectivo_completo,1.0802433229163504
3159803,MG,19.0,0,retrospectivo_completo,7.193191914236814
3159902,MG,4.0,0,retrospectivo_completo,4.326366590111783
3160009,MG,0.0,0,retrospectivo_completo,0.8323380590806364
3160108,MG,2.0,0,retrospectivo_completo,0.786487086667037
3160207,MG,3.0,0,retrospectivo_completo,0.265853634369212
3160306,MG,7.0,0,retrospectivo_completo,1.4261206518982301
3160405,MG,14.0,0,retrospectivo_completo,11.650357114005072
3160454,MG,0.0,0,retrospectivo_completo,0.43136321467378275
3160504,MG,1.0,0,retrospectivo_completo,0.372302855259459
3160603,MG,1.0,0,retrospectivo_completo,0.6124200817387547
3160702,MG,22.0,0,retrospectivo_completo,26.62231685885091
3160801,MG,1.0,0,retrospectivo_completo,1.0098074830346948
3160900,MG,2.0,0,retrospectivo_completo,1.0511529285589798
3160959,MG,1.0,0,retrospectivo_completo,0.8892177395094076
3161007,MG,5.0,0,retrospectivo_completo,5.817306728653884
3161056,MG,1.0,0,retrospectivo_completo,0.4034081761664684
3161106,MG,12.0,0,retrospectivo_completo,8.274923148758155
3161205,MG,0.0,0,retrospectivo_completo,1.5391036716467437
3161304,MG,0.0,0,retrospectivo_completo,2.063502853948883
3161403,MG,0.0,0,retrospectivo_completo,0.9333980766652938
3161502,MG,4.0,0,retrospectivo_completo,2.75026029018644
3161601,MG,0.0,0,retrospectivo_completo,0.7707945022763893
3161650,MG,0.0,0,retrospectivo_completo,0.6827404000491857
3161700,MG,2.0,0,retrospectivo_completo,1.8380830153313408
3161809,MG,3.0,0,retrospectivo_completo,3.489045588118454
3161908,MG,0.0,0,retrospectivo_completo,3.350521025232406
3162005,MG,12.0,0,retrospectivo_completo,11.152720221555118
3162104,MG,20.0,0,retrospectivo_completo,15.291549681125312
3162203,MG,0.0,0,retrospectivo_completo,2.7166901972886666
3162252,MG,0.0,0,retrospectivo_completo,0.6133065102496722
3162302,MG,2.0,0,retrospectivo_completo,0.7681980712054325
3162401,MG,1.0,0,retrospectivo_completo,2.3930585630679326
3162450,MG,2.0,0,retrospectivo_completo,0.5638102854805752
3162500,MG,71.0,0,retrospectivo_completo,55.96151015042753
3162559,MG,2.0,0,retrospectivo_completo,2.7254881628178294
3162575,MG,3.0,0,retrospectivo_completo,0.9721704602140808
3162609,MG,2.0,0,retrospectivo_completo,1.3656386625225767
3162658,MG,0.0,0,retrospectivo_completo,0.6656351065925881
3162708,MG,4.0,0,retrospectivo_completo,2.8932081788805153
3162807,MG,6.0,0,retrospectivo_completo,3.4084859759010375
3162906,MG,14.0,0,retrospectivo_completo,9.978518768940345
3162922,MG,8.0,0,retrospectivo_completo,7.176410183011733
3162948,MG,6.0,0,retrospectivo_completo,3.7592414220665598
3162955,MG,8.0,0,retrospectivo_completo,13.241093031822205
3163003,MG,0.0,0,retrospectivo_completo,0.5145163284772767
3163102,MG,0.0,0,retrospectivo_completo,1.5383215177910374
3163201,MG,0.0,0,retrospectivo_completo,1.6425902978827336
3163300,MG,1.0,0,retrospectivo_completo,0.7260898423316023
3163409,MG,2.0,0,retrospectivo_completo,1.392035138723162
3163508,MG,0.0,0,retrospectivo_completo,0.6388246419277802
3163607,MG,0.0,0,retrospectivo_completo,0.5108388314885723
3163706,MG,31.0,0,retrospectivo_completo,28.52979135652764
3163805,MG,1.0,0,retrospectivo_completo,1.1275387117806432
3163904,MG,3.0,0,retrospectivo_completo,1.4367326690767475
3164001,MG,4.0,0,retrospectivo_completo,1.58137618768418
3164100,MG,0.0,0,retrospectivo_completo,0.8360975846979372
3164209,MG,5.0,0,retrospectivo_completo,1.4955543577371855
3164308,MG,2.0,0,retrospectivo_completo,1.893181877574756
3164407,MG,6.0,0,retrospectivo_completo,1.6179310723318658
3164431,MG,0.0,0,retrospectivo_completo,0.6069297109368614
3164472,MG,0.0,0,retrospectivo_completo,0.8836939858044589
3164506,MG,3.0,0,retrospectivo_completo,1.10072394553761
3164605,MG,0.0,0,retrospectivo_completo,1.195498321205881
3164704,MG,35.0,0,retrospectivo_completo,28.406934825023015
3164803,MG,0.0,0,retrospectivo_completo,0.35324671684600834
3164902,MG,1.0,0,retrospectivo_completo,0.5728264083209025
3165008,MG,5.0,0,retrospectivo_completo,3.1112186363031364
3165107,MG,3.0,0,retrospectivo_completo,2.2584176987312516
3165206,MG,2.0,0,retrospectivo_completo,1.4322181710871174
3165305,MG,0.0,0,retrospectivo_completo,3.088810468782679
3165404,MG,4.0,0,retrospectivo_completo,1.7175780765040318
3165503,MG,1.0,0,retrospectivo_completo,0.8291014480478157
3165537,MG,18.0,0,retrospectivo_completo,16.135249906869763
3165552,MG,3.0,0,retrospectivo_completo,0.7737897062654838
3165560,MG,1.0,0,retrospectivo_completo,0.5045460311114218
3165578,MG,2.0,0,retrospectivo_completo,0.9980539991717169
3165602,MG,1.0,0,retrospectivo_completo,0.4807791681792155
3165701,MG,2.0,0,retrospectivo_completo,1.4332298924898514
3165800,MG,0.0,0,retrospectivo_completo,0.3834384294343185
3165909,MG,2.0,0,retrospectivo_completo,0.5490943827826357
3166006,MG,2.0,0,retrospectivo_completo,0.8816587976542165
3166105,MG,0.0,0,retrospectivo_completo,0.4656036446666815
3166204,MG,1.0,0,retrospectivo_completo,1.5175012949328464
3166303,MG,2.0,0,retrospectivo_completo,0.8387930808081642
3166402,MG,0.0,0,retrospectivo_completo,0.43443808239818366
3166501,MG,2.0,0,retrospectivo_completo,0.250041721897015
3166600,MG,0.0,0,retrospectivo_completo,0.21520014972713813
3166709,MG,5.0,0,retrospectivo_completo,1.5068210674613924
3166808,MG,1.0,0,retrospectivo_completo,3.3299319649706964
3166907,MG,2.0,0,retrospectivo_completo,1.9349070324920563
3166956,MG,1.0,0,retrospectivo_completo,0.7273550327274926
3167004,MG,0.0,0,retrospectivo_completo,0.44946108357012415
3167103,MG,3.0,0,retrospectivo_completo,4.458841586376771
3167202,MG,126.0,0,retrospectivo_completo,163.12643174539207
3167301,MG,0.0,0,retrospectivo_completo,0.541394750573728
3167400,MG,0.0,0,retrospectivo_completo,1.8965753414120217
3167509,MG,1.0,0,retrospectivo_completo,0.5221440705254305
3167608,MG,8.0,0,retrospectivo_completo,4.128590278410342
3167707,MG,1.0,0,retrospectivo_completo,0.8297132229172341
3167806,MG,6.0,0,retrospectivo_completo,2.1679046032565297
3167905,MG,2.0,0,retrospectivo_completo,0.9490677708488778
3168002,MG,13.0,0,retrospectivo_completo,6.8011030570076665
3168051,MG,1.0,0,retrospectivo_completo,0.4261798317499389
3168101,MG,1.0,0,retrospectivo_completo,1.6928441051826162
3168200,MG,0.0,0,retrospectivo_completo,0.42472981904136786
3168309,MG,2.0,0,retrospectivo_completo,0.7842958049934775
3168408,MG,4.0,0,retrospectivo_completo,2.6052568488626395
3168507,MG,6.0,0,retrospectivo_completo,4.287158721752699
3168606,MG,75.0,0,retrospectivo_completo,43.909276812957486
3168705,MG,52.0,0,retrospectivo_completo,54.8723317779812
3168804,MG,4.0,0,retrospectivo_completo,3.8230701164664347
3168903,MG,3.0,0,retrospectivo_completo,2.13099217112258
3169000,MG,6.0,0,retrospectivo_completo,5.2402604962610395
3169059,MG,1.0,0,retrospectivo_completo,1.2399895976117057
3169109,MG,0.0,0,retrospectivo_completo,1.453002704431626
3169208,MG,4.0,0,retrospectivo_completo,3.694571630373588
3169307,MG,41.0,0,retrospectivo_completo,37.89500023599292
3169356,MG,14.0,0,retrospectivo_completo,17.781438412533696
3169406,MG,19.0,0,retrospectivo_completo,28.232584172443513
3169505,MG,1.0,0,retrospectivo_completo,0.8267883189669868
3169604,MG,13.0,0,retrospectivo_completo,11.396341641705693
3169703,MG,8.0,0,retrospectivo_completo,4.661408079559185
3169802,MG,4.0,0,retrospectivo_completo,1.698395357513893
3169901,MG,53.0,0,retrospectivo_completo,48.59149904892168
3170008,MG,1.0,0,retrospectivo_completo,1.4011280823401666
3170057,MG,3.0,0,retrospectivo_completo,1.8982560083761009
3170107,MG,186.0,0,retrospectivo_completo,186.30071850622159
3170206,MG,366.0,0,retrospectivo_completo,375.15140199974314
3170305,MG,1.0,0,retrospectivo_completo,0.4001134076777058
3170404,MG,54.0,0,retrospectivo_completo,27.367322370835627
3170438,MG,3.0,0,retrospectivo_completo,1.0785961297056823
3170479,MG,1.0,0,retrospectivo_completo,0.5015880719408805
3170503,MG,1.0,0,retrospectivo_completo,2.0188612376452144
3170529,MG,1.0,0,retrospectivo_completo,1.5669967395699087
3170578,MG,1.0,0,retrospectivo_completo,1.1474054533121028
3170602,MG,0.0,0,retrospectivo_completo,0.6142159150110648
3170651,MG,1.0,0,retrospectivo_completo,0.5160053552310094
3170701,MG,86.0,0,retrospectivo_completo,82.38462253754149
3170750,MG,2.0,0,retrospectivo_completo,2.1472182759180543
3170800,MG,11.0,0,retrospectivo_completo,8.827476384633302
3170909,MG,2.0,0,retrospectivo_completo,1.902861474692219
3171006,MG,6.0,0,retrospectivo_completo,8.020453186338882
3171030,MG,0.0,0,retrospectivo_completo,0.5040211254802996
3171071,MG,0.0,0,retrospectivo_completo,0.7336743423219092
3171105,MG,3.0,0,retrospectivo_completo,0.8820878181338129
3171154,MG,1.0,0,retrospectivo_completo,0.9188688192694339
3171204,MG,41.0,0,retrospectivo_completo,32.77229171961175
3171303,MG,85.0,0,retrospectivo_completo,46.10264033434016
3171402,MG,1.0,0,retrospectivo_completo,0.8309322527146698
3171501,MG,0.0,0,retrospectivo_completo,0.428341298496852
3171600,MG,3.0,0,retrospectivo_completo,1.648660030552586
3171709,MG,2.0,0,retrospectivo_completo,1.9086991947328917
3171808,MG,7.0,0,retrospectivo_completo,2.738254117550843
3171907,MG,2.0,0,retrospectivo_completo,0.7626336353994515
3172004,MG,18.0,0,retrospectivo_completo,16.452471878302017
3172103,MG,4.0,0,retrospectivo_completo,1.300586016888371
3172202,MG,0.0,0,retrospectivo_completo,0.534231224055579
1200013,AC,0.0,1,populacao,5.243093769000801
1200054,AC,0.0,1,populacao,2.5496486892830013
1200104,AC,1.0,1,populacao,9.038369566288797
1200138,AC,0.0,1,populacao,3.5270261856900835
1200179,AC,0.0,1,populacao,4.064255339801818
1200203,AC,3.0,1,populacao,30.154176067268843
1200252,AC,1.0,1,populacao,6.32850104096296
1200302,AC,0.0,1,populacao,11.81028221946721
1200328,AC,0.0,1,populacao,2.867898568620931
1200336,AC,0.0,1,populacao,6.536531351998075
1200344,AC,1.0,1,populacao,3.24308305940005
1200351,AC,0.0,1,populacao,6.5317868010446425
1200385,AC,0.0,1,populacao,6.75551062677188
1200393,AC,0.0,1,populacao,4.143452844178344
1200401,AC,69.0,1,populacao,139.94345009515342
1200427,AC,0.0,1,populacao,6.549305143026547
1200435,AC,0.0,1,populacao,2.2737348030680073
1200450,AC,2.0,1,populacao,7.865735549875071
1200500,AC,0.0,1,populacao,15.744244890778614
1200609,AC,0.0,1,populacao,14.60737748924461
1200708,AC,2.0,1,populacao,6.63288223289855
1200807,AC,1.0,1,populacao,6.371931930459765
1500107,PA,11.0,1,populacao,55.97840194134365
1500131,PA,1.0,1,populacao,2.639065226482305
1500206,PA,0.0,1,populacao,19.743171413606248
1500305,PA,0.0,1,populacao,13.921242428286687
1500347,PA,0.0,1,populacao,9.738008349191102
1500404,PA,0.0,1,populacao,20.16288169025604
1500503,PA,3.0,1,populacao,12.115028376860755
1500602,PA,25.0,1,populacao,40.66992580736491
1500701,PA,0.0,1,populacao,10.389106726185215
1500800,PA,84.0,1,populacao,188.3429793365757
1500859,PA,0.0,1,populacao,9.889104048785027
1500909,PA,3.0,1,populacao,16.32636479621898
1500958,PA,1.0,1,populacao,11.12086246938768
1501006,PA,0.0,1,populacao,5.8201041580297765
1501105,PA,0.0,1,populacao,10.878890370762626
1501204,PA,0.0,1,populacao,16.828557266366904
1501253,PA,0.0,1,populacao,1.1678894654602927
1501303,PA,11.0,1,populacao,44.23016384972902
1501402,PA,428.0,1,populacao,530.0302104535458
1501451,PA,0.0,1,populacao,6.295289184288934
1501501,PA,2.0,1,populacao,22.259243280757264
1501576,PA,3.0,1,populacao,6.0281344690648915
1501600,PA,2.0,1,populacao,5.778863061280711
1501709,PA,9.0,1,populacao,45.32287043085031
1501725,PA,3.0,1,populacao,5.360977611920699
1501758,PA,0.0,1,populacao,2.6211819190424444
1501782,PA,3.0,1,populacao,23.42859260804938
1501808,PA,1.0,1,populacao,36.458589388006686
1501907,PA,0.0,1,populacao,10.339836389361109
1501956,PA,0.0,1,populacao,12.024516943287582
1502004,PA,0.0,1,populacao,8.43435173337105
1502103,PA,4.0,1,populacao,48.94186791194539
1502152,PA,9.0,1,populacao,13.148610553793112
1502202,PA,3.0,1,populacao,24.50743050176833
1502301,PA,3.0,1,populacao,19.284409832955124
1502400,PA,21.0,1,populacao,71.26060056234954
1502509,PA,0.0,1,populacao,8.418293253220972
1502608,PA,0.0,1,populacao,4.291628820108619
1502707,PA,7.0,1,populacao,16.996806342484778
1502756,PA,3.0,1,populacao,11.82305601049568
1502764,PA,0.0,1,populacao,4.7784927410223785
1502772,PA,0.0,1,populacao,6.369742137712027
1502806,PA,1.0,1,populacao,12.222693186957875
1502855,PA,0.0,1,populacao,5.108056549556955
1502905,PA,3.0,1,populacao,14.218689276521106
1502939,PA,5.0,1,populacao,21.193909108982705
1502954,PA,0.0,1,populacao,12.004443843099983
1503002,PA,0.0,1,populacao,2.5580428948159972
1503044,PA,1.0,1,populacao,7.206607932805918
1503077,PA,3.0,1,populacao,9.256618910146688
1503093,PA,3.0,1,populacao,14.362120701497949
1503101,PA,0.0,1,populacao,11.84604883434693
1503200,PA,1.0,1,populacao,13.778540934225758
1503309,PA,1.0,1,populacao,22.26070314258909
1503408,PA,0.0,1,populacao,4.156226635206816
1503457,PA,2.0,1,populacao,22.714355206828824
1503507,PA,0.0,1,populacao,11.559550949851202
1503606,PA,3.0,1,populacao,35.957491814232625
1503705,PA,1.0,1,populacao,18.91798451316696
1503754,PA,1.0,1,populacao,2.9412566256701558
1503804,PA,6.0,1,populacao,20.9950029343965
1503903,PA,1.0,1,populacao,20.55667941939093
1504000,PA,0.0,1,populacao,10.269398055975536
1504059,PA,2.0,1,populacao,10.67888929980255
1504109,PA,0.0,1,populacao,3.035052748364935
1504208,PA,23.0,1,populacao,99.1224285881946
1504307,PA,0.0,1,populacao,10.466844368729916
1504406,PA,0.0,1,populacao,10.061732710398378
1504422,PA,14.0,1,populacao,46.66375352338191
1504455,PA,1.0,1,populacao,11.213928661166547
1504505,PA,0.0,1,populacao,9.816475922651716
1504604,PA,1.0,1,populacao,11.05005917054415
1504703,PA,9.0,1,populacao,29.133367681364955
1504802,PA,1.0,1,populacao,20.608139548962775
1504901,PA,0.0,1,populacao,14.317959881085232
1504950,PA,1.0,1,populacao,7.587266905454382
1504976,PA,1.0,1,populacao,5.920104693509814
1505007,PA,1.0,1,populacao,5.453313872783654
1505031,PA,4.0,1,populacao,9.150048996423436
1505064,PA,2.0,1,populacao,26.93518072809391
1505106,PA,0.0,1,populacao,18.51360278575133
1505205,PA,2.0,1,populacao,11.53984281512156
1505304,PA,0.0,1,populacao,25.941014820620836
1505403,PA,1.0,1,populacao,6.334340488290262
1505437,PA,5.0,1,populacao,11.650062383424375
1505486,PA,6.0,1,populacao,16.928192836388984
1505494,PA,0.0,1,populacao,2.6956348724655377
1505502,PA,18.0,1,populacao,40.155689477104424
1505536,PA,27.0,1,populacao,73.85295021021342
1505551,PA,1.0,1,populacao,1.9492805109448197
1505601,PA,0.0,1,populacao,2.8686284995368436
1505635,PA,1.0,1,populacao,4.610243664904505
1505650,PA,2.0,1,populacao,10.988744973607485
1505700,PA,0.0,1,populacao,11.028891173982682
1505809,PA,0.0,1,populacao,22.015446354842428
1505908,PA,0.0,1,populacao,14.59533362913205
1506005,PA,0.0,1,populacao,10.608450966416976
1506104,PA,0.0,1,populacao,3.8445461341121008
1506112,PA,0.0,1,populacao,4.831047766968092
1506138,PA,12.0,1,populacao,30.09651152491174
1506161,PA,3.0,1,populacao,6.461713433117025
1506187,PA,8.0,1,populacao,18.585865946426686
1506195,PA,0.0,1,populacao,17.91724922745067
1506203,PA,0.0,1,populacao,14.441318205874474
1506302,PA,0.0,1,populacao,8.429242216959661
1506351,PA,1.0,1,populacao,7.4788721644413485
1506401,PA,0.0,1,populacao,3.5930849335801813
1506500,PA,6.0,1,populacao,25.12276226388272
1506559,PA,0.0,1,populacao,7.049672785884692
1506583,PA,0.0,1,populacao,7.6091648329317625
1506609,PA,2.0,1,populacao,8.827054566132075
1506708,PA,2.0,1,populacao,25.826415666822545
1506807,PA,42.0,1,populacao,108.13999512337988
1506906,PA,0.0,1,populacao,2.381764578623084
1507003,PA,1.0,1,populacao,11.171957633501568
1507102,PA,0.0,1,populacao,6.4098883380872245
1507151,PA,1.0,1,populacao,9.072676319336692
1507201,PA,0.0,1,populacao,11.358819947975215
1507300,PA,8.0,1,populacao,45.54987894569915
1507409,PA,0.0,1,populacao,5.640176187257301
1507458,PA,0.0,1,populacao,8.827784497047986
1507466,PA,0.0,1,populacao,2.1788437839993584
1507474,PA,2.0,1,populacao,8.180700740091394
1507508,PA,0.0,1,populacao,4.969369675533545
1507607,PA,5.0,1,populacao,20.93587853020757
1507706,PA,2.0,1,populacao,9.454065222901068
1507755,PA,0.0,1,populacao,2.1043908305762646
1507805,PA,1.0,1,populacao,4.14491270601017
1507904,PA,0.0,1,populacao,9.00807743327842
1507953,PA,4.0,1,populacao,37.70859608150715
1507961,PA,0.0,1,populacao,4.160241255244336
1507979,PA,0.0,1,populacao,6.663174365908926
1508001,PA,1.0,1,populacao,22.521653445027873
1508035,PA,1.0,1,populacao,10.988380008149528
1508050,PA,0.0,1,populacao,6.74054704299567
1508084,PA,3.0,1,populacao,14.054089854982797
1508100,PA,19.0,1,populacao,40.33452255150303
1508126,PA,1.0,1,populacao,20.99463796893854
1508159,PA,6.0,1,populacao,16.15264123823176
1508209,PA,2.0,1,populacao,19.057036352648325
1508308,PA,1.0,1,populacao,21.801211631022056
1508357,PA,0.0,1,populacao,5.37192657565939
1508407,PA,9.0,1,populacao,15.886946384839543
2500106,PB,2.0,1,populacao,3.7438156677161505
2500205,PB,0.0,1,populacao,2.0299378771531713
2500304,PB,1.0,1,populacao,10.425238306522893
2500403,PB,1.0,1,populacao,7.550770359658748
2500502,PB,2.0,1,populacao,5.278860383880523
2500536,PB,0.0,1,populacao,2.0069450533019215
2500577,PB,0.0,1,populacao,0.9127786103488099
2500601,PB,2.0,1,populacao,7.145658701327209
2500700,PB,0.0,1,populacao,6.547480315736766
2500734,PB,0.0,1,populacao,0.8197124185699429
2500775,PB,0.0,1,populacao,3.0766588105719586
2500809,PB,0.0,1,populacao,6.205507681631674
2500908,PB,1.0,1,populacao,4.94090236981295
2501005,PB,1.0,1,populacao,7.45186472055258
2501104,PB,2.0,1,populacao,8.312453270413632
2501153,PB,0.0,1,populacao,0.7759165636151819
2501203,PB,1.0,1,populacao,2.5456340692454815
2501302,PB,1.0,1,populacao,6.990548381695764
2501351,PB,1.0,1,populacao,1.4310295606468149
2501401,PB,0.0,1,populacao,3.310236703664017
2501500,PB,5.0,1,populacao,7.721209228524359
2501534,PB,0.0,1,populacao,1.7974548804349817
2501575,PB,0.0,1,populacao,3.0076803390182096
2501609,PB,1.0,1,populacao,5.628132327144741
2501708,PB,0.0,1,populacao,2.1821284731209656
2501807,PB,6.0,1,populacao,35.40529907634468
2501906,PB,1.0,1,populacao,6.454414123957898
2502003,PB,0.0,1,populacao,2.6814012196052404
2502052,PB,0.0,1,populacao,1.254751244453902
2502102,PB,0.0,1,populacao,1.9522002346084704
2502151,PB,0.0,1,populacao,2.5850503387047663
2502201,PB,0.0,1,populacao,0.9368663305739284
2502300,PB,0.0,1,populacao,1.8146082569589297
2502409,PB,1.0,1,populacao,4.356957637082804
2502508,PB,0.0,1,populacao,6.511713700857044
2502607,PB,0.0,1,populacao,2.2529317719644957
2502706,PB,0.0,1,populacao,1.981762436702934
2502805,PB,1.0,1,populacao,5.148567715390109
2502904,PB,1.0,1,populacao,2.3565819620240966
2503001,PB,0.0,1,populacao,7.9825244964211
2503100,PB,0.0,1,populacao,2.032857600816822
2503209,PB,5.0,1,populacao,24.829695001143776
2503308,PB,0.0,1,populacao,3.746370425921845
2503407,PB,0.0,1,populacao,1.368255501878324
2503506,PB,0.0,1,populacao,6.261347396698993
2503555,PB,0.0,1,populacao,2.6215468845004004
2503605,PB,0.0,1,populacao,2.6580434302960345
2503704,PB,11.0,1,populacao,22.696106933931006
2503753,PB,0.0,1,populacao,1.1667945690864236
2503803,PB,1.0,1,populacao,2.198916884186957
2503902,PB,0.0,1,populacao,2.1970920568971755
2504009,PB,67.0,1,populacao,149.7570062941415
2504033,PB,0.0,1,populacao,2.391253680529949
2504074,PB,0.0,1,populacao,1.5222709251359001
2504108,PB,0.0,1,populacao,0.9733628763695626
2504157,PB,0.0,1,populacao,2.7284817636816086
2504207,PB,0.0,1,populacao,1.8007395695565886
2504306,PB,6.0,1,populacao,11.14385529323893
2504355,PB,0.0,1,populacao,1.7660678510507362
2504405,PB,2.0,1,populacao,6.913905635524932
2504504,PB,0.0,1,populacao,2.464611737579174
2504603,PB,0.0,1,populacao,9.03982942812062
2504702,PB,0.0,1,populacao,1.747819578152919
2504801,PB,3.0,1,populacao,5.629957154434523
2504850,PB,0.0,1,populacao,0.7025585065659573
2504900,PB,0.0,1,populacao,6.408428476255399
2505006,PB,2.0,1,populacao,2.654758741174428
2505105,PB,3.0,1,populacao,7.4263171384956355
2505204,PB,0.0,1,populacao,2.4781154595235586
2505238,PB,0.0,1,populacao,2.320450381686419
2505279,PB,1.0,1,populacao,1.9094992760275784
2505303,PB,0.0,1,populacao,0.9186180576761114
2505352,PB,0.0,1,populacao,1.9500104418607322
2505402,PB,1.0,1,populacao,3.031403093785372
2505501,PB,0.0,1,populacao,1.3897884638977482
2505600,PB,0.0,1,populacao,2.3905237496140366
2505709,PB,0.0,1,populacao,3.789436349960693
2505808,PB,0.0,1,populacao,1.3116858558950912
2505907,PB,0.0,1,populacao,1.2875981356699726
2506004,PB,6.0,1,populacao,12.140940924375654
2506103,PB,1.0,1,populacao,4.128854225860091
2506202,PB,2.0,1,populacao,1.0912467192894608
2506251,PB,0.0,1,populacao,3.07848363786174
2506301,PB,10.0,1,populacao,21.48953112992734
2506400,PB,0.0,1,populacao,5.15842178275493
2506509,PB,0.0,1,populacao,1.2540213135379892
2506608,PB,1.0,1,populacao,2.162420338391323
2506707,PB,3.0,1,populacao,4.318636263997388
2506806,PB,1.0,1,populacao,6.62886761286103
2506905,PB,0.0,1,populacao,8.932529583481458
2507002,PB,2.0,1,populacao,9.066471906551435
2507101,PB,0.0,1,populacao,6.83032854565293
2507200,PB,0.0,1,populacao,3.9693643207331695
2507309,PB,0.0,1,populacao,5.247473354496277
2507408,PB,1.0,1,populacao,2.8255625754979956
2507507,PB,245.0,1,populacao,296.2052357464508
2507606,PB,0.0,1,populacao,2.9014753907529145
2507705,PB,0.0,1,populacao,6.647115885758847
2507804,PB,2.0,1,populacao,2.6149775062571865
2507903,PB,1.0,1,populacao,3.9306779821897972
2508000,PB,1.0,1,populacao,3.6014791391131773
2508109,PB,1.0,1,populacao,1.7029288268242893
2508208,PB,0.0,1,populacao,2.7992850625251386
2508307,PB,0.0,1,populacao,10.052243608491512
2508406,PB,0.0,1,populacao,0.9945308729310304
2508505,PB,0.0,1,populacao,2.6956348724655377
2508554,PB,0.0,1,populacao,1.585044983904391
2508604,PB,1.0,1,populacao,4.788711773845156
2508703,PB,1.0,1,populacao,1.4631465209469727
2508802,PB,0.0,1,populacao,2.0675293193226745
2508901,PB,6.0,1,populacao,16.425270435325146
2509008,PB,1.0,1,populacao,4.058415892474517
2509057,PB,0.0,1,populacao,3.133593422013148
2509107,PB,3.0,1,populacao,7.975955118177886
2509156,PB,0.0,1,populacao,2.4138815389232424
2509206,PB,0.0,1,populacao,5.0558664890691976
2509305,PB,0.0,1,populacao,3.089797567058387
2509339,PB,0.0,1,populacao,1.655848282747921
2509370,PB,0.0,1,populacao,1.0638743099427352
2509396,PB,0.0,1,populacao,2.404027471558421
2509404,PB,0.0,1,populacao,4.848931074407952
2509503,PB,1.0,1,populacao,2.077018421229539
2509602,PB,0.0,1,populacao,1.7609583346393474
2509701,PB,0.0,1,populacao,12.151159957198432
2509800,PB,0.0,1,populacao,3.62118727384282
2509909,PB,0.0,1,populacao,3.8175386902233313
2510006,PB,0.0,1,populacao,2.6627879812494673
2510105,PB,1.0,1,populacao,3.8828675071975165
2510204,PB,0.0,1,populacao,2.1693546820924934
2510303,PB,0.0,1,populacao,1.7919803985656364
2510402,PB,0.0,1,populacao,2.3766550622116953
2510501,PB,0.0,1,populacao,1.441978524385505
2510600,PB,0.0,1,populacao,1.1102249231031907
2510659,PB,0.0,1,populacao,0.645623895124768
2510709,PB,1.0,1,populacao,0.8846762700861717
2510808,PB,16.0,1,populacao,39.33962671311404
2510907,PB,1.0,1,populacao,4.4919948565266505
2511004,PB,1.0,1,populacao,1.3879636366079664
2511103,PB,1.0,1,populacao,2.964249449521405
2511202,PB,2.0,1,populacao,10.401150586297774
2511301,PB,1.0,1,populacao,5.8726591839754905
2511400,PB,2.0,1,populacao,6.838357785727969
2511509,PB,1.0,1,populacao,4.356957637082804
2511608,PB,0.0,1,populacao,2.411326780717548
2511707,PB,0.0,1,populacao,1.8540245264182145
2511806,PB,1.0,1,populacao,3.8631593724678743
2511905,PB,1.0,1,populacao,7.000767414518542
2512002,PB,3.0,1,populacao,6.79638675806299
2512036,PB,0.0,1,populacao,1.3759197764954072
2512077,PB,0.0,1,populacao,1.5759208474554824
2512101,PB,6.0,1,populacao,11.958458195397483
2512200,PB,1.0,1,populacao,1.5251906487995508
2512309,PB,1.0,1,populacao,8.572673641936504
2512408,PB,1.0,1,populacao,5.005501255871223
2512507,PB,5.0,1,populacao,16.13658275808168
2512606,PB,0.0,1,populacao,0.7167921594262546
2512705,PB,1.0,1,populacao,7.145658701327209
2512721,PB,0.0,1,populacao,2.2259243280757266
2512747,PB,0.0,1,populacao,1.3164304068485235
2512754,PB,0.0,1,populacao,1.6529285590842704
2512762,PB,0.0,1,populacao,1.649278904504707
2512788,PB,1.0,1,populacao,0.7244564340433378
2512804,PB,0.0,1,populacao,3.1419876275461434
2512903,PB,2.0,1,populacao,8.81537567147747
2513000,PB,0.0,1,populacao,1.4525625226662389
2513109,PB,0.0,1,populacao,4.432505486879767
2513158,PB,1.0,1,populacao,2.3930785078197307
2513208,PB,0.0,1,populacao,2.4032975406425083
2513307,PB,0.0,1,populacao,2.148551650988982
2513356,PB,0.0,1,populacao,1.3124157868110038
2513406,PB,5.0,1,populacao,5.620833017985615
2513505,PB,0.0,1,populacao,1.8828567975967654
2513604,PB,0.0,1,populacao,2.563517376685342
2513653,PB,0.0,1,populacao,0.9817570819025585
2513703,PB,7.0,1,populacao,49.94588788678328
2513802,PB,0.0,1,populacao,1.6689870392343493
2513851,PB,1.0,1,populacao,0.919347988592024
2513901,PB,3.0,1,populacao,12.487293143976222
2513927,PB,1.0,1,populacao,1.6569431791217901
2513943,PB,0.0,1,populacao,0.9492751561444441
2513968,PB,0.0,1,populacao,1.1386922288237853
2513984,PB,1.0,1,populacao,1.2273788351071762
2514008,PB,0.0,1,populacao,1.5678916073804428
2514107,PB,0.0,1,populacao,1.6142422205408982
2514206,PB,0.0,1,populacao,2.802569751646746
2514305,PB,0.0,1,populacao,2.291618110507868
2514404,PB,0.0,1,populacao,1.6916148976276426
2514453,PB,0.0,1,populacao,2.178478818541402
2514503,PB,0.0,1,populacao,7.358798528773712
2514552,PB,0.0,1,populacao,1.4021972894682637
2514602,PB,0.0,1,populacao,1.3014668230723136
2514651,PB,0.0,1,populacao,0.6591276170691527
2514701,PB,0.0,1,populacao,1.5127818232290353
2514800,PB,1.0,1,populacao,1.3543868144759832
2514909,PB,1.0,1,populacao,2.817898300880912
2515005,PB,0.0,1,populacao,2.6204519881265314
2515104,PB,0.0,1,populacao,4.323015849492864
2515203,PB,0.0,1,populacao,1.2759192410153697
2515302,PB,2.0,1,populacao,19.232584737925325
2515401,PB,0.0,1,populacao,4.045277135988089
2515500,PB,1.0,1,populacao,5.002581532207572
2515609,PB,0.0,1,populacao,1.1390571942817416
2515708,PB,0.0,1,populacao,1.1313929196646584
2515807,PB,0.0,1,populacao,2.562057514853517
2515906,PB,0.0,1,populacao,2.2237345353279885
2515930,PB,0.0,1,populacao,1.8408857699317862
2515971,PB,0.0,1,populacao,2.8449057447696817
2516003,PB,1.0,1,populacao,9.626328919056462
2516102,PB,3.0,1,populacao,5.469737318391689
2516151,PB,0.0,1,populacao,1.30183178853027
2516201,PB,7.0,1,populacao,25.384807462695374
2516300,PB,3.0,1,populacao,6.188719270565682
2516409,PB,0.0,1,populacao,4.002576177407197
2516508,PB,0.0,1,populacao,5.575212335741072
2516607,PB,0.0,1,populacao,5.3507585790979215
2516706,PB,1.0,1,populacao,5.544190271814783
2516755,PB,0.0,1,populacao,1.118984094094143
2516805,PB,1.0,1,populacao,3.4606024723420297
2516904,PB,1.0,1,populacao,5.613898674284444
2517001,PB,0.0,1,populacao,3.6179025847212127
2517100,PB,1.0,1,populacao,1.029202591436883
2517209,PB,0.0,1,populacao,1.9554849237300775
2517407,PB,0.0,1,populacao,0.8193474531119865
3500105,SP,35.0,1,populacao,12.824521227127882
3500204,SP,5.0,1,populacao,1.3171603377644363
3500303,SP,9.0,1,populacao,12.959193481113772
3500402,SP,10.0,1,populacao,2.957680071278191
3500501,SP,22.0,1,populacao,6.755145661313923
3500550,SP,3.0,1,populacao,2.1930774368596557
3500600,SP,2.0,1,populacao,1.192707116601324
3500709,SP,16.0,1,populacao,13.459926089429873
3500758,SP,3.0,1,populacao,2.100011245080789
3500808,SP,1.0,1,populacao,1.5091321686494719
3500907,SP,0.0,1,populacao,1.499643066742607
3501004,SP,4.0,1,populacao,5.919374762593902
3501103,SP,0.0,1,populacao,1.5160665123506423
3501152,SP,13.0,1,populacao,6.687627051592001
3501202,SP,2.0,1,populacao,1.3850439129443157
3501301,SP,10.0,1,populacao,9.0558879082707
3501400,SP,2.0,1,populacao,1.8682581792785118
3501509,SP,0.0,1,populacao,1.1664296036284671
3501608,SP,211.0,1,populacao,85.35374172133366
3501707,SP,17.0,1,populacao,14.302631331851066
3501806,SP,1.0,1,populacao,2.1777488876254893
3501905,SP,67.0,1,populacao,25.982985848285818
3502002,SP,4.0,1,populacao,1.7682576437984743
3502101,SP,40.0,1,populacao,20.93076901379618
3502200,SP,9.0,1,populacao,8.990559091296515
3502309,SP,1.0,1,populacao,2.3664360293889177
3502408,SP,1.0,1,populacao,1.4792050010970519
3502507,SP,25.0,1,populacao,13.240581849198112
3502606,SP,1.0,1,populacao,1.5799354674930022
3502705,SP,6.0,1,populacao,9.104063348720937
3502754,SP,8.0,1,populacao,7.678143304485511
3502804,SP,138.0,1,populacao,71.12227865378408
3502903,SP,11.0,1,populacao,11.859552556291316
3503000,SP,1.0,1,populacao,2.0262882225736076
3503109,SP,3.0,1,populacao,2.3241000362659823
3503158,SP,2.0,1,populacao,0.9156983340124607
3503208,SP,150.0,1,populacao,84.22307873258491
3503307,SP,93.0,1,populacao,47.91339525142442
3503356,SP,0.0,1,populacao,0.6773758899669697
3503406,SP,3.0,1,populacao,3.084688050646998
3503505,SP,3.0,1,populacao,1.4157010114126485
3503604,SP,3.0,1,populacao,4.053671341521085
3503703,SP,5.0,1,populacao,3.449288543145383
3503802,SP,40.0,1,populacao,18.973094297318365
3503901,SP,68.0,1,populacao,31.54396453116659
3503950,SP,0.0,1,populacao,0.6722663735555809
3504008,SP,84.0,1,populacao,37.56370479469849
3504107,SP,154.0,1,populacao,50.97947006371564
3504206,SP,10.0,1,populacao,5.50550393327141
3504305,SP,0.0,1,populacao,1.9478206491129944
3504404,SP,7.0,1,populacao,4.785427084723549
3504503,SP,63.0,1,populacao,32.65674421247547
3504602,SP,6.0,1,populacao,6.147113208358659
3504701,SP,1.0,1,populacao,1.8934407958774995
3504800,SP,6.0,1,populacao,3.2511122994750896
3504909,SP,5.0,1,populacao,3.9660796316115623
3505005,SP,0.0,1,populacao,1.243072349799299
3505104,SP,0.0,1,populacao,2.646364535641432
3505203,SP,15.0,1,populacao,12.628534776205326
3505302,SP,28.0,1,populacao,13.25956005301184
3505351,SP,0.0,1,populacao,2.0631497338271982
3505401,SP,3.0,1,populacao,2.839796228358293
3505500,SP,69.0,1,populacao,44.02870291693712
3505609,SP,18.0,1,populacao,11.650062383424375
3505708,SP,332.0,1,populacao,97.64066882889185
3505807,SP,17.0,1,populacao,7.690917095513983
3505906,SP,27.0,1,populacao,22.43807635515587
3506003,SP,262.0,1,populacao,135.65401106779254
3506102,SP,50.0,1,populacao,28.380078976143068
3506201,SP,2.0,1,populacao,1.0675239645222987
3506300,SP,4.0,1,populacao,4.080313819951897
3506359,SP,47.0,1,populacao,21.64135676043718
3506409,SP,7.0,1,populacao,2.8602342940038477
3506508,SP,78.0,1,populacao,44.04841105166676
3506607,SP,10.0,1,populacao,11.603346804805964
3506706,SP,11.0,1,populacao,5.374846299323041
3506805,SP,6.0,1,populacao,4.394184113794351
3506904,SP,5.0,1,populacao,4.100751885597452
3507001,SP,65.0,1,populacao,21.13514967025173
3507100,SP,17.0,1,populacao,8.76756519648519
3507159,SP,0.0,1,populacao,1.4189857005342554
3507209,SP,1.0,1,populacao,0.3062060192253705
3507308,SP,1.0,1,populacao,1.7215420651800626
3507407,SP,8.0,1,populacao,5.763169546588587
3507456,SP,0.0,1,populacao,0.9405159851534919
3507506,SP,100.0,1,populacao,52.02436616984465
3507605,SP,144.0,1,populacao,59.91382447448688
3507704,SP,5.0,1,populacao,2.0281130498633893
3507753,SP,0.0,1,populacao,1.026282867773232
3507803,SP,9.0,1,populacao,8.792747813084178
3507902,SP,12.0,1,populacao,8.707345895922394
3508009,SP,10.0,1,populacao,7.203323243684311
3508108,SP,10.0,1,populacao,6.146383277442746
3508207,SP,2.0,1,populacao,1.608767738671553
3508306,SP,4.0,1,populacao,1.588329673025998
3508405,SP,6.0,1,populacao,17.47345123057576
3508504,SP,72.0,1,populacao,33.79105685580379
3508603,SP,25.0,1,populacao,11.961012953603179
3508702,SP,10.0,1,populacao,6.943467837619396
3508801,SP,17.0,1,populacao,6.439815505639645
3508900,SP,0.0,1,populacao,1.5368695434541537
3509007,SP,53.0,1,populacao,35.848002176845725
3509106,SP,2.0,1,populacao,2.0784782830613646
3509205,SP,97.0,1,populacao,26.978611617590715
3509254,SP,16.0,1,populacao,10.536552771199577
3509304,SP,8.0,1,populacao,3.81169924289603
3509403,SP,9.0,1,populacao,9.36318882386994
3509452,SP,2.0,1,populacao,2.1762890257936642
3509502,SP,1401.0,1,populacao,431.54574148585885
3509601,SP,47.0,1,populacao,30.116949590557297
3509700,SP,24.0,1,populacao,18.778932673685592
3509809,SP,0.0,1,populacao,1.7883307439860732
3509908,SP,8.0,1,populacao,4.601849459371509
3509957,SP,0.0,1,populacao,1.8157031533327987
3510005,SP,16.0,1,populacao,11.409915112089102
3510104,SP,4.0,1,populacao,1.0189835586141054
3510153,SP,2.0,1,populacao,1.8339514262306158
3510203,SP,28.0,1,populacao,17.322355530981834
3510302,SP,3.0,1,populacao,7.301133986416611
3510401,SP,41.0,1,populacao,19.816894436113426
3510500,SP,83.0,1,populacao,42.62285597288929
3510609,SP,293.0,1,populacao,144.74055607453158
3510708,SP,6.0,1,populacao,4.499294165685777
3510807,SP,13.0,1,populacao,11.001518764635957
3510906,SP,4.0,1,populacao,0.9456255015648807
3511003,SP,10.0,1,populacao,7.431426654907025
3511102,SP,72.0,1,populacao,44.04804608620881
3511201,SP,6.0,1,populacao,2.8102340262638292
3511300,SP,6.0,1,populacao,3.274105123326339
3511409,SP,18.0,1,populacao,7.115001602858876
3511508,SP,30.0,1,populacao,17.055930746673706
3511607,SP,13.0,1,populacao,6.418647509078177
3511706,SP,9.0,1,populacao,6.121200660843758
3511904,SP,4.0,1,populacao,3.0124248899716424
3512001,SP,9.0,1,populacao,6.70660525540573
3512100,SP,5.0,1,populacao,2.2719099757782253
3512209,SP,19.0,1,populacao,10.056258228529032
3512308,SP,8.0,1,populacao,6.4372607474339505
3512407,SP,15.0,1,populacao,8.683623141155232
3512506,SP,2.0,1,populacao,2.1478217200730696
3512605,SP,2.0,1,populacao,1.7664328165086927
3512704,SP,2.0,1,populacao,1.4795699665550082
3512803,SP,50.0,1,populacao,25.214003628371806
3512902,SP,6.0,1,populacao,2.691255286970062
3513009,SP,243.0,1,populacao,86.77053762912018
3513108,SP,24.0,1,populacao,12.646418083645187
3513207,SP,7.0,1,populacao,3.0744690178242204
3513306,SP,3.0,1,populacao,0.7886903546436539
3513405,SP,56.0,1,populacao,29.826437086024047
3513504,SP,79.0,1,populacao,46.98857278096305
3513603,SP,14.0,1,populacao,8.003327527524611
3513702,SP,14.0,1,populacao,12.170138161012162
3513801,SP,268.0,1,populacao,152.50775095075844
3513850,SP,0.0,1,populacao,0.6514633424520695
3513900,SP,7.0,1,populacao,4.154766773374991
3514007,SP,2.0,1,populacao,3.1912579643702497
3514106,SP,12.0,1,populacao,9.814286129903978
3514205,SP,0.0,1,populacao,0.7795662181947454
3514304,SP,8.0,1,populacao,3.251477264933046
3514403,SP,27.0,1,populacao,16.90665987436956
3514502,SP,10.0,1,populacao,4.579951531894129
3514601,SP,3.0,1,populacao,3.455492955930641
3514700,SP,2.0,1,populacao,2.279939215853265
3514809,SP,5.0,1,populacao,5.633606809014086
3514908,SP,5.0,1,populacao,6.347844210234647
3514924,SP,1.0,1,populacao,1.2908828247915798
3514957,SP,1.0,1,populacao,0.9036544738999014
3515004,SP,200.0,1,populacao,97.46548540907281
3515103,SP,46.0,1,populacao,24.91619181467943
3515129,SP,2.0,1,populacao,1.1667945690864236
3515152,SP,12.0,1,populacao,7.115731533774789
3515186,SP,18.0,1,populacao,16.1205242779316
3515194,SP,2.0,1,populacao,1.7200822033482372
3515202,SP,2.0,1,populacao,3.089797567058387
3515301,SP,3.0,1,populacao,1.0105893530811094
3515350,SP,0.0,1,populacao,3.488704812604668
3515400,SP,10.0,1,populacao,5.849666360124241
3515509,SP,52.0,1,populacao,25.062177997861966
3515608,SP,6.0,1,populacao,2.1102302779035664
3515657,SP,1.0,1,populacao,0.6171565894041734
3515707,SP,95.0,1,populacao,68.9302961132983
3515806,SP,1.0,1,populacao,0.5733607344494124
3515905,SP,2.0,1,populacao,1.0883269956258101
3516002,SP,4.0,1,populacao,5.212436670532468
3516101,SP,1.0,1,populacao,1.0065747330435897
3516200,SP,154.0,1,populacao,126.72951072438613
3516309,SP,93.0,1,populacao,62.628802516224106
3516408,SP,150.0,1,populacao,54.56306589538896
3516507,SP,1.0,1,populacao,1.0186185931561489
3516606,SP,1.0,1,populacao,2.47300594311217
3516705,SP,27.0,1,populacao,16.270890046609615
3516804,SP,3.0,1,populacao,1.7091332396095469
3516853,SP,2.0,1,populacao,1.729571305255102
3516903,SP,6.0,1,populacao,3.996736730079895
3517000,SP,2.0,1,populacao,4.146737533299952
3517109,SP,2.0,1,populacao,1.7518341981904388
3517208,SP,8.0,1,populacao,4.331775020483817
3517307,SP,0.0,1,populacao,2.093806832295531
3517406,SP,36.0,1,populacao,14.703363404687128
3517505,SP,6.0,1,populacao,7.531792155845018
3517604,SP,3.0,1,populacao,6.437990678349863
3517703,SP,7.0,1,populacao,7.693836819177634
3517802,SP,5.0,1,populacao,3.089797567058387
3517901,SP,2.0,1,populacao,4.001481281033327
3518008,SP,0.0,1,populacao,0.7361353286979407
3518107,SP,5.0,1,populacao,2.43504953548471
3518206,SP,18.0,1,populacao,11.917582064106373
3518305,SP,11.0,1,populacao,10.575969040658862
3518404,SP,96.0,1,populacao,43.948045550728764
3518503,SP,5.0,1,populacao,6.405508752591748
3518602,SP,14.0,1,populacao,14.312485399215886
3518701,SP,217.0,1,populacao,115.16959480907697
3518800,SP,1134.0,1,populacao,492.3796438798537
3518859,SP,1.0,1,populacao,2.7540293457385525
3518909,SP,1.0,1,populacao,1.8901561067558923
3519006,SP,3.0,1,populacao,3.4295804084157404
3519055,SP,23.0,1,populacao,5.113895996884256
3519071,SP,141.0,1,populacao,81.09021524148768
3519105,SP,6.0,1,populacao,4.139803189598781
3519204,SP,2.0,1,populacao,2.3481877564911007
3519253,SP,1.0,1,populacao,3.0963669453016007
3519303,SP,12.0,1,populacao,12.491307764013742
3519402,SP,7.0,1,populacao,4.414622179439906
3519501,SP,5.0,1,populacao,2.7518395529908144
3519600,SP,22.0,1,populacao,21.42894686390659
3519709,SP,31.0,1,populacao,28.30891071184158
3519808,SP,9.0,1,populacao,2.960599794941842
3519907,SP,5.0,1,populacao,2.9573151058202347
3520004,SP,4.0,1,populacao,8.976690403894175
3520103,SP,7.0,1,populacao,10.975606217121056
3520202,SP,5.0,1,populacao,3.4463688194817323
3520301,SP,14.0,1,populacao,11.184001493614128
3520400,SP,44.0,1,populacao,12.173057884675812
3520426,SP,3.0,1,populacao,3.8890719199827744
3520442,SP,24.0,1,populacao,9.686183254161302
3520509,SP,273.0,1,populacao,87.44645365725532
3520608,SP,3.0,1,populacao,1.7996446731827196
3520707,SP,3.0,1,populacao,1.441978524385505
3520806,SP,3.0,1,populacao,1.4354091461422909
3520905,SP,7.0,1,populacao,5.389079952183338
3521002,SP,0.0,1,populacao,12.742039033629748
3521101,SP,0.0,1,populacao,2.6193570917526627
3521150,SP,2.0,1,populacao,1.889791141297936
3521200,SP,0.0,1,populacao,1.5689865037543118
3521309,SP,4.0,1,populacao,5.814629676160432
3521408,SP,18.0,1,populacao,8.490556413896327
3521507,SP,4.0,1,populacao,2.875197877780058
3521606,SP,6.0,1,populacao,3.0102350972239043
3521705,SP,7.0,1,populacao,6.525217422801429
3521804,SP,10.0,1,populacao,9.681073737749912
3521903,SP,10.0,1,populacao,5.564263372002381
3522000,SP,4.0,1,populacao,1.3514670908123323
3522109,SP,75.0,1,populacao,35.996178152776
3522158,SP,1.0,1,populacao,1.2193495950321367
3522208,SP,91.0,1,populacao,62.38245083210357
3522307,SP,79.0,1,populacao,58.42002085507158
3522406,SP,52.0,1,populacao,34.14981790097487
3522505,SP,170.0,1,populacao,83.76030253189627
3522604,SP,53.0,1,populacao,26.950509277328077
3522653,SP,2.0,1,populacao,1.5277454070052452
3522703,SP,29.0,1,populacao,15.601178431259727
3522802,SP,12.0,1,populacao,5.534701169907918
3522901,SP,7.0,1,populacao,4.970099606449458
3523008,SP,6.0,1,populacao,1.7525641291063516
3523107,SP,182.0,1,populacao,131.62734717016025
3523206,SP,28.0,1,populacao,18.386594806382526
3523305,SP,6.0,1,populacao,6.227040643651097
3523404,SP,99.0,1,populacao,42.51957074828765
3523503,SP,4.0,1,populacao,7.3569737014839305
3523602,SP,2.0,1,populacao,6.41937743999409
3523701,SP,0.0,1,populacao,2.337603758210367
3523800,SP,7.0,1,populacao,2.8660737413311494
3523909,SP,129.0,1,populacao,62.10142742947719
3524006,SP,42.0,1,populacao,20.814345032708108
3524105,SP,28.0,1,populacao,15.114679475803925
3524204,SP,3.0,1,populacao,2.524466072684014
3524303,SP,50.0,1,populacao,27.942850357511368
3524402,SP,188.0,1,populacao,83.88767547672303
3524501,SP,2.0,1,populacao,2.4554876011302653
3524600,SP,5.0,1,populacao,6.532881697418512
3524709,SP,62.0,1,populacao,19.782587683065533
3524808,SP,28.0,1,populacao,17.923453640235927
3524907,SP,4.0,1,populacao,2.301107212414733
3525003,SP,138.0,1,populacao,44.340383418031834
3525102,SP,13.0,1,populacao,15.658478008158873
3525201,SP,18.0,1,populacao,10.416114170073985
3525300,SP,73.0,1,populacao,53.408315186415095
3525409,SP,1.0,1,populacao,1.1686193963762053
3525508,SP,6.0,1,populacao,4.7252077841607525
3525607,SP,3.0,1,populacao,1.6306656661489336
3525706,SP,12.0,1,populacao,13.211019647103647
3525805,SP,2.0,1,populacao,1.727381512507364
3525854,SP,3.0,1,populacao,1.1813931874046772
3525904,SP,549.0,1,populacao,149.45226013674795
3526001,SP,15.0,1,populacao,7.428141965785417
3526100,SP,9.0,1,populacao,7.004417069098105
3526209,SP,21.0,1,populacao,11.323783264011405
3526308,SP,3.0,1,populacao,1.8040242586781958
3526407,SP,21.0,1,populacao,10.178886622402363
3526506,SP,4.0,1,populacao,4.071554648960945
3526605,SP,1.0,1,populacao,2.609503024387841
3526704,SP,49.0,1,populacao,36.92866489785445
3526803,SP,43.0,1,populacao,24.520204292796798
3526902,SP,184.0,1,populacao,109.82212091910066
3527009,SP,9.0,1,populacao,2.808409198974047
3527108,SP,53.0,1,populacao,28.110004537255374
3527207,SP,82.0,1,populacao,32.10966099099892
3527256,SP,2.0,1,populacao,0.8284715895608951
3527306,SP,47.0,1,populacao,16.75994376027111
3527405,SP,12.0,1,populacao,7.832523693201043
3527504,SP,2.0,1,populacao,0.868982755394049
3527603,SP,7.0,1,populacao,5.117180686005863
3527702,SP,3.0,1,populacao,2.0558504246680713
3527801,SP,3.0,1,populacao,1.6689870392343493
3527900,SP,1.0,1,populacao,0.9872315637719036
3528007,SP,12.0,1,populacao,6.244923951090958
3528106,SP,1.0,1,populacao,2.951110693034977
3528205,SP,4.0,1,populacao,1.3635109509248917
3528304,SP,2.0,1,populacao,1.1624149835909474
3528403,SP,24.0,1,populacao,16.99534648065295
3528502,SP,75.0,1,populacao,34.891062746084195
3528601,SP,3.0,1,populacao,3.5452744585879006
3528700,SP,0.0,1,populacao,2.047821184593032
3528809,SP,8.0,1,populacao,5.102582067687609
3528858,SP,0.0,1,populacao,1.076283135513251
3528908,SP,2.0,1,populacao,1.4916138266675674
3529005,SP,194.0,1,populacao,85.85228453690202
3529104,SP,2.0,1,populacao,0.7810260800265707
3529203,SP,9.0,1,populacao,9.533992658193508
3529302,SP,51.0,1,populacao,30.039211948012596
3529401,SP,293.0,1,populacao,168.61586640311953
3529500,SP,4.0,1,populacao,1.9350468580845224
3529609,SP,1.0,1,populacao,1.420445562366081
3529658,SP,0.0,1,populacao,0.7029234720239136
3529708,SP,14.0,1,populacao,8.01938600767469
3529807,SP,3.0,1,populacao,4.675937447336646
3529906,SP,5.0,1,populacao,7.404419211018255
3530003,SP,1.0,1,populacao,1.1113198194770597
3530102,SP,13.0,1,populacao,10.69896239999015
3530201,SP,3.0,1,populacao,6.61682375274847
3530300,SP,29.0,1,populacao,21.445370309514622
3530409,SP,0.0,1,populacao,1.7365056489562727
3530508,SP,33.0,1,populacao,25.180426806239822
3530607,SP,381.0,1,populacao,158.3588771727145
3530706,SP,88.0,1,populacao,54.52437955684559
3530805,SP,77.0,1,populacao,33.71003452413748
3530904,SP,0.0,1,populacao,1.2664301391085049
3531001,SP,2.0,1,populacao,0.8208073149438119
3531100,SP,40.0,1,populacao,19.801930852337218
3531209,SP,0.0,1,populacao,2.8726431195743634
3531308,SP,32.0,1,populacao,18.24060862319999
3531407,SP,11.0,1,populacao,8.902602415929037
3531506,SP,19.0,1,populacao,7.019745618332271
3531605,SP,1.0,1,populacao,1.5292052688370705
3531704,SP,0.0,1,populacao,1.6602278682433973
3531803,SP,38.0,1,populacao,20.890622813420983
3531902,SP,9.0,1,populacao,11.75918705535332
3532009,SP,7.0,1,populacao,4.82922293967831
3532058,SP,2.0,1,populacao,1.7065784814038525
3532108,SP,2.0,1,populacao,1.6251911842795885
3532157,SP,1.0,1,populacao,1.112779681308885
3532207,SP,2.0,1,populacao,1.7321260634607965
3532306,SP,1.0,1,populacao,2.46497670303713
3532405,SP,7.0,1,populacao,6.613539063626863
3532504,SP,3.0,1,populacao,3.2843241561491165
3532603,SP,7.0,1,populacao,4.1598762897863795
3532702,SP,2.0,1,populacao,1.8226374970339692
3532801,SP,0.0,1,populacao,2.457312428420047
3532827,SP,2.0,1,populacao,3.468631712417069
3532843,SP,2.0,1,populacao,0.7219016758376434
3532868,SP,0.0,1,populacao,0.45219220240790703
3532900,SP,8.0,1,populacao,3.9252035003204524
3533007,SP,19.0,1,populacao,7.69018716459807
3533106,SP,1.0,1,populacao,0.8408804151314107
3533205,SP,1.0,1,populacao,1.3667956400464987
3533254,SP,1.0,1,populacao,2.017164086124699
3533304,SP,1.0,1,populacao,1.4427084553014178
3533403,SP,42.0,1,populacao,21.250843720423894
3533502,SP,16.0,1,populacao,14.680735546293834
3533601,SP,3.0,1,populacao,2.6792114268575027
3533700,SP,5.0,1,populacao,1.572271192875919
3533809,SP,1.0,1,populacao,0.9427057779012299
3533908,SP,37.0,1,populacao,19.721638451586823
3534005,SP,1.0,1,populacao,1.5642419528008795
3534104,SP,3.0,1,populacao,2.362421409351398
3534203,SP,5.0,1,populacao,2.4565824975041344
3534302,SP,28.0,1,populacao,15.805194122257323
3534401,SP,655.0,1,populacao,254.7042835913193
3534500,SP,3.0,1,populacao,0.9547496380137892
3534609,SP,16.0,1,populacao,11.937655164293972
3534708,SP,77.0,1,populacao,40.80788275047241
3534757,SP,11.0,1,populacao,3.6120631373939114
3534807,SP,3.0,1,populacao,3.080308465151522
3534906,SP,6.0,1,populacao,5.140903440773026
3535002,SP,10.0,1,populacao,4.5773967736884345
3535101,SP,1.0,1,populacao,4.646010279784226
3535200,SP,6.0,1,populacao,3.4657119887534185
3535309,SP,18.0,1,populacao,8.100773304798954
3535408,SP,5.0,1,populacao,5.700395487820097
3535507,SP,20.0,1,populacao,16.516511799814232
3535606,SP,10.0,1,populacao,6.644561127553152
3535705,SP,5.0,1,populacao,2.3244650017239388
3535804,SP,11.0,1,populacao,7.2007684854786165
3535903,SP,2.0,1,populacao,1.478475070181139
3536000,SP,9.0,1,populacao,4.041262515950569
3536109,SP,1.0,1,populacao,2.284318801348741
3536208,SP,15.0,1,populacao,7.130330152093043
3536257,SP,1.0,1,populacao,0.784675734606134
3536307,SP,2.0,1,populacao,5.237619287131456
3536406,SP,1.0,1,populacao,2.608408128013972
3536505,SP,127.0,1,populacao,37.40859447506704
3536570,SP,1.0,1,populacao,0.6719014080976246
3536604,SP,5.0,1,populacao,3.267535745083125
3536703,SP,21.0,1,populacao,16.681841152268454
3536802,SP,2.0,1,populacao,2.218260053458643
3536901,SP,1.0,1,populacao,0.9295670214148016
3537008,SP,2.0,1,populacao,6.074850047683303
3537107,SP,36.0,1,populacao,17.006660409849598
3537156,SP,4.0,1,populacao,1.126648368711226
3537206,SP,8.0,1,populacao,4.064255339801818
3537305,SP,37.0,1,populacao,22.89720290126495
3537404,SP,18.0,1,populacao,9.412459160694047
3537503,SP,1.0,1,populacao,3.0693595014128316
3537602,SP,43.0,1,populacao,24.29648046706956
3537701,SP,1.0,1,populacao,2.1335880672127723
3537800,SP,22.0,1,populacao,20.106677009730763
3537909,SP,12.0,1,populacao,10.481078021590214
3538006,SP,98.0,1,populacao,59.85433510484
3538105,SP,2.0,1,populacao,6.078864667720823
3538204,SP,12.0,1,populacao,5.387985055809469
3538303,SP,1.0,1,populacao,1.3478174362327688
3538501,SP,9.0,1,populacao,5.100757240397828
3538600,SP,21.0,1,populacao,9.850782675699612
3538709,SP,355.0,1,populacao,145.0088056861295
3538808,SP,17.0,1,populacao,10.87232099251941
3538907,SP,15.0,1,populacao,9.114282381543715
3539004,SP,7.0,1,populacao,4.132503880439654
3539103,SP,16.0,1,populacao,6.63288223289855
3539202,SP,14.0,1,populacao,9.861731639438302
3539301,SP,68.0,1,populacao,27.545402973796914
3539400,SP,8.0,1,populacao,4.866814381847813
3539509,SP,16.0,1,populacao,14.193141694464162
3539608,SP,1.0,1,populacao,1.8492799754647822
3539707,SP,0.0,1,populacao,1.272999517351719
3539806,SP,78.0,1,populacao,42.14913080846196
3539905,SP,4.0,1,populacao,2.1660699929708866
3540002,SP,17.0,1,populacao,7.910261335745744
3540101,SP,4.0,1,populacao,1.2700797936880681
3540200,SP,12.0,1,populacao,17.386224486124192
3540259,SP,2.0,1,populacao,1.649278904504707
3540309,SP,1.0,1,populacao,0.9467203979387497
3540408,SP,1.0,1,populacao,1.5474535417348878
3540507,SP,2.0,1,populacao,3.490894605352406
3540606,SP,21.0,1,populacao,19.16324130091362
3540705,SP,26.0,1,populacao,20.23076526543592
3540754,SP,2.0,1,populacao,8.525593097860137
3540804,SP,8.0,1,populacao,6.205142716173717
3540853,SP,0.0,1,populacao,1.3751898455794946
3540903,SP,10.0,1,populacao,7.487631335432301
3541000,SP,294.0,1,populacao,113.1480511374568
3541059,SP,0.0,1,populacao,1.8708129374842062
3541109,SP,2.0,1,populacao,1.5164314778085988
3541208,SP,5.0,1,populacao,4.897836445774102
3541307,SP,23.0,1,populacao,16.02088870790952
3541406,SP,155.0,1,populacao,82.21613367928299
3541505,SP,22.0,1,populacao,14.432194069425567
3541604,SP,31.0,1,populacao,14.418325382023225
3541653,SP,3.0,1,populacao,1.3430728852793365
3541703,SP,12.0,1,populacao,5.070465107387451
3541802,SP,1.0,1,populacao,1.1923421511433674
3541901,SP,2.0,1,populacao,4.7259377150766655
3542008,SP,4.0,1,populacao,2.3832244404549097
3542107,SP,0.0,1,populacao,3.304397256336715
3542206,SP,21.0,1,populacao,10.883634921716059
3542305,SP,1.0,1,populacao,1.4262850096933823
3542404,SP,12.0,1,populacao,7.293834677257483
3542503,SP,0.0,1,populacao,3.3000176708412394
3542602,SP,45.0,1,populacao,20.59500079247635
3542701,SP,0.0,1,populacao,2.694904941549625
3542800,SP,1.0,1,populacao,1.2372329024719975
3542909,SP,7.0,1,populacao,4.766448880909819
3543006,SP,2.0,1,populacao,6.2847051860082
3543105,SP,0.0,1,populacao,1.6948995867492496
3543204,SP,0.0,1,populacao,1.6682571083184368
3543238,SP,0.0,1,populacao,0.8186175221960739
3543253,SP,0.0,1,populacao,2.80913912988996
3543303,SP,132.0,1,populacao,44.47031112106429
3543402,SP,516.0,1,populacao,249.0166618945277
3543501,SP,1.0,1,populacao,2.1138799324831297
3543600,SP,2.0,1,populacao,1.3204450268860433
3543709,SP,2.0,1,populacao,3.9500211514614834
3543808,SP,2.0,1,populacao,3.6854211944431357
3543907,SP,152.0,1,populacao,74.0704696231554
3544004,SP,10.0,1,populacao,12.385102815748446
3544103,SP,25.0,1,populacao,18.032213346706918
3544202,SP,3.0,1,populacao,4.410972524860343
3544251,SP,4.0,1,populacao,6.494560324333096
3544301,SP,5.0,1,populacao,3.8365168940370613
3544400,SP,2.0,1,populacao,1.111684784935016
3544509,SP,1.0,1,populacao,1.1321228505805712
3544608,SP,3.0,1,populacao,2.0251933261997386
3544707,SP,0.0,1,populacao,0.8952602683669055
3544806,SP,5.0,1,populacao,2.242347773683762
3544905,SP,6.0,1,populacao,4.248562896069771
3545001,SP,10.0,1,populacao,6.1690111358360395
3545100,SP,2.0,1,populacao,1.905849621448015
3545159,SP,5.0,1,populacao,2.926658007351902
3545209,SP,88.0,1,populacao,42.40570152540527
3545308,SP,12.0,1,populacao,16.20337143688769
3545407,SP,1.0,1,populacao,3.389434208040543
3545506,SP,0.0,1,populacao,1.5233658215097692
3545605,SP,15.0,1,populacao,5.595285435928671
3545704,SP,7.0,1,populacao,2.1894277822800925
3545803,SP,122.0,1,populacao,70.0328567617844
3546009,SP,9.0,1,populacao,5.35294837184566
3546108,SP,1.0,1,populacao,0.7788362872788326
3546207,SP,4.0,1,populacao,1.6091327041295094
3546256,SP,0.0,1,populacao,0.7700771162878804
3546306,SP,9.0,1,populacao,12.209919395929402
3546405,SP,34.0,1,populacao,17.207391411725585
3546504,SP,2.0,1,populacao,2.0664344229488054
3546603,SP,0.0,1,populacao,11.606631493927571
3546702,SP,11.0,1,populacao,9.356619445626725
3546801,SP,35.0,1,populacao,20.443175161966508
3546900,SP,3.0,1,populacao,3.1963674807816385
3547007,SP,2.0,1,populacao,2.197457022355132
3547106,SP,2.0,1,populacao,1.0748232736814256
3547205,SP,0.0,1,populacao,0.5675212871221109
3547304,SP,227.0,1,populacao,48.134199353488
3547403,SP,3.0,1,populacao,0.9284721250409326
3547502,SP,18.0,1,populacao,10.06939698501546
3547601,SP,13.0,1,populacao,9.513554592547953
3547650,SP,1.0,1,populacao,0.5605869434209405
3547700,SP,17.0,1,populacao,7.675223580821861
3547809,SP,869.0,1,populacao,261.03460945957204
3547908,SP,0.0,1,populacao,2.4923491123838555
3548005,SP,20.0,1,populacao,8.321577406862541
3548054,SP,0.0,1,populacao,3.023738819168289
3548104,SP,4.0,1,populacao,2.2003767460187826
3548203,SP,2.0,1,populacao,2.481765114103122
3548302,SP,1.0,1,populacao,1.1156994049725357
3548401,SP,0.0,1,populacao,1.7105931014413724
3548500,SP,690.0,1,populacao,158.66581312285578
3548609,SP,7.0,1,populacao,3.97629866443434
3548708,SP,957.0,1,populacao,301.98592363502127
3548807,SP,203.0,1,populacao,58.25140681349574
3548906,SP,229.0,1,populacao,89.81361961756015
3549003,SP,2.0,1,populacao,1.0401515551755731
3549102,SP,79.0,1,populacao,32.87937314182884
3549201,SP,0.0,1,populacao,0.9492751561444441
3549250,SP,3.0,1,populacao,0.6948942319488741
3549300,SP,0.0,1,populacao,0.7781063563629199
3549409,SP,33.0,1,populacao,18.584406084594864
3549508,SP,3.0,1,populacao,3.2427180939420936
3549607,SP,3.0,1,populacao,1.5259205797154636
3549706,SP,43.0,1,populacao,19.976019375782393
3549805,SP,328.0,1,populacao,164.47423838623095
3549904,SP,666.0,1,populacao,256.6506443786005
3549953,SP,12.0,1,populacao,5.64419080729482
3550001,SP,3.0,1,populacao,3.919729018451107
3550100,SP,22.0,1,populacao,14.851174415159447
3550209,SP,13.0,1,populacao,12.011013221343196
3550308,SP,15284.0,1,populacao,4418.60760224079
3550407,SP,12.0,1,populacao,12.736564551760404
3550506,SP,5.0,1,populacao,2.782496651459147
3550605,SP,75.0,1,populacao,32.28958896177139
3550704,SP,56.0,1,populacao,31.218415342669534
3550803,SP,4.0,1,populacao,4.495279545648257
3550902,SP,10.0,1,populacao,5.556599097385298
3551009,SP,165.0,1,populacao,131.52625173830634
3551108,SP,2.0,1,populacao,3.66206340513393
3551207,SP,1.0,1,populacao,1.3434378507372928
3551306,SP,0.0,1,populacao,1.2448971770890807
3551405,SP,1.0,1,populacao,5.040172974377075
3551504,SP,13.0,1,populacao,15.981837403908191
3551603,SP,12.0,1,populacao,10.489837192581165
3551702,SP,60.0,1,populacao,44.760458660139584
3551801,SP,4.0,1,populacao,4.763894122704125
3551900,SP,5.0,1,populacao,6.246383812922784
3552007,SP,3.0,1,populacao,2.2730048721520943
3552106,SP,19.0,1,populacao,14.678910719004053
3552205,SP,589.0,1,populacao,240.830121707109
3552304,SP,5.0,1,populacao,2.8222778863763884
3552403,SP,178.0,1,populacao,99.6381247802869
3552502,SP,222.0,1,populacao,106.12064124450744
3552551,SP,1.0,1,populacao,1.4000074967205258
3552601,SP,12.0,1,populacao,4.471191825423139
3552700,SP,5.0,1,populacao,5.897476835116521
3552809,SP,1.0,1,populacao,102.05675087016358
3552908,SP,2.0,1,populacao,2.2602310811236226
3553005,SP,10.0,1,populacao,4.785062119265593
3553104,SP,1.0,1,populacao,2.282858939516916
3553203,SP,5.0,1,populacao,2.044901460929381
3553302,SP,19.0,1,populacao,8.491651310270196
3553401,SP,11.0,1,populacao,9.388006475010972
3553500,SP,2.0,1,populacao,2.9098695962859105
3553609,SP,12.0,1,populacao,4.767178811825732
3553658,SP,0.0,1,populacao,1.0302974878107518
3553708,SP,35.0,1,populacao,20.785147796071602
3553807,SP,15.0,1,populacao,8.481797242905374
3553856,SP,3.0,1,populacao,2.0857775922204915
3553906,SP,5.0,1,populacao,2.6649777739972054
3553955,SP,9.0,1,populacao,5.309152516890899
3554003,SP,71.0,1,populacao,43.408626603869294
3554102,SP,257.0,1,populacao,112.39220767402922
3554201,SP,3.0,1,populacao,1.706943446861809
3554300,SP,14.0,1,populacao,8.362818503611608
3554409,SP,2.0,1,populacao,3.3675362805631623
3554508,SP,35.0,1,populacao,14.971613016285039
3554607,SP,3.0,1,populacao,0.9817570819025585
3554656,SP,0.0,1,populacao,0.8740922718054378
3554706,SP,6.0,1,populacao,3.6255668593382957
3554755,SP,1.0,1,populacao,0.6171565894041734
3554805,SP,38.0,1,populacao,16.753374382027896
3554904,SP,39.0,1,populacao,2.104755796034221
3554953,SP,1.0,1,populacao,2.441253948269968
3555000,SP,52.0,1,populacao,23.9993985842931
3555109,SP,6.0,1,populacao,5.591635781349107
3555208,SP,0.0,1,populacao,0.7357703632399843
3555307,SP,1.0,1,populacao,0.6667918916862358
3555356,SP,0.0,1,populacao,2.2189899843745557
3555406,SP,72.0,1,populacao,32.23119448849838
3555505,SP,1.0,1,populacao,1.7277464779653204
3555604,SP,3.0,1,populacao,3.6668079560873625
3555703,SP,0.0,1,populacao,0.6543830661157202
3555802,SP,4.0,1,populacao,3.3387040093846116
3555901,SP,0.0,1,populacao,0.4405133077533041
3556008,SP,10.0,1,populacao,4.983603328393842
3556107,SP,3.0,1,populacao,4.671557861841171
3556206,SP,180.0,1,populacao,45.26447595757729
3556305,SP,8.0,1,populacao,9.354794618336944
3556354,SP,1.0,1,populacao,3.701844640051171
3556404,SP,12.0,1,populacao,15.441688526132806
3556453,SP,43.0,1,populacao,18.374550946269967
3556503,SP,75.0,1,populacao,43.400597363794255
3556602,SP,9.0,1,populacao,4.001116315575371
3556701,SP,87.0,1,populacao,27.419489890801977
3556800,SP,18.0,1,populacao,6.808065652717593
3556909,SP,3.0,1,populacao,3.041987092066106
3556958,SP,0.0,1,populacao,0.6689816844339739
3557006,SP,102.0,1,populacao,43.758628478049424
3557105,SP,63.0,1,populacao,33.857115603693885
3557154,SP,2.0,1,populacao,0.962048947172916
3557204,SP,14.0,1,populacao,4.557323673500836
3557303,SP,7.0,1,populacao,4.039072723202831
5000203,MS,2.0,1,populacao,5.471562145681471
5000252,MS,6.0,1,populacao,1.8934407958774995
5000609,MS,6.0,1,populacao,14.038396340290674
5000708,MS,2.0,1,populacao,9.107348037842545
5000807,MS,1.0,1,populacao,3.25804664317626
5000856,MS,1.0,1,populacao,3.8168087593074187
5000906,MS,0.0,1,populacao,3.2146157536794555
5001003,MS,8.0,1,populacao,9.150413961881393
5001102,MS,3.0,1,populacao,17.329289874683003
5001243,MS,0.0,1,populacao,4.296008405604095
5001508,MS,1.0,1,populacao,2.4799402868133402
5001904,MS,5.0,1,populacao,8.171211638184529
5002001,MS,3.0,1,populacao,4.105131471092928
5002100,MS,3.0,1,populacao,8.879974557535743
5002159,MS,2.0,1,populacao,2.8540298812185902
5002209,MS,8.0,1,populacao,7.840552933276083
5002308,MS,1.0,1,populacao,4.329950193194035
5002407,MS,4.0,1,populacao,10.690568194457153
5002605,MS,6.0,1,populacao,4.99783698125414
5002704,MS,313.0,1,populacao,319.0564530000133
5002803,MS,1.0,1,populacao,2.179573714915271
5002902,MS,5.0,1,populacao,7.937268779634514
5002951,MS,14.0,1,populacao,8.737273063474815
5003108,MS,2.0,1,populacao,2.0912520740898364
5003157,MS,1.0,1,populacao,5.480321316672423
5003207,MS,27.0,1,populacao,40.10933886394397
5003256,MS,12.0,1,populacao,7.357338666941887
5003306,MS,11.0,1,populacao,12.161743955479166
5003454,MS,2.0,1,populacao,4.661703794476349
5003488,MS,3.0,1,populacao,4.062795477969993
5003504,MS,0.0,1,populacao,2.1266537235116014
5003702,MS,63.0,1,populacao,79.58765245108142
5003751,MS,1.0,1,populacao,4.461337758058318
5003801,MS,4.0,1,populacao,7.000402449060585
5003900,MS,0.0,1,populacao,1.1047504412338456
5004007,MS,1.0,1,populacao,3.6350559612451607
5004106,MS,1.0,1,populacao,3.6463698904418074
5004304,MS,0.0,1,populacao,5.780322923112536
5004403,MS,1.0,1,populacao,2.780306858711409
5004502,MS,3.0,1,populacao,8.590921914834322
5004601,MS,2.0,1,populacao,7.531792155845018
5004700,MS,3.0,1,populacao,8.401869807612936
5004809,MS,0.0,1,populacao,3.224834786502233
5004908,MS,2.0,1,populacao,2.5616925493955605
5005004,MS,4.0,1,populacao,9.400780266039442
5005103,MS,0.0,1,populacao,1.4689859682742743
5005152,MS,4.0,1,populacao,2.3916186459879056
5005202,MS,4.0,1,populacao,8.244569695233753
5005251,MS,0.0,1,populacao,2.6193570917526627
5005400,MS,13.0,1,populacao,16.421255815287626
5005608,MS,4.0,1,populacao,10.045674230248299
5005681,MS,3.0,1,populacao,6.606969685383649
5005707,MS,8.0,1,populacao,19.411782777781887
5005806,MS,0.0,1,populacao,5.143093233520764
5006002,MS,3.0,1,populacao,7.581062492669124
5006200,MS,11.0,1,populacao,19.206307224952468
5006259,MS,0.0,1,populacao,1.4748254156015759
5006309,MS,15.0,1,populacao,15.239132696967037
5006358,MS,1.0,1,populacao,5.055501523611242
5006408,MS,1.0,1,populacao,2.8040296134785714
5006606,MS,19.0,1,populacao,32.69798530922454
5006903,MS,1.0,1,populacao,6.160251964845087
5007109,MS,1.0,1,populacao,8.71574010145539
5007208,MS,12.0,1,populacao,13.191311512374005
5007307,MS,0.0,1,populacao,1.7642430237609545
5007406,MS,0.0,1,populacao,7.142009046747646
5007505,MS,0.0,1,populacao,1.9511053382346013
5007554,MS,0.0,1,populacao,2.821912920918432
5007695,MS,7.0,1,populacao,9.451875430153331
5007703,MS,0.0,1,populacao,3.937977291348924
5007802,MS,0.0,1,populacao,2.365706098473005
5007901,MS,11.0,1,populacao,19.917989867967336
5007935,MS,2.0,1,populacao,6.712809668190988
5007950,MS,1.0,1,populacao,4.118270227579357
5007976,MS,0.0,1,populacao,1.302926684904139
5008008,MS,1.0,1,populacao,7.611354625679501
5008305,MS,41.0,1,populacao,42.87504710433712
5008404,MS,1.0,1,populacao,2.2047563315142584
1200013,AC,0.0,1,historico,1.1822615181439922
1200054,AC,0.0,1,historico,0.3756803102952081
1200104,AC,1.0,1,historico,3.2584554108460377
1200138,AC,0.0,1,historico,0.7955909310435975
1200179,AC,0.0,1,historico,1.072604906230482
1200203,AC,3.0,1,historico,11.138316329727061
1200252,AC,1.0,1,historico,2.796001171845905
1200302,AC,0.0,1,historico,1.4781720826021012
1200328,AC,0.0,1,historico,0.19450752290919596
1200336,AC,0.0,1,historico,1.3390961601913596
1200344,AC,1.0,1,historico,0.5321369529453899
1200351,AC,0.0,1,historico,0.3464772579085114
1200385,AC,0.0,1,historico,2.3326692111218708
1200393,AC,0.0,1,historico,0.325809573876942
1200401,AC,69.0,1,historico,80.17500551662002
1200427,AC,0.0,1,historico,0.7320743929226146
1200435,AC,0.0,1,historico,0.16603304310283734
1200450,AC,2.0,1,historico,3.6093214070430077
1200500,AC,0.0,1,historico,4.469355027374475
1200609,AC,0.0,1,historico,1.7875791189056394
1200708,AC,2.0,1,historico,2.4700259541547362
1200807,AC,1.0,1,historico,1.797680822442741
1500107,PA,11.0,1,historico,14.763691297885009
1500131,PA,1.0,1,historico,1.2277814691023947
1500206,PA,0.0,1,historico,2.518987386841461
1500305,PA,0.0,1,historico,0.6886042675447938
1500347,PA,0.0,1,historico,1.9375618413959137
1500404,PA,0.0,1,historico,3.015566188456106
1500503,PA,3.0,1,historico,4.999546732882445
1500602,PA,25.0,1,historico,27.251881882776765
1500701,PA,0.0,1,historico,0.8465042360225731
1500800,PA,84.0,1,historico,141.78733149987735
1500859,PA,0.0,1,historico,1.9806255089222
1500909,PA,3.0,1,historico,1.347421516957071
1500958,PA,1.0,1,historico,1.5823897176016466
1501006,PA,0.0,1,historico,0.4982764559138622
1501105,PA,0.0,1,historico,0.8229587325576194
1501204,PA,0.0,1,historico,2.7016370555758056
1501253,PA,0.0,1,historico,0.44828006141683935
1501303,PA,11.0,1,historico,19.990369941232217
1501402,PA,428.0,1,historico,429.66730201556305
1501451,PA,0.0,1,historico,1.5343802369948996
1501501,PA,2.0,1,historico,8.777517302704897
1501576,PA,3.0,1,historico,2.005861248287255
1501600,PA,2.0,1,historico,0.9392905223560984
1501709,PA,9.0,1,historico,11.59227059627768
1501725,PA,3.0,1,historico,1.516846791564042
1501758,PA,0.0,1,historico,0.6958012377636192
1501782,PA,3.0,1,historico,5.696500141516766
1501808,PA,1.0,1,historico,5.180509669535847
1501907,PA,0.0,1,historico,0.9390563947396237
1501956,PA,0.0,1,historico,0.9117825503731007
1502004,PA,0.0,1,historico,0.9864414709860226
1502103,PA,4.0,1,historico,7.453110339188254
1502152,PA,9.0,1,historico,10.62072564562626
1502202,PA,3.0,1,historico,8.23884764609685
1502301,PA,3.0,1,historico,3.438609938212374
1502400,PA,21.0,1,historico,30.464222979864566
1502509,PA,0.0,1,historico,0.6360533867820074
1502608,PA,0.0,1,historico,0.886159105994067
1502707,PA,7.0,1,historico,7.366397205012409
1502756,PA,3.0,1,historico,2.898283185065262
1502764,PA,0.0,1,historico,1.5877145714263894
1502772,PA,0.0,1,historico,2.140679684584822
1502806,PA,1.0,1,historico,1.4455726630851145
1502855,PA,0.0,1,historico,0.7393342094401344
1502905,PA,3.0,1,historico,2.5167608287322496
1502939,PA,5.0,1,historico,7.202366479010408
1502954,PA,0.0,1,historico,3.201055498594258
1503002,PA,0.0,1,historico,0.31884151488403795
1503044,PA,1.0,1,historico,1.0641211770720445
1503077,PA,3.0,1,historico,1.4070607026021698
1503093,PA,3.0,1,historico,4.183651816817553
1503101,PA,0.0,1,historico,1.735584145915548
1503200,PA,1.0,1,historico,3.987400380443656
1503309,PA,1.0,1,historico,2.750821020590668
1503408,PA,0.0,1,historico,0.9731368291378673
1503457,PA,2.0,1,historico,3.105631599594625
1503507,PA,0.0,1,historico,1.8715519729353118
1503606,PA,3.0,1,historico,12.664771318548926
1503705,PA,1.0,1,historico,1.5184906393120612
1503754,PA,1.0,1,historico,0.3826599256347388
1503804,PA,6.0,1,historico,6.52378169884745
1503903,PA,1.0,1,historico,3.4956296568584366
1504000,PA,0.0,1,historico,0.7811420614286716
1504059,PA,2.0,1,historico,4.0316332474823495
1504109,PA,0.0,1,historico,0.5863741355223209
1504208,PA,23.0,1,historico,53.587476094251265
1504307,PA,0.0,1,historico,1.3439476269483115
1504406,PA,0.0,1,historico,3.03784953986275
1504422,PA,14.0,1,historico,17.10063423119715
1504455,PA,1.0,1,historico,2.3055029581301896
1504505,PA,0.0,1,historico,0.825139273158248
1504604,PA,1.0,1,historico,1.735999663295985
1504703,PA,9.0,1,historico,4.524941979611018
1504802,PA,1.0,1,historico,2.9732337355241443
1504901,PA,0.0,1,historico,2.0982296171432564
1504950,PA,1.0,1,historico,0.4055914959231275
1504976,PA,1.0,1,historico,1.4961623213850406
1505007,PA,1.0,1,historico,1.5968528142205323
1505031,PA,4.0,1,historico,7.972952089439472
1505064,PA,2.0,1,historico,3.8784563200933477
1505106,PA,0.0,1,historico,3.4994434302962696
1505205,PA,2.0,1,historico,1.2354198204819942
1505304,PA,0.0,1,historico,5.254937164051742
1505403,PA,1.0,1,historico,1.041177100284502
1505437,PA,5.0,1,historico,4.466657371576069
1505486,PA,6.0,1,historico,1.1923931476695788
1505494,PA,0.0,1,historico,0.7539122884708949
1505502,PA,18.0,1,historico,14.086130777440399
1505536,PA,27.0,1,historico,70.21692069727341
1505551,PA,1.0,1,historico,0.5586751093601369
1505601,PA,0.0,1,historico,0.5424972318963064
1505635,PA,1.0,1,historico,0.8792786745167183
1505650,PA,2.0,1,historico,1.2454633601183385
1505700,PA,0.0,1,historico,1.7726333948486708
1505809,PA,0.0,1,historico,1.5826353782889626
1505908,PA,0.0,1,historico,1.2481088104013631
1506005,PA,0.0,1,historico,0.786966257262242
1506104,PA,0.0,1,historico,0.5288264718922605
1506112,PA,0.0,1,historico,0.8440241596944674
1506138,PA,12.0,1,historico,22.589009180125263
1506161,PA,3.0,1,historico,3.299487754920876
1506187,PA,8.0,1,historico,5.986414225669499
1506195,PA,0.0,1,historico,4.064051867610296
1506203,PA,0.0,1,historico,7.5711978166015905
1506302,PA,0.0,1,historico,2.584712867067712
1506351,PA,1.0,1,historico,2.2780591297099693
1506401,PA,0.0,1,historico,0.3890554478283879
1506500,PA,6.0,1,historico,10.889435646569092
1506559,PA,0.0,1,historico,1.126789981304549
1506583,PA,0.0,1,historico,1.340982275790875
1506609,PA,2.0,1,historico,2.646303685555356
1506708,PA,2.0,1,historico,7.054320837166247
1506807,PA,42.0,1,historico,38.82874842883633
1506906,PA,0.0,1,historico,0.4257249445941996
1507003,PA,1.0,1,historico,4.074365784773779
1507102,PA,0.0,1,historico,1.5841937102672827
1507151,PA,1.0,1,historico,3.1489535934852944
1507201,PA,0.0,1,historico,1.0038232301527643
1507300,PA,8.0,1,historico,12.542771260865383
1507409,PA,0.0,1,historico,1.68748416883783
1507458,PA,0.0,1,historico,2.0702833905285862
1507466,PA,0.0,1,historico,0.40722878613925906
1507474,PA,2.0,1,historico,1.2904725643019939
1507508,PA,0.0,1,historico,0.8073007479468798
1507607,PA,5.0,1,historico,5.535796038484762
1507706,PA,2.0,1,historico,1.5282431715201599
1507755,PA,0.0,1,historico,1.1090670620128846
1507805,PA,1.0,1,historico,0.6132473310575719
1507904,PA,0.0,1,historico,2.8421268656075647
1507953,PA,4.0,1,historico,9.358515822791157
1507961,PA,0.0,1,historico,1.06453891129559
1507979,PA,0.0,1,historico,2.1566966357101767
1508001,PA,1.0,1,historico,7.065662589555705
1508035,PA,1.0,1,historico,0.9851429140541647
1508050,PA,0.0,1,historico,1.7083079430075774
1508084,PA,3.0,1,historico,9.422134840108907
1508100,PA,19.0,1,historico,33.875987323779846
1508126,PA,1.0,1,historico,9.469706670365836
1508159,PA,6.0,1,historico,5.171748688061083
1508209,PA,2.0,1,historico,6.0642738127995
1508308,PA,1.0,1,historico,1.1035812390404034
1508357,PA,0.0,1,historico,1.333899696720808
1508407,PA,9.0,1,historico,7.888194043262294
2500106,PB,2.0,1,historico,0.6822899568652988
2500205,PB,0.0,1,historico,0.6247591084515415
2500304,PB,1.0,1,historico,3.155371237166543
2500403,PB,1.0,1,historico,1.8803927302601393
2500502,PB,2.0,1,historico,1.534145642021644
2500536,PB,0.0,1,historico,0.5687248259060587
2500577,PB,0.0,1,historico,0.17685025673738602
2500601,PB,2.0,1,historico,1.2302479100956103
2500700,PB,0.0,1,historico,2.016062527933253
2500734,PB,0.0,1,historico,0.14295726399410014
2500775,PB,0.0,1,historico,0.903439020532029
2500809,PB,0.0,1,historico,0.9586205975252385
2500908,PB,1.0,1,historico,1.4172543962611277
2501005,PB,1.0,1,historico,1.8238493962832356
2501104,PB,2.0,1,historico,2.806695929241407
2501153,PB,0.0,1,historico,0.3200263531101245
2501203,PB,1.0,1,historico,0.763700741257028
2501302,PB,1.0,1,historico,1.102730827420941
2501351,PB,1.0,1,historico,0.5650038827491703
2501401,PB,0.0,1,historico,0.5850500449548383
2501500,PB,5.0,1,historico,1.3642406875762916
2501534,PB,0.0,1,historico,0.29645415861873325
2501575,PB,0.0,1,historico,0.5000200865748218
2501609,PB,1.0,1,historico,1.0300665113290364
2501708,PB,0.0,1,historico,0.7133054708083114
2501807,PB,6.0,1,historico,14.705911828148356
2501906,PB,1.0,1,historico,1.542473930168379
2502003,PB,0.0,1,historico,0.6407807837731095
2502052,PB,0.0,1,historico,0.2052789302490501
2502102,PB,0.0,1,historico,0.7228674056376286
2502151,PB,0.0,1,historico,0.6261579940532751
2502201,PB,0.0,1,historico,0.2860340094071773
2502300,PB,0.0,1,historico,0.5961334970372817
2502409,PB,1.0,1,historico,1.2884004067997916
2502508,PB,0.0,1,historico,2.627583428689518
2502607,PB,0.0,1,historico,0.7019154846626509
2502706,PB,0.0,1,historico,0.3557690035477929
2502805,PB,1.0,1,historico,1.5291586996982407
2502904,PB,1.0,1,historico,0.7022245758043376
2503001,PB,0.0,1,historico,2.15290618208493
2503100,PB,0.0,1,historico,0.6976687555172426
2503209,PB,5.0,1,historico,25.113687839157233
2503308,PB,0.0,1,historico,0.9977000521119709
2503407,PB,0.0,1,historico,0.46616320017555174
2503506,PB,0.0,1,historico,1.5405550242185002
2503555,PB,0.0,1,historico,0.3053842435142262
2503605,PB,0.0,1,historico,0.7769047514307369
2503704,PB,11.0,1,historico,17.278165627791964
2503753,PB,0.0,1,historico,0.1969686592992261
2503803,PB,1.0,1,historico,0.5611520387181752
2503902,PB,0.0,1,historico,0.6154800279471225
2504009,PB,67.0,1,historico,102.12975350253579
2504033,PB,0.0,1,historico,0.4078012973541855
2504074,PB,0.0,1,historico,0.6135384684976806
2504108,PB,0.0,1,historico,0.22100442146400526
2504157,PB,0.0,1,historico,0.24506420201168483
2504207,PB,0.0,1,historico,0.5530048920855664
2504306,PB,6.0,1,historico,4.6379390418521504
2504355,PB,0.0,1,historico,0.738428888089176
2504405,PB,2.0,1,historico,1.9790019429970942
2504504,PB,0.0,1,historico,0.7136371227975538
2504603,PB,0.0,1,historico,2.6634086777205734
2504702,PB,0.0,1,historico,0.5915340934214094
2504801,PB,3.0,1,historico,1.6119690264305708
2504850,PB,0.0,1,historico,0.22456434077319284
2504900,PB,0.0,1,historico,0.9269559106120151
2505006,PB,2.0,1,historico,0.6560392447452597
2505105,PB,3.0,1,historico,2.155444148414547
2505204,PB,0.0,1,historico,0.7013199021331312
2505238,PB,0.0,1,historico,0.3876101099624919
2505279,PB,1.0,1,historico,0.3101728002649609
2505303,PB,0.0,1,historico,0.28029321836512616
2505352,PB,0.0,1,historico,0.2641444345854812
2505402,PB,1.0,1,historico,0.7275964684346489
2505501,PB,0.0,1,historico,0.5118462315691858
2505600,PB,0.0,1,historico,0.5909925986616625
2505709,PB,0.0,1,historico,0.6156142527858735
2505808,PB,0.0,1,historico,0.45744932743397065
2505907,PB,0.0,1,historico,0.43091514332308534
2506004,PB,6.0,1,historico,4.178819171621744
2506103,PB,1.0,1,historico,0.7588592126327682
2506202,PB,2.0,1,historico,0.5583805321592492
2506251,PB,0.0,1,historico,0.27353157816265267
2506301,PB,10.0,1,historico,9.633623314667464
2506400,PB,0.0,1,historico,0.8325750338933189
2506509,PB,0.0,1,historico,0.39996137196192605
2506608,PB,1.0,1,historico,0.5553412911656895
2506707,PB,3.0,1,historico,0.6724306394726338
2506806,PB,1.0,1,historico,1.9369570345849207
2506905,PB,0.0,1,historico,3.295385191116439
2507002,PB,2.0,1,historico,3.961145402121155
2507101,PB,0.0,1,historico,1.2162198379431548
2507200,PB,0.0,1,historico,0.938900938856571
2507309,PB,0.0,1,historico,1.255380887221509
2507408,PB,1.0,1,historico,0.8763261600631008
2507507,PB,245.0,1,historico,279.4867525276389
2507606,PB,0.0,1,historico,0.5718619354643768
2507705,PB,0.0,1,historico,1.6467544590385705
2507804,PB,2.0,1,historico,0.6948653878299753
2507903,PB,1.0,1,historico,0.7009311954428926
2508000,PB,1.0,1,historico,0.9008561230531005
2508109,PB,1.0,1,historico,0.2982423524173977
2508208,PB,0.0,1,historico,0.4444805776416331
2508307,PB,0.0,1,historico,5.251007075527661
2508406,PB,0.0,1,historico,0.17704991383014257
2508505,PB,0.0,1,historico,0.44273827582677566
2508554,PB,0.0,1,historico,0.3625512455366684
2508604,PB,1.0,1,historico,1.0603215971813964
2508703,PB,1.0,1,historico,0.25172137966799996
2508802,PB,0.0,1,historico,0.9297996543481183
2508901,PB,6.0,1,historico,3.592674807382732
2509008,PB,1.0,1,historico,0.6377063944340433
2509057,PB,0.0,1,historico,0.5241542184370535
2509107,PB,3.0,1,historico,1.7463030520418552
2509156,PB,0.0,1,historico,0.7649147054470912
2509206,PB,0.0,1,historico,1.1746718718929647
2509305,PB,0.0,1,historico,0.44848115666609717
2509339,PB,0.0,1,historico,0.29631866548149094
2509370,PB,0.0,1,historico,0.4919840176125774
2509396,PB,0.0,1,historico,0.4009717098801243
2509404,PB,0.0,1,historico,0.7688408180740272
2509503,PB,1.0,1,historico,0.5625241465416798
2509602,PB,0.0,1,historico,0.6422988893323904
2509701,PB,0.0,1,historico,5.391898568176174
2509800,PB,0.0,1,historico,0.9700846217351705
2509909,PB,0.0,1,historico,0.6201796286372182
2510006,PB,0.0,1,historico,0.4228850232038574
2510105,PB,1.0,1,historico,1.1782860575909309
2510204,PB,0.0,1,historico,0.5717998695198406
2510303,PB,0.0,1,historico,0.7069495905869484
2510402,PB,0.0,1,historico,0.39004872748668395
2510501,PB,0.0,1,historico,0.30882543323126954
2510600,PB,0.0,1,historico,0.4214701098979626
2510659,PB,0.0,1,historico,0.2001723425633031
2510709,PB,1.0,1,historico,0.25302680587393095
2510808,PB,16.0,1,historico,28.33447944173903
2510907,PB,1.0,1,historico,1.3199605455229813
2511004,PB,1.0,1,historico,0.28824945021782267
2511103,PB,1.0,1,historico,0.8435691168817654
2511202,PB,2.0,1,historico,2.3025720409068455
2511301,PB,1.0,1,historico,2.105468958243845
2511400,PB,2.0,1,historico,2.5557225290631864
2511509,PB,1.0,1,historico,0.8684370812801517
2511608,PB,0.0,1,historico,0.36924457704111063
2511707,PB,0.0,1,historico,0.3474252738250291
2511806,PB,1.0,1,historico,1.0841398123357273
2511905,PB,1.0,1,historico,0.9735133295091334
2512002,PB,3.0,1,historico,1.3379102068096513
2512036,PB,0.0,1,historico,0.22326120778386493
2512077,PB,0.0,1,historico,0.5578419318556616
2512101,PB,6.0,1,historico,6.005959917212243
2512200,PB,1.0,1,historico,0.5045623001481139
2512309,PB,1.0,1,historico,3.257985326822873
2512408,PB,1.0,1,historico,1.5322626249708091
2512507,PB,5.0,1,historico,4.222370334406394
2512606,PB,0.0,1,historico,0.21720467549851577
2512705,PB,1.0,1,historico,2.657795518987469
2512721,PB,0.0,1,historico,0.38122248711945594
2512747,PB,0.0,1,historico,0.2216151972783079
2512754,PB,0.0,1,historico,0.5405469846179035
2512762,PB,0.0,1,historico,0.2813362848925227
2512788,PB,1.0,1,historico,0.27521485495186515
2512804,PB,0.0,1,historico,0.7365348191193744
2512903,PB,2.0,1,historico,2.3563398442805967
2513000,PB,0.0,1,historico,0.23885634209900056
2513109,PB,0.0,1,historico,0.7202877368003026
2513158,PB,1.0,1,historico,0.35682185569761193
2513208,PB,0.0,1,historico,0.7375539364043886
2513307,PB,0.0,1,historico,0.6845020724978196
2513356,PB,0.0,1,historico,0.22266179452573145
2513406,PB,5.0,1,historico,3.218795786388026
2513505,PB,0.0,1,historico,0.1675488285036021
2513604,PB,0.0,1,historico,0.7422756035139965
2513653,PB,0.0,1,historico,0.32168440640639223
2513703,PB,7.0,1,historico,13.093492354222866
2513802,PB,0.0,1,historico,0.4194327118167675
2513851,PB,1.0,1,historico,0.343381978306223
2513901,PB,3.0,1,historico,3.639237472389326
2513927,PB,1.0,1,historico,0.5922484619696157
2513943,PB,0.0,1,historico,0.49276798622029433
2513968,PB,0.0,1,historico,0.3886257100998536
2513984,PB,1.0,1,historico,0.3971853601061493
2514008,PB,0.0,1,historico,0.8206893691090983
2514107,PB,0.0,1,historico,0.2697230656763808
2514206,PB,0.0,1,historico,0.4681144046741766
2514305,PB,0.0,1,historico,0.5609998332792187
2514404,PB,0.0,1,historico,0.3652776932704208
2514453,PB,0.0,1,historico,0.373096741370066
2514503,PB,0.0,1,historico,2.661318548418866
2514552,PB,0.0,1,historico,0.25110817225104776
2514602,PB,0.0,1,historico,0.454869300096814
2514651,PB,0.0,1,historico,0.12955858053966005
2514701,PB,0.0,1,historico,0.505798277488448
2514800,PB,1.0,1,historico,0.3059030802267416
2514909,PB,1.0,1,historico,1.3749193261843549
2515005,PB,0.0,1,historico,0.42493425862233236
2515104,PB,0.0,1,historico,1.1293190404466495
2515203,PB,0.0,1,historico,0.46157822010765687
2515302,PB,2.0,1,historico,5.150558838833204
2515401,PB,0.0,1,historico,0.6071360791804283
2515500,PB,1.0,1,historico,1.931399339443174
2515609,PB,0.0,1,historico,0.4099950114988854
2515708,PB,0.0,1,historico,0.3176792431241597
2515807,PB,0.0,1,historico,0.7945579444846896
2515906,PB,0.0,1,historico,0.3657499298248152
2515930,PB,0.0,1,historico,0.5862961047301941
2515971,PB,0.0,1,historico,0.4428287458871256
2516003,PB,1.0,1,historico,3.2320009892169335
2516102,PB,3.0,1,historico,2.017893273105703
2516151,PB,0.0,1,historico,0.22594836344800046
2516201,PB,7.0,1,historico,11.98208553953967
2516300,PB,3.0,1,historico,2.5156107208893608
2516409,PB,0.0,1,historico,0.5859319296388348
2516508,PB,0.0,1,historico,1.581782899802731
2516607,PB,0.0,1,historico,1.3152822228167562
2516706,PB,1.0,1,historico,1.6712620508487608
2516755,PB,0.0,1,historico,0.44098329276183146
2516805,PB,1.0,1,historico,1.0501464797515938
2516904,PB,1.0,1,historico,2.458874288538588
2517001,PB,0.0,1,historico,0.8683115720732634
2517100,PB,1.0,1,historico,0.548533938130896
2517209,PB,0.0,1,historico,0.3501919799378224
2517407,PB,0.0,1,historico,0.2620042860276818
3500105,SP,35.0,1,historico,22.338138367017898
3500204,SP,5.0,1,historico,1.2781663873348346
3500303,SP,9.0,1,historico,14.249932891780798
3500402,SP,10.0,1,historico,4.532504507515464
3500501,SP,22.0,1,historico,8.038308865854438
3500550,SP,3.0,1,historico,2.6880274924027567
3500600,SP,2.0,1,historico,2.2417830480068672
3500709,SP,16.0,1,historico,18.54092710099017
3500758,SP,3.0,1,historico,2.101804653049915
3500808,SP,1.0,1,historico,1.2673866397609823
3500907,SP,0.0,1,historico,1.1162458778894493
3501004,SP,4.0,1,historico,6.2230999455876255
3501103,SP,0.0,1,historico,1.101985067099904
3501152,SP,13.0,1,historico,9.250092031427602
3501202,SP,2.0,1,historico,1.2689809195083135
3501301,SP,10.0,1,historico,11.383204273689255
3501400,SP,2.0,1,historico,1.0681780845687971
3501509,SP,0.0,1,historico,0.9687028651621976
3501608,SP,211.0,1,historico,135.1770574152339
3501707,SP,17.0,1,historico,15.497450267512491
3501806,SP,1.0,1,historico,2.147247234945076
3501905,SP,67.0,1,historico,43.25040890609605
3502002,SP,4.0,1,historico,1.7015510420961217
3502101,SP,40.0,1,historico,35.634186060223975
3502200,SP,9.0,1,historico,9.14387707006723
3502309,SP,1.0,1,historico,2.271484435902367
3502408,SP,1.0,1,historico,1.4506984066615363
3502507,SP,25.0,1,historico,15.630125013680091
3502606,SP,1.0,1,historico,1.3694821172886429
3502705,SP,6.0,1,historico,7.582132686067475
3502754,SP,8.0,1,historico,6.769598688183316
3502804,SP,138.0,1,historico,152.47911989463393
3502903,SP,11.0,1,historico,19.921230130310537
3503000,SP,1.0,1,historico,1.9156252552872848
3503109,SP,3.0,1,historico,1.7331581376203222
3503158,SP,2.0,1,historico,0.5686315868862267
3503208,SP,150.0,1,historico,148.64654507449336
3503307,SP,93.0,1,historico,74.28543311827922
3503356,SP,0.0,1,historico,0.48285728184455806
3503406,SP,3.0,1,historico,3.35285707602445
3503505,SP,3.0,1,historico,0.7988325684754585
3503604,SP,3.0,1,historico,2.852129050339173
3503703,SP,5.0,1,historico,3.901944442061591
3503802,SP,40.0,1,historico,23.31827240153385
3503901,SP,68.0,1,historico,71.42079161817796
3503950,SP,0.0,1,historico,0.4973136418605931
3504008,SP,84.0,1,historico,61.10596115678599
3504107,SP,154.0,1,historico,89.76962051979817
3504206,SP,10.0,1,historico,8.043672526125555
3504305,SP,0.0,1,historico,1.9209696995114622
3504404,SP,7.0,1,historico,4.452163322326134
3504503,SP,63.0,1,historico,47.4343400567646
3504602,SP,6.0,1,historico,5.698463466516548
3504701,SP,1.0,1,historico,1.1466828707350418
3504800,SP,6.0,1,historico,3.830868600117019
3504909,SP,5.0,1,historico,4.49518610767509
3505005,SP,0.0,1,historico,1.1229087790427434
3505104,SP,0.0,1,historico,2.169714433341989
3505203,SP,15.0,1,historico,14.192988675129998
3505302,SP,28.0,1,historico,21.126859191088393
3505351,SP,0.0,1,historico,0.8662376956612167
3505401,SP,3.0,1,historico,1.722923131293732
3505500,SP,69.0,1,historico,72.06072236865758
3505609,SP,18.0,1,historico,12.148612498266095
3505708,SP,332.0,1,historico,200.8754488739547
3505807,SP,17.0,1,historico,8.372630895012309
3505906,SP,27.0,1,historico,34.983883437930956
3506003,SP,262.0,1,historico,313.4570741472435
3506102,SP,50.0,1,historico,57.47851897235787
3506201,SP,2.0,1,historico,0.9943478424251486
3506300,SP,4.0,1,historico,3.7623282916285823
3506359,SP,47.0,1,historico,26.110008118196824
3506409,SP,7.0,1,historico,3.325019350865346
3506508,SP,78.0,1,historico,59.80268774712
3506607,SP,10.0,1,historico,12.920740405001919
3506706,SP,11.0,1,historico,4.490968650922605
3506805,SP,6.0,1,historico,4.519057762325629
3506904,SP,5.0,1,historico,3.8518443985242588
3507001,SP,65.0,1,historico,31.799005299404058
3507100,SP,17.0,1,historico,8.921800000868682
3507159,SP,0.0,1,historico,0.5512893884507367
3507209,SP,1.0,1,historico,0.27882197527342417
3507308,SP,1.0,1,historico,1.6456592169406759
3507407,SP,8.0,1,historico,6.2511876496403165
3507456,SP,0.0,1,historico,0.7454366777648721
3507506,SP,100.0,1,historico,94.364365826407
3507605,SP,144.0,1,historico,91.82895297430655
3507704,SP,5.0,1,historico,1.9148513717822502
3507753,SP,0.0,1,historico,1.113056194547835
3507803,SP,9.0,1,historico,10.658997515933843
3507902,SP,12.0,1,historico,9.850891371802321
3508009,SP,10.0,1,historico,4.237007926645088
3508108,SP,10.0,1,historico,7.227953234014073
3508207,SP,2.0,1,historico,1.6027800582588942
3508306,SP,4.0,1,historico,1.0700509914158465
3508405,SP,6.0,1,historico,21.88259731407786
3508504,SP,72.0,1,historico,62.52776042238206
3508603,SP,25.0,1,historico,17.70785982577628
3508702,SP,10.0,1,historico,7.6662845750457995
3508801,SP,17.0,1,historico,7.134300535168307
3508900,SP,0.0,1,historico,1.2070593065092972
3509007,SP,53.0,1,historico,49.19775719879471
3509106,SP,2.0,1,historico,1.5266115767288648
3509205,SP,97.0,1,historico,32.71824510285033
3509254,SP,16.0,1,historico,8.422349579467692
3509304,SP,8.0,1,historico,3.6795816833923425
3509403,SP,9.0,1,historico,9.539982976822797
3509452,SP,2.0,1,historico,2.15077235802518
3509502,SP,1401.0,1,historico,1090.539055255021
3509601,SP,47.0,1,historico,40.75909590024066
3509700,SP,24.0,1,historico,17.340763615133305
3509809,SP,0.0,1,historico,1.5023943608274792
3509908,SP,8.0,1,historico,5.09195206838629
3509957,SP,0.0,1,historico,1.1209250244281375
3510005,SP,16.0,1,historico,12.233540915648364
3510104,SP,4.0,1,historico,1.318642167468658
3510153,SP,2.0,1,historico,1.2532590867304463
3510203,SP,28.0,1,historico,15.909753014927144
3510302,SP,3.0,1,historico,6.04687021930663
3510401,SP,41.0,1,historico,22.676110226871966
3510500,SP,83.0,1,historico,60.410122131795106
3510609,SP,293.0,1,historico,139.35823079266808
3510708,SP,6.0,1,historico,4.388847933293657
3510807,SP,13.0,1,historico,13.425207623624612
3510906,SP,4.0,1,historico,0.7262744971985841
3511003,SP,10.0,1,historico,7.786561247183175
3511102,SP,72.0,1,historico,57.39009137409605
3511201,SP,6.0,1,historico,2.951160032681524
3511300,SP,6.0,1,historico,3.9765920280787497
3511409,SP,18.0,1,historico,7.258711754331911
3511508,SP,30.0,1,historico,22.383524681041333
3511607,SP,13.0,1,historico,6.186052795929173
3511706,SP,9.0,1,historico,6.484810776022334
3511904,SP,4.0,1,historico,2.876371317100224
3512001,SP,9.0,1,historico,8.872229224902004
3512100,SP,5.0,1,historico,2.6842810486231277
3512209,SP,19.0,1,historico,9.46580081370923
3512308,SP,8.0,1,historico,7.060371709300317
3512407,SP,15.0,1,historico,12.911627150359243
3512506,SP,2.0,1,historico,1.9932986604502199
3512605,SP,2.0,1,historico,0.9929688584397892
3512704,SP,2.0,1,historico,1.6906391221924373
3512803,SP,50.0,1,historico,34.61020725561599
3512902,SP,6.0,1,historico,2.66266532423486
3513009,SP,243.0,1,historico,176.48174523804494
3513108,SP,24.0,1,historico,15.48353544950288
3513207,SP,7.0,1,historico,2.9838748807749527
3513306,SP,3.0,1,historico,0.6565520312891664
3513405,SP,56.0,1,historico,48.86075544976443
3513504,SP,79.0,1,historico,46.90945291147106
3513603,SP,14.0,1,historico,5.612370925654302
3513702,SP,14.0,1,historico,15.312362564477834
3513801,SP,268.0,1,historico,160.5803875960826
3513850,SP,0.0,1,historico,0.4881129648618097
3513900,SP,7.0,1,historico,4.856922958570739
3514007,SP,2.0,1,historico,2.7477930034063944
3514106,SP,12.0,1,historico,10.31520596171393
3514205,SP,0.0,1,historico,0.6331111494439907
3514304,SP,8.0,1,historico,3.471358985246856
3514403,SP,27.0,1,historico,24.677193362841184
3514502,SP,10.0,1,historico,4.768891461976364
3514601,SP,3.0,1,historico,3.7161081880913382
3514700,SP,2.0,1,historico,2.5364593519301697
3514809,SP,5.0,1,historico,3.278299975345395
3514908,SP,5.0,1,historico,5.039641697595734
3514924,SP,1.0,1,historico,0.9971085124538231
3514957,SP,1.0,1,historico,0.8249278046636062
3515004,SP,200.0,1,historico,74.12809839146807
3515103,SP,46.0,1,historico,30.54683985489535
3515129,SP,2.0,1,historico,0.9442622873993829
3515152,SP,12.0,1,historico,6.654208237169634
3515186,SP,18.0,1,historico,28.915502668011904
3515194,SP,2.0,1,historico,1.0304047952906774
3515202,SP,2.0,1,historico,3.7219483870019787
3515301,SP,3.0,1,historico,0.8199644841818139
3515350,SP,0.0,1,historico,2.747389218475608
3515400,SP,10.0,1,historico,5.897476373284831
3515509,SP,52.0,1,historico,44.737433969231304
3515608,SP,6.0,1,historico,2.112208195234449
3515657,SP,1.0,1,historico,0.369484358188969
3515707,SP,95.0,1,historico,70.7029491316077
3515806,SP,1.0,1,historico,0.3916310128526365
3515905,SP,2.0,1,historico,0.856046805527039
3516002,SP,4.0,1,historico,5.201443119025421
3516101,SP,1.0,1,historico,0.8951452150118208
3516200,SP,154.0,1,historico,156.81441597219032
3516309,SP,93.0,1,historico,37.67335128304405
3516408,SP,150.0,1,historico,55.300088794228344
3516507,SP,1.0,1,historico,0.9907769071841449
3516606,SP,1.0,1,historico,2.421577144907327
3516705,SP,27.0,1,historico,23.853394111114458
3516804,SP,3.0,1,historico,1.4394088256534197
3516853,SP,2.0,1,historico,1.8058267025750547
3516903,SP,6.0,1,historico,4.046643651384648
3517000,SP,2.0,1,historico,4.08908354088524
3517109,SP,2.0,1,historico,1.8603025933543325
3517208,SP,8.0,1,historico,4.091745594275968
3517307,SP,0.0,1,historico,2.093763771954943
3517406,SP,36.0,1,historico,20.11620452878548
3517505,SP,6.0,1,historico,7.984398222962929
3517604,SP,3.0,1,historico,3.5203671245577133
3517703,SP,7.0,1,historico,8.703808460491857
3517802,SP,5.0,1,historico,2.89910082045526
3517901,SP,2.0,1,historico,3.792411536438671
3518008,SP,0.0,1,historico,0.5563254031271119
3518107,SP,5.0,1,historico,2.473424247244421
3518206,SP,18.0,1,historico,13.573911128972517
3518305,SP,11.0,1,historico,13.015920800896724
3518404,SP,96.0,1,historico,99.711772609527
3518503,SP,5.0,1,historico,5.54726483387904
3518602,SP,14.0,1,historico,15.383326651673041
3518701,SP,217.0,1,historico,136.9903473324742
3518800,SP,1134.0,1,historico,751.9699944249502
3518859,SP,1.0,1,historico,3.1956843064505525
3518909,SP,1.0,1,historico,1.5053084482440047
3519006,SP,3.0,1,historico,3.005083206942293
3519055,SP,23.0,1,historico,10.063652992143389
3519071,SP,141.0,1,historico,120.8556257329766
3519105,SP,6.0,1,historico,4.429615165794875
3519204,SP,2.0,1,historico,2.170939340455108
3519253,SP,1.0,1,historico,2.43173719477242
3519303,SP,12.0,1,historico,9.631421359230606
3519402,SP,7.0,1,historico,5.459315397831168
3519501,SP,5.0,1,historico,2.5753483150794323
3519600,SP,22.0,1,historico,24.563354553874774
3519709,SP,31.0,1,historico,30.920108436803332
3519808,SP,9.0,1,historico,3.017194715716707
3519907,SP,5.0,1,historico,2.568807828214256
3520004,SP,4.0,1,historico,7.8723296793489475
3520103,SP,7.0,1,historico,20.47601960072804
3520202,SP,5.0,1,historico,3.518813478302041
3520301,SP,14.0,1,historico,11.404728144840245
3520400,SP,44.0,1,historico,17.284203775692124
3520426,SP,3.0,1,historico,3.3409432999278286
3520442,SP,24.0,1,historico,15.166658921643702
3520509,SP,273.0,1,historico,151.6663109863363
3520608,SP,3.0,1,historico,1.6059008124762364
3520707,SP,3.0,1,historico,1.4500743962252955
3520806,SP,3.0,1,historico,1.2587037880737244
3520905,SP,7.0,1,historico,6.165350461691888
3521002,SP,0.0,1,historico,13.16589706713316
3521101,SP,0.0,1,historico,2.808756530195903
3521150,SP,2.0,1,historico,1.599789121243317
3521200,SP,0.0,1,historico,0.8241652538339788
3521309,SP,4.0,1,historico,5.112889420727903
3521408,SP,18.0,1,historico,10.22771315576172
3521507,SP,4.0,1,historico,2.4768583092930228
3521606,SP,6.0,1,historico,2.5172314478807594
3521705,SP,7.0,1,historico,3.9904108832402105
3521804,SP,10.0,1,historico,9.863870140058529
3521903,SP,10.0,1,historico,7.015740397008579
3522000,SP,4.0,1,historico,1.117821120760349
3522109,SP,75.0,1,historico,44.37534441247117
3522158,SP,1.0,1,historico,0.5911687440873028
3522208,SP,91.0,1,historico,69.54207943470075
3522307,SP,79.0,1,historico,83.30725143179198
3522406,SP,52.0,1,historico,29.351219498224374
3522505,SP,170.0,1,historico,65.29490347022994
3522604,SP,53.0,1,historico,33.16455434538799
3522653,SP,2.0,1,historico,0.5921331462469023
3522703,SP,29.0,1,historico,17.257688526019553
3522802,SP,12.0,1,historico,5.632900998441728
3522901,SP,7.0,1,historico,5.002706447615432
3523008,SP,6.0,1,historico,1.6436483302225555
3523107,SP,182.0,1,historico,93.73018288477351
3523206,SP,28.0,1,historico,15.108510020569048
3523305,SP,6.0,1,historico,3.8413530620192864
3523404,SP,99.0,1,historico,59.713470037273694
3523503,SP,4.0,1,historico,7.832089318981679
3523602,SP,2.0,1,historico,7.589979560600349
3523701,SP,0.0,1,historico,2.1360797288685656
3523800,SP,7.0,1,historico,2.7766339226823438
3523909,SP,129.0,1,historico,120.50045612141147
3524006,SP,42.0,1,historico,26.939539280972326
3524105,SP,28.0,1,historico,25.913215309688642
3524204,SP,3.0,1,historico,2.4490041028873084
3524303,SP,50.0,1,historico,53.17908979120845
3524402,SP,188.0,1,historico,126.70675474940504
3524501,SP,2.0,1,historico,2.695469871706777
3524600,SP,5.0,1,historico,6.147060634389214
3524709,SP,62.0,1,historico,28.27251230196516
3524808,SP,28.0,1,historico,24.39204998517252
3524907,SP,4.0,1,historico,2.5985811917573467
3525003,SP,138.0,1,historico,56.92448046812006
3525102,SP,13.0,1,historico,18.777920029884285
3525201,SP,18.0,1,historico,9.537694241046498
3525300,SP,73.0,1,historico,72.76396624722867
3525409,SP,1.0,1,historico,0.8503899267081827
3525508,SP,6.0,1,historico,4.119535213450743
3525607,SP,3.0,1,historico,1.4659946954316065
3525706,SP,12.0,1,historico,17.224840659754832
3525805,SP,2.0,1,historico,1.191131671880166
3525854,SP,3.0,1,historico,1.0248224991612418
3525904,SP,549.0,1,historico,322.93541878971297
3526001,SP,15.0,1,historico,9.066579979306502
3526100,SP,9.0,1,historico,4.577020303149967
3526209,SP,21.0,1,historico,10.691395982046863
3526308,SP,3.0,1,historico,1.2409743784305136
3526407,SP,21.0,1,historico,11.336629481135727
3526506,SP,4.0,1,historico,3.4406020837371702
3526605,SP,1.0,1,historico,1.830297416126503
3526704,SP,49.0,1,historico,48.38788760189179
3526803,SP,43.0,1,historico,29.936364494820655
3526902,SP,184.0,1,historico,172.62284306327902
3527009,SP,9.0,1,historico,2.9857227574651133
3527108,SP,53.0,1,historico,45.45595026448043
3527207,SP,82.0,1,historico,44.62721656866978
3527256,SP,2.0,1,historico,0.6265653651166647
3527306,SP,47.0,1,historico,25.913118005117077
3527405,SP,12.0,1,historico,8.88435947934703
3527504,SP,2.0,1,historico,0.584357383804413
3527603,SP,7.0,1,historico,5.7682111803796134
3527702,SP,3.0,1,historico,1.3887645318827264
3527801,SP,3.0,1,historico,1.5042778530539207
3527900,SP,1.0,1,historico,0.8386140715992885
3528007,SP,12.0,1,historico,11.099918634506178
3528106,SP,1.0,1,historico,3.1554456473166956
3528205,SP,4.0,1,historico,1.25665243397233
3528304,SP,2.0,1,historico,1.0536724569966909
3528403,SP,24.0,1,historico,19.944625260321633
3528502,SP,75.0,1,historico,65.90921507032718
3528601,SP,3.0,1,historico,4.551329850939302
3528700,SP,0.0,1,historico,1.3474222857928202
3528809,SP,8.0,1,historico,5.8049578300960105
3528858,SP,0.0,1,historico,1.2854977152841727
3528908,SP,2.0,1,historico,1.0971803718389996
3529005,SP,194.0,1,historico,124.37910048725875
3529104,SP,2.0,1,historico,0.587794937165029
3529203,SP,9.0,1,historico,9.790629451986243
3529302,SP,51.0,1,historico,60.6017553801784
3529401,SP,293.0,1,historico,216.0617303719484
3529500,SP,4.0,1,historico,1.9236021727033168
3529609,SP,1.0,1,historico,1.3664284028724054
3529658,SP,0.0,1,historico,0.5201993558482708
3529708,SP,14.0,1,historico,9.879248104538357
3529807,SP,3.0,1,historico,4.9455151150092505
3529906,SP,5.0,1,historico,5.06862268964246
3530003,SP,1.0,1,historico,1.0036783995958962
3530102,SP,13.0,1,historico,12.845334234986439
3530201,SP,3.0,1,historico,6.846925274056122
3530300,SP,29.0,1,historico,25.19277619496809
3530409,SP,0.0,1,historico,1.5949092031352943
3530508,SP,33.0,1,historico,35.298629875656154
3530607,SP,381.0,1,historico,218.60290738440224
3530706,SP,88.0,1,historico,70.95375464403622
3530805,SP,77.0,1,historico,50.274631156293935
3530904,SP,0.0,1,historico,0.6602302418112213
3531001,SP,2.0,1,historico,0.7189634095393277
3531100,SP,40.0,1,historico,25.672470878111888
3531209,SP,0.0,1,historico,4.367702337040607
3531308,SP,32.0,1,historico,23.548169810431556
3531407,SP,11.0,1,historico,12.778718028834994
3531506,SP,19.0,1,historico,8.228056661370937
3531605,SP,1.0,1,historico,1.3741241108792417
3531704,SP,0.0,1,historico,1.4683424671532495
3531803,SP,38.0,1,historico,23.43865795760372
3531902,SP,9.0,1,historico,12.202041665290224
3532009,SP,7.0,1,historico,4.591810265991316
3532058,SP,2.0,1,historico,1.618774981088555
3532108,SP,2.0,1,historico,1.3455254920995774
3532157,SP,1.0,1,historico,0.6754896276385265
3532207,SP,2.0,1,historico,1.316185089220333
3532306,SP,1.0,1,historico,1.8086161635120892
3532405,SP,7.0,1,historico,5.14516566960861
3532504,SP,3.0,1,historico,3.3853430622884564
3532603,SP,7.0,1,historico,5.707334109167262
3532702,SP,2.0,1,historico,1.3765798955581863
3532801,SP,0.0,1,historico,2.6791231024229756
3532827,SP,2.0,1,historico,1.179357406222508
3532843,SP,2.0,1,historico,0.561763266979084
3532868,SP,0.0,1,historico,0.3566530517774163
3532900,SP,8.0,1,historico,4.34093607400524
3533007,SP,19.0,1,historico,9.590636551872027
3533106,SP,1.0,1,historico,0.6820494827193985
3533205,SP,1.0,1,historico,1.026375186719287
3533254,SP,1.0,1,historico,1.6540438755754236
3533304,SP,1.0,1,historico,1.0398154712110175
3533403,SP,42.0,1,historico,38.92380644565003
3533502,SP,16.0,1,historico,16.826426229994297
3533601,SP,3.0,1,historico,2.5291909361604947
3533700,SP,5.0,1,historico,1.3413339781198041
3533809,SP,1.0,1,historico,0.6874219363987608
3533908,SP,37.0,1,historico,26.00472496666364
3534005,SP,1.0,1,historico,1.379576365837447
3534104,SP,3.0,1,historico,2.563651741553692
3534203,SP,5.0,1,historico,2.6768862194918928
3534302,SP,28.0,1,historico,25.95086643856959
3534401,SP,655.0,1,historico,456.75065433942336
3534500,SP,3.0,1,historico,0.7519589288576146
3534609,SP,16.0,1,historico,14.965134827687448
3534708,SP,77.0,1,historico,66.4056782211792
3534757,SP,11.0,1,historico,4.173339474408499
3534807,SP,3.0,1,historico,2.3011120129841327
3534906,SP,6.0,1,historico,5.203787203971872
3535002,SP,10.0,1,historico,4.687438313891301
3535101,SP,1.0,1,historico,3.5319861974419164
3535200,SP,6.0,1,historico,3.77435464687185
3535309,SP,18.0,1,historico,9.05604171871048
3535408,SP,5.0,1,historico,6.649210495643655
3535507,SP,20.0,1,historico,20.215368240839634
3535606,SP,10.0,1,historico,7.46833652407229
3535705,SP,5.0,1,historico,2.512120750679216
3535804,SP,11.0,1,historico,7.4599798546091325
3535903,SP,2.0,1,historico,1.3966563259353246
3536000,SP,9.0,1,historico,3.5468950063865834
3536109,SP,1.0,1,historico,2.1987820450055198
3536208,SP,15.0,1,historico,7.096726633052498
3536257,SP,1.0,1,historico,0.5370052440331184
3536307,SP,2.0,1,historico,5.56377886313409
3536406,SP,1.0,1,historico,2.5542967757608928
3536505,SP,127.0,1,historico,63.24815273784764
3536570,SP,1.0,1,historico,0.5557347627520401
3536604,SP,5.0,1,historico,3.1256275705677163
3536703,SP,21.0,1,historico,22.726904969517868
3536802,SP,2.0,1,historico,1.744411010759692
3536901,SP,1.0,1,historico,0.7570717647553206
3537008,SP,2.0,1,historico,7.6064790413460655
3537107,SP,36.0,1,historico,23.440533844605852
3537156,SP,4.0,1,historico,1.5669865816569688
3537206,SP,8.0,1,historico,2.627786979414629
3537305,SP,37.0,1,historico,34.78904731070434
3537404,SP,18.0,1,historico,14.43033022911261
3537503,SP,1.0,1,historico,3.1041790337920947
3537602,SP,43.0,1,historico,30.102273551296477
3537701,SP,1.0,1,historico,2.118045260751009
3537800,SP,22.0,1,historico,21.98744542712219
3537909,SP,12.0,1,historico,8.425413731857411
3538006,SP,98.0,1,historico,116.73224351137733
3538105,SP,2.0,1,historico,6.825215597621301
3538204,SP,12.0,1,historico,5.680300100720167
3538303,SP,1.0,1,historico,1.1358018634508358
3538501,SP,9.0,1,historico,5.964485501771717
3538600,SP,21.0,1,historico,13.888162022856548
3538709,SP,355.0,1,historico,314.9484323028397
3538808,SP,17.0,1,historico,14.368113524352236
3538907,SP,15.0,1,historico,12.462404633187981
3539004,SP,7.0,1,historico,4.759224594698204
3539103,SP,16.0,1,historico,6.839715595299071
3539202,SP,14.0,1,historico,19.168616338766057
3539301,SP,68.0,1,historico,49.4696860612984
3539400,SP,8.0,1,historico,7.862174909386524
3539509,SP,16.0,1,historico,14.365139628002112
3539608,SP,1.0,1,historico,1.58661014217136
3539707,SP,0.0,1,historico,1.2322948579611401
3539806,SP,78.0,1,historico,54.47945414312113
3539905,SP,4.0,1,historico,2.364890675751039
3540002,SP,17.0,1,historico,14.211896310337709
3540101,SP,4.0,1,historico,1.2106169890670075
3540200,SP,12.0,1,historico,17.736685051406308
3540259,SP,2.0,1,historico,1.023625666026339
3540309,SP,1.0,1,historico,0.7677071708459094
3540408,SP,1.0,1,historico,1.2321493332584383
3540507,SP,2.0,1,historico,3.0468424457328096
3540606,SP,21.0,1,historico,21.714857890078854
3540705,SP,26.0,1,historico,22.734962922428195
3540754,SP,2.0,1,historico,4.2217352265715915
3540804,SP,8.0,1,historico,6.533837562283327
3540853,SP,0.0,1,historico,0.6935397475676602
3540903,SP,10.0,1,historico,8.351559048647475
3541000,SP,294.0,1,historico,132.89223479204153
3541059,SP,0.0,1,historico,1.486451098780414
3541109,SP,2.0,1,historico,1.3224190148994257
3541208,SP,5.0,1,historico,5.717957120302481
3541307,SP,23.0,1,historico,20.02668021972206
3541406,SP,155.0,1,historico,141.69571637894393
3541505,SP,22.0,1,historico,21.302795404092876
3541604,SP,31.0,1,historico,16.752856465381917
3541653,SP,3.0,1,historico,1.0431701454683275
3541703,SP,12.0,1,historico,5.222061984754483
3541802,SP,1.0,1,historico,1.1514288065060563
3541901,SP,2.0,1,historico,3.8184794062769063
3542008,SP,4.0,1,historico,2.147590180590123
3542107,SP,0.0,1,historico,3.473572797749005
3542206,SP,21.0,1,historico,14.872587962819738
3542305,SP,1.0,1,historico,0.8711687834652505
3542404,SP,12.0,1,historico,8.691851807333775
3542503,SP,0.0,1,historico,3.480867429454028
3542602,SP,45.0,1,historico,26.297074427025322
3542701,SP,0.0,1,historico,2.0533898299778284
3542800,SP,1.0,1,historico,0.8079423122958298
3542909,SP,7.0,1,historico,4.80027285325265
3543006,SP,2.0,1,historico,2.1938514725649068
3543105,SP,0.0,1,historico,1.5630980654841682
3543204,SP,0.0,1,historico,1.1872785991973476
3543238,SP,0.0,1,historico,0.5728227985719695
3543253,SP,0.0,1,historico,1.6463444873346125
3543303,SP,132.0,1,historico,60.70939876335184
3543402,SP,516.0,1,historico,564.5371103052106
3543501,SP,1.0,1,historico,1.2499517919094394
3543600,SP,2.0,1,historico,1.1988558412705126
3543709,SP,2.0,1,historico,3.7067702942990564
3543808,SP,2.0,1,historico,3.5520837452836957
3543907,SP,152.0,1,historico,125.62548359452025
3544004,SP,10.0,1,historico,15.011891423501808
3544103,SP,25.0,1,historico,18.960047332023024
3544202,SP,3.0,1,historico,3.4118353402749304
3544251,SP,4.0,1,historico,7.6010002162373365
3544301,SP,5.0,1,historico,3.572838955304015
3544400,SP,2.0,1,historico,0.8959755947898184
3544509,SP,1.0,1,historico,1.0621669693982823
3544608,SP,3.0,1,historico,2.0517783488930967
3544707,SP,0.0,1,historico,0.7821169628354635
3544806,SP,5.0,1,historico,2.0076314071083976
3544905,SP,6.0,1,historico,4.755955195020367
3545001,SP,10.0,1,historico,6.030230292254706
3545100,SP,2.0,1,historico,1.8089864838433245
3545159,SP,5.0,1,historico,4.451794018101672
3545209,SP,88.0,1,historico,63.9404246070857
3545308,SP,12.0,1,historico,16.4445132745906
3545407,SP,1.0,1,historico,2.3174159103304257
3545506,SP,0.0,1,historico,1.4248432965522109
3545605,SP,15.0,1,historico,7.2967548493257555
3545704,SP,7.0,1,historico,2.0922453844098943
3545803,SP,122.0,1,historico,96.79015079989678
3546009,SP,9.0,1,historico,5.906917546641581
3546108,SP,1.0,1,historico,0.5755195849307542
3546207,SP,4.0,1,historico,2.3814857869414254
3546256,SP,0.0,1,historico,0.592280068982272
3546306,SP,9.0,1,historico,15.054531857046555
3546405,SP,34.0,1,historico,21.16601020400714
3546504,SP,2.0,1,historico,1.941212011907613
3546603,SP,0.0,1,historico,16.301264800859062
3546702,SP,11.0,1,historico,12.162081942706134
3546801,SP,35.0,1,historico,23.026710108291596
3546900,SP,3.0,1,historico,2.9133708775914595
3547007,SP,2.0,1,historico,1.7797653243934264
3547106,SP,2.0,1,historico,0.9557415595466223
3547205,SP,0.0,1,historico,0.5641645866305246
3547304,SP,227.0,1,historico,106.86806934802465
3547403,SP,3.0,1,historico,0.6781544970031689
3547502,SP,18.0,1,historico,15.555611421138371
3547601,SP,13.0,1,historico,13.442690723360696
3547650,SP,1.0,1,historico,0.5263869202875944
3547700,SP,17.0,1,historico,10.52264880660681
3547809,SP,869.0,1,historico,543.0722529077696
3547908,SP,0.0,1,historico,1.9621321784597177
3548005,SP,20.0,1,historico,7.098025027916085
3548054,SP,0.0,1,historico,3.3919544755623448
3548104,SP,4.0,1,historico,2.0434396220843993
3548203,SP,2.0,1,historico,2.7818967217091464
3548302,SP,1.0,1,historico,0.8062589756711445
3548401,SP,0.0,1,historico,1.2969525292244826
3548500,SP,690.0,1,historico,399.8415916542855
3548609,SP,7.0,1,historico,4.132391933432694
3548708,SP,957.0,1,historico,812.9885167877202
3548807,SP,203.0,1,historico,134.3188618697548
3548906,SP,229.0,1,historico,141.9111310639679
3549003,SP,2.0,1,historico,0.8960140337850208
3549102,SP,79.0,1,historico,52.11550228356767
3549201,SP,0.0,1,historico,0.7852930828334895
3549250,SP,3.0,1,historico,0.5791574269882188
3549300,SP,0.0,1,historico,0.6400634184393238
3549409,SP,33.0,1,historico,20.912929748755015
3549508,SP,3.0,1,historico,2.5813020868637895
3549607,SP,3.0,1,historico,0.899231969046567
3549706,SP,43.0,1,historico,27.365005660359238
3549805,SP,328.0,1,historico,308.5323265032242
3549904,SP,666.0,1,historico,719.9426577852342
3549953,SP,12.0,1,historico,6.240857572958094
3550001,SP,3.0,1,historico,3.6518120252524318
3550100,SP,22.0,1,historico,16.542926110304446
3550209,SP,13.0,1,historico,12.518875542351406
3550308,SP,15284.0,1,historico,11838.399354883948
3550407,SP,12.0,1,historico,15.888064297687508
3550506,SP,5.0,1,historico,2.0263885063968647
3550605,SP,75.0,1,historico,47.41536512216295
3550704,SP,56.0,1,historico,48.22272655823625
3550803,SP,4.0,1,historico,3.691998717772206
3550902,SP,10.0,1,historico,6.51629572778314
3551009,SP,165.0,1,historico,173.1615949837401
3551108,SP,2.0,1,historico,3.757592109721682
3551207,SP,1.0,1,historico,0.9347291376266001
3551306,SP,0.0,1,historico,1.3275635025433674
3551405,SP,1.0,1,historico,4.289560427664073
3551504,SP,13.0,1,historico,15.579203081245089
3551603,SP,12.0,1,historico,16.93004331842491
3551702,SP,60.0,1,historico,55.96342956651862
3551801,SP,4.0,1,historico,2.86239463945414
3551900,SP,5.0,1,historico,6.262242245391204
3552007,SP,3.0,1,historico,1.3530454056023207
3552106,SP,19.0,1,historico,16.289235581089013
3552205,SP,589.0,1,historico,512.619762470635
3552304,SP,5.0,1,historico,2.756225933812728
3552403,SP,178.0,1,historico,123.14697676106002
3552502,SP,222.0,1,historico,157.52339821867838
3552551,SP,1.0,1,historico,1.0475618546758578
3552601,SP,12.0,1,historico,4.283342727271196
3552700,SP,5.0,1,historico,5.0486163199775165
3552809,SP,1.0,1,historico,130.20086827569156
3552908,SP,2.0,1,historico,2.1424221464725233
3553005,SP,10.0,1,historico,4.371761699287111
3553104,SP,1.0,1,historico,2.0416156745772245
3553203,SP,5.0,1,historico,2.11348056042585
3553302,SP,19.0,1,historico,8.91727508884863
3553401,SP,11.0,1,historico,11.000024734283322
3553500,SP,2.0,1,historico,1.9486456789293916
3553609,SP,12.0,1,historico,5.052693089236141
3553658,SP,0.0,1,historico,1.0508515424052103
3553708,SP,35.0,1,historico,23.264630464843712
3553807,SP,15.0,1,historico,7.778785367323519
3553856,SP,3.0,1,historico,1.1804178911764047
3553906,SP,5.0,1,historico,2.337925705764786
3553955,SP,9.0,1,historico,5.709873187767574
3554003,SP,71.0,1,historico,55.460545242168536
3554102,SP,257.0,1,historico,252.81204892333218
3554201,SP,3.0,1,historico,1.2597723677500707
3554300,SP,14.0,1,historico,11.406203484161873
3554409,SP,2.0,1,historico,3.818809539914961
3554508,SP,35.0,1,historico,21.894394989045626
3554607,SP,3.0,1,historico,0.8597922326586664
3554656,SP,0.0,1,historico,0.7361099695414434
3554706,SP,6.0,1,historico,3.908169069194933
3554755,SP,1.0,1,historico,0.42372759462130033
3554805,SP,38.0,1,historico,28.820355253324543
3554904,SP,39.0,1,historico,1.9740701920301331
3554953,SP,1.0,1,historico,2.4714948551363145
3555000,SP,52.0,1,historico,34.69037067812035
3555109,SP,6.0,1,historico,8.954763321111372
3555208,SP,0.0,1,historico,0.5319957359812453
3555307,SP,1.0,1,historico,0.4654249091759052
3555356,SP,0.0,1,historico,2.0090628802213177
3555406,SP,72.0,1,historico,30.24556915668463
3555505,SP,1.0,1,historico,1.5019767212982917
3555604,SP,3.0,1,historico,3.5626461462024985
3555703,SP,0.0,1,historico,0.5154918682648842
3555802,SP,4.0,1,historico,3.473197451497431
3555901,SP,0.0,1,historico,0.3136390197222033
3556008,SP,10.0,1,historico,5.463046902672173
3556107,SP,3.0,1,historico,4.715521609489416
3556206,SP,180.0,1,historico,104.6243276271494
3556305,SP,8.0,1,historico,10.113293245648432
3556354,SP,1.0,1,historico,2.270856299368862
3556404,SP,12.0,1,historico,16.01194856302894
3556453,SP,43.0,1,historico,31.98990983271825
3556503,SP,75.0,1,historico,54.83888485118784
3556602,SP,9.0,1,historico,4.222047603633905
3556701,SP,87.0,1,historico,60.92448377825083
3556800,SP,18.0,1,historico,7.92357816298878
3556909,SP,3.0,1,historico,3.1909523559651802
3556958,SP,0.0,1,historico,0.5432888473256076
3557006,SP,102.0,1,historico,56.35509033054896
3557105,SP,63.0,1,historico,54.79840372128341
3557154,SP,2.0,1,historico,0.7385779591865055
3557204,SP,14.0,1,historico,5.391958039936741
3557303,SP,7.0,1,historico,4.235285332454052
5000203,MS,2.0,1,historico,5.265040481820805
5000252,MS,6.0,1,historico,1.773942385905058
5000609,MS,6.0,1,historico,10.955517624427806
5000708,MS,2.0,1,historico,7.018305015118534
5000807,MS,1.0,1,historico,2.5067911361243356
5000856,MS,1.0,1,historico,3.374954527480051
5000906,MS,0.0,1,historico,1.6183750902699687
5001003,MS,8.0,1,historico,7.999751610263535
5001102,MS,3.0,1,historico,15.04145566327893
5001243,MS,0.0,1,historico,2.448811406836723
5001508,MS,1.0,1,historico,2.127621046779283
5001904,MS,5.0,1,historico,9.085086619309955
5002001,MS,3.0,1,historico,3.2332852366691465
5002100,MS,3.0,1,historico,5.427520810136919
5002159,MS,2.0,1,historico,2.0646012882467937
5002209,MS,8.0,1,historico,6.5886776178741675
5002308,MS,1.0,1,historico,4.0073866997739165
5002407,MS,4.0,1,historico,9.1579766785084
5002605,MS,6.0,1,historico,4.384150905284129
5002704,MS,313.0,1,historico,432.54372716314475
5002803,MS,1.0,1,historico,1.2420929349297387
5002902,MS,5.0,1,historico,10.062822413815148
5002951,MS,14.0,1,historico,13.802211976204031
5003108,MS,2.0,1,historico,1.5601782904522419
5003157,MS,1.0,1,historico,1.942433274639267
5003207,MS,27.0,1,historico,33.84347882665669
5003256,MS,12.0,1,historico,8.114797027677099
5003306,MS,11.0,1,historico,11.396788130183868
5003454,MS,2.0,1,historico,3.884002354074302
5003488,MS,3.0,1,historico,1.8269286713110648
5003504,MS,0.0,1,historico,1.2234402052065156
5003702,MS,63.0,1,historico,95.4816979784822
5003751,MS,1.0,1,historico,3.67946627794558
5003801,MS,4.0,1,historico,8.050208887783521
5003900,MS,0.0,1,historico,0.7129526619248633
5004007,MS,1.0,1,historico,3.592498156461359
5004106,MS,1.0,1,historico,2.621418671620062
5004304,MS,0.0,1,historico,4.289667991755338
5004403,MS,1.0,1,historico,2.2829978979805623
5004502,MS,3.0,1,historico,5.589273912058144
5004601,MS,2.0,1,historico,3.6183821882779448
5004700,MS,3.0,1,historico,9.574428358027713
5004809,MS,0.0,1,historico,0.3238998105105144
5004908,MS,2.0,1,historico,1.83763034609755
5005004,MS,4.0,1,historico,10.391539027907957
5005103,MS,0.0,1,historico,1.0544287788352344
5005152,MS,4.0,1,historico,1.1004561019856742
5005202,MS,4.0,1,historico,7.5235930265292374
5005251,MS,0.0,1,historico,2.2742334552796795
5005400,MS,13.0,1,historico,21.954024839062928
5005608,MS,4.0,1,historico,5.194468328951457
5005681,MS,3.0,1,historico,6.006828385904958
5005707,MS,8.0,1,historico,17.486948955318184
5005806,MS,0.0,1,historico,2.1136890644307886
5006002,MS,3.0,1,historico,6.118126145800638
5006200,MS,11.0,1,historico,20.930501292083523
5006259,MS,0.0,1,historico,0.8044491001357058
5006309,MS,15.0,1,historico,17.85368017127038
5006358,MS,1.0,1,historico,0.7373158254432294
5006408,MS,1.0,1,historico,2.2121233160851133
5006606,MS,19.0,1,historico,20.812829001593713
5006903,MS,1.0,1,historico,3.1458402533299727
5007109,MS,1.0,1,historico,7.018539965708076
5007208,MS,12.0,1,historico,17.122235831153834
5007307,MS,0.0,1,historico,1.530210109362414
5007406,MS,0.0,1,historico,6.253517975425468
5007505,MS,0.0,1,historico,1.0885271078389345
5007554,MS,0.0,1,historico,1.9316811999880443
5007695,MS,7.0,1,historico,13.933616173380363
5007703,MS,0.0,1,historico,1.7309629062609255
5007802,MS,0.0,1,historico,1.9812579494084055
5007901,MS,11.0,1,historico,16.20620367423489
5007935,MS,2.0,1,historico,6.451349498036557
5007950,MS,1.0,1,historico,1.0389401774832894
5007976,MS,0.0,1,historico,0.7625411560320156
5008008,MS,1.0,1,historico,4.75496099246306
5008305,MS,41.0,1,historico,66.40478684004052
5008404,MS,1.0,1,historico,2.0119090275737994
1200013,AC,0.0,1,retrospectivo_completo,0.21373819710124015
1200054,AC,0.0,1,retrospectivo_completo,0.04684952790623528
1200104,AC,1.0,1,retrospectivo_completo,0.44999396809516745
1200138,AC,0.0,1,retrospectivo_completo,0.10991113964994693
1200179,AC,0.0,1,retrospectivo_completo,0.058380215078900836
1200203,AC,3.0,1,retrospectivo_completo,3.266204997533485
1200252,AC,1.0,1,retrospectivo_completo,0.6813298970442153
1200302,AC,0.0,1,retrospectivo_completo,0.12637507002291717
1200328,AC,0.0,1,retrospectivo_completo,0.03346068785991671
1200336,AC,0.0,1,retrospectivo_completo,0.2351457868699999
1200344,AC,1.0,1,retrospectivo_completo,0.08456982707395401
1200351,AC,0.0,1,retrospectivo_completo,0.06062541045098318
1200385,AC,0.0,1,retrospectivo_completo,0.22683337660462977
1200393,AC,0.0,1,retrospectivo_completo,0.042175788168249184
1200401,AC,69.0,1,retrospectivo_completo,35.653880474646236
1200427,AC,0.0,1,retrospectivo_completo,0.0827455040158983
1200435,AC,0.0,1,retrospectivo_completo,0.025906529345471378
1200450,AC,2.0,1,retrospectivo_completo,0.707667823203963
1200500,AC,0.0,1,retrospectivo_completo,0.634109532179244
1200609,AC,0.0,1,retrospectivo_completo,0.14684799982140936
1200708,AC,2.0,1,retrospectivo_completo,0.28902739982545905
1200807,AC,1.0,1,retrospectivo_completo,0.13270349886488403
1500107,PA,11.0,1,retrospectivo_completo,2.8960125936294348
1500131,PA,1.0,1,retrospectivo_completo,0.49021485535577725
1500206,PA,0.0,1,retrospectivo_completo,2.840816286335369
1500305,PA,0.0,1,retrospectivo_completo,0.14050360723212432
1500347,PA,0.0,1,retrospectivo_completo,1.7275832177910566
1500404,PA,0.0,1,retrospectivo_completo,0.50346226488526
1500503,PA,3.0,1,retrospectivo_completo,1.0977648613304087
1500602,PA,25.0,1,retrospectivo_completo,12.251776509527655
1500701,PA,0.0,1,retrospectivo_completo,0.11479879954732249
1500800,PA,84.0,1,retrospectivo_completo,63.899346573061564
1500859,PA,0.0,1,retrospectivo_completo,1.3280185220859613
1500909,PA,3.0,1,retrospectivo_completo,0.4692735317943541
1500958,PA,1.0,1,retrospectivo_completo,1.1414840726016278
1501006,PA,0.0,1,retrospectivo_completo,0.2813683663971966
1501105,PA,0.0,1,retrospectivo_completo,0.42114674340314373
1501204,PA,0.0,1,retrospectivo_completo,2.449473187390094
1501253,PA,0.0,1,retrospectivo_completo,0.30261918355275874
1501303,PA,11.0,1,retrospectivo_completo,4.692590612779104
1501402,PA,428.0,1,retrospectivo_completo,264.34635797046064
1501451,PA,0.0,1,retrospectivo_completo,0.7516094770866385
1501501,PA,2.0,1,retrospectivo_completo,2.578852519297838
1501576,PA,3.0,1,retrospectivo_completo,1.0425856308629817
1501600,PA,2.0,1,retrospectivo_completo,0.20178195131849605
1501709,PA,9.0,1,retrospectivo_completo,1.8861389100390191
1501725,PA,3.0,1,retrospectivo_completo,1.1291100979871502
1501758,PA,0.0,1,retrospectivo_completo,0.5216753931543071
1501782,PA,3.0,1,retrospectivo_completo,3.8933500544849995
1501808,PA,1.0,1,retrospectivo_completo,0.36830477447754745
1501907,PA,0.0,1,retrospectivo_completo,0.3061217761230128
1501956,PA,0.0,1,retrospectivo_completo,0.8332348623007962
1502004,PA,0.0,1,retrospectivo_completo,0.2633599557290294
1502103,PA,4.0,1,retrospectivo_completo,7.194348281335594
1502152,PA,9.0,1,retrospectivo_completo,6.8653044799105505
1502202,PA,3.0,1,retrospectivo_completo,2.6686409054681053
1502301,PA,3.0,1,retrospectivo_completo,2.836020640455235
1502400,PA,21.0,1,retrospectivo_completo,12.408276354918778
1502509,PA,0.0,1,retrospectivo_completo,0.09080428777329788
1502608,PA,0.0,1,retrospectivo_completo,0.22150782624432905
1502707,PA,7.0,1,retrospectivo_completo,5.681008958837975
1502756,PA,3.0,1,retrospectivo_completo,2.0993085530995597
1502764,PA,0.0,1,retrospectivo_completo,1.3626979562518848
1502772,PA,0.0,1,retrospectivo_completo,1.6571136191255014
1502806,PA,1.0,1,retrospectivo_completo,0.15767488126781917
1502855,PA,0.0,1,retrospectivo_completo,0.21626996933694118
1502905,PA,3.0,1,retrospectivo_completo,0.6458456341749785
1502939,PA,5.0,1,retrospectivo_completo,4.5966259625499175
1502954,PA,0.0,1,retrospectivo_completo,1.9337864649902188
1503002,PA,0.0,1,retrospectivo_completo,0.04543904379675443
1503044,PA,1.0,1,retrospectivo_completo,1.2754326122931856
1503077,PA,3.0,1,retrospectivo_completo,1.2076573035487477
1503093,PA,3.0,1,retrospectivo_completo,2.136957262305951
1503101,PA,0.0,1,retrospectivo_completo,0.14145251767840988
1503200,PA,1.0,1,retrospectivo_completo,0.7039048692114751
1503309,PA,1.0,1,retrospectivo_completo,1.6239865226224384
1503408,PA,0.0,1,retrospectivo_completo,0.15563020808690792
1503457,PA,2.0,1,retrospectivo_completo,2.542566570051079
1503507,PA,0.0,1,retrospectivo_completo,1.7108833648586135
1503606,PA,3.0,1,retrospectivo_completo,8.950583457594686
1503705,PA,1.0,1,retrospectivo_completo,2.1285675879541905
1503754,PA,1.0,1,retrospectivo_completo,0.3568803711015251
1503804,PA,6.0,1,retrospectivo_completo,4.97229571482513
1503903,PA,1.0,1,retrospectivo_completo,0.7439323808541881
1504000,PA,0.0,1,retrospectivo_completo,0.3295586724634393
1504059,PA,2.0,1,retrospectivo_completo,1.8843179852362335
1504109,PA,0.0,1,retrospectivo_completo,0.16546643587742463
1504208,PA,23.0,1,retrospectivo_completo,33.80597801147182
1504307,PA,0.0,1,retrospectivo_completo,0.42842269011717965
1504406,PA,0.0,1,retrospectivo_completo,0.6366741295269039
1504422,PA,14.0,1,retrospectivo_completo,7.712705268414927
1504455,PA,1.0,1,retrospectivo_completo,1.8056582882079377
1504505,PA,0.0,1,retrospectivo_completo,0.1096781056372143
1504604,PA,1.0,1,retrospectivo_completo,1.4316976984897454
1504703,PA,9.0,1,retrospectivo_completo,4.31132426750166
1504802,PA,1.0,1,retrospectivo_completo,0.79901535754924
1504901,PA,0.0,1,retrospectivo_completo,0.4108748306068686
1504950,PA,1.0,1,retrospectivo_completo,0.5633830594852568
1504976,PA,1.0,1,retrospectivo_completo,1.0647361264419846
1505007,PA,1.0,1,retrospectivo_completo,0.35770823751599146
1505031,PA,4.0,1,retrospectivo_completo,3.466239018643737
1505064,PA,2.0,1,retrospectivo_completo,4.161564020165288
1505106,PA,0.0,1,retrospectivo_completo,0.6295033294879507
1505205,PA,2.0,1,retrospectivo_completo,0.3201129246659464
1505304,PA,0.0,1,retrospectivo_completo,1.240839181504114
1505403,PA,1.0,1,retrospectivo_completo,0.2301958338707259
1505437,PA,5.0,1,retrospectivo_completo,3.0997128946663977
1505486,PA,6.0,1,retrospectivo_completo,1.9051352661977528
1505494,PA,0.0,1,retrospectivo_completo,0.5462597471022596
1505502,PA,18.0,1,retrospectivo_completo,12.61552452230306
1505536,PA,27.0,1,retrospectivo_completo,35.55377681409514
1505551,PA,1.0,1,retrospectivo_completo,0.37561970715762943
1505601,PA,0.0,1,retrospectivo_completo,0.13240986839250762
1505635,PA,1.0,1,retrospectivo_completo,0.7674562534479805
1505650,PA,2.0,1,retrospectivo_completo,1.2212892698296025
1505700,PA,0.0,1,retrospectivo_completo,0.3935811252677337
1505809,PA,0.0,1,retrospectivo_completo,1.1539150746805276
1505908,PA,0.0,1,retrospectivo_completo,0.428936200409239
1506005,PA,0.0,1,retrospectivo_completo,0.2330022374373447
1506104,PA,0.0,1,retrospectivo_completo,0.17390755902167418
1506112,PA,0.0,1,retrospectivo_completo,0.19023723615826565
1506138,PA,12.0,1,retrospectivo_completo,12.74826341116959
1506161,PA,3.0,1,retrospectivo_completo,2.0952181469483264
1506187,PA,8.0,1,retrospectivo_completo,3.6576313757104484
1506195,PA,0.0,1,retrospectivo_completo,2.867375320171696
1506203,PA,0.0,1,retrospectivo_completo,1.05483457550934
1506302,PA,0.0,1,retrospectivo_completo,0.3359410821723944
1506351,PA,1.0,1,retrospectivo_completo,0.38223114152045756
1506401,PA,0.0,1,retrospectivo_completo,0.1311500278834768
1506500,PA,6.0,1,retrospectivo_completo,2.585051420941198
1506559,PA,0.0,1,retrospectivo_completo,0.9670123737865328
1506583,PA,0.0,1,retrospectivo_completo,1.4719955682305126
1506609,PA,2.0,1,retrospectivo_completo,0.41473399534563105
1506708,PA,2.0,1,retrospectivo_completo,5.110015649409745
1506807,PA,42.0,1,retrospectivo_completo,18.678546879464992
1506906,PA,0.0,1,retrospectivo_completo,0.14297349090914302
1507003,PA,1.0,1,retrospectivo_completo,0.9719153501446114
1507102,PA,0.0,1,retrospectivo_completo,0.32069238689970897
1507151,PA,1.0,1,retrospectivo_completo,1.8712059055160128
1507201,PA,0.0,1,retrospectivo_completo,0.6928441365082472
1507300,PA,8.0,1,retrospectivo_completo,9.4139517977929
1507409,PA,0.0,1,retrospectivo_completo,0.3616335853442417
1507458,PA,0.0,1,retrospectivo_completo,1.7625144630518714
1507466,PA,0.0,1,retrospectivo_completo,0.10228270105317927
1507474,PA,2.0,1,retrospectivo_completo,0.34589967467325844
1507508,PA,0.0,1,retrospectivo_completo,0.6668637295537214
1507607,PA,5.0,1,retrospectivo_completo,0.888154981619768
1507706,PA,2.0,1,retrospectivo_completo,0.3174644613411008
1507755,PA,0.0,1,retrospectivo_completo,0.44940211060970336
1507805,PA,1.0,1,retrospectivo_completo,0.4475759220527516
1507904,PA,0.0,1,retrospectivo_completo,0.48089183587889545
1507953,PA,4.0,1,retrospectivo_completo,5.346340008334032
1507961,PA,0.0,1,retrospectivo_completo,0.2301910805870908
1507979,PA,0.0,1,retrospectivo_completo,0.5017717639030803
1508001,PA,1.0,1,retrospectivo_completo,3.804018634405906
1508035,PA,1.0,1,retrospectivo_completo,0.3850929966646512
1508050,PA,0.0,1,retrospectivo_completo,1.029802085095563
1508084,PA,3.0,1,retrospectivo_completo,4.667566079373517
1508100,PA,19.0,1,retrospectivo_completo,12.316777429164702
1508126,PA,1.0,1,retrospectivo_completo,5.564856943785597
1508159,PA,6.0,1,retrospectivo_completo,3.151421894826527
1508209,PA,2.0,1,retrospectivo_completo,1.3244347462714166
1508308,PA,1.0,1,retrospectivo_completo,0.9727517936273277
1508357,PA,0.0,1,retrospectivo_completo,1.0594848414928169
1508407,PA,9.0,1,retrospectivo_completo,5.473605437621704
2500106,PB,2.0,1,retrospectivo_completo,0.6601013830133187
2500205,PB,0.0,1,retrospectivo_completo,0.5445451825418736
2500304,PB,1.0,1,retrospectivo_completo,2.319727063360502
2500403,PB,1.0,1,retrospectivo_completo,1.610756562005157
2500502,PB,2.0,1,retrospectivo_completo,1.0284747271661188
2500536,PB,0.0,1,retrospectivo_completo,0.38796855148208287
2500577,PB,0.0,1,retrospectivo_completo,0.12774102655829475
2500601,PB,2.0,1,retrospectivo_completo,1.0752822332341134
2500700,PB,0.0,1,retrospectivo_completo,1.7440763820662788
2500734,PB,0.0,1,retrospectivo_completo,0.1206003834431415
2500775,PB,0.0,1,retrospectivo_completo,0.7039756848878393
2500809,PB,0.0,1,retrospectivo_completo,0.9174275063156309
2500908,PB,1.0,1,retrospectivo_completo,1.0638261638315964
2501005,PB,1.0,1,retrospectivo_completo,1.6075271929091062
2501104,PB,2.0,1,retrospectivo_completo,1.8990255192063332
2501153,PB,0.0,1,retrospectivo_completo,0.1869552708052292
2501203,PB,1.0,1,retrospectivo_completo,0.6942733355099164
2501302,PB,1.0,1,retrospectivo_completo,0.9014563048139611
2501351,PB,1.0,1,retrospectivo_completo,0.34809073719961675
2501401,PB,0.0,1,retrospectivo_completo,0.4293308584521733
2501500,PB,5.0,1,retrospectivo_completo,1.772769785602999
2501534,PB,0.0,1,retrospectivo_completo,0.3385047927370535
2501575,PB,0.0,1,retrospectivo_completo,0.5074736163301568
2501609,PB,1.0,1,retrospectivo_completo,0.9369626625716341
2501708,PB,0.0,1,retrospectivo_completo,0.4889614236155339
2501807,PB,6.0,1,retrospectivo_completo,9.651088492430222
2501906,PB,1.0,1,retrospectivo_completo,1.3968177473690773
2502003,PB,0.0,1,retrospectivo_completo,0.5544614096351672
2502052,PB,0.0,1,retrospectivo_completo,0.17762622802789013
2502102,PB,0.0,1,retrospectivo_completo,0.45836843202791744
2502151,PB,0.0,1,retrospectivo_completo,0.7695182726889482
2502201,PB,0.0,1,retrospectivo_completo,0.20070867752278723
2502300,PB,0.0,1,retrospectivo_completo,0.4682132757564088
2502409,PB,1.0,1,retrospectivo_completo,0.9095043785274084
2502508,PB,0.0,1,retrospectivo_completo,1.6535568279422201
2502607,PB,0.0,1,retrospectivo_completo,0.6079256831303109
2502706,PB,0.0,1,retrospectivo_completo,0.2974819549273357
2502805,PB,1.0,1,retrospectivo_completo,1.0551597946081273
2502904,PB,1.0,1,retrospectivo_completo,0.6689296244352169
2503001,PB,0.0,1,retrospectivo_completo,1.6234102595352
2503100,PB,0.0,1,retrospectivo_completo,0.5715426494926915
2503209,PB,5.0,1,retrospectivo_completo,15.79209250969854
2503308,PB,0.0,1,retrospectivo_completo,0.8591735645324661
2503407,PB,0.0,1,retrospectivo_completo,0.3553362125558692
2503506,PB,0.0,1,retrospectivo_completo,1.288023190179434
2503555,PB,0.0,1,retrospectivo_completo,0.2587062145476506
2503605,PB,0.0,1,retrospectivo_completo,0.475344334898697
2503704,PB,11.0,1,retrospectivo_completo,14.228125353507254
2503753,PB,0.0,1,retrospectivo_completo,0.16893117195487356
2503803,PB,1.0,1,retrospectivo_completo,0.41717405068463953
2503902,PB,0.0,1,retrospectivo_completo,0.48993729374537254
2504009,PB,67.0,1,retrospectivo_completo,84.59207954326074
2504033,PB,0.0,1,retrospectivo_completo,0.2677939550288763
2504074,PB,0.0,1,retrospectivo_completo,0.3282108195057343
2504108,PB,0.0,1,retrospectivo_completo,0.17394655054322247
2504157,PB,0.0,1,retrospectivo_completo,0.2428540630457162
2504207,PB,0.0,1,retrospectivo_completo,0.41606045148287474
2504306,PB,6.0,1,retrospectivo_completo,3.5267246958956697
2504355,PB,0.0,1,retrospectivo_completo,0.5195782456609943
2504405,PB,2.0,1,retrospectivo_completo,1.7052376924383592
2504504,PB,0.0,1,retrospectivo_completo,0.6115800129570632
2504603,PB,0.0,1,retrospectivo_completo,1.9046552892322928
2504702,PB,0.0,1,retrospectivo_completo,0.4446816639030789
2504801,PB,3.0,1,retrospectivo_completo,1.3146233173522757
2504850,PB,0.0,1,retrospectivo_completo,0.1985024958247381
2504900,PB,0.0,1,retrospectivo_completo,0.7060872897786601
2505006,PB,2.0,1,retrospectivo_completo,0.5447236149363908
2505105,PB,3.0,1,retrospectivo_completo,1.6503602926961831
2505204,PB,0.0,1,retrospectivo_completo,0.4272094828572563
2505238,PB,0.0,1,retrospectivo_completo,0.31733370536746974
2505279,PB,1.0,1,retrospectivo_completo,0.32212840017092165
2505303,PB,0.0,1,retrospectivo_completo,0.2203873034011216
2505352,PB,0.0,1,retrospectivo_completo,0.16842392386550764
2505402,PB,1.0,1,retrospectivo_completo,0.6873357403735406
2505501,PB,0.0,1,retrospectivo_completo,0.2602375692577137
2505600,PB,0.0,1,retrospectivo_completo,0.6022927566564082
2505709,PB,0.0,1,retrospectivo_completo,0.5713513497885488
2505808,PB,0.0,1,retrospectivo_completo,0.33614635970965434
2505907,PB,0.0,1,retrospectivo_completo,0.29669680760861644
2506004,PB,6.0,1,retrospectivo_completo,3.4765224822557657
2506103,PB,1.0,1,retrospectivo_completo,0.6969469195769584
2506202,PB,2.0,1,retrospectivo_completo,0.2662611125543792
2506251,PB,0.0,1,retrospectivo_completo,0.2933981201352719
2506301,PB,10.0,1,retrospectivo_completo,7.7231696969599195
2506400,PB,0.0,1,retrospectivo_completo,0.7508181558367165
2506509,PB,0.0,1,retrospectivo_completo,0.34194780191141805
2506608,PB,1.0,1,retrospectivo_completo,0.50796647381278
2506707,PB,3.0,1,retrospectivo_completo,0.6169950276362691
2506806,PB,1.0,1,retrospectivo_completo,1.5071479439730953
2506905,PB,0.0,1,retrospectivo_completo,2.5078430093766393
2507002,PB,2.0,1,retrospectivo_completo,2.565786860403286
2507101,PB,0.0,1,retrospectivo_completo,1.0237134224553137
2507200,PB,0.0,1,retrospectivo_completo,0.8696110123396159
2507309,PB,0.0,1,retrospectivo_completo,1.1451118423094853
2507408,PB,1.0,1,retrospectivo_completo,0.7190371158051427
2507507,PB,245.0,1,retrospectivo_completo,193.01342375372636
2507606,PB,0.0,1,retrospectivo_completo,0.46512398007441574
2507705,PB,0.0,1,retrospectivo_completo,1.291421954348996
2507804,PB,2.0,1,retrospectivo_completo,0.7469377302080952
2507903,PB,1.0,1,retrospectivo_completo,0.6058617654489183
2508000,PB,1.0,1,retrospectivo_completo,0.786601644855803
2508109,PB,1.0,1,retrospectivo_completo,0.2528735022441248
2508208,PB,0.0,1,retrospectivo_completo,0.31483745380922007
2508307,PB,0.0,1,retrospectivo_completo,3.2008057006379387
2508406,PB,0.0,1,retrospectivo_completo,0.1260026935703127
2508505,PB,0.0,1,retrospectivo_completo,0.407265969533355
2508554,PB,0.0,1,retrospectivo_completo,0.2060272636414129
2508604,PB,1.0,1,retrospectivo_completo,0.8732095623090329
2508703,PB,1.0,1,retrospectivo_completo,0.22697795445691102
2508802,PB,0.0,1,retrospectivo_completo,0.6766071398149068
2508901,PB,6.0,1,retrospectivo_completo,3.0589645847027285
2509008,PB,1.0,1,retrospectivo_completo,0.590139362770594
2509057,PB,0.0,1,retrospectivo_completo,0.3598131450284035
2509107,PB,3.0,1,retrospectivo_completo,1.5411063342264488
2509156,PB,0.0,1,retrospectivo_completo,0.6501109150835065
2509206,PB,0.0,1,retrospectivo_completo,0.9870799760673689
2509305,PB,0.0,1,retrospectivo_completo,0.40161432789914703
2509339,PB,0.0,1,retrospectivo_completo,0.20700072081924073
2509370,PB,0.0,1,retrospectivo_completo,0.23958641390508922
2509396,PB,0.0,1,retrospectivo_completo,0.35794881977210774
2509404,PB,0.0,1,retrospectivo_completo,0.750644378400009
2509503,PB,1.0,1,retrospectivo_completo,0.5068735570192339
2509602,PB,0.0,1,retrospectivo_completo,0.5621583006642432
2509701,PB,0.0,1,retrospectivo_completo,4.452368588695597
2509800,PB,0.0,1,retrospectivo_completo,0.6549615947467399
2509909,PB,0.0,1,retrospectivo_completo,0.5644789641498512
2510006,PB,0.0,1,retrospectivo_completo,0.42238078482854635
2510105,PB,1.0,1,retrospectivo_completo,0.8514216450738559
2510204,PB,0.0,1,retrospectivo_completo,0.4741290194493546
2510303,PB,0.0,1,retrospectivo_completo,0.38795896850471756
2510402,PB,0.0,1,retrospectivo_completo,0.3956087238906565
2510501,PB,0.0,1,retrospectivo_completo,0.27182923091170524
2510600,PB,0.0,1,retrospectivo_completo,0.2841537278284082
2510659,PB,0.0,1,retrospectivo_completo,0.13541064447648613
2510709,PB,1.0,1,retrospectivo_completo,0.1850157897599706
2510808,PB,16.0,1,retrospectivo_completo,23.012894633222825
2510907,PB,1.0,1,retrospectivo_completo,1.0458968258092425
2511004,PB,1.0,1,retrospectivo_completo,0.2392822662940123
2511103,PB,1.0,1,retrospectivo_completo,0.6751367676215978
2511202,PB,2.0,1,retrospectivo_completo,2.2445316026877657
2511301,PB,1.0,1,retrospectivo_completo,1.8333412202721435
2511400,PB,2.0,1,retrospectivo_completo,1.9287641621312135
2511509,PB,1.0,1,retrospectivo_completo,0.6893874668695577
2511608,PB,0.0,1,retrospectivo_completo,0.3752351224174412
2511707,PB,0.0,1,retrospectivo_completo,0.2428580892512779
2511806,PB,1.0,1,retrospectivo_completo,0.8666833349397798
2511905,PB,1.0,1,retrospectivo_completo,0.9209741875969945
2512002,PB,3.0,1,retrospectivo_completo,1.2911710319041054
2512036,PB,0.0,1,retrospectivo_completo,0.13906482350263838
2512077,PB,0.0,1,retrospectivo_completo,0.4397801485554686
2512101,PB,6.0,1,retrospectivo_completo,4.099278023133532
2512200,PB,1.0,1,retrospectivo_completo,0.3936135961185155
2512309,PB,1.0,1,retrospectivo_completo,2.2084655690848582
2512408,PB,1.0,1,retrospectivo_completo,1.244554723875146
2512507,PB,5.0,1,retrospectivo_completo,3.4759655650690178
2512606,PB,0.0,1,retrospectivo_completo,0.184708301329345
2512705,PB,1.0,1,retrospectivo_completo,1.9002304396618521
2512721,PB,0.0,1,retrospectivo_completo,0.3004947554653766
2512747,PB,0.0,1,retrospectivo_completo,0.16992149821514982
2512754,PB,0.0,1,retrospectivo_completo,0.3804050050656071
2512762,PB,0.0,1,retrospectivo_completo,0.22314489179290928
2512788,PB,1.0,1,retrospectivo_completo,0.16330359707338807
2512804,PB,0.0,1,retrospectivo_completo,0.6759770086220614
2512903,PB,2.0,1,retrospectivo_completo,1.766393490030544
2513000,PB,0.0,1,retrospectivo_completo,0.27076664638625647
2513109,PB,0.0,1,retrospectivo_completo,0.7084290489159342
2513158,PB,1.0,1,retrospectivo_completo,0.27416803796084954
2513208,PB,0.0,1,retrospectivo_completo,0.6701770382030925
2513307,PB,0.0,1,retrospectivo_completo,0.6057378500550521
2513356,PB,0.0,1,retrospectivo_completo,0.21706602621246487
2513406,PB,5.0,1,retrospectivo_completo,2.159699238493048
2513505,PB,0.0,1,retrospectivo_completo,0.1964409539382418
2513604,PB,0.0,1,retrospectivo_completo,0.6364100023484773
2513653,PB,0.0,1,retrospectivo_completo,0.2813036533645927
2513703,PB,7.0,1,retrospectivo_completo,11.008460372118678
2513802,PB,0.0,1,retrospectivo_completo,0.4868001799701079
2513851,PB,1.0,1,retrospectivo_completo,0.24748098246562
2513901,PB,3.0,1,retrospectivo_completo,2.987544024222305
2513927,PB,1.0,1,retrospectivo_completo,0.3703150655466878
2513943,PB,0.0,1,retrospectivo_completo,0.20656275963952955
2513968,PB,0.0,1,retrospectivo_completo,0.20398635181564476
2513984,PB,1.0,1,retrospectivo_completo,0.2758582037740567
2514008,PB,0.0,1,retrospectivo_completo,0.38758357229939544
2514107,PB,0.0,1,retrospectivo_completo,0.2745799573205887
2514206,PB,0.0,1,retrospectivo_completo,0.43961676621354323
2514305,PB,0.0,1,retrospectivo_completo,0.4799325839830623
2514404,PB,0.0,1,retrospectivo_completo,0.28842952354129
2514453,PB,0.0,1,retrospectivo_completo,0.2869295398743709
2514503,PB,0.0,1,retrospectivo_completo,1.819619688676607
2514552,PB,0.0,1,retrospectivo_completo,0.22709470394743222
2514602,PB,0.0,1,retrospectivo_completo,0.27037071736368745
2514651,PB,0.0,1,retrospectivo_completo,0.1009630953749842
2514701,PB,0.0,1,retrospectivo_completo,0.3912449367745527
2514800,PB,1.0,1,retrospectivo_completo,0.2197221750806729
2514909,PB,1.0,1,retrospectivo_completo,0.9208127479606181
2515005,PB,0.0,1,retrospectivo_completo,0.3391483605196721
2515104,PB,0.0,1,retrospectivo_completo,1.0086760487851263
2515203,PB,0.0,1,retrospectivo_completo,0.26421894840898497
2515302,PB,2.0,1,retrospectivo_completo,3.6972340511144175
2515401,PB,0.0,1,retrospectivo_completo,0.5497503748062464
2515500,PB,1.0,1,retrospectivo_completo,1.5828615115691806
2515609,PB,0.0,1,retrospectivo_completo,0.24047277117298346
2515708,PB,0.0,1,retrospectivo_completo,0.2352813828807413
2515807,PB,0.0,1,retrospectivo_completo,0.5843583447079003
2515906,PB,0.0,1,retrospectivo_completo,0.257917107681699
2515930,PB,0.0,1,retrospectivo_completo,0.45069882827565116
2515971,PB,0.0,1,retrospectivo_completo,0.4385615780791835
2516003,PB,1.0,1,retrospectivo_completo,2.32164630915116
2516102,PB,3.0,1,retrospectivo_completo,1.658733719798599
2516151,PB,0.0,1,retrospectivo_completo,0.23866927140645336
2516201,PB,7.0,1,retrospectivo_completo,10.975307619480986
2516300,PB,3.0,1,retrospectivo_completo,1.891887030560871
2516409,PB,0.0,1,retrospectivo_completo,0.48428241923964743
2516508,PB,0.0,1,retrospectivo_completo,1.2457274877477245
2516607,PB,0.0,1,retrospectivo_completo,1.1836965252720586
2516706,PB,1.0,1,retrospectivo_completo,1.3832333800844139
2516755,PB,0.0,1,retrospectivo_completo,0.21131337679508974
2516805,PB,1.0,1,retrospectivo_completo,0.9813084443097446
2516904,PB,1.0,1,retrospectivo_completo,1.8907962621979393
2517001,PB,0.0,1,retrospectivo_completo,0.9474603331275028
2517100,PB,1.0,1,retrospectivo_completo,0.3895420151320967
2517209,PB,0.0,1,retrospectivo_completo,0.32872109884187545
2517407,PB,0.0,1,retrospectivo_completo,0.22572085193447164
3500105,SP,35.0,1,retrospectivo_completo,32.99262798960023
3500204,SP,5.0,1,retrospectivo_completo,1.2559278508526603
3500303,SP,9.0,1,retrospectivo_completo,14.774542742709396
3500402,SP,10.0,1,retrospectivo_completo,5.841622571576167
3500501,SP,22.0,1,retrospectivo_completo,8.602568669914683
3500550,SP,3.0,1,retrospectivo_completo,2.763687829426831
3500600,SP,2.0,1,retrospectivo_completo,2.427666868812908
3500709,SP,16.0,1,retrospectivo_completo,16.00791959608372
3500758,SP,3.0,1,retrospectivo_completo,1.9356597030090006
3500808,SP,1.0,1,retrospectivo_completo,1.3041537723511836
3500907,SP,0.0,1,retrospectivo_completo,1.1926512887096912
3501004,SP,4.0,1,retrospectivo_completo,7.061048658333392
3501103,SP,0.0,1,retrospectivo_completo,1.209084571912759
3501152,SP,13.0,1,retrospectivo_completo,8.763728053276795
3501202,SP,2.0,1,retrospectivo_completo,1.1621352055061236
3501301,SP,10.0,1,retrospectivo_completo,10.240611803165448
3501400,SP,2.0,1,retrospectivo_completo,1.447192641435801
3501509,SP,0.0,1,retrospectivo_completo,1.2435189082973261
3501608,SP,211.0,1,retrospectivo_completo,195.4302789152491
3501707,SP,17.0,1,retrospectivo_completo,13.964266636733397
3501806,SP,1.0,1,retrospectivo_completo,2.318906214714388
3501905,SP,67.0,1,retrospectivo_completo,65.87166687436466
3502002,SP,4.0,1,retrospectivo_completo,2.136464318760099
3502101,SP,40.0,1,retrospectivo_completo,46.481212673789976
3502200,SP,9.0,1,retrospectivo_completo,8.62651051897054
3502309,SP,1.0,1,retrospectivo_completo,1.7189361996634527
3502408,SP,1.0,1,retrospectivo_completo,1.5563561963692267
3502507,SP,25.0,1,retrospectivo_completo,16.639180041754027
3502606,SP,1.0,1,retrospectivo_completo,1.6501706165845202
3502705,SP,6.0,1,retrospectivo_completo,9.634485389004958
3502754,SP,8.0,1,retrospectivo_completo,7.486167985895349
3502804,SP,138.0,1,retrospectivo_completo,155.4014089482407
3502903,SP,11.0,1,retrospectivo_completo,26.452773646630263
3503000,SP,1.0,1,retrospectivo_completo,2.2952349921187145
3503109,SP,3.0,1,retrospectivo_completo,1.72852573536327
3503158,SP,2.0,1,retrospectivo_completo,0.5404574003105521
3503208,SP,150.0,1,retrospectivo_completo,183.36436739086218
3503307,SP,93.0,1,retrospectivo_completo,86.28914140081332
3503356,SP,0.0,1,retrospectivo_completo,0.5630908633829219
3503406,SP,3.0,1,retrospectivo_completo,3.0017892223804323
3503505,SP,3.0,1,retrospectivo_completo,1.0094268668916473
3503604,SP,3.0,1,retrospectivo_completo,2.9038804172551087
3503703,SP,5.0,1,retrospectivo_completo,4.54501182544126
3503802,SP,40.0,1,retrospectivo_completo,21.82456920070188
3503901,SP,68.0,1,retrospectivo_completo,60.27193096747125
3503950,SP,0.0,1,retrospectivo_completo,0.5353894197168773
3504008,SP,84.0,1,retrospectivo_completo,76.8590273450382
3504107,SP,154.0,1,retrospectivo_completo,96.34117494417787
3504206,SP,10.0,1,retrospectivo_completo,10.907653724941078
3504305,SP,0.0,1,retrospectivo_completo,2.1713489137607365
3504404,SP,7.0,1,retrospectivo_completo,5.47838348882295
3504503,SP,63.0,1,retrospectivo_completo,47.075302374176154
3504602,SP,6.0,1,retrospectivo_completo,7.258990976420463
3504701,SP,1.0,1,retrospectivo_completo,1.1706681806744161
3504800,SP,6.0,1,retrospectivo_completo,3.869083353910237
3504909,SP,5.0,1,retrospectivo_completo,5.012903903112624
3505005,SP,0.0,1,retrospectivo_completo,1.2081533453128794
3505104,SP,0.0,1,retrospectivo_completo,2.0862115984129357
3505203,SP,15.0,1,retrospectivo_completo,16.978176110834827
3505302,SP,28.0,1,retrospectivo_completo,30.750281990845956
3505351,SP,0.0,1,retrospectivo_completo,1.5614565176698179
3505401,SP,3.0,1,retrospectivo_completo,1.8881058881008366
3505500,SP,69.0,1,retrospectivo_completo,80.92192188867554
3505609,SP,18.0,1,retrospectivo_completo,9.866522283865091
3505708,SP,332.0,1,retrospectivo_completo,205.98475781140192
3505807,SP,17.0,1,retrospectivo_completo,9.343403396755438
3505906,SP,27.0,1,retrospectivo_completo,37.66400223292087
3506003,SP,262.0,1,retrospectivo_completo,273.3903742078901
3506102,SP,50.0,1,retrospectivo_completo,60.785645078460355
3506201,SP,2.0,1,retrospectivo_completo,1.056976900795031
3506300,SP,4.0,1,retrospectivo_completo,4.747686733263914
3506359,SP,47.0,1,retrospectivo_completo,28.6838818318865
3506409,SP,7.0,1,retrospectivo_completo,4.234215263338247
3506508,SP,78.0,1,retrospectivo_completo,56.24290925576608
3506607,SP,10.0,1,retrospectivo_completo,14.938605860657976
3506706,SP,11.0,1,retrospectivo_completo,3.89033258591232
3506805,SP,6.0,1,retrospectivo_completo,4.417202175085434
3506904,SP,5.0,1,retrospectivo_completo,4.034666603343812
3507001,SP,65.0,1,retrospectivo_completo,37.87415601523291
3507100,SP,17.0,1,retrospectivo_completo,8.544669671674468
3507159,SP,0.0,1,retrospectivo_completo,0.5842088355756739
3507209,SP,1.0,1,retrospectivo_completo,0.3102173022096983
3507308,SP,1.0,1,retrospectivo_completo,1.9143710058088557
3507407,SP,8.0,1,retrospectivo_completo,6.604081145397705
3507456,SP,0.0,1,retrospectivo_completo,0.6307760276794131
3507506,SP,100.0,1,retrospectivo_completo,100.47166136646467
3507605,SP,144.0,1,retrospectivo_completo,108.29951847233255
3507704,SP,5.0,1,retrospectivo_completo,2.0148432567765404
3507753,SP,0.0,1,retrospectivo_completo,1.2041166608696512
3507803,SP,9.0,1,retrospectivo_completo,9.834951623060547
3507902,SP,12.0,1,retrospectivo_completo,10.49353777551445
3508009,SP,10.0,1,retrospectivo_completo,5.034582407438634
3508108,SP,10.0,1,retrospectivo_completo,7.61801138056605
3508207,SP,2.0,1,retrospectivo_completo,1.7839076353260295
3508306,SP,4.0,1,retrospectivo_completo,1.1200194572789783
3508405,SP,6.0,1,retrospectivo_completo,21.348630818162242
3508504,SP,72.0,1,retrospectivo_completo,68.08722307504304
3508603,SP,25.0,1,retrospectivo_completo,19.422136189737575
3508702,SP,10.0,1,retrospectivo_completo,8.420538054728672
3508801,SP,17.0,1,retrospectivo_completo,8.050816238384437
3508900,SP,0.0,1,retrospectivo_completo,1.2923069125950124
3509007,SP,53.0,1,retrospectivo_completo,48.15055276277042
3509106,SP,2.0,1,retrospectivo_completo,2.113030336332362
3509205,SP,97.0,1,retrospectivo_completo,30.198188369136542
3509254,SP,16.0,1,retrospectivo_completo,9.208867839923798
3509304,SP,8.0,1,retrospectivo_completo,4.137000104268959
3509403,SP,9.0,1,retrospectivo_completo,8.982097978372154
3509452,SP,2.0,1,retrospectivo_completo,2.4276169907695455
3509502,SP,1401.0,1,retrospectivo_completo,917.5512475308441
3509601,SP,47.0,1,retrospectivo_completo,34.08506588875759
3509700,SP,24.0,1,retrospectivo_completo,27.255509195207352
3509809,SP,0.0,1,retrospectivo_completo,1.417486642646067
3509908,SP,8.0,1,retrospectivo_completo,5.9233256170406525
3509957,SP,0.0,1,retrospectivo_completo,1.155451449443045
3510005,SP,16.0,1,retrospectivo_completo,15.388323033733728
3510104,SP,4.0,1,retrospectivo_completo,2.1640264283658914
3510153,SP,2.0,1,retrospectivo_completo,1.5557238466966257
3510203,SP,28.0,1,retrospectivo_completo,22.28342756780099
3510302,SP,3.0,1,retrospectivo_completo,6.417010971620594
3510401,SP,41.0,1,retrospectivo_completo,23.268224964503794
3510500,SP,83.0,1,retrospectivo_completo,69.17358024598495
3510609,SP,293.0,1,retrospectivo_completo,140.67074338247818
3510708,SP,6.0,1,retrospectivo_completo,4.461074941975679
3510807,SP,13.0,1,retrospectivo_completo,17.226379804767877
3510906,SP,4.0,1,retrospectivo_completo,0.9054662402147011
3511003,SP,10.0,1,retrospectivo_completo,8.069862052482893
3511102,SP,72.0,1,retrospectivo_completo,86.5166192458403
3511201,SP,6.0,1,retrospectivo_completo,3.2039930031089616
3511300,SP,6.0,1,retrospectivo_completo,5.215471536577218
3511409,SP,18.0,1,retrospectivo_completo,8.01275845851388
3511508,SP,30.0,1,retrospectivo_completo,26.91867699141148
3511607,SP,13.0,1,retrospectivo_completo,6.795260256645482
3511706,SP,9.0,1,retrospectivo_completo,5.942483993067391
3511904,SP,4.0,1,retrospectivo_completo,2.8818320201112595
3512001,SP,9.0,1,retrospectivo_completo,7.161851067062563
3512100,SP,5.0,1,retrospectivo_completo,2.295007495743144
3512209,SP,19.0,1,retrospectivo_completo,9.649149755275264
3512308,SP,8.0,1,retrospectivo_completo,9.03816853253478
3512407,SP,15.0,1,retrospectivo_completo,11.866052395105717
3512506,SP,2.0,1,retrospectivo_completo,2.1889987008138703
3512605,SP,2.0,1,retrospectivo_completo,1.2885110060179998
3512704,SP,2.0,1,retrospectivo_completo,1.8387328718624245
3512803,SP,50.0,1,retrospectivo_completo,31.871268910877998
3512902,SP,6.0,1,retrospectivo_completo,2.913857978726778
3513009,SP,243.0,1,retrospectivo_completo,152.86472209304122
3513108,SP,24.0,1,retrospectivo_completo,14.035662270660133
3513207,SP,7.0,1,retrospectivo_completo,3.7469297137195827
3513306,SP,3.0,1,retrospectivo_completo,0.9900316278277196
3513405,SP,56.0,1,retrospectivo_completo,64.01376675479956
3513504,SP,79.0,1,retrospectivo_completo,44.76313898993125
3513603,SP,14.0,1,retrospectivo_completo,9.827477967482096
3513702,SP,14.0,1,retrospectivo_completo,16.571568617317965
3513801,SP,268.0,1,retrospectivo_completo,160.87141311027816
3513850,SP,0.0,1,retrospectivo_completo,0.5360744270379192
3513900,SP,7.0,1,retrospectivo_completo,5.884134469066191
3514007,SP,2.0,1,retrospectivo_completo,2.870597192939082
3514106,SP,12.0,1,retrospectivo_completo,10.60250476019287
3514205,SP,0.0,1,retrospectivo_completo,0.5999110631762711
3514304,SP,8.0,1,retrospectivo_completo,3.911991856538982
3514403,SP,27.0,1,retrospectivo_completo,34.35075028291999
3514502,SP,10.0,1,retrospectivo_completo,5.143405960195808
3514601,SP,3.0,1,retrospectivo_completo,3.6263951231919465
3514700,SP,2.0,1,retrospectivo_completo,2.528555065288262
3514809,SP,5.0,1,retrospectivo_completo,3.657921953558181
3514908,SP,5.0,1,retrospectivo_completo,5.140929394209828
3514924,SP,1.0,1,retrospectivo_completo,1.215694722748927
3514957,SP,1.0,1,retrospectivo_completo,0.8490975806134633
3515004,SP,200.0,1,retrospectivo_completo,86.10104039376587
3515103,SP,46.0,1,retrospectivo_completo,30.306907582504458
3515129,SP,2.0,1,retrospectivo_completo,0.869681236280439
3515152,SP,12.0,1,retrospectivo_completo,6.935787214187589
3515186,SP,18.0,1,retrospectivo_completo,41.99903913076015
3515194,SP,2.0,1,retrospectivo_completo,1.1075872270261846
3515202,SP,2.0,1,retrospectivo_completo,4.125361430141556
3515301,SP,3.0,1,retrospectivo_completo,1.0326161248410144
3515350,SP,0.0,1,retrospectivo_completo,2.4091456674336134
3515400,SP,10.0,1,retrospectivo_completo,6.896878146776069
3515509,SP,52.0,1,retrospectivo_completo,58.77081558464723
3515608,SP,6.0,1,retrospectivo_completo,2.2667114469857936
3515657,SP,1.0,1,retrospectivo_completo,0.5244694365206897
3515707,SP,95.0,1,retrospectivo_completo,66.45070913051985
3515806,SP,1.0,1,retrospectivo_completo,0.46315997755838867
3515905,SP,2.0,1,retrospectivo_completo,1.0102604971196008
3516002,SP,4.0,1,retrospectivo_completo,6.176875256785392
3516101,SP,1.0,1,retrospectivo_completo,1.0516416589245312
3516200,SP,154.0,1,retrospectivo_completo,156.75575849294427
3516309,SP,93.0,1,retrospectivo_completo,37.700264984329486
3516408,SP,150.0,1,retrospectivo_completo,52.9984397920986
3516507,SP,1.0,1,retrospectivo_completo,0.9672402075180806
3516606,SP,1.0,1,retrospectivo_completo,2.494407315158002
3516705,SP,27.0,1,retrospectivo_completo,33.476096341806944
3516804,SP,3.0,1,retrospectivo_completo,1.795315059324725
3516853,SP,2.0,1,retrospectivo_completo,1.7073278345248846
3516903,SP,6.0,1,retrospectivo_completo,4.3993650538262985
3517000,SP,2.0,1,retrospectivo_completo,4.518962063052874
3517109,SP,2.0,1,retrospectivo_completo,1.9454981612804914
3517208,SP,8.0,1,retrospectivo_completo,3.921244909862074
3517307,SP,0.0,1,retrospectivo_completo,2.200103739174676
3517406,SP,36.0,1,retrospectivo_completo,25.08197721876967
3517505,SP,6.0,1,retrospectivo_completo,7.835548397554713
3517604,SP,3.0,1,retrospectivo_completo,4.378321042404256
3517703,SP,7.0,1,retrospectivo_completo,9.832683965462834
3517802,SP,5.0,1,retrospectivo_completo,2.599468078907611
3517901,SP,2.0,1,retrospectivo_completo,4.271007947310984
3518008,SP,0.0,1,retrospectivo_completo,0.5949980709245678
3518107,SP,5.0,1,retrospectivo_completo,2.6300805006725736
3518206,SP,18.0,1,retrospectivo_completo,17.24371738892152
3518305,SP,11.0,1,retrospectivo_completo,13.668626160854117
3518404,SP,96.0,1,retrospectivo_completo,102.15234906939985
3518503,SP,5.0,1,retrospectivo_completo,6.066956541499495
3518602,SP,14.0,1,retrospectivo_completo,14.565514485907435
3518701,SP,217.0,1,retrospectivo_completo,145.44112625407837
3518800,SP,1134.0,1,retrospectivo_completo,681.7853817402772
3518859,SP,1.0,1,retrospectivo_completo,3.3246942758204088
3518909,SP,1.0,1,retrospectivo_completo,1.753961822205451
3519006,SP,3.0,1,retrospectivo_completo,3.23203979058463
3519055,SP,23.0,1,retrospectivo_completo,11.111316485132795
3519071,SP,141.0,1,retrospectivo_completo,95.65535212135362
3519105,SP,6.0,1,retrospectivo_completo,4.220477306955068
3519204,SP,2.0,1,retrospectivo_completo,2.0726691487746733
3519253,SP,1.0,1,retrospectivo_completo,2.7033494988772815
3519303,SP,12.0,1,retrospectivo_completo,10.786682364370765
3519402,SP,7.0,1,retrospectivo_completo,6.253315977925286
3519501,SP,5.0,1,retrospectivo_completo,2.538837193358996
3519600,SP,22.0,1,retrospectivo_completo,27.108707997630436
3519709,SP,31.0,1,retrospectivo_completo,33.563022831222916
3519808,SP,9.0,1,retrospectivo_completo,3.168603699757587
3519907,SP,5.0,1,retrospectivo_completo,2.8864941600438394
3520004,SP,4.0,1,retrospectivo_completo,8.423697273525983
3520103,SP,7.0,1,retrospectivo_completo,24.922497306701178
3520202,SP,5.0,1,retrospectivo_completo,3.2729682789732117
3520301,SP,14.0,1,retrospectivo_completo,15.190854043669928
3520400,SP,44.0,1,retrospectivo_completo,20.140053713154863
3520426,SP,3.0,1,retrospectivo_completo,4.839211604837101
3520442,SP,24.0,1,retrospectivo_completo,19.423707929304754
3520509,SP,273.0,1,retrospectivo_completo,199.2360482653858
3520608,SP,3.0,1,retrospectivo_completo,2.183524548306886
3520707,SP,3.0,1,retrospectivo_completo,1.7683168397535718
3520806,SP,3.0,1,retrospectivo_completo,1.696603216429341
3520905,SP,7.0,1,retrospectivo_completo,6.220483948953608
3521002,SP,0.0,1,retrospectivo_completo,12.623467167070503
3521101,SP,0.0,1,retrospectivo_completo,3.0408258346655566
3521150,SP,2.0,1,retrospectivo_completo,1.9936234760125493
3521200,SP,0.0,1,retrospectivo_completo,1.060390990415708
3521309,SP,4.0,1,retrospectivo_completo,8.002955096419193
3521408,SP,18.0,1,retrospectivo_completo,14.16027532242346
3521507,SP,4.0,1,retrospectivo_completo,2.812440540762245
3521606,SP,6.0,1,retrospectivo_completo,3.146000997407367
3521705,SP,7.0,1,retrospectivo_completo,4.944002490223387
3521804,SP,10.0,1,retrospectivo_completo,8.999363213569932
3521903,SP,10.0,1,retrospectivo_completo,7.317806011920934
3522000,SP,4.0,1,retrospectivo_completo,1.2945078952328
3522109,SP,75.0,1,retrospectivo_completo,57.337519258772154
3522158,SP,1.0,1,retrospectivo_completo,0.7972521493870787
3522208,SP,91.0,1,retrospectivo_completo,59.90898761267718
3522307,SP,79.0,1,retrospectivo_completo,88.95456207481944
3522406,SP,52.0,1,retrospectivo_completo,43.79520862261945
3522505,SP,170.0,1,retrospectivo_completo,69.57298054979572
3522604,SP,53.0,1,retrospectivo_completo,37.53075424456288
3522653,SP,2.0,1,retrospectivo_completo,0.8416189713171389
3522703,SP,29.0,1,retrospectivo_completo,21.194172655971567
3522802,SP,12.0,1,retrospectivo_completo,7.110629853000348
3522901,SP,7.0,1,retrospectivo_completo,4.550648033164052
3523008,SP,6.0,1,retrospectivo_completo,1.5079224228263042
3523107,SP,182.0,1,retrospectivo_completo,97.80044445791106
3523206,SP,28.0,1,retrospectivo_completo,17.615682709488418
3523305,SP,6.0,1,retrospectivo_completo,4.289607802536686
3523404,SP,99.0,1,retrospectivo_completo,73.40779491517989
3523503,SP,4.0,1,retrospectivo_completo,7.077279921295162
3523602,SP,2.0,1,retrospectivo_completo,8.143312940865735
3523701,SP,0.0,1,retrospectivo_completo,1.9255289473175274
3523800,SP,7.0,1,retrospectivo_completo,3.0718726180932787
3523909,SP,129.0,1,retrospectivo_completo,104.63513386920319
3524006,SP,42.0,1,retrospectivo_completo,29.010045946880783
3524105,SP,28.0,1,retrospectivo_completo,31.280252940809437
3524204,SP,3.0,1,retrospectivo_completo,2.1921269806099533
3524303,SP,50.0,1,retrospectivo_completo,65.24938824895565
3524402,SP,188.0,1,retrospectivo_completo,134.84481292964188
3524501,SP,2.0,1,retrospectivo_completo,2.5425693357607377
3524600,SP,5.0,1,retrospectivo_completo,6.5452404924600325
3524709,SP,62.0,1,retrospectivo_completo,38.483559937233075
3524808,SP,28.0,1,retrospectivo_completo,33.961830747663
3524907,SP,4.0,1,retrospectivo_completo,3.1355275303882717
3525003,SP,138.0,1,retrospectivo_completo,56.4359397862726
3525102,SP,13.0,1,retrospectivo_completo,21.66065224930567
3525201,SP,18.0,1,retrospectivo_completo,14.255980468420066
3525300,SP,73.0,1,retrospectivo_completo,88.7216383059322
3525409,SP,1.0,1,retrospectivo_completo,0.8558105461867479
3525508,SP,6.0,1,retrospectivo_completo,4.850062514485856
3525607,SP,3.0,1,retrospectivo_completo,1.4540203543474857
3525706,SP,12.0,1,retrospectivo_completo,19.90518496049383
3525805,SP,2.0,1,retrospectivo_completo,1.450208512360158
3525854,SP,3.0,1,retrospectivo_completo,1.0838221428320323
3525904,SP,549.0,1,retrospectivo_completo,373.6286499549486
3526001,SP,15.0,1,retrospectivo_completo,10.381245560169262
3526100,SP,9.0,1,retrospectivo_completo,5.14582850077527
3526209,SP,21.0,1,retrospectivo_completo,11.603057439771684
3526308,SP,3.0,1,retrospectivo_completo,1.721022346226012
3526407,SP,21.0,1,retrospectivo_completo,12.130788735553422
3526506,SP,4.0,1,retrospectivo_completo,3.788276843363453
3526605,SP,1.0,1,retrospectivo_completo,2.6354415126467345
3526704,SP,49.0,1,retrospectivo_completo,57.736987157218664
3526803,SP,43.0,1,retrospectivo_completo,33.68395588416001
3526902,SP,184.0,1,retrospectivo_completo,201.7459809294788
3527009,SP,9.0,1,retrospectivo_completo,3.2266302687041026
3527108,SP,53.0,1,retrospectivo_completo,55.68593091002951
3527207,SP,82.0,1,retrospectivo_completo,52.14480881632222
3527256,SP,2.0,1,retrospectivo_completo,0.7047164280674636
3527306,SP,47.0,1,retrospectivo_completo,30.30414530529148
3527405,SP,12.0,1,retrospectivo_completo,11.02788498529348
3527504,SP,2.0,1,retrospectivo_completo,0.8793577806543079
3527603,SP,7.0,1,retrospectivo_completo,5.535344509445324
3527702,SP,3.0,1,retrospectivo_completo,1.5769075871775278
3527801,SP,3.0,1,retrospectivo_completo,1.6986267144829883
3527900,SP,1.0,1,retrospectivo_completo,1.009012506525929
3528007,SP,12.0,1,retrospectivo_completo,9.424273951921236
3528106,SP,1.0,1,retrospectivo_completo,3.1834134498379743
3528205,SP,4.0,1,retrospectivo_completo,1.3416282673788145
3528304,SP,2.0,1,retrospectivo_completo,1.2784781541369006
3528403,SP,24.0,1,retrospectivo_completo,20.528587579157737
3528502,SP,75.0,1,retrospectivo_completo,55.93925284954889
3528601,SP,3.0,1,retrospectivo_completo,4.88696776085073
3528700,SP,0.0,1,retrospectivo_completo,1.5929688083403948
3528809,SP,8.0,1,retrospectivo_completo,6.431744113019535
3528858,SP,0.0,1,retrospectivo_completo,1.3332742055662026
3528908,SP,2.0,1,retrospectivo_completo,1.3199756126843172
3529005,SP,194.0,1,retrospectivo_completo,170.2243091693047
3529104,SP,2.0,1,retrospectivo_completo,0.6099901004083388
3529203,SP,9.0,1,retrospectivo_completo,10.603504334543613
3529302,SP,51.0,1,retrospectivo_completo,65.36641875473101
3529401,SP,293.0,1,retrospectivo_completo,202.80852558448248
3529500,SP,4.0,1,retrospectivo_completo,2.323814520858846
3529609,SP,1.0,1,retrospectivo_completo,1.7903556050618712
3529658,SP,0.0,1,retrospectivo_completo,0.5714537195677959
3529708,SP,14.0,1,retrospectivo_completo,7.989050273645758
3529807,SP,3.0,1,retrospectivo_completo,4.9840029677174496
3529906,SP,5.0,1,retrospectivo_completo,4.977079375694902
3530003,SP,1.0,1,retrospectivo_completo,1.1049914284107942
3530102,SP,13.0,1,retrospectivo_completo,15.305016187578287
3530201,SP,3.0,1,retrospectivo_completo,7.465298933122622
3530300,SP,29.0,1,retrospectivo_completo,27.285816586620946
3530409,SP,0.0,1,retrospectivo_completo,1.7276491275835477
3530508,SP,33.0,1,retrospectivo_completo,45.83028343916781
3530607,SP,381.0,1,retrospectivo_completo,249.19327184451916
3530706,SP,88.0,1,retrospectivo_completo,81.09739538989429
3530805,SP,77.0,1,retrospectivo_completo,72.15787588921862
3530904,SP,0.0,1,retrospectivo_completo,1.201232233076875
3531001,SP,2.0,1,retrospectivo_completo,0.9881710288032434
3531100,SP,40.0,1,retrospectivo_completo,33.89279673259087
3531209,SP,0.0,1,retrospectivo_completo,4.075098361209713
3531308,SP,32.0,1,retrospectivo_completo,29.230335171219338
3531407,SP,11.0,1,retrospectivo_completo,20.318584182385337
3531506,SP,19.0,1,retrospectivo_completo,8.80020940545772
3531605,SP,1.0,1,retrospectivo_completo,1.5195884945579345
3531704,SP,0.0,1,retrospectivo_completo,1.8427824281770473
3531803,SP,38.0,1,retrospectivo_completo,21.896137881939158
3531902,SP,9.0,1,retrospectivo_completo,10.719278621123069
3532009,SP,7.0,1,retrospectivo_completo,4.961280442866853
3532058,SP,2.0,1,retrospectivo_completo,1.6819818519148506
3532108,SP,2.0,1,retrospectivo_completo,1.4249375721148294
3532157,SP,1.0,1,retrospectivo_completo,0.7051585445166217
3532207,SP,2.0,1,retrospectivo_completo,1.109161941292467
3532306,SP,1.0,1,retrospectivo_completo,2.025678297847507
3532405,SP,7.0,1,retrospectivo_completo,5.805843330945887
3532504,SP,3.0,1,retrospectivo_completo,4.120918094583271
3532603,SP,7.0,1,retrospectivo_completo,6.081649357261706
3532702,SP,2.0,1,retrospectivo_completo,1.5391649549056832
3532801,SP,0.0,1,retrospectivo_completo,2.6895641112019026
3532827,SP,2.0,1,retrospectivo_completo,1.908415942017704
3532843,SP,2.0,1,retrospectivo_completo,0.46397248330848256
3532868,SP,0.0,1,retrospectivo_completo,0.4428433242694587
3532900,SP,8.0,1,retrospectivo_completo,4.7326204924451245
3533007,SP,19.0,1,retrospectivo_completo,9.68847663553589
3533106,SP,1.0,1,retrospectivo_completo,0.7026334385100036
3533205,SP,1.0,1,retrospectivo_completo,1.6908789760767107
3533254,SP,1.0,1,retrospectivo_completo,1.6910125180689597
3533304,SP,1.0,1,retrospectivo_completo,1.6394611286187968
3533403,SP,42.0,1,retrospectivo_completo,37.76625617838363
3533502,SP,16.0,1,retrospectivo_completo,19.845295193936625
3533601,SP,3.0,1,retrospectivo_completo,3.497065255175132
3533700,SP,5.0,1,retrospectivo_completo,1.24585712787812
3533809,SP,1.0,1,retrospectivo_completo,0.7248082996726091
3533908,SP,37.0,1,retrospectivo_completo,32.399503496260344
3534005,SP,1.0,1,retrospectivo_completo,1.4456443594782082
3534104,SP,3.0,1,retrospectivo_completo,3.412372383853254
3534203,SP,5.0,1,retrospectivo_completo,3.4631235501360402
3534302,SP,28.0,1,retrospectivo_completo,32.31648310623753
3534401,SP,655.0,1,retrospectivo_completo,505.0599957668668
3534500,SP,3.0,1,retrospectivo_completo,0.8383396786587013
3534609,SP,16.0,1,retrospectivo_completo,18.14325855806838
3534708,SP,77.0,1,retrospectivo_completo,85.8813324116481
3534757,SP,11.0,1,retrospectivo_completo,4.7728727450336645
3534807,SP,3.0,1,retrospectivo_completo,2.0883035176714078
3534906,SP,6.0,1,retrospectivo_completo,6.421156968942328
3535002,SP,10.0,1,retrospectivo_completo,5.288251662123075
3535101,SP,1.0,1,retrospectivo_completo,3.848982159506495
3535200,SP,6.0,1,retrospectivo_completo,3.658342665426774
3535309,SP,18.0,1,retrospectivo_completo,10.092848539412453
3535408,SP,5.0,1,retrospectivo_completo,6.090936066501795
3535507,SP,20.0,1,retrospectivo_completo,20.058501992719762
3535606,SP,10.0,1,retrospectivo_completo,8.73936981225578
3535705,SP,5.0,1,retrospectivo_completo,2.681878966028447
3535804,SP,11.0,1,retrospectivo_completo,7.753599832251356
3535903,SP,2.0,1,retrospectivo_completo,1.5147144764829266
3536000,SP,9.0,1,retrospectivo_completo,4.4249475948272465
3536109,SP,1.0,1,retrospectivo_completo,2.35760277534453
3536208,SP,15.0,1,retrospectivo_completo,8.12335432446062
3536257,SP,1.0,1,retrospectivo_completo,0.8206563047455478
3536307,SP,2.0,1,retrospectivo_completo,5.589683083283643
3536406,SP,1.0,1,retrospectivo_completo,2.198164625268096
3536505,SP,127.0,1,retrospectivo_completo,81.12553968549484
3536570,SP,1.0,1,retrospectivo_completo,0.48904278920291355
3536604,SP,5.0,1,retrospectivo_completo,4.354586235267838
3536703,SP,21.0,1,retrospectivo_completo,22.83900774852141
3536802,SP,2.0,1,retrospectivo_completo,2.181127977067414
3536901,SP,1.0,1,retrospectivo_completo,0.7111478738391198
3537008,SP,2.0,1,retrospectivo_completo,8.312167825671384
3537107,SP,36.0,1,retrospectivo_completo,23.558566404605614
3537156,SP,4.0,1,retrospectivo_completo,2.013113428469408
3537206,SP,8.0,1,retrospectivo_completo,3.5694986527109207
3537305,SP,37.0,1,retrospectivo_completo,36.715445002952585
3537404,SP,18.0,1,retrospectivo_completo,18.34667088885171
3537503,SP,1.0,1,retrospectivo_completo,3.3684801554012047
3537602,SP,43.0,1,retrospectivo_completo,35.530114474461556
3537701,SP,1.0,1,retrospectivo_completo,2.2940756611451016
3537800,SP,22.0,1,retrospectivo_completo,26.103166256683508
3537909,SP,12.0,1,retrospectivo_completo,9.107311244334605
3538006,SP,98.0,1,retrospectivo_completo,103.02202471039571
3538105,SP,2.0,1,retrospectivo_completo,6.779794514873408
3538204,SP,12.0,1,retrospectivo_completo,6.317604611905185
3538303,SP,1.0,1,retrospectivo_completo,1.2966982378785912
3538501,SP,9.0,1,retrospectivo_completo,7.244485951325804
3538600,SP,21.0,1,retrospectivo_completo,17.97673147846546
3538709,SP,355.0,1,retrospectivo_completo,329.29898407416607
3538808,SP,17.0,1,retrospectivo_completo,17.819173011621718
3538907,SP,15.0,1,retrospectivo_completo,14.768181407223267
3539004,SP,7.0,1,retrospectivo_completo,4.99704776548414
3539103,SP,16.0,1,retrospectivo_completo,6.339219475494723
3539202,SP,14.0,1,retrospectivo_completo,17.959406168891768
3539301,SP,68.0,1,retrospectivo_completo,67.49488123794346
3539400,SP,8.0,1,retrospectivo_completo,8.40080468385981
3539509,SP,16.0,1,retrospectivo_completo,13.485910849209604
3539608,SP,1.0,1,retrospectivo_completo,1.5472449951346707
3539707,SP,0.0,1,retrospectivo_completo,1.2227336016373005
3539806,SP,78.0,1,retrospectivo_completo,47.355316347798095
3539905,SP,4.0,1,retrospectivo_completo,3.0105351574756614
3540002,SP,17.0,1,retrospectivo_completo,19.4744090087631
3540101,SP,4.0,1,retrospectivo_completo,1.4677266850624784
3540200,SP,12.0,1,retrospectivo_completo,16.223242317811682
3540259,SP,2.0,1,retrospectivo_completo,1.134585769148318
3540309,SP,1.0,1,retrospectivo_completo,1.01875221821968
3540408,SP,1.0,1,retrospectivo_completo,1.4806741529556746
3540507,SP,2.0,1,retrospectivo_completo,3.662843813022944
3540606,SP,21.0,1,retrospectivo_completo,24.47894584489121
3540705,SP,26.0,1,retrospectivo_completo,23.434381031650585
3540754,SP,2.0,1,retrospectivo_completo,4.496828514139783
3540804,SP,8.0,1,retrospectivo_completo,7.480769896880554
3540853,SP,0.0,1,retrospectivo_completo,0.9085097962492464
3540903,SP,10.0,1,retrospectivo_completo,8.598745726532538
3541000,SP,294.0,1,retrospectivo_completo,201.39449430206525
3541059,SP,0.0,1,retrospectivo_completo,1.4956947200134447
3541109,SP,2.0,1,retrospectivo_completo,1.764789438523536
3541208,SP,5.0,1,retrospectivo_completo,7.21839895863023
3541307,SP,23.0,1,retrospectivo_completo,23.206059385238454
3541406,SP,155.0,1,retrospectivo_completo,180.31847755401998
3541505,SP,22.0,1,retrospectivo_completo,23.550165312655224
3541604,SP,31.0,1,retrospectivo_completo,17.890197413659827
3541653,SP,3.0,1,retrospectivo_completo,1.2838247599478376
3541703,SP,12.0,1,retrospectivo_completo,4.989919343681334
3541802,SP,1.0,1,retrospectivo_completo,1.133391019742658
3541901,SP,2.0,1,retrospectivo_completo,3.82896305763307
3542008,SP,4.0,1,retrospectivo_completo,2.1909608682430783
3542107,SP,0.0,1,retrospectivo_completo,3.742799168530999
3542206,SP,21.0,1,retrospectivo_completo,17.02532965302209
3542305,SP,1.0,1,retrospectivo_completo,1.0050745086379678
3542404,SP,12.0,1,retrospectivo_completo,10.609713027795266
3542503,SP,0.0,1,retrospectivo_completo,4.009616234643289
3542602,SP,45.0,1,retrospectivo_completo,27.487827275832522
3542701,SP,0.0,1,retrospectivo_completo,1.9350333566884053
3542800,SP,1.0,1,retrospectivo_completo,0.8899122508433248
3542909,SP,7.0,1,retrospectivo_completo,4.491856783564698
3543006,SP,2.0,1,retrospectivo_completo,3.4518617886057363
3543105,SP,0.0,1,retrospectivo_completo,1.3010687441576216
3543204,SP,0.0,1,retrospectivo_completo,1.7515247056572996
3543238,SP,0.0,1,retrospectivo_completo,0.5045197334272158
3543253,SP,0.0,1,retrospectivo_completo,2.13190492854824
3543303,SP,132.0,1,retrospectivo_completo,55.32008695734353
3543402,SP,516.0,1,retrospectivo_completo,538.6070206101987
3543501,SP,1.0,1,retrospectivo_completo,1.361098074973862
3543600,SP,2.0,1,retrospectivo_completo,1.3342170314344093
3543709,SP,2.0,1,retrospectivo_completo,3.9275939500680432
3543808,SP,2.0,1,retrospectivo_completo,3.9215155414675538
3543907,SP,152.0,1,retrospectivo_completo,140.75699351310425
3544004,SP,10.0,1,retrospectivo_completo,14.61682524490638
3544103,SP,25.0,1,retrospectivo_completo,17.03018074602648
3544202,SP,3.0,1,retrospectivo_completo,4.628276239544101
3544251,SP,4.0,1,retrospectivo_completo,12.443154668857002
3544301,SP,5.0,1,retrospectivo_completo,3.5055318226476393
3544400,SP,2.0,1,retrospectivo_completo,0.8220766730866372
3544509,SP,1.0,1,retrospectivo_completo,1.1367684572029841
3544608,SP,3.0,1,retrospectivo_completo,1.7955012783613353
3544707,SP,0.0,1,retrospectivo_completo,0.8592997943057855
3544806,SP,5.0,1,retrospectivo_completo,2.335840326923119
3544905,SP,6.0,1,retrospectivo_completo,5.505768397953203
3545001,SP,10.0,1,retrospectivo_completo,6.290507422502637
3545100,SP,2.0,1,retrospectivo_completo,1.8134069371960253
3545159,SP,5.0,1,retrospectivo_completo,5.7415983548516545
3545209,SP,88.0,1,retrospectivo_completo,70.35282415939972
3545308,SP,12.0,1,retrospectivo_completo,16.160435713187923
3545407,SP,1.0,1,retrospectivo_completo,2.6479883347624207
3545506,SP,0.0,1,retrospectivo_completo,1.157397703600606
3545605,SP,15.0,1,retrospectivo_completo,7.20261543524408
3545704,SP,7.0,1,retrospectivo_completo,2.480857006778545
3545803,SP,122.0,1,retrospectivo_completo,104.17908915754448
3546009,SP,9.0,1,retrospectivo_completo,6.771806942979895
3546108,SP,1.0,1,retrospectivo_completo,0.7195610886011777
3546207,SP,4.0,1,retrospectivo_completo,3.009256747743314
3546256,SP,0.0,1,retrospectivo_completo,0.7189516063444976
3546306,SP,9.0,1,retrospectivo_completo,18.387379737291095
3546405,SP,34.0,1,retrospectivo_completo,23.16101008370313
3546504,SP,2.0,1,retrospectivo_completo,2.00641161054815
3546603,SP,0.0,1,retrospectivo_completo,27.11232113252381
3546702,SP,11.0,1,retrospectivo_completo,10.474169673807333
3546801,SP,35.0,1,retrospectivo_completo,20.57585657546624
3546900,SP,3.0,1,retrospectivo_completo,3.0116897981383146
3547007,SP,2.0,1,retrospectivo_completo,1.661489333439427
3547106,SP,2.0,1,retrospectivo_completo,1.0676641370342979
3547205,SP,0.0,1,retrospectivo_completo,0.6618630637816951
3547304,SP,227.0,1,retrospectivo_completo,115.79861638711792
3547403,SP,3.0,1,retrospectivo_completo,0.802363293584476
3547502,SP,18.0,1,retrospectivo_completo,25.63738708384667
3547601,SP,13.0,1,retrospectivo_completo,19.079521753393568
3547650,SP,1.0,1,retrospectivo_completo,0.5449724303963298
3547700,SP,17.0,1,retrospectivo_completo,10.855394642330072
3547809,SP,869.0,1,retrospectivo_completo,627.7397108892336
3547908,SP,0.0,1,retrospectivo_completo,2.494388538383902
3548005,SP,20.0,1,retrospectivo_completo,8.362732109482163
3548054,SP,0.0,1,retrospectivo_completo,3.7055635172632946
3548104,SP,4.0,1,retrospectivo_completo,2.3114316615994404
3548203,SP,2.0,1,retrospectivo_completo,2.828445818978909
3548302,SP,1.0,1,retrospectivo_completo,1.0048893205839469
3548401,SP,0.0,1,retrospectivo_completo,1.5348412758317977
3548500,SP,690.0,1,retrospectivo_completo,547.3344427209612
3548609,SP,7.0,1,retrospectivo_completo,5.461180386141594
3548708,SP,957.0,1,retrospectivo_completo,684.8811776448293
3548807,SP,203.0,1,retrospectivo_completo,210.55217971744835
3548906,SP,229.0,1,retrospectivo_completo,164.7505570807284
3549003,SP,2.0,1,retrospectivo_completo,0.932093015528208
3549102,SP,79.0,1,retrospectivo_completo,80.45468200981632
3549201,SP,0.0,1,retrospectivo_completo,0.6592625242269808
3549250,SP,3.0,1,retrospectivo_completo,0.5641671681452795
3549300,SP,0.0,1,retrospectivo_completo,0.6107929412488694
3549409,SP,33.0,1,retrospectivo_completo,23.288663408526702
3549508,SP,3.0,1,retrospectivo_completo,2.499193909817492
3549607,SP,3.0,1,retrospectivo_completo,1.3608967081577645
3549706,SP,43.0,1,retrospectivo_completo,46.31813605542287
3549805,SP,328.0,1,retrospectivo_completo,361.95261990874786
3549904,SP,666.0,1,retrospectivo_completo,587.1305744557318
3549953,SP,12.0,1,retrospectivo_completo,6.005201001898541
3550001,SP,3.0,1,retrospectivo_completo,4.212731179782046
3550100,SP,22.0,1,retrospectivo_completo,16.492622973205734
3550209,SP,13.0,1,retrospectivo_completo,13.911519163176807
3550308,SP,15284.0,1,retrospectivo_completo,10863.967104617856
3550407,SP,12.0,1,retrospectivo_completo,18.193814388471733
3550506,SP,5.0,1,retrospectivo_completo,1.8853942249619302
3550605,SP,75.0,1,retrospectivo_completo,58.02204214981919
3550704,SP,56.0,1,retrospectivo_completo,48.555788449238946
3550803,SP,4.0,1,retrospectivo_completo,4.354003878381352
3550902,SP,10.0,1,retrospectivo_completo,9.137493258013215
3551009,SP,165.0,1,retrospectivo_completo,185.11304107694326
3551108,SP,2.0,1,retrospectivo_completo,4.461623331497735
3551207,SP,1.0,1,retrospectivo_completo,1.1268189050347657
3551306,SP,0.0,1,retrospectivo_completo,2.3390474166317285
3551405,SP,1.0,1,retrospectivo_completo,4.555561002675216
3551504,SP,13.0,1,retrospectivo_completo,16.92277226037468
3551603,SP,12.0,1,retrospectivo_completo,21.44259535558322
3551702,SP,60.0,1,retrospectivo_completo,54.482641174875866
3551801,SP,4.0,1,retrospectivo_completo,3.084202006134132
3551900,SP,5.0,1,retrospectivo_completo,5.381615646372685
3552007,SP,3.0,1,retrospectivo_completo,1.808931402532865
3552106,SP,19.0,1,retrospectivo_completo,19.415781016658013
3552205,SP,589.0,1,retrospectivo_completo,455.2883307694573
3552304,SP,5.0,1,retrospectivo_completo,3.7748329785296626
3552403,SP,178.0,1,retrospectivo_completo,111.67005446415
3552502,SP,222.0,1,retrospectivo_completo,140.32465569095316
3552551,SP,1.0,1,retrospectivo_completo,1.2746418921042082
3552601,SP,12.0,1,retrospectivo_completo,4.93257957959551
3552700,SP,5.0,1,retrospectivo_completo,5.532357539323197
3552809,SP,1.0,1,retrospectivo_completo,148.88402210361573
3552908,SP,2.0,1,retrospectivo_completo,1.8909052914654931
3553005,SP,10.0,1,retrospectivo_completo,4.277232291396663
3553104,SP,1.0,1,retrospectivo_completo,2.362773456132061
3553203,SP,5.0,1,retrospectivo_completo,3.014056151590812
3553302,SP,19.0,1,retrospectivo_completo,10.953321018936833
3553401,SP,11.0,1,retrospectivo_completo,12.6474404230448
3553500,SP,2.0,1,retrospectivo_completo,1.7933663385036025
3553609,SP,12.0,1,retrospectivo_completo,5.51357452430994
3553658,SP,0.0,1,retrospectivo_completo,1.5435178461227095
3553708,SP,35.0,1,retrospectivo_completo,27.283385172273274
3553807,SP,15.0,1,retrospectivo_completo,10.26353373522804
3553856,SP,3.0,1,retrospectivo_completo,1.4080551943831183
3553906,SP,5.0,1,retrospectivo_completo,2.1905243703666213
3553955,SP,9.0,1,retrospectivo_completo,7.714347841822066
3554003,SP,71.0,1,retrospectivo_completo,60.410479954766274
3554102,SP,257.0,1,retrospectivo_completo,220.87602619836252
3554201,SP,3.0,1,retrospectivo_completo,1.6719489148042548
3554300,SP,14.0,1,retrospectivo_completo,10.095690755556769
3554409,SP,2.0,1,retrospectivo_completo,3.9419589243714053
3554508,SP,35.0,1,retrospectivo_completo,29.332077545641333
3554607,SP,3.0,1,retrospectivo_completo,0.7809336406185653
3554656,SP,0.0,1,retrospectivo_completo,0.585677405687261
3554706,SP,6.0,1,retrospectivo_completo,4.255183432868426
3554755,SP,1.0,1,retrospectivo_completo,0.43986653778337204
3554805,SP,38.0,1,retrospectivo_completo,27.01843218339373
3554904,SP,39.0,1,retrospectivo_completo,2.6803048169552226
3554953,SP,1.0,1,retrospectivo_completo,2.7636850153933663
3555000,SP,52.0,1,retrospectivo_completo,54.904520368613866
3555109,SP,6.0,1,retrospectivo_completo,11.177398903589113
3555208,SP,0.0,1,retrospectivo_completo,0.6175469793382856
3555307,SP,1.0,1,retrospectivo_completo,0.515880371774238
3555356,SP,0.0,1,retrospectivo_completo,1.9113285256746748
3555406,SP,72.0,1,retrospectivo_completo,47.575306053255055
3555505,SP,1.0,1,retrospectivo_completo,1.3453671376263108
3555604,SP,3.0,1,retrospectivo_completo,3.936148529436461
3555703,SP,0.0,1,retrospectivo_completo,0.501739945010739
3555802,SP,4.0,1,retrospectivo_completo,4.210973358187022
3555901,SP,0.0,1,retrospectivo_completo,0.31957193560721153
3556008,SP,10.0,1,retrospectivo_completo,6.4317170250456
3556107,SP,3.0,1,retrospectivo_completo,5.5257101668475865
3556206,SP,180.0,1,retrospectivo_completo,100.0593066430837
3556305,SP,8.0,1,retrospectivo_completo,10.400669502295402
3556354,SP,1.0,1,retrospectivo_completo,2.768523198983811
3556404,SP,12.0,1,retrospectivo_completo,18.207907818170227
3556453,SP,43.0,1,retrospectivo_completo,28.98286438868528
3556503,SP,75.0,1,retrospectivo_completo,47.33565198083062
3556602,SP,9.0,1,retrospectivo_completo,4.70769502268037
3556701,SP,87.0,1,retrospectivo_completo,68.75466064958265
3556800,SP,18.0,1,retrospectivo_completo,7.644751872364834
3556909,SP,3.0,1,retrospectivo_completo,2.9655154904771086
3556958,SP,0.0,1,retrospectivo_completo,0.5019699954964708
3557006,SP,102.0,1,retrospectivo_completo,53.33055498346642
3557105,SP,63.0,1,retrospectivo_completo,73.04143736038299
3557154,SP,2.0,1,retrospectivo_completo,0.8929715770917437
3557204,SP,14.0,1,retrospectivo_completo,5.326661910382457
3557303,SP,7.0,1,retrospectivo_completo,4.771628249611117
5000203,MS,2.0,1,retrospectivo_completo,4.090327597426157
5000252,MS,6.0,1,retrospectivo_completo,1.5770568929459094
5000609,MS,6.0,1,retrospectivo_completo,12.464520704193566
5000708,MS,2.0,1,retrospectivo_completo,5.343530997246836
5000807,MS,1.0,1,retrospectivo_completo,2.4605033759842336
5000856,MS,1.0,1,retrospectivo_completo,3.895369617191314
5000906,MS,0.0,1,retrospectivo_completo,1.8817055864416774
5001003,MS,8.0,1,retrospectivo_completo,8.263935280620917
5001102,MS,3.0,1,retrospectivo_completo,13.004909927106551
5001243,MS,0.0,1,retrospectivo_completo,2.1356128603844726
5001508,MS,1.0,1,retrospectivo_completo,1.6609129993633622
5001904,MS,5.0,1,retrospectivo_completo,8.597370590280253
5002001,MS,3.0,1,retrospectivo_completo,3.6342146298623517
5002100,MS,3.0,1,retrospectivo_completo,6.183774111385901
5002159,MS,2.0,1,retrospectivo_completo,1.8110733214534145
5002209,MS,8.0,1,retrospectivo_completo,5.807352649114365
5002308,MS,1.0,1,retrospectivo_completo,4.519650254590869
5002407,MS,4.0,1,retrospectivo_completo,9.402240300762344
5002605,MS,6.0,1,retrospectivo_completo,3.3482852410002386
5002704,MS,313.0,1,retrospectivo_completo,429.8487034372764
5002803,MS,1.0,1,retrospectivo_completo,1.0001504251174123
5002902,MS,5.0,1,retrospectivo_completo,10.44536471895306
5002951,MS,14.0,1,retrospectivo_completo,11.66920268194824
5003108,MS,2.0,1,retrospectivo_completo,1.2446694916681644
5003157,MS,1.0,1,retrospectivo_completo,2.238812809081107
5003207,MS,27.0,1,retrospectivo_completo,27.42681508309846
5003256,MS,12.0,1,retrospectivo_completo,6.281668820199141
5003306,MS,11.0,1,retrospectivo_completo,9.184340886460987
5003454,MS,2.0,1,retrospectivo_completo,3.813085715951454
5003488,MS,3.0,1,retrospectivo_completo,2.258759328198934
5003504,MS,0.0,1,retrospectivo_completo,1.8347735713055742
5003702,MS,63.0,1,retrospectivo_completo,102.68303846312286
5003751,MS,1.0,1,retrospectivo_completo,4.084227070681327
5003801,MS,4.0,1,retrospectivo_completo,8.927097208914335
5003900,MS,0.0,1,retrospectivo_completo,0.6589998107528008
5004007,MS,1.0,1,retrospectivo_completo,3.9021479711635223
5004106,MS,1.0,1,retrospectivo_completo,2.07510762715718
5004304,MS,0.0,1,retrospectivo_completo,4.127829545043933
5004403,MS,1.0,1,retrospectivo_completo,2.5327171808754665
5004502,MS,3.0,1,retrospectivo_completo,5.87614123298847
5004601,MS,2.0,1,retrospectivo_completo,4.871178156716736
5004700,MS,3.0,1,retrospectivo_completo,9.967557351929347
5004809,MS,0.0,1,retrospectivo_completo,1.0123740182907395
5004908,MS,2.0,1,retrospectivo_completo,1.7680039569986516
5005004,MS,4.0,1,retrospectivo_completo,8.657674649740105
5005103,MS,0.0,1,retrospectivo_completo,1.7571736635187625
5005152,MS,4.0,1,retrospectivo_completo,1.3613939410743408
5005202,MS,4.0,1,retrospectivo_completo,4.373617342799853
5005251,MS,0.0,1,retrospectivo_completo,2.512408425136261
5005400,MS,13.0,1,retrospectivo_completo,16.66193548017097
5005608,MS,4.0,1,retrospectivo_completo,5.1009991783903414
5005681,MS,3.0,1,retrospectivo_completo,6.267041747273473
5005707,MS,8.0,1,retrospectivo_completo,20.855733302185314
5005806,MS,0.0,1,retrospectivo_completo,2.5082354980586627
5006002,MS,3.0,1,retrospectivo_completo,9.576426537196044
5006200,MS,11.0,1,retrospectivo_completo,22.04480670907335
5006259,MS,0.0,1,retrospectivo_completo,0.8864808315603722
5006309,MS,15.0,1,retrospectivo_completo,19.42389693873045
5006358,MS,1.0,1,retrospectivo_completo,1.5794731313283352
5006408,MS,1.0,1,retrospectivo_completo,1.7322327881978445
5006606,MS,19.0,1,retrospectivo_completo,25.047216742658918
5006903,MS,1.0,1,retrospectivo_completo,3.39541773225632
5007109,MS,1.0,1,retrospectivo_completo,6.533746331107502
5007208,MS,12.0,1,retrospectivo_completo,14.179818364517002
5007307,MS,0.0,1,retrospectivo_completo,1.2627360834388455
5007406,MS,0.0,1,retrospectivo_completo,4.420164874595481
5007505,MS,0.0,1,retrospectivo_completo,1.0484404142298116
5007554,MS,0.0,1,retrospectivo_completo,1.8604696198504804
5007695,MS,7.0,1,retrospectivo_completo,10.938112851465
5007703,MS,0.0,1,retrospectivo_completo,2.926923262330363
5007802,MS,0.0,1,retrospectivo_completo,2.067562005930187
5007901,MS,11.0,1,retrospectivo_completo,16.23156760608667
5007935,MS,2.0,1,retrospectivo_completo,3.871825009903875
5007950,MS,1.0,1,retrospectivo_completo,1.9443611537791694
5007976,MS,0.0,1,retrospectivo_completo,0.7319123639734502
5008008,MS,1.0,1,retrospectivo_completo,4.365360417768821
5008305,MS,41.0,1,retrospectivo_completo,68.04331573688319
5008404,MS,1.0,1,retrospectivo_completo,2.2424603865222568
2200053,PI,0.0,2,populacao,3.2184058342022657
2200103,PI,0.0,2,populacao,2.338726720173969
2200202,PI,2.0,2,populacao,7.909257748450845
2200251,PI,0.0,2,populacao,3.4771349853870586
2200277,PI,1.0,2,populacao,2.235235059700052
2200301,PI,0.0,2,populacao,6.500569923517927
2200400,PI,5.0,2,populacao,18.417819433626057
2200459,PI,1.0,2,populacao,2.4606990343039428
2200509,PI,1.0,2,populacao,8.003047065755332
2200608,PI,1.0,2,populacao,3.088117225927066
2200707,PI,0.0,2,populacao,4.483868593300745
2200806,PI,0.0,2,populacao,1.4387188871240102
2200905,PI,0.0,2,populacao,2.6556699303753404
2200954,PI,0.0,2,populacao,1.1601230332589563
2201002,PI,0.0,2,populacao,2.151148085564994
2201051,PI,0.0,2,populacao,3.5653801065947293
2201101,PI,2.0,2,populacao,5.314573975140491
2201150,PI,1.0,2,populacao,5.25543588344111
2201176,PI,0.0,2,populacao,1.7967815517101078
2201200,PI,3.0,2,populacao,21.38719845981296
2201309,PI,0.0,2,populacao,1.5218818285762652
2201408,PI,0.0,2,populacao,3.1994631642048073
2201507,PI,0.0,2,populacao,12.20693375616682
2201556,PI,0.0,2,populacao,1.82357849951139
2201572,PI,0.0,2,populacao,1.6184432439291612
2201606,PI,0.0,2,populacao,4.637258018646015
2201705,PI,1.0,2,populacao,2.500894456005866
2201739,PI,0.0,2,populacao,2.8210717805970478
2201770,PI,0.0,2,populacao,3.0784148827576363
2201804,PI,1.0,2,populacao,2.0458083597254713
2201903,PI,4.0,2,populacao,11.416885812370397
2201919,PI,0.0,2,populacao,2.5572604496568387
2201929,PI,0.0,2,populacao,2.5766651359956985
2201945,PI,0.0,2,populacao,2.9107029508289224
2201960,PI,0.0,2,populacao,3.784837868760402
2201988,PI,0.0,2,populacao,1.7662884731776143
2202000,PI,2.0,2,populacao,8.992686069037166
2202026,PI,0.0,2,populacao,3.746028496082683
2202059,PI,0.0,2,populacao,4.807742048623138
2202075,PI,0.0,2,populacao,1.6156711458807527
2202083,PI,0.0,2,populacao,3.469742723924636
2202091,PI,1.0,2,populacao,2.6261008845256497
2202109,PI,0.0,2,populacao,2.5512542372186204
2202117,PI,1.0,2,populacao,2.29021500432682
2202133,PI,1.0,2,populacao,2.6990994664670738
2202174,PI,0.0,2,populacao,3.305264906385732
2202208,PI,7.0,2,populacao,21.290637044460063
2202251,PI,0.0,2,populacao,1.798167600734312
2202307,PI,1.0,2,populacao,9.624262407732902
2202406,PI,0.0,2,populacao,5.187981497596503
2202455,PI,0.0,2,populacao,1.8633119048719118
2202505,PI,0.0,2,populacao,4.9569733268957945
2202539,PI,0.0,2,populacao,2.6653722735447705
2202554,PI,0.0,2,populacao,2.301765412861856
2202604,PI,2.0,2,populacao,8.96773718660149
2202653,PI,1.0,2,populacao,2.4625470996695484
2202703,PI,7.0,2,populacao,12.630602741231916
2202711,PI,0.0,2,populacao,2.223222634823615
2202729,PI,0.0,2,populacao,2.797046930844174
2202737,PI,0.0,2,populacao,1.8263505975597984
2202752,PI,0.0,2,populacao,2.9439681274098244
2202778,PI,0.0,2,populacao,3.481755148801073
2202802,PI,1.0,2,populacao,2.183489229463093
2202851,PI,0.0,2,populacao,2.1289713011777263
2202901,PI,4.0,2,populacao,12.107138226424112
2203008,PI,0.0,2,populacao,3.7672812477871482
2203107,PI,0.0,2,populacao,4.737053548388721
2203206,PI,0.0,2,populacao,5.1699628602818475
2203230,PI,0.0,2,populacao,2.2504815989662985
2203255,PI,0.0,2,populacao,2.0176253628999845
2203271,PI,0.0,2,populacao,2.426047808698837
2203305,PI,1.0,2,populacao,6.281112161352254
2203354,PI,0.0,2,populacao,3.1860646903041663
2203404,PI,0.0,2,populacao,3.1370909581156163
2203420,PI,0.0,2,populacao,1.9806640555878714
2203453,PI,0.0,2,populacao,4.344801674538918
2203503,PI,0.0,2,populacao,6.6451810383765695
2203602,PI,3.0,2,populacao,2.233386994334446
2203701,PI,4.0,2,populacao,18.054674589284545
2203750,PI,0.0,2,populacao,2.411725302115393
2203800,PI,0.0,2,populacao,2.0296377877764216
2203859,PI,0.0,2,populacao,1.163357147648766
2203909,PI,18.0,2,populacao,27.244641636100113
2204006,PI,0.0,2,populacao,2.432054021137055
2204105,PI,0.0,2,populacao,1.981126071929273
2204154,PI,0.0,2,populacao,1.44518711590363
2204204,PI,1.0,2,populacao,4.2292975891885645
2204303,PI,3.0,2,populacao,5.28177081490099
2204352,PI,0.0,2,populacao,2.47271145918038
2204402,PI,1.0,2,populacao,4.861335944225702
2204501,PI,4.0,2,populacao,4.774938888383637
2204550,PI,0.0,2,populacao,2.0739913565509576
2204600,PI,0.0,2,populacao,1.7630543587878045
2204659,PI,1.0,2,populacao,4.281967452108326
2204709,PI,1.0,2,populacao,6.960276183212335
2204808,PI,0.0,2,populacao,4.457995678182265
2204907,PI,1.0,2,populacao,3.893873725331136
2205003,PI,0.0,2,populacao,5.240651360516265
2205102,PI,2.0,2,populacao,5.010567222498359
2205151,PI,0.0,2,populacao,2.61316442696641
2205201,PI,0.0,2,populacao,8.6775909242014
2205250,PI,0.0,2,populacao,2.046732392408274
2205276,PI,0.0,2,populacao,2.211210209947178
2205300,PI,0.0,2,populacao,2.025479640703809
2205359,PI,0.0,2,populacao,1.3680303868895936
2205409,PI,1.0,2,populacao,6.525056789612202
2205458,PI,0.0,2,populacao,2.4717874264975768
2205508,PI,3.0,2,populacao,17.810729961024595
2205516,PI,0.0,2,populacao,2.4907300964950347
2205524,PI,0.0,2,populacao,2.5567984333154374
2205532,PI,0.0,2,populacao,2.163622526782832
2205540,PI,1.0,2,populacao,1.29179769055836
2205557,PI,0.0,2,populacao,3.8786271860648895
2205565,PI,0.0,2,populacao,2.116958876301289
2205573,PI,1.0,2,populacao,3.0705606049538123
2205581,PI,1.0,2,populacao,1.8462173002400593
2205599,PI,0.0,2,populacao,2.3502771287090045
2205607,PI,0.0,2,populacao,2.4103392530911885
2205706,PI,1.0,2,populacao,13.764390843030993
2205805,PI,3.0,2,populacao,11.588293875030322
2205854,PI,0.0,2,populacao,3.774673509249571
2205904,PI,0.0,2,populacao,2.4329780538198578
2205953,PI,0.0,2,populacao,3.854140319970614
2206001,PI,1.0,2,populacao,2.068909176795542
2206050,PI,0.0,2,populacao,2.928259571802176
2206100,PI,1.0,2,populacao,4.970833817137837
2206209,PI,0.0,2,populacao,15.343100681599632
2206308,PI,0.0,2,populacao,0.5673560672409391
2206357,PI,0.0,2,populacao,3.008188398864621
2206407,PI,0.0,2,populacao,4.809128097647342
2206506,PI,0.0,2,populacao,3.5210265378201933
2206605,PI,0.0,2,populacao,4.827146734961997
2206654,PI,0.0,2,populacao,1.8785584441381584
2206670,PI,0.0,2,populacao,3.088117225927066
2206696,PI,0.0,2,populacao,4.156761023588542
2206704,PI,0.0,2,populacao,3.340840164673641
2206753,PI,0.0,2,populacao,2.211210209947178
2206803,PI,0.0,2,populacao,3.9488536699579044
2206902,PI,2.0,2,populacao,2.9873976635015573
2206951,PI,0.0,2,populacao,1.3583280437201637
2207009,PI,6.0,2,populacao,16.832179349936396
2207108,PI,0.0,2,populacao,1.116693497167223
2207207,PI,0.0,2,populacao,3.122306435190771
2207306,PI,0.0,2,populacao,1.8780964277967571
2207355,PI,0.0,2,populacao,1.5399004658909203
2207405,PI,0.0,2,populacao,2.2948351677408345
2207504,PI,0.0,2,populacao,6.604523600333245
2207553,PI,0.0,2,populacao,1.7953955026859034
2207603,PI,0.0,2,populacao,4.903379431293231
2207702,PI,22.0,2,populacao,69.55517414895901
2207751,PI,0.0,2,populacao,2.0790735363063733
2207777,PI,0.0,2,populacao,2.9051587547321054
2207793,PI,0.0,2,populacao,1.8365149570706296
2207801,PI,3.0,2,populacao,9.329033965577397
2207850,PI,0.0,2,populacao,1.673885204897331
2207900,PI,1.0,2,populacao,17.615297048611797
2207934,PI,0.0,2,populacao,1.1527307717965336
2207959,PI,1.0,2,populacao,1.9875943007088928
2208007,PI,17.0,2,populacao,35.541993111328146
2208106,PI,2.0,2,populacao,5.514165034625903
2208205,PI,1.0,2,populacao,8.37404618790067
2208304,PI,2.0,2,populacao,13.080606657756897
2208403,PI,7.0,2,populacao,28.983671145135045
2208502,PI,0.0,2,populacao,5.709597947038702
2208551,PI,0.0,2,populacao,1.230811533493373
2208601,PI,0.0,2,populacao,1.4336367073685945
2208650,PI,0.0,2,populacao,4.0851484906713225
2208700,PI,1.0,2,populacao,3.989049091659828
2208809,PI,6.0,2,populacao,8.176765210122264
2208858,PI,0.0,2,populacao,1.9617213855904134
2208874,PI,0.0,2,populacao,2.0342579511904355
2208908,PI,0.0,2,populacao,3.3329858868698166
2209005,PI,1.0,2,populacao,2.9250254574123664
2209104,PI,1.0,2,populacao,2.8367803362046957
2209153,PI,0.0,2,populacao,1.825888581218397
2209203,PI,0.0,2,populacao,2.8441725976671184
2209302,PI,0.0,2,populacao,2.661676142813559
2209351,PI,0.0,2,populacao,2.1063325004490565
2209377,PI,0.0,2,populacao,2.390934566752329
2209401,PI,0.0,2,populacao,2.9130130325359294
2209450,PI,0.0,2,populacao,0.9817847254780095
2209500,PI,0.0,2,populacao,1.723782969768684
2209559,PI,0.0,2,populacao,2.022245526313999
2209609,PI,0.0,2,populacao,1.3403094064055086
2209658,PI,0.0,2,populacao,2.613626443307812
2209708,PI,0.0,2,populacao,2.9217913430225564
2209757,PI,0.0,2,populacao,1.3805048281074317
2209807,PI,0.0,2,populacao,2.2782025794503835
2209856,PI,0.0,2,populacao,2.094782091914021
2209872,PI,0.0,2,populacao,2.7434530352416098
2209906,PI,0.0,2,populacao,2.7951988654785684
2209955,PI,0.0,2,populacao,2.200121817753544
2209971,PI,0.0,2,populacao,3.625442230976913
2210003,PI,5.0,2,populacao,9.35952704410989
2210052,PI,1.0,2,populacao,2.4302059557714495
2210102,PI,0.0,2,populacao,1.7043782834298244
2210201,PI,1.0,2,populacao,3.05023188593215
2210300,PI,0.0,2,populacao,2.892684313514267
2210359,PI,1.0,2,populacao,2.0795355526477746
2210375,PI,0.0,2,populacao,1.202166520326485
2210383,PI,0.0,2,populacao,1.1148454318016174
2210391,PI,0.0,2,populacao,1.381890877131636
2210409,PI,2.0,2,populacao,8.036774258677635
2210508,PI,0.0,2,populacao,6.494101694738307
2210607,PI,7.0,2,populacao,15.758915388860906
2210623,PI,0.0,2,populacao,1.580557903934245
2210631,PI,1.0,2,populacao,1.9515570260795823
2210656,PI,0.0,2,populacao,4.564721453045992
2210706,PI,0.0,2,populacao,6.652111283497591
2210805,PI,1.0,2,populacao,5.769660071420886
2210904,PI,0.0,2,populacao,2.0790735363063733
2210938,PI,0.0,2,populacao,3.0548520493461644
2210953,PI,0.0,2,populacao,1.3259868998220645
2210979,PI,0.0,2,populacao,1.2562224322704507
2211001,PI,270.0,2,populacao,392.8053694268013
2211100,PI,1.0,2,populacao,20.218297116067376
2211209,PI,4.0,2,populacao,9.789202241613207
2211308,PI,4.0,2,populacao,9.511992436772358
2211357,PI,0.0,2,populacao,2.251405631649101
2211407,PI,1.0,2,populacao,1.9982206765611252
2211506,PI,0.0,2,populacao,1.3994474981048899
2211605,PI,0.0,2,populacao,1.354169896647551
2211704,PI,0.0,2,populacao,2.028251738752217
2300101,CE,2.0,2,populacao,5.361699641963435
2300150,CE,0.0,2,populacao,7.643136335803629
2300200,CE,8.0,2,populacao,28.736954418826688
2300309,CE,7.0,2,populacao,24.75113944155667
2300408,CE,1.0,2,populacao,7.943908974055951
2300507,CE,0.0,2,populacao,5.2942452561188285
2300606,CE,2.0,2,populacao,3.455420217341192
2300705,CE,3.0,2,populacao,7.843189411630442
2300754,CE,1.0,2,populacao,19.82096306246216
2300804,CE,1.0,2,populacao,3.3625549327195072
2300903,CE,2.0,2,populacao,6.8004185290874455
2301000,CE,1.0,2,populacao,36.558429062411264
2301109,CE,21.0,2,populacao,34.017801201044875
2301208,CE,3.0,2,populacao,12.136707272273803
2301257,CE,0.0,2,populacao,5.000402862987528
2301307,CE,1.0,2,populacao,9.886225673307505
2301406,CE,2.0,2,populacao,5.194911742717524
2301505,CE,2.0,2,populacao,3.5931010870788143
2301604,CE,1.0,2,populacao,10.743728002948533
2301703,CE,3.0,2,populacao,11.317552298969092
2301802,CE,0.0,2,populacao,2.8774377742480204
2301851,CE,1.0,2,populacao,8.328768586443331
2301901,CE,6.0,2,populacao,27.633659395560105
2301950,CE,1.0,2,populacao,9.69217880991891
2302008,CE,4.0,2,populacao,10.36764670104778
2302057,CE,0.0,2,populacao,6.874803160053074
2302107,CE,3.0,2,populacao,16.332739684881467
2302206,CE,3.0,2,populacao,24.537687891829215
2302305,CE,3.0,2,populacao,14.959165101895055
2302404,CE,3.0,2,populacao,24.971521236405145
2302503,CE,10.0,2,populacao,22.560257950631154
2302602,CE,8.0,2,populacao,29.1000992631682
2302701,CE,4.0,2,populacao,12.571002633191135
2302800,CE,6.0,2,populacao,35.81273468738938
2302909,CE,1.0,2,populacao,8.162904719880222
2303006,CE,2.0,2,populacao,10.312204740079611
2303105,CE,3.0,2,populacao,8.621224930550428
2303204,CE,2.0,2,populacao,12.424543452966885
2303303,CE,3.0,2,populacao,8.687755283712232
2303402,CE,2.0,2,populacao,8.14581011524837
2303501,CE,5.0,2,populacao,32.839659530471266
2303600,CE,3.0,2,populacao,9.448696198000363
2303659,CE,0.0,2,populacao,4.788799378625679
2303709,CE,35.0,2,populacao,167.3529452314452
2303808,CE,1.0,2,populacao,11.579515564543696
2303907,CE,1.0,2,populacao,5.984035653831143
2303931,CE,0.0,2,populacao,6.183626713316555
2303956,CE,1.0,2,populacao,8.869327705882988
2304004,CE,1.0,2,populacao,10.675811600762525
2304103,CE,9.0,2,populacao,34.38602822514181
2304202,CE,18.0,2,populacao,60.34118225239057
2304236,CE,1.0,2,populacao,8.258080086208913
2304251,CE,7.0,2,populacao,11.080537915830165
2304269,CE,2.0,2,populacao,4.398857586482884
2304277,CE,2.0,2,populacao,3.3094230534583446
2304285,CE,13.0,2,populacao,24.33301465258839
2304301,CE,0.0,2,populacao,8.648945911034511
2304350,CE,4.0,2,populacao,11.110106961679856
2304400,CE,614.0,2,populacao,1213.939620738076
2304459,CE,1.0,2,populacao,7.517929907283845
2304509,CE,2.0,2,populacao,6.315301370615958
2304608,CE,0.0,2,populacao,3.1980771151806033
2304657,CE,0.0,2,populacao,7.072084137831478
2304707,CE,5.0,2,populacao,25.117518400287995
2304806,CE,0.0,2,populacao,2.044422310701267
2304905,CE,1.0,2,populacao,5.0877239515123955
2304954,CE,2.0,2,populacao,12.165352285440692
2305001,CE,4.0,2,populacao,18.224234586578863
2305100,CE,0.0,2,populacao,1.6387719629508235
2305209,CE,7.0,2,populacao,9.33966034142963
2305233,CE,5.0,2,populacao,30.45981335591257
2305266,CE,0.0,2,populacao,6.10693200064392
2305308,CE,3.0,2,populacao,11.469555675290158
2305332,CE,1.0,2,populacao,5.705901816307491
2305357,CE,5.0,2,populacao,9.094791680486878
2305407,CE,8.0,2,populacao,31.179634815815977
2305506,CE,14.0,2,populacao,47.40934485656493
2305605,CE,1.0,2,populacao,11.997178337170576
2305654,CE,2.0,2,populacao,5.312725909774885
2305704,CE,1.0,2,populacao,5.705439799966089
2305803,CE,4.0,2,populacao,19.20879141010528
2305902,CE,3.0,2,populacao,17.50857127374807
2306009,CE,2.0,2,populacao,6.525980822295004
2306108,CE,2.0,2,populacao,11.022785873154989
2306207,CE,1.0,2,populacao,3.575082449764159
2306256,CE,3.0,2,populacao,18.161862380489673
2306306,CE,7.0,2,populacao,23.999438854096567
2306405,CE,11.0,2,populacao,58.89091295673152
2306504,CE,2.0,2,populacao,9.246795056807944
2306553,CE,1.0,2,populacao,19.048933755980393
2306603,CE,0.0,2,populacao,9.55218785847428
2306702,CE,0.0,2,populacao,8.296889458886632
2306801,CE,1.0,2,populacao,5.218474576128997
2306900,CE,5.0,2,populacao,15.915538928595987
2307007,CE,4.0,2,populacao,15.588431358883785
2307106,CE,2.0,2,populacao,12.509554459784747
2307205,CE,0.0,2,populacao,3.625442230976913
2307254,CE,4.0,2,populacao,9.01393882074163
2307304,CE,31.0,2,populacao,124.92136443713913
2307403,CE,1.0,2,populacao,11.364215949450635
2307502,CE,2.0,2,populacao,14.477282057813378
2307601,CE,11.0,2,populacao,27.21969275366444
2307635,CE,1.0,2,populacao,9.147923559748042
2307650,CE,31.0,2,populacao,103.86312161240397
2307700,CE,4.0,2,populacao,58.43859895849953
2307809,CE,3.0,2,populacao,12.46566290735161
2307908,CE,0.0,2,populacao,5.120065095410495
2308005,CE,2.0,2,populacao,17.653644404948114
2308104,CE,1.0,2,populacao,21.50593665955312
2308203,CE,2.0,2,populacao,6.90622027126837
2308302,CE,2.0,2,populacao,13.043183334103382
2308351,CE,2.0,2,populacao,6.069046660649004
2308377,CE,2.0,2,populacao,6.275567965255437
2308401,CE,1.0,2,populacao,16.359536632682747
2308500,CE,1.0,2,populacao,20.20628469119094
2308609,CE,3.0,2,populacao,7.8718344247973295
2308708,CE,9.0,2,populacao,28.436181780574366
2308807,CE,0.0,2,populacao,3.989973124342631
2308906,CE,4.0,2,populacao,10.266927138622272
2309003,CE,1.0,2,populacao,6.642408940328162
2309102,CE,0.0,2,populacao,5.928131676521572
2309201,CE,3.0,2,populacao,7.130298196848057
2309300,CE,7.0,2,populacao,14.80069349679437
2309409,CE,3.0,2,populacao,13.099549327754355
2309458,CE,2.0,2,populacao,11.732442973547563
2309508,CE,3.0,2,populacao,9.837251941118955
2309607,CE,6.0,2,populacao,32.76204078511583
2309706,CE,5.0,2,populacao,38.2660414602309
2309805,CE,2.0,2,populacao,5.525715443160938
2309904,CE,1.0,2,populacao,2.8654253493715833
2310001,CE,1.0,2,populacao,4.28982172991215
2310100,CE,0.0,2,populacao,6.073204807721616
2310209,CE,4.0,2,populacao,15.659581875459603
2310258,CE,5.0,2,populacao,15.022461340667048
2310308,CE,4.0,2,populacao,14.385802822215897
2310407,CE,0.0,2,populacao,5.349225200745598
2310506,CE,2.0,2,populacao,19.79324208197807
2310605,CE,0.0,2,populacao,4.137818353591084
2310704,CE,2.0,2,populacao,17.13017989014031
2310803,CE,3.0,2,populacao,7.467570126071091
2310852,CE,1.0,2,populacao,9.537865351890837
2310902,CE,0.0,2,populacao,7.729995407987095
2310951,CE,1.0,2,populacao,4.982384225672873
2311009,CE,0.0,2,populacao,5.656466067777539
2311108,CE,1.0,2,populacao,6.893745830050531
2311207,CE,2.0,2,populacao,5.044294415420662
2311231,CE,0.0,2,populacao,2.9365758659474017
2311264,CE,0.0,2,populacao,9.637660881633543
2311306,CE,12.0,2,populacao,40.01292524706965
2311355,CE,2.0,2,populacao,6.865562833225045
2311405,CE,6.0,2,populacao,36.3412813819526
2311504,CE,2.0,2,populacao,10.107069484497382
2311603,CE,4.0,2,populacao,12.678190424396263
2311702,CE,3.0,2,populacao,8.671584711763181
2311801,CE,9.0,2,populacao,35.33269970867331
2311900,CE,1.0,2,populacao,7.243492200491404
2311959,CE,0.0,2,populacao,7.545188871426529
2312007,CE,4.0,2,populacao,14.795149300697553
2312106,CE,3.0,2,populacao,8.08020379476937
2312205,CE,9.0,2,populacao,20.03302856316541
2312304,CE,4.0,2,populacao,21.552138293693265
2312403,CE,5.0,2,populacao,22.299218717739354
2312502,CE,0.0,2,populacao,3.5210265378201933
2312601,CE,2.0,2,populacao,5.936447970666797
2312700,CE,4.0,2,populacao,12.218946181043256
2312809,CE,0.0,2,populacao,3.4711287729488403
2312908,CE,33.0,2,populacao,94.95775663189168
2313005,CE,2.0,2,populacao,8.389292727166916
2313104,CE,1.0,2,populacao,14.08641623298778
2313203,CE,3.0,2,populacao,11.79296711427115
2313252,CE,0.0,2,populacao,4.089768654085336
2313302,CE,10.0,2,populacao,26.85192774590891
2313351,CE,0.0,2,populacao,8.73303288516957
2313401,CE,9.0,2,populacao,34.52139901317242
2313500,CE,2.0,2,populacao,25.506536159747988
2313559,CE,1.0,2,populacao,7.362230400231568
2313609,CE,3.0,2,populacao,15.861945032993422
2313708,CE,0.0,2,populacao,3.544127354890264
2313757,CE,0.0,2,populacao,9.09201958243847
2313807,CE,1.0,2,populacao,9.983711121343203
2313906,CE,2.0,2,populacao,6.3189975013471695
2313955,CE,0.0,2,populacao,8.426716050820431
2314003,CE,2.0,2,populacao,18.683940846273273
2314102,CE,1.0,2,populacao,27.734840974327017
2700102,AL,1.0,2,populacao,9.456088459462785
2700201,AL,2.0,2,populacao,8.232207171090435
2700300,AL,29.0,2,populacao,108.19729691109066
2700409,AL,1.0,2,populacao,22.058508203869216
2700508,AL,2.0,2,populacao,7.42183050827235
2700607,AL,2.0,2,populacao,3.881399284113298
2700706,AL,3.0,2,populacao,8.666040515666364
2700805,AL,2.0,2,populacao,2.0573587682605066
2700904,AL,0.0,2,populacao,3.1403250725054264
2701001,AL,2.0,2,populacao,12.747030859265074
2701100,AL,0.0,2,populacao,4.932024444460119
2701209,AL,0.0,2,populacao,5.0345920722512325
2701308,AL,1.0,2,populacao,9.945363765006887
2701357,AL,0.0,2,populacao,3.2452027820035476
2701407,AL,2.0,2,populacao,26.588116414968702
2701506,AL,0.0,2,populacao,4.477862380862526
2701605,AL,1.0,2,populacao,8.308439867421669
2701704,AL,0.0,2,populacao,8.017831588680178
2701803,AL,0.0,2,populacao,4.229759605529965
2701902,AL,0.0,2,populacao,3.431395367588318
2702009,AL,1.0,2,populacao,5.03043392517862
2702108,AL,2.0,2,populacao,10.130170301567453
2702207,AL,0.0,2,populacao,2.7342127084135814
2702306,AL,3.0,2,populacao,26.565015597898633
2702355,AL,0.0,2,populacao,11.324020527748711
2702405,AL,4.0,2,populacao,24.30067350869029
2702504,AL,1.0,2,populacao,5.1810512524754815
2702553,AL,0.0,2,populacao,8.517271253735109
2702603,AL,0.0,2,populacao,10.386589371045238
2702702,AL,2.0,2,populacao,2.2204505367752065
2702801,AL,0.0,2,populacao,5.990503882610763
2702900,AL,1.0,2,populacao,19.07157255670906
2703007,AL,2.0,2,populacao,7.318338847798433
2703106,AL,2.0,2,populacao,12.022589235947654
2703205,AL,2.0,2,populacao,11.454771152365312
2703304,AL,2.0,2,populacao,8.617528799819215
2703403,AL,0.0,2,populacao,2.4745595245459855
2703502,AL,0.0,2,populacao,3.296486595899105
2703601,AL,0.0,2,populacao,3.9054241338661715
2703700,AL,0.0,2,populacao,2.6224047537944384
2703759,AL,1.0,2,populacao,5.443476534391486
2703809,AL,0.0,2,populacao,11.217756769226387
2703908,AL,0.0,2,populacao,1.954791140469392
2704005,AL,2.0,2,populacao,11.593376054785738
2704104,AL,1.0,2,populacao,8.39714700497074
2704203,AL,0.0,2,populacao,13.376759132595204
2704302,AL,235.0,2,populacao,475.4744154100981
2704401,AL,0.0,2,populacao,9.332730096308609
2704500,AL,5.0,2,populacao,15.218818285762651
2704609,AL,2.0,2,populacao,4.3512699033185385
2704708,AL,1.0,2,populacao,24.144974001638012
2704807,AL,1.0,2,populacao,6.243688837698739
2704906,AL,2.0,2,populacao,1.6535564858756688
2705002,AL,4.0,2,populacao,11.82253616012084
2705101,AL,1.0,2,populacao,11.555952731132223
2705200,AL,0.0,2,populacao,8.310749949128676
2705309,AL,0.0,2,populacao,2.500894456005866
2705408,AL,1.0,2,populacao,3.354238638574282
2705507,AL,1.0,2,populacao,13.203965020911074
2705606,AL,1.0,2,populacao,5.923511513107558
2705705,AL,3.0,2,populacao,10.056709703284627
2705804,AL,0.0,2,populacao,4.370212573315996
2705903,AL,0.0,2,populacao,2.4001748935803575
2706000,AL,0.0,2,populacao,5.438856370977472
2706109,AL,0.0,2,populacao,5.375560132205478
2706208,AL,0.0,2,populacao,2.340574785539575
2706307,AL,8.0,2,populacao,34.2853086627163
2706406,AL,0.0,2,populacao,11.45430913602391
2706422,AL,0.0,2,populacao,4.936182591532731
2706448,AL,1.0,2,populacao,6.122640556251568
2706505,AL,1.0,2,populacao,7.143234654407297
2706604,AL,2.0,2,populacao,3.547823485621475
2706703,AL,8.0,2,populacao,29.798667971367145
2706802,AL,2.0,2,populacao,8.350483354489198
2706901,AL,3.0,2,populacao,16.42560496950315
2707008,AL,2.0,2,populacao,1.3643342561583822
2707107,AL,0.0,2,populacao,11.688089404773027
2707206,AL,0.0,2,populacao,6.7338881759256415
2707305,AL,2.0,2,populacao,12.705911404880348
2707404,AL,1.0,2,populacao,3.67996015926228
2707503,AL,0.0,2,populacao,9.391406171666588
2707602,AL,0.0,2,populacao,5.311339860750681
2707701,AL,6.0,2,populacao,35.12202025699426
2707800,AL,0.0,2,populacao,3.1296986966531937
2707909,AL,1.0,2,populacao,3.4124526975908602
2708006,AL,1.0,2,populacao,22.283972178473107
2708105,AL,3.0,2,populacao,5.035516104934036
2708204,AL,1.0,2,populacao,3.260911337611196
2708303,AL,2.0,2,populacao,11.19280788679071
2708402,AL,1.0,2,populacao,15.073745154562607
2708501,AL,2.0,2,populacao,16.152553311734913
2708600,AL,2.0,2,populacao,28.56508433982536
2708709,AL,0.0,2,populacao,3.7062950907221612
2708808,AL,1.0,2,populacao,15.963126611760332
2708907,AL,2.0,2,populacao,6.444665946208355
2708956,AL,0.0,2,populacao,6.484861367910279
2709004,AL,2.0,2,populacao,2.8968424605868797
2709103,AL,1.0,2,populacao,9.335040178015616
2709152,AL,7.0,2,populacao,20.636421905035657
2709202,AL,1.0,2,populacao,12.968798703137754
2709301,AL,1.0,2,populacao,30.71346032734195
2709400,AL,1.0,2,populacao,12.078493213257225
3300100,RJ,83.0,2,populacao,89.91715834720223
3300159,RJ,12.0,2,populacao,5.217088527104792
3300209,RJ,74.0,2,populacao,58.556875141898296
3300225,RJ,7.0,2,populacao,5.610264433637397
3300233,RJ,28.0,2,populacao,14.904647173609687
3300258,RJ,28.0,2,populacao,13.538926868427101
3300308,RJ,53.0,2,populacao,45.02811263298203
3300407,RJ,118.0,2,populacao,82.90929448082555
3300456,RJ,108.0,2,populacao,229.05984778901833
3300506,RJ,15.0,2,populacao,12.273926125670023
3300605,RJ,20.0,2,populacao,16.66400540166628
3300704,RJ,112.0,2,populacao,99.80939023294795
3300803,RJ,35.0,2,populacao,26.357108244267994
3300902,RJ,8.0,2,populacao,6.987535147355019
3300936,RJ,5.0,2,populacao,7.192670402937248
3300951,RJ,7.0,2,populacao,3.851368221922206
3301009,RJ,244.0,2,populacao,226.52106799301757
3301108,RJ,17.0,2,populacao,9.100335876583696
3301157,RJ,6.0,2,populacao,5.78398257800433
3301207,RJ,12.0,2,populacao,8.438266459355466
3301306,RJ,33.0,2,populacao,19.40422432251808
3301405,RJ,12.0,2,populacao,10.37734904421721
3301504,RJ,24.0,2,populacao,9.817847254780094
3301603,RJ,1.0,2,populacao,5.160260517112418
3301702,RJ,249.0,2,populacao,411.65517413963767
3301801,RJ,7.0,2,populacao,6.272333850865627
3301850,RJ,20.0,2,populacao,26.76044851031143
3301876,RJ,19.0,2,populacao,12.444872171988548
3301900,RJ,56.0,2,populacao,107.36982564364072
3302007,RJ,48.0,2,populacao,56.5364776809499
3302056,RJ,12.0,2,populacao,6.802266594453052
3302106,RJ,17.0,2,populacao,10.48499885176374
3302205,RJ,51.0,2,populacao,46.20024809111742
3302254,RJ,19.0,2,populacao,14.185287730047683
3302270,RJ,34.0,2,populacao,46.773148354455174
3302304,RJ,1.0,2,populacao,3.334371935894021
3302403,RJ,230.0,2,populacao,112.79620757340037
3302452,RJ,1.0,2,populacao,2.5105967991752958
3302502,RJ,106.0,2,populacao,109.69191977552424
3302601,RJ,19.0,2,populacao,19.59642312054107
3302700,RJ,132.0,2,populacao,70.6921963651479
3302809,RJ,12.0,2,populacao,8.373122155217867
3302858,RJ,80.0,2,populacao,79.13415895523457
3302908,RJ,33.0,2,populacao,11.490808426994624
3303005,RJ,17.0,2,populacao,12.266995880549002
3303104,RJ,15.0,2,populacao,6.911764467365187
3303203,RJ,102.0,2,populacao,73.15058531774483
3303302,RJ,799.0,2,populacao,230.55909081686593
3303401,RJ,146.0,2,populacao,85.64905138533594
3303500,RJ,422.0,2,populacao,368.9879650112169
3303609,RJ,35.0,2,populacao,23.307338374677244
3303708,RJ,20.0,2,populacao,19.83066540563159
3303807,RJ,19.0,2,populacao,19.15242541645431
3303856,RJ,17.0,2,populacao,12.470283070765626
3303906,RJ,233.0,2,populacao,137.7894435778514
3303955,RJ,14.0,2,populacao,11.218680801909189
3304003,RJ,22.0,2,populacao,13.039025187030768
3304102,RJ,9.0,2,populacao,8.430874197893043
3304110,RJ,8.0,2,populacao,8.699305692247266
3304128,RJ,5.0,2,populacao,6.368895266218523
3304144,RJ,54.0,2,populacao,67.1707078109863
3304151,RJ,11.0,2,populacao,10.87355459488233
3304201,RJ,118.0,2,populacao,58.640500099691955
3304300,RJ,28.0,2,populacao,26.922616246143328
3304409,RJ,5.0,2,populacao,8.310749949128676
3304508,RJ,6.0,2,populacao,4.150754811150324
3304524,RJ,130.0,2,populacao,65.19836004954365
3304557,RJ,6569.0,2,populacao,3012.4694422840466
3304607,RJ,7.0,2,populacao,4.699630224735206
3304706,RJ,29.0,2,populacao,19.086819095975308
3304755,RJ,15.0,2,populacao,19.030915118665735
3304805,RJ,25.0,2,populacao,17.412933891077977
3304904,RJ,406.0,2,populacao,485.0367676280832
3305000,RJ,15.0,2,populacao,16.250962792453414
3305109,RJ,120.0,2,populacao,212.74050657803753
3305133,RJ,3.0,2,populacao,3.212399621764047
3305158,RJ,15.0,2,populacao,9.755013032349503
3305208,RJ,47.0,2,populacao,46.15820460404989
3305307,RJ,4.0,2,populacao,4.201576608704479
3305406,RJ,4.0,2,populacao,8.20772030499616
3305505,RJ,45.0,2,populacao,39.35224187886563
3305554,RJ,33.0,2,populacao,39.001571475741954
3305604,RJ,4.0,2,populacao,9.8192333038043
3305703,RJ,10.0,2,populacao,7.018490242228914
3305752,RJ,6.0,2,populacao,15.232678776004693
3305802,RJ,120.0,2,populacao,81.34259706713334
3305901,RJ,8.0,2,populacao,4.782793166187461
3306008,RJ,38.0,2,populacao,36.68502153995525
3306107,RJ,33.0,2,populacao,34.29870713661694
3306156,RJ,4.0,2,populacao,4.895987169830808
3306206,RJ,36.0,2,populacao,16.525400499245855
3306305,RJ,227.0,2,populacao,122.52719575599698
4300034,RS,2.0,2,populacao,2.19873576872934
4300059,RS,2.0,2,populacao,1.7746047673228398
4300109,RS,1.0,2,populacao,7.893549192843197
4300208,RS,2.0,2,populacao,3.3995162400316206
4300307,RS,0.0,2,populacao,3.1121420756799396
4300406,RS,35.0,2,populacao,36.03866067833467
4300455,RS,1.0,2,populacao,1.8651599702375175
4300471,RS,1.0,2,populacao,0.9605319737735444
4300505,RS,1.0,2,populacao,3.434167465636727
4300554,RS,1.0,2,populacao,0.8330154635467535
4300570,RS,8.0,2,populacao,1.4045296778603054
4300604,RS,44.0,2,populacao,96.18117590392262
4300638,RS,0.0,2,populacao,3.166660003965307
4300646,RS,2.0,2,populacao,3.5002358024571296
4300661,RS,1.0,2,populacao,0.6033933418702496
4300703,RS,4.0,2,populacao,2.8691214801027947
4300802,RS,5.0,2,populacao,6.147589438687245
4300851,RS,0.0,2,populacao,1.7316372475725081
4300877,RS,2.0,2,populacao,2.4925781618606404
4300901,RS,1.0,2,populacao,3.0497698695907487
4301008,RS,9.0,2,populacao,9.36599527288951
4301057,RS,7.0,2,populacao,4.181247889682817
4301073,RS,0.0,2,populacao,1.3426194881125155
4301107,RS,9.0,2,populacao,6.586042946677188
4301206,RS,0.0,2,populacao,6.185474778682161
4301305,RS,3.0,2,populacao,8.742273211997599
4301404,RS,4.0,2,populacao,4.903841447634632
4301503,RS,2.0,2,populacao,3.2761578768774426
4301552,RS,2.0,2,populacao,1.7177767573304656
4301602,RS,61.0,2,populacao,56.46255506632568
4301636,RS,8.0,2,populacao,5.854209061897345
4301651,RS,1.0,2,populacao,2.8224578296212517
4301701,RS,2.0,2,populacao,3.124616516897778
4301750,RS,1.0,2,populacao,3.437401580026537
4301800,RS,2.0,2,populacao,2.5290774528313524
4301859,RS,0.0,2,populacao,1.502939158578807
4301875,RS,0.0,2,populacao,1.9510950097381807
4301909,RS,5.0,2,populacao,6.174848402829928
4301925,RS,1.0,2,populacao,0.8847612937837122
4301958,RS,0.0,2,populacao,1.1624331149659632
4302006,RS,3.0,2,populacao,5.306719697336667
4302055,RS,0.0,2,populacao,1.028910392300954
4302105,RS,53.0,2,populacao,53.163758388719565
4302154,RS,1.0,2,populacao,1.001189411816869
4302204,RS,1.0,2,populacao,3.1551095954302717
4302220,RS,1.0,2,populacao,1.1670532783799774
4302238,RS,0.0,2,populacao,1.1915401444742524
4302253,RS,1.0,2,populacao,1.320904720066649
4302303,RS,0.0,2,populacao,5.439318387318873
4302352,RS,6.0,2,populacao,6.093533526743279
4302378,RS,0.0,2,populacao,1.0238282125455385
4302402,RS,2.0,2,populacao,5.638447430462884
4302451,RS,2.0,2,populacao,3.6563973258508082
4302501,RS,1.0,2,populacao,3.142173137871032
4302584,RS,0.0,2,populacao,1.0293724086423555
4302600,RS,0.0,2,populacao,1.684973597090965
4302659,RS,0.0,2,populacao,2.3082336416414755
4302709,RS,6.0,2,populacao,9.81646120575589
4302808,RS,6.0,2,populacao,16.00147396809665
4302907,RS,3.0,2,populacao,6.261245458671993
4303004,RS,29.0,2,populacao,39.50008710811408
4303103,RS,67.0,2,populacao,58.82299655454551
4303202,RS,0.0,2,populacao,2.356283341147223
4303301,RS,1.0,2,populacao,2.329486393345941
4303400,RS,0.0,2,populacao,2.339650752856772
4303509,RS,12.0,2,populacao,30.592412045894775
4303558,RS,0.0,2,populacao,1.2626906610500706
4303608,RS,2.0,2,populacao,3.0862691605614603
4303673,RS,2.0,2,populacao,1.5740896751546252
4303707,RS,2.0,2,populacao,2.769325950360089
4303806,RS,6.0,2,populacao,2.606234181845389
4303905,RS,35.0,2,populacao,29.991328785731532
4304002,RS,2.0,2,populacao,2.384466337972709
4304101,RS,3.0,2,populacao,1.6235254236845766
4304200,RS,4.0,2,populacao,14.601102437308958
4304309,RS,1.0,2,populacao,3.0340613139831003
4304358,RS,4.0,2,populacao,4.345725707221721
4304408,RS,17.0,2,populacao,19.895347693427787
4304507,RS,12.0,2,populacao,25.920502801643654
4304606,RS,204.0,2,populacao,158.86570503990117
4304614,RS,0.0,2,populacao,0.8394836923263733
4304622,RS,0.0,2,populacao,0.8122247281836897
4304630,RS,38.0,2,populacao,22.362052940169946
4304655,RS,3.0,2,populacao,1.5934943614934847
4304663,RS,4.0,2,populacao,11.779106624029106
4304671,RS,1.0,2,populacao,2.0153152811929775
4304689,RS,2.0,2,populacao,5.292397190753223
4304697,RS,1.0,2,populacao,1.2793232493405216
4304705,RS,23.0,2,populacao,28.801636706622887
4304713,RS,0.0,2,populacao,3.682732257310689
4304804,RS,19.0,2,populacao,12.978501046307183
4304853,RS,0.0,2,populacao,0.7147392801479909
4304903,RS,7.0,2,populacao,4.194646363583458
4304952,RS,1.0,2,populacao,1.4715220473635107
4305009,RS,5.0,2,populacao,4.312922546982221
4305108,RS,218.0,2,populacao,223.32807305759238
4305116,RS,0.0,2,populacao,1.3934412856666714
4305124,RS,1.0,2,populacao,2.9767712876493246
4305132,RS,0.0,2,populacao,2.168704706538248
4305157,RS,1.0,2,populacao,1.1259338239952514
4305173,RS,2.0,2,populacao,5.306719697336667
4305207,RS,7.0,2,populacao,6.500107907176525
4305306,RS,4.0,2,populacao,4.433970828429391
4305355,RS,17.0,2,populacao,17.97197366417369
4305371,RS,2.0,2,populacao,1.6087409007597313
4305405,RS,1.0,2,populacao,1.8600777904821018
4305439,RS,5.0,2,populacao,2.9827775000875434
4305447,RS,0.0,2,populacao,2.457464919914133
4305454,RS,5.0,2,populacao,6.796260382014833
4305504,RS,1.0,2,populacao,2.302227429203257
4305587,RS,1.0,2,populacao,1.1545788371621393
4305603,RS,3.0,2,populacao,1.6068928353941256
4305702,RS,3.0,2,populacao,3.1583437098200813
4305801,RS,1.0,2,populacao,4.670523195226917
4305835,RS,2.0,2,populacao,0.7202834762448079
4305850,RS,1.0,2,populacao,1.135636167164681
4305871,RS,0.0,2,populacao,1.1822998176462243
4305900,RS,0.0,2,populacao,3.5926390707374125
4305934,RS,0.0,2,populacao,0.7983642379416472
4305959,RS,1.0,2,populacao,1.848065365605665
4305975,RS,2.0,2,populacao,1.328758997870473
4306007,RS,2.0,2,populacao,6.558321966193104
4306056,RS,3.0,2,populacao,3.6180499695144905
4306072,RS,0.0,2,populacao,1.3481636842093325
4306106,RS,30.0,2,populacao,29.32094307435808
4306130,RS,0.0,2,populacao,0.951291646945516
4306205,RS,3.0,2,populacao,5.66339631289856
4306304,RS,2.0,2,populacao,2.23800715774846
4306320,RS,0.0,2,populacao,1.4331746910271932
4306353,RS,1.0,2,populacao,1.2677728408054862
4306379,RS,0.0,2,populacao,1.4461111485864329
4306403,RS,17.0,2,populacao,14.208388547117753
4306429,RS,0.0,2,populacao,0.9970312647442563
4306452,RS,0.0,2,populacao,1.5847160510068576
4306502,RS,5.0,2,populacao,7.059147680272239
4306551,RS,0.0,2,populacao,1.2090967654475062
4306601,RS,10.0,2,populacao,18.398414747287198
4306700,RS,2.0,2,populacao,1.5389764332081175
4306734,RS,0.0,2,populacao,2.360903504561237
4306759,RS,0.0,2,populacao,0.956835843042333
4306767,RS,15.0,2,populacao,17.82505246760804
4306809,RS,11.0,2,populacao,10.22349760253054
4306908,RS,8.0,2,populacao,11.953286784737442
4306924,RS,0.0,2,populacao,0.6191018974778978
4306932,RS,3.0,2,populacao,4.1493687621261195
4306957,RS,0.0,2,populacao,1.4022195961532984
4306973,RS,1.0,2,populacao,1.4165421027367422
4307005,RS,56.0,2,populacao,47.78958430553829
4307054,RS,2.0,2,populacao,1.4853825376055532
4307104,RS,1.0,2,populacao,3.2248740629818853
4307203,RS,2.0,2,populacao,2.3886244850453218
4307302,RS,0.0,2,populacao,3.5390451751348486
4307401,RS,1.0,2,populacao,1.530660139062892
4307450,RS,0.0,2,populacao,1.4803003578501377
4307500,RS,7.0,2,populacao,7.319724896822637
4307559,RS,5.0,2,populacao,2.8464826793741254
4307609,RS,18.0,2,populacao,21.84736673584877
4307708,RS,39.0,2,populacao,38.9188705506311
4307807,RS,15.0,2,populacao,15.311221554042934
4307815,RS,1.0,2,populacao,1.7302511985483038
4307831,RS,1.0,2,populacao,1.2469821054424224
4307864,RS,0.0,2,populacao,1.258532513977458
4307906,RS,19.0,2,populacao,32.12954041373729
4308003,RS,0.0,2,populacao,3.1726662164035253
4308052,RS,1.0,2,populacao,1.1656672293557733
4308078,RS,2.0,2,populacao,1.9376965358375398
4308102,RS,14.0,2,populacao,6.132342899420998
4308201,RS,12.0,2,populacao,13.677069754506125
4308250,RS,0.0,2,populacao,0.904627996463973
4308300,RS,1.0,2,populacao,5.006409075425746
4308409,RS,2.0,2,populacao,3.2586012559041886
4308433,RS,0.0,2,populacao,1.1638191639901676
4308458,RS,1.0,2,populacao,2.119730974349698
4308508,RS,14.0,2,populacao,14.244887838088465
4308607,RS,9.0,2,populacao,15.53483746328122
4308656,RS,1.0,2,populacao,1.4701359983393065
4308706,RS,3.0,2,populacao,2.7157320547575248
4308805,RS,1.0,2,populacao,4.002447565560469
4308854,RS,0.0,2,populacao,0.7877378620894147
4308904,RS,8.0,2,populacao,7.691648051650778
4309001,RS,10.0,2,populacao,7.886156931380774
4309050,RS,2.0,2,populacao,3.53627307708644
4309100,RS,29.0,2,populacao,16.192286717095435
4309126,RS,1.0,2,populacao,1.0381507191289823
4309159,RS,1.0,2,populacao,1.9640314672974204
4309209,RS,111.0,2,populacao,127.12194827123407
4309258,RS,1.0,2,populacao,0.739226146242266
4309308,RS,31.0,2,populacao,45.89393125676828
4309407,RS,18.0,2,populacao,11.474637855045573
4309506,RS,2.0,2,populacao,3.733092038523443
4309555,RS,0.0,2,populacao,2.154844216296205
4309571,RS,1.0,2,populacao,1.4183901681023479
4309605,RS,7.0,2,populacao,8.934472010020587
4309654,RS,1.0,2,populacao,3.031289215934692
4309704,RS,0.0,2,populacao,2.304537510910264
4309753,RS,1.0,2,populacao,2.087851846793
4309803,RS,2.0,2,populacao,2.238931190431263
4309902,RS,2.0,2,populacao,3.4457178741717622
4309951,RS,0.0,2,populacao,1.9196778985228844
4310009,RS,20.0,2,populacao,9.404342629225827
4310108,RS,17.0,2,populacao,16.125756363933633
4310207,RS,52.0,2,populacao,38.49982172898002
4310306,RS,3.0,2,populacao,1.941392666568751
4310330,RS,13.0,2,populacao,9.507372273358344
4310363,RS,3.0,2,populacao,1.458585589804271
4310405,RS,11.0,2,populacao,3.0483838205665443
4310413,RS,0.0,2,populacao,1.0681817813200742
4310439,RS,2.0,2,populacao,2.99478992496398
4310462,RS,1.0,2,populacao,0.912482274267797
4310504,RS,2.0,2,populacao,3.6596314402406183
4310538,RS,1.0,2,populacao,2.487495982105225
4310553,RS,0.0,2,populacao,1.6410820446578305
4310579,RS,0.0,2,populacao,1.0603275035162503
4310603,RS,9.0,2,populacao,18.02418151075205
4310652,RS,0.0,2,populacao,1.193388209839858
4310702,RS,1.0,2,populacao,1.8000156660999176
4310751,RS,1.0,2,populacao,0.9720823823085798
4310801,RS,13.0,2,populacao,10.401835910311485
4310850,RS,0.0,2,populacao,1.885950705600581
4310876,RS,1.0,2,populacao,1.2317355661761757
4310900,RS,1.0,2,populacao,1.7113085285508458
4311007,RS,8.0,2,populacao,13.008532108498276
4311106,RS,3.0,2,populacao,5.319656154895907
4311122,RS,1.0,2,populacao,1.8864127219419826
4311130,RS,4.0,2,populacao,1.6840495644081621
4311155,RS,0.0,2,populacao,4.009839827022891
4311205,RS,10.0,2,populacao,9.245871024125142
4311239,RS,0.0,2,populacao,1.317670605676839
4311254,RS,1.0,2,populacao,3.0104984805716284
4311270,RS,1.0,2,populacao,0.7623269633123368
4311304,RS,14.0,2,populacao,13.146212978235898
4311403,RS,50.0,2,populacao,36.877682354319646
4311429,RS,0.0,2,populacao,1.1993944222780766
4311502,RS,3.0,2,populacao,3.6069615773208565
4311601,RS,1.0,2,populacao,2.6270249172084528
4311627,RS,1.0,2,populacao,2.663524208179165
4311643,RS,0.0,2,populacao,0.7909719764792246
4311700,RS,1.0,2,populacao,2.6057721655039874
4311718,RS,2.0,2,populacao,2.2195265040924035
4311734,RS,1.0,2,populacao,1.4225483151749605
4311759,RS,3.0,2,populacao,3.4110666485666563
4311775,RS,1.0,2,populacao,3.2415066512723363
4311791,RS,0.0,2,populacao,1.2368177459315912
4311809,RS,22.0,2,populacao,18.96992896160075
4311908,RS,0.0,2,populacao,2.2828227428643975
4311981,RS,0.0,2,populacao,1.8166482543903686
4312005,RS,1.0,2,populacao,1.0118157876691016
4312054,RS,1.0,2,populacao,1.92152596388849
4312104,RS,1.0,2,populacao,2.367371733340857
4312138,RS,0.0,2,populacao,1.1892300627672454
4312153,RS,2.0,2,populacao,1.975581875832456
4312179,RS,0.0,2,populacao,0.8223890876945209
4312203,RS,3.0,2,populacao,2.2195265040924035
4312252,RS,1.0,2,populacao,3.7233896953540135
4312302,RS,1.0,2,populacao,2.298531298472046
4312351,RS,2.0,2,populacao,0.7138152474651881
4312377,RS,0.0,2,populacao,1.5010910932132013
4312385,RS,1.0,2,populacao,1.2423619420284082
4312401,RS,32.0,2,populacao,29.508059692625654
4312427,RS,0.0,2,populacao,1.3795807954246289
4312443,RS,0.0,2,populacao,1.4627437368768839
4312450,RS,1.0,2,populacao,3.033599297641699
4312476,RS,3.0,2,populacao,2.8566470388849567
4312500,RS,11.0,2,populacao,5.911037071889719
4312609,RS,0.0,2,populacao,2.31285380505549
4312617,RS,0.0,2,populacao,1.4581235734628697
4312625,RS,0.0,2,populacao,0.8792170976868952
4312658,RS,7.0,2,populacao,7.939750826983338
4312674,RS,0.0,2,populacao,0.8094526301352812
4312708,RS,2.0,2,populacao,5.658314133143144
4312757,RS,3.0,2,populacao,1.60827888441833
4312807,RS,1.0,2,populacao,2.065675062405732
4312906,RS,4.0,2,populacao,4.434894861112195
4312955,RS,1.0,2,populacao,0.8926155715875361
4313003,RS,0.0,2,populacao,1.5449826456463358
4313011,RS,0.0,2,populacao,1.2968798703137754
4313037,RS,0.0,2,populacao,2.367833749682258
4313060,RS,3.0,2,populacao,9.427443446295898
4313086,RS,1.0,2,populacao,1.186457964718837
4313102,RS,2.0,2,populacao,3.0516179349563544
4313201,RS,8.0,2,populacao,9.55218785847428
4313300,RS,16.0,2,populacao,11.808675669878797
4313334,RS,0.0,2,populacao,1.116693497167223
4313359,RS,1.0,2,populacao,1.6646448780693026
4313375,RS,5.0,2,populacao,12.22033223006746
4313391,RS,1.0,2,populacao,1.905817408280842
4313409,RS,121.0,2,populacao,115.27677331038457
4313425,RS,1.0,2,populacao,1.7357953946451208
4313441,RS,0.0,2,populacao,1.0681817813200742
4313466,RS,0.0,2,populacao,0.8270092511085351
4313490,RS,2.0,2,populacao,1.9316903233993212
4313508,RS,35.0,2,populacao,20.54494266943818
4313607,RS,0.0,2,populacao,1.9275321763267086
4313656,RS,5.0,2,populacao,5.2896250927048145
4313706,RS,16.0,2,populacao,16.098497399790947
4313805,RS,5.0,2,populacao,3.3191253966277743
4313904,RS,16.0,2,populacao,19.303504760092572
4313953,RS,3.0,2,populacao,4.548550881096943
4314001,RS,3.0,2,populacao,3.420768991736086
4314027,RS,1.0,2,populacao,3.5468994529386726
4314035,RS,1.0,2,populacao,1.7371814436693251
4314050,RS,11.0,2,populacao,26.0008936450475
4314068,RS,0.0,2,populacao,2.5660387601434658
4314076,RS,0.0,2,populacao,2.9707650752111063
4314100,RS,112.0,2,populacao,91.84838665426015
4314134,RS,0.0,2,populacao,1.0663337159544686
4314159,RS,0.0,2,populacao,3.920208656791017
4314175,RS,1.0,2,populacao,1.0016514281582705
4314209,RS,3.0,2,populacao,3.6956687148699285
4314308,RS,4.0,2,populacao,1.867932068285926
4314407,RS,184.0,2,populacao,159.11149773352673
4314423,RS,1.0,2,populacao,2.5849814301409237
4314456,RS,0.0,2,populacao,1.208634749106105
4314464,RS,0.0,2,populacao,0.9720823823085798
4314472,RS,0.0,2,populacao,2.0994022553280356
4314498,RS,0.0,2,populacao,2.219064487751002
4314506,RS,5.0,2,populacao,5.966017016516488
4314555,RS,0.0,2,populacao,1.2127928961787175
4314605,RS,1.0,2,populacao,9.609477884808056
4314704,RS,3.0,2,populacao,4.907999594707245
4314753,RS,0.0,2,populacao,0.9757785130397911
4314779,RS,1.0,2,populacao,1.8434452021916508
4314787,RS,0.0,2,populacao,0.7881998784308161
4314803,RS,10.0,2,populacao,16.02827091589793
4314902,RS,1340.0,2,populacao,686.0670080169605
4315008,RS,1.0,2,populacao,2.414959416505203
4315057,RS,0.0,2,populacao,1.1716734417939916
4315073,RS,0.0,2,populacao,0.7743393881887736
4315107,RS,5.0,2,populacao,4.95189114714038
4315131,RS,1.0,2,populacao,0.8404077250091762
4315149,RS,1.0,2,populacao,1.2714689715366976
4315156,RS,1.0,2,populacao,2.9472022417996344
4315172,RS,2.0,2,populacao,0.9397412384104806
4315206,RS,2.0,2,populacao,1.92152596388849
4315305,RS,4.0,2,populacao,10.872168545858127
4315313,RS,0.0,2,populacao,0.8575023296410286
4315321,RS,2.0,2,populacao,1.3047341481175994
4315354,RS,0.0,2,populacao,1.7676745222018186
4315404,RS,3.0,2,populacao,5.168576811257643
4315453,RS,0.0,2,populacao,1.0104297386448973
4315503,RS,3.0,2,populacao,7.537796609964106
4315552,RS,1.0,2,populacao,1.5325082044284977
4315602,RS,121.0,2,populacao,96.73605752994573
4315701,RS,5.0,2,populacao,18.018637314655233
4315750,RS,0.0,2,populacao,2.1285092848363245
4315800,RS,2.0,2,populacao,5.128843405897122
4315909,RS,2.0,2,populacao,2.7568515091422507
4315958,RS,0.0,2,populacao,1.161971098624562
4316006,RS,9.0,2,populacao,9.665381862117627
4316105,RS,6.0,2,populacao,4.941264771288147
4316204,RS,0.0,2,populacao,2.539703828683585
4316303,RS,5.0,2,populacao,3.3473083934532606
4316402,RS,14.0,2,populacao,18.81653953625548
4316428,RS,0.0,2,populacao,1.23635572959019
4316436,RS,0.0,2,populacao,1.3162845566526349
4316451,RS,4.0,2,populacao,5.770584104103689
4316477,RS,0.0,2,populacao,1.2825573637303316
4316501,RS,1.0,2,populacao,3.4346294819781282
4316600,RS,6.0,2,populacao,7.501759335334795
4316709,RS,2.0,2,populacao,4.016770072143913
4316733,RS,0.0,2,populacao,0.7831176986754005
4316758,RS,2.0,2,populacao,2.903772705707901
4316808,RS,62.0,2,populacao,58.87428036844107
4316907,RS,193.0,2,populacao,128.64614018151735
4316956,RS,1.0,2,populacao,2.9374998986302043
4316972,RS,0.0,2,populacao,1.1638191639901676
4317004,RS,2.0,2,populacao,3.887405496551516
4317103,RS,20.0,2,populacao,38.02948909343338
4317202,RS,20.0,2,populacao,33.613074885977234
4317251,RS,0.0,2,populacao,0.8223890876945209
4317301,RS,12.0,2,populacao,14.44909906098789
4317400,RS,26.0,2,populacao,23.404823822712945
4317509,RS,43.0,2,populacao,36.545954621193424
4317558,RS,0.0,2,populacao,1.0145878857175101
4317608,RS,16.0,2,populacao,19.558537780546153
4317707,RS,4.0,2,populacao,5.1057425888270505
4317756,RS,1.0,2,populacao,0.951291646945516
4317806,RS,8.0,2,populacao,6.622542237647901
4317905,RS,7.0,2,populacao,6.8091968395740725
4317954,RS,1.0,2,populacao,1.1402563305786952
4318002,RS,18.0,2,populacao,29.01832237074015
4318051,RS,0.0,2,populacao,1.423010331516362
4318101,RS,4.0,2,populacao,8.95480072904225
4318200,RS,5.0,2,populacao,10.016052265241303
4318309,RS,23.0,2,populacao,29.087162805608962
4318408,RS,7.0,2,populacao,10.978894320721855
4318424,RS,0.0,2,populacao,2.232000945310242
4318432,RS,0.0,2,populacao,1.2224952393481474
4318440,RS,1.0,2,populacao,1.3130504422628249
4318457,RS,0.0,2,populacao,1.2539123505634437
4318465,RS,0.0,2,populacao,0.9970312647442563
4318481,RS,2.0,2,populacao,2.098940238986634
4318499,RS,0.0,2,populacao,1.0187460327901228
4318507,RS,7.0,2,populacao,12.56961658416693
4318606,RS,5.0,2,populacao,3.2881703017538793
4318614,RS,0.0,2,populacao,1.0617135525404546
4318622,RS,0.0,2,populacao,1.6152091295393511
4318705,RS,104.0,2,populacao,106.68604145836663
4318804,RS,14.0,2,populacao,20.596688499675135
4318903,RS,15.0,2,populacao,16.19690688050945
4319000,RS,9.0,2,populacao,9.870517117699857
4319109,RS,1.0,2,populacao,2.6699924369587844
4319125,RS,0.0,2,populacao,1.5288120736972863
4319158,RS,0.0,2,populacao,3.5824747112265816
4319208,RS,1.0,2,populacao,2.62286677013584
4319307,RS,2.0,2,populacao,2.901462624000894
4319356,RS,0.0,2,populacao,1.6812774663597536
4319364,RS,0.0,2,populacao,0.9231086501200296
4319372,RS,1.0,2,populacao,1.381890877131636
4319406,RS,1.0,2,populacao,7.744779930911941
4319505,RS,12.0,2,populacao,11.53516199576916
4319604,RS,6.0,2,populacao,11.27458477921876
4319703,RS,3.0,2,populacao,1.6544805185584717
4319711,RS,0.0,2,populacao,1.0464670132742078
4319737,RS,0.0,2,populacao,1.275165102267909
4319752,RS,2.0,2,populacao,0.9951831993786506
4319802,RS,0.0,2,populacao,4.073598082136287
4319901,RS,23.0,2,populacao,37.10499439428914
4320008,RS,39.0,2,populacao,64.44019123330393
4320107,RS,5.0,2,populacao,10.810258356110337
4320206,RS,2.0,2,populacao,5.148710108577383
4320230,RS,0.0,2,populacao,1.4091498412743195
4320263,RS,3.0,2,populacao,3.43185738392972
4320305,RS,1.0,2,populacao,2.3803081909000965
4320321,RS,1.0,2,populacao,1.3306070632360787
4320354,RS,0.0,2,populacao,2.554026335267029
4320404,RS,9.0,2,populacao,7.47727246924052
4320453,RS,1.0,2,populacao,1.015511918400313
4320503,RS,3.0,2,populacao,2.8021291105995894
4320552,RS,1.0,2,populacao,2.9185572286327464
4320578,RS,1.0,2,populacao,0.976702545722594
4320602,RS,0.0,2,populacao,1.787079208540678
4320651,RS,1.0,2,populacao,1.1462625430169138
4320677,RS,2.0,2,populacao,4.80866608130594
4320701,RS,3.0,2,populacao,6.938561415166469
4320800,RS,5.0,2,populacao,14.489294482689814
4320859,RS,0.0,2,populacao,2.09108596118281
4320909,RS,8.0,2,populacao,10.199934769119066
4321006,RS,1.0,2,populacao,4.996244715914915
4321105,RS,6.0,2,populacao,8.050634748919679
4321204,RS,21.0,2,populacao,26.586268349603095
4321303,RS,11.0,2,populacao,12.570078600508332
4321329,RS,1.0,2,populacao,1.4327126746857917
4321352,RS,1.0,2,populacao,2.572044972581684
4321402,RS,3.0,2,populacao,6.471924910351039
4321436,RS,5.0,2,populacao,4.981922209331471
4321451,RS,14.0,2,populacao,14.251356066868086
4321469,RS,0.0,2,populacao,1.3611001417685722
4321477,RS,1.0,2,populacao,2.9079308527805137
4321493,RS,3.0,2,populacao,1.3721885339622062
4321501,RS,17.0,2,populacao,17.3551818484028
4321600,RS,25.0,2,populacao,21.9554785597367
4321626,RS,1.0,2,populacao,1.1046810722907863
4321634,RS,3.0,2,populacao,1.3172085893354377
4321667,RS,7.0,2,populacao,5.037826186641043
4321709,RS,11.0,2,populacao,12.284552501522256
4321808,RS,12.0,2,populacao,11.318014315310494
4321832,RS,1.0,2,populacao,1.3389233573813042
4321857,RS,0.0,2,populacao,2.0592068336261122
4321907,RS,12.0,2,populacao,11.380386521399684
4321956,RS,4.0,2,populacao,2.754079411093842
4322004,RS,11.0,2,populacao,13.069980281904664
4322103,RS,3.0,2,populacao,2.7559274764594477
4322152,RS,0.0,2,populacao,2.1271232358121206
4322186,RS,0.0,2,populacao,0.7267517050244278
4322202,RS,4.0,2,populacao,10.952097372920573
4322251,RS,3.0,2,populacao,2.0661370787471336
4322301,RS,2.0,2,populacao,3.9243668038636295
4322327,RS,0.0,2,populacao,1.6563285839240771
4322343,RS,0.0,2,populacao,1.0312204740079611
4322350,RS,1.0,2,populacao,0.634810453085546
4322376,RS,1.0,2,populacao,1.139794314237294
4322400,RS,47.0,2,populacao,59.9623288524414
4322509,RS,21.0,2,populacao,30.214482678628418
4322525,RS,0.0,2,populacao,1.5990385575903017
4322533,RS,1.0,2,populacao,5.418065635614409
4322541,RS,3.0,2,populacao,2.6048481328211848
4322558,RS,1.0,2,populacao,0.9706963332843755
4322608,RS,26.0,2,populacao,32.56337375831322
4322707,RS,4.0,2,populacao,12.023513268630456
4322806,RS,18.0,2,populacao,11.58413572795771
4322855,RS,1.0,2,populacao,0.9037039637811701
4322905,RS,0.0,2,populacao,2.4047950569943715
4323002,RS,78.0,2,populacao,117.22140009134313
4323101,RS,1.0,2,populacao,2.3803081909000965
4323200,RS,2.0,2,populacao,1.409611857615721
4323309,RS,3.0,2,populacao,1.5625392666195896
4323358,RS,3.0,2,populacao,1.0095057059620944
4323408,RS,0.0,2,populacao,2.036106016556041
4323457,RS,0.0,2,populacao,2.019011411924189
4323507,RS,1.0,2,populacao,1.3292210142118746
4323606,RS,0.0,2,populacao,0.7443083259976816
4323705,RS,0.0,2,populacao,1.3315310959188815
4323754,RS,1.0,2,populacao,1.5810199202756463
4323770,RS,0.0,2,populacao,1.3754226483520162
4323804,RS,9.0,2,populacao,6.768539401530748
5300108,DF,2061.0,2,populacao,1404.272796774486
2200053,PI,0.0,2,historico,0.3862045474750953
2200103,PI,0.0,2,historico,0.5293756762981927
2200202,PI,2.0,2,historico,2.132666014857816
2200251,PI,0.0,2,historico,0.45596617013114876
2200277,PI,1.0,2,historico,0.5928219151826455
2200301,PI,0.0,2,historico,1.2958285139164918
2200400,PI,5.0,2,historico,4.198027185877371
2200459,PI,1.0,2,historico,0.21023000392054247
2200509,PI,1.0,2,historico,1.7925616201771732
2200608,PI,1.0,2,historico,0.8541684228724123
2200707,PI,0.0,2,historico,0.6829455851202312
2200806,PI,0.0,2,historico,0.3715677352266506
2200905,PI,0.0,2,historico,0.6117856354063362
2200954,PI,0.0,2,historico,0.13933003005373068
2201002,PI,0.0,2,historico,0.25613136713919243
2201051,PI,0.0,2,historico,0.19696977037881166
2201101,PI,2.0,2,historico,0.6583490374079297
2201150,PI,1.0,2,historico,0.41673088121289587
2201176,PI,0.0,2,historico,0.30613786180562563
2201200,PI,3.0,2,historico,3.6907185680829393
2201309,PI,0.0,2,historico,0.5005506882550022
2201408,PI,0.0,2,historico,1.2019090469328424
2201507,PI,0.0,2,historico,1.4606400164606026
2201556,PI,0.0,2,historico,0.1915283790436218
2201572,PI,0.0,2,historico,0.25666363404069753
2201606,PI,0.0,2,historico,0.9033544798491888
2201705,PI,1.0,2,historico,0.7070074407611533
2201739,PI,0.0,2,historico,0.15036007579740238
2201770,PI,0.0,2,historico,0.414897938199972
2201804,PI,1.0,2,historico,0.5913009977664121
2201903,PI,4.0,2,historico,3.172147072344059
2201919,PI,0.0,2,historico,0.44665820809984497
2201929,PI,0.0,2,historico,0.6898084043374666
2201945,PI,0.0,2,historico,0.5667284984484118
2201960,PI,0.0,2,historico,0.900623674318588
2201988,PI,0.0,2,historico,0.3004235391035411
2202000,PI,2.0,2,historico,1.419758684715246
2202026,PI,0.0,2,historico,0.4873833620412541
2202059,PI,0.0,2,historico,0.6731261896891653
2202075,PI,0.0,2,historico,0.259318219304258
2202083,PI,0.0,2,historico,0.24906573501620322
2202091,PI,1.0,2,historico,0.6048125330258763
2202109,PI,0.0,2,historico,0.4551233900426
2202117,PI,1.0,2,historico,0.12609106294873026
2202133,PI,1.0,2,historico,0.583978736235441
2202174,PI,0.0,2,historico,0.2304574524352043
2202208,PI,7.0,2,historico,7.085388648805792
2202251,PI,0.0,2,historico,0.29489644339916016
2202307,PI,1.0,2,historico,2.034096653801961
2202406,PI,0.0,2,historico,0.9377840869864406
2202455,PI,0.0,2,historico,0.21015546952147243
2202505,PI,0.0,2,historico,0.29742378171952033
2202539,PI,0.0,2,historico,0.15289814891649797
2202554,PI,0.0,2,historico,0.4340586428800899
2202604,PI,2.0,2,historico,1.9767409242915162
2202653,PI,1.0,2,historico,0.1797443081838117
2202703,PI,7.0,2,historico,0.9825861222265921
2202711,PI,0.0,2,historico,0.6171092159495486
2202729,PI,0.0,2,historico,0.1350754015510067
2202737,PI,0.0,2,historico,0.4110901472382282
2202752,PI,0.0,2,historico,0.7382994737051467
2202778,PI,0.0,2,historico,0.8032659422259503
2202802,PI,1.0,2,historico,0.4709481646885955
2202851,PI,0.0,2,historico,0.4018126180272391
2202901,PI,4.0,2,historico,3.866373743605947
2203008,PI,0.0,2,historico,0.27860776725756375
2203107,PI,0.0,2,historico,0.7548811742618391
2203206,PI,0.0,2,historico,1.1288617361782878
2203230,PI,0.0,2,historico,0.1815138307691937
2203255,PI,0.0,2,historico,0.23316254012562923
2203271,PI,0.0,2,historico,0.2149098606021554
2203305,PI,1.0,2,historico,1.4687971640111879
2203354,PI,0.0,2,historico,0.6548588327687981
2203404,PI,0.0,2,historico,0.7314892807002563
2203420,PI,0.0,2,historico,0.4873602148004894
2203453,PI,0.0,2,historico,0.36509541900409764
2203503,PI,0.0,2,historico,1.4755567610779807
2203602,PI,3.0,2,historico,0.7626602315981179
2203701,PI,4.0,2,historico,3.9765415429121087
2203750,PI,0.0,2,historico,0.2772792410305134
2203800,PI,0.0,2,historico,0.30411200453447557
2203859,PI,0.0,2,historico,0.2295526060150453
2203909,PI,18.0,2,historico,15.625932792166257
2204006,PI,0.0,2,historico,0.3427186654315193
2204105,PI,0.0,2,historico,0.5263122340024539
2204154,PI,0.0,2,historico,0.5649718298861919
2204204,PI,1.0,2,historico,1.1100993115785958
2204303,PI,3.0,2,historico,1.81967467296629
2204352,PI,0.0,2,historico,0.40273402803287417
2204402,PI,1.0,2,historico,0.38228865436076237
2204501,PI,4.0,2,historico,1.7970266075046775
2204550,PI,0.0,2,historico,0.16235799121013886
2204600,PI,0.0,2,historico,0.3185993329398984
2204659,PI,1.0,2,historico,0.5526681401306431
2204709,PI,1.0,2,historico,1.5425382370623795
2204808,PI,0.0,2,historico,0.8216097513576768
2204907,PI,1.0,2,historico,0.7369419788571032
2205003,PI,0.0,2,historico,0.8953641130664673
2205102,PI,2.0,2,historico,1.109332529220036
2205151,PI,0.0,2,historico,0.347671462382006
2205201,PI,0.0,2,historico,1.5894529885557755
2205250,PI,0.0,2,historico,0.3665129239834104
2205276,PI,0.0,2,historico,0.34187664094098336
2205300,PI,0.0,2,historico,0.5494046672017265
2205359,PI,0.0,2,historico,0.14949577511976875
2205409,PI,1.0,2,historico,0.23742349038074784
2205458,PI,0.0,2,historico,0.24680453173838593
2205508,PI,3.0,2,historico,3.811551836859558
2205516,PI,0.0,2,historico,0.394532667229504
2205524,PI,0.0,2,historico,0.30075759038980754
2205532,PI,0.0,2,historico,0.29764159271638163
2205540,PI,1.0,2,historico,0.3099259501368054
2205557,PI,0.0,2,historico,0.5091825847770302
2205565,PI,0.0,2,historico,0.10310297323479493
2205573,PI,1.0,2,historico,0.21409284720217608
2205581,PI,1.0,2,historico,0.39059659015942483
2205599,PI,0.0,2,historico,0.29481329928661254
2205607,PI,0.0,2,historico,0.5613126533316541
2205706,PI,1.0,2,historico,1.2192451262422832
2205805,PI,3.0,2,historico,1.8269228973200233
2205854,PI,0.0,2,historico,0.3140819099068744
2205904,PI,0.0,2,historico,0.3678962892131897
2205953,PI,0.0,2,historico,0.9132250184257038
2206001,PI,1.0,2,historico,0.5780355735792416
2206050,PI,0.0,2,historico,0.3192518653962935
2206100,PI,1.0,2,historico,0.6417331560360959
2206209,PI,0.0,2,historico,1.180900619483365
2206308,PI,0.0,2,historico,0.1559943793943112
2206357,PI,0.0,2,historico,0.16033318924285733
2206407,PI,0.0,2,historico,1.1052889500117096
2206506,PI,0.0,2,historico,0.8422376384253207
2206605,PI,0.0,2,historico,0.5960378983647417
2206654,PI,0.0,2,historico,0.17357589081255442
2206670,PI,0.0,2,historico,0.3998613695641624
2206696,PI,0.0,2,historico,0.15979435669029576
2206704,PI,0.0,2,historico,0.4272616162310615
2206753,PI,0.0,2,historico,0.5500028794196179
2206803,PI,0.0,2,historico,0.39494495713700595
2206902,PI,2.0,2,historico,0.5190042269423567
2206951,PI,0.0,2,historico,0.25054526377364605
2207009,PI,6.0,2,historico,4.975845311834333
2207108,PI,0.0,2,historico,0.16780647257052791
2207207,PI,0.0,2,historico,0.38871570141396583
2207306,PI,0.0,2,historico,0.2921068586289759
2207355,PI,0.0,2,historico,0.3108537218607111
2207405,PI,0.0,2,historico,0.49305565549968144
2207504,PI,0.0,2,historico,0.52813072865702
2207553,PI,0.0,2,historico,0.2592801701973709
2207603,PI,0.0,2,historico,0.6270773024972721
2207702,PI,22.0,2,historico,34.68162925038467
2207751,PI,0.0,2,historico,0.5883643335866798
2207777,PI,0.0,2,historico,0.37349431947076617
2207793,PI,0.0,2,historico,0.09282074566236084
2207801,PI,3.0,2,historico,1.9470239572788064
2207850,PI,0.0,2,historico,0.2141217075108446
2207900,PI,1.0,2,historico,3.1283086780333833
2207934,PI,0.0,2,historico,0.10197844636465217
2207959,PI,1.0,2,historico,0.1659811448453805
2208007,PI,17.0,2,historico,20.75718772536967
2208106,PI,2.0,2,historico,0.8761512203179167
2208205,PI,1.0,2,historico,0.9501539868780565
2208304,PI,2.0,2,historico,2.7081688205933054
2208403,PI,7.0,2,historico,9.600145245825804
2208502,PI,0.0,2,historico,0.7286204382293285
2208551,PI,0.0,2,historico,0.19909181914791077
2208601,PI,0.0,2,historico,0.22788536026818793
2208650,PI,0.0,2,historico,0.2551669678300989
2208700,PI,1.0,2,historico,0.7089534315291192
2208809,PI,6.0,2,historico,1.6046127716281842
2208858,PI,0.0,2,historico,0.11392670812880794
2208874,PI,0.0,2,historico,0.1667010657807181
2208908,PI,0.0,2,historico,0.5079877796678468
2209005,PI,1.0,2,historico,0.49166382289334537
2209104,PI,1.0,2,historico,0.6645679833933043
2209153,PI,0.0,2,historico,0.3147591084460078
2209203,PI,0.0,2,historico,0.15602390736316643
2209302,PI,0.0,2,historico,0.4669404488137033
2209351,PI,0.0,2,historico,0.33706819696806856
2209377,PI,0.0,2,historico,0.3683448897395427
2209401,PI,0.0,2,historico,0.7468382832069174
2209450,PI,0.0,2,historico,0.15530082232560377
2209500,PI,0.0,2,historico,0.35827801181325464
2209559,PI,0.0,2,historico,0.3528985011285968
2209609,PI,0.0,2,historico,0.3497306065852595
2209658,PI,0.0,2,historico,0.10477703894851109
2209708,PI,0.0,2,historico,0.5367770653665814
2209757,PI,0.0,2,historico,0.17530456937601904
2209807,PI,0.0,2,historico,0.3531717665624875
2209856,PI,0.0,2,historico,0.3405323092760116
2209872,PI,0.0,2,historico,0.2540237233121616
2209906,PI,0.0,2,historico,0.49727585399059476
2209955,PI,0.0,2,historico,0.3351027084749072
2209971,PI,0.0,2,historico,0.22335607127682916
2210003,PI,5.0,2,historico,3.217253330346219
2210052,PI,1.0,2,historico,0.40635751410072035
2210102,PI,0.0,2,historico,0.35362760673002436
2210201,PI,1.0,2,historico,0.722249102168066
2210300,PI,0.0,2,historico,0.6966864707206046
2210359,PI,1.0,2,historico,0.5647970918050362
2210375,PI,0.0,2,historico,0.2356122973606737
2210383,PI,0.0,2,historico,0.33160037566244394
2210391,PI,0.0,2,historico,0.19600249083895768
2210409,PI,2.0,2,historico,0.7618396778920662
2210508,PI,0.0,2,historico,1.0682248788993662
2210607,PI,7.0,2,historico,5.94414848287698
2210623,PI,0.0,2,historico,0.11554333854865538
2210631,PI,1.0,2,historico,0.1700736563703661
2210656,PI,0.0,2,historico,0.6516555776923825
2210706,PI,0.0,2,historico,0.9489731208795972
2210805,PI,1.0,2,historico,1.9262497525031854
2210904,PI,0.0,2,historico,0.24696786735777015
2210938,PI,0.0,2,historico,0.6114508111419092
2210953,PI,0.0,2,historico,0.13033836624002337
2210979,PI,0.0,2,historico,0.2730234379796367
2211001,PI,270.0,2,historico,230.74633263715077
2211100,PI,1.0,2,historico,3.008684849473937
2211209,PI,4.0,2,historico,3.068782937364192
2211308,PI,4.0,2,historico,4.045133294483548
2211357,PI,0.0,2,historico,0.34797997160760524
2211407,PI,1.0,2,historico,0.4359694657193957
2211506,PI,0.0,2,historico,0.08801864195018233
2211605,PI,0.0,2,historico,0.19445090872812457
2211704,PI,0.0,2,historico,0.24279183899715454
2300101,CE,2.0,2,historico,0.7903619205547276
2300150,CE,0.0,2,historico,1.4930582414356974
2300200,CE,8.0,2,historico,3.321999015641476
2300309,CE,7.0,2,historico,4.255827681684857
2300408,CE,1.0,2,historico,0.9602405946829704
2300507,CE,0.0,2,historico,0.9975408149193242
2300606,CE,2.0,2,historico,0.6321029239766709
2300705,CE,3.0,2,historico,1.6093048984784042
2300754,CE,1.0,2,historico,1.955983466545552
2300804,CE,1.0,2,historico,0.5945657439071902
2300903,CE,2.0,2,historico,0.9709086143035076
2301000,CE,1.0,2,historico,9.1194698032503
2301109,CE,21.0,2,historico,6.970754501842248
2301208,CE,3.0,2,historico,2.1151046808169665
2301257,CE,0.0,2,historico,0.7329694547225474
2301307,CE,1.0,2,historico,1.0248503980405899
2301406,CE,2.0,2,historico,0.7501634606764285
2301505,CE,2.0,2,historico,0.7500976118042264
2301604,CE,1.0,2,historico,2.0055652844414493
2301703,CE,3.0,2,historico,2.2021219905529534
2301802,CE,0.0,2,historico,0.6116731123668139
2301851,CE,1.0,2,historico,1.2823720522768485
2301901,CE,6.0,2,historico,8.03911610371961
2301950,CE,1.0,2,historico,1.7127536557778589
2302008,CE,4.0,2,historico,1.923983881987838
2302057,CE,0.0,2,historico,0.6590642115835753
2302107,CE,3.0,2,historico,3.5775044456589815
2302206,CE,3.0,2,historico,5.115402227477681
2302305,CE,3.0,2,historico,2.134938971771948
2302404,CE,3.0,2,historico,2.799861356824616
2302503,CE,10.0,2,historico,4.6469391684381804
2302602,CE,8.0,2,historico,5.005760086347178
2302701,CE,4.0,2,historico,2.737124797315598
2302800,CE,6.0,2,historico,6.229875852106475
2302909,CE,1.0,2,historico,1.153580725587243
2303006,CE,2.0,2,historico,1.4647891220591536
2303105,CE,3.0,2,historico,1.2242949898435551
2303204,CE,2.0,2,historico,2.0505974239258737
2303303,CE,3.0,2,historico,1.4537520206983598
2303402,CE,2.0,2,historico,1.1578486615620982
2303501,CE,5.0,2,historico,7.04118728144966
2303600,CE,3.0,2,historico,1.675807410876061
2303659,CE,0.0,2,historico,0.6690501274479632
2303709,CE,35.0,2,historico,48.29616993779158
2303808,CE,1.0,2,historico,2.734979635140697
2303907,CE,1.0,2,historico,0.8398302501896151
2303931,CE,0.0,2,historico,0.5615233934870731
2303956,CE,1.0,2,historico,1.8765270295989822
2304004,CE,1.0,2,historico,1.7128477519136176
2304103,CE,9.0,2,historico,8.872365048566442
2304202,CE,18.0,2,historico,22.792210281826325
2304236,CE,1.0,2,historico,0.8274450694543873
2304251,CE,7.0,2,historico,1.9226731939107786
2304269,CE,2.0,2,historico,0.8174660742147611
2304277,CE,2.0,2,historico,0.5985855808778506
2304285,CE,13.0,2,historico,11.121738229435076
2304301,CE,0.0,2,historico,1.2111527411738996
2304350,CE,4.0,2,historico,2.1529480166212034
2304400,CE,614.0,2,historico,833.622077342346
2304459,CE,1.0,2,historico,1.3531381341200708
2304509,CE,2.0,2,historico,0.8495647561100617
2304608,CE,0.0,2,historico,0.5386500966947203
2304657,CE,0.0,2,historico,0.763325075551199
2304707,CE,5.0,2,historico,1.2330382925091077
2304806,CE,0.0,2,historico,0.3579359419811003
2304905,CE,1.0,2,historico,1.0580328030657795
2304954,CE,2.0,2,historico,2.162767269457572
2305001,CE,4.0,2,historico,2.926731615262973
2305100,CE,0.0,2,historico,0.33514470684101283
2305209,CE,7.0,2,historico,1.535538311479339
2305233,CE,5.0,2,historico,5.755529528530393
2305266,CE,0.0,2,historico,0.8063063607890241
2305308,CE,3.0,2,historico,2.1187300678310423
2305332,CE,1.0,2,historico,0.7920730632098072
2305357,CE,5.0,2,historico,1.9242295451193399
2305407,CE,8.0,2,historico,6.345565118503884
2305506,CE,14.0,2,historico,15.284061012746012
2305605,CE,1.0,2,historico,2.124189218068189
2305654,CE,2.0,2,historico,0.5890227485560665
2305704,CE,1.0,2,historico,1.4136257350340724
2305803,CE,4.0,2,historico,4.014066609422237
2305902,CE,3.0,2,historico,1.9105495539216715
2306009,CE,2.0,2,historico,1.5060759911142179
2306108,CE,2.0,2,historico,1.196922778824345
2306207,CE,1.0,2,historico,0.7825430751487218
2306256,CE,3.0,2,historico,3.492121205629703
2306306,CE,7.0,2,historico,4.807636258234407
2306405,CE,11.0,2,historico,8.768268357542398
2306504,CE,2.0,2,historico,1.4642050597668754
2306553,CE,1.0,2,historico,2.0503368092095746
2306603,CE,0.0,2,historico,0.9739374886619452
2306702,CE,0.0,2,historico,1.409420721441214
2306801,CE,1.0,2,historico,1.1742497564431005
2306900,CE,5.0,2,historico,3.2323360016573432
2307007,CE,4.0,2,historico,3.5807054985870406
2307106,CE,2.0,2,historico,2.2181270573875036
2307205,CE,0.0,2,historico,0.6825678552225748
2307254,CE,4.0,2,historico,2.1755363921595325
2307304,CE,31.0,2,historico,39.119333542165535
2307403,CE,1.0,2,historico,1.6524225324158135
2307502,CE,2.0,2,historico,2.708108703154626
2307601,CE,11.0,2,historico,10.182534572275909
2307635,CE,1.0,2,historico,1.3949024643750396
2307650,CE,31.0,2,historico,27.294978648962655
2307700,CE,4.0,2,historico,10.001304391978808
2307809,CE,3.0,2,historico,2.4971849974979086
2307908,CE,0.0,2,historico,0.6474075791852053
2308005,CE,2.0,2,historico,2.4802476731968
2308104,CE,1.0,2,historico,3.232356196510822
2308203,CE,2.0,2,historico,1.4133074030716308
2308302,CE,2.0,2,historico,2.7990899759902024
2308351,CE,2.0,2,historico,1.299119988573498
2308377,CE,2.0,2,historico,0.34983920207648395
2308401,CE,1.0,2,historico,2.9381675232577558
2308500,CE,1.0,2,historico,3.042829776880615
2308609,CE,3.0,2,historico,1.3972258782149125
2308708,CE,9.0,2,historico,5.375085466592764
2308807,CE,0.0,2,historico,0.3728885922590557
2308906,CE,4.0,2,historico,1.3784539302251637
2309003,CE,1.0,2,historico,1.305886655538491
2309102,CE,0.0,2,historico,1.0589408292102536
2309201,CE,3.0,2,historico,1.6278274675795004
2309300,CE,7.0,2,historico,3.2829311856619845
2309409,CE,3.0,2,historico,1.7549218439604517
2309458,CE,2.0,2,historico,1.6289823782531672
2309508,CE,3.0,2,historico,2.491511150646272
2309607,CE,6.0,2,historico,7.754910099111904
2309706,CE,5.0,2,historico,8.866128970971827
2309805,CE,2.0,2,historico,1.105285898689879
2309904,CE,1.0,2,historico,0.5943759099838721
2310001,CE,1.0,2,historico,0.8793915572331897
2310100,CE,0.0,2,historico,1.1156525173670397
2310209,CE,4.0,2,historico,3.254971608186334
2310258,CE,5.0,2,historico,2.7934954419005935
2310308,CE,4.0,2,historico,1.7149468991631882
2310407,CE,0.0,2,historico,0.6323482711736939
2310506,CE,2.0,2,historico,2.6826201134455427
2310605,CE,0.0,2,historico,0.8402059689565844
2310704,CE,2.0,2,historico,2.9284675825008546
2310803,CE,3.0,2,historico,0.8991930666555195
2310852,CE,1.0,2,historico,1.918926512171713
2310902,CE,0.0,2,historico,1.2240239259997796
2310951,CE,1.0,2,historico,0.5960781076409677
2311009,CE,0.0,2,historico,0.8190952485557668
2311108,CE,1.0,2,historico,1.0045806098765075
2311207,CE,2.0,2,historico,0.5797499356005187
2311231,CE,0.0,2,historico,0.5334936742093624
2311264,CE,0.0,2,historico,1.354702409329021
2311306,CE,12.0,2,historico,6.882389062100499
2311355,CE,2.0,2,historico,1.1870135212041448
2311405,CE,6.0,2,historico,7.7782909157295865
2311504,CE,2.0,2,historico,1.786448594781148
2311603,CE,4.0,2,historico,2.7360932146691845
2311702,CE,3.0,2,historico,1.293272497594662
2311801,CE,9.0,2,historico,11.793338326663392
2311900,CE,1.0,2,historico,0.9220149830872157
2311959,CE,0.0,2,historico,0.5379368327412626
2312007,CE,4.0,2,historico,0.9027670635767867
2312106,CE,3.0,2,historico,1.2847809731425928
2312205,CE,9.0,2,historico,2.983168153083844
2312304,CE,4.0,2,historico,4.029543711174568
2312403,CE,5.0,2,historico,3.886282530247109
2312502,CE,0.0,2,historico,1.52913022817989
2312601,CE,2.0,2,historico,0.9856360860919389
2312700,CE,4.0,2,historico,2.6879084886568845
2312809,CE,0.0,2,historico,0.5664709668025982
2312908,CE,33.0,2,historico,25.955379153838603
2313005,CE,2.0,2,historico,1.728177761078959
2313104,CE,1.0,2,historico,5.397343510407106
2313203,CE,3.0,2,historico,1.5463333224516762
2313252,CE,0.0,2,historico,0.5397465967234274
2313302,CE,10.0,2,historico,5.908420126184764
2313351,CE,0.0,2,historico,1.1019026257858837
2313401,CE,9.0,2,historico,7.040288096067396
2313500,CE,2.0,2,historico,3.0761906050726715
2313559,CE,1.0,2,historico,0.9115951765222342
2313609,CE,3.0,2,historico,3.245604862854038
2313708,CE,0.0,2,historico,0.5405772641911523
2313757,CE,0.0,2,historico,0.9233065454184621
2313807,CE,1.0,2,historico,1.4402995907297003
2313906,CE,2.0,2,historico,0.53767970850845
2313955,CE,0.0,2,historico,1.7893962114245763
2314003,CE,2.0,2,historico,4.212368230834534
2314102,CE,1.0,2,historico,2.3136454268825823
2700102,AL,1.0,2,historico,1.0729269875549343
2700201,AL,2.0,2,historico,1.3236662137225987
2700300,AL,29.0,2,historico,29.751990568821913
2700409,AL,1.0,2,historico,2.4193083215715463
2700508,AL,2.0,2,historico,1.0400042033124828
2700607,AL,2.0,2,historico,1.2497072855218985
2700706,AL,3.0,2,historico,1.6574442859239102
2700805,AL,2.0,2,historico,0.5173254310633489
2700904,AL,0.0,2,historico,0.1000575964962564
2701001,AL,2.0,2,historico,2.510718681058619
2701100,AL,0.0,2,historico,0.4319548923441432
2701209,AL,0.0,2,historico,0.5461564727005711
2701308,AL,1.0,2,historico,1.5541559213636205
2701357,AL,0.0,2,historico,0.49070026870671435
2701407,AL,2.0,2,historico,2.80245288021479
2701506,AL,0.0,2,historico,0.35525046658716136
2701605,AL,1.0,2,historico,0.36141385744613724
2701704,AL,0.0,2,historico,1.1208252050317316
2701803,AL,0.0,2,historico,0.5081321742015051
2701902,AL,0.0,2,historico,0.3786950401726892
2702009,AL,1.0,2,historico,0.581368413278733
2702108,AL,2.0,2,historico,1.3153616503767507
2702207,AL,0.0,2,historico,0.5737048762640721
2702306,AL,3.0,2,historico,4.868410769752552
2702355,AL,0.0,2,historico,1.232837159440173
2702405,AL,4.0,2,historico,5.460913014582158
2702504,AL,1.0,2,historico,0.481034661718276
2702553,AL,0.0,2,historico,0.8669854470259637
2702603,AL,0.0,2,historico,0.7578806648210379
2702702,AL,2.0,2,historico,0.35752529922513404
2702801,AL,0.0,2,historico,0.6266009055625431
2702900,AL,1.0,2,historico,1.0339499847843836
2703007,AL,2.0,2,historico,0.7351231001941451
2703106,AL,2.0,2,historico,1.7245591076172404
2703205,AL,2.0,2,historico,0.862750451216369
2703304,AL,2.0,2,historico,0.25990129153657127
2703403,AL,0.0,2,historico,0.561935245649057
2703502,AL,0.0,2,historico,0.3076328135775171
2703601,AL,0.0,2,historico,0.5341116322211859
2703700,AL,0.0,2,historico,0.381175836906659
2703759,AL,1.0,2,historico,0.4703813686595328
2703809,AL,0.0,2,historico,0.8046095706950945
2703908,AL,0.0,2,historico,0.6100150684318091
2704005,AL,2.0,2,historico,1.7990867746181316
2704104,AL,1.0,2,historico,1.0225181293058767
2704203,AL,0.0,2,historico,1.2902580531406491
2704302,AL,235.0,2,historico,176.3972219136411
2704401,AL,0.0,2,historico,1.8042878258307324
2704500,AL,5.0,2,historico,1.9945382051355278
2704609,AL,2.0,2,historico,0.5272771422920346
2704708,AL,1.0,2,historico,5.45856453644985
2704807,AL,1.0,2,historico,1.348870807404315
2704906,AL,2.0,2,historico,0.2676491030330947
2705002,AL,4.0,2,historico,0.7744238834213977
2705101,AL,1.0,2,historico,1.4738276846501281
2705200,AL,0.0,2,historico,1.4575498346789852
2705309,AL,0.0,2,historico,0.47249285382265005
2705408,AL,1.0,2,historico,0.2784480462476085
2705507,AL,1.0,2,historico,1.7831175655812217
2705606,AL,1.0,2,historico,0.793399175746368
2705705,AL,3.0,2,historico,2.1143596444468375
2705804,AL,0.0,2,historico,0.5565046534164277
2705903,AL,0.0,2,historico,0.11094137927336552
2706000,AL,0.0,2,historico,0.38900892971315426
2706109,AL,0.0,2,historico,0.7115971242101679
2706208,AL,0.0,2,historico,0.20890766119669615
2706307,AL,8.0,2,historico,10.524755346618447
2706406,AL,0.0,2,historico,1.6518912849543212
2706422,AL,0.0,2,historico,0.6423177935800836
2706448,AL,1.0,2,historico,1.5474304536724715
2706505,AL,1.0,2,historico,0.501229122745955
2706604,AL,2.0,2,historico,0.6043165462256462
2706703,AL,8.0,2,historico,7.368982157839417
2706802,AL,2.0,2,historico,0.7444355134214764
2706901,AL,3.0,2,historico,3.584686489873733
2707008,AL,2.0,2,historico,0.30129364341521264
2707107,AL,0.0,2,historico,1.8721288521848871
2707206,AL,0.0,2,historico,0.19002701091797344
2707305,AL,2.0,2,historico,2.115811033827431
2707404,AL,1.0,2,historico,0.4036905643136618
2707503,AL,0.0,2,historico,0.5020584462307488
2707602,AL,0.0,2,historico,0.5880538290737727
2707701,AL,6.0,2,historico,10.510703978184756
2707800,AL,0.0,2,historico,0.2435864665300886
2707909,AL,1.0,2,historico,0.6280784279752527
2708006,AL,1.0,2,historico,3.3825908698484772
2708105,AL,3.0,2,historico,0.30341474727856005
2708204,AL,1.0,2,historico,0.1715842251689825
2708303,AL,2.0,2,historico,2.136551075868397
2708402,AL,1.0,2,historico,1.1929638221914347
2708501,AL,2.0,2,historico,2.1212333230436085
2708600,AL,2.0,2,historico,7.8421964989475
2708709,AL,0.0,2,historico,0.51958870757852
2708808,AL,1.0,2,historico,1.649307815819585
2708907,AL,2.0,2,historico,2.5982907100700694
2708956,AL,0.0,2,historico,0.39909423200297867
2709004,AL,2.0,2,historico,0.3642768897059006
2709103,AL,1.0,2,historico,0.9466729013848514
2709152,AL,7.0,2,historico,2.8227217104738274
2709202,AL,1.0,2,historico,0.3948870300993716
2709301,AL,1.0,2,historico,5.212438673460745
2709400,AL,1.0,2,historico,1.5675526450187764
3300100,RJ,83.0,2,historico,62.873025523460356
3300159,RJ,12.0,2,historico,3.3310414306205582
3300209,RJ,74.0,2,historico,40.784424774144775
3300225,RJ,7.0,2,historico,3.6495741770221857
3300233,RJ,28.0,2,historico,13.52183320225162
3300258,RJ,28.0,2,historico,14.333260701782642
3300308,RJ,53.0,2,historico,47.135883265362324
3300407,RJ,118.0,2,historico,61.15734817700078
3300456,RJ,108.0,2,historico,124.1505978494823
3300506,RJ,15.0,2,historico,6.759013120010135
3300605,RJ,20.0,2,historico,10.822948637064767
3300704,RJ,112.0,2,historico,60.10315129842541
3300803,RJ,35.0,2,historico,17.69624554422643
3300902,RJ,8.0,2,historico,4.300767835820728
3300936,RJ,5.0,2,historico,6.0307367618649055
3300951,RJ,7.0,2,historico,2.2018011471521346
3301009,RJ,244.0,2,historico,101.76965273645135
3301108,RJ,17.0,2,historico,7.346673793799424
3301157,RJ,6.0,2,historico,2.170168122883569
3301207,RJ,12.0,2,historico,5.301704637405318
3301306,RJ,33.0,2,historico,16.51097334779244
3301405,RJ,12.0,2,historico,8.808506517767258
3301504,RJ,24.0,2,historico,10.124705170805118
3301603,RJ,1.0,2,historico,2.6633259383766243
3301702,RJ,249.0,2,historico,267.6111818951749
3301801,RJ,7.0,2,historico,4.864298911098485
3301850,RJ,20.0,2,historico,17.967049470045207
3301876,RJ,19.0,2,historico,13.23217121528296
3301900,RJ,56.0,2,historico,63.76967701495063
3302007,RJ,48.0,2,historico,45.20126635282156
3302056,RJ,12.0,2,historico,4.911403499631366
3302106,RJ,17.0,2,historico,9.215878691169303
3302205,RJ,51.0,2,historico,44.56769450747612
3302254,RJ,19.0,2,historico,14.145997775851354
3302270,RJ,34.0,2,historico,14.179703208844703
3302304,RJ,1.0,2,historico,1.5596511845586067
3302403,RJ,230.0,2,historico,140.73326175370448
3302452,RJ,1.0,2,historico,1.7969165555194553
3302502,RJ,106.0,2,historico,68.61039550772603
3302601,RJ,19.0,2,historico,28.772061850992916
3302700,RJ,132.0,2,historico,103.14171653503301
3302809,RJ,12.0,2,historico,8.631865478721503
3302858,RJ,80.0,2,historico,77.49585918660381
3302908,RJ,33.0,2,historico,8.831048433413974
3303005,RJ,17.0,2,historico,11.7714787854287
3303104,RJ,15.0,2,historico,6.700835925336335
3303203,RJ,102.0,2,historico,88.7158096071448
3303302,RJ,799.0,2,historico,522.0063046672573
3303401,RJ,146.0,2,historico,71.7013073259288
3303500,RJ,422.0,2,historico,236.90016817571012
3303609,RJ,35.0,2,historico,18.298524808422226
3303708,RJ,20.0,2,historico,15.071787899497554
3303807,RJ,19.0,2,historico,13.078599730118396
3303856,RJ,17.0,2,historico,7.405353252720294
3303906,RJ,233.0,2,historico,78.99229750957335
3303955,RJ,14.0,2,historico,9.522646153974648
3304003,RJ,22.0,2,historico,10.82982241633369
3304102,RJ,9.0,2,historico,5.311209739023643
3304110,RJ,8.0,2,historico,8.806829497468621
3304128,RJ,5.0,2,historico,4.03653666653176
3304144,RJ,54.0,2,historico,37.59081875270179
3304151,RJ,11.0,2,historico,6.879902485632956
3304201,RJ,118.0,2,historico,86.2652061053514
3304300,RJ,28.0,2,historico,22.045429471175026
3304409,RJ,5.0,2,historico,5.612610386493564
3304508,RJ,6.0,2,historico,2.4316898131277274
3304524,RJ,130.0,2,historico,96.34225668886712
3304557,RJ,6569.0,2,historico,5610.305874784701
3304607,RJ,7.0,2,historico,2.629063532760059
3304706,RJ,29.0,2,historico,17.031868749320616
3304755,RJ,15.0,2,historico,5.732982909422122
3304805,RJ,25.0,2,historico,11.262788215055929
3304904,RJ,406.0,2,historico,531.91275321704
3305000,RJ,15.0,2,historico,11.069605750040068
3305109,RJ,120.0,2,historico,153.52665744159845
3305133,RJ,3.0,2,historico,1.2834017539625129
3305158,RJ,15.0,2,historico,4.972033134392861
3305208,RJ,47.0,2,historico,39.30849087779733
3305307,RJ,4.0,2,historico,1.7345901854155428
3305406,RJ,4.0,2,historico,5.148563182484969
3305505,RJ,45.0,2,historico,29.244138762098284
3305554,RJ,33.0,2,historico,36.813721560189116
3305604,RJ,4.0,2,historico,4.481914799012464
3305703,RJ,10.0,2,historico,2.5372602803929647
3305752,RJ,6.0,2,historico,6.218046608690478
3305802,RJ,120.0,2,historico,46.61786604293545
3305901,RJ,8.0,2,historico,2.6671038194696783
3306008,RJ,38.0,2,historico,30.193869095234447
3306107,RJ,33.0,2,historico,37.19540049579097
3306156,RJ,4.0,2,historico,2.0666733347548325
3306206,RJ,36.0,2,historico,12.718779838100689
3306305,RJ,227.0,2,historico,155.34299077669533
4300034,RS,2.0,2,historico,1.1551548007847097
4300059,RS,2.0,2,historico,1.4140410909998693
4300109,RS,1.0,2,historico,5.349842022432467
4300208,RS,2.0,2,historico,3.511442110358604
4300307,RS,0.0,2,historico,1.9558686492114696
4300406,RS,35.0,2,historico,39.17384735285415
4300455,RS,1.0,2,historico,1.191527087019031
4300471,RS,1.0,2,historico,1.041636521759959
4300505,RS,1.0,2,historico,2.2211094290811095
4300554,RS,1.0,2,historico,0.7523617070114599
4300570,RS,8.0,2,historico,0.899394366106155
4300604,RS,44.0,2,historico,55.662733721769435
4300638,RS,0.0,2,historico,1.4737788233632274
4300646,RS,2.0,2,historico,2.369526828376052
4300661,RS,1.0,2,historico,0.43359545190041887
4300703,RS,4.0,2,historico,2.023173029065126
4300802,RS,5.0,2,historico,6.401868875859352
4300851,RS,0.0,2,historico,1.1886422157590992
4300877,RS,2.0,2,historico,1.572352096227853
4300901,RS,1.0,2,historico,4.452828384522772
4301008,RS,9.0,2,historico,8.519141754906247
4301057,RS,7.0,2,historico,3.609584096775004
4301073,RS,0.0,2,historico,0.860979059924827
4301107,RS,9.0,2,historico,4.645620178773715
4301206,RS,0.0,2,historico,5.194767979196756
4301305,RS,3.0,2,historico,3.885968908073246
4301404,RS,4.0,2,historico,3.536871756259545
4301503,RS,2.0,2,historico,2.8459157295177286
4301552,RS,2.0,2,historico,1.2835822310331666
4301602,RS,61.0,2,historico,38.6951953963169
4301636,RS,8.0,2,historico,4.291384251323394
4301651,RS,1.0,2,historico,2.625036443825112
4301701,RS,2.0,2,historico,2.574179337671585
4301750,RS,1.0,2,historico,1.2196919621531999
4301800,RS,2.0,2,historico,1.7402084644889877
4301859,RS,0.0,2,historico,1.3628244615415186
4301875,RS,0.0,2,historico,0.9477680764865971
4301909,RS,5.0,2,historico,4.091646072028004
4301925,RS,1.0,2,historico,0.8141030274790946
4301958,RS,0.0,2,historico,1.234407630763486
4302006,RS,3.0,2,historico,2.65192164506382
4302055,RS,0.0,2,historico,0.291973042561855
4302105,RS,53.0,2,historico,69.1881790905557
4302154,RS,1.0,2,historico,0.5876461493828697
4302204,RS,1.0,2,historico,3.555740686158986
4302220,RS,1.0,2,historico,0.9069101332996347
4302238,RS,0.0,2,historico,1.1172955103377122
4302253,RS,1.0,2,historico,1.0573421892229626
4302303,RS,0.0,2,historico,3.2640743371180156
4302352,RS,6.0,2,historico,4.560690416635054
4302378,RS,0.0,2,historico,0.8528959865251325
4302402,RS,2.0,2,historico,5.039312336566707
4302451,RS,2.0,2,historico,2.678723028013901
4302501,RS,1.0,2,historico,1.9586716781738398
4302584,RS,0.0,2,historico,0.8586541740069854
4302600,RS,0.0,2,historico,0.9859362731750706
4302659,RS,0.0,2,historico,1.4713596610413695
4302709,RS,6.0,2,historico,7.121553998367666
4302808,RS,6.0,2,historico,12.148546029899608
4302907,RS,3.0,2,historico,3.772814491850562
4303004,RS,29.0,2,historico,31.345725158589996
4303103,RS,67.0,2,historico,72.93965845542922
4303202,RS,0.0,2,historico,1.297167241250406
4303301,RS,1.0,2,historico,1.9350972516702705
4303400,RS,0.0,2,historico,1.7955894868617928
4303509,RS,12.0,2,historico,20.47413589039531
4303558,RS,0.0,2,historico,0.9255826997939267
4303608,RS,2.0,2,historico,2.2953466924827874
4303673,RS,2.0,2,historico,1.230631378172441
4303707,RS,2.0,2,historico,3.1444650501438907
4303806,RS,6.0,2,historico,3.055206389970687
4303905,RS,35.0,2,historico,27.26641308700581
4304002,RS,2.0,2,historico,1.8231830570665546
4304101,RS,3.0,2,historico,1.2026018865746404
4304200,RS,4.0,2,historico,9.565734628260147
4304309,RS,1.0,2,historico,2.787279320200244
4304358,RS,4.0,2,historico,3.0370612341208734
4304408,RS,17.0,2,historico,21.437070098702073
4304507,RS,12.0,2,historico,10.838841064609491
4304606,RS,204.0,2,historico,126.6485727432537
4304614,RS,0.0,2,historico,0.6626179435514576
4304622,RS,0.0,2,historico,0.28193562334891875
4304630,RS,38.0,2,historico,21.149288208648066
4304655,RS,3.0,2,historico,0.7280430324316834
4304663,RS,4.0,2,historico,4.971432382940138
4304671,RS,1.0,2,historico,2.323916801599517
4304689,RS,2.0,2,historico,2.782227901251103
4304697,RS,1.0,2,historico,1.0075649913993092
4304705,RS,23.0,2,historico,37.46768272247733
4304713,RS,0.0,2,historico,1.921850278599004
4304804,RS,19.0,2,historico,24.944602030508705
4304853,RS,0.0,2,historico,0.7433879281732834
4304903,RS,7.0,2,historico,5.107384245566595
4304952,RS,1.0,2,historico,1.064868632974439
4305009,RS,5.0,2,historico,3.2980324268412278
4305108,RS,218.0,2,historico,292.98258329234807
4305116,RS,0.0,2,historico,0.9638707931742988
4305124,RS,1.0,2,historico,1.3657568145224388
4305132,RS,0.0,2,historico,1.1870983689949541
4305157,RS,1.0,2,historico,0.6454683667320574
4305173,RS,2.0,2,historico,2.8549871472328725
4305207,RS,7.0,2,historico,7.647566196287219
4305306,RS,4.0,2,historico,5.006843440706786
4305355,RS,17.0,2,historico,17.585083625563215
4305371,RS,2.0,2,historico,0.8032460426654527
4305405,RS,1.0,2,historico,1.7799412923763875
4305439,RS,5.0,2,historico,1.6914721589925448
4305447,RS,0.0,2,historico,0.9912692160077652
4305454,RS,5.0,2,historico,6.608562673086151
4305504,RS,1.0,2,historico,1.7406765215028965
4305587,RS,1.0,2,historico,1.3989996654572676
4305603,RS,3.0,2,historico,1.9603587028389708
4305702,RS,3.0,2,historico,3.312119767084836
4305801,RS,1.0,2,historico,5.613413296819008
4305835,RS,2.0,2,historico,0.5620878551106604
4305850,RS,1.0,2,historico,0.8698091636549911
4305871,RS,0.0,2,historico,0.9101023272238654
4305900,RS,0.0,2,historico,1.7405287920457757
4305934,RS,0.0,2,historico,0.5236675965451726
4305959,RS,1.0,2,historico,1.4778589674212044
4305975,RS,2.0,2,historico,1.0172516618380802
4306007,RS,2.0,2,historico,5.5248274002482995
4306056,RS,3.0,2,historico,1.7714533062202813
4306072,RS,0.0,2,historico,0.5958755949617836
4306106,RS,30.0,2,historico,27.36294883981256
4306130,RS,0.0,2,historico,0.720212366448529
4306205,RS,3.0,2,historico,5.384481033745805
4306304,RS,2.0,2,historico,2.5240694312207634
4306320,RS,0.0,2,historico,0.8899973155435522
4306353,RS,1.0,2,historico,0.5343459044376544
4306379,RS,0.0,2,historico,0.47610378959823935
4306403,RS,17.0,2,historico,11.009990183464295
4306429,RS,0.0,2,historico,0.47605923551496465
4306452,RS,0.0,2,historico,1.4383765449532728
4306502,RS,5.0,2,historico,2.0448646507497585
4306551,RS,0.0,2,historico,0.8438178841006536
4306601,RS,10.0,2,historico,13.568590706167791
4306700,RS,2.0,2,historico,1.1271380083206661
4306734,RS,0.0,2,historico,1.9137960750630398
4306759,RS,0.0,2,historico,0.7012170160803233
4306767,RS,15.0,2,historico,14.441249984563836
4306809,RS,11.0,2,historico,11.56820696822774
4306908,RS,8.0,2,historico,5.316505899587551
4306924,RS,0.0,2,historico,0.36047052550584796
4306932,RS,3.0,2,historico,2.74657315033687
4306957,RS,0.0,2,historico,1.0483872564144439
4306973,RS,1.0,2,historico,1.0040851010092944
4307005,RS,56.0,2,historico,57.975571712902834
4307054,RS,2.0,2,historico,1.1239651942426536
4307104,RS,1.0,2,historico,1.517068039601133
4307203,RS,2.0,2,historico,1.794243682695996
4307302,RS,0.0,2,historico,1.934340665382277
4307401,RS,1.0,2,historico,0.8655175441579964
4307450,RS,0.0,2,historico,0.7291948508508341
4307500,RS,7.0,2,historico,8.887589525071958
4307559,RS,5.0,2,historico,2.8248173942044583
4307609,RS,18.0,2,historico,24.142343332433857
4307708,RS,39.0,2,historico,40.90654465777225
4307807,RS,15.0,2,historico,16.551177192838793
4307815,RS,1.0,2,historico,1.0907986342408598
4307831,RS,1.0,2,historico,0.9546461179766963
4307864,RS,0.0,2,historico,1.1119051207739863
4307906,RS,19.0,2,historico,37.7427570277366
4308003,RS,0.0,2,historico,2.67306117504427
4308052,RS,1.0,2,historico,0.5322195729584245
4308078,RS,2.0,2,historico,1.3497261543964345
4308102,RS,14.0,2,historico,5.209733231455746
4308201,RS,12.0,2,historico,13.011136835446882
4308250,RS,0.0,2,historico,0.507046333879733
4308300,RS,1.0,2,historico,2.45841520714416
4308409,RS,2.0,2,historico,2.1579840675984596
4308433,RS,0.0,2,historico,0.7145461772098837
4308458,RS,1.0,2,historico,1.8594824740864826
4308508,RS,14.0,2,historico,17.364823872571097
4308607,RS,9.0,2,historico,26.060138436499205
4308656,RS,1.0,2,historico,0.7814403359077262
4308706,RS,3.0,2,historico,2.483938766650906
4308805,RS,1.0,2,historico,2.7414509514516205
4308854,RS,0.0,2,historico,0.7620105193522312
4308904,RS,8.0,2,historico,7.094165626804636
4309001,RS,10.0,2,historico,5.676873210406435
4309050,RS,2.0,2,historico,2.773354196847751
4309100,RS,29.0,2,historico,17.85431908102135
4309126,RS,1.0,2,historico,0.5932598820842169
4309159,RS,1.0,2,historico,0.8295574809715579
4309209,RS,111.0,2,historico,100.44603575013058
4309258,RS,1.0,2,historico,0.6835945412141847
4309308,RS,31.0,2,historico,46.14080202806601
4309407,RS,18.0,2,historico,13.443004724462687
4309506,RS,2.0,2,historico,3.766611594974629
4309555,RS,0.0,2,historico,1.863407413685749
4309571,RS,1.0,2,historico,0.539689382789949
4309605,RS,7.0,2,historico,15.154459416962908
4309654,RS,1.0,2,historico,1.0879741861029393
4309704,RS,0.0,2,historico,2.2537480773891487
4309753,RS,1.0,2,historico,1.1894705052175933
4309803,RS,2.0,2,historico,1.8584288891332568
4309902,RS,2.0,2,historico,2.726477085070118
4309951,RS,0.0,2,historico,0.8037340567168947
4310009,RS,20.0,2,historico,11.613385800795635
4310108,RS,17.0,2,historico,14.093925399678946
4310207,RS,52.0,2,historico,58.89354316993001
4310306,RS,3.0,2,historico,1.5022096811041084
4310330,RS,13.0,2,historico,9.484276453778552
4310363,RS,3.0,2,historico,1.0289321230064807
4310405,RS,11.0,2,historico,2.189951509578296
4310413,RS,0.0,2,historico,0.5072476695102189
4310439,RS,2.0,2,historico,2.5321781342635363
4310462,RS,1.0,2,historico,1.1396575731835268
4310504,RS,2.0,2,historico,2.2920510871984807
4310538,RS,1.0,2,historico,2.561269867316782
4310553,RS,0.0,2,historico,0.4752777265495789
4310579,RS,0.0,2,historico,0.6112767145267827
4310603,RS,9.0,2,historico,13.967789028467548
4310652,RS,0.0,2,historico,0.826257846286089
4310702,RS,1.0,2,historico,1.1949980872952681
4310751,RS,1.0,2,historico,0.8364215849219837
4310801,RS,13.0,2,historico,12.419335259294781
4310850,RS,0.0,2,historico,0.7330423954225638
4310876,RS,1.0,2,historico,0.35737863243361806
4310900,RS,1.0,2,historico,1.484367550223817
4311007,RS,8.0,2,historico,10.622254431655914
4311106,RS,3.0,2,historico,4.772359648755037
4311122,RS,1.0,2,historico,0.6894128875470521
4311130,RS,4.0,2,historico,0.5619885171672391
4311155,RS,0.0,2,historico,2.1067430132650453
4311205,RS,10.0,2,historico,5.317954454081063
4311239,RS,0.0,2,historico,0.9497703996202926
4311254,RS,1.0,2,historico,1.2799797027207576
4311270,RS,1.0,2,historico,0.9690731306029534
4311304,RS,14.0,2,historico,11.901446577207007
4311403,RS,50.0,2,historico,46.46324094631489
4311429,RS,0.0,2,historico,0.3023303282698406
4311502,RS,3.0,2,historico,2.2852752765462716
4311601,RS,1.0,2,historico,1.653217428144239
4311627,RS,1.0,2,historico,2.31542697732178
4311643,RS,0.0,2,historico,0.6070768683390854
4311700,RS,1.0,2,historico,1.8256608975804915
4311718,RS,2.0,2,historico,1.2425943533463877
4311734,RS,1.0,2,historico,0.5931472502514441
4311759,RS,3.0,2,historico,1.5280089609708092
4311775,RS,1.0,2,historico,2.2434055652618388
4311791,RS,0.0,2,historico,0.917708301764959
4311809,RS,22.0,2,historico,23.120460686539328
4311908,RS,0.0,2,historico,1.785801479204372
4311981,RS,0.0,2,historico,1.3031226777151772
4312005,RS,1.0,2,historico,0.8674737467644967
4312054,RS,1.0,2,historico,1.4550428019565014
4312104,RS,1.0,2,historico,1.0646942171713032
4312138,RS,0.0,2,historico,0.8113066670474336
4312153,RS,2.0,2,historico,1.8449610321928767
4312179,RS,0.0,2,historico,0.644721551219017
4312203,RS,3.0,2,historico,1.5344027859163676
4312252,RS,1.0,2,historico,1.9860644958824307
4312302,RS,1.0,2,historico,1.2247589324992987
4312351,RS,2.0,2,historico,0.5788329294801312
4312377,RS,0.0,2,historico,0.6043790776691036
4312385,RS,1.0,2,historico,0.988532323789449
4312401,RS,32.0,2,historico,30.71958697294261
4312427,RS,0.0,2,historico,0.9320136995148313
4312443,RS,0.0,2,historico,1.1473377944183425
4312450,RS,1.0,2,historico,2.1834880262944893
4312476,RS,3.0,2,historico,2.3276157227220593
4312500,RS,11.0,2,historico,3.078649602139095
4312609,RS,0.0,2,historico,1.935659906993602
4312617,RS,0.0,2,historico,1.2088441408569002
4312625,RS,0.0,2,historico,0.564121699442829
4312658,RS,7.0,2,historico,10.81145167927889
4312674,RS,0.0,2,historico,0.8552183022930598
4312708,RS,2.0,2,historico,4.146178954956347
4312757,RS,3.0,2,historico,1.4105030611727414
4312807,RS,1.0,2,historico,2.3086447999287594
4312906,RS,4.0,2,historico,3.413234781978683
4312955,RS,1.0,2,historico,0.9271302592424959
4313003,RS,0.0,2,historico,1.8901482572859472
4313011,RS,0.0,2,historico,1.204384368751301
4313037,RS,0.0,2,historico,2.298170941664667
4313060,RS,3.0,2,historico,6.476806770346043
4313086,RS,1.0,2,historico,1.1097602601855479
4313102,RS,2.0,2,historico,2.393247689113859
4313201,RS,8.0,2,historico,10.657282730648934
4313300,RS,16.0,2,historico,13.4873009398622
4313334,RS,0.0,2,historico,0.9299538607886827
4313359,RS,1.0,2,historico,1.3672802194248697
4313375,RS,5.0,2,historico,10.609795793927255
4313391,RS,1.0,2,historico,1.3692390083767985
4313409,RS,121.0,2,historico,74.86865962191018
4313425,RS,1.0,2,historico,0.8988082976675146
4313441,RS,0.0,2,historico,0.6726527888621165
4313466,RS,0.0,2,historico,1.0118354166511156
4313490,RS,2.0,2,historico,0.947848057802845
4313508,RS,35.0,2,historico,20.161619343850276
4313607,RS,0.0,2,historico,1.5388015067486782
4313656,RS,5.0,2,historico,3.8470983562523773
4313706,RS,16.0,2,historico,15.457756527433142
4313805,RS,5.0,2,historico,2.735644268608416
4313904,RS,16.0,2,historico,23.468913242333812
4313953,RS,3.0,2,historico,2.1871946046459696
4314001,RS,3.0,2,historico,4.285152569346858
4314027,RS,1.0,2,historico,2.0199189564241053
4314035,RS,1.0,2,historico,1.8990836479023807
4314050,RS,11.0,2,historico,16.97402485911437
4314068,RS,0.0,2,historico,1.1172240182012725
4314076,RS,0.0,2,historico,2.185464605037576
4314100,RS,112.0,2,historico,132.50063642511012
4314134,RS,0.0,2,historico,0.8546145503922384
4314159,RS,0.0,2,historico,2.270337276685335
4314175,RS,1.0,2,historico,0.35062482484748925
4314209,RS,3.0,2,historico,2.335424387419935
4314308,RS,4.0,2,historico,1.751796846710466
4314407,RS,184.0,2,historico,98.01008630255498
4314423,RS,1.0,2,historico,2.2584078153306484
4314456,RS,0.0,2,historico,0.9368834176413122
4314464,RS,0.0,2,historico,0.3926810842737405
4314472,RS,0.0,2,historico,1.3109484212002829
4314498,RS,0.0,2,historico,1.5351197065629842
4314506,RS,5.0,2,historico,3.2405225140701592
4314555,RS,0.0,2,historico,0.6617459865301338
4314605,RS,1.0,2,historico,4.853296099945321
4314704,RS,3.0,2,historico,2.9804712744161117
4314753,RS,0.0,2,historico,0.7207563552602907
4314779,RS,1.0,2,historico,1.2450136405918188
4314787,RS,0.0,2,historico,0.6117106035677236
4314803,RS,10.0,2,historico,13.74956491538223
4314902,RS,1340.0,2,historico,1740.0122418008154
4315008,RS,1.0,2,historico,1.9538344141286783
4315057,RS,0.0,2,historico,0.7289842496064958
4315073,RS,0.0,2,historico,0.4707736386219101
4315107,RS,5.0,2,historico,4.473890961909102
4315131,RS,1.0,2,historico,0.603996287397095
4315149,RS,1.0,2,historico,1.166068880498332
4315156,RS,1.0,2,historico,2.0556164763082743
4315172,RS,2.0,2,historico,0.7037898716946946
4315206,RS,2.0,2,historico,1.618967532533962
4315305,RS,4.0,2,historico,8.460773446472418
4315313,RS,0.0,2,historico,0.5899809367881029
4315321,RS,2.0,2,historico,0.5709758173561758
4315354,RS,0.0,2,historico,1.8480833348032473
4315404,RS,3.0,2,historico,0.8770053398549374
4315453,RS,0.0,2,historico,0.8775832576204744
4315503,RS,3.0,2,historico,4.654248971053644
4315552,RS,1.0,2,historico,0.6064973264111756
4315602,RS,121.0,2,historico,77.56778467050029
4315701,RS,5.0,2,historico,13.376188828246732
4315750,RS,0.0,2,historico,1.2116145397785145
4315800,RS,2.0,2,historico,4.402023396485574
4315909,RS,2.0,2,historico,2.36930628771798
4315958,RS,0.0,2,historico,0.6779497768435103
4316006,RS,9.0,2,historico,6.960569314465046
4316105,RS,6.0,2,historico,3.920142514807938
4316204,RS,0.0,2,historico,3.1634465172553203
4316303,RS,5.0,2,historico,2.5987975234781477
4316402,RS,14.0,2,historico,14.261388191489832
4316428,RS,0.0,2,historico,0.659668150003066
4316436,RS,0.0,2,historico,1.6027327192107506
4316451,RS,4.0,2,historico,3.858142165382589
4316477,RS,0.0,2,historico,1.1525721750253632
4316501,RS,1.0,2,historico,2.708839579510708
4316600,RS,6.0,2,historico,7.068497470019078
4316709,RS,2.0,2,historico,3.765324893141085
4316733,RS,0.0,2,historico,0.6377028004781634
4316758,RS,2.0,2,historico,2.2173999938963425
4316808,RS,62.0,2,historico,108.02717318944453
4316907,RS,193.0,2,historico,132.45145441489458
4316956,RS,1.0,2,historico,1.9441562832460648
4316972,RS,0.0,2,historico,0.5254520525966494
4317004,RS,2.0,2,historico,1.5643450720998318
4317103,RS,20.0,2,historico,30.22299260332721
4317202,RS,20.0,2,historico,43.46470659504089
4317251,RS,0.0,2,historico,0.7081952814684138
4317301,RS,12.0,2,historico,10.728904473680641
4317400,RS,26.0,2,historico,32.442149293787885
4317509,RS,43.0,2,historico,42.932466216923714
4317558,RS,0.0,2,historico,1.1875213702743184
4317608,RS,16.0,2,historico,15.494586410933072
4317707,RS,4.0,2,historico,2.9058239573860956
4317756,RS,1.0,2,historico,1.1515776357467886
4317806,RS,8.0,2,historico,5.244867271010205
4317905,RS,7.0,2,historico,6.567031851635816
4317954,RS,1.0,2,historico,1.1121758503426074
4318002,RS,18.0,2,historico,21.860578050510675
4318051,RS,0.0,2,historico,1.7361076322156264
4318101,RS,4.0,2,historico,5.140493175348965
4318200,RS,5.0,2,historico,6.3379113190315
4318309,RS,23.0,2,historico,18.845921258886857
4318408,RS,7.0,2,historico,6.998166708697631
4318424,RS,0.0,2,historico,1.5980105608312463
4318432,RS,0.0,2,historico,1.0338011970131353
4318440,RS,1.0,2,historico,0.9559999578967885
4318457,RS,0.0,2,historico,0.5667169047097408
4318465,RS,0.0,2,historico,0.6512033339880254
4318481,RS,2.0,2,historico,1.5681662852860343
4318499,RS,0.0,2,historico,0.8326830487608391
4318507,RS,7.0,2,historico,5.707046129672198
4318606,RS,5.0,2,historico,3.4924432609098823
4318614,RS,0.0,2,historico,0.8062509989807956
4318622,RS,0.0,2,historico,0.8392016313247325
4318705,RS,104.0,2,historico,68.87338306066937
4318804,RS,14.0,2,historico,12.99080724263239
4318903,RS,15.0,2,historico,17.931708911632843
4319000,RS,9.0,2,historico,11.22746911376369
4319109,RS,1.0,2,historico,2.3194294517086114
4319125,RS,0.0,2,historico,0.6916408865161315
4319158,RS,0.0,2,historico,1.717937483616443
4319208,RS,1.0,2,historico,1.081412471378133
4319307,RS,2.0,2,historico,1.9469521710617508
4319356,RS,0.0,2,historico,1.6897618537163497
4319364,RS,0.0,2,historico,0.36291549499630155
4319372,RS,1.0,2,historico,1.5278586777026766
4319406,RS,1.0,2,historico,6.7780343500803335
4319505,RS,12.0,2,historico,10.836066260270028
4319604,RS,6.0,2,historico,9.637156399300475
4319703,RS,3.0,2,historico,1.1554780489797138
4319711,RS,0.0,2,historico,1.1770394338029777
4319737,RS,0.0,2,historico,0.4934935605840337
4319752,RS,2.0,2,historico,1.0050987446774826
4319802,RS,0.0,2,historico,2.576686302578419
4319901,RS,23.0,2,historico,30.43802588768968
4320008,RS,39.0,2,historico,65.73747916830975
4320107,RS,5.0,2,historico,15.537668007987628
4320206,RS,2.0,2,historico,4.509815128418772
4320230,RS,0.0,2,historico,1.0421727262884026
4320263,RS,3.0,2,historico,1.7505267347438136
4320305,RS,1.0,2,historico,2.697625629491199
4320321,RS,1.0,2,historico,0.9230334098013344
4320354,RS,0.0,2,historico,1.7054158480276784
4320404,RS,9.0,2,historico,6.641763639528027
4320453,RS,1.0,2,historico,0.48400865106020136
4320503,RS,3.0,2,historico,3.3428394718986407
4320552,RS,1.0,2,historico,1.745773561431456
4320578,RS,1.0,2,historico,0.5696949461648975
4320602,RS,0.0,2,historico,1.953631795235747
4320651,RS,1.0,2,historico,1.2541619728653137
4320677,RS,2.0,2,historico,2.3431497323194566
4320701,RS,3.0,2,historico,6.7231261285636945
4320800,RS,5.0,2,historico,13.031648173987394
4320859,RS,0.0,2,historico,1.4449931797278261
4320909,RS,8.0,2,historico,10.839968031523115
4321006,RS,1.0,2,historico,5.5576402982638164
4321105,RS,6.0,2,historico,5.863364060624237
4321204,RS,21.0,2,historico,26.617651489688527
4321303,RS,11.0,2,historico,10.03834543343694
4321329,RS,1.0,2,historico,1.1475097936315948
4321352,RS,1.0,2,historico,1.5958083515350046
4321402,RS,3.0,2,historico,4.365932327818781
4321436,RS,5.0,2,historico,3.686369449405339
4321451,RS,14.0,2,historico,10.19909040238793
4321469,RS,0.0,2,historico,1.513716031437998
4321477,RS,1.0,2,historico,2.116635450190002
4321493,RS,3.0,2,historico,0.8728717753120377
4321501,RS,17.0,2,historico,22.19722177439911
4321600,RS,25.0,2,historico,17.674229257110866
4321626,RS,1.0,2,historico,0.7450265679564336
4321634,RS,3.0,2,historico,1.6123131169627078
4321667,RS,7.0,2,historico,4.435934573644155
4321709,RS,11.0,2,historico,9.862160827056346
4321808,RS,12.0,2,historico,14.096906958310747
4321832,RS,1.0,2,historico,0.7328954140066846
4321857,RS,0.0,2,historico,1.0328597752949187
4321907,RS,12.0,2,historico,15.024893325836006
4321956,RS,4.0,2,historico,1.603260709159329
4322004,RS,11.0,2,historico,14.206844877344626
4322103,RS,3.0,2,historico,2.963183585241688
4322152,RS,0.0,2,historico,1.0481935067745825
4322186,RS,0.0,2,historico,0.45927275623164987
4322202,RS,4.0,2,historico,7.379559537410878
4322251,RS,3.0,2,historico,1.4230158544208844
4322301,RS,2.0,2,historico,3.2785972631197566
4322327,RS,0.0,2,historico,0.7589565270080725
4322343,RS,0.0,2,historico,0.655938979668288
4322350,RS,1.0,2,historico,0.47229209000072425
4322376,RS,1.0,2,historico,0.48552983848063475
4322400,RS,47.0,2,historico,50.35202482441029
4322509,RS,21.0,2,historico,22.841871377014726
4322525,RS,0.0,2,historico,0.7056245087525747
4322533,RS,1.0,2,historico,2.335207515616928
4322541,RS,3.0,2,historico,1.8105188286355804
4322558,RS,1.0,2,historico,0.9332676703444046
4322608,RS,26.0,2,historico,26.48490906796576
4322707,RS,4.0,2,historico,9.930121967831543
4322806,RS,18.0,2,historico,19.26796217968248
4322855,RS,1.0,2,historico,0.6359279649655292
4322905,RS,0.0,2,historico,1.8532454086514263
4323002,RS,78.0,2,historico,72.34675349965177
4323101,RS,1.0,2,historico,1.131641564903627
4323200,RS,2.0,2,historico,1.6700499709737584
4323309,RS,3.0,2,historico,1.2716402845395953
4323358,RS,3.0,2,historico,0.7505476314700082
4323408,RS,0.0,2,historico,2.162294547106276
4323457,RS,0.0,2,historico,0.837969571107707
4323507,RS,1.0,2,historico,1.0844234505734962
4323606,RS,0.0,2,historico,0.826062021110793
4323705,RS,0.0,2,historico,1.316274895729148
4323754,RS,1.0,2,historico,0.7508417365074225
4323770,RS,0.0,2,historico,1.0219669723615064
4323804,RS,9.0,2,historico,5.479614500153968
5300108,DF,2061.0,2,historico,3785.1360593083937
2200053,PI,0.0,2,retrospectivo_completo,0.3242998076423963
2200103,PI,0.0,2,retrospectivo_completo,0.41821034725658335
2200202,PI,2.0,2,retrospectivo_completo,1.722381810669763
2200251,PI,0.0,2,retrospectivo_completo,0.3784334524647386
2200277,PI,1.0,2,retrospectivo_completo,0.3643804583902207
2200301,PI,0.0,2,retrospectivo_completo,1.1560921577024532
2200400,PI,5.0,2,retrospectivo_completo,3.824896719394704
2200459,PI,1.0,2,retrospectivo_completo,0.36040122456698076
2200509,PI,1.0,2,retrospectivo_completo,1.304104199124962
2200608,PI,1.0,2,retrospectivo_completo,0.6236059328318624
2200707,PI,0.0,2,retrospectivo_completo,0.6441880227941094
2200806,PI,0.0,2,retrospectivo_completo,0.31684759255319894
2200905,PI,0.0,2,retrospectivo_completo,0.4659173333159316
2200954,PI,0.0,2,retrospectivo_completo,0.12303376641036748
2201002,PI,0.0,2,retrospectivo_completo,0.1972967034675851
2201051,PI,0.0,2,retrospectivo_completo,0.2614833525507909
2201101,PI,2.0,2,retrospectivo_completo,0.8082173158563077
2201150,PI,1.0,2,retrospectivo_completo,0.5543004874411271
2201176,PI,0.0,2,retrospectivo_completo,0.2569611406368963
2201200,PI,3.0,2,retrospectivo_completo,3.0349668059726382
2201309,PI,0.0,2,retrospectivo_completo,0.3164679903606246
2201408,PI,0.0,2,retrospectivo_completo,0.7534244327532893
2201507,PI,0.0,2,retrospectivo_completo,1.1427186586953582
2201556,PI,0.0,2,retrospectivo_completo,0.251999087472006
2201572,PI,0.0,2,retrospectivo_completo,0.20780014462834345
2201606,PI,0.0,2,retrospectivo_completo,0.6765920657882027
2201705,PI,1.0,2,retrospectivo_completo,0.5953736346695021
2201739,PI,0.0,2,retrospectivo_completo,0.2507103574619684
2201770,PI,0.0,2,retrospectivo_completo,0.31063714476485327
2201804,PI,1.0,2,retrospectivo_completo,0.5098004730081981
2201903,PI,4.0,2,retrospectivo_completo,5.704726903404042
2201919,PI,0.0,2,retrospectivo_completo,0.24972543630898003
2201929,PI,0.0,2,retrospectivo_completo,0.42799031036408947
2201945,PI,0.0,2,retrospectivo_completo,0.37406598304261834
2201960,PI,0.0,2,retrospectivo_completo,0.49925304334125953
2201988,PI,0.0,2,retrospectivo_completo,0.21888548761698765
2202000,PI,2.0,2,retrospectivo_completo,1.0332176927352203
2202026,PI,0.0,2,retrospectivo_completo,0.42406011432466234
2202059,PI,0.0,2,retrospectivo_completo,0.5436047350977762
2202075,PI,0.0,2,retrospectivo_completo,0.18127907257722414
2202083,PI,0.0,2,retrospectivo_completo,0.3397013903791521
2202091,PI,1.0,2,retrospectivo_completo,0.45486473971412406
2202109,PI,0.0,2,retrospectivo_completo,0.3373525763389309
2202117,PI,1.0,2,retrospectivo_completo,0.2528577322387802
2202133,PI,1.0,2,retrospectivo_completo,0.3774639040676361
2202174,PI,0.0,2,retrospectivo_completo,0.20698200764994507
2202208,PI,7.0,2,retrospectivo_completo,4.877418526003011
2202251,PI,0.0,2,retrospectivo_completo,0.2687326316966996
2202307,PI,1.0,2,retrospectivo_completo,1.7466791918746927
2202406,PI,0.0,2,retrospectivo_completo,0.7255574875647757
2202455,PI,0.0,2,retrospectivo_completo,0.1853434992086425
2202505,PI,0.0,2,retrospectivo_completo,0.6167761759133782
2202539,PI,0.0,2,retrospectivo_completo,0.2000894003923134
2202554,PI,0.0,2,retrospectivo_completo,0.26359326918249476
2202604,PI,2.0,2,retrospectivo_completo,1.5200554671563682
2202653,PI,1.0,2,retrospectivo_completo,0.14996593670092342
2202703,PI,7.0,2,retrospectivo_completo,1.098648370529033
2202711,PI,0.0,2,retrospectivo_completo,0.288300857902792
2202729,PI,0.0,2,retrospectivo_completo,0.19665305252103985
2202737,PI,0.0,2,retrospectivo_completo,0.2547535745882518
2202752,PI,0.0,2,retrospectivo_completo,0.6172624005670171
2202778,PI,0.0,2,retrospectivo_completo,0.6542761306098492
2202802,PI,1.0,2,retrospectivo_completo,0.41686968656158147
2202851,PI,0.0,2,retrospectivo_completo,0.2940683165921447
2202901,PI,4.0,2,retrospectivo_completo,4.094427596890133
2203008,PI,0.0,2,retrospectivo_completo,0.5632060724963669
2203107,PI,0.0,2,retrospectivo_completo,0.814031162330435
2203206,PI,0.0,2,retrospectivo_completo,1.3023374079545675
2203230,PI,0.0,2,retrospectivo_completo,0.21316144264409334
2203255,PI,0.0,2,retrospectivo_completo,0.16367262465250518
2203271,PI,0.0,2,retrospectivo_completo,0.21505277775854906
2203305,PI,1.0,2,retrospectivo_completo,1.057228796842448
2203354,PI,0.0,2,retrospectivo_completo,0.6085414133111657
2203404,PI,0.0,2,retrospectivo_completo,0.5852659078742232
2203420,PI,0.0,2,retrospectivo_completo,0.20834023270065735
2203453,PI,0.0,2,retrospectivo_completo,0.4102063936547975
2203503,PI,0.0,2,retrospectivo_completo,1.1782928391885956
2203602,PI,3.0,2,retrospectivo_completo,0.4928371746482668
2203701,PI,4.0,2,retrospectivo_completo,2.647153031579074
2203750,PI,0.0,2,retrospectivo_completo,0.29583062544694744
2203800,PI,0.0,2,retrospectivo_completo,0.28215122899087647
2203859,PI,0.0,2,retrospectivo_completo,0.13896276091955206
2203909,PI,18.0,2,retrospectivo_completo,13.950495183519015
2204006,PI,0.0,2,retrospectivo_completo,0.32071031603101696
2204105,PI,0.0,2,retrospectivo_completo,0.35109479112032616
2204154,PI,0.0,2,retrospectivo_completo,0.23113897969500166
2204204,PI,1.0,2,retrospectivo_completo,0.8925169071975199
2204303,PI,3.0,2,retrospectivo_completo,1.3858548180608905
2204352,PI,0.0,2,retrospectivo_completo,0.3147627160213864
2204402,PI,1.0,2,retrospectivo_completo,1.0003532019152424
2204501,PI,4.0,2,retrospectivo_completo,1.286903314189742
2204550,PI,0.0,2,retrospectivo_completo,0.19766208607841157
2204600,PI,0.0,2,retrospectivo_completo,0.2402419958495998
2204659,PI,1.0,2,retrospectivo_completo,0.37292170058083324
2204709,PI,1.0,2,retrospectivo_completo,1.4438117088142575
2204808,PI,0.0,2,retrospectivo_completo,0.8706184068292191
2204907,PI,1.0,2,retrospectivo_completo,0.8308407733125814
2205003,PI,0.0,2,retrospectivo_completo,0.9061033187577902
2205102,PI,2.0,2,retrospectivo_completo,1.0592291786043988
2205151,PI,0.0,2,retrospectivo_completo,0.254668172020639
2205201,PI,0.0,2,retrospectivo_completo,1.3397176071962802
2205250,PI,0.0,2,retrospectivo_completo,0.2918765785291182
2205276,PI,0.0,2,retrospectivo_completo,0.22944591515787377
2205300,PI,0.0,2,retrospectivo_completo,0.3703775998911204
2205359,PI,0.0,2,retrospectivo_completo,0.13801673571684075
2205409,PI,1.0,2,retrospectivo_completo,0.5125372657299493
2205458,PI,0.0,2,retrospectivo_completo,0.1809014851564767
2205508,PI,3.0,2,retrospectivo_completo,3.2634911712458408
2205516,PI,0.0,2,retrospectivo_completo,0.27235248768176257
2205524,PI,0.0,2,retrospectivo_completo,0.4022630094626226
2205532,PI,0.0,2,retrospectivo_completo,0.24521384104474636
2205540,PI,1.0,2,retrospectivo_completo,0.20209897140772679
2205557,PI,0.0,2,retrospectivo_completo,0.38673171032741205
2205565,PI,0.0,2,retrospectivo_completo,0.16589740422015598
2205573,PI,1.0,2,retrospectivo_completo,0.19564805081679496
2205581,PI,1.0,2,retrospectivo_completo,0.26659037494107996
2205599,PI,0.0,2,retrospectivo_completo,0.2242749884112828
2205607,PI,0.0,2,retrospectivo_completo,0.43592497631539656
2205706,PI,1.0,2,retrospectivo_completo,1.3720722713826394
2205805,PI,3.0,2,retrospectivo_completo,1.2740968603063865
2205854,PI,0.0,2,retrospectivo_completo,0.27779523523043154
2205904,PI,0.0,2,retrospectivo_completo,0.3261006917050989
2205953,PI,0.0,2,retrospectivo_completo,0.6041780576243491
2206001,PI,1.0,2,retrospectivo_completo,0.36172427184773315
2206050,PI,0.0,2,retrospectivo_completo,0.2766843589451753
2206100,PI,1.0,2,retrospectivo_completo,0.524690369991631
2206209,PI,0.0,2,retrospectivo_completo,1.4116378361506199
2206308,PI,0.0,2,retrospectivo_completo,0.11144236306915935
2206357,PI,0.0,2,retrospectivo_completo,0.2060744345164591
2206407,PI,0.0,2,retrospectivo_completo,1.00652757131492
2206506,PI,0.0,2,retrospectivo_completo,0.5224383928061057
2206605,PI,0.0,2,retrospectivo_completo,0.6564323898361691
2206654,PI,0.0,2,retrospectivo_completo,0.21734157357406222
2206670,PI,0.0,2,retrospectivo_completo,0.3374269179684125
2206696,PI,0.0,2,retrospectivo_completo,0.285275978423244
2206704,PI,0.0,2,retrospectivo_completo,0.47976184965165997
2206753,PI,0.0,2,retrospectivo_completo,0.3323032188419951
2206803,PI,0.0,2,retrospectivo_completo,0.2792486118376037
2206902,PI,2.0,2,retrospectivo_completo,0.5136157464639836
2206951,PI,0.0,2,retrospectivo_completo,0.14718581579445073
2207009,PI,6.0,2,retrospectivo_completo,4.628107808802461
2207108,PI,0.0,2,retrospectivo_completo,0.13913570773210454
2207207,PI,0.0,2,retrospectivo_completo,0.42593194334143314
2207306,PI,0.0,2,retrospectivo_completo,0.26042198387423793
2207355,PI,0.0,2,retrospectivo_completo,0.1898354715815272
2207405,PI,0.0,2,retrospectivo_completo,0.3847347307267585
2207504,PI,0.0,2,retrospectivo_completo,0.6200953470523619
2207553,PI,0.0,2,retrospectivo_completo,0.23997371671518186
2207603,PI,0.0,2,retrospectivo_completo,0.7565509826714456
2207702,PI,22.0,2,retrospectivo_completo,27.12350804962026
2207751,PI,0.0,2,retrospectivo_completo,0.3114639904129837
2207777,PI,0.0,2,retrospectivo_completo,0.4189946771953618
2207793,PI,0.0,2,retrospectivo_completo,0.14227399081338382
2207801,PI,3.0,2,retrospectivo_completo,1.796912896806039
2207850,PI,0.0,2,retrospectivo_completo,0.15040345834893137
2207900,PI,1.0,2,retrospectivo_completo,2.8238078928351924
2207934,PI,0.0,2,retrospectivo_completo,0.12070380170661268
2207959,PI,1.0,2,retrospectivo_completo,0.2759371189495878
2208007,PI,17.0,2,retrospectivo_completo,17.86628495731901
2208106,PI,2.0,2,retrospectivo_completo,0.7337281740991495
2208205,PI,1.0,2,retrospectivo_completo,1.1079409405369232
2208304,PI,2.0,2,retrospectivo_completo,1.8603673958154179
2208403,PI,7.0,2,retrospectivo_completo,6.334617298423712
2208502,PI,0.0,2,retrospectivo_completo,0.3162180199559298
2208551,PI,0.0,2,retrospectivo_completo,0.17004919168233198
2208601,PI,0.0,2,retrospectivo_completo,0.17777907491407932
2208650,PI,0.0,2,retrospectivo_completo,0.31785872504410434
2208700,PI,1.0,2,retrospectivo_completo,0.7741867453809361
2208809,PI,6.0,2,retrospectivo_completo,1.4347622447641637
2208858,PI,0.0,2,retrospectivo_completo,0.23440114377987326
2208874,PI,0.0,2,retrospectivo_completo,0.1986583896734071
2208908,PI,0.0,2,retrospectivo_completo,0.5684408328965347
2209005,PI,1.0,2,retrospectivo_completo,0.49310104032195184
2209104,PI,1.0,2,retrospectivo_completo,0.6103098816667866
2209153,PI,0.0,2,retrospectivo_completo,0.2624652683076359
2209203,PI,0.0,2,retrospectivo_completo,0.3023396713355952
2209302,PI,0.0,2,retrospectivo_completo,0.4079858551674761
2209351,PI,0.0,2,retrospectivo_completo,0.29920820709801343
2209377,PI,0.0,2,retrospectivo_completo,0.31587133771929
2209401,PI,0.0,2,retrospectivo_completo,0.4785474414318535
2209450,PI,0.0,2,retrospectivo_completo,0.16068248524702788
2209500,PI,0.0,2,retrospectivo_completo,0.3827124781601526
2209559,PI,0.0,2,retrospectivo_completo,0.2967781219395086
2209609,PI,0.0,2,retrospectivo_completo,0.2806621510975777
2209658,PI,0.0,2,retrospectivo_completo,0.17927453131211873
2209708,PI,0.0,2,retrospectivo_completo,0.4911739626673822
2209757,PI,0.0,2,retrospectivo_completo,0.2981682056496033
2209807,PI,0.0,2,retrospectivo_completo,0.3669951090434255
2209856,PI,0.0,2,retrospectivo_completo,0.2638495061084349
2209872,PI,0.0,2,retrospectivo_completo,0.19404210239967104
2209906,PI,0.0,2,retrospectivo_completo,0.42375264398441764
2209955,PI,0.0,2,retrospectivo_completo,0.2856858336866951
2209971,PI,0.0,2,retrospectivo_completo,0.25491838083811297
2210003,PI,5.0,2,retrospectivo_completo,2.4110052032144833
2210052,PI,1.0,2,retrospectivo_completo,0.2522912309193059
2210102,PI,0.0,2,retrospectivo_completo,0.323965385958222
2210201,PI,1.0,2,retrospectivo_completo,0.5161458740758438
2210300,PI,0.0,2,retrospectivo_completo,0.5235725835822804
2210359,PI,1.0,2,retrospectivo_completo,0.4680670171010394
2210375,PI,0.0,2,retrospectivo_completo,0.13241437269713083
2210383,PI,0.0,2,retrospectivo_completo,0.17716354512072552
2210391,PI,0.0,2,retrospectivo_completo,0.12127264880979631
2210409,PI,2.0,2,retrospectivo_completo,0.6227211557829359
2210508,PI,0.0,2,retrospectivo_completo,1.0642489637416062
2210607,PI,7.0,2,retrospectivo_completo,4.628185313180378
2210623,PI,0.0,2,retrospectivo_completo,0.1980030402580711
2210631,PI,1.0,2,retrospectivo_completo,0.20785153065414982
2210656,PI,0.0,2,retrospectivo_completo,0.5565229512612431
2210706,PI,0.0,2,retrospectivo_completo,1.1686503156817771
2210805,PI,1.0,2,retrospectivo_completo,1.5120900086197306
2210904,PI,0.0,2,retrospectivo_completo,0.22492969978694477
2210938,PI,0.0,2,retrospectivo_completo,0.4848355325858076
2210953,PI,0.0,2,retrospectivo_completo,0.13130891173113868
2210979,PI,0.0,2,retrospectivo_completo,0.22165437977170518
2211001,PI,270.0,2,retrospectivo_completo,225.4962473738748
2211100,PI,1.0,2,retrospectivo_completo,3.0593789837889163
2211209,PI,4.0,2,retrospectivo_completo,2.4913133559570353
2211308,PI,4.0,2,retrospectivo_completo,2.527164942824744
2211357,PI,0.0,2,retrospectivo_completo,0.36211459691208325
2211407,PI,1.0,2,retrospectivo_completo,0.3545236315220548
2211506,PI,0.0,2,retrospectivo_completo,0.13447641674868524
2211605,PI,0.0,2,retrospectivo_completo,0.24193327814436164
2211704,PI,0.0,2,retrospectivo_completo,0.18994954341042086
2300101,CE,2.0,2,retrospectivo_completo,0.9663171567478608
2300150,CE,0.0,2,retrospectivo_completo,0.9436401933552039
2300200,CE,8.0,2,retrospectivo_completo,3.5369820268521583
2300309,CE,7.0,2,retrospectivo_completo,4.892880982126346
2300408,CE,1.0,2,retrospectivo_completo,0.9438695363666332
2300507,CE,0.0,2,retrospectivo_completo,0.7573622810610852
2300606,CE,2.0,2,retrospectivo_completo,0.6495807481700285
2300705,CE,3.0,2,retrospectivo_completo,1.2218036654347704
2300754,CE,1.0,2,retrospectivo_completo,2.0575238270578384
2300804,CE,1.0,2,retrospectivo_completo,0.5935277368509697
2300903,CE,2.0,2,retrospectivo_completo,0.8932342169930603
2301000,CE,1.0,2,retrospectivo_completo,6.582666276895796
2301109,CE,21.0,2,retrospectivo_completo,6.212659496517507
2301208,CE,3.0,2,retrospectivo_completo,1.7325716681933079
2301257,CE,0.0,2,retrospectivo_completo,0.5516243367173406
2301307,CE,1.0,2,retrospectivo_completo,1.0951185868980173
2301406,CE,2.0,2,retrospectivo_completo,0.694949672557167
2301505,CE,2.0,2,retrospectivo_completo,0.7395978840315889
2301604,CE,1.0,2,retrospectivo_completo,1.4102080358381277
2301703,CE,3.0,2,retrospectivo_completo,2.3813507057604246
2301802,CE,0.0,2,retrospectivo_completo,0.6170223220847283
2301851,CE,1.0,2,retrospectivo_completo,1.0125160170371266
2301901,CE,6.0,2,retrospectivo_completo,8.327991176092363
2301950,CE,1.0,2,retrospectivo_completo,1.3349992782134366
2302008,CE,4.0,2,retrospectivo_completo,2.129215773435295
2302057,CE,0.0,2,retrospectivo_completo,0.7450590137020101
2302107,CE,3.0,2,retrospectivo_completo,2.4469327215605228
2302206,CE,3.0,2,retrospectivo_completo,4.0873773622745855
2302305,CE,3.0,2,retrospectivo_completo,2.0115733262629028
2302404,CE,3.0,2,retrospectivo_completo,3.2416013314121837
2302503,CE,10.0,2,retrospectivo_completo,5.256176774110304
2302602,CE,8.0,2,retrospectivo_completo,4.215008344701729
2302701,CE,4.0,2,retrospectivo_completo,2.7853969626542128
2302800,CE,6.0,2,retrospectivo_completo,5.789342771507202
2302909,CE,1.0,2,retrospectivo_completo,1.1293298675005676
2303006,CE,2.0,2,retrospectivo_completo,1.3130853339775526
2303105,CE,3.0,2,retrospectivo_completo,1.0000542865412605
2303204,CE,2.0,2,retrospectivo_completo,2.1201212128353615
2303303,CE,3.0,2,retrospectivo_completo,1.5949685145443462
2303402,CE,2.0,2,retrospectivo_completo,1.0157119663569607
2303501,CE,5.0,2,retrospectivo_completo,5.34392185461339
2303600,CE,3.0,2,retrospectivo_completo,1.9934791932561977
2303659,CE,0.0,2,retrospectivo_completo,0.6069890816245261
2303709,CE,35.0,2,retrospectivo_completo,41.0226488311145
2303808,CE,1.0,2,retrospectivo_completo,2.8599908791610016
2303907,CE,1.0,2,retrospectivo_completo,0.7603086296672023
2303931,CE,0.0,2,retrospectivo_completo,0.5192108646473438
2303956,CE,1.0,2,retrospectivo_completo,1.2979869616982422
2304004,CE,1.0,2,retrospectivo_completo,1.4513676567054457
2304103,CE,9.0,2,retrospectivo_completo,9.96793484852428
2304202,CE,18.0,2,retrospectivo_completo,26.820483351320064
2304236,CE,1.0,2,retrospectivo_completo,0.8464501018793953
2304251,CE,7.0,2,retrospectivo_completo,1.8236386658083237
2304269,CE,2.0,2,retrospectivo_completo,0.8592841499172758
2304277,CE,2.0,2,retrospectivo_completo,0.6328579714807767
2304285,CE,13.0,2,retrospectivo_completo,8.646689779606294
2304301,CE,0.0,2,retrospectivo_completo,1.638412153552326
2304350,CE,4.0,2,retrospectivo_completo,1.5679689690029173
2304400,CE,614.0,2,retrospectivo_completo,745.4480320946778
2304459,CE,1.0,2,retrospectivo_completo,1.0719413835786449
2304509,CE,2.0,2,retrospectivo_completo,0.9469914727992731
2304608,CE,0.0,2,retrospectivo_completo,0.38305068665919756
2304657,CE,0.0,2,retrospectivo_completo,0.6334042096646249
2304707,CE,5.0,2,retrospectivo_completo,2.003437317821614
2304806,CE,0.0,2,retrospectivo_completo,0.29341991121567884
2304905,CE,1.0,2,retrospectivo_completo,0.7664539015591016
2304954,CE,2.0,2,retrospectivo_completo,1.606884279501888
2305001,CE,4.0,2,retrospectivo_completo,2.3562507411103057
2305100,CE,0.0,2,retrospectivo_completo,0.2626660560529429
2305209,CE,7.0,2,retrospectivo_completo,1.1296076442638263
2305233,CE,5.0,2,retrospectivo_completo,4.58789880441448
2305266,CE,0.0,2,retrospectivo_completo,0.5841388510166791
2305308,CE,3.0,2,retrospectivo_completo,1.6507592115187204
2305332,CE,1.0,2,retrospectivo_completo,0.6924527033475375
2305357,CE,5.0,2,retrospectivo_completo,1.4713196757819778
2305407,CE,8.0,2,retrospectivo_completo,6.663801624656293
2305506,CE,14.0,2,retrospectivo_completo,14.634157156982578
2305605,CE,1.0,2,retrospectivo_completo,2.7260943404103166
2305654,CE,2.0,2,retrospectivo_completo,0.5882569651996048
2305704,CE,1.0,2,retrospectivo_completo,1.5424562028595459
2305803,CE,4.0,2,retrospectivo_completo,2.920370478963473
2305902,CE,3.0,2,retrospectivo_completo,1.5001180662504086
2306009,CE,2.0,2,retrospectivo_completo,1.416020705568944
2306108,CE,2.0,2,retrospectivo_completo,1.4738426487297294
2306207,CE,1.0,2,retrospectivo_completo,0.5727158990649268
2306256,CE,3.0,2,retrospectivo_completo,2.626642329040935
2306306,CE,7.0,2,retrospectivo_completo,3.313888222071661
2306405,CE,11.0,2,retrospectivo_completo,8.34748865117336
2306504,CE,2.0,2,retrospectivo_completo,1.2416258187767106
2306553,CE,1.0,2,retrospectivo_completo,2.132023963299343
2306603,CE,0.0,2,retrospectivo_completo,0.7351000854578988
2306702,CE,0.0,2,retrospectivo_completo,1.4314543595671059
2306801,CE,1.0,2,retrospectivo_completo,0.9208869448239919
2306900,CE,5.0,2,retrospectivo_completo,3.4519312590576643
2307007,CE,4.0,2,retrospectivo_completo,2.4744775660474465
2307106,CE,2.0,2,retrospectivo_completo,2.546964963082478
2307205,CE,0.0,2,retrospectivo_completo,0.709931762050142
2307254,CE,4.0,2,retrospectivo_completo,1.6796454409222918
2307304,CE,31.0,2,retrospectivo_completo,37.31996219990544
2307403,CE,1.0,2,retrospectivo_completo,1.7517305297213184
2307502,CE,2.0,2,retrospectivo_completo,3.5462231508076565
2307601,CE,11.0,2,retrospectivo_completo,7.178949347141676
2307635,CE,1.0,2,retrospectivo_completo,0.9772931830582384
2307650,CE,31.0,2,retrospectivo_completo,28.13886881242664
2307700,CE,4.0,2,retrospectivo_completo,8.988099089277108
2307809,CE,3.0,2,retrospectivo_completo,1.578528735348431
2307908,CE,0.0,2,retrospectivo_completo,0.647858054378787
2308005,CE,2.0,2,retrospectivo_completo,2.293907976841662
2308104,CE,1.0,2,retrospectivo_completo,4.465995751762308
2308203,CE,2.0,2,retrospectivo_completo,1.0052019475442404
2308302,CE,2.0,2,retrospectivo_completo,2.5175956660518977
2308351,CE,2.0,2,retrospectivo_completo,1.3287476189701575
2308377,CE,2.0,2,retrospectivo_completo,0.6843276239045419
2308401,CE,1.0,2,retrospectivo_completo,3.5893564138564464
2308500,CE,1.0,2,retrospectivo_completo,3.3811284906383063
2308609,CE,3.0,2,retrospectivo_completo,1.3149738568153448
2308708,CE,9.0,2,retrospectivo_completo,4.567630539505827
2308807,CE,0.0,2,retrospectivo_completo,0.43661108278800037
2308906,CE,4.0,2,retrospectivo_completo,1.267054572663023
2309003,CE,1.0,2,retrospectivo_completo,0.8762464472400617
2309102,CE,0.0,2,retrospectivo_completo,0.8810179403617973
2309201,CE,3.0,2,retrospectivo_completo,1.6147346989491147
2309300,CE,7.0,2,retrospectivo_completo,2.5978747786717955
2309409,CE,3.0,2,retrospectivo_completo,2.56545874336141
2309458,CE,2.0,2,retrospectivo_completo,1.462440297131021
2309508,CE,3.0,2,retrospectivo_completo,2.189613210011007
2309607,CE,6.0,2,retrospectivo_completo,5.675108545113343
2309706,CE,5.0,2,retrospectivo_completo,8.693501477345754
2309805,CE,2.0,2,retrospectivo_completo,0.851484059111029
2309904,CE,1.0,2,retrospectivo_completo,0.41836384004517063
2310001,CE,1.0,2,retrospectivo_completo,0.6960868767101283
2310100,CE,0.0,2,retrospectivo_completo,0.9341159703580332
2310209,CE,4.0,2,retrospectivo_completo,2.613655724861984
2310258,CE,5.0,2,retrospectivo_completo,2.153772541886076
2310308,CE,4.0,2,retrospectivo_completo,1.8622542645179752
2310407,CE,0.0,2,retrospectivo_completo,0.5248480494759338
2310506,CE,2.0,2,retrospectivo_completo,3.22590182407178
2310605,CE,0.0,2,retrospectivo_completo,0.8129232007865043
2310704,CE,2.0,2,retrospectivo_completo,2.745843086659849
2310803,CE,3.0,2,retrospectivo_completo,1.0890897158033042
2310852,CE,1.0,2,retrospectivo_completo,1.4219632759626026
2310902,CE,0.0,2,retrospectivo_completo,1.038049205652311
2310951,CE,1.0,2,retrospectivo_completo,0.5087029387200901
2311009,CE,0.0,2,retrospectivo_completo,0.636230730247758
2311108,CE,1.0,2,retrospectivo_completo,1.1603092729805609
2311207,CE,2.0,2,retrospectivo_completo,0.6147986073964815
2311231,CE,0.0,2,retrospectivo_completo,0.4901381548089509
2311264,CE,0.0,2,retrospectivo_completo,1.25453187939607
2311306,CE,12.0,2,retrospectivo_completo,7.0795982236415425
2311355,CE,2.0,2,retrospectivo_completo,1.244474546765077
2311405,CE,6.0,2,retrospectivo_completo,7.013336228475947
2311504,CE,2.0,2,retrospectivo_completo,1.5138764143707484
2311603,CE,4.0,2,retrospectivo_completo,1.9530335146004778
2311702,CE,3.0,2,retrospectivo_completo,1.3069291396809584
2311801,CE,9.0,2,retrospectivo_completo,9.444864991111679
2311900,CE,1.0,2,retrospectivo_completo,1.0190579616016482
2311959,CE,0.0,2,retrospectivo_completo,0.6663452949517187
2312007,CE,4.0,2,retrospectivo_completo,1.892835681598763
2312106,CE,3.0,2,retrospectivo_completo,1.3859798109065085
2312205,CE,9.0,2,retrospectivo_completo,2.970568840307471
2312304,CE,4.0,2,retrospectivo_completo,3.285886878307757
2312403,CE,5.0,2,retrospectivo_completo,3.4553815008163413
2312502,CE,0.0,2,retrospectivo_completo,0.573141967491556
2312601,CE,2.0,2,retrospectivo_completo,0.8740403860316901
2312700,CE,4.0,2,retrospectivo_completo,2.7260583264292366
2312809,CE,0.0,2,retrospectivo_completo,0.44633775129611364
2312908,CE,33.0,2,retrospectivo_completo,28.015779821241726
2313005,CE,2.0,2,retrospectivo_completo,1.8594889664136756
2313104,CE,1.0,2,retrospectivo_completo,2.8686113263675517
2313203,CE,3.0,2,retrospectivo_completo,1.3121230838992666
2313252,CE,0.0,2,retrospectivo_completo,0.504219526057707
2313302,CE,10.0,2,retrospectivo_completo,6.512929627364038
2313351,CE,0.0,2,retrospectivo_completo,1.0202608832840392
2313401,CE,9.0,2,retrospectivo_completo,7.678460335294525
2313500,CE,2.0,2,retrospectivo_completo,3.450746649955416
2313559,CE,1.0,2,retrospectivo_completo,0.9011970969838856
2313609,CE,3.0,2,retrospectivo_completo,2.5879235751349996
2313708,CE,0.0,2,retrospectivo_completo,0.4210979588713311
2313757,CE,0.0,2,retrospectivo_completo,0.9496316894617777
2313807,CE,1.0,2,retrospectivo_completo,1.244179008179072
2313906,CE,2.0,2,retrospectivo_completo,0.531718450021012
2313955,CE,0.0,2,retrospectivo_completo,1.2880443155085648
2314003,CE,2.0,2,retrospectivo_completo,4.701504085457974
2314102,CE,1.0,2,retrospectivo_completo,3.3045047266868792
2700102,AL,1.0,2,retrospectivo_completo,1.3200146013033054
2700201,AL,2.0,2,retrospectivo_completo,1.3648658814623604
2700300,AL,29.0,2,retrospectivo_completo,30.939809449862633
2700409,AL,1.0,2,retrospectivo_completo,2.9460347206247217
2700508,AL,2.0,2,retrospectivo_completo,0.9539255791274228
2700607,AL,2.0,2,retrospectivo_completo,0.9688021555688362
2700706,AL,3.0,2,retrospectivo_completo,1.354651526903061
2700805,AL,2.0,2,retrospectivo_completo,0.37450175437189126
2700904,AL,0.0,2,retrospectivo_completo,0.3196533682583298
2701001,AL,2.0,2,retrospectivo_completo,2.480557208263649
2701100,AL,0.0,2,retrospectivo_completo,0.42890056550345856
2701209,AL,0.0,2,retrospectivo_completo,0.8598525617378947
2701308,AL,1.0,2,retrospectivo_completo,1.3030514352510396
2701357,AL,0.0,2,retrospectivo_completo,0.3237372776705649
2701407,AL,2.0,2,retrospectivo_completo,3.115099856422227
2701506,AL,0.0,2,retrospectivo_completo,0.4088937465999571
2701605,AL,1.0,2,retrospectivo_completo,0.5907779771345611
2701704,AL,0.0,2,retrospectivo_completo,1.1752612395092232
2701803,AL,0.0,2,retrospectivo_completo,0.3466711042187438
2701902,AL,0.0,2,retrospectivo_completo,0.40071326303883814
2702009,AL,1.0,2,retrospectivo_completo,0.6275361002433961
2702108,AL,2.0,2,retrospectivo_completo,1.0881809167381624
2702207,AL,0.0,2,retrospectivo_completo,0.45604588551591896
2702306,AL,3.0,2,retrospectivo_completo,5.084847410228073
2702355,AL,0.0,2,retrospectivo_completo,1.059967716923065
2702405,AL,4.0,2,retrospectivo_completo,5.317641410987133
2702504,AL,1.0,2,retrospectivo_completo,0.5202137665817672
2702553,AL,0.0,2,retrospectivo_completo,0.9160306464260474
2702603,AL,0.0,2,retrospectivo_completo,0.9001827815701785
2702702,AL,2.0,2,retrospectivo_completo,0.3248057246170077
2702801,AL,0.0,2,retrospectivo_completo,0.6653712373240074
2702900,AL,1.0,2,retrospectivo_completo,1.5768928039640946
2703007,AL,2.0,2,retrospectivo_completo,0.6872259324564309
2703106,AL,2.0,2,retrospectivo_completo,2.0401777881994168
2703205,AL,2.0,2,retrospectivo_completo,1.9029078543506521
2703304,AL,2.0,2,retrospectivo_completo,0.58793307901649
2703403,AL,0.0,2,retrospectivo_completo,0.38497438626562325
2703502,AL,0.0,2,retrospectivo_completo,0.34129639641186804
2703601,AL,0.0,2,retrospectivo_completo,0.5054207417642517
2703700,AL,0.0,2,retrospectivo_completo,0.32112409225342625
2703759,AL,1.0,2,retrospectivo_completo,0.5508574049523888
2703809,AL,0.0,2,retrospectivo_completo,0.6341302689969155
2703908,AL,0.0,2,retrospectivo_completo,0.2823750925910257
2704005,AL,2.0,2,retrospectivo_completo,2.13354333226593
2704104,AL,1.0,2,retrospectivo_completo,1.1934422321090001
2704203,AL,0.0,2,retrospectivo_completo,2.2920598725963712
2704302,AL,235.0,2,retrospectivo_completo,285.9563538611212
2704401,AL,0.0,2,retrospectivo_completo,1.5480984709582726
2704500,AL,5.0,2,retrospectivo_completo,1.9332161662234046
2704609,AL,2.0,2,retrospectivo_completo,0.5875013260881715
2704708,AL,1.0,2,retrospectivo_completo,7.374795211604661
2704807,AL,1.0,2,retrospectivo_completo,1.0890238626936812
2704906,AL,2.0,2,retrospectivo_completo,0.2354319257682418
2705002,AL,4.0,2,retrospectivo_completo,1.0318791198840729
2705101,AL,1.0,2,retrospectivo_completo,1.0653100889100648
2705200,AL,0.0,2,retrospectivo_completo,1.2336609340284965
2705309,AL,0.0,2,retrospectivo_completo,0.3515007323157759
2705408,AL,1.0,2,retrospectivo_completo,0.2773073903112243
2705507,AL,1.0,2,retrospectivo_completo,1.4777105676296558
2705606,AL,1.0,2,retrospectivo_completo,0.7890286194531023
2705705,AL,3.0,2,retrospectivo_completo,1.732181080451108
2705804,AL,0.0,2,retrospectivo_completo,0.48684129593812125
2705903,AL,0.0,2,retrospectivo_completo,0.19227309244462307
2706000,AL,0.0,2,retrospectivo_completo,0.5476329203981797
2706109,AL,0.0,2,retrospectivo_completo,0.6519426525613976
2706208,AL,0.0,2,retrospectivo_completo,0.16835652000907808
2706307,AL,8.0,2,retrospectivo_completo,9.817901186744841
2706406,AL,0.0,2,retrospectivo_completo,1.618921752019528
2706422,AL,0.0,2,retrospectivo_completo,0.6743153734001671
2706448,AL,1.0,2,retrospectivo_completo,1.2408356882715135
2706505,AL,1.0,2,retrospectivo_completo,0.6210743828680682
2706604,AL,2.0,2,retrospectivo_completo,0.6373043590180557
2706703,AL,8.0,2,retrospectivo_completo,7.3981850913493385
2706802,AL,2.0,2,retrospectivo_completo,1.0354393588908393
2706901,AL,3.0,2,retrospectivo_completo,3.2810933795982917
2707008,AL,2.0,2,retrospectivo_completo,0.23510464748483964
2707107,AL,0.0,2,retrospectivo_completo,1.7192342670509126
2707206,AL,0.0,2,retrospectivo_completo,0.4934780820087114
2707305,AL,2.0,2,retrospectivo_completo,1.8052102869481783
2707404,AL,1.0,2,retrospectivo_completo,0.4593772323149515
2707503,AL,0.0,2,retrospectivo_completo,0.8987994950255017
2707602,AL,0.0,2,retrospectivo_completo,0.7203366752824351
2707701,AL,6.0,2,retrospectivo_completo,8.329934591203722
2707800,AL,0.0,2,retrospectivo_completo,0.33203951590124414
2707909,AL,1.0,2,retrospectivo_completo,0.5197978809622595
2708006,AL,1.0,2,retrospectivo_completo,3.628141094832311
2708105,AL,3.0,2,retrospectivo_completo,0.3744708425403017
2708204,AL,1.0,2,retrospectivo_completo,0.4361165158819242
2708303,AL,2.0,2,retrospectivo_completo,1.39747525042561
2708402,AL,1.0,2,retrospectivo_completo,1.0427681998341831
2708501,AL,2.0,2,retrospectivo_completo,2.0707005531129505
2708600,AL,2.0,2,retrospectivo_completo,6.64943767913772
2708709,AL,0.0,2,retrospectivo_completo,0.5042044986818663
2708808,AL,1.0,2,retrospectivo_completo,2.0270715067129705
2708907,AL,2.0,2,retrospectivo_completo,1.6507798092100374
2708956,AL,0.0,2,retrospectivo_completo,0.43460237190212875
2709004,AL,2.0,2,retrospectivo_completo,0.3923437295781107
2709103,AL,1.0,2,retrospectivo_completo,1.2461235220950644
2709152,AL,7.0,2,retrospectivo_completo,2.8973576579032736
2709202,AL,1.0,2,retrospectivo_completo,0.8987919896119829
2709301,AL,1.0,2,retrospectivo_completo,5.142676527717962
2709400,AL,1.0,2,retrospectivo_completo,2.095041995431522
3300100,RJ,83.0,2,retrospectivo_completo,91.79242196193096
3300159,RJ,12.0,2,retrospectivo_completo,4.062205562696132
3300209,RJ,74.0,2,retrospectivo_completo,56.91051822582996
3300225,RJ,7.0,2,retrospectivo_completo,4.204426863316596
3300233,RJ,28.0,2,retrospectivo_completo,19.553221291541526
3300258,RJ,28.0,2,retrospectivo_completo,15.900227284851049
3300308,RJ,53.0,2,retrospectivo_completo,55.07855674063545
3300407,RJ,118.0,2,retrospectivo_completo,86.27222949985071
3300456,RJ,108.0,2,retrospectivo_completo,150.47850193967122
3300506,RJ,15.0,2,retrospectivo_completo,7.573925386257007
3300605,RJ,20.0,2,retrospectivo_completo,18.26872570104735
3300704,RJ,112.0,2,retrospectivo_completo,98.23451494520434
3300803,RJ,35.0,2,retrospectivo_completo,21.17115135310334
3300902,RJ,8.0,2,retrospectivo_completo,5.023542466388221
3300936,RJ,5.0,2,retrospectivo_completo,5.519257726516864
3300951,RJ,7.0,2,retrospectivo_completo,2.635424555309644
3301009,RJ,244.0,2,retrospectivo_completo,202.0889824762621
3301108,RJ,17.0,2,retrospectivo_completo,8.25398208896867
3301157,RJ,6.0,2,retrospectivo_completo,3.2065519977782717
3301207,RJ,12.0,2,retrospectivo_completo,6.608189690093399
3301306,RJ,33.0,2,retrospectivo_completo,18.522762794661254
3301405,RJ,12.0,2,retrospectivo_completo,8.607543105938372
3301504,RJ,24.0,2,retrospectivo_completo,9.918719682719816
3301603,RJ,1.0,2,retrospectivo_completo,3.0146033070569387
3301702,RJ,249.0,2,retrospectivo_completo,326.62559083434047
3301801,RJ,7.0,2,retrospectivo_completo,6.752975199506446
3301850,RJ,20.0,2,retrospectivo_completo,20.34126830326843
3301876,RJ,19.0,2,retrospectivo_completo,15.312642617528189
3301900,RJ,56.0,2,retrospectivo_completo,79.90951225229814
3302007,RJ,48.0,2,retrospectivo_completo,48.26349451328557
3302056,RJ,12.0,2,retrospectivo_completo,5.0901769711293
3302106,RJ,17.0,2,retrospectivo_completo,9.91527205475679
3302205,RJ,51.0,2,retrospectivo_completo,46.365686963217115
3302254,RJ,19.0,2,retrospectivo_completo,14.842272784838316
3302270,RJ,34.0,2,retrospectivo_completo,25.78431634479153
3302304,RJ,1.0,2,retrospectivo_completo,2.075775126105731
3302403,RJ,230.0,2,retrospectivo_completo,190.04478771619583
3302452,RJ,1.0,2,retrospectivo_completo,1.900922635760129
3302502,RJ,106.0,2,retrospectivo_completo,88.61076141359356
3302601,RJ,19.0,2,retrospectivo_completo,32.623845219677506
3302700,RJ,132.0,2,retrospectivo_completo,138.99025360343887
3302809,RJ,12.0,2,retrospectivo_completo,9.432078648090815
3302858,RJ,80.0,2,retrospectivo_completo,91.25208179167218
3302908,RJ,33.0,2,retrospectivo_completo,14.303961022519111
3303005,RJ,17.0,2,retrospectivo_completo,11.227766638353415
3303104,RJ,15.0,2,retrospectivo_completo,7.528540778948698
3303203,RJ,102.0,2,retrospectivo_completo,92.34634209957512
3303302,RJ,799.0,2,retrospectivo_completo,680.8331963813495
3303401,RJ,146.0,2,retrospectivo_completo,102.53660647746491
3303500,RJ,422.0,2,retrospectivo_completo,319.3299915719746
3303609,RJ,35.0,2,retrospectivo_completo,24.1071848563286
3303708,RJ,20.0,2,retrospectivo_completo,18.64689091198984
3303807,RJ,19.0,2,retrospectivo_completo,14.772037593843518
3303856,RJ,17.0,2,retrospectivo_completo,8.519750996938386
3303906,RJ,233.0,2,retrospectivo_completo,148.13302231045992
3303955,RJ,14.0,2,retrospectivo_completo,10.000405513778588
3304003,RJ,22.0,2,retrospectivo_completo,14.163178839773472
3304102,RJ,9.0,2,retrospectivo_completo,6.696256548480177
3304110,RJ,8.0,2,retrospectivo_completo,7.863253921591716
3304128,RJ,5.0,2,retrospectivo_completo,4.291443533266769
3304144,RJ,54.0,2,retrospectivo_completo,43.837742865559534
3304151,RJ,11.0,2,retrospectivo_completo,9.272533982687861
3304201,RJ,118.0,2,retrospectivo_completo,88.80848524241453
3304300,RJ,28.0,2,retrospectivo_completo,25.952887617787695
3304409,RJ,5.0,2,retrospectivo_completo,6.259698013869875
3304508,RJ,6.0,2,retrospectivo_completo,2.3761967406280338
3304524,RJ,130.0,2,retrospectivo_completo,102.81880161069824
3304557,RJ,6569.0,2,retrospectivo_completo,7836.382137195523
3304607,RJ,7.0,2,retrospectivo_completo,3.084909510222217
3304706,RJ,29.0,2,retrospectivo_completo,19.059420779643794
3304755,RJ,15.0,2,retrospectivo_completo,10.000185994244472
3304805,RJ,25.0,2,retrospectivo_completo,14.174995809454956
3304904,RJ,406.0,2,retrospectivo_completo,596.5399283557342
3305000,RJ,15.0,2,retrospectivo_completo,15.51635080669381
3305109,RJ,120.0,2,retrospectivo_completo,174.89060831378558
3305133,RJ,3.0,2,retrospectivo_completo,1.7976816799159148
3305158,RJ,15.0,2,retrospectivo_completo,5.310771515345265
3305208,RJ,47.0,2,retrospectivo_completo,38.730992064660136
3305307,RJ,4.0,2,retrospectivo_completo,1.8500719381100639
3305406,RJ,4.0,2,retrospectivo_completo,5.9548659255451595
3305505,RJ,45.0,2,retrospectivo_completo,37.78338498512519
3305554,RJ,33.0,2,retrospectivo_completo,34.66364718938626
3305604,RJ,4.0,2,retrospectivo_completo,5.260021272804321
3305703,RJ,10.0,2,retrospectivo_completo,3.654607665681519
3305752,RJ,6.0,2,retrospectivo_completo,7.749344425692246
3305802,RJ,120.0,2,retrospectivo_completo,92.56505008137097
3305901,RJ,8.0,2,retrospectivo_completo,3.3875091419794887
3306008,RJ,38.0,2,retrospectivo_completo,37.20910405483891
3306107,RJ,33.0,2,retrospectivo_completo,44.038386569833506
3306156,RJ,4.0,2,retrospectivo_completo,2.2176815910765115
3306206,RJ,36.0,2,retrospectivo_completo,16.32474969006728
3306305,RJ,227.0,2,retrospectivo_completo,174.6050732953768
4300034,RS,2.0,2,retrospectivo_completo,1.2817085570989681
4300059,RS,2.0,2,retrospectivo_completo,1.3144293336240467
4300109,RS,1.0,2,retrospectivo_completo,5.379582205365931
4300208,RS,2.0,2,retrospectivo_completo,2.1218322873393736
4300307,RS,0.0,2,retrospectivo_completo,1.5023855991301702
4300406,RS,35.0,2,retrospectivo_completo,24.64009951926913
4300455,RS,1.0,2,retrospectivo_completo,1.0056013316557335
4300471,RS,1.0,2,retrospectivo_completo,0.6097618764726497
4300505,RS,1.0,2,retrospectivo_completo,1.9920718298440483
4300554,RS,1.0,2,retrospectivo_completo,0.49861463615106993
4300570,RS,8.0,2,retrospectivo_completo,0.6993441053654865
4300604,RS,44.0,2,retrospectivo_completo,46.50805279408382
4300638,RS,0.0,2,retrospectivo_completo,1.2855806580788107
4300646,RS,2.0,2,retrospectivo_completo,2.2077535230653367
4300661,RS,1.0,2,retrospectivo_completo,0.3774751248543176
4300703,RS,4.0,2,retrospectivo_completo,1.4145982142471767
4300802,RS,5.0,2,retrospectivo_completo,4.562942821266926
4300851,RS,0.0,2,retrospectivo_completo,0.774324518143585
4300877,RS,2.0,2,retrospectivo_completo,0.9386692889805148
4300901,RS,1.0,2,retrospectivo_completo,3.5034971436312206
4301008,RS,9.0,2,retrospectivo_completo,6.511642820108221
4301057,RS,7.0,2,retrospectivo_completo,2.408530225145147
4301073,RS,0.0,2,retrospectivo_completo,0.9025915718678719
4301107,RS,9.0,2,retrospectivo_completo,3.5043768107978
4301206,RS,0.0,2,retrospectivo_completo,3.5635600727721193
4301305,RS,3.0,2,retrospectivo_completo,4.272653539783779
4301404,RS,4.0,2,retrospectivo_completo,2.8978560805246856
4301503,RS,2.0,2,retrospectivo_completo,1.904709834634214
4301552,RS,2.0,2,retrospectivo_completo,1.0928921636772624
4301602,RS,61.0,2,retrospectivo_completo,42.24975919692604
4301636,RS,8.0,2,retrospectivo_completo,3.159572818411575
4301651,RS,1.0,2,retrospectivo_completo,2.038392958180032
4301701,RS,2.0,2,retrospectivo_completo,1.9716342702292913
4301750,RS,1.0,2,retrospectivo_completo,1.160024833031801
4301800,RS,2.0,2,retrospectivo_completo,1.5861100356330584
4301859,RS,0.0,2,retrospectivo_completo,1.0235012919604236
4301875,RS,0.0,2,retrospectivo_completo,0.6558988139451156
4301909,RS,5.0,2,retrospectivo_completo,2.974752790813135
4301925,RS,1.0,2,retrospectivo_completo,0.5838452321399148
4301958,RS,0.0,2,retrospectivo_completo,0.8224556490896159
4302006,RS,3.0,2,retrospectivo_completo,2.622356746988918
4302055,RS,0.0,2,retrospectivo_completo,0.39772438998097076
4302105,RS,53.0,2,retrospectivo_completo,51.436494880861794
4302154,RS,1.0,2,retrospectivo_completo,0.47226114109627537
4302204,RS,1.0,2,retrospectivo_completo,2.1769199529772876
4302220,RS,1.0,2,retrospectivo_completo,0.5999810143348816
4302238,RS,0.0,2,retrospectivo_completo,0.6263684383739668
4302253,RS,1.0,2,retrospectivo_completo,0.7145034839249091
4302303,RS,0.0,2,retrospectivo_completo,3.0568816098492526
4302352,RS,6.0,2,retrospectivo_completo,3.9784477588756273
4302378,RS,0.0,2,retrospectivo_completo,0.49083779202948585
4302402,RS,2.0,2,retrospectivo_completo,3.0107624194702365
4302451,RS,2.0,2,retrospectivo_completo,2.440214380291146
4302501,RS,1.0,2,retrospectivo_completo,1.3823450746528059
4302584,RS,0.0,2,retrospectivo_completo,0.629967952333573
4302600,RS,0.0,2,retrospectivo_completo,0.7557852426888378
4302659,RS,0.0,2,retrospectivo_completo,0.9766105418773892
4302709,RS,6.0,2,retrospectivo_completo,5.374475563443479
4302808,RS,6.0,2,retrospectivo_completo,8.546281527405512
4302907,RS,3.0,2,retrospectivo_completo,2.94743886353442
4303004,RS,29.0,2,retrospectivo_completo,29.050895743782004
4303103,RS,67.0,2,retrospectivo_completo,48.525900695438494
4303202,RS,0.0,2,retrospectivo_completo,1.2360057420012776
4303301,RS,1.0,2,retrospectivo_completo,1.1195165939743004
4303400,RS,0.0,2,retrospectivo_completo,1.200738635081533
4303509,RS,12.0,2,retrospectivo_completo,21.49123358375153
4303558,RS,0.0,2,retrospectivo_completo,0.9491132225019402
4303608,RS,2.0,2,retrospectivo_completo,1.6957080410988719
4303673,RS,2.0,2,retrospectivo_completo,0.7102769556086412
4303707,RS,2.0,2,retrospectivo_completo,1.287001291817731
4303806,RS,6.0,2,retrospectivo_completo,1.8959031268170523
4303905,RS,35.0,2,retrospectivo_completo,25.068826904061346
4304002,RS,2.0,2,retrospectivo_completo,1.1590160675208097
4304101,RS,3.0,2,retrospectivo_completo,0.8014658772048605
4304200,RS,4.0,2,retrospectivo_completo,7.904131708228378
4304309,RS,1.0,2,retrospectivo_completo,1.5394000699112085
4304358,RS,4.0,2,retrospectivo_completo,2.3889150742000353
4304408,RS,17.0,2,retrospectivo_completo,17.482878993591854
4304507,RS,12.0,2,retrospectivo_completo,12.52717675888427
4304606,RS,204.0,2,retrospectivo_completo,128.2879588406513
4304614,RS,0.0,2,retrospectivo_completo,0.49667233914753567
4304622,RS,0.0,2,retrospectivo_completo,0.4714683525760646
4304630,RS,38.0,2,retrospectivo_completo,17.4289018433022
4304655,RS,3.0,2,retrospectivo_completo,0.8228073373147069
4304663,RS,4.0,2,retrospectivo_completo,4.4847584733644
4304671,RS,1.0,2,retrospectivo_completo,1.4020995474388387
4304689,RS,2.0,2,retrospectivo_completo,1.9855198571605706
4304697,RS,1.0,2,retrospectivo_completo,0.6831854940758673
4304705,RS,23.0,2,retrospectivo_completo,24.035960236743293
4304713,RS,0.0,2,retrospectivo_completo,1.359241726856558
4304804,RS,19.0,2,retrospectivo_completo,15.319357707974078
4304853,RS,0.0,2,retrospectivo_completo,0.4965695707439108
4304903,RS,7.0,2,retrospectivo_completo,4.567517743325323
4304952,RS,1.0,2,retrospectivo_completo,0.7930784220950756
4305009,RS,5.0,2,retrospectivo_completo,2.199544905785325
4305108,RS,218.0,2,retrospectivo_completo,244.28865962985196
4305116,RS,0.0,2,retrospectivo_completo,0.9042268371651093
4305124,RS,1.0,2,retrospectivo_completo,1.3035345520226964
4305132,RS,0.0,2,retrospectivo_completo,0.94117055793438
4305157,RS,1.0,2,retrospectivo_completo,0.5795139566417765
4305173,RS,2.0,2,retrospectivo_completo,2.433575655805206
4305207,RS,7.0,2,retrospectivo_completo,4.886766591067411
4305306,RS,4.0,2,retrospectivo_completo,2.850611643846445
4305355,RS,17.0,2,retrospectivo_completo,12.931834166243668
4305371,RS,2.0,2,retrospectivo_completo,0.6876270575924113
4305405,RS,1.0,2,retrospectivo_completo,0.9170909404801044
4305439,RS,5.0,2,retrospectivo_completo,1.112580192735761
4305447,RS,0.0,2,retrospectivo_completo,0.981814338944174
4305454,RS,5.0,2,retrospectivo_completo,4.247799681803372
4305504,RS,1.0,2,retrospectivo_completo,1.2449985658793763
4305587,RS,1.0,2,retrospectivo_completo,0.8034729983600992
4305603,RS,3.0,2,retrospectivo_completo,1.1861277431582709
4305702,RS,3.0,2,retrospectivo_completo,2.318013933235561
4305801,RS,1.0,2,retrospectivo_completo,3.6000857217577398
4305835,RS,2.0,2,retrospectivo_completo,0.3137590587140651
4305850,RS,1.0,2,retrospectivo_completo,0.7228808181585576
4305871,RS,0.0,2,retrospectivo_completo,0.7081950865019984
4305900,RS,0.0,2,retrospectivo_completo,1.5178536757560084
4305934,RS,0.0,2,retrospectivo_completo,0.3250705428858571
4305959,RS,1.0,2,retrospectivo_completo,1.1445829815069637
4305975,RS,2.0,2,retrospectivo_completo,0.9955220908994947
4306007,RS,2.0,2,retrospectivo_completo,2.9598696860296814
4306056,RS,3.0,2,retrospectivo_completo,1.3200540089803987
4306072,RS,0.0,2,retrospectivo_completo,0.5620749038031457
4306106,RS,30.0,2,retrospectivo_completo,22.938398345701152
4306130,RS,0.0,2,retrospectivo_completo,0.531507124845017
4306205,RS,3.0,2,retrospectivo_completo,3.5231940642465958
4306304,RS,2.0,2,retrospectivo_completo,1.6524727448273462
4306320,RS,0.0,2,retrospectivo_completo,0.6683169307386291
4306353,RS,1.0,2,retrospectivo_completo,0.4563789168165569
4306379,RS,0.0,2,retrospectivo_completo,0.5274319686363487
4306403,RS,17.0,2,retrospectivo_completo,10.434148946731503
4306429,RS,0.0,2,retrospectivo_completo,0.4417590507624597
4306452,RS,0.0,2,retrospectivo_completo,0.8174778233748026
4306502,RS,5.0,2,retrospectivo_completo,2.42934545839229
4306551,RS,0.0,2,retrospectivo_completo,0.6919680305888617
4306601,RS,10.0,2,retrospectivo_completo,12.170581637863956
4306700,RS,2.0,2,retrospectivo_completo,0.7957323413332167
4306734,RS,0.0,2,retrospectivo_completo,1.107348565863662
4306759,RS,0.0,2,retrospectivo_completo,0.4404041089454587
4306767,RS,15.0,2,retrospectivo_completo,10.984577174630738
4306809,RS,11.0,2,retrospectivo_completo,8.282243936852595
4306908,RS,8.0,2,retrospectivo_completo,5.680505326456692
4306924,RS,0.0,2,retrospectivo_completo,0.35246453046447795
4306932,RS,3.0,2,retrospectivo_completo,1.932219950072524
4306957,RS,0.0,2,retrospectivo_completo,0.8682645583455434
4306973,RS,1.0,2,retrospectivo_completo,0.9311515634789184
4307005,RS,56.0,2,retrospectivo_completo,54.28430712502778
4307054,RS,2.0,2,retrospectivo_completo,0.8153674333108127
4307104,RS,1.0,2,retrospectivo_completo,1.5578943850602793
4307203,RS,2.0,2,retrospectivo_completo,1.3912888895198483
4307302,RS,0.0,2,retrospectivo_completo,1.6586997506379313
4307401,RS,1.0,2,retrospectivo_completo,0.8769011043557731
4307450,RS,0.0,2,retrospectivo_completo,0.5656187035835633
4307500,RS,7.0,2,retrospectivo_completo,5.373250606200961
4307559,RS,5.0,2,retrospectivo_completo,2.709911337376743
4307609,RS,18.0,2,retrospectivo_completo,16.796259468892526
4307708,RS,39.0,2,retrospectivo_completo,30.837909399698354
4307807,RS,15.0,2,retrospectivo_completo,12.40324029261075
4307815,RS,1.0,2,retrospectivo_completo,1.0261671964801857
4307831,RS,1.0,2,retrospectivo_completo,0.6238905213834869
4307864,RS,0.0,2,retrospectivo_completo,0.6833320068498762
4307906,RS,19.0,2,retrospectivo_completo,30.395762358208103
4308003,RS,0.0,2,retrospectivo_completo,1.9258057097158279
4308052,RS,1.0,2,retrospectivo_completo,0.4781058698620974
4308078,RS,2.0,2,retrospectivo_completo,0.9676807510905818
4308102,RS,14.0,2,retrospectivo_completo,3.824581783885092
4308201,RS,12.0,2,retrospectivo_completo,13.340010491740948
4308250,RS,0.0,2,retrospectivo_completo,0.41987379068712116
4308300,RS,1.0,2,retrospectivo_completo,2.4056853129314093
4308409,RS,2.0,2,retrospectivo_completo,1.5409395525396639
4308433,RS,0.0,2,retrospectivo_completo,0.5322049516769991
4308458,RS,1.0,2,retrospectivo_completo,1.238859521798211
4308508,RS,14.0,2,retrospectivo_completo,12.405927619446734
4308607,RS,9.0,2,retrospectivo_completo,19.38334876289049
4308656,RS,1.0,2,retrospectivo_completo,0.6743434632208832
4308706,RS,3.0,2,retrospectivo_completo,1.8693684377109943
4308805,RS,1.0,2,retrospectivo_completo,1.9938757362048496
4308854,RS,0.0,2,retrospectivo_completo,0.5032823622432198
4308904,RS,8.0,2,retrospectivo_completo,5.8366869464943525
4309001,RS,10.0,2,retrospectivo_completo,3.7212933830848733
4309050,RS,2.0,2,retrospectivo_completo,2.190097126368861
4309100,RS,29.0,2,retrospectivo_completo,14.474827092377948
4309126,RS,1.0,2,retrospectivo_completo,0.6127607831800358
4309159,RS,1.0,2,retrospectivo_completo,0.8539551802809686
4309209,RS,111.0,2,retrospectivo_completo,92.8253347119299
4309258,RS,1.0,2,retrospectivo_completo,0.4953782329577469
4309308,RS,31.0,2,retrospectivo_completo,32.340457276827856
4309407,RS,18.0,2,retrospectivo_completo,9.635158807893127
4309506,RS,2.0,2,retrospectivo_completo,1.884416971526328
4309555,RS,0.0,2,retrospectivo_completo,1.4630569550975876
4309571,RS,1.0,2,retrospectivo_completo,0.6425579191670454
4309605,RS,7.0,2,retrospectivo_completo,10.3778501332318
4309654,RS,1.0,2,retrospectivo_completo,1.0832893352882158
4309704,RS,0.0,2,retrospectivo_completo,1.243225416994826
4309753,RS,1.0,2,retrospectivo_completo,0.9563750594028668
4309803,RS,2.0,2,retrospectivo_completo,1.4868256221150995
4309902,RS,2.0,2,retrospectivo_completo,1.924016400546682
4309951,RS,0.0,2,retrospectivo_completo,0.8089949734462741
4310009,RS,20.0,2,retrospectivo_completo,7.542426093919197
4310108,RS,17.0,2,retrospectivo_completo,11.945400577003225
4310207,RS,52.0,2,retrospectivo_completo,39.42809226850312
4310306,RS,3.0,2,retrospectivo_completo,1.3004603783759616
4310330,RS,13.0,2,retrospectivo_completo,5.8250077628863295
4310363,RS,3.0,2,retrospectivo_completo,0.8749211228151161
4310405,RS,11.0,2,retrospectivo_completo,1.4833006533408304
4310413,RS,0.0,2,retrospectivo_completo,0.38534104646275574
4310439,RS,2.0,2,retrospectivo_completo,1.7690571583458379
4310462,RS,1.0,2,retrospectivo_completo,0.8719233761433223
4310504,RS,2.0,2,retrospectivo_completo,1.9714631573051304
4310538,RS,1.0,2,retrospectivo_completo,1.7990948755206566
4310553,RS,0.0,2,retrospectivo_completo,0.5790922387457177
4310579,RS,0.0,2,retrospectivo_completo,0.4249733965186606
4310603,RS,9.0,2,retrospectivo_completo,9.311872387886082
4310652,RS,0.0,2,retrospectivo_completo,0.6081430212608314
4310702,RS,1.0,2,retrospectivo_completo,1.0875415617167488
4310751,RS,1.0,2,retrospectivo_completo,0.4779776182003094
4310801,RS,13.0,2,retrospectivo_completo,9.937897838117461
4310850,RS,0.0,2,retrospectivo_completo,0.692480445716527
4310876,RS,1.0,2,retrospectivo_completo,0.4620904094760715
4310900,RS,1.0,2,retrospectivo_completo,0.8608256317350613
4311007,RS,8.0,2,retrospectivo_completo,7.3644920799961096
4311106,RS,3.0,2,retrospectivo_completo,3.0925548476693328
4311122,RS,1.0,2,retrospectivo_completo,0.779448001430487
4311130,RS,4.0,2,retrospectivo_completo,0.6010554021336934
4311155,RS,0.0,2,retrospectivo_completo,1.8677033364510633
4311205,RS,10.0,2,retrospectivo_completo,6.423573965003281
4311239,RS,0.0,2,retrospectivo_completo,0.59138808268661
4311254,RS,1.0,2,retrospectivo_completo,1.030715619877336
4311270,RS,1.0,2,retrospectivo_completo,0.7610229745755633
4311304,RS,14.0,2,retrospectivo_completo,11.891618645035724
4311403,RS,50.0,2,retrospectivo_completo,36.713400476718114
4311429,RS,0.0,2,retrospectivo_completo,0.4010271417079423
4311502,RS,3.0,2,retrospectivo_completo,1.6663120491091632
4311601,RS,1.0,2,retrospectivo_completo,1.281033344169352
4311627,RS,1.0,2,retrospectivo_completo,1.4078961615701553
4311643,RS,0.0,2,retrospectivo_completo,0.3771357037712574
4311700,RS,1.0,2,retrospectivo_completo,1.8248972471627836
4311718,RS,2.0,2,retrospectivo_completo,1.2521184174062872
4311734,RS,1.0,2,retrospectivo_completo,0.6294897604132447
4311759,RS,3.0,2,retrospectivo_completo,1.4488907111887679
4311775,RS,1.0,2,retrospectivo_completo,1.5284656802819823
4311791,RS,0.0,2,retrospectivo_completo,0.503033696928819
4311809,RS,22.0,2,retrospectivo_completo,19.57659632125574
4311908,RS,0.0,2,retrospectivo_completo,1.510364436741518
4311981,RS,0.0,2,retrospectivo_completo,0.870439490653621
4312005,RS,1.0,2,retrospectivo_completo,0.7051756020779819
4312054,RS,1.0,2,retrospectivo_completo,1.0189454955520396
4312104,RS,1.0,2,retrospectivo_completo,0.9387146768312473
4312138,RS,0.0,2,retrospectivo_completo,0.8381736145190352
4312153,RS,2.0,2,retrospectivo_completo,1.0962788978147082
4312179,RS,0.0,2,retrospectivo_completo,0.35973545129851686
4312203,RS,3.0,2,retrospectivo_completo,1.2826244798189952
4312252,RS,1.0,2,retrospectivo_completo,2.712652737930241
4312302,RS,1.0,2,retrospectivo_completo,1.1366218596501485
4312351,RS,2.0,2,retrospectivo_completo,0.3885114305951898
4312377,RS,0.0,2,retrospectivo_completo,0.657965985975125
4312385,RS,1.0,2,retrospectivo_completo,0.5861495070160957
4312401,RS,32.0,2,retrospectivo_completo,24.940362131863488
4312427,RS,0.0,2,retrospectivo_completo,0.6978319666747796
4312443,RS,0.0,2,retrospectivo_completo,0.8795278011978802
4312450,RS,1.0,2,retrospectivo_completo,1.8368798778899593
4312476,RS,3.0,2,retrospectivo_completo,1.5428452637170962
4312500,RS,11.0,2,retrospectivo_completo,2.4317350678851435
4312609,RS,0.0,2,retrospectivo_completo,1.2265179157468478
4312617,RS,0.0,2,retrospectivo_completo,1.1034679744524798
4312625,RS,0.0,2,retrospectivo_completo,0.4944575862463789
4312658,RS,7.0,2,retrospectivo_completo,6.805994888819181
4312674,RS,0.0,2,retrospectivo_completo,0.5759917750067154
4312708,RS,2.0,2,retrospectivo_completo,3.796732646304943
4312757,RS,3.0,2,retrospectivo_completo,1.1514775852561838
4312807,RS,1.0,2,retrospectivo_completo,2.575742397367093
4312906,RS,4.0,2,retrospectivo_completo,3.4081671612798248
4312955,RS,1.0,2,retrospectivo_completo,0.6651782993135379
4313003,RS,0.0,2,retrospectivo_completo,1.0940753624534307
4313011,RS,0.0,2,retrospectivo_completo,0.9614549086952667
4313037,RS,0.0,2,retrospectivo_completo,1.6151570241776927
4313060,RS,3.0,2,retrospectivo_completo,3.9635883679867905
4313086,RS,1.0,2,retrospectivo_completo,0.7390676045947387
4313102,RS,2.0,2,retrospectivo_completo,2.0719426217632946
4313201,RS,8.0,2,retrospectivo_completo,9.130050764473742
4313300,RS,16.0,2,retrospectivo_completo,11.962251400938541
4313334,RS,0.0,2,retrospectivo_completo,0.7453416772766552
4313359,RS,1.0,2,retrospectivo_completo,1.1038774413589452
4313375,RS,5.0,2,retrospectivo_completo,7.804134768063987
4313391,RS,1.0,2,retrospectivo_completo,0.9253969484153841
4313409,RS,121.0,2,retrospectivo_completo,97.45837102332332
4313425,RS,1.0,2,retrospectivo_completo,0.669958425005375
4313441,RS,0.0,2,retrospectivo_completo,0.5240575112456869
4313466,RS,0.0,2,retrospectivo_completo,0.5730314229407178
4313490,RS,2.0,2,retrospectivo_completo,0.9020357521803642
4313508,RS,35.0,2,retrospectivo_completo,16.703854490108768
4313607,RS,0.0,2,retrospectivo_completo,1.3167248578030317
4313656,RS,5.0,2,retrospectivo_completo,2.7394704504224894
4313706,RS,16.0,2,retrospectivo_completo,11.24106264142077
4313805,RS,5.0,2,retrospectivo_completo,1.750567209422647
4313904,RS,16.0,2,retrospectivo_completo,15.86209421489685
4313953,RS,3.0,2,retrospectivo_completo,2.1733153044024074
4314001,RS,3.0,2,retrospectivo_completo,3.794067096063319
4314027,RS,1.0,2,retrospectivo_completo,1.223574525052166
4314035,RS,1.0,2,retrospectivo_completo,1.2100296969375224
4314050,RS,11.0,2,retrospectivo_completo,10.848801750389418
4314068,RS,0.0,2,retrospectivo_completo,0.8345965978380332
4314076,RS,0.0,2,retrospectivo_completo,1.8098247160464938
4314100,RS,112.0,2,retrospectivo_completo,91.57528130527005
4314134,RS,0.0,2,retrospectivo_completo,0.5150715699138423
4314159,RS,0.0,2,retrospectivo_completo,1.3229294969955998
4314175,RS,1.0,2,retrospectivo_completo,0.411341518261518
4314209,RS,3.0,2,retrospectivo_completo,1.7968381419985646
4314308,RS,4.0,2,retrospectivo_completo,1.3625414935172695
4314407,RS,184.0,2,retrospectivo_completo,122.94335137937938
4314423,RS,1.0,2,retrospectivo_completo,1.5823732380574291
4314456,RS,0.0,2,retrospectivo_completo,0.7156772163802378
4314464,RS,0.0,2,retrospectivo_completo,0.5834521882919453
4314472,RS,0.0,2,retrospectivo_completo,1.0879175843437205
4314498,RS,0.0,2,retrospectivo_completo,1.4602028431254275
4314506,RS,5.0,2,retrospectivo_completo,2.5532282684778305
4314555,RS,0.0,2,retrospectivo_completo,0.47162091953285823
4314605,RS,1.0,2,retrospectivo_completo,4.664960935838256
4314704,RS,3.0,2,retrospectivo_completo,2.6059498818581663
4314753,RS,0.0,2,retrospectivo_completo,0.5603919172706273
4314779,RS,1.0,2,retrospectivo_completo,1.4036709723278082
4314787,RS,0.0,2,retrospectivo_completo,0.3696294061758774
4314803,RS,10.0,2,retrospectivo_completo,10.023238755560763
4314902,RS,1340.0,2,retrospectivo_completo,788.226256593483
4315008,RS,1.0,2,retrospectivo_completo,1.0259686197890487
4315057,RS,0.0,2,retrospectivo_completo,0.49489778244617494
4315073,RS,0.0,2,retrospectivo_completo,0.32706967010244054
4315107,RS,5.0,2,retrospectivo_completo,2.488026521051241
4315131,RS,1.0,2,retrospectivo_completo,0.4678360306331355
4315149,RS,1.0,2,retrospectivo_completo,0.7390263295156198
4315156,RS,1.0,2,retrospectivo_completo,1.296650439908673
4315172,RS,2.0,2,retrospectivo_completo,0.5748134869589275
4315206,RS,2.0,2,retrospectivo_completo,1.171691399870348
4315305,RS,4.0,2,retrospectivo_completo,5.828750583349884
4315313,RS,0.0,2,retrospectivo_completo,0.5307008146271266
4315321,RS,2.0,2,retrospectivo_completo,0.6248681407677344
4315354,RS,0.0,2,retrospectivo_completo,1.244904692857471
4315404,RS,3.0,2,retrospectivo_completo,1.4702821450284225
4315453,RS,0.0,2,retrospectivo_completo,0.5553028454194741
4315503,RS,3.0,2,retrospectivo_completo,3.9249604978708823
4315552,RS,1.0,2,retrospectivo_completo,0.5635231423476613
4315602,RS,121.0,2,retrospectivo_completo,78.72782716643002
4315701,RS,5.0,2,retrospectivo_completo,10.523513921634514
4315750,RS,0.0,2,retrospectivo_completo,0.9176107956024784
4315800,RS,2.0,2,retrospectivo_completo,3.4220998877564
4315909,RS,2.0,2,retrospectivo_completo,1.8572875455862778
4315958,RS,0.0,2,retrospectivo_completo,0.49079965412150234
4316006,RS,9.0,2,retrospectivo_completo,4.629450437188487
4316105,RS,6.0,2,retrospectivo_completo,2.9303627640703263
4316204,RS,0.0,2,retrospectivo_completo,1.805468256341471
4316303,RS,5.0,2,retrospectivo_completo,1.6941955982815964
4316402,RS,14.0,2,retrospectivo_completo,11.373380317576887
4316428,RS,0.0,2,retrospectivo_completo,0.6332914692225329
4316436,RS,0.0,2,retrospectivo_completo,0.8831153249826157
4316451,RS,4.0,2,retrospectivo_completo,3.3420279692874155
4316477,RS,0.0,2,retrospectivo_completo,0.647549659627835
4316501,RS,1.0,2,retrospectivo_completo,2.331462329578631
4316600,RS,6.0,2,retrospectivo_completo,5.887377716057179
4316709,RS,2.0,2,retrospectivo_completo,2.792918603745985
4316733,RS,0.0,2,retrospectivo_completo,0.4442202439019005
4316758,RS,2.0,2,retrospectivo_completo,1.5953666586596482
4316808,RS,62.0,2,retrospectivo_completo,64.49396273312699
4316907,RS,193.0,2,retrospectivo_completo,152.3489774119206
4316956,RS,1.0,2,retrospectivo_completo,1.5087831291840645
4316972,RS,0.0,2,retrospectivo_completo,0.4763129054375089
4317004,RS,2.0,2,retrospectivo_completo,1.2253251001943668
4317103,RS,20.0,2,retrospectivo_completo,25.484562889278173
4317202,RS,20.0,2,retrospectivo_completo,27.337522835522783
4317251,RS,0.0,2,retrospectivo_completo,0.40470007726855267
4317301,RS,12.0,2,retrospectivo_completo,8.178882681956956
4317400,RS,26.0,2,retrospectivo_completo,17.695577319857207
4317509,RS,43.0,2,retrospectivo_completo,28.631955476608876
4317558,RS,0.0,2,retrospectivo_completo,0.7301329296679469
4317608,RS,16.0,2,retrospectivo_completo,12.405444235482518
4317707,RS,4.0,2,retrospectivo_completo,2.190034086930067
4317756,RS,1.0,2,retrospectivo_completo,0.5711051264987911
4317806,RS,8.0,2,retrospectivo_completo,3.644361308609646
4317905,RS,7.0,2,retrospectivo_completo,4.5809522282455335
4317954,RS,1.0,2,retrospectivo_completo,0.9299654466915519
4318002,RS,18.0,2,retrospectivo_completo,20.159406043834466
4318051,RS,0.0,2,retrospectivo_completo,1.0052203279505088
4318101,RS,4.0,2,retrospectivo_completo,4.963662008289828
4318200,RS,5.0,2,retrospectivo_completo,6.058355815715192
4318309,RS,23.0,2,retrospectivo_completo,18.402179720177614
4318408,RS,7.0,2,retrospectivo_completo,7.4406377098050145
4318424,RS,0.0,2,retrospectivo_completo,1.258785670668054
4318432,RS,0.0,2,retrospectivo_completo,0.7542573889606382
4318440,RS,1.0,2,retrospectivo_completo,0.6809572614530033
4318457,RS,0.0,2,retrospectivo_completo,0.43758832971109546
4318465,RS,0.0,2,retrospectivo_completo,0.4364281977243278
4318481,RS,2.0,2,retrospectivo_completo,1.0741959119685298
4318499,RS,0.0,2,retrospectivo_completo,0.5520148596411739
4318507,RS,7.0,2,retrospectivo_completo,5.9120794347993915
4318606,RS,5.0,2,retrospectivo_completo,2.7819458134386936
4318614,RS,0.0,2,retrospectivo_completo,0.555099782382046
4318622,RS,0.0,2,retrospectivo_completo,0.8719266812966054
4318705,RS,104.0,2,retrospectivo_completo,77.25002336719555
4318804,RS,14.0,2,retrospectivo_completo,12.519069223484218
4318903,RS,15.0,2,retrospectivo_completo,12.152198979538715
4319000,RS,9.0,2,retrospectivo_completo,8.960180373851614
4319109,RS,1.0,2,retrospectivo_completo,1.4130089460134247
4319125,RS,0.0,2,retrospectivo_completo,0.6005410438161015
4319158,RS,0.0,2,retrospectivo_completo,1.943335909477454
4319208,RS,1.0,2,retrospectivo_completo,1.0389072255133747
4319307,RS,2.0,2,retrospectivo_completo,1.2505440874756666
4319356,RS,0.0,2,retrospectivo_completo,1.2036153086958783
4319364,RS,0.0,2,retrospectivo_completo,0.3132061570558395
4319372,RS,1.0,2,retrospectivo_completo,0.9361470398671787
4319406,RS,1.0,2,retrospectivo_completo,3.6317235367399654
4319505,RS,12.0,2,retrospectivo_completo,7.566700595927123
4319604,RS,6.0,2,retrospectivo_completo,6.196365218291889
4319703,RS,3.0,2,retrospectivo_completo,0.9712445492871487
4319711,RS,0.0,2,retrospectivo_completo,0.6233102706643222
4319737,RS,0.0,2,retrospectivo_completo,0.3955720998164551
4319752,RS,2.0,2,retrospectivo_completo,0.6068432121884442
4319802,RS,0.0,2,retrospectivo_completo,2.255557927328492
4319901,RS,23.0,2,retrospectivo_completo,23.05455823375092
4320008,RS,39.0,2,retrospectivo_completo,39.014612165716144
4320107,RS,5.0,2,retrospectivo_completo,11.084822684115561
4320206,RS,2.0,2,retrospectivo_completo,2.8601218038945837
4320230,RS,0.0,2,retrospectivo_completo,0.7505564442630698
4320263,RS,3.0,2,retrospectivo_completo,1.5583734901938315
4320305,RS,1.0,2,retrospectivo_completo,2.152015598733021
4320321,RS,1.0,2,retrospectivo_completo,0.5654092756401913
4320354,RS,0.0,2,retrospectivo_completo,1.2594839067476915
4320404,RS,9.0,2,retrospectivo_completo,5.313341213768807
4320453,RS,1.0,2,retrospectivo_completo,0.3136610564205345
4320503,RS,3.0,2,retrospectivo_completo,2.2352126884103414
4320552,RS,1.0,2,retrospectivo_completo,1.824826923650756
4320578,RS,1.0,2,retrospectivo_completo,0.43182501013260305
4320602,RS,0.0,2,retrospectivo_completo,1.5141887057686056
4320651,RS,1.0,2,retrospectivo_completo,0.7153133120499104
4320677,RS,2.0,2,retrospectivo_completo,2.1899896764076243
4320701,RS,3.0,2,retrospectivo_completo,5.069446105855729
4320800,RS,5.0,2,retrospectivo_completo,10.149494582349618
4320859,RS,0.0,2,retrospectivo_completo,0.9774094363689246
4320909,RS,8.0,2,retrospectivo_completo,10.612445909867498
4321006,RS,1.0,2,retrospectivo_completo,3.7984843902084386
4321105,RS,6.0,2,retrospectivo_completo,4.242968911395227
4321204,RS,21.0,2,retrospectivo_completo,19.418776266420977
4321303,RS,11.0,2,retrospectivo_completo,8.472663071759113
4321329,RS,1.0,2,retrospectivo_completo,0.9243600946653224
4321352,RS,1.0,2,retrospectivo_completo,1.0558176020478542
4321402,RS,3.0,2,retrospectivo_completo,3.7563331558930932
4321436,RS,5.0,2,retrospectivo_completo,2.6278167694164662
4321451,RS,14.0,2,retrospectivo_completo,9.139328772036997
4321469,RS,0.0,2,retrospectivo_completo,0.9012824238717322
4321477,RS,1.0,2,retrospectivo_completo,1.3153958468208438
4321493,RS,3.0,2,retrospectivo_completo,0.5885434940199172
4321501,RS,17.0,2,retrospectivo_completo,14.924404544378195
4321600,RS,25.0,2,retrospectivo_completo,15.548860563758387
4321626,RS,1.0,2,retrospectivo_completo,0.4485147094671204
4321634,RS,3.0,2,retrospectivo_completo,1.357880894676637
4321667,RS,7.0,2,retrospectivo_completo,3.1495073756860843
4321709,RS,11.0,2,retrospectivo_completo,8.635296679405172
4321808,RS,12.0,2,retrospectivo_completo,8.558117729999077
4321832,RS,1.0,2,retrospectivo_completo,0.6604823837792567
4321857,RS,0.0,2,retrospectivo_completo,1.4962579465473835
4321907,RS,12.0,2,retrospectivo_completo,7.885876938186835
4321956,RS,4.0,2,retrospectivo_completo,1.9001595229868058
4322004,RS,11.0,2,retrospectivo_completo,9.890683992525018
4322103,RS,3.0,2,retrospectivo_completo,1.7220642780118867
4322152,RS,0.0,2,retrospectivo_completo,1.0367691767581797
4322186,RS,0.0,2,retrospectivo_completo,0.4206814218828115
4322202,RS,4.0,2,retrospectivo_completo,7.368033170755718
4322251,RS,3.0,2,retrospectivo_completo,1.2422763830379167
4322301,RS,2.0,2,retrospectivo_completo,1.978147024968912
4322327,RS,0.0,2,retrospectivo_completo,0.7579492115337211
4322343,RS,0.0,2,retrospectivo_completo,0.3611125312162975
4322350,RS,1.0,2,retrospectivo_completo,0.32946616003776913
4322376,RS,1.0,2,retrospectivo_completo,0.3550563783559545
4322400,RS,47.0,2,retrospectivo_completo,36.64108761544807
4322509,RS,21.0,2,retrospectivo_completo,23.737337858028724
4322525,RS,0.0,2,retrospectivo_completo,0.5641441009983603
4322533,RS,1.0,2,retrospectivo_completo,2.233679443308678
4322541,RS,3.0,2,retrospectivo_completo,1.4269758343432342
4322558,RS,1.0,2,retrospectivo_completo,0.5245507882615755
4322608,RS,26.0,2,retrospectivo_completo,23.09152404993451
4322707,RS,4.0,2,retrospectivo_completo,8.142159007188189
4322806,RS,18.0,2,retrospectivo_completo,15.395669446202692
4322855,RS,1.0,2,retrospectivo_completo,0.40475627085630694
4322905,RS,0.0,2,retrospectivo_completo,1.5025548746053699
4323002,RS,78.0,2,retrospectivo_completo,72.82861443345922
4323101,RS,1.0,2,retrospectivo_completo,1.0452301717196988
4323200,RS,2.0,2,retrospectivo_completo,1.1237196767231676
4323309,RS,3.0,2,retrospectivo_completo,0.945972814653822
4323358,RS,3.0,2,retrospectivo_completo,0.6025162816311984
4323408,RS,0.0,2,retrospectivo_completo,1.6876893946573301
4323457,RS,0.0,2,retrospectivo_completo,0.6667227559348449
4323507,RS,1.0,2,retrospectivo_completo,0.7127641405200368
4323606,RS,0.0,2,retrospectivo_completo,0.6222169886732168
4323705,RS,0.0,2,retrospectivo_completo,0.7302009611318472
4323754,RS,1.0,2,retrospectivo_completo,0.634467054572946
4323770,RS,0.0,2,retrospectivo_completo,0.8844326696586545
4323804,RS,9.0,2,retrospectivo_completo,4.409181293464803
5300108,DF,2061.0,2,retrospectivo_completo,1336.5673399251084
1600055,AP,0.0,3,populacao,2.632632740726623
1600105,AP,0.0,3,populacao,4.5106564098108075
1600154,AP,0.0,3,populacao,7.790759186752137
1600204,AP,0.0,3,populacao,5.421338210946528
1600212,AP,0.0,3,populacao,2.9035708783948295
1600238,AP,0.0,3,populacao,3.7447153248058207
1600253,AP,0.0,3,populacao,2.664053323231871
1600279,AP,2.0,3,populacao,24.4946619746652
1600303,AP,53.0,3,populacao,244.5170334219081
1600402,AP,0.0,3,populacao,10.501170746467162
1600501,AP,1.0,3,populacao,13.142044951457455
1600535,AP,1.0,3,populacao,10.616551246158565
1600550,AP,0.0,3,populacao,2.4616223572554357
1600600,AP,9.0,3,populacao,59.47813249940205
1600709,AP,0.0,3,populacao,8.299154513517385
1600808,AP,0.0,3,populacao,7.721736923543887
1700251,TO,0.0,3,populacao,1.3243002888687434
1700301,TO,0.0,3,populacao,3.3274911964574416
1700350,TO,2.0,3,populacao,2.8469108115820867
1700400,TO,1.0,3,populacao,3.746260599355259
1700707,TO,6.0,3,populacao,4.386519354339253
1701002,TO,1.0,3,populacao,5.021627194158452
1701051,TO,0.0,3,populacao,1.7631582609092604
1701101,TO,1.0,3,populacao,2.434322506882023
1701309,TO,0.0,3,populacao,3.021011744152151
1701903,TO,0.0,3,populacao,3.6071858899057996
1702000,TO,1.0,3,populacao,4.477175461239641
1702109,TO,38.0,3,populacao,90.63550323972933
1702158,TO,0.0,3,populacao,2.9076916105266655
1702208,TO,5.0,3,populacao,18.139462844341374
1702307,TO,1.0,3,populacao,3.4799582853353677
1702406,TO,2.0,3,populacao,5.525386697275383
1702554,TO,1.0,3,populacao,9.317490441597316
1702703,TO,0.0,3,populacao,1.9238668140508584
1702901,TO,0.0,3,populacao,5.035534665103397
1703008,TO,0.0,3,populacao,5.5382639851873705
1703057,TO,2.0,3,populacao,1.8028203076781806
1703073,TO,0.0,3,populacao,2.340575850882758
1703107,TO,2.0,3,populacao,2.9066614274937064
1703206,TO,0.0,3,populacao,2.3271834714542914
1703305,TO,0.0,3,populacao,2.420930127453557
1703602,TO,0.0,3,populacao,1.1326862447383768
1703701,TO,0.0,3,populacao,2.832488249120661
1703800,TO,1.0,3,populacao,5.735544035999011
1703826,TO,0.0,3,populacao,1.1723482915072967
1703842,TO,0.0,3,populacao,5.045321403916508
1703867,TO,2.0,3,populacao,2.2128331547958466
1703883,TO,1.0,3,populacao,1.3160588246050717
1703891,TO,0.0,3,populacao,2.088696099324292
1703909,TO,0.0,3,populacao,2.711956834264463
1704105,TO,1.0,3,populacao,1.4762522862301901
1704600,TO,0.0,3,populacao,0.7247337636866286
1705102,TO,0.0,3,populacao,1.7327678614369713
1705508,TO,3.0,3,populacao,17.945273342628607
1705557,TO,1.0,3,populacao,2.5105560513209864
1705607,TO,3.0,3,populacao,2.1525674473677476
1706001,TO,2.0,3,populacao,2.847940994615046
1706100,TO,3.0,3,populacao,3.7982848425196867
1706258,TO,0.0,3,populacao,0.8797763101469521
1706506,TO,0.0,3,populacao,3.084368000679127
1707009,TO,7.0,3,populacao,11.19705938523094
1707108,TO,1.0,3,populacao,3.5376485351810696
1707207,TO,0.0,3,populacao,3.752956789069492
1707306,TO,1.0,3,populacao,2.4348375983985027
1707405,TO,1.0,3,populacao,5.559382737363029
1707553,TO,1.0,3,populacao,1.9980399924239034
1707652,TO,0.0,3,populacao,2.756769796198178
1707702,TO,0.0,3,populacao,4.580708856052016
1708205,TO,4.0,3,populacao,9.623969893902606
1708254,TO,0.0,3,populacao,1.3309964785829766
1708304,TO,2.0,3,populacao,2.654266584418761
1709005,TO,0.0,3,populacao,6.682282243288296
1709302,TO,4.0,3,populacao,13.207976665566829
1709500,TO,24.0,3,populacao,44.05217176387458
1709807,TO,0.0,3,populacao,1.0070039147173837
1710508,TO,0.0,3,populacao,3.840522346871004
1710706,TO,0.0,3,populacao,3.080247268547291
1710904,TO,0.0,3,populacao,1.942925200160599
1711100,TO,0.0,3,populacao,1.2697005881219185
1711506,TO,0.0,3,populacao,1.9681646844680936
1711803,TO,0.0,3,populacao,1.1481389902327612
1711902,TO,5.0,3,populacao,6.597292143069182
1711951,TO,0.0,3,populacao,2.1587485455655013
1712009,TO,1.0,3,populacao,1.5926629689545526
1712157,TO,0.0,3,populacao,0.9657965933990252
1712405,TO,0.0,3,populacao,1.9506515729077913
1712454,TO,0.0,3,populacao,1.5648480270646608
1712504,TO,0.0,3,populacao,2.6032725242872927
1712702,TO,0.0,3,populacao,1.3464492240773611
1712801,TO,0.0,3,populacao,1.7559469796785478
1713205,TO,0.0,3,populacao,9.815068846516494
1713304,TO,2.0,3,populacao,6.9156187002535
1713601,TO,0.0,3,populacao,4.0022610830455605
1713700,TO,0.0,3,populacao,1.166167193309543
1713809,TO,0.0,3,populacao,3.3661230601934027
1713957,TO,0.0,3,populacao,1.8064259482935368
1714203,TO,1.0,3,populacao,4.796532201456919
1714302,TO,0.0,3,populacao,2.0912715569066895
1714880,TO,1.0,3,populacao,6.03429711555711
1715002,TO,0.0,3,populacao,2.164929643763255
1715101,TO,0.0,3,populacao,2.1978955008179417
1715150,TO,1.0,3,populacao,1.2120103382762168
1715259,TO,1.0,3,populacao,1.389201819945158
1715507,TO,0.0,3,populacao,0.571751583292223
1715705,TO,0.0,3,populacao,3.0179211950532743
1715754,TO,0.0,3,populacao,3.959508487177764
1716109,TO,10.0,3,populacao,25.94000876990662
1716208,TO,2.0,3,populacao,5.440396597056269
1716307,TO,0.0,3,populacao,2.499739129474917
1716505,TO,3.0,3,populacao,6.844536070979332
1716604,TO,1.0,3,populacao,5.970425767513654
1716653,TO,1.0,3,populacao,2.808794039362605
1716703,TO,2.0,3,populacao,4.3314045620759485
1717008,TO,2.0,3,populacao,2.32821365448725
1717206,TO,0.0,3,populacao,1.5679385761635376
1717503,TO,1.0,3,populacao,3.8817296681893625
1717800,TO,0.0,3,populacao,2.3926000940471854
1717909,TO,0.0,3,populacao,4.094462464495388
1718006,TO,0.0,3,populacao,1.5978138841193474
1718204,TO,8.0,3,populacao,27.211254632577976
1718303,TO,1.0,3,populacao,4.308740535350851
1718402,TO,0.0,3,populacao,1.9228366310178993
1718451,TO,1.0,3,populacao,1.3649925186706224
1718501,TO,0.0,3,populacao,2.178837114708201
1718550,TO,0.0,3,populacao,2.369936067322088
1718659,TO,0.0,3,populacao,1.0616036154642086
1718709,TO,0.0,3,populacao,1.4474071613073392
1718758,TO,0.0,3,populacao,3.3542759553143746
1718808,TO,0.0,3,populacao,2.3586040539595396
1718840,TO,1.0,3,populacao,1.7564620711950272
1718865,TO,0.0,3,populacao,3.812707404981112
1718881,TO,0.0,3,populacao,1.7286471293051353
1718899,TO,0.0,3,populacao,1.206859423111422
1718907,TO,0.0,3,populacao,2.4894372991453273
1719004,TO,0.0,3,populacao,1.4551335340545313
1720002,TO,0.0,3,populacao,1.3134833670226744
1720101,TO,0.0,3,populacao,2.6944437227041607
1720150,TO,0.0,3,populacao,0.8092087723892633
1720200,TO,0.0,3,populacao,6.13267959520469
1720259,TO,4.0,3,populacao,1.5885422368227167
1720309,TO,0.0,3,populacao,2.446169611761051
1720499,TO,0.0,3,populacao,2.1175412242471428
1720655,TO,1.0,3,populacao,2.7809790974727133
1720804,TO,2.0,3,populacao,4.734721219479382
1720853,TO,0.0,3,populacao,0.9997926334866709
1720903,TO,3.0,3,populacao,8.514462767405806
1720937,TO,0.0,3,populacao,1.0971449301012928
1720978,TO,0.0,3,populacao,1.4304091412635163
1721000,TO,88.0,3,populacao,147.72155073660068
1721109,TO,0.0,3,populacao,3.8425827129369217
1721208,TO,7.0,3,populacao,11.908400769489102
1721257,TO,0.0,3,populacao,0.9493136648716819
1721307,TO,0.0,3,populacao,1.3258455634181818
1722081,TO,0.0,3,populacao,6.0147236379308895
1722107,TO,3.0,3,populacao,6.017814187029766
2100055,MA,7.0,3,populacao,57.34977435330884
2100105,MA,0.0,3,populacao,3.340883575885908
2100154,MA,0.0,3,populacao,6.416495020784884
2100204,MA,1.0,3,populacao,11.163578436659773
2100303,MA,0.0,3,populacao,13.591719845344043
2100402,MA,0.0,3,populacao,4.156788537989405
2100436,MA,1.0,3,populacao,13.84153923083659
2100477,MA,1.0,3,populacao,16.12854556400548
2100501,MA,5.0,3,populacao,5.666521772790761
2100550,MA,1.0,3,populacao,3.5515560061260154
2100600,MA,0.0,3,populacao,21.173351876405512
2100709,MA,0.0,3,populacao,14.088783158746741
2100808,MA,0.0,3,populacao,8.08487644266192
2100832,MA,0.0,3,populacao,9.464291523793968
2100873,MA,1.0,3,populacao,7.897383130663389
2100907,MA,0.0,3,populacao,23.732326530275568
2100956,MA,1.0,3,populacao,16.55761679723289
2101004,MA,2.0,3,populacao,15.137509486298962
2101103,MA,0.0,3,populacao,6.168220909841774
2101202,MA,11.0,3,populacao,53.23934405180259
2101251,MA,0.0,3,populacao,8.783855630524574
2101301,MA,3.0,3,populacao,8.980620589819736
2101350,MA,0.0,3,populacao,2.871120112856622
2101400,MA,17.0,3,populacao,48.81985884040865
2101509,MA,0.0,3,populacao,9.59048894533144
2101608,MA,7.0,3,populacao,44.882499288439504
2101707,MA,3.0,3,populacao,32.17158593627537
2101731,MA,0.0,3,populacao,3.8230092353107015
2101772,MA,1.0,3,populacao,5.719061107471668
2101806,MA,1.0,3,populacao,2.847425903098566
2101905,MA,1.0,3,populacao,10.755625955608025
2101939,MA,0.0,3,populacao,3.076641627931935
2101970,MA,2.0,3,populacao,4.800652933588755
2102002,MA,1.0,3,populacao,21.18056315763622
2102036,MA,2.0,3,populacao,17.65630700188362
2102077,MA,0.0,3,populacao,8.351693848198291
2102101,MA,1.0,3,populacao,18.59583392794219
2102150,MA,0.0,3,populacao,4.479235827305559
2102200,MA,1.0,3,populacao,14.580180465468164
2102309,MA,0.0,3,populacao,12.102075179685386
2102325,MA,4.0,3,populacao,37.0757722646765
2102358,MA,0.0,3,populacao,7.819089220158508
2102374,MA,1.0,3,populacao,4.599767242161757
2102408,MA,1.0,3,populacao,5.675793420087391
2102507,MA,1.0,3,populacao,9.843398879922866
2102556,MA,2.0,3,populacao,7.324086272821728
2102606,MA,1.0,3,populacao,10.272470113150272
2102705,MA,1.0,3,populacao,11.207876307077008
2102754,MA,2.0,3,populacao,5.518175416044671
2102804,MA,2.0,3,populacao,12.260723366761066
2102903,MA,2.0,3,populacao,12.143797592520224
2103000,MA,16.0,3,populacao,83.7832407960028
2103109,MA,3.0,3,populacao,5.403310007869747
2103125,MA,0.0,3,populacao,4.437513414470722
2103158,MA,0.0,3,populacao,6.982065505879353
2103174,MA,1.0,3,populacao,11.10794855287999
2103208,MA,3.0,3,populacao,40.67420159880215
2103257,MA,1.0,3,populacao,7.488915558095162
2103307,MA,7.0,3,populacao,62.228206105885995
2103406,MA,3.0,3,populacao,25.113801977473532
2103505,MA,3.0,3,populacao,20.899838281154906
2103554,MA,0.0,3,populacao,8.340361834835742
2103604,MA,9.0,3,populacao,33.17343893582796
2103703,MA,3.0,3,populacao,15.816400105018918
2103752,MA,0.0,3,populacao,6.520543507113739
2103802,MA,3.0,3,populacao,11.801776825577848
2103901,MA,0.0,3,populacao,5.773145716702014
2104008,MA,3.0,3,populacao,8.577819023932783
2104057,MA,3.0,3,populacao,21.690503758950907
2104073,MA,0.0,3,populacao,4.312346175966208
2104081,MA,0.0,3,populacao,5.3188349991671116
2104099,MA,1.0,3,populacao,9.785193538560684
2104107,MA,0.0,3,populacao,6.388680078894992
2104206,MA,3.0,3,populacao,7.8613267245098255
2104305,MA,0.0,3,populacao,6.09353263995225
2104404,MA,1.0,3,populacao,9.058399408808137
2104503,MA,0.0,3,populacao,5.5114792263304375
2104552,MA,0.0,3,populacao,9.434416215838159
2104602,MA,1.0,3,populacao,8.54124752626274
2104628,MA,0.0,3,populacao,3.970325409023833
2104651,MA,0.0,3,populacao,5.1102229349929225
2104677,MA,0.0,3,populacao,12.872652088338688
2104701,MA,0.0,3,populacao,3.1595713620851313
2104800,MA,5.0,3,populacao,35.66081586890737
2104909,MA,1.0,3,populacao,6.040993305271343
2105005,MA,1.0,3,populacao,14.684744043313499
2105104,MA,1.0,3,populacao,13.822480844726849
2105153,MA,0.0,3,populacao,7.286999683635205
2105203,MA,0.0,3,populacao,5.772115533669054
2105302,MA,40.0,3,populacao,131.12633225866477
2105351,MA,0.0,3,populacao,8.246100087319997
2105401,MA,4.0,3,populacao,34.88508804508927
2105427,MA,0.0,3,populacao,13.180676815193417
2105450,MA,1.0,3,populacao,5.264750389936767
2105476,MA,0.0,3,populacao,8.406808640461595
2105500,MA,5.0,3,populacao,11.868738722720181
2105609,MA,1.0,3,populacao,8.18531928837542
2105658,MA,0.0,3,populacao,1.6673512388440772
2105708,MA,5.0,3,populacao,25.68040264560096
2105807,MA,0.0,3,populacao,5.497056663869012
2105906,MA,1.0,3,populacao,8.25434155158367
2105922,MA,0.0,3,populacao,5.6907310740652965
2105948,MA,0.0,3,populacao,4.4627528987782155
2105963,MA,0.0,3,populacao,5.813322854987413
2105989,MA,0.0,3,populacao,3.8575203669148266
2106003,MA,0.0,3,populacao,6.02399528522752
2106102,MA,1.0,3,populacao,6.185734021402077
2106201,MA,0.0,3,populacao,3.5371334436645903
2106300,MA,1.0,3,populacao,10.187995104447637
2106326,MA,4.0,3,populacao,10.96784366039757
2106359,MA,0.0,3,populacao,3.916755891309967
2106375,MA,1.0,3,populacao,8.429987758703172
2106409,MA,2.0,3,populacao,8.625207443448895
2106508,MA,0.0,3,populacao,11.893978207027676
2106607,MA,1.0,3,populacao,17.19066427098617
2106631,MA,2.0,3,populacao,8.70916736063505
2106672,MA,0.0,3,populacao,4.2886519662081515
2106706,MA,0.0,3,populacao,10.617581429191524
2106755,MA,1.0,3,populacao,14.657444192940087
2106805,MA,3.0,3,populacao,7.594509318973455
2106904,MA,1.0,3,populacao,17.078374320393642
2107001,MA,0.0,3,populacao,4.578648489986099
2107100,MA,0.0,3,populacao,9.931994620757337
2107209,MA,0.0,3,populacao,7.463160982271187
2107258,MA,0.0,3,populacao,2.7557396131652188
2107308,MA,0.0,3,populacao,2.362209694574896
2107357,MA,4.0,3,populacao,10.697420614245843
2107407,MA,2.0,3,populacao,9.892847665504895
2107456,MA,0.0,3,populacao,7.539394526710151
2107506,MA,20.0,3,populacao,63.05750344741796
2107605,MA,0.0,3,populacao,10.005137616097421
2107704,MA,3.0,3,populacao,10.876672461980702
2107803,MA,1.0,3,populacao,17.706270878982128
2107902,MA,1.0,3,populacao,9.703809078956926
2108009,MA,2.0,3,populacao,9.926328614076061
2108058,MA,0.0,3,populacao,8.209013498133475
2108108,MA,0.0,3,populacao,10.640245455916622
2108207,MA,3.0,3,populacao,19.761486029735256
2108256,MA,0.0,3,populacao,12.877287911987004
2108306,MA,0.0,3,populacao,19.64765080459329
2108405,MA,1.0,3,populacao,7.249398002932203
2108454,MA,0.0,3,populacao,11.856891617841153
2108504,MA,3.0,3,populacao,16.73429318738535
2108603,MA,4.0,3,populacao,42.4301485784807
2108702,MA,1.0,3,populacao,10.745324125278435
2108801,MA,0.0,3,populacao,9.484380092936668
2108900,MA,1.0,3,populacao,8.76840288503019
2109007,MA,2.0,3,populacao,12.238574431552449
2109056,MA,0.0,3,populacao,2.997317534394095
2109106,MA,11.0,3,populacao,24.332408146974164
2109205,MA,0.0,3,populacao,6.518998232564301
2109239,MA,1.0,3,populacao,3.5891576868290174
2109270,MA,0.0,3,populacao,9.682175235264788
2109304,MA,0.0,3,populacao,5.910160060085555
2109403,MA,0.0,3,populacao,7.832996691103454
2109452,MA,0.0,3,populacao,15.897269473106196
2109502,MA,0.0,3,populacao,10.147817966162238
2109551,MA,0.0,3,populacao,3.9615688532436817
2109601,MA,1.0,3,populacao,21.795582428312724
2109700,MA,1.0,3,populacao,2.8680295637577453
2109759,MA,0.0,3,populacao,3.970325409023833
2109809,MA,3.0,3,populacao,21.5776987168419
2109908,MA,11.0,3,populacao,45.33474963990849
2110005,MA,2.0,3,populacao,36.86819038353527
2110039,MA,1.0,3,populacao,12.84947297009711
2110104,MA,1.0,3,populacao,13.04932847849115
2110203,MA,1.0,3,populacao,19.104744346223917
2110237,MA,0.0,3,populacao,6.899650863242637
2110278,MA,0.0,3,populacao,8.165745810749199
2110302,MA,0.0,3,populacao,7.325631547371167
2110401,MA,1.0,3,populacao,9.465836798343407
2110500,MA,2.0,3,populacao,23.714298327198787
2110609,MA,3.0,3,populacao,14.529701496853175
2110658,MA,0.0,3,populacao,3.7555322466518897
2110708,MA,2.0,3,populacao,17.353948281710164
2110807,MA,0.0,3,populacao,2.293702522883125
2110856,MA,1.0,3,populacao,6.082200626589701
2110906,MA,0.0,3,populacao,6.168736001358254
2111003,MA,1.0,3,populacao,10.459963425148803
2111029,MA,0.0,3,populacao,7.958163929607968
2111052,MA,1.0,3,populacao,5.654159576395253
2111078,MA,0.0,3,populacao,9.449353869816063
2111102,MA,7.0,3,populacao,13.145135500556332
2111201,MA,0.0,3,populacao,90.87141515427693
2111250,MA,0.0,3,populacao,3.8549449093324295
2111300,MA,334.0,3,populacao,562.411943915417
2111409,MA,0.0,3,populacao,9.398874901201074
2111508,MA,3.0,3,populacao,21.11463144352685
2111532,MA,0.0,3,populacao,6.444309962674776
2111573,MA,0.0,3,populacao,2.369936067322088
2111607,MA,0.0,3,populacao,9.621909527836689
2111631,MA,0.0,3,populacao,2.5476426405075085
2111672,MA,0.0,3,populacao,3.4531735264784347
2111706,MA,1.0,3,populacao,10.772108884135369
2111722,MA,2.0,3,populacao,7.185011563372268
2111748,MA,0.0,3,populacao,5.68764052496642
2111763,MA,1.0,3,populacao,7.147924974185746
2111789,MA,0.0,3,populacao,5.686610341933461
2111805,MA,1.0,3,populacao,9.1948986606752
2111904,MA,2.0,3,populacao,5.365193235650265
2111953,MA,0.0,3,populacao,2.8695748383071837
2112001,MA,0.0,3,populacao,4.355098771834005
2112100,MA,0.0,3,populacao,14.749645574389914
2112209,MA,11.0,3,populacao,86.33912490077398
2112233,MA,0.0,3,populacao,11.202725391912214
2112274,MA,0.0,3,populacao,2.959715853691093
2112308,MA,0.0,3,populacao,21.294913474294667
2112407,MA,0.0,3,populacao,18.06065384232001
2112456,MA,0.0,3,populacao,13.151831690270566
2112506,MA,2.0,3,populacao,30.186938323279932
2112605,MA,5.0,3,populacao,17.017593521449065
2112704,MA,1.0,3,populacao,29.108336687771903
2112803,MA,5.0,3,populacao,26.649804879615342
2112852,MA,0.0,3,populacao,6.943433642143392
2112902,MA,1.0,3,populacao,16.620457962243385
2113009,MA,3.0,3,populacao,15.905510937369867
2114007,MA,5.0,3,populacao,26.312935027837764
2800100,SE,0.0,3,populacao,1.2310687243859575
2800209,SE,1.0,3,populacao,11.120310749275497
2800308,SE,203.0,3,populacao,334.86408541240894
2800407,SE,0.0,3,populacao,5.3373782937603735
2800506,SE,0.0,3,populacao,9.523527048189107
2800605,SE,3.0,3,populacao,15.353332831703865
2800670,SE,0.0,3,populacao,13.887382375803265
2800704,SE,1.0,3,populacao,4.286591600142233
2801009,SE,1.0,3,populacao,9.328822454959864
2801108,SE,0.0,3,populacao,2.0902413738737304
2801207,SE,2.0,3,populacao,15.12926802203529
2801306,SE,3.0,3,populacao,17.5388661361263
2801405,SE,0.0,3,populacao,11.250628902944806
2801504,SE,2.0,3,populacao,8.38311443070354
2801603,SE,3.0,3,populacao,3.0560379672727556
2801702,SE,1.0,3,populacao,9.410722006080102
2801900,SE,0.0,3,populacao,2.0665471641156743
2802007,SE,0.0,3,populacao,2.6053328903532105
2802106,SE,9.0,3,populacao,35.684510078665426
2802205,SE,0.0,3,populacao,2.8927539565487606
2802304,SE,0.0,3,populacao,7.906139686443541
2802403,SE,0.0,3,populacao,6.045114037403179
2802502,SE,1.0,3,populacao,1.7075283771294767
2802601,SE,1.0,3,populacao,3.023587201734548
2802700,SE,0.0,3,populacao,4.435453048404804
2802809,SE,1.0,3,populacao,9.173779908499542
2802908,SE,15.0,3,populacao,49.03465200278059
2803005,SE,2.0,3,populacao,21.613755122995467
2803104,SE,1.0,3,populacao,2.569276484199647
2803203,SE,1.0,3,populacao,17.565135803466752
2803302,SE,1.0,3,populacao,9.609547331441181
2803401,SE,1.0,3,populacao,6.818781495155358
2803500,SE,11.0,3,populacao,53.6205117739974
2803609,SE,0.0,3,populacao,15.29821803944056
2803708,SE,1.0,3,populacao,3.5644332940380026
2803807,SE,0.0,3,populacao,1.9022329703587202
2803906,SE,1.0,3,populacao,6.537026435641082
2804003,SE,0.0,3,populacao,8.909537960545569
2804102,SE,0.0,3,populacao,5.8916167654922935
2804201,SE,1.0,3,populacao,7.81754394560907
2804300,SE,0.0,3,populacao,3.9574481211118457
2804409,SE,1.0,3,populacao,9.762529511835586
2804458,SE,0.0,3,populacao,4.568346659656509
2804508,SE,1.0,3,populacao,18.859045692863205
2804607,SE,1.0,3,populacao,13.71379653474968
2804706,SE,1.0,3,populacao,3.363547602611005
2804805,SE,20.0,3,populacao,93.70956941007886
2804904,SE,0.0,3,populacao,7.4276196676341035
2805000,SE,0.0,3,populacao,1.6761077946242284
2805109,SE,0.0,3,populacao,4.941788009104132
2805208,SE,1.0,3,populacao,3.3769399820394717
2805307,SE,1.0,3,populacao,4.759960703786876
2805406,SE,1.0,3,populacao,17.78559497251997
2805505,SE,4.0,3,populacao,12.228272601222859
2805604,SE,0.0,3,populacao,14.801154726037861
2805703,SE,3.0,3,populacao,15.36724030264881
2805802,SE,0.0,3,populacao,10.309041610820316
2805901,SE,1.0,3,populacao,5.2518731020247795
2806008,SE,1.0,3,populacao,9.60182095869399
2806107,SE,0.0,3,populacao,5.510964134813958
2806206,SE,0.0,3,populacao,10.388365704358156
2806305,SE,0.0,3,populacao,7.228794342273024
2806404,SE,0.0,3,populacao,3.9924743442324506
2806503,SE,0.0,3,populacao,2.0284303918961926
2806602,SE,1.0,3,populacao,6.256301559159765
2806701,SE,10.0,3,populacao,45.96264619849697
2806800,SE,0.0,3,populacao,5.734513852966052
2806909,SE,2.0,3,populacao,2.0516095101377694
2807006,SE,1.0,3,populacao,2.03100584947859
2807105,SE,7.0,3,populacao,21.035307349989008
2807204,SE,0.0,3,populacao,4.559075012359878
2807303,SE,1.0,3,populacao,1.6591097745804055
2807402,SE,2.0,3,populacao,26.865113133503765
2807501,SE,2.0,3,populacao,6.803328749660974
2807600,SE,3.0,3,populacao,12.936008344865664
2900108,BA,2.0,3,populacao,4.7383268600947375
2900207,BA,0.0,3,populacao,10.399182626204224
2900306,BA,1.0,3,populacao,8.100844279672785
2900355,BA,1.0,3,populacao,8.9363227194025
2900405,BA,0.0,3,populacao,9.018222270522738
2900504,BA,1.0,3,populacao,5.775206082767931
2900603,BA,0.0,3,populacao,2.4338074153655436
2900702,BA,40.0,3,populacao,80.34345964895283
2900801,BA,4.0,3,populacao,12.040779289224327
2900900,BA,0.0,3,populacao,3.0828227261296886
2901007,BA,1.0,3,populacao,19.706886328988432
2901106,BA,3.0,3,populacao,13.603051858706591
2901155,BA,1.0,3,populacao,8.652507293822307
2901205,BA,1.0,3,populacao,10.079310794470468
2901304,BA,1.0,3,populacao,7.075812161878619
2901353,BA,5.0,3,populacao,7.9787675902671475
2901403,BA,1.0,3,populacao,7.5666943770835635
2901502,BA,1.0,3,populacao,5.913765700700911
2901601,BA,0.0,3,populacao,10.079825885986947
2901700,BA,2.0,3,populacao,6.288237233181493
2901809,BA,1.0,3,populacao,6.218184786940284
2901908,BA,0.0,3,populacao,9.44368786313479
2901957,BA,0.0,3,populacao,3.9816574223863817
2902005,BA,1.0,3,populacao,7.191707753086502
2902054,BA,0.0,3,populacao,6.494273839773285
2902104,BA,3.0,3,populacao,28.811643974279722
2902203,BA,2.0,3,populacao,6.028116017359356
2902252,BA,1.0,3,populacao,6.006482173667218
2902302,BA,0.0,3,populacao,4.723904297633312
2902401,BA,0.0,3,populacao,6.5447528083882744
2902500,BA,2.0,3,populacao,7.377655790535594
2902609,BA,1.0,3,populacao,11.024503727210313
2902658,BA,1.0,3,populacao,7.090234724340044
2902708,BA,2.0,3,populacao,28.28625062747065
2902807,BA,7.0,3,populacao,11.37425086689988
2902906,BA,0.0,3,populacao,17.57543763379634
2903003,BA,3.0,3,populacao,7.499732479941231
2903102,BA,0.0,3,populacao,3.2234427101285865
2903201,BA,49.0,3,populacao,81.19799647479229
2903235,BA,2.0,3,populacao,7.838147606268249
2903276,BA,1.0,3,populacao,8.393931352549608
2903300,BA,1.0,3,populacao,3.2198370695132303
2903409,BA,1.0,3,populacao,12.368892585221756
2903508,BA,3.0,3,populacao,9.398874901201074
2903607,BA,1.0,3,populacao,8.577819023932783
2903706,BA,0.0,3,populacao,7.246822545349806
2903805,BA,0.0,3,populacao,10.045314754382822
2903904,BA,9.0,3,populacao,36.37473271074793
2903953,BA,2.0,3,populacao,5.396613818155513
2904001,BA,3.0,3,populacao,7.602750783237127
2904050,BA,2.0,3,populacao,8.824032768809975
2904100,BA,1.0,3,populacao,11.571015826195042
2904209,BA,1.0,3,populacao,5.613467346593374
2904308,BA,1.0,3,populacao,7.789213912202698
2904407,BA,4.0,3,populacao,5.579986398022208
2904506,BA,1.0,3,populacao,5.652614301845815
2904605,BA,21.0,3,populacao,35.89003159374074
2904704,BA,3.0,3,populacao,9.91860224132887
2904753,BA,2.0,3,populacao,11.221783778021955
2904803,BA,0.0,3,populacao,4.038832580715604
2904852,BA,1.0,3,populacao,9.94744736625172
2904902,BA,4.0,3,populacao,18.099800797572453
2905008,BA,3.0,3,populacao,12.267934647991778
2905107,BA,1.0,3,populacao,5.180790472750611
2905156,BA,0.0,3,populacao,8.296063964418508
2905206,BA,10.0,3,populacao,27.224131920489963
2905305,BA,0.0,3,populacao,9.789829362209
2905404,BA,1.0,3,populacao,9.387027796322046
2905503,BA,2.0,3,populacao,7.063449965483111
2905602,BA,6.0,3,populacao,17.157698413931485
2905701,BA,66.0,3,populacao,152.9270656021423
2905800,BA,8.0,3,populacao,18.87501352987407
2905909,BA,1.0,3,populacao,15.477469887175419
2906006,BA,10.0,3,populacao,37.832441702384855
2906105,BA,1.0,3,populacao,5.228693983783203
2906204,BA,2.0,3,populacao,13.836388315671796
2906303,BA,6.0,3,populacao,16.999050226855804
2906402,BA,1.0,3,populacao,4.551863731129166
2906501,BA,9.0,3,populacao,46.20731466882472
2906600,BA,0.0,3,populacao,7.61923371176447
2906709,BA,3.0,3,populacao,13.739551110573654
2906808,BA,7.0,3,populacao,18.641677072908866
2906824,BA,1.0,3,populacao,8.919324699358677
2906857,BA,1.0,3,populacao,6.283601409533178
2906873,BA,5.0,3,populacao,16.16975288532384
2906899,BA,1.0,3,populacao,5.033989390553959
2906907,BA,3.0,3,populacao,11.713181084743379
2907004,BA,0.0,3,populacao,4.916033433280158
2907103,BA,2.0,3,populacao,15.513526293328983
2907202,BA,6.0,3,populacao,37.79844566229721
2907301,BA,2.0,3,populacao,14.03006272586808
2907400,BA,2.0,3,populacao,1.8898707739632126
2907509,BA,10.0,3,populacao,29.08155192891497
2907558,BA,1.0,3,populacao,5.029353566905644
2907608,BA,1.0,3,populacao,9.25567945961978
2907707,BA,1.0,3,populacao,5.970425767513654
2907806,BA,9.0,3,populacao,17.861313425442454
2907905,BA,1.0,3,populacao,9.137208410829498
2908002,BA,4.0,3,populacao,9.79807082647267
2908101,BA,1.0,3,populacao,10.043254388316903
2908200,BA,2.0,3,populacao,11.85946707542355
2908309,BA,9.0,3,populacao,9.389603253904443
2908408,BA,9.0,3,populacao,35.18229585009793
2908507,BA,3.0,3,populacao,17.449240212258868
2908606,BA,2.0,3,populacao,13.58347838108037
2908705,BA,1.0,3,populacao,9.370029776278223
2908804,BA,0.0,3,populacao,2.214378429345285
2908903,BA,1.0,3,populacao,12.308626877793657
2909000,BA,1.0,3,populacao,4.586374862733291
2909109,BA,8.0,3,populacao,7.691861615588077
2909208,BA,3.0,3,populacao,8.66074875808598
2909307,BA,2.0,3,populacao,17.183968081271935
2909406,BA,1.0,3,populacao,7.424529118535227
2909505,BA,1.0,3,populacao,2.8721502958895813
2909604,BA,3.0,3,populacao,11.24702326232945
2909703,BA,2.0,3,populacao,7.418863111853953
2909802,BA,18.0,3,populacao,33.445922348045606
2909901,BA,3.0,3,populacao,18.29811103141705
2910008,BA,2.0,3,populacao,6.034812207073589
2910057,BA,24.0,3,populacao,41.54573644468543
2910107,BA,3.0,3,populacao,6.492213473707368
2910206,BA,1.0,3,populacao,2.1695654674115703
2910305,BA,2.0,3,populacao,4.3581893209328815
2910404,BA,0.0,3,populacao,9.980413223306407
2910503,BA,6.0,3,populacao,22.26380061679257
2910602,BA,5.0,3,populacao,19.493638441165924
2910701,BA,5.0,3,populacao,31.89652706647533
2910727,BA,35.0,3,populacao,59.384900934919266
2910750,BA,2.0,3,populacao,9.499832838431052
2910776,BA,0.0,3,populacao,3.050371960591481
2910800,BA,181.0,3,populacao,323.20807948599474
2910859,BA,1.0,3,populacao,8.84721188705155
2910909,BA,0.0,3,populacao,2.9988628089435334
2911006,BA,0.0,3,populacao,5.791689011295275
2911105,BA,3.0,3,populacao,13.347051375016289
2911204,BA,4.0,3,populacao,17.118551458679043
2911253,BA,0.0,3,populacao,2.4338074153655436
2911303,BA,1.0,3,populacao,5.995150160304669
2911402,BA,0.0,3,populacao,8.159049621034965
2911501,BA,1.0,3,populacao,4.04243822133096
2911600,BA,1.0,3,populacao,11.071892146726425
2911659,BA,0.0,3,populacao,4.162454544670679
2911709,BA,36.0,3,populacao,44.71406436255071
2911808,BA,2.0,3,populacao,11.411337456086402
2911857,BA,1.0,3,populacao,7.066025423065509
2911907,BA,3.0,3,populacao,13.332628812554864
2912004,BA,2.0,3,populacao,5.245176912310546
2912103,BA,5.0,3,populacao,12.119588291245687
2912202,BA,3.0,3,populacao,10.191600745062994
2912301,BA,2.0,3,populacao,8.65147711078935
2912400,BA,1.0,3,populacao,9.620879344803729
2912509,BA,2.0,3,populacao,7.939105543498227
2912608,BA,0.0,3,populacao,2.1705956504445294
2912707,BA,0.0,3,populacao,12.51311820983601
2912806,BA,1.0,3,populacao,4.559590103876358
2912905,BA,2.0,3,populacao,8.870391005293127
2913002,BA,1.0,3,populacao,8.681867510261638
2913101,BA,1.0,3,populacao,9.24486253777371
2913200,BA,7.0,3,populacao,14.351479832151275
2913309,BA,2.0,3,populacao,3.3156440915784136
2913408,BA,1.0,3,populacao,8.387235162835376
2913457,BA,1.0,3,populacao,7.307603344294384
2913507,BA,4.0,3,populacao,14.391141878920195
2913606,BA,69.0,3,populacao,90.831753107508
2913705,BA,7.0,3,populacao,20.83699711614441
2913804,BA,1.0,3,populacao,7.983403413915463
2913903,BA,7.0,3,populacao,24.571925702137122
2914000,BA,6.0,3,populacao,32.26069676862632
2914109,BA,1.0,3,populacao,5.23178453288208
2914208,BA,0.0,3,populacao,3.87400329544217
2914307,BA,2.0,3,populacao,5.099921104663332
2914406,BA,5.0,3,populacao,13.153376964820005
2914505,BA,2.0,3,populacao,15.390419420890387
2914604,BA,13.0,3,populacao,38.365561421941116
2914653,BA,4.0,3,populacao,16.185205630818224
2914703,BA,9.0,3,populacao,34.41120384992815
2914802,BA,60.0,3,populacao,113.85891935172316
2914901,BA,8.0,3,populacao,14.619327420720605
2915007,BA,0.0,3,populacao,8.543307892328658
2915106,BA,2.0,3,populacao,6.7986929260126585
2915205,BA,2.0,3,populacao,8.023580552200862
2915304,BA,1.0,3,populacao,3.7555322466518897
2915353,BA,1.0,3,populacao,7.581116939544988
2915403,BA,1.0,3,populacao,3.7179305659488877
2915502,BA,3.0,3,populacao,11.147610599648909
2915601,BA,11.0,3,populacao,34.69450418399187
2915700,BA,3.0,3,populacao,4.365915693680074
2915809,BA,3.0,3,populacao,12.826293851855535
2915908,BA,0.0,3,populacao,3.466565905906901
2916005,BA,4.0,3,populacao,10.559891179345822
2916104,BA,3.0,3,populacao,11.778082615819793
2916203,BA,1.0,3,populacao,5.06334960699329
2916302,BA,0.0,3,populacao,5.5784411234727695
2916401,BA,18.0,3,populacao,39.93659054720354
2916500,BA,2.0,3,populacao,18.651978903238454
2916609,BA,3.0,3,populacao,5.5624732864619055
2916708,BA,0.0,3,populacao,4.425666309591693
2916807,BA,3.0,3,populacao,10.46356906576416
2916856,BA,3.0,3,populacao,7.704223811983584
2916906,BA,3.0,3,populacao,6.82702295941903
2917003,BA,4.0,3,populacao,19.35044299958463
2917102,BA,2.0,3,populacao,10.941058901540638
2917201,BA,3.0,3,populacao,10.083946618118782
2917300,BA,3.0,3,populacao,15.158113146958142
2917334,BA,0.0,3,populacao,5.871528196349594
2917359,BA,0.0,3,populacao,4.664668773238172
2917409,BA,4.0,3,populacao,7.9627997532562835
2917508,BA,23.0,3,populacao,43.07967898076132
2917607,BA,2.0,3,populacao,28.86212294289471
2917706,BA,8.0,3,populacao,17.770142227025584
2917805,BA,0.0,3,populacao,9.805282107703384
2917904,BA,1.0,3,populacao,5.727817663251819
2918001,BA,34.0,3,populacao,83.55247979661999
2918100,BA,6.0,3,populacao,21.430382543128772
2918209,BA,1.0,3,populacao,7.7809724479390265
2918308,BA,0.0,3,populacao,6.537541527157562
2918357,BA,1.0,3,populacao,13.210037031632748
2918407,BA,43.0,3,populacao,114.23339088420374
2918456,BA,2.0,3,populacao,5.111768209542361
2918506,BA,0.0,3,populacao,8.24455481277056
2918555,BA,0.0,3,populacao,3.2321992659087377
2918605,BA,1.0,3,populacao,3.6396366554440065
2918704,BA,0.0,3,populacao,2.0474887780059334
2918753,BA,1.0,3,populacao,8.256401917649587
2918803,BA,0.0,3,populacao,12.519814399550244
2918902,BA,0.0,3,populacao,2.095392289038525
2919009,BA,0.0,3,populacao,2.069122621698072
2919058,BA,0.0,3,populacao,4.577103215436661
2919108,BA,1.0,3,populacao,4.639429288930677
2919157,BA,0.0,3,populacao,14.548244791446438
2919207,BA,72.0,3,populacao,101.80062695093854
2919306,BA,1.0,3,populacao,5.99360488575523
2919405,BA,0.0,3,populacao,6.680221877222378
2919504,BA,5.0,3,populacao,24.07486238873442
2919553,BA,36.0,3,populacao,43.03950184247592
2919603,BA,0.0,3,populacao,6.118772124259745
2919702,BA,0.0,3,populacao,9.843398879922866
2919801,BA,8.0,3,populacao,26.262971150739254
2919900,BA,0.0,3,populacao,4.257746475219383
2919926,BA,7.0,3,populacao,10.820527486684439
2919959,BA,0.0,3,populacao,2.2952477974325634
2920007,BA,1.0,3,populacao,5.292050240310179
2920106,BA,2.0,3,populacao,10.144727417063361
2920205,BA,0.0,3,populacao,9.027493917819369
2920304,BA,0.0,3,populacao,4.561650469942276
2920403,BA,0.0,3,populacao,7.340569201349071
2920452,BA,1.0,3,populacao,7.190162478537063
2920502,BA,6.0,3,populacao,11.856376526324674
2920601,BA,2.0,3,populacao,23.828133552340752
2920700,BA,0.0,3,populacao,10.97814549072716
2920809,BA,0.0,3,populacao,5.630465366637197
2920908,BA,2.0,3,populacao,7.586267854709783
2921005,BA,11.0,3,populacao,24.208271091502606
2921054,BA,0.0,3,populacao,6.432462857795748
2921104,BA,7.0,3,populacao,12.148948507685018
2921203,BA,5.0,3,populacao,14.175318533515293
2921302,BA,2.0,3,populacao,5.967335218414777
2921401,BA,0.0,3,populacao,9.647149012144183
2921450,BA,0.0,3,populacao,4.9335465448404605
2921500,BA,1.0,3,populacao,26.760549555658432
2921609,BA,2.0,3,populacao,4.610069072491347
2921708,BA,7.0,3,populacao,18.98421293136772
2921807,BA,0.0,3,populacao,6.4535816099714065
2921906,BA,1.0,3,populacao,5.128766229586184
2922003,BA,7.0,3,populacao,21.670930281324686
2922052,BA,0.0,3,populacao,6.174917099556008
2922102,BA,1.0,3,populacao,14.094964256944495
2922201,BA,0.0,3,populacao,3.9548726635294487
2922250,BA,2.0,3,populacao,5.997725617887067
2922300,BA,1.0,3,populacao,15.777768241282956
2922409,BA,4.0,3,populacao,11.846074695995084
2922508,BA,3.0,3,populacao,15.21889394590272
2922607,BA,0.0,3,populacao,7.4008349087771705
2922656,BA,0.0,3,populacao,7.003699349571491
2922706,BA,0.0,3,populacao,8.829183683974769
2922730,BA,1.0,3,populacao,4.182028022296899
2922755,BA,0.0,3,populacao,3.5984293341256484
2922805,BA,0.0,3,populacao,4.341191300889059
2922854,BA,1.0,3,populacao,4.8933694065550615
2922904,BA,3.0,3,populacao,13.114230009567564
2923001,BA,5.0,3,populacao,22.690811483954057
2923035,BA,0.0,3,populacao,6.445855237224214
2923050,BA,0.0,3,populacao,8.260522649781423
2923100,BA,2.0,3,populacao,15.054579752145766
2923209,BA,2.0,3,populacao,11.746662033314545
2923308,BA,0.0,3,populacao,4.592555960931045
2923357,BA,0.0,3,populacao,9.284524584542629
2923407,BA,0.0,3,populacao,11.616858971161715
2923506,BA,2.0,3,populacao,4.764596527435192
2923605,BA,5.0,3,populacao,11.479329536261694
2923704,BA,0.0,3,populacao,16.981022023779023
2923803,BA,2.0,3,populacao,15.491377358120365
2923902,BA,1.0,3,populacao,5.497571755385492
2924009,BA,39.0,3,populacao,62.17463658817213
2924058,BA,0.0,3,populacao,7.327691913437085
2924108,BA,1.0,3,populacao,3.8770938445410468
2924207,BA,0.0,3,populacao,9.379301423574853
2924306,BA,2.0,3,populacao,9.409176731530664
2924405,BA,4.0,3,populacao,18.40937079897662
2924504,BA,2.0,3,populacao,8.69938062182194
2924603,BA,3.0,3,populacao,10.905002495387073
2924652,BA,2.0,3,populacao,5.6721877794720355
2924678,BA,1.0,3,populacao,5.362617778067868
2924702,BA,2.0,3,populacao,6.10331937876536
2924801,BA,5.0,3,populacao,12.985972221964174
2924900,BA,0.0,3,populacao,4.935606910906379
2925006,BA,1.0,3,populacao,13.863688166045208
2925105,BA,2.0,3,populacao,25.16788658670388
2925204,BA,13.0,3,populacao,20.45840485153199
2925253,BA,1.0,3,populacao,8.153898705870171
2925303,BA,53.0,3,populacao,76.9155256067819
2925402,BA,9.0,3,populacao,4.346342216053853
2925501,BA,5.0,3,populacao,15.105573812277234
2925600,BA,3.0,3,populacao,8.10444992028814
2925709,BA,1.0,3,populacao,6.8682302807373885
2925758,BA,4.0,3,populacao,14.464799965776761
2925808,BA,4.0,3,populacao,13.676709945563157
2925907,BA,2.0,3,populacao,14.748100299840475
2925931,BA,3.0,3,populacao,4.847526261588388
2925956,BA,0.0,3,populacao,12.136586311289511
2926004,BA,5.0,3,populacao,21.979985191212375
2926103,BA,1.0,3,populacao,7.587298037742743
2926202,BA,2.0,3,populacao,12.00832852368612
2926301,BA,5.0,3,populacao,17.916943309222237
2926400,BA,4.0,3,populacao,18.76941976899578
2926509,BA,1.0,3,populacao,7.954558288992612
2926608,BA,8.0,3,populacao,28.312005203294625
2926657,BA,0.0,3,populacao,3.8307356080578936
2926707,BA,3.0,3,populacao,7.062934873966632
2926806,BA,3.0,3,populacao,8.140506326441704
2926905,BA,5.0,3,populacao,6.248060094896094
2927002,BA,3.0,3,populacao,21.513827368798445
2927101,BA,3.0,3,populacao,4.844435712489511
2927200,BA,7.0,3,populacao,16.48756435099168
2927309,BA,4.0,3,populacao,8.12402339791436
2927408,BA,1191.0,3,populacao,1521.5731283991536
2927507,BA,0.0,3,populacao,11.030684825408066
2927606,BA,1.0,3,populacao,7.7140105507966945
2927705,BA,5.0,3,populacao,14.706892978522117
2927804,BA,0.0,3,populacao,3.450082977379558
2927903,BA,3.0,3,populacao,5.748936415427478
2928000,BA,3.0,3,populacao,19.790846246174585
2928059,BA,0.0,3,populacao,6.901196137792075
2928109,BA,13.0,3,populacao,21.514857551831405
2928208,BA,3.0,3,populacao,14.160895971053868
2928307,BA,0.0,3,populacao,4.771292717149424
2928406,BA,0.0,3,populacao,15.012857339310928
2928505,BA,2.0,3,populacao,5.502207579033807
2928604,BA,15.0,3,populacao,31.91558545258507
2928703,BA,21.0,3,populacao,53.23058749602244
2928802,BA,5.0,3,populacao,27.762402555211022
2928901,BA,1.0,3,populacao,17.33849553621578
2928950,BA,3.0,3,populacao,4.843920620973031
2929008,BA,1.0,3,populacao,7.886051117300841
2929057,BA,1.0,3,populacao,8.151323248287774
2929107,BA,2.0,3,populacao,11.313470067955302
2929206,BA,3.0,3,populacao,20.71698079280469
2929255,BA,0.0,3,populacao,10.102489912712043
2929305,BA,0.0,3,populacao,19.582749273516875
2929354,BA,2.0,3,populacao,3.1137282171184575
2929370,BA,0.0,3,populacao,5.554746913714713
2929404,BA,1.0,3,populacao,6.228486617269874
2929503,BA,0.0,3,populacao,23.605098925705136
2929602,BA,2.0,3,populacao,9.330367729509303
2929701,BA,1.0,3,populacao,10.5228045901593
2929750,BA,1.0,3,populacao,6.376832974015964
2929800,BA,2.0,3,populacao,6.894499948077842
2929909,BA,6.0,3,populacao,23.47169022293695
2930006,BA,0.0,3,populacao,6.024510376744
2930105,BA,18.0,3,populacao,41.834702785430416
2930154,BA,4.0,3,populacao,16.99338422017453
2930204,BA,1.0,3,populacao,21.5776987168419
2930303,BA,2.0,3,populacao,9.436476581904076
2930402,BA,0.0,3,populacao,8.260007558264943
2930501,BA,14.0,3,populacao,42.79792392124705
2930600,BA,2.0,3,populacao,7.12474585594417
2930709,BA,21.0,3,populacao,70.07820081703328
2930758,BA,0.0,3,populacao,6.921284706934775
2930766,BA,2.0,3,populacao,5.811777580437974
2930774,BA,5.0,3,populacao,12.214365130277912
2930808,BA,0.0,3,populacao,9.015646812940341
2930907,BA,0.0,3,populacao,6.725549930672572
2931004,BA,4.0,3,populacao,10.97917567376012
2931053,BA,3.0,3,populacao,9.211896680719022
2931103,BA,0.0,3,populacao,4.2402333636590805
2931202,BA,0.0,3,populacao,11.054894126682603
2931301,BA,2.0,3,populacao,9.191808111576323
2931350,BA,30.0,3,populacao,83.28514729956714
2931400,BA,1.0,3,populacao,4.0877662747811545
2931509,BA,3.0,3,populacao,12.041809472257286
2931608,BA,0.0,3,populacao,7.910260418575376
2931707,BA,0.0,3,populacao,6.972278767066243
2931806,BA,0.0,3,populacao,9.1171198416868
2931905,BA,9.0,3,populacao,27.062908275831887
2932002,BA,3.0,3,populacao,13.275453654225641
2932101,BA,6.0,3,populacao,10.713903542773187
2932200,BA,4.0,3,populacao,10.553710081148068
2932309,BA,1.0,3,populacao,14.17892417413065
2932408,BA,4.0,3,populacao,7.455434609523995
2932457,BA,1.0,3,populacao,10.05561658471241
2932507,BA,4.0,3,populacao,10.98741713802379
2932606,BA,2.0,3,populacao,8.939928360017857
2932705,BA,2.0,3,populacao,11.183151914285993
2932804,BA,3.0,3,populacao,10.188510195964117
2932903,BA,42.0,3,populacao,50.86477216083218
2933000,BA,9.0,3,populacao,14.805275458169698
2933059,BA,0.0,3,populacao,7.552271814622138
2933109,BA,1.0,3,populacao,4.867099739214607
2933158,BA,1.0,3,populacao,6.9300412627149255
2933174,BA,1.0,3,populacao,4.8289829669951265
2933208,BA,7.0,3,populacao,22.478593779164513
2933257,BA,0.0,3,populacao,3.4099058390941583
2933307,BA,91.0,3,populacao,179.62168344369135
2933406,BA,1.0,3,populacao,5.02368756022437
2933455,BA,2.0,3,populacao,6.662708765662075
2933505,BA,1.0,3,populacao,11.520021766063573
2933604,BA,3.0,3,populacao,24.912401194530055
5200050,GO,0.0,3,populacao,4.227356075747093
5200100,GO,1.0,3,populacao,9.67084322190224
5200134,GO,7.0,3,populacao,11.371160317801003
5200159,GO,0.0,3,populacao,1.320694648253387
5200175,GO,1.0,3,populacao,2.891208681999322
5200209,GO,1.0,3,populacao,1.0131850129151374
5200258,GO,19.0,3,populacao,100.86006984184701
5200308,GO,5.0,3,populacao,13.788999896155683
5200506,GO,0.0,3,populacao,1.0667545306290034
5200555,GO,2.0,3,populacao,2.979289331317313
5200605,GO,9.0,3,populacao,3.8703976548268137
5200803,GO,3.0,3,populacao,4.452966159965106
5200829,GO,0.0,3,populacao,1.9336535528639685
5200852,GO,3.0,3,populacao,3.0998207461735117
5200902,GO,0.0,3,populacao,1.7554318881620683
5201108,GO,111.0,3,populacao,193.23246167514515
5201207,GO,0.0,3,populacao,0.5799930475558946
5201306,GO,8.0,3,populacao,11.201180117362775
5201405,GO,104.0,3,populacao,279.2259601683614
5201454,GO,0.0,3,populacao,1.2964853469788515
5201504,GO,1.0,3,populacao,2.134024152774486
5201603,GO,0.0,3,populacao,1.9218064479849404
5201702,GO,3.0,3,populacao,10.242079713677983
5201801,GO,1.0,3,populacao,5.0298686584221235
5202155,GO,2.0,3,populacao,4.049649502561673
5202353,GO,1.0,3,populacao,1.5231256142298228
5202502,GO,2.0,3,populacao,4.706906277589489
5202601,GO,1.0,3,populacao,1.762643169392781
5202809,GO,0.0,3,populacao,1.2846382420998235
5203104,GO,0.0,3,populacao,2.4090830225745288
5203203,GO,1.0,3,populacao,5.3749799744633755
5203302,GO,7.0,3,populacao,14.687319500895896
5203401,GO,1.0,3,populacao,4.582254130601456
5203500,GO,8.0,3,populacao,12.361166212474565
5203559,GO,2.0,3,populacao,4.662608407172254
5203575,GO,0.0,3,populacao,2.134024152774486
5203609,GO,2.0,3,populacao,1.8563898253920463
5203807,GO,1.0,3,populacao,2.996287351361136
5203906,GO,1.0,3,populacao,4.911397609631843
5203939,GO,0.0,3,populacao,1.330481387066497
5203962,GO,0.0,3,populacao,1.7456451493489582
5204003,GO,1.0,3,populacao,4.087251183264675
5204102,GO,6.0,3,populacao,6.182128380786721
5204201,GO,0.0,3,populacao,0.728339404301985
5204250,GO,2.0,3,populacao,4.303589620186057
5204300,GO,8.0,3,populacao,7.874204012421813
5204409,GO,4.0,3,populacao,9.53176851245278
5204508,GO,36.0,3,populacao,43.73126974910787
5204557,GO,0.0,3,populacao,1.907383885523515
5204607,GO,0.0,3,populacao,1.865661472688677
5204656,GO,1.0,3,populacao,1.9264422716332557
5204706,GO,7.0,3,populacao,6.3464425745436746
5204805,GO,2.0,3,populacao,3.6823892513118035
5204854,GO,0.0,3,populacao,3.7833471885417818
5204904,GO,7.0,3,populacao,10.191600745062994
5204953,GO,1.0,3,populacao,1.750796064513753
5205000,GO,2.0,3,populacao,5.079832535520633
5205059,GO,5.0,3,populacao,1.8594803744909232
5205109,GO,33.0,3,populacao,52.74176564688341
5205208,GO,0.0,3,populacao,2.5965763345730593
5205307,GO,2.0,3,populacao,5.06283451547681
5205406,GO,10.0,3,populacao,11.411852547602882
5205455,GO,1.0,3,populacao,4.31955745719692
5205471,GO,8.0,3,populacao,4.692483715128064
5205497,GO,8.0,3,populacao,34.39626619595025
5205513,GO,11.0,3,populacao,10.087037167217659
5205521,GO,0.0,3,populacao,1.8177579616560855
5205703,GO,0.0,3,populacao,1.2949400724294131
5205802,GO,2.0,3,populacao,5.710304551691517
5205901,GO,4.0,3,populacao,4.806834031786509
5206206,GO,8.0,3,populacao,28.508770162589787
5206305,GO,0.0,3,populacao,1.5602122034163453
5206404,GO,8.0,3,populacao,8.701440987887858
5206503,GO,1.0,3,populacao,1.8574200084250054
5206602,GO,2.0,3,populacao,1.5323972615264534
5206701,GO,2.0,3,populacao,1.7456451493489582
5206800,GO,0.0,3,populacao,1.511793600867274
5206909,GO,0.0,3,populacao,1.0986902046507312
5207105,GO,2.0,3,populacao,1.311938092473236
5207253,GO,2.0,3,populacao,3.991959252715971
5207352,GO,0.0,3,populacao,1.9619835862703399
5207402,GO,4.0,3,populacao,6.300084338060522
5207501,GO,0.0,3,populacao,1.7404942341841634
5207535,GO,0.0,3,populacao,3.5783407649829484
5207600,GO,4.0,3,populacao,3.126605505030444
5207808,GO,7.0,3,populacao,6.656527667464322
5207907,GO,1.0,3,populacao,7.7835479055214245
5208004,GO,34.0,3,populacao,59.641931601642526
5208103,GO,1.0,3,populacao,2.3812680806846367
5208152,GO,0.0,3,populacao,1.9455006577429965
5208301,GO,1.0,3,populacao,2.572882124815003
5208400,GO,4.0,3,populacao,5.908614785536116
5208509,GO,1.0,3,populacao,2.887087949867486
5208608,GO,16.0,3,populacao,34.77228300298027
5208707,GO,656.0,3,populacao,755.1782477681483
5208806,GO,8.0,3,populacao,21.205802641943716
5208905,GO,8.0,3,populacao,12.415250821704909
5209101,GO,12.0,3,populacao,17.673820113443924
5209150,GO,0.0,3,populacao,2.91335761720794
5209200,GO,6.0,3,populacao,7.459555341655832
5209291,GO,0.0,3,populacao,1.1362918853537332
5209408,GO,0.0,3,populacao,2.135054335807445
5209457,GO,0.0,3,populacao,1.0569677918158933
5209606,GO,0.0,3,populacao,1.9351988274134069
5209705,GO,1.0,3,populacao,10.544953525367918
5209804,GO,2.0,3,populacao,1.9841325214789576
5209903,GO,3.0,3,populacao,7.043876487856891
5209937,GO,3.0,3,populacao,3.1667826433158437
5209952,GO,4.0,3,populacao,7.836087240202331
5210000,GO,16.0,3,populacao,26.944952318558084
5210109,GO,14.0,3,populacao,13.777152791276656
5210158,GO,1.0,3,populacao,1.5184897905815073
5210208,GO,15.0,3,populacao,16.6075806743314
5210307,GO,0.0,3,populacao,1.4989163129552872
5210406,GO,6.0,3,populacao,21.052820461549313
5210562,GO,1.0,3,populacao,2.436382872947941
5210604,GO,2.0,3,populacao,2.8103393139120434
5210802,GO,3.0,3,populacao,2.511586234353945
5210901,GO,3.0,3,populacao,11.172850083956403
5211008,GO,2.0,3,populacao,3.2512576520184786
5211206,GO,6.0,3,populacao,13.694223057123459
5211305,GO,0.0,3,populacao,3.604610432323402
5211404,GO,0.0,3,populacao,4.645610387128431
5211503,GO,35.0,3,populacao,52.803576628860945
5211602,GO,0.0,3,populacao,1.3155437330885922
5211701,GO,1.0,3,populacao,3.2213823440626688
5211800,GO,7.0,3,populacao,24.835652558574616
5211909,GO,54.0,3,populacao,50.544900329098425
5212006,GO,1.0,3,populacao,1.5473349155043583
5212055,GO,2.0,3,populacao,1.275366594803193
5212105,GO,5.0,3,populacao,3.8467034450687576
5212204,GO,3.0,3,populacao,9.909845685548719
5212253,GO,0.0,3,populacao,0.7674863595544253
5212303,GO,1.0,3,populacao,4.003806357594999
5212501,GO,33.0,3,populacao,102.81999306205142
5212600,GO,0.0,3,populacao,1.2527025680780957
5212709,GO,2.0,3,populacao,4.26032193280178
5212808,GO,2.0,3,populacao,5.268356030552122
5212907,GO,0.0,3,populacao,1.1465937156833228
5212956,GO,2.0,3,populacao,2.312760908992866
5213004,GO,4.0,3,populacao,6.891409398978965
5213053,GO,1.0,3,populacao,1.3917772775275554
5213087,GO,11.0,3,populacao,15.811249189854122
5213103,GO,25.0,3,populacao,32.32199265908738
5213400,GO,0.0,3,populacao,0.858142466454814
5213509,GO,0.0,3,populacao,4.35973459548232
5213707,GO,0.0,3,populacao,4.242293729724999
5213756,GO,0.0,3,populacao,6.472639996081147
5213772,GO,1.0,3,populacao,2.290611973784248
5213806,GO,14.0,3,populacao,23.37588320087177
5213855,GO,1.0,3,populacao,1.2109801552432577
5213905,GO,1.0,3,populacao,2.420930127453557
5214002,GO,6.0,3,populacao,7.790759186752137
5214051,GO,2.0,3,populacao,2.915933074790337
5214101,GO,1.0,3,populacao,2.011947463368849
5214408,GO,2.0,3,populacao,4.5585599208434
5214507,GO,7.0,3,populacao,14.562152262391383
5214606,GO,13.0,3,populacao,23.64939679612237
5214705,GO,1.0,3,populacao,1.2223121686058063
5214804,GO,1.0,3,populacao,1.1362918853537332
5214838,GO,1.0,3,populacao,6.59832232610214
5214861,GO,0.0,3,populacao,4.38909481192165
5214879,GO,0.0,3,populacao,1.5251859802957406
5214903,GO,1.0,3,populacao,1.7703695421399732
5215009,GO,4.0,3,populacao,4.836194248225839
5215207,GO,0.0,3,populacao,1.6699266964264745
5215231,GO,13.0,3,populacao,56.70951559832484
5215256,GO,1.0,3,populacao,2.259706482795479
5215306,GO,6.0,3,populacao,7.969495942970517
5215405,GO,1.0,3,populacao,2.0454284119400157
5215504,GO,1.0,3,populacao,3.265680214479904
5215603,GO,9.0,3,populacao,16.55916207178233
5215652,GO,0.0,3,populacao,1.8100315889088932
5215702,GO,3.0,3,populacao,14.064058765955725
5215801,GO,0.0,3,populacao,1.24858183594626
5215900,GO,1.0,3,populacao,1.8888405909302537
5216007,GO,0.0,3,populacao,1.39692819269235
5216304,GO,3.0,3,populacao,5.109192751959964
5216403,GO,4.0,3,populacao,5.779841906416246
5216452,GO,0.0,3,populacao,1.61481190416317
5216809,GO,0.0,3,populacao,5.433185315825557
5216908,GO,0.0,3,populacao,1.3026664451766052
5217104,GO,10.0,3,populacao,12.818052387591862
5217203,GO,4.0,3,populacao,5.67733869463683
5217302,GO,5.0,3,populacao,12.754181039548408
5217401,GO,12.0,3,populacao,16.045615829852284
5217609,GO,12.0,3,populacao,45.772577428916044
5217708,GO,2.0,3,populacao,9.267011472982327
5218003,GO,13.0,3,populacao,23.336221154102848
5218052,GO,0.0,3,populacao,1.9357139189298864
5218102,GO,2.0,3,populacao,2.0830300926430176
5218300,GO,15.0,3,populacao,18.323865607241025
5218391,GO,0.0,3,populacao,1.7307074953710533
5218508,GO,14.0,3,populacao,24.986059281386623
5218607,GO,0.0,3,populacao,5.684549975867543
5218706,GO,1.0,3,populacao,2.48686184156293
5218789,GO,0.0,3,populacao,2.1180563157636225
5218805,GO,63.0,3,populacao,111.79958346883821
5218904,GO,7.0,3,populacao,10.298739780490726
5219001,GO,4.0,3,populacao,4.016683645506986
5219100,GO,0.0,3,populacao,3.2929800648533165
5219209,GO,2.0,3,populacao,1.5699989422294554
5219258,GO,4.0,3,populacao,2.73462086098956
5219308,GO,9.0,3,populacao,19.9561906229645
5219357,GO,0.0,3,populacao,1.9867079790613549
5219407,GO,7.0,3,populacao,4.233022082428367
5219456,GO,0.0,3,populacao,1.7301924038545737
5219506,GO,0.0,3,populacao,1.3526303222751148
5219605,GO,0.0,3,populacao,1.9109895261388712
5219704,GO,0.0,3,populacao,4.956210571565558
5219712,GO,0.0,3,populacao,2.462137448771915
5219738,GO,0.0,3,populacao,2.9808346058667516
5219753,GO,5.0,3,populacao,37.02838384516039
5219803,GO,0.0,3,populacao,6.482426734894258
5219902,GO,0.0,3,populacao,3.2790725939083707
5220009,GO,3.0,3,populacao,6.5123020428500675
5220058,GO,1.0,3,populacao,0.7968465759937557
5220108,GO,7.0,3,populacao,17.058800842767422
5220157,GO,1.0,3,populacao,2.612029080067444
5220207,GO,5.0,3,populacao,11.684335959820528
5220264,GO,0.0,3,populacao,2.0794244520276615
5220280,GO,1.0,3,populacao,1.0662394391125238
5220405,GO,3.0,3,populacao,10.14575760009632
5220454,GO,15.0,3,populacao,54.3210362364095
5220504,GO,3.0,3,populacao,4.287106691658713
5220603,GO,7.0,3,populacao,10.548044074466794
5220686,GO,2.0,3,populacao,3.5494956400600977
5220702,GO,0.0,3,populacao,1.5442443664054815
5221007,GO,0.0,3,populacao,1.8672067472381155
5221080,GO,1.0,3,populacao,1.7322527699204917
5221197,GO,0.0,3,populacao,3.932208636804351
5221304,GO,0.0,3,populacao,1.4937653977904923
5221403,GO,24.0,3,populacao,62.463087837400636
5221452,GO,1.0,3,populacao,1.8393918053482237
5221502,GO,2.0,3,populacao,2.481710926398135
5221551,GO,1.0,3,populacao,2.6012121582213745
5221577,GO,0.0,3,populacao,1.5251859802957406
5221601,GO,17.0,3,populacao,20.64589816353052
5221700,GO,3.0,3,populacao,7.311724076426221
5221809,GO,3.0,3,populacao,1.6245986429762804
5221858,GO,37.0,3,populacao,82.15709687847708
5221908,GO,0.0,3,populacao,1.9861928875448753
5222005,GO,3.0,3,populacao,7.043876487856891
5222054,GO,2.0,3,populacao,4.325223463878195
5222203,GO,0.0,3,populacao,2.9519894809439005
5222302,GO,0.0,3,populacao,2.930870728768242
1600055,AP,0.0,3,historico,1.1188669756825371
1600105,AP,0.0,3,historico,1.011139680365652
1600154,AP,0.0,3,historico,1.5056438252997872
1600204,AP,0.0,3,historico,1.5236760504668112
1600212,AP,0.0,3,historico,0.3778050145047287
1600238,AP,0.0,3,historico,1.1417380956726428
1600253,AP,0.0,3,historico,0.19322814297709934
1600279,AP,2.0,3,historico,6.620184676071143
1600303,AP,53.0,3,historico,106.19717513077488
1600402,AP,0.0,3,historico,1.6346819939673851
1600501,AP,1.0,3,historico,5.572579409150094
1600535,AP,1.0,3,historico,2.6037656124295134
1600550,AP,0.0,3,historico,0.2543300153200487
1600600,AP,9.0,3,historico,19.284992975378312
1600709,AP,0.0,3,historico,0.668891104366638
1600808,AP,0.0,3,historico,1.4024546148992365
1700251,TO,0.0,3,historico,0.4561568799955941
1700301,TO,0.0,3,historico,1.1933112026359
1700350,TO,2.0,3,historico,1.0042401208973937
1700400,TO,1.0,3,historico,0.9332984244298622
1700707,TO,6.0,3,historico,3.03157300049967
1701002,TO,1.0,3,historico,2.1121177959514865
1701051,TO,0.0,3,historico,0.4053830929327041
1701101,TO,1.0,3,historico,0.5701350183252952
1701309,TO,0.0,3,historico,0.7996932559338203
1701903,TO,0.0,3,historico,0.5594662013865711
1702000,TO,1.0,3,historico,2.207565471725238
1702109,TO,38.0,3,historico,95.77428747149573
1702158,TO,0.0,3,historico,1.0455717400818088
1702208,TO,5.0,3,historico,4.636246639421879
1702307,TO,1.0,3,historico,1.6925399475762393
1702406,TO,2.0,3,historico,1.6062288851370392
1702554,TO,1.0,3,historico,3.867339841694641
1702703,TO,0.0,3,historico,0.8188457561448506
1702901,TO,0.0,3,historico,1.250624368337083
1703008,TO,0.0,3,historico,1.2453403299343533
1703057,TO,2.0,3,historico,0.3246548752006894
1703073,TO,0.0,3,historico,0.45358136451057357
1703107,TO,2.0,3,historico,0.661878491190767
1703206,TO,0.0,3,historico,0.6600779735179676
1703305,TO,0.0,3,historico,0.8760568469726554
1703602,TO,0.0,3,historico,0.42103441784518886
1703701,TO,0.0,3,historico,1.09053009513697
1703800,TO,1.0,3,historico,1.0881433414404784
1703826,TO,0.0,3,historico,0.27212353012662854
1703842,TO,0.0,3,historico,0.5191245220730071
1703867,TO,2.0,3,historico,0.9678692736139944
1703883,TO,1.0,3,historico,0.45205121265372433
1703891,TO,0.0,3,historico,0.3002192805944033
1703909,TO,0.0,3,historico,0.6867281168504722
1704105,TO,1.0,3,historico,0.17008761649798076
1704600,TO,0.0,3,historico,0.24290858442691404
1705102,TO,0.0,3,historico,0.23343168594591115
1705508,TO,3.0,3,historico,11.127354856508255
1705557,TO,1.0,3,historico,1.1552597066597423
1705607,TO,3.0,3,historico,0.3913135561084775
1706001,TO,2.0,3,historico,0.44341838701498854
1706100,TO,3.0,3,historico,1.7587535692044662
1706258,TO,0.0,3,historico,0.23495426905683942
1706506,TO,0.0,3,historico,0.6702517995530204
1707009,TO,7.0,3,historico,5.914537468765754
1707108,TO,1.0,3,historico,1.1404627010005803
1707207,TO,0.0,3,historico,0.3935203937611182
1707306,TO,1.0,3,historico,0.9044986883795563
1707405,TO,1.0,3,historico,0.5226277693155307
1707553,TO,1.0,3,historico,0.8092903854591333
1707652,TO,0.0,3,historico,1.4612817537613814
1707702,TO,0.0,3,historico,0.8964083787270984
1708205,TO,4.0,3,historico,4.431024567582646
1708254,TO,0.0,3,historico,0.5168828928276628
1708304,TO,2.0,3,historico,0.5209916993226676
1709005,TO,0.0,3,historico,0.44710831518496025
1709302,TO,4.0,3,historico,7.552647739385205
1709500,TO,24.0,3,historico,48.65610207914481
1709807,TO,0.0,3,historico,0.2496968876766267
1710508,TO,0.0,3,historico,0.5090427880377625
1710706,TO,0.0,3,historico,0.5016844859672648
1710904,TO,0.0,3,historico,0.5916130005783962
1711100,TO,0.0,3,historico,0.48743491827957997
1711506,TO,0.0,3,historico,0.5400808632829784
1711803,TO,0.0,3,historico,0.18697615177887592
1711902,TO,5.0,3,historico,2.621031995175688
1711951,TO,0.0,3,historico,0.19125909442684103
1712009,TO,1.0,3,historico,0.6199783076879872
1712157,TO,0.0,3,historico,0.24226707983690798
1712405,TO,0.0,3,historico,0.2962943859893757
1712454,TO,0.0,3,historico,0.35930249725262237
1712504,TO,0.0,3,historico,0.847003861996435
1712702,TO,0.0,3,historico,0.2710736237299215
1712801,TO,0.0,3,historico,0.2671168635783341
1713205,TO,0.0,3,historico,4.789438080994859
1713304,TO,2.0,3,historico,3.1204095326029413
1713601,TO,0.0,3,historico,0.7300793228725299
1713700,TO,0.0,3,historico,0.24513395692098316
1713809,TO,0.0,3,historico,0.7705029355442389
1713957,TO,0.0,3,historico,0.2998405101882078
1714203,TO,1.0,3,historico,2.0283207884360777
1714302,TO,0.0,3,historico,0.46460687918292976
1714880,TO,1.0,3,historico,1.9114899558511
1715002,TO,0.0,3,historico,0.5130984638232022
1715101,TO,0.0,3,historico,0.7368483220095275
1715150,TO,1.0,3,historico,0.5327308692344815
1715259,TO,1.0,3,historico,0.3250874912966486
1715507,TO,0.0,3,historico,0.18730153049468556
1715705,TO,0.0,3,historico,0.3577490009121761
1715754,TO,0.0,3,historico,1.79533152991444
1716109,TO,10.0,3,historico,25.082571927667832
1716208,TO,2.0,3,historico,0.4649198690553187
1716307,TO,0.0,3,historico,0.8173124679217054
1716505,TO,3.0,3,historico,6.429526302326257
1716604,TO,1.0,3,historico,1.8849451569629474
1716653,TO,1.0,3,historico,0.614354603342507
1716703,TO,2.0,3,historico,2.1547983448913883
1717008,TO,2.0,3,historico,0.44685168218600313
1717206,TO,0.0,3,historico,0.3381322877286326
1717503,TO,1.0,3,historico,1.4714766911263852
1717800,TO,0.0,3,historico,0.3246474713134714
1717909,TO,0.0,3,historico,0.8109620939267195
1718006,TO,0.0,3,historico,0.3755002452002664
1718204,TO,8.0,3,historico,26.778105316654653
1718303,TO,1.0,3,historico,0.5024024131254544
1718402,TO,0.0,3,historico,0.8205408057268806
1718451,TO,1.0,3,historico,0.565246650860436
1718501,TO,0.0,3,historico,0.06430032918216304
1718550,TO,0.0,3,historico,0.1902557672484973
1718659,TO,0.0,3,historico,0.1820979755285432
1718709,TO,0.0,3,historico,0.318413020836347
1718758,TO,0.0,3,historico,0.4394995705806761
1718808,TO,0.0,3,historico,0.4533153065409602
1718840,TO,1.0,3,historico,0.6346793008270335
1718865,TO,0.0,3,historico,0.8728354513766747
1718881,TO,0.0,3,historico,0.42541262642450506
1718899,TO,0.0,3,historico,0.39608671457361505
1718907,TO,0.0,3,historico,0.4186216928765887
1719004,TO,0.0,3,historico,0.5775661647637187
1720002,TO,0.0,3,historico,0.25547276841874844
1720101,TO,0.0,3,historico,0.5492377679784622
1720150,TO,0.0,3,historico,0.062381282907427275
1720200,TO,0.0,3,historico,1.1977513321012854
1720259,TO,4.0,3,historico,0.22753430048428835
1720309,TO,0.0,3,historico,0.18215378586527933
1720499,TO,0.0,3,historico,0.47252334645912614
1720655,TO,1.0,3,historico,1.0753455886258418
1720804,TO,2.0,3,historico,0.7700077986146234
1720853,TO,0.0,3,historico,0.3689673233521338
1720903,TO,3.0,3,historico,1.5979620121918272
1720937,TO,0.0,3,historico,0.2071513754994473
1720978,TO,0.0,3,historico,0.5667834398356266
1721000,TO,88.0,3,historico,179.07470846905184
1721109,TO,0.0,3,historico,0.39203479919477074
1721208,TO,7.0,3,historico,5.799002981791402
1721257,TO,0.0,3,historico,0.3949566934217915
1721307,TO,0.0,3,historico,0.258719368975659
1722081,TO,0.0,3,historico,2.0440122202892668
1722107,TO,3.0,3,historico,2.1824301281586465
2100055,MA,7.0,3,historico,15.219959560042298
2100105,MA,0.0,3,historico,0.12138089332238487
2100154,MA,0.0,3,historico,0.4344039907445849
2100204,MA,1.0,3,historico,0.8104613657872373
2100303,MA,0.0,3,historico,0.9193272259640868
2100402,MA,0.0,3,historico,0.20283092662881747
2100436,MA,1.0,3,historico,1.2161105451425527
2100477,MA,1.0,3,historico,0.6556139488266483
2100501,MA,5.0,3,historico,1.3006404305876205
2100550,MA,1.0,3,historico,0.2611245718277781
2100600,MA,0.0,3,historico,1.3704081206234586
2100709,MA,0.0,3,historico,0.912105005341932
2100808,MA,0.0,3,historico,0.7755766642906373
2100832,MA,0.0,3,historico,1.0771786644302963
2100873,MA,1.0,3,historico,0.4231061692145255
2100907,MA,0.0,3,historico,1.2764799579636286
2100956,MA,1.0,3,historico,0.822022713229729
2101004,MA,2.0,3,historico,2.975905013817402
2101103,MA,0.0,3,historico,0.9727927317617
2101202,MA,11.0,3,historico,12.116137777664896
2101251,MA,0.0,3,historico,1.495776645381875
2101301,MA,3.0,3,historico,0.7512628679945957
2101350,MA,0.0,3,historico,0.1182511588904686
2101400,MA,17.0,3,historico,13.979314331695301
2101509,MA,0.0,3,historico,1.8160812688684378
2101608,MA,7.0,3,historico,5.1837833869426975
2101707,MA,3.0,3,historico,1.580438339937834
2101731,MA,0.0,3,historico,0.10887518200309146
2101772,MA,1.0,3,historico,0.5331823519287959
2101806,MA,1.0,3,historico,0.198463109901756
2101905,MA,1.0,3,historico,1.268093616881205
2101939,MA,0.0,3,historico,0.5093285067266329
2101970,MA,2.0,3,historico,0.38176378302182085
2102002,MA,1.0,3,historico,1.2237212425311739
2102036,MA,2.0,3,historico,0.8359568112726231
2102077,MA,0.0,3,historico,0.48328262060341814
2102101,MA,1.0,3,historico,0.7721778596567354
2102150,MA,0.0,3,historico,0.3802882699908244
2102200,MA,1.0,3,historico,0.4083656049423979
2102309,MA,0.0,3,historico,1.4647169261443875
2102325,MA,4.0,3,historico,1.9663161235192044
2102358,MA,0.0,3,historico,1.0572926522246482
2102374,MA,1.0,3,historico,0.1922749615268833
2102408,MA,1.0,3,historico,0.3013203371529905
2102507,MA,1.0,3,historico,0.31847112091432683
2102556,MA,2.0,3,historico,2.8652165226347965
2102606,MA,1.0,3,historico,0.7842993247319646
2102705,MA,1.0,3,historico,0.7270951657526028
2102754,MA,2.0,3,historico,0.4088816843736432
2102804,MA,2.0,3,historico,2.4543400518259193
2102903,MA,2.0,3,historico,1.3020885617759594
2103000,MA,16.0,3,historico,15.583573061944465
2103109,MA,3.0,3,historico,0.7001952511192725
2103125,MA,0.0,3,historico,0.3930833450319602
2103158,MA,0.0,3,historico,0.5931184651682883
2103174,MA,1.0,3,historico,0.9427382939354795
2103208,MA,3.0,3,historico,5.169227281762257
2103257,MA,1.0,3,historico,1.4352895159275922
2103307,MA,7.0,3,historico,7.549791617119561
2103406,MA,3.0,3,historico,2.668010418261474
2103505,MA,3.0,3,historico,2.5116638220761356
2103554,MA,0.0,3,historico,0.8096123046124588
2103604,MA,9.0,3,historico,3.3355269370790275
2103703,MA,3.0,3,historico,2.7568390831434466
2103752,MA,0.0,3,historico,1.2971406240298928
2103802,MA,3.0,3,historico,2.582102971041896
2103901,MA,0.0,3,historico,0.21354949969768708
2104008,MA,3.0,3,historico,0.9461741878495399
2104057,MA,3.0,3,historico,8.58919945231314
2104073,MA,0.0,3,historico,0.23477957796070859
2104081,MA,0.0,3,historico,0.2218507954392562
2104099,MA,1.0,3,historico,0.3144637767576637
2104107,MA,0.0,3,historico,1.2769975708922474
2104206,MA,3.0,3,historico,1.085165811433987
2104305,MA,0.0,3,historico,0.944250837099619
2104404,MA,1.0,3,historico,0.7000188140201069
2104503,MA,0.0,3,historico,0.7433354377228495
2104552,MA,0.0,3,historico,1.9470634923291688
2104602,MA,1.0,3,historico,0.9073043765127992
2104628,MA,0.0,3,historico,0.2809833186921346
2104651,MA,0.0,3,historico,0.4052311593907667
2104677,MA,0.0,3,historico,1.2024089112951053
2104701,MA,0.0,3,historico,0.3483086349420937
2104800,MA,5.0,3,historico,4.75409147096962
2104909,MA,1.0,3,historico,0.9265049481738012
2105005,MA,1.0,3,historico,0.38363991771525985
2105104,MA,1.0,3,historico,0.4875572592747303
2105153,MA,0.0,3,historico,0.9065304728988536
2105203,MA,0.0,3,historico,1.177883517262065
2105302,MA,40.0,3,historico,96.95098865942876
2105351,MA,0.0,3,historico,0.40202290674151286
2105401,MA,4.0,3,historico,4.535514835964914
2105427,MA,0.0,3,historico,3.011110808417576
2105450,MA,1.0,3,historico,0.3994003622772082
2105476,MA,0.0,3,historico,0.3020666114417699
2105500,MA,5.0,3,historico,2.61100662636794
2105609,MA,1.0,3,historico,0.7115394288259439
2105658,MA,0.0,3,historico,0.2655824663485015
2105708,MA,5.0,3,historico,3.9913468930800478
2105807,MA,0.0,3,historico,0.40601586398729234
2105906,MA,1.0,3,historico,0.7905700116285692
2105922,MA,0.0,3,historico,0.6371928629710217
2105948,MA,0.0,3,historico,0.8533947917226163
2105963,MA,0.0,3,historico,0.29468621072527207
2105989,MA,0.0,3,historico,0.39036347327738635
2106003,MA,0.0,3,historico,0.7549022022735762
2106102,MA,1.0,3,historico,0.5658712537246051
2106201,MA,0.0,3,historico,0.30713872685361904
2106300,MA,1.0,3,historico,0.7610209983759688
2106326,MA,4.0,3,historico,1.8282067263523494
2106359,MA,0.0,3,historico,0.11684503006721535
2106375,MA,1.0,3,historico,0.8073927494735204
2106409,MA,2.0,3,historico,0.44890979862570396
2106508,MA,0.0,3,historico,1.5692065701761357
2106607,MA,1.0,3,historico,1.2417502463367878
2106631,MA,2.0,3,historico,0.4249366057843361
2106672,MA,0.0,3,historico,0.1859937924043841
2106706,MA,0.0,3,historico,0.33289297658840483
2106755,MA,1.0,3,historico,2.5263990769732234
2106805,MA,3.0,3,historico,1.5473758079988982
2106904,MA,1.0,3,historico,1.2595780148538323
2107001,MA,0.0,3,historico,0.4216300201869304
2107100,MA,0.0,3,historico,0.4276882303232701
2107209,MA,0.0,3,historico,0.34704933083911255
2107258,MA,0.0,3,historico,0.2572477100936358
2107308,MA,0.0,3,historico,0.398450295240154
2107357,MA,4.0,3,historico,1.386630569048313
2107407,MA,2.0,3,historico,1.5512777091843217
2107456,MA,0.0,3,historico,0.6188665334857829
2107506,MA,20.0,3,historico,27.51679502364014
2107605,MA,0.0,3,historico,0.45809443582383974
2107704,MA,3.0,3,historico,1.6943710071169047
2107803,MA,1.0,3,historico,1.1751750067678186
2107902,MA,1.0,3,historico,0.9586653422036231
2108009,MA,2.0,3,historico,1.455508314107854
2108058,MA,0.0,3,historico,0.32043019131173245
2108108,MA,0.0,3,historico,1.0855694842027437
2108207,MA,3.0,3,historico,7.298472300551788
2108256,MA,0.0,3,historico,0.5644022786462833
2108306,MA,0.0,3,historico,1.6788606085966984
2108405,MA,1.0,3,historico,0.8649501934535677
2108454,MA,0.0,3,historico,0.7273844707945365
2108504,MA,3.0,3,historico,3.590024530884069
2108603,MA,4.0,3,historico,7.494618348867674
2108702,MA,1.0,3,historico,1.2055596688306358
2108801,MA,0.0,3,historico,0.768399184225937
2108900,MA,1.0,3,historico,1.0525280953728062
2109007,MA,2.0,3,historico,5.640486798600539
2109056,MA,0.0,3,historico,0.44927837069639265
2109106,MA,11.0,3,historico,6.400887388106575
2109205,MA,0.0,3,historico,0.27557738323474507
2109239,MA,1.0,3,historico,0.41802787129570507
2109270,MA,0.0,3,historico,0.5307013710372653
2109304,MA,0.0,3,historico,0.27759250693929
2109403,MA,0.0,3,historico,0.2897436868221563
2109452,MA,0.0,3,historico,3.401310356056391
2109502,MA,0.0,3,historico,0.9250377278447596
2109551,MA,0.0,3,historico,0.7047057198540689
2109601,MA,1.0,3,historico,4.392765236537645
2109700,MA,1.0,3,historico,0.2657489279214879
2109759,MA,0.0,3,historico,0.1488787557569381
2109809,MA,3.0,3,historico,1.9072088386562822
2109908,MA,11.0,3,historico,12.170396491688601
2110005,MA,2.0,3,historico,2.2015789455449792
2110039,MA,1.0,3,historico,2.478113913029505
2110104,MA,1.0,3,historico,0.7152624638962642
2110203,MA,1.0,3,historico,3.2879300845817028
2110237,MA,0.0,3,historico,0.33664690291466653
2110278,MA,0.0,3,historico,0.27716551286246904
2110302,MA,0.0,3,historico,0.8326317262837218
2110401,MA,1.0,3,historico,0.3212938011653058
2110500,MA,2.0,3,historico,3.0764106389532646
2110609,MA,3.0,3,historico,0.8053151324916547
2110658,MA,0.0,3,historico,0.3692266149924167
2110708,MA,2.0,3,historico,1.581450421202978
2110807,MA,0.0,3,historico,0.18318718491006644
2110856,MA,1.0,3,historico,1.0348657645221224
2110906,MA,0.0,3,historico,0.5148274616060038
2111003,MA,1.0,3,historico,0.995591356969083
2111029,MA,0.0,3,historico,0.42636253028726967
2111052,MA,1.0,3,historico,1.0478564084002993
2111078,MA,0.0,3,historico,0.5062537616906124
2111102,MA,7.0,3,historico,3.6897280449291943
2111201,MA,0.0,3,historico,38.737615269040504
2111250,MA,0.0,3,historico,0.2911744973631787
2111300,MA,334.0,3,historico,438.53793297639777
2111409,MA,0.0,3,historico,0.7844645710369595
2111508,MA,3.0,3,historico,4.544476594717374
2111532,MA,0.0,3,historico,1.2731286279257337
2111573,MA,0.0,3,historico,0.514312959460697
2111607,MA,0.0,3,historico,1.5048008933707921
2111631,MA,0.0,3,historico,0.12646143474541702
2111672,MA,0.0,3,historico,0.14976007497946084
2111706,MA,1.0,3,historico,0.8820323771260546
2111722,MA,2.0,3,historico,0.31491389539348025
2111748,MA,0.0,3,historico,0.6470317570956876
2111763,MA,1.0,3,historico,1.4121337998341783
2111789,MA,0.0,3,historico,0.22507714793554792
2111805,MA,1.0,3,historico,0.6045387853791909
2111904,MA,2.0,3,historico,0.44351344040638596
2111953,MA,0.0,3,historico,0.3305251182884828
2112001,MA,0.0,3,historico,0.5401729028321254
2112100,MA,0.0,3,historico,0.6917343580455676
2112209,MA,11.0,3,historico,19.3645681006107
2112233,MA,0.0,3,historico,2.300449989107681
2112274,MA,0.0,3,historico,0.26497814535234654
2112308,MA,0.0,3,historico,1.5932305208258548
2112407,MA,0.0,3,historico,0.9214288038237172
2112456,MA,0.0,3,historico,1.2178862182212251
2112506,MA,2.0,3,historico,2.834349542194389
2112605,MA,5.0,3,historico,1.3635222318165368
2112704,MA,1.0,3,historico,0.976954467216567
2112803,MA,5.0,3,historico,4.776338978891629
2112852,MA,0.0,3,historico,1.1332217750976268
2112902,MA,1.0,3,historico,2.1968150058401394
2113009,MA,3.0,3,historico,1.8987749058954544
2114007,MA,5.0,3,historico,4.2709735994230345
2800100,SE,0.0,3,historico,0.2544661501115497
2800209,SE,1.0,3,historico,1.7323250460620787
2800308,SE,203.0,3,historico,251.51379867264856
2800407,SE,0.0,3,historico,0.8903545761942987
2800506,SE,0.0,3,historico,2.0069616445225886
2800605,SE,3.0,3,historico,5.207946000566125
2800670,SE,0.0,3,historico,2.52505478776316
2800704,SE,1.0,3,historico,0.3635709473150786
2801009,SE,1.0,3,historico,3.211289778828623
2801108,SE,0.0,3,historico,0.3659057652464236
2801207,SE,2.0,3,historico,2.0548363631619417
2801306,SE,3.0,3,historico,3.4746080978570664
2801405,SE,0.0,3,historico,1.9906859702519344
2801504,SE,2.0,3,historico,2.3340184708352645
2801603,SE,3.0,3,historico,1.0538214456818396
2801702,SE,1.0,3,historico,1.0709530156573244
2801900,SE,0.0,3,historico,0.4766363608714053
2802007,SE,0.0,3,historico,0.5916027315301075
2802106,SE,9.0,3,historico,7.11448310886734
2802205,SE,0.0,3,historico,0.4647602058533441
2802304,SE,0.0,3,historico,2.4447166083366656
2802403,SE,0.0,3,historico,0.3906742804353728
2802502,SE,1.0,3,historico,0.5455953932732747
2802601,SE,1.0,3,historico,0.3749366383174636
2802700,SE,0.0,3,historico,0.3236454617413685
2802809,SE,1.0,3,historico,1.1183819024737554
2802908,SE,15.0,3,historico,10.455590815600809
2803005,SE,2.0,3,historico,3.2033363673899866
2803104,SE,1.0,3,historico,0.592154411877128
2803203,SE,1.0,3,historico,2.2103742306614302
2803302,SE,1.0,3,historico,1.929293509186036
2803401,SE,1.0,3,historico,1.0796567222087183
2803500,SE,11.0,3,historico,10.160847896053593
2803609,SE,0.0,3,historico,2.8760988027323537
2803708,SE,1.0,3,historico,0.6770927915574713
2803807,SE,0.0,3,historico,0.4077568392537412
2803906,SE,1.0,3,historico,1.2198314607644383
2804003,SE,0.0,3,historico,1.7839564099137228
2804102,SE,0.0,3,historico,1.2676179048704994
2804201,SE,1.0,3,historico,0.7066289285105288
2804300,SE,0.0,3,historico,0.8958142635196162
2804409,SE,1.0,3,historico,1.4859081862232923
2804458,SE,0.0,3,historico,0.5956176247002154
2804508,SE,1.0,3,historico,2.33784530167477
2804607,SE,1.0,3,historico,2.687396303824432
2804706,SE,1.0,3,historico,0.6538483953529945
2804805,SE,20.0,3,historico,21.944257702022057
2804904,SE,0.0,3,historico,0.5112949687688453
2805000,SE,0.0,3,historico,0.3123071762248867
2805109,SE,0.0,3,historico,0.9176463197592287
2805208,SE,1.0,3,historico,0.6414769279553152
2805307,SE,1.0,3,historico,0.8532931018251827
2805406,SE,1.0,3,historico,0.9439066132272416
2805505,SE,4.0,3,historico,2.312824252288834
2805604,SE,0.0,3,historico,1.1538220471104483
2805703,SE,3.0,3,historico,4.969947433067426
2805802,SE,0.0,3,historico,1.0967573475979795
2805901,SE,1.0,3,historico,1.077772848464532
2806008,SE,1.0,3,historico,2.957604234333557
2806107,SE,0.0,3,historico,1.5161010735571414
2806206,SE,0.0,3,historico,2.1903989983549472
2806305,SE,0.0,3,historico,0.6228634987329298
2806404,SE,0.0,3,historico,0.5999810960743118
2806503,SE,0.0,3,historico,0.2725703871179095
2806602,SE,1.0,3,historico,2.0318561523938516
2806701,SE,10.0,3,historico,12.133820330190165
2806800,SE,0.0,3,historico,1.0783133489026406
2806909,SE,2.0,3,historico,0.40499697166994686
2807006,SE,1.0,3,historico,0.5521331397671277
2807105,SE,7.0,3,historico,3.265472730307824
2807204,SE,0.0,3,historico,0.9339199580360006
2807303,SE,1.0,3,historico,0.39060944480633725
2807402,SE,2.0,3,historico,4.670619493724507
2807501,SE,2.0,3,historico,0.7699105603178787
2807600,SE,3.0,3,historico,2.171808578415827
2900108,BA,2.0,3,historico,0.9502629325758225
2900207,BA,0.0,3,historico,1.0588515149652236
2900306,BA,1.0,3,historico,1.0832135292854321
2900355,BA,1.0,3,historico,0.9279895977549864
2900405,BA,0.0,3,historico,1.0056326156328055
2900504,BA,1.0,3,historico,0.9632242698786134
2900603,BA,0.0,3,historico,0.5320670561366087
2900702,BA,40.0,3,historico,34.803986166735896
2900801,BA,4.0,3,historico,4.078942501005829
2900900,BA,0.0,3,historico,0.6396783007360849
2901007,BA,1.0,3,historico,4.913172165938838
2901106,BA,3.0,3,historico,4.971793475479154
2901155,BA,1.0,3,historico,0.8287048396465964
2901205,BA,1.0,3,historico,1.7114233820276283
2901304,BA,1.0,3,historico,0.49401939155437674
2901353,BA,5.0,3,historico,1.1919945396976568
2901403,BA,1.0,3,historico,1.486948887403551
2901502,BA,1.0,3,historico,1.1579034807282451
2901601,BA,0.0,3,historico,1.8230791812567049
2901700,BA,2.0,3,historico,0.8313071127325751
2901809,BA,1.0,3,historico,1.3003021023439993
2901908,BA,0.0,3,historico,0.777470293202052
2901957,BA,0.0,3,historico,0.6544742352388236
2902005,BA,1.0,3,historico,1.3419972307298942
2902054,BA,0.0,3,historico,0.7557571934465336
2902104,BA,3.0,3,historico,1.98553818797005
2902203,BA,2.0,3,historico,1.1106227623564853
2902252,BA,1.0,3,historico,0.9824942080351308
2902302,BA,0.0,3,historico,0.823194977445952
2902401,BA,0.0,3,historico,1.107948292044115
2902500,BA,2.0,3,historico,0.7717114343838024
2902609,BA,1.0,3,historico,1.7789849629633343
2902658,BA,1.0,3,historico,0.8997880345009958
2902708,BA,2.0,3,historico,1.5444130742811444
2902807,BA,7.0,3,historico,1.931460744393903
2902906,BA,0.0,3,historico,3.0163056371663273
2903003,BA,3.0,3,historico,1.4524022420390346
2903102,BA,0.0,3,historico,0.5664959717454666
2903201,BA,49.0,3,historico,62.34076118609614
2903235,BA,2.0,3,historico,1.4937733034428788
2903276,BA,1.0,3,historico,1.6756939565340665
2903300,BA,1.0,3,historico,0.6817290666687663
2903409,BA,1.0,3,historico,2.477822090314326
2903508,BA,3.0,3,historico,1.5784981656860457
2903607,BA,1.0,3,historico,0.8566984267570785
2903706,BA,0.0,3,historico,0.8427431504825097
2903805,BA,0.0,3,historico,0.85255192248225
2903904,BA,9.0,3,historico,5.363260347586975
2903953,BA,2.0,3,historico,0.5954671126602837
2904001,BA,3.0,3,historico,1.5019885339448347
2904050,BA,2.0,3,historico,1.4904569254691606
2904100,BA,1.0,3,historico,2.180173466845081
2904209,BA,1.0,3,historico,0.7069982765125241
2904308,BA,1.0,3,historico,1.3853648493781225
2904407,BA,4.0,3,historico,0.6821503288147582
2904506,BA,1.0,3,historico,0.723677178670485
2904605,BA,21.0,3,historico,8.703105372417307
2904704,BA,3.0,3,historico,2.9645859449665077
2904753,BA,2.0,3,historico,0.9418110468105115
2904803,BA,0.0,3,historico,0.8629099771742706
2904852,BA,1.0,3,historico,1.0789398479197252
2904902,BA,4.0,3,historico,4.25340269019795
2905008,BA,3.0,3,historico,4.482689889761626
2905107,BA,1.0,3,historico,0.515553281496283
2905156,BA,0.0,3,historico,0.974419050292346
2905206,BA,10.0,3,historico,4.457171844386812
2905305,BA,0.0,3,historico,1.3512146575891695
2905404,BA,1.0,3,historico,1.8412939494022347
2905503,BA,2.0,3,historico,0.7038493787448146
2905602,BA,6.0,3,historico,2.941014467306259
2905701,BA,66.0,3,historico,71.60882437570542
2905800,BA,8.0,3,historico,2.6414181985894327
2905909,BA,1.0,3,historico,0.7258681330732745
2906006,BA,10.0,3,historico,3.6202915426965148
2906105,BA,1.0,3,historico,0.5642956593353557
2906204,BA,2.0,3,historico,2.428249485742904
2906303,BA,6.0,3,historico,3.4750149808601813
2906402,BA,1.0,3,historico,0.7311425787860145
2906501,BA,9.0,3,historico,17.89831267927051
2906600,BA,0.0,3,historico,1.502260437072744
2906709,BA,3.0,3,historico,2.4610334958921483
2906808,BA,7.0,3,historico,1.2171035558429062
2906824,BA,1.0,3,historico,1.410231437933224
2906857,BA,1.0,3,historico,1.3213513529023837
2906873,BA,5.0,3,historico,4.765960093688496
2906899,BA,1.0,3,historico,1.1491353312530959
2906907,BA,3.0,3,historico,2.4426043915870794
2907004,BA,0.0,3,historico,0.5053416898123806
2907103,BA,2.0,3,historico,1.4489212524571544
2907202,BA,6.0,3,historico,5.943046625142822
2907301,BA,2.0,3,historico,2.2849487648643185
2907400,BA,2.0,3,historico,0.3200582138206637
2907509,BA,10.0,3,historico,13.30226695885846
2907558,BA,1.0,3,historico,0.5988617068954006
2907608,BA,1.0,3,historico,1.3554010581905322
2907707,BA,1.0,3,historico,0.843566200751433
2907806,BA,9.0,3,historico,2.593303641251591
2907905,BA,1.0,3,historico,1.5855218510691842
2908002,BA,4.0,3,historico,3.0654430741491288
2908101,BA,1.0,3,historico,1.186697389646744
2908200,BA,2.0,3,historico,3.2013370761590405
2908309,BA,9.0,3,historico,1.523478938972138
2908408,BA,9.0,3,historico,6.384073742286382
2908507,BA,3.0,3,historico,6.714359775072209
2908606,BA,2.0,3,historico,1.0749939973835485
2908705,BA,1.0,3,historico,1.546579182844296
2908804,BA,0.0,3,historico,0.4820284034338742
2908903,BA,1.0,3,historico,1.9486636913489637
2909000,BA,1.0,3,historico,0.7226014812948812
2909109,BA,8.0,3,historico,0.990388448116962
2909208,BA,3.0,3,historico,1.372153449799739
2909307,BA,2.0,3,historico,1.7966874238457644
2909406,BA,1.0,3,historico,0.9754281617325654
2909505,BA,1.0,3,historico,0.4790131241615281
2909604,BA,3.0,3,historico,1.000752339353508
2909703,BA,2.0,3,historico,1.3118947912928092
2909802,BA,18.0,3,historico,15.97915615661911
2909901,BA,3.0,3,historico,2.1362616322910966
2910008,BA,2.0,3,historico,0.6018757496691711
2910057,BA,24.0,3,historico,13.411223582465402
2910107,BA,3.0,3,historico,1.0351327741585494
2910206,BA,1.0,3,historico,0.4945277472991213
2910305,BA,2.0,3,historico,0.9397536333132908
2910404,BA,0.0,3,historico,1.1327385460681276
2910503,BA,6.0,3,historico,2.8376482300413612
2910602,BA,5.0,3,historico,2.0955770998347485
2910701,BA,5.0,3,historico,4.82331273357768
2910727,BA,35.0,3,historico,29.206655996948214
2910750,BA,2.0,3,historico,1.5329542434206782
2910776,BA,0.0,3,historico,0.35459974921411036
2910800,BA,181.0,3,historico,141.88015511526706
2910859,BA,1.0,3,historico,1.1013667629922324
2910909,BA,0.0,3,historico,0.6198051838429492
2911006,BA,0.0,3,historico,0.953094675083388
2911105,BA,3.0,3,historico,1.844821936624592
2911204,BA,4.0,3,historico,4.935104569254872
2911253,BA,0.0,3,historico,0.5780571553308311
2911303,BA,1.0,3,historico,0.6173244124668423
2911402,BA,0.0,3,historico,1.4437632093619002
2911501,BA,1.0,3,historico,0.5157715543720391
2911600,BA,1.0,3,historico,2.2930312190877
2911659,BA,0.0,3,historico,0.644527986367809
2911709,BA,36.0,3,historico,17.62460142487056
2911808,BA,2.0,3,historico,1.8158335922165518
2911857,BA,1.0,3,historico,1.0803568994874027
2911907,BA,3.0,3,historico,1.3196012634345409
2912004,BA,2.0,3,historico,1.925891381819457
2912103,BA,5.0,3,historico,4.1768091917567665
2912202,BA,3.0,3,historico,1.9086159302108499
2912301,BA,2.0,3,historico,1.907617719717456
2912400,BA,1.0,3,historico,1.7658355895024398
2912509,BA,2.0,3,historico,1.007204337161516
2912608,BA,0.0,3,historico,0.15323574149307984
2912707,BA,0.0,3,historico,2.03245081413014
2912806,BA,1.0,3,historico,1.7808955494974916
2912905,BA,2.0,3,historico,1.9342040259135749
2913002,BA,1.0,3,historico,1.1982912266476613
2913101,BA,1.0,3,historico,1.7618612900172694
2913200,BA,7.0,3,historico,3.0845644043954437
2913309,BA,2.0,3,historico,0.7076833019032575
2913408,BA,1.0,3,historico,1.7687836269942214
2913457,BA,1.0,3,historico,1.2242219375596208
2913507,BA,4.0,3,historico,1.9096875876530814
2913606,BA,69.0,3,historico,43.5474496665567
2913705,BA,7.0,3,historico,2.97829075367798
2913804,BA,1.0,3,historico,0.7402455398181853
2913903,BA,7.0,3,historico,11.57661914915719
2914000,BA,6.0,3,historico,5.475593664701817
2914109,BA,1.0,3,historico,0.9331981971197381
2914208,BA,0.0,3,historico,0.4744808762414623
2914307,BA,2.0,3,historico,0.6705035571282413
2914406,BA,5.0,3,historico,1.3089765067582169
2914505,BA,2.0,3,historico,3.2790084484408815
2914604,BA,13.0,3,historico,14.528743618433225
2914653,BA,4.0,3,historico,3.903833704131342
2914703,BA,9.0,3,historico,6.251754794839238
2914802,BA,60.0,3,historico,72.50009430008448
2914901,BA,8.0,3,historico,2.1897451989908494
2915007,BA,0.0,3,historico,0.9319853649048234
2915106,BA,2.0,3,historico,0.8737004703590691
2915205,BA,2.0,3,historico,1.5724655840453703
2915304,BA,1.0,3,historico,0.995272501450216
2915353,BA,1.0,3,historico,1.1110222475343996
2915403,BA,1.0,3,historico,0.7391847506802073
2915502,BA,3.0,3,historico,3.8722277588871794
2915601,BA,11.0,3,historico,7.866567387530692
2915700,BA,3.0,3,historico,0.8885150982106325
2915809,BA,3.0,3,historico,2.3334639504042767
2915908,BA,0.0,3,historico,0.37202918273180996
2916005,BA,4.0,3,historico,3.6777269416475367
2916104,BA,3.0,3,historico,4.308481235660655
2916203,BA,1.0,3,historico,1.0161084332988726
2916302,BA,0.0,3,historico,0.9068841053954566
2916401,BA,18.0,3,historico,19.094079978408804
2916500,BA,2.0,3,historico,1.3020448855749107
2916609,BA,3.0,3,historico,0.6569384509429244
2916708,BA,0.0,3,historico,0.423567879588717
2916807,BA,3.0,3,historico,3.5262261703734135
2916856,BA,3.0,3,historico,1.2398057858767781
2916906,BA,3.0,3,historico,1.4394857360271953
2917003,BA,4.0,3,historico,1.3769498049344722
2917102,BA,2.0,3,historico,2.2643909048388693
2917201,BA,3.0,3,historico,2.1265536394026996
2917300,BA,3.0,3,historico,2.9515791201812256
2917334,BA,0.0,3,historico,1.0385048169437006
2917359,BA,0.0,3,historico,0.4803327900048123
2917409,BA,4.0,3,historico,1.4905161892495855
2917508,BA,23.0,3,historico,9.145928306149623
2917607,BA,2.0,3,historico,4.263493253283142
2917706,BA,8.0,3,historico,4.625627366142078
2917805,BA,0.0,3,historico,1.4217129340734496
2917904,BA,1.0,3,historico,0.455009494974558
2918001,BA,34.0,3,historico,22.92323047509138
2918100,BA,6.0,3,historico,3.2260049601329057
2918209,BA,1.0,3,historico,1.287749481971599
2918308,BA,0.0,3,historico,1.0968984173107896
2918357,BA,1.0,3,historico,2.3734903595256913
2918407,BA,43.0,3,historico,31.34309751232572
2918456,BA,2.0,3,historico,0.37848271268029987
2918506,BA,0.0,3,historico,1.0487704290369466
2918555,BA,0.0,3,historico,0.6045701308739858
2918605,BA,1.0,3,historico,0.8550351567094826
2918704,BA,0.0,3,historico,0.4752677752162287
2918753,BA,1.0,3,historico,0.9671596803062932
2918803,BA,0.0,3,historico,2.115626774037961
2918902,BA,0.0,3,historico,0.6251782313800919
2919009,BA,0.0,3,historico,0.17871357041494018
2919058,BA,0.0,3,historico,0.7408965377179675
2919108,BA,1.0,3,historico,0.39494796331142035
2919157,BA,0.0,3,historico,2.576812848208841
2919207,BA,72.0,3,historico,42.448407090112845
2919306,BA,1.0,3,historico,1.4707215223966694
2919405,BA,0.0,3,historico,1.5103671534970222
2919504,BA,5.0,3,historico,4.019910083672645
2919553,BA,36.0,3,historico,20.133695531477272
2919603,BA,0.0,3,historico,0.511166026233219
2919702,BA,0.0,3,historico,3.621224297525144
2919801,BA,8.0,3,historico,4.398810204680895
2919900,BA,0.0,3,historico,0.6802886956720492
2919926,BA,7.0,3,historico,7.208831798729689
2919959,BA,0.0,3,historico,0.6501389346036697
2920007,BA,1.0,3,historico,0.9941423932654736
2920106,BA,2.0,3,historico,1.8690690681544029
2920205,BA,0.0,3,historico,1.0217116639141393
2920304,BA,0.0,3,historico,0.7724058014824401
2920403,BA,0.0,3,historico,0.8781582322859308
2920452,BA,1.0,3,historico,0.8389559258551225
2920502,BA,6.0,3,historico,2.1274367990616865
2920601,BA,2.0,3,historico,4.41197945923875
2920700,BA,0.0,3,historico,2.3463809569971685
2920809,BA,0.0,3,historico,0.611395186842668
2920908,BA,2.0,3,historico,0.940972372115574
2921005,BA,11.0,3,historico,7.2855693979767695
2921054,BA,0.0,3,historico,0.766724030119095
2921104,BA,7.0,3,historico,3.662938656076224
2921203,BA,5.0,3,historico,2.0192152504538936
2921302,BA,2.0,3,historico,1.3454301397955206
2921401,BA,0.0,3,historico,0.9263282057205277
2921450,BA,0.0,3,historico,0.4794089639477928
2921500,BA,1.0,3,historico,1.7761124982286103
2921609,BA,2.0,3,historico,0.4412165412382469
2921708,BA,7.0,3,historico,2.8773536524470855
2921807,BA,0.0,3,historico,1.5878546287015411
2921906,BA,1.0,3,historico,0.8751592674077066
2922003,BA,7.0,3,historico,8.824633139445211
2922052,BA,0.0,3,historico,0.5767725504802348
2922102,BA,1.0,3,historico,1.6085222614219337
2922201,BA,0.0,3,historico,0.8527867151139873
2922250,BA,2.0,3,historico,0.28331044807039935
2922300,BA,1.0,3,historico,5.747984493712193
2922409,BA,4.0,3,historico,2.31857882735542
2922508,BA,3.0,3,historico,4.067303515751868
2922607,BA,0.0,3,historico,0.809125220740532
2922656,BA,0.0,3,historico,0.612552487199184
2922706,BA,0.0,3,historico,1.4674977045957274
2922730,BA,1.0,3,historico,0.900309568061584
2922755,BA,0.0,3,historico,0.8820180816692403
2922805,BA,0.0,3,historico,0.3102765121655844
2922854,BA,1.0,3,historico,0.5507811607541925
2922904,BA,3.0,3,historico,1.6150089141151354
2923001,BA,5.0,3,historico,5.853401796532304
2923035,BA,0.0,3,historico,0.9519823179380057
2923050,BA,0.0,3,historico,0.8018621868249753
2923100,BA,2.0,3,historico,0.9459912317239884
2923209,BA,2.0,3,historico,1.0958768580434948
2923308,BA,0.0,3,historico,0.9210288408355293
2923357,BA,0.0,3,historico,1.4114079926937002
2923407,BA,0.0,3,historico,1.9911855877678963
2923506,BA,2.0,3,historico,1.4006222596788585
2923605,BA,5.0,3,historico,3.471415628136379
2923704,BA,0.0,3,historico,1.7655127446667298
2923803,BA,2.0,3,historico,1.5728681329222967
2923902,BA,1.0,3,historico,0.7886263995581259
2924009,BA,39.0,3,historico,20.73953586452177
2924058,BA,0.0,3,historico,1.2307017591158353
2924108,BA,1.0,3,historico,0.4552276854706551
2924207,BA,0.0,3,historico,0.5210532039851223
2924306,BA,2.0,3,historico,1.0877096603313638
2924405,BA,4.0,3,historico,0.925381337304557
2924504,BA,2.0,3,historico,1.8242312934012663
2924603,BA,3.0,3,historico,1.2869771334984919
2924652,BA,2.0,3,historico,1.1894389841278195
2924678,BA,1.0,3,historico,0.8045199969116724
2924702,BA,2.0,3,historico,0.9306616830857377
2924801,BA,5.0,3,historico,2.1892150493494626
2924900,BA,0.0,3,historico,0.6278002006037616
2925006,BA,1.0,3,historico,2.2789711626379283
2925105,BA,2.0,3,historico,4.053621963061634
2925204,BA,13.0,3,historico,8.300633959759857
2925253,BA,1.0,3,historico,1.03787557809406
2925303,BA,53.0,3,historico,29.10362886851353
2925402,BA,9.0,3,historico,1.0856690137095928
2925501,BA,5.0,3,historico,3.7993609979941274
2925600,BA,3.0,3,historico,1.6011034954666687
2925709,BA,1.0,3,historico,0.762935755306169
2925758,BA,4.0,3,historico,2.219815780392767
2925808,BA,4.0,3,historico,2.4066809325568164
2925907,BA,2.0,3,historico,0.9407385823207699
2925931,BA,3.0,3,historico,0.7214860237076083
2925956,BA,0.0,3,historico,1.4346676404598546
2926004,BA,5.0,3,historico,3.0817340143006144
2926103,BA,1.0,3,historico,1.70099697092603
2926202,BA,2.0,3,historico,1.2212177711966943
2926301,BA,5.0,3,historico,3.690963199961302
2926400,BA,4.0,3,historico,3.427096199659559
2926509,BA,1.0,3,historico,0.7350058323892736
2926608,BA,8.0,3,historico,5.262798008700304
2926657,BA,0.0,3,historico,0.8582365950396109
2926707,BA,3.0,3,historico,1.4729890738769371
2926806,BA,3.0,3,historico,1.3713156050550814
2926905,BA,5.0,3,historico,1.2233576536219504
2927002,BA,3.0,3,historico,2.7294066255504803
2927101,BA,3.0,3,historico,1.006310400537583
2927200,BA,7.0,3,historico,2.953807254526972
2927309,BA,4.0,3,historico,1.6410810991313611
2927408,BA,1191.0,3,historico,839.1302360906662
2927507,BA,0.0,3,historico,1.797110412657244
2927606,BA,1.0,3,historico,0.7794320285336919
2927705,BA,5.0,3,historico,3.871387766104215
2927804,BA,0.0,3,historico,0.6052612244954293
2927903,BA,3.0,3,historico,1.0563459124159968
2928000,BA,3.0,3,historico,3.4737338780068985
2928059,BA,0.0,3,historico,1.515338226194886
2928109,BA,13.0,3,historico,3.9146505182444127
2928208,BA,3.0,3,historico,2.502933705888076
2928307,BA,0.0,3,historico,0.766429734727423
2928406,BA,0.0,3,historico,2.140702382504339
2928505,BA,2.0,3,historico,0.8790713576067126
2928604,BA,15.0,3,historico,6.536818609918282
2928703,BA,21.0,3,historico,25.886343235750694
2928802,BA,5.0,3,historico,4.348722319719997
2928901,BA,1.0,3,historico,1.876995053631076
2928950,BA,3.0,3,historico,1.2110866830337212
2929008,BA,1.0,3,historico,1.7732664110207357
2929057,BA,1.0,3,historico,2.010964323962167
2929107,BA,2.0,3,historico,2.343997142337037
2929206,BA,3.0,3,historico,10.776911552213463
2929255,BA,0.0,3,historico,1.807896191899255
2929305,BA,0.0,3,historico,5.62768763682908
2929354,BA,2.0,3,historico,0.5265077893668781
2929370,BA,0.0,3,historico,0.9141028971984396
2929404,BA,1.0,3,historico,1.2228046966572743
2929503,BA,0.0,3,historico,6.823163550348486
2929602,BA,2.0,3,historico,1.761338064475549
2929701,BA,1.0,3,historico,1.048514290219735
2929750,BA,1.0,3,historico,1.3481151962237676
2929800,BA,2.0,3,historico,0.9069525523319363
2929909,BA,6.0,3,historico,4.54481635331669
2930006,BA,0.0,3,historico,1.2781928769664526
2930105,BA,18.0,3,historico,11.10077592668146
2930154,BA,4.0,3,historico,1.9241916156058467
2930204,BA,1.0,3,historico,2.1538042436041875
2930303,BA,2.0,3,historico,1.4769104816200795
2930402,BA,0.0,3,historico,1.0108071075689395
2930501,BA,14.0,3,historico,8.859108825389468
2930600,BA,2.0,3,historico,1.2844742300014
2930709,BA,21.0,3,historico,22.979645801985654
2930758,BA,0.0,3,historico,0.29716544212874035
2930766,BA,2.0,3,historico,0.811034449831568
2930774,BA,5.0,3,historico,3.2580861852257774
2930808,BA,0.0,3,historico,1.1521028159812168
2930907,BA,0.0,3,historico,0.7384247811466301
2931004,BA,4.0,3,historico,1.9515150542453563
2931053,BA,3.0,3,historico,1.232035952218813
2931103,BA,0.0,3,historico,0.8076242875460985
2931202,BA,0.0,3,historico,2.2277094082316773
2931301,BA,2.0,3,historico,0.9857188954645333
2931350,BA,30.0,3,historico,39.09316651249293
2931400,BA,1.0,3,historico,0.5936837629342337
2931509,BA,3.0,3,historico,1.9871351126282715
2931608,BA,0.0,3,historico,0.918962125249067
2931707,BA,0.0,3,historico,1.2900872497758002
2931806,BA,0.0,3,historico,1.4041369564698307
2931905,BA,9.0,3,historico,2.236691040965943
2932002,BA,3.0,3,historico,2.2456790481608424
2932101,BA,6.0,3,historico,1.226067124356966
2932200,BA,4.0,3,historico,2.679798284995071
2932309,BA,1.0,3,historico,2.3067253390744917
2932408,BA,4.0,3,historico,1.5793014852377891
2932457,BA,1.0,3,historico,0.5586248914381656
2932507,BA,4.0,3,historico,2.178791152199824
2932606,BA,2.0,3,historico,2.062555169852944
2932705,BA,2.0,3,historico,3.9310293222464696
2932804,BA,3.0,3,historico,1.191778088042687
2932903,BA,42.0,3,historico,8.717317180422299
2933000,BA,9.0,3,historico,5.085627685543182
2933059,BA,0.0,3,historico,0.8759088206332777
2933109,BA,1.0,3,historico,0.9103718193829948
2933158,BA,1.0,3,historico,0.9050413096370622
2933174,BA,1.0,3,historico,0.8415061512982009
2933208,BA,7.0,3,historico,5.7682280751779595
2933257,BA,0.0,3,historico,0.6366918864362672
2933307,BA,91.0,3,historico,67.10738231427585
2933406,BA,1.0,3,historico,0.8680918875727367
2933455,BA,2.0,3,historico,0.9031251510101086
2933505,BA,1.0,3,historico,1.9270423451565122
2933604,BA,3.0,3,historico,2.9838401638252154
5200050,GO,0.0,3,historico,2.929714895242499
5200100,GO,1.0,3,historico,6.157739436061375
5200134,GO,7.0,3,historico,5.819591253276626
5200159,GO,0.0,3,historico,0.7747198188868542
5200175,GO,1.0,3,historico,0.8738062332406087
5200209,GO,1.0,3,historico,0.6794726794664179
5200258,GO,19.0,3,historico,35.799846838577785
5200308,GO,5.0,3,historico,7.683808285594183
5200506,GO,0.0,3,historico,0.6049811207267467
5200555,GO,2.0,3,historico,2.6003578983557603
5200605,GO,9.0,3,historico,1.6238402316606682
5200803,GO,3.0,3,historico,2.0227558941808397
5200829,GO,0.0,3,historico,0.36156743661510976
5200852,GO,3.0,3,historico,1.8545569843029084
5200902,GO,0.0,3,historico,0.9296154780041214
5201108,GO,111.0,3,historico,136.17109415658524
5201207,GO,0.0,3,historico,0.3657062386562655
5201306,GO,8.0,3,historico,8.255786381367761
5201405,GO,104.0,3,historico,189.37394564652953
5201454,GO,0.0,3,historico,0.7350938030154845
5201504,GO,1.0,3,historico,1.1792320934828526
5201603,GO,0.0,3,historico,1.085550026770356
5201702,GO,3.0,3,historico,9.361896591134721
5201801,GO,1.0,3,historico,2.8975708138280973
5202155,GO,2.0,3,historico,2.1595119982327833
5202353,GO,1.0,3,historico,0.8231399884245191
5202502,GO,2.0,3,historico,2.794924744719635
5202601,GO,1.0,3,historico,1.0127102477668464
5202809,GO,0.0,3,historico,0.49275230426644573
5203104,GO,0.0,3,historico,0.66669214285062
5203203,GO,1.0,3,historico,5.371578568228889
5203302,GO,7.0,3,historico,11.340162304067992
5203401,GO,1.0,3,historico,2.656266833867909
5203500,GO,8.0,3,historico,8.146559732648127
5203559,GO,2.0,3,historico,2.694021954295825
5203575,GO,0.0,3,historico,0.849850323406564
5203609,GO,2.0,3,historico,1.079628272016482
5203807,GO,1.0,3,historico,1.5501319674827887
5203906,GO,1.0,3,historico,3.393602840863655
5203939,GO,0.0,3,historico,0.7487224383432427
5203962,GO,0.0,3,historico,0.7083249133823238
5204003,GO,1.0,3,historico,2.0153051102323705
5204102,GO,6.0,3,historico,5.119983338843999
5204201,GO,0.0,3,historico,0.574315755876207
5204250,GO,2.0,3,historico,3.1575174814640232
5204300,GO,8.0,3,historico,6.892182169022855
5204409,GO,4.0,3,historico,5.909075642807375
5204508,GO,36.0,3,historico,38.88306378184051
5204557,GO,0.0,3,historico,1.0459140310198507
5204607,GO,0.0,3,historico,0.6876665876752734
5204656,GO,1.0,3,historico,0.7998263571199036
5204706,GO,7.0,3,historico,4.340613230927946
5204805,GO,2.0,3,historico,2.3075902327434843
5204854,GO,0.0,3,historico,1.7765461497378119
5204904,GO,7.0,3,historico,5.589994743422855
5204953,GO,1.0,3,historico,0.6270176915279247
5205000,GO,2.0,3,historico,3.9056526097503004
5205059,GO,5.0,3,historico,0.7294461964017994
5205109,GO,33.0,3,historico,79.81787062180733
5205208,GO,0.0,3,historico,1.3014761542008144
5205307,GO,2.0,3,historico,0.5183424198540987
5205406,GO,10.0,3,historico,16.04170263051854
5205455,GO,1.0,3,historico,3.0057802069701207
5205471,GO,8.0,3,historico,5.115174087577405
5205497,GO,8.0,3,historico,25.36964930324236
5205513,GO,11.0,3,historico,4.431172206909599
5205521,GO,0.0,3,historico,0.7863358356358562
5205703,GO,0.0,3,historico,0.7030388550424687
5205802,GO,2.0,3,historico,3.3530463880201373
5205901,GO,4.0,3,historico,2.7972615385717807
5206206,GO,8.0,3,historico,16.08083729922793
5206305,GO,0.0,3,historico,0.8885314778889826
5206404,GO,8.0,3,historico,6.614483067869555
5206503,GO,1.0,3,historico,1.2443854845492606
5206602,GO,2.0,3,historico,0.865418717935064
5206701,GO,2.0,3,historico,0.6097126929809247
5206800,GO,0.0,3,historico,0.934791792951689
5206909,GO,0.0,3,historico,0.8390240987492759
5207105,GO,2.0,3,historico,1.0233024093809926
5207253,GO,2.0,3,historico,2.1953564668507664
5207352,GO,0.0,3,historico,1.1369923414491987
5207402,GO,4.0,3,historico,5.903799961857915
5207501,GO,0.0,3,historico,1.301965994537539
5207535,GO,0.0,3,historico,1.5545220736107594
5207600,GO,4.0,3,historico,1.7435688469436532
5207808,GO,7.0,3,historico,5.631190285902367
5207907,GO,1.0,3,historico,0.8758995901352136
5208004,GO,34.0,3,historico,57.87238838079645
5208103,GO,1.0,3,historico,1.55769935836062
5208152,GO,0.0,3,historico,0.8825777011924217
5208301,GO,1.0,3,historico,0.9021242779585378
5208400,GO,4.0,3,historico,3.8904265542375387
5208509,GO,1.0,3,historico,3.8832405522381297
5208608,GO,16.0,3,historico,29.509368463341687
5208707,GO,656.0,3,historico,1268.3789816203457
5208806,GO,8.0,3,historico,14.515502230452348
5208905,GO,8.0,3,historico,9.935544988300823
5209101,GO,12.0,3,historico,14.543786745891325
5209150,GO,0.0,3,historico,1.5410291694803697
5209200,GO,6.0,3,historico,4.690983800483797
5209291,GO,0.0,3,historico,0.6026895669707455
5209408,GO,0.0,3,historico,0.4989509406595744
5209457,GO,0.0,3,historico,0.31581484744742555
5209606,GO,0.0,3,historico,1.14263086928752
5209705,GO,1.0,3,historico,8.114757427244077
5209804,GO,2.0,3,historico,0.9608178921133903
5209903,GO,3.0,3,historico,2.5525617047801354
5209937,GO,3.0,3,historico,1.859257840611387
5209952,GO,4.0,3,historico,5.123813250918655
5210000,GO,16.0,3,historico,20.19494672971361
5210109,GO,14.0,3,historico,9.383944806140374
5210158,GO,1.0,3,historico,0.8486348066310485
5210208,GO,15.0,3,historico,18.206847106774294
5210307,GO,0.0,3,historico,1.0614373840890456
5210406,GO,6.0,3,historico,16.149806954403992
5210562,GO,1.0,3,historico,1.5218392740111504
5210604,GO,2.0,3,historico,2.0012444374586105
5210802,GO,3.0,3,historico,1.5006087419417093
5210901,GO,3.0,3,historico,9.07168978780139
5211008,GO,2.0,3,historico,1.7797024271906259
5211206,GO,6.0,3,historico,12.04636890516208
5211305,GO,0.0,3,historico,1.4307770189456617
5211404,GO,0.0,3,historico,3.3355669188965913
5211503,GO,35.0,3,historico,59.00762280889971
5211602,GO,0.0,3,historico,0.7613867866954196
5211701,GO,1.0,3,historico,2.1905345704862653
5211800,GO,7.0,3,historico,15.338681323141136
5211909,GO,54.0,3,historico,53.85762156811738
5212006,GO,1.0,3,historico,0.849925677959415
5212055,GO,2.0,3,historico,0.5983651790356187
5212105,GO,5.0,3,historico,2.8742652709539356
5212204,GO,3.0,3,historico,6.152669918279718
5212253,GO,0.0,3,historico,0.6110247038939082
5212303,GO,1.0,3,historico,1.9500521803938058
5212501,GO,33.0,3,historico,66.0409567421457
5212600,GO,0.0,3,historico,0.5544790337052239
5212709,GO,2.0,3,historico,1.481528926562449
5212808,GO,2.0,3,historico,3.342871726520729
5212907,GO,0.0,3,historico,0.6622141248922568
5212956,GO,2.0,3,historico,1.1130099727656961
5213004,GO,4.0,3,historico,3.9021550962126192
5213053,GO,1.0,3,historico,0.41992252718564016
5213087,GO,11.0,3,historico,11.185744583910033
5213103,GO,25.0,3,historico,25.19346153795184
5213400,GO,0.0,3,historico,0.4591820945916717
5213509,GO,0.0,3,historico,0.5273479489580173
5213707,GO,0.0,3,historico,3.0922259331646367
5213756,GO,0.0,3,historico,5.877094236494031
5213772,GO,1.0,3,historico,0.37219363396046323
5213806,GO,14.0,3,historico,20.784348651913856
5213855,GO,1.0,3,historico,0.6503798347909103
5213905,GO,1.0,3,historico,1.7984290994352594
5214002,GO,6.0,3,historico,4.319068565140898
5214051,GO,2.0,3,historico,1.1006906066509217
5214101,GO,1.0,3,historico,0.867198191261723
5214408,GO,2.0,3,historico,3.4424348597305503
5214507,GO,7.0,3,historico,12.650356395572986
5214606,GO,13.0,3,historico,17.983434952026684
5214705,GO,1.0,3,historico,0.482016783914121
5214804,GO,1.0,3,historico,1.09976393407507
5214838,GO,1.0,3,historico,2.539899903981069
5214861,GO,0.0,3,historico,2.307204597522277
5214879,GO,0.0,3,historico,0.6643705976573745
5214903,GO,1.0,3,historico,0.42933051658666316
5215009,GO,4.0,3,historico,3.3038566827337
5215207,GO,0.0,3,historico,0.988944731296359
5215231,GO,13.0,3,historico,28.928230008918472
5215256,GO,1.0,3,historico,0.7869293248373833
5215306,GO,6.0,3,historico,6.153292809445886
5215405,GO,1.0,3,historico,1.3405451855356187
5215504,GO,1.0,3,historico,3.9689653954146333
5215603,GO,9.0,3,historico,6.902031294482118
5215652,GO,0.0,3,historico,1.0087091000877564
5215702,GO,3.0,3,historico,8.745867202429098
5215801,GO,0.0,3,historico,0.7483148074988786
5215900,GO,1.0,3,historico,1.3545176335066187
5216007,GO,0.0,3,historico,0.6941240970027702
5216304,GO,3.0,3,historico,3.642439753009078
5216403,GO,4.0,3,historico,3.514938846990905
5216452,GO,0.0,3,historico,1.0651535916599022
5216809,GO,0.0,3,historico,3.8330142693329408
5216908,GO,0.0,3,historico,0.4857783634529987
5217104,GO,10.0,3,historico,9.978189335591514
5217203,GO,4.0,3,historico,4.40373337326229
5217302,GO,5.0,3,historico,8.588649535462325
5217401,GO,12.0,3,historico,15.652265609305772
5217609,GO,12.0,3,historico,17.109397537264908
5217708,GO,2.0,3,historico,5.219499454402099
5218003,GO,13.0,3,historico,18.202880621622565
5218052,GO,0.0,3,historico,1.0522572447851672
5218102,GO,2.0,3,historico,0.94891480708757
5218300,GO,15.0,3,historico,7.963142242217631
5218391,GO,0.0,3,historico,0.9279208981939896
5218508,GO,14.0,3,historico,21.845233446501837
5218607,GO,0.0,3,historico,5.2056161340354645
5218706,GO,1.0,3,historico,1.4415085596615145
5218789,GO,0.0,3,historico,1.470152059973291
5218805,GO,63.0,3,historico,105.95666727396865
5218904,GO,7.0,3,historico,9.00126801605554
5219001,GO,4.0,3,historico,3.016854818453874
5219100,GO,0.0,3,historico,2.0944127172327964
5219209,GO,2.0,3,historico,0.9562362683216779
5219258,GO,4.0,3,historico,2.0412203957269535
5219308,GO,9.0,3,historico,16.358809571007914
5219357,GO,0.0,3,historico,1.0964393416364293
5219407,GO,7.0,3,historico,3.2972777426100794
5219456,GO,0.0,3,historico,0.7256096254439889
5219506,GO,0.0,3,historico,0.74346483695198
5219605,GO,0.0,3,historico,0.8376655271279293
5219704,GO,0.0,3,historico,2.879117949805185
5219712,GO,0.0,3,historico,1.3682317039516751
5219738,GO,0.0,3,historico,2.173365990200689
5219753,GO,5.0,3,historico,12.422867986063121
5219803,GO,0.0,3,historico,0.826313365901123
5219902,GO,0.0,3,historico,1.4354681233480728
5220009,GO,3.0,3,historico,2.775897453583696
5220058,GO,1.0,3,historico,0.6112483860621725
5220108,GO,7.0,3,historico,16.47617806563494
5220157,GO,1.0,3,historico,1.3593719197366094
5220207,GO,5.0,3,historico,5.861202794603688
5220264,GO,0.0,3,historico,1.175983917849804
5220280,GO,1.0,3,historico,0.5960078217143306
5220405,GO,3.0,3,historico,8.015230235453325
5220454,GO,15.0,3,historico,32.535004989142735
5220504,GO,3.0,3,historico,2.456828694837472
5220603,GO,7.0,3,historico,8.086523995372685
5220686,GO,2.0,3,historico,0.8285072830924217
5220702,GO,0.0,3,historico,0.2938783267011913
5221007,GO,0.0,3,historico,1.2915001065510896
5221080,GO,1.0,3,historico,0.6560125584677134
5221197,GO,0.0,3,historico,1.9553493694726876
5221304,GO,0.0,3,historico,1.3674947235512722
5221403,GO,24.0,3,historico,36.9323099424512
5221452,GO,1.0,3,historico,0.5856418516038844
5221502,GO,2.0,3,historico,1.5609358744166841
5221551,GO,1.0,3,historico,1.5431533652200267
5221577,GO,0.0,3,historico,0.7457011686830078
5221601,GO,17.0,3,historico,17.52488687197115
5221700,GO,3.0,3,historico,4.967534004581081
5221809,GO,3.0,3,historico,1.4353037144369512
5221858,GO,37.0,3,historico,98.37239460882505
5221908,GO,0.0,3,historico,1.113815707962579
5222005,GO,3.0,3,historico,5.21217586964091
5222054,GO,2.0,3,historico,2.4647348119895636
5222203,GO,0.0,3,historico,1.0036405509820117
5222302,GO,0.0,3,historico,1.0433217306282325
1600055,AP,0.0,3,retrospectivo_completo,0.4990082947663637
1600105,AP,0.0,3,retrospectivo_completo,0.0779352013010675
1600154,AP,0.0,3,retrospectivo_completo,0.2389837934025788
1600204,AP,0.0,3,retrospectivo_completo,0.12155325206049675
1600212,AP,0.0,3,retrospectivo_completo,0.04256672660514857
1600238,AP,0.0,3,retrospectivo_completo,0.07961574587152064
1600253,AP,0.0,3,retrospectivo_completo,0.038305251853960116
1600279,AP,2.0,3,retrospectivo_completo,1.0732008768332388
1600303,AP,53.0,3,retrospectivo_completo,38.9845748384221
1600402,AP,0.0,3,retrospectivo_completo,0.13634444650174976
1600501,AP,1.0,3,retrospectivo_completo,0.8993950991702488
1600535,AP,1.0,3,retrospectivo_completo,0.30152233931068906
1600550,AP,0.0,3,retrospectivo_completo,0.0340681650695674
1600600,AP,9.0,3,retrospectivo_completo,6.894170507289104
1600709,AP,0.0,3,retrospectivo_completo,0.1053519974116179
1600808,AP,0.0,3,retrospectivo_completo,0.12671975417340253
1700251,TO,0.0,3,retrospectivo_completo,0.44348265152542876
1700301,TO,0.0,3,retrospectivo_completo,0.6300145898250779
1700350,TO,2.0,3,retrospectivo_completo,0.5554308588797854
1700400,TO,1.0,3,retrospectivo_completo,0.5686524024240702
1700707,TO,6.0,3,retrospectivo_completo,1.694943422286185
1701002,TO,1.0,3,retrospectivo_completo,1.1057778990843472
1701051,TO,0.0,3,retrospectivo_completo,0.3501857318311336
1701101,TO,1.0,3,retrospectivo_completo,0.4862215051841023
1701309,TO,0.0,3,retrospectivo_completo,0.47287393510605735
1701903,TO,0.0,3,retrospectivo_completo,0.6341626328864925
1702000,TO,1.0,3,retrospectivo_completo,1.7085991236004143
1702109,TO,38.0,3,retrospectivo_completo,33.0266990575072
1702158,TO,0.0,3,retrospectivo_completo,0.37297642433915396
1702208,TO,5.0,3,retrospectivo_completo,3.1150512406375768
1702307,TO,1.0,3,retrospectivo_completo,0.8683515466951621
1702406,TO,2.0,3,retrospectivo_completo,2.0019862394512162
1702554,TO,1.0,3,retrospectivo_completo,2.228237835010609
1702703,TO,0.0,3,retrospectivo_completo,0.9295275927691165
1702901,TO,0.0,3,retrospectivo_completo,0.7511704243703958
1703008,TO,0.0,3,retrospectivo_completo,0.9978156712548377
1703057,TO,2.0,3,retrospectivo_completo,0.3235001261087415
1703073,TO,0.0,3,retrospectivo_completo,0.3430131207570842
1703107,TO,2.0,3,retrospectivo_completo,0.5370008787743161
1703206,TO,0.0,3,retrospectivo_completo,0.4415058669224135
1703305,TO,0.0,3,retrospectivo_completo,0.5122052752787811
1703602,TO,0.0,3,retrospectivo_completo,0.27781539819011863
1703701,TO,0.0,3,retrospectivo_completo,0.7575923135595043
1703800,TO,1.0,3,retrospectivo_completo,0.9016991605036543
1703826,TO,0.0,3,retrospectivo_completo,0.19202549832393614
1703842,TO,0.0,3,retrospectivo_completo,0.5319987632403848
1703867,TO,2.0,3,retrospectivo_completo,0.5534627249285393
1703883,TO,1.0,3,retrospectivo_completo,0.23524239887224685
1703891,TO,0.0,3,retrospectivo_completo,0.236812223619082
1703909,TO,0.0,3,retrospectivo_completo,0.5522613585338235
1704105,TO,1.0,3,retrospectivo_completo,0.20490039317957678
1704600,TO,0.0,3,retrospectivo_completo,0.17923632327378475
1705102,TO,0.0,3,retrospectivo_completo,0.2637313537997133
1705508,TO,3.0,3,retrospectivo_completo,5.40039983649837
1705557,TO,1.0,3,retrospectivo_completo,1.2476929407384294
1705607,TO,3.0,3,retrospectivo_completo,0.31554281771150366
1706001,TO,2.0,3,retrospectivo_completo,0.49718885584799
1706100,TO,3.0,3,retrospectivo_completo,1.411431465127102
1706258,TO,0.0,3,retrospectivo_completo,0.19448340670559822
1706506,TO,0.0,3,retrospectivo_completo,0.44860206071580877
1707009,TO,7.0,3,retrospectivo_completo,3.5323783755222147
1707108,TO,1.0,3,retrospectivo_completo,1.3427347651813708
1707207,TO,0.0,3,retrospectivo_completo,0.48235291983256323
1707306,TO,1.0,3,retrospectivo_completo,0.7513191921339889
1707405,TO,1.0,3,retrospectivo_completo,0.5107700083514884
1707553,TO,1.0,3,retrospectivo_completo,0.5854624054162377
1707652,TO,0.0,3,retrospectivo_completo,1.0155381968035302
1707702,TO,0.0,3,retrospectivo_completo,0.7731797299176332
1708205,TO,4.0,3,retrospectivo_completo,2.986919524847597
1708254,TO,0.0,3,retrospectivo_completo,0.2922671018463908
1708304,TO,2.0,3,retrospectivo_completo,0.46929299066883245
1709005,TO,0.0,3,retrospectivo_completo,0.5987371188657337
1709302,TO,4.0,3,retrospectivo_completo,6.05528178390765
1709500,TO,24.0,3,retrospectivo_completo,19.888568522560888
1709807,TO,0.0,3,retrospectivo_completo,0.1766692993288591
1710508,TO,0.0,3,retrospectivo_completo,0.5757471295284988
1710706,TO,0.0,3,retrospectivo_completo,0.5268245251721567
1710904,TO,0.0,3,retrospectivo_completo,0.3684093595481586
1711100,TO,0.0,3,retrospectivo_completo,0.28883500087824343
1711506,TO,0.0,3,retrospectivo_completo,0.5411625490404438
1711803,TO,0.0,3,retrospectivo_completo,0.14780071655432048
1711902,TO,5.0,3,retrospectivo_completo,1.5017238308836485
1711951,TO,0.0,3,retrospectivo_completo,0.22225171575189942
1712009,TO,1.0,3,retrospectivo_completo,0.6100888596346168
1712157,TO,0.0,3,retrospectivo_completo,0.33242687381603114
1712405,TO,0.0,3,retrospectivo_completo,0.2593368230913928
1712454,TO,0.0,3,retrospectivo_completo,0.2833458065900841
1712504,TO,0.0,3,retrospectivo_completo,0.5118504175753604
1712702,TO,0.0,3,retrospectivo_completo,0.2371239452577817
1712801,TO,0.0,3,retrospectivo_completo,0.18294668308838236
1713205,TO,0.0,3,retrospectivo_completo,3.850310806417794
1713304,TO,2.0,3,retrospectivo_completo,1.707777871361217
1713601,TO,0.0,3,retrospectivo_completo,0.7647148471977454
1713700,TO,0.0,3,retrospectivo_completo,0.20942210610138753
1713809,TO,0.0,3,retrospectivo_completo,0.5760319488389978
1713957,TO,0.0,3,retrospectivo_completo,0.2425520072198931
1714203,TO,1.0,3,retrospectivo_completo,1.5726008819623716
1714302,TO,0.0,3,retrospectivo_completo,0.3788724935689758
1714880,TO,1.0,3,retrospectivo_completo,1.1146025650435125
1715002,TO,0.0,3,retrospectivo_completo,0.42375416381009895
1715101,TO,0.0,3,retrospectivo_completo,0.4355832880150961
1715150,TO,1.0,3,retrospectivo_completo,0.541920562524537
1715259,TO,1.0,3,retrospectivo_completo,0.19888487782377548
1715507,TO,0.0,3,retrospectivo_completo,0.15625970278679033
1715705,TO,0.0,3,retrospectivo_completo,0.40230007369715903
1715754,TO,0.0,3,retrospectivo_completo,1.5737169674654699
1716109,TO,10.0,3,retrospectivo_completo,12.666501881522537
1716208,TO,2.0,3,retrospectivo_completo,0.8558679227607524
1716307,TO,0.0,3,retrospectivo_completo,0.36024486919182014
1716505,TO,3.0,3,retrospectivo_completo,2.2528554889171457
1716604,TO,1.0,3,retrospectivo_completo,2.2400826126848146
1716653,TO,1.0,3,retrospectivo_completo,0.48963178190339185
1716703,TO,2.0,3,retrospectivo_completo,1.3210314146113575
1717008,TO,2.0,3,retrospectivo_completo,0.37486434662533996
1717206,TO,0.0,3,retrospectivo_completo,0.25243276084825567
1717503,TO,1.0,3,retrospectivo_completo,0.8518937609321843
1717800,TO,0.0,3,retrospectivo_completo,0.38440218737342663
1717909,TO,0.0,3,retrospectivo_completo,0.7460157167934164
1718006,TO,0.0,3,retrospectivo_completo,0.24214328288121464
1718204,TO,8.0,3,retrospectivo_completo,11.673754816363596
1718303,TO,1.0,3,retrospectivo_completo,0.45988073489552783
1718402,TO,0.0,3,retrospectivo_completo,0.4869939409060891
1718451,TO,1.0,3,retrospectivo_completo,0.3108754220224365
1718501,TO,0.0,3,retrospectivo_completo,0.15776037974708884
1718550,TO,0.0,3,retrospectivo_completo,0.1948066935873265
1718659,TO,0.0,3,retrospectivo_completo,0.18394029101051174
1718709,TO,0.0,3,retrospectivo_completo,0.25963504844781604
1718758,TO,0.0,3,retrospectivo_completo,0.5351377949094256
1718808,TO,0.0,3,retrospectivo_completo,0.34000887856984385
1718840,TO,1.0,3,retrospectivo_completo,0.5043039682988173
1718865,TO,0.0,3,retrospectivo_completo,0.6115298117724619
1718881,TO,0.0,3,retrospectivo_completo,0.30884383256372394
1718899,TO,0.0,3,retrospectivo_completo,0.2877412795174233
1718907,TO,0.0,3,retrospectivo_completo,0.41709062569434124
1719004,TO,0.0,3,retrospectivo_completo,0.291367097408795
1720002,TO,0.0,3,retrospectivo_completo,0.2354214060745285
1720101,TO,0.0,3,retrospectivo_completo,0.4324833047024463
1720150,TO,0.0,3,retrospectivo_completo,0.09434581744259626
1720200,TO,0.0,3,retrospectivo_completo,0.9646526753355859
1720259,TO,4.0,3,retrospectivo_completo,0.26067121843861657
1720309,TO,0.0,3,retrospectivo_completo,0.19056613388387222
1720499,TO,0.0,3,retrospectivo_completo,0.5258126467863948
1720655,TO,1.0,3,retrospectivo_completo,0.8826127730709243
1720804,TO,2.0,3,retrospectivo_completo,0.6976976200711077
1720853,TO,0.0,3,retrospectivo_completo,0.2566777809058642
1720903,TO,3.0,3,retrospectivo_completo,2.889392799391071
1720937,TO,0.0,3,retrospectivo_completo,0.19131295972370882
1720978,TO,0.0,3,retrospectivo_completo,0.3539419445152893
1721000,TO,88.0,3,retrospectivo_completo,94.34729895826152
1721109,TO,0.0,3,retrospectivo_completo,0.4391259665296641
1721208,TO,7.0,3,retrospectivo_completo,3.0274555339074904
1721257,TO,0.0,3,retrospectivo_completo,0.24254653743937868
1721307,TO,0.0,3,retrospectivo_completo,0.17028078767908042
1722081,TO,0.0,3,retrospectivo_completo,1.109968374152289
1722107,TO,3.0,3,retrospectivo_completo,1.6188743875352776
2100055,MA,7.0,3,retrospectivo_completo,14.351115772905903
2100105,MA,0.0,3,retrospectivo_completo,0.16523803462925654
2100154,MA,0.0,3,retrospectivo_completo,0.4445126181309673
2100204,MA,1.0,3,retrospectivo_completo,1.094006450570529
2100303,MA,0.0,3,retrospectivo_completo,1.0221446739732791
2100402,MA,0.0,3,retrospectivo_completo,0.2910398765811811
2100436,MA,1.0,3,retrospectivo_completo,1.1491149514527217
2100477,MA,1.0,3,retrospectivo_completo,0.981542855065901
2100501,MA,5.0,3,retrospectivo_completo,1.3217197898368347
2100550,MA,1.0,3,retrospectivo_completo,0.14644907398651008
2100600,MA,0.0,3,retrospectivo_completo,1.9027629616852115
2100709,MA,0.0,3,retrospectivo_completo,1.3851315894943839
2100808,MA,0.0,3,retrospectivo_completo,0.6869220076277639
2100832,MA,0.0,3,retrospectivo_completo,0.7507244302172713
2100873,MA,1.0,3,retrospectivo_completo,0.5478149594379793
2100907,MA,0.0,3,retrospectivo_completo,2.1142913035067887
2100956,MA,1.0,3,retrospectivo_completo,1.4394030964095872
2101004,MA,2.0,3,retrospectivo_completo,2.412812758411789
2101103,MA,0.0,3,retrospectivo_completo,0.8074629458417465
2101202,MA,11.0,3,retrospectivo_completo,10.947942934289582
2101251,MA,0.0,3,retrospectivo_completo,1.4890789518107377
2101301,MA,3.0,3,retrospectivo_completo,0.7329297875821333
2101350,MA,0.0,3,retrospectivo_completo,0.19590044549231123
2101400,MA,17.0,3,retrospectivo_completo,15.463189964964334
2101509,MA,0.0,3,retrospectivo_completo,1.6760250376415589
2101608,MA,7.0,3,retrospectivo_completo,6.620321732295034
2101707,MA,3.0,3,retrospectivo_completo,2.1899040392817675
2101731,MA,0.0,3,retrospectivo_completo,0.09881629592439177
2101772,MA,1.0,3,retrospectivo_completo,0.4036578761134112
2101806,MA,1.0,3,retrospectivo_completo,0.31421440097030334
2101905,MA,1.0,3,retrospectivo_completo,1.4770016867929394
2101939,MA,0.0,3,retrospectivo_completo,0.5000465096064901
2101970,MA,2.0,3,retrospectivo_completo,0.10792703450070515
2102002,MA,1.0,3,retrospectivo_completo,1.4511867754300705
2102036,MA,2.0,3,retrospectivo_completo,1.3201295722320054
2102077,MA,0.0,3,retrospectivo_completo,0.7345078935967505
2102101,MA,1.0,3,retrospectivo_completo,1.6537042125213497
2102150,MA,0.0,3,retrospectivo_completo,0.21605188208254467
2102200,MA,1.0,3,retrospectivo_completo,0.5068526992477513
2102309,MA,0.0,3,retrospectivo_completo,1.8040188092377138
2102325,MA,4.0,3,retrospectivo_completo,2.5452873022432256
2102358,MA,0.0,3,retrospectivo_completo,0.9641995332318182
2102374,MA,1.0,3,retrospectivo_completo,0.2245366502454742
2102408,MA,1.0,3,retrospectivo_completo,0.4440055584094388
2102507,MA,1.0,3,retrospectivo_completo,0.6690545854985951
2102556,MA,2.0,3,retrospectivo_completo,1.4216992526328533
2102606,MA,1.0,3,retrospectivo_completo,0.814119219100268
2102705,MA,1.0,3,retrospectivo_completo,0.691643015242813
2102754,MA,2.0,3,retrospectivo_completo,0.41450294579174707
2102804,MA,2.0,3,retrospectivo_completo,2.4434323535366422
2102903,MA,2.0,3,retrospectivo_completo,1.0725871484901912
2103000,MA,16.0,3,retrospectivo_completo,16.79278047560908
2103109,MA,3.0,3,retrospectivo_completo,0.6314001677129788
2103125,MA,0.0,3,retrospectivo_completo,0.2779053819561699
2103158,MA,0.0,3,retrospectivo_completo,0.21182296155686509
2103174,MA,1.0,3,retrospectivo_completo,0.32930421191027287
2103208,MA,3.0,3,retrospectivo_completo,6.334854628847616
2103257,MA,1.0,3,retrospectivo_completo,1.2967597043093386
2103307,MA,7.0,3,retrospectivo_completo,9.46976908464347
2103406,MA,3.0,3,retrospectivo_completo,2.4969093708432437
2103505,MA,3.0,3,retrospectivo_completo,3.193513738947751
2103554,MA,0.0,3,retrospectivo_completo,0.5002027220124101
2103604,MA,9.0,3,retrospectivo_completo,4.088468672735831
2103703,MA,3.0,3,retrospectivo_completo,2.0211083366767215
2103752,MA,0.0,3,retrospectivo_completo,1.1579062398285347
2103802,MA,3.0,3,retrospectivo_completo,2.086509268600804
2103901,MA,0.0,3,retrospectivo_completo,0.3479205351798881
2104008,MA,3.0,3,retrospectivo_completo,1.2123482557685499
2104057,MA,3.0,3,retrospectivo_completo,5.193480599776367
2104073,MA,0.0,3,retrospectivo_completo,0.32298463859155524
2104081,MA,0.0,3,retrospectivo_completo,0.35959969004059517
2104099,MA,1.0,3,retrospectivo_completo,0.7213341368022057
2104107,MA,0.0,3,retrospectivo_completo,1.128166102232932
2104206,MA,3.0,3,retrospectivo_completo,1.088778173356751
2104305,MA,0.0,3,retrospectivo_completo,0.6677725625508709
2104404,MA,1.0,3,retrospectivo_completo,1.0723379598070364
2104503,MA,0.0,3,retrospectivo_completo,0.6577085258734667
2104552,MA,0.0,3,retrospectivo_completo,1.5843660327005817
2104602,MA,1.0,3,retrospectivo_completo,1.1724175721734225
2104628,MA,0.0,3,retrospectivo_completo,0.3111084227813753
2104651,MA,0.0,3,retrospectivo_completo,0.28368441477212547
2104677,MA,0.0,3,retrospectivo_completo,1.0434624363759952
2104701,MA,0.0,3,retrospectivo_completo,0.3061134535865759
2104800,MA,5.0,3,retrospectivo_completo,6.168326794736179
2104909,MA,1.0,3,retrospectivo_completo,0.8649958041287095
2105005,MA,1.0,3,retrospectivo_completo,0.5449717451636691
2105104,MA,1.0,3,retrospectivo_completo,0.9049150961257894
2105153,MA,0.0,3,retrospectivo_completo,0.7132937998035224
2105203,MA,0.0,3,retrospectivo_completo,0.9698492965188587
2105302,MA,40.0,3,retrospectivo_completo,40.52833656100412
2105351,MA,0.0,3,retrospectivo_completo,0.6165226608575644
2105401,MA,4.0,3,retrospectivo_completo,4.689683767318636
2105427,MA,0.0,3,retrospectivo_completo,1.8182017387168459
2105450,MA,1.0,3,retrospectivo_completo,0.530016106825415
2105476,MA,0.0,3,retrospectivo_completo,0.6427471251461263
2105500,MA,5.0,3,retrospectivo_completo,2.253193188188673
2105609,MA,1.0,3,retrospectivo_completo,0.7677297773692835
2105658,MA,0.0,3,retrospectivo_completo,0.10653627100938202
2105708,MA,5.0,3,retrospectivo_completo,3.4074659468952695
2105807,MA,0.0,3,retrospectivo_completo,0.5629857669416473
2105906,MA,1.0,3,retrospectivo_completo,0.5451055286373844
2105922,MA,0.0,3,retrospectivo_completo,0.5075334709918106
2105948,MA,0.0,3,retrospectivo_completo,0.7662799141695539
2105963,MA,0.0,3,retrospectivo_completo,0.39255231706718935
2105989,MA,0.0,3,retrospectivo_completo,0.5989973691271538
2106003,MA,0.0,3,retrospectivo_completo,0.8199501117713417
2106102,MA,1.0,3,retrospectivo_completo,0.6345963467577744
2106201,MA,0.0,3,retrospectivo_completo,0.3293957479260319
2106300,MA,1.0,3,retrospectivo_completo,1.044850324371085
2106326,MA,4.0,3,retrospectivo_completo,0.9445019406962226
2106359,MA,0.0,3,retrospectivo_completo,0.23757765736212813
2106375,MA,1.0,3,retrospectivo_completo,0.4975663950077265
2106409,MA,2.0,3,retrospectivo_completo,0.6731928378029735
2106508,MA,0.0,3,retrospectivo_completo,1.9570346516866817
2106607,MA,1.0,3,retrospectivo_completo,1.6959030032466342
2106631,MA,2.0,3,retrospectivo_completo,0.4576950235588878
2106672,MA,0.0,3,retrospectivo_completo,0.236270256460626
2106706,MA,0.0,3,retrospectivo_completo,1.0517305917125808
2106755,MA,1.0,3,retrospectivo_completo,2.465259419955126
2106805,MA,3.0,3,retrospectivo_completo,0.9617649569850463
2106904,MA,1.0,3,retrospectivo_completo,0.7475558120949263
2107001,MA,0.0,3,retrospectivo_completo,0.5155426713805217
2107100,MA,0.0,3,retrospectivo_completo,0.707923984567368
2107209,MA,0.0,3,retrospectivo_completo,0.6043145066656392
2107258,MA,0.0,3,retrospectivo_completo,0.2386264010116139
2107308,MA,0.0,3,retrospectivo_completo,0.3453751779946051
2107357,MA,4.0,3,retrospectivo_completo,0.8973323341624365
2107407,MA,2.0,3,retrospectivo_completo,1.4106122577370714
2107456,MA,0.0,3,retrospectivo_completo,0.6728096603998773
2107506,MA,20.0,3,retrospectivo_completo,13.9879346483288
2107605,MA,0.0,3,retrospectivo_completo,0.8647474014738447
2107704,MA,3.0,3,retrospectivo_completo,1.6228727834003192
2107803,MA,1.0,3,retrospectivo_completo,1.9273913368767785
2107902,MA,1.0,3,retrospectivo_completo,1.090699236087065
2108009,MA,2.0,3,retrospectivo_completo,1.5212129445018958
2108058,MA,0.0,3,retrospectivo_completo,0.5362103802284423
2108108,MA,0.0,3,retrospectivo_completo,1.1208500435487792
2108207,MA,3.0,3,retrospectivo_completo,5.997673718025732
2108256,MA,0.0,3,retrospectivo_completo,0.8137766039129235
2108306,MA,0.0,3,retrospectivo_completo,1.7254841636915161
2108405,MA,1.0,3,retrospectivo_completo,0.9259459409881291
2108454,MA,0.0,3,retrospectivo_completo,0.886320807146997
2108504,MA,3.0,3,retrospectivo_completo,2.724639340074895
2108603,MA,4.0,3,retrospectivo_completo,7.550913631811667
2108702,MA,1.0,3,retrospectivo_completo,0.9532977577894057
2108801,MA,0.0,3,retrospectivo_completo,0.8018876997528945
2108900,MA,1.0,3,retrospectivo_completo,1.0197633521904272
2109007,MA,2.0,3,retrospectivo_completo,3.5312896492958363
2109056,MA,0.0,3,retrospectivo_completo,0.3166960744544178
2109106,MA,11.0,3,retrospectivo_completo,5.517106961687134
2109205,MA,0.0,3,retrospectivo_completo,0.4173782292705048
2109239,MA,1.0,3,retrospectivo_completo,0.35836674365061283
2109270,MA,0.0,3,retrospectivo_completo,0.612751647807445
2109304,MA,0.0,3,retrospectivo_completo,0.4677710786736961
2109403,MA,0.0,3,retrospectivo_completo,0.270408563209963
2109452,MA,0.0,3,retrospectivo_completo,2.517839103425361
2109502,MA,0.0,3,retrospectivo_completo,1.4494410345636166
2109551,MA,0.0,3,retrospectivo_completo,0.5850817336561764
2109601,MA,1.0,3,retrospectivo_completo,3.5017580972127385
2109700,MA,1.0,3,retrospectivo_completo,0.3130760565200607
2109759,MA,0.0,3,retrospectivo_completo,0.27233505188382023
2109809,MA,3.0,3,retrospectivo_completo,1.7262205761440608
2109908,MA,11.0,3,retrospectivo_completo,9.328088374960014
2110005,MA,2.0,3,retrospectivo_completo,2.8893683498774867
2110039,MA,1.0,3,retrospectivo_completo,2.1248596283387995
2110104,MA,1.0,3,retrospectivo_completo,0.9451617410265761
2110203,MA,1.0,3,retrospectivo_completo,2.8525631999582868
2110237,MA,0.0,3,retrospectivo_completo,0.5041929165283838
2110278,MA,0.0,3,retrospectivo_completo,0.46072072715326895
2110302,MA,0.0,3,retrospectivo_completo,0.9972108477175886
2110401,MA,1.0,3,retrospectivo_completo,0.321251260261178
2110500,MA,2.0,3,retrospectivo_completo,2.761554077215906
2110609,MA,3.0,3,retrospectivo_completo,1.3218745445238753
2110658,MA,0.0,3,retrospectivo_completo,0.5020897932511983
2110708,MA,2.0,3,retrospectivo_completo,2.5946400484472587
2110807,MA,0.0,3,retrospectivo_completo,0.17906920592204081
2110856,MA,1.0,3,retrospectivo_completo,0.8138913703193212
2110906,MA,0.0,3,retrospectivo_completo,0.5877962670014683
2111003,MA,1.0,3,retrospectivo_completo,1.369304505644221
2111029,MA,0.0,3,retrospectivo_completo,0.31736530970301724
2111052,MA,1.0,3,retrospectivo_completo,0.9695101222098753
2111078,MA,0.0,3,retrospectivo_completo,1.0216088085669954
2111102,MA,7.0,3,retrospectivo_completo,2.967741662431409
2111201,MA,0.0,3,retrospectivo_completo,20.2429991162201
2111250,MA,0.0,3,retrospectivo_completo,0.29409170755749886
2111300,MA,334.0,3,retrospectivo_completo,232.3114513035578
2111409,MA,0.0,3,retrospectivo_completo,0.865771090918341
2111508,MA,3.0,3,retrospectivo_completo,3.2333947149665234
2111532,MA,0.0,3,retrospectivo_completo,0.8422837187513307
2111573,MA,0.0,3,retrospectivo_completo,0.43342227738889033
2111607,MA,0.0,3,retrospectivo_completo,1.6174276223814894
2111631,MA,0.0,3,retrospectivo_completo,0.16548681305984267
2111672,MA,0.0,3,retrospectivo_completo,0.24477079329526336
2111706,MA,1.0,3,retrospectivo_completo,1.3262771377613483
2111722,MA,2.0,3,retrospectivo_completo,0.4746599157574091
2111748,MA,0.0,3,retrospectivo_completo,0.5748017706097671
2111763,MA,1.0,3,retrospectivo_completo,1.278941813361509
2111789,MA,0.0,3,retrospectivo_completo,0.28206845920363266
2111805,MA,1.0,3,retrospectivo_completo,0.8891483503552575
2111904,MA,2.0,3,retrospectivo_completo,0.5984148952687799
2111953,MA,0.0,3,retrospectivo_completo,0.2964394562389399
2112001,MA,0.0,3,retrospectivo_completo,0.7569283144471152
2112100,MA,0.0,3,retrospectivo_completo,0.9603067046520858
2112209,MA,11.0,3,retrospectivo_completo,19.026414202395284
2112233,MA,0.0,3,retrospectivo_completo,1.8610784707900452
2112274,MA,0.0,3,retrospectivo_completo,0.14133202392902608
2112308,MA,0.0,3,retrospectivo_completo,2.2642534096312774
2112407,MA,0.0,3,retrospectivo_completo,0.9248819952662469
2112456,MA,0.0,3,retrospectivo_completo,0.7578229167061413
2112506,MA,2.0,3,retrospectivo_completo,2.725421853015529
2112605,MA,5.0,3,retrospectivo_completo,0.9993840543410819
2112704,MA,1.0,3,retrospectivo_completo,1.7459236275684813
2112803,MA,5.0,3,retrospectivo_completo,4.487328865795289
2112852,MA,0.0,3,retrospectivo_completo,0.6755350553506523
2112902,MA,1.0,3,retrospectivo_completo,2.3503866135766023
2113009,MA,3.0,3,retrospectivo_completo,1.8655823402667517
2114007,MA,5.0,3,retrospectivo_completo,3.560481949549715
2800100,SE,0.0,3,retrospectivo_completo,0.22214259838437844
2800209,SE,1.0,3,retrospectivo_completo,1.720464744679377
2800308,SE,203.0,3,retrospectivo_completo,225.59221847962
2800407,SE,0.0,3,retrospectivo_completo,0.8472285916772654
2800506,SE,0.0,3,retrospectivo_completo,1.2884837210347106
2800605,SE,3.0,3,retrospectivo_completo,3.551968441028043
2800670,SE,0.0,3,retrospectivo_completo,2.619759521493514
2800704,SE,1.0,3,retrospectivo_completo,0.2842744732325652
2801009,SE,1.0,3,retrospectivo_completo,2.328762735702884
2801108,SE,0.0,3,retrospectivo_completo,0.27671867654158644
2801207,SE,2.0,3,retrospectivo_completo,1.8415996405143553
2801306,SE,3.0,3,retrospectivo_completo,3.3300097230382035
2801405,SE,0.0,3,retrospectivo_completo,1.8063923563032345
2801504,SE,2.0,3,retrospectivo_completo,1.8368543832548134
2801603,SE,3.0,3,retrospectivo_completo,0.6287364777242498
2801702,SE,1.0,3,retrospectivo_completo,1.0464640454466896
2801900,SE,0.0,3,retrospectivo_completo,0.3655264535588288
2802007,SE,0.0,3,retrospectivo_completo,0.44402008735434223
2802106,SE,9.0,3,retrospectivo_completo,7.549223304777136
2802205,SE,0.0,3,retrospectivo_completo,0.35047360505581515
2802304,SE,0.0,3,retrospectivo_completo,1.621421827461627
2802403,SE,0.0,3,retrospectivo_completo,0.7046652140541076
2802502,SE,1.0,3,retrospectivo_completo,0.36557120814340455
2802601,SE,1.0,3,retrospectivo_completo,0.43132251814562395
2802700,SE,0.0,3,retrospectivo_completo,0.3011204445287505
2802809,SE,1.0,3,retrospectivo_completo,0.8972074076072333
2802908,SE,15.0,3,retrospectivo_completo,12.134320964145891
2803005,SE,2.0,3,retrospectivo_completo,3.2042860457908784
2803104,SE,1.0,3,retrospectivo_completo,0.45285200706582457
2803203,SE,1.0,3,retrospectivo_completo,2.650012705237749
2803302,SE,1.0,3,retrospectivo_completo,1.8010516964993015
2803401,SE,1.0,3,retrospectivo_completo,0.9637055686042119
2803500,SE,11.0,3,retrospectivo_completo,12.500585548993408
2803609,SE,0.0,3,retrospectivo_completo,2.490859159378437
2803708,SE,1.0,3,retrospectivo_completo,0.5310382866344976
2803807,SE,0.0,3,retrospectivo_completo,0.26444771018198293
2803906,SE,1.0,3,retrospectivo_completo,0.9414462471896963
2804003,SE,0.0,3,retrospectivo_completo,1.4099655402811917
2804102,SE,0.0,3,retrospectivo_completo,0.9487281306871207
2804201,SE,1.0,3,retrospectivo_completo,0.7957042870262151
2804300,SE,0.0,3,retrospectivo_completo,0.7234691287000198
2804409,SE,1.0,3,retrospectivo_completo,1.670862550773898
2804458,SE,0.0,3,retrospectivo_completo,0.6863703623259543
2804508,SE,1.0,3,retrospectivo_completo,2.413141527731186
2804607,SE,1.0,3,retrospectivo_completo,2.67578534296649
2804706,SE,1.0,3,retrospectivo_completo,0.5880614740925647
2804805,SE,20.0,3,retrospectivo_completo,23.813626764473828
2804904,SE,0.0,3,retrospectivo_completo,0.72160756605318
2805000,SE,0.0,3,retrospectivo_completo,0.2922305291724688
2805109,SE,0.0,3,retrospectivo_completo,0.8115270764992965
2805208,SE,1.0,3,retrospectivo_completo,0.486082110866826
2805307,SE,1.0,3,retrospectivo_completo,0.8369969496165013
2805406,SE,1.0,3,retrospectivo_completo,1.8457405416373884
2805505,SE,4.0,3,retrospectivo_completo,1.9785277988152363
2805604,SE,0.0,3,retrospectivo_completo,1.713175936937192
2805703,SE,3.0,3,retrospectivo_completo,3.6311882065847727
2805802,SE,0.0,3,retrospectivo_completo,1.3138124487725618
2805901,SE,1.0,3,retrospectivo_completo,0.8541119578143427
2806008,SE,1.0,3,retrospectivo_completo,2.1834358535653546
2806107,SE,0.0,3,retrospectivo_completo,1.08224549698066
2806206,SE,0.0,3,retrospectivo_completo,1.9363304302959152
2806305,SE,0.0,3,retrospectivo_completo,0.6070275224752637
2806404,SE,0.0,3,retrospectivo_completo,0.49122696752533085
2806503,SE,0.0,3,retrospectivo_completo,0.2293427247898619
2806602,SE,1.0,3,retrospectivo_completo,1.4702036175045865
2806701,SE,10.0,3,retrospectivo_completo,12.341408482450971
2806800,SE,0.0,3,retrospectivo_completo,0.8401826906201836
2806909,SE,2.0,3,retrospectivo_completo,0.3040597826847139
2807006,SE,1.0,3,retrospectivo_completo,0.3062116044260316
2807105,SE,7.0,3,retrospectivo_completo,3.991296780184628
2807204,SE,0.0,3,retrospectivo_completo,0.6944556840503088
2807303,SE,1.0,3,retrospectivo_completo,0.25429000823052256
2807402,SE,2.0,3,retrospectivo_completo,5.1758168293112
2807501,SE,2.0,3,retrospectivo_completo,0.7974204423537372
2807600,SE,3.0,3,retrospectivo_completo,1.7254458816392895
2900108,BA,2.0,3,retrospectivo_completo,1.4653663086470892
2900207,BA,0.0,3,retrospectivo_completo,1.1063580284613825
2900306,BA,1.0,3,retrospectivo_completo,1.234811133604385
2900355,BA,1.0,3,retrospectivo_completo,1.09443164488903
2900405,BA,0.0,3,retrospectivo_completo,1.193678922206033
2900504,BA,1.0,3,retrospectivo_completo,1.71292859789285
2900603,BA,0.0,3,retrospectivo_completo,0.7899082151392917
2900702,BA,40.0,3,retrospectivo_completo,37.440991464982304
2900801,BA,4.0,3,retrospectivo_completo,5.349820816947737
2900900,BA,0.0,3,retrospectivo_completo,0.798347355571422
2901007,BA,1.0,3,retrospectivo_completo,7.8359833484069945
2901106,BA,3.0,3,retrospectivo_completo,3.7472956904643353
2901155,BA,1.0,3,retrospectivo_completo,0.9633651052849853
2901205,BA,1.0,3,retrospectivo_completo,3.7603901295876287
2901304,BA,1.0,3,retrospectivo_completo,1.3943016916300968
2901353,BA,5.0,3,retrospectivo_completo,1.2682853367945863
2901403,BA,1.0,3,retrospectivo_completo,2.341342327894539
2901502,BA,1.0,3,retrospectivo_completo,0.8758573904122912
2901601,BA,0.0,3,retrospectivo_completo,1.9546485612725757
2901700,BA,2.0,3,retrospectivo_completo,0.7750185029723964
2901809,BA,1.0,3,retrospectivo_completo,1.0872451922891648
2901908,BA,0.0,3,retrospectivo_completo,1.1847593444636049
2901957,BA,0.0,3,retrospectivo_completo,1.1626366548878775
2902005,BA,1.0,3,retrospectivo_completo,2.398373416108801
2902054,BA,0.0,3,retrospectivo_completo,0.7694037048476189
2902104,BA,3.0,3,retrospectivo_completo,3.4543555324762787
2902203,BA,2.0,3,retrospectivo_completo,0.8539511375356315
2902252,BA,1.0,3,retrospectivo_completo,1.4029551550954469
2902302,BA,0.0,3,retrospectivo_completo,0.5128834807723163
2902401,BA,0.0,3,retrospectivo_completo,1.7580678696262375
2902500,BA,2.0,3,retrospectivo_completo,1.8984840722199539
2902609,BA,1.0,3,retrospectivo_completo,1.9683578636958672
2902658,BA,1.0,3,retrospectivo_completo,0.8760235860065742
2902708,BA,2.0,3,retrospectivo_completo,2.5703948184577934
2902807,BA,7.0,3,retrospectivo_completo,3.420480495422142
2902906,BA,0.0,3,retrospectivo_completo,5.429908447401019
2903003,BA,3.0,3,retrospectivo_completo,1.6694610311728348
2903102,BA,0.0,3,retrospectivo_completo,0.7997387970078372
2903201,BA,49.0,3,retrospectivo_completo,56.22524659466302
2903235,BA,2.0,3,retrospectivo_completo,1.4619078861759902
2903276,BA,1.0,3,retrospectivo_completo,1.6473457256988293
2903300,BA,1.0,3,retrospectivo_completo,0.9648155268972435
2903409,BA,1.0,3,retrospectivo_completo,3.984720952692161
2903508,BA,3.0,3,retrospectivo_completo,3.4710645832134097
2903607,BA,1.0,3,retrospectivo_completo,0.9938501553443342
2903706,BA,0.0,3,retrospectivo_completo,1.8760790682843953
2903805,BA,0.0,3,retrospectivo_completo,2.103750988751272
2903904,BA,9.0,3,retrospectivo_completo,13.969080757407879
2903953,BA,2.0,3,retrospectivo_completo,1.157865437110468
2904001,BA,3.0,3,retrospectivo_completo,2.302187714019238
2904050,BA,2.0,3,retrospectivo_completo,1.1169809233835075
2904100,BA,1.0,3,retrospectivo_completo,3.912705465460704
2904209,BA,1.0,3,retrospectivo_completo,1.570601120092563
2904308,BA,1.0,3,retrospectivo_completo,2.3154559293983983
2904407,BA,4.0,3,retrospectivo_completo,1.3435876972769485
2904506,BA,1.0,3,retrospectivo_completo,1.6822218559370012
2904605,BA,21.0,3,retrospectivo_completo,17.91551860447728
2904704,BA,3.0,3,retrospectivo_completo,3.8557304363861316
2904753,BA,2.0,3,retrospectivo_completo,1.0455266265520973
2904803,BA,0.0,3,retrospectivo_completo,1.0645873948216278
2904852,BA,1.0,3,retrospectivo_completo,1.2461528522777443
2904902,BA,4.0,3,retrospectivo_completo,4.40009510578689
2905008,BA,3.0,3,retrospectivo_completo,5.872496214895833
2905107,BA,1.0,3,retrospectivo_completo,0.6112155126772655
2905156,BA,0.0,3,retrospectivo_completo,2.018413063989171
2905206,BA,10.0,3,retrospectivo_completo,13.268923004663252
2905305,BA,0.0,3,retrospectivo_completo,1.2750576766555515
2905404,BA,1.0,3,retrospectivo_completo,2.7925936179308968
2905503,BA,2.0,3,retrospectivo_completo,0.8243496257014052
2905602,BA,6.0,3,retrospectivo_completo,7.118538681442146
2905701,BA,66.0,3,retrospectivo_completo,63.390714401529
2905800,BA,8.0,3,retrospectivo_completo,5.227183589451001
2905909,BA,1.0,3,retrospectivo_completo,1.7572283494347702
2906006,BA,10.0,3,retrospectivo_completo,5.585702061255355
2906105,BA,1.0,3,retrospectivo_completo,1.0902237484261275
2906204,BA,2.0,3,retrospectivo_completo,2.0242264556811387
2906303,BA,6.0,3,retrospectivo_completo,5.86749378759919
2906402,BA,1.0,3,retrospectivo_completo,0.7435004954609936
2906501,BA,9.0,3,retrospectivo_completo,14.110593942292386
2906600,BA,0.0,3,retrospectivo_completo,2.708318577696483
2906709,BA,3.0,3,retrospectivo_completo,4.7186978549029845
2906808,BA,7.0,3,retrospectivo_completo,2.217496050793422
2906824,BA,1.0,3,retrospectivo_completo,1.2730736624853218
2906857,BA,1.0,3,retrospectivo_completo,1.2389610641865483
2906873,BA,5.0,3,retrospectivo_completo,3.7755094302941727
2906899,BA,1.0,3,retrospectivo_completo,1.7463560376881733
2906907,BA,3.0,3,retrospectivo_completo,5.050925731980595
2907004,BA,0.0,3,retrospectivo_completo,0.5153936988584
2907103,BA,2.0,3,retrospectivo_completo,3.499707364345278
2907202,BA,6.0,3,retrospectivo_completo,5.612752082766067
2907301,BA,2.0,3,retrospectivo_completo,2.8564951077023166
2907400,BA,2.0,3,retrospectivo_completo,0.5348375048586214
2907509,BA,10.0,3,retrospectivo_completo,13.021431654831103
2907558,BA,1.0,3,retrospectivo_completo,1.212031579287166
2907608,BA,1.0,3,retrospectivo_completo,1.4930598850628516
2907707,BA,1.0,3,retrospectivo_completo,0.9662608365159233
2907806,BA,9.0,3,retrospectivo_completo,2.920732386189099
2907905,BA,1.0,3,retrospectivo_completo,1.501776069605485
2908002,BA,4.0,3,retrospectivo_completo,3.898843945284275
2908101,BA,1.0,3,retrospectivo_completo,3.4485738209614847
2908200,BA,2.0,3,retrospectivo_completo,2.928615176030166
2908309,BA,9.0,3,retrospectivo_completo,1.9838338483876432
2908408,BA,9.0,3,retrospectivo_completo,6.72216081711386
2908507,BA,3.0,3,retrospectivo_completo,4.659959667960649
2908606,BA,2.0,3,retrospectivo_completo,1.8046942136290152
2908705,BA,1.0,3,retrospectivo_completo,3.6269153878437383
2908804,BA,0.0,3,retrospectivo_completo,0.6559932229720234
2908903,BA,1.0,3,retrospectivo_completo,1.9675378997894628
2909000,BA,1.0,3,retrospectivo_completo,1.3917151765381175
2909109,BA,8.0,3,retrospectivo_completo,2.7077916820556056
2909208,BA,3.0,3,retrospectivo_completo,1.2076490864896285
2909307,BA,2.0,3,retrospectivo_completo,5.860693777151047
2909406,BA,1.0,3,retrospectivo_completo,1.3296506233653096
2909505,BA,1.0,3,retrospectivo_completo,0.8248630373673165
2909604,BA,3.0,3,retrospectivo_completo,1.4300202217178455
2909703,BA,2.0,3,retrospectivo_completo,2.2242792937147797
2909802,BA,18.0,3,retrospectivo_completo,15.322965591307947
2909901,BA,3.0,3,retrospectivo_completo,2.0293646672995433
2910008,BA,2.0,3,retrospectivo_completo,1.3663333697721507
2910057,BA,24.0,3,retrospectivo_completo,13.183716462027874
2910107,BA,3.0,3,retrospectivo_completo,1.8453826568145946
2910206,BA,1.0,3,retrospectivo_completo,0.37480001132932855
2910305,BA,2.0,3,retrospectivo_completo,0.847653197931147
2910404,BA,0.0,3,retrospectivo_completo,2.7590745140412527
2910503,BA,6.0,3,retrospectivo_completo,4.102251933057912
2910602,BA,5.0,3,retrospectivo_completo,3.3497159020500344
2910701,BA,5.0,3,retrospectivo_completo,5.289331755392909
2910727,BA,35.0,3,retrospectivo_completo,32.44261342542719
2910750,BA,2.0,3,retrospectivo_completo,1.524482582187223
2910776,BA,0.0,3,retrospectivo_completo,0.7453175164295194
2910800,BA,181.0,3,retrospectivo_completo,129.37220244101704
2910859,BA,1.0,3,retrospectivo_completo,1.220621284624811
2910909,BA,0.0,3,retrospectivo_completo,0.7858522363418124
2911006,BA,0.0,3,retrospectivo_completo,1.572451819273985
2911105,BA,3.0,3,retrospectivo_completo,2.4038537071757466
2911204,BA,4.0,3,retrospectivo_completo,6.97848655918817
2911253,BA,0.0,3,retrospectivo_completo,0.4915395342703444
2911303,BA,1.0,3,retrospectivo_completo,0.8168951270798798
2911402,BA,0.0,3,retrospectivo_completo,1.3728546552359622
2911501,BA,1.0,3,retrospectivo_completo,0.9675982609370318
2911600,BA,1.0,3,retrospectivo_completo,2.3425282205234432
2911659,BA,0.0,3,retrospectivo_completo,1.3933632473429416
2911709,BA,36.0,3,retrospectivo_completo,24.231473227123658
2911808,BA,2.0,3,retrospectivo_completo,4.1266192939186634
2911857,BA,1.0,3,retrospectivo_completo,1.1201504218070635
2911907,BA,3.0,3,retrospectivo_completo,3.7354540779579564
2912004,BA,2.0,3,retrospectivo_completo,2.36294769434497
2912103,BA,5.0,3,retrospectivo_completo,4.8719119898493926
2912202,BA,3.0,3,retrospectivo_completo,3.086144419276226
2912301,BA,2.0,3,retrospectivo_completo,2.7615575273599187
2912400,BA,1.0,3,retrospectivo_completo,1.8717074594635081
2912509,BA,2.0,3,retrospectivo_completo,2.771092290830823
2912608,BA,0.0,3,retrospectivo_completo,0.3613533019737293
2912707,BA,0.0,3,retrospectivo_completo,3.6615094618382997
2912806,BA,1.0,3,retrospectivo_completo,1.935036757237672
2912905,BA,2.0,3,retrospectivo_completo,2.9805685652111364
2913002,BA,1.0,3,retrospectivo_completo,2.615575971891683
2913101,BA,1.0,3,retrospectivo_completo,1.7085655526063956
2913200,BA,7.0,3,retrospectivo_completo,4.573812450315416
2913309,BA,2.0,3,retrospectivo_completo,0.6259116564830662
2913408,BA,1.0,3,retrospectivo_completo,2.7826705837647396
2913457,BA,1.0,3,retrospectivo_completo,2.0113219491206915
2913507,BA,4.0,3,retrospectivo_completo,4.748762794891134
2913606,BA,69.0,3,retrospectivo_completo,50.48880705926438
2913705,BA,7.0,3,retrospectivo_completo,3.2029673917986488
2913804,BA,1.0,3,retrospectivo_completo,0.9701540732882081
2913903,BA,7.0,3,retrospectivo_completo,12.098139473910534
2914000,BA,6.0,3,retrospectivo_completo,5.694057861439553
2914109,BA,1.0,3,retrospectivo_completo,0.9791067855473952
2914208,BA,0.0,3,retrospectivo_completo,0.8577943584604578
2914307,BA,2.0,3,retrospectivo_completo,1.2751981278733504
2914406,BA,5.0,3,retrospectivo_completo,3.7208476876489716
2914505,BA,2.0,3,retrospectivo_completo,3.1313620500624344
2914604,BA,13.0,3,retrospectivo_completo,12.844790940776605
2914653,BA,4.0,3,retrospectivo_completo,6.296604505482823
2914703,BA,9.0,3,retrospectivo_completo,8.93586920801277
2914802,BA,60.0,3,retrospectivo_completo,69.47290289324467
2914901,BA,8.0,3,retrospectivo_completo,4.171762645574227
2915007,BA,0.0,3,retrospectivo_completo,2.0705334656677623
2915106,BA,2.0,3,retrospectivo_completo,1.81359016359327
2915205,BA,2.0,3,retrospectivo_completo,2.4073964945596655
2915304,BA,1.0,3,retrospectivo_completo,1.2327482928022984
2915353,BA,1.0,3,retrospectivo_completo,1.0645510494845527
2915403,BA,1.0,3,retrospectivo_completo,0.9895509686986782
2915502,BA,3.0,3,retrospectivo_completo,4.3354356032476895
2915601,BA,11.0,3,retrospectivo_completo,14.591103177986403
2915700,BA,3.0,3,retrospectivo_completo,1.3839373416256178
2915809,BA,3.0,3,retrospectivo_completo,4.246239752769463
2915908,BA,0.0,3,retrospectivo_completo,0.4067775789381514
2916005,BA,4.0,3,retrospectivo_completo,4.6126431801881
2916104,BA,3.0,3,retrospectivo_completo,5.046809788565237
2916203,BA,1.0,3,retrospectivo_completo,1.4251952285107121
2916302,BA,0.0,3,retrospectivo_completo,1.5469639005862816
2916401,BA,18.0,3,retrospectivo_completo,18.85247166587219
2916500,BA,2.0,3,retrospectivo_completo,2.32480248095354
2916609,BA,3.0,3,retrospectivo_completo,1.0764442987221852
2916708,BA,0.0,3,retrospectivo_completo,0.8559796510617544
2916807,BA,3.0,3,retrospectivo_completo,4.366175219083513
2916856,BA,3.0,3,retrospectivo_completo,1.0728484431629595
2916906,BA,3.0,3,retrospectivo_completo,2.129020714331356
2917003,BA,4.0,3,retrospectivo_completo,2.3616062289846016
2917102,BA,2.0,3,retrospectivo_completo,3.938554524003407
2917201,BA,3.0,3,retrospectivo_completo,3.3261679325712104
2917300,BA,3.0,3,retrospectivo_completo,4.4312775972893474
2917334,BA,0.0,3,retrospectivo_completo,1.6561065470711533
2917359,BA,0.0,3,retrospectivo_completo,1.5580676624339982
2917409,BA,4.0,3,retrospectivo_completo,2.750420328573849
2917508,BA,23.0,3,retrospectivo_completo,11.287236877351921
2917607,BA,2.0,3,retrospectivo_completo,8.452809770290012
2917706,BA,8.0,3,retrospectivo_completo,4.893247265508978
2917805,BA,0.0,3,retrospectivo_completo,1.5444456237608966
2917904,BA,1.0,3,retrospectivo_completo,0.4550960588473776
2918001,BA,34.0,3,retrospectivo_completo,42.465075023242356
2918100,BA,6.0,3,retrospectivo_completo,3.344518253056485
2918209,BA,1.0,3,retrospectivo_completo,1.9179127467787207
2918308,BA,0.0,3,retrospectivo_completo,1.935431766738973
2918357,BA,1.0,3,retrospectivo_completo,2.185487364403614
2918407,BA,43.0,3,retrospectivo_completo,36.422216636857655
2918456,BA,2.0,3,retrospectivo_completo,1.0346553261256066
2918506,BA,0.0,3,retrospectivo_completo,1.012347088416464
2918555,BA,0.0,3,retrospectivo_completo,0.9460964594876228
2918605,BA,1.0,3,retrospectivo_completo,1.2047639761229565
2918704,BA,0.0,3,retrospectivo_completo,0.6550569531476137
2918753,BA,1.0,3,retrospectivo_completo,1.8982303420019726
2918803,BA,0.0,3,retrospectivo_completo,1.9188892752619962
2918902,BA,0.0,3,retrospectivo_completo,0.8751278641106166
2919009,BA,0.0,3,retrospectivo_completo,0.24191943342565636
2919058,BA,0.0,3,retrospectivo_completo,1.2530892007721373
2919108,BA,1.0,3,retrospectivo_completo,0.4575388441213146
2919157,BA,0.0,3,retrospectivo_completo,2.61817449863603
2919207,BA,72.0,3,retrospectivo_completo,56.18368580158968
2919306,BA,1.0,3,retrospectivo_completo,2.122626462983776
2919405,BA,0.0,3,retrospectivo_completo,2.3129468833033826
2919504,BA,5.0,3,retrospectivo_completo,8.370597631455276
2919553,BA,36.0,3,retrospectivo_completo,32.86495903051004
2919603,BA,0.0,3,retrospectivo_completo,0.7227432700449029
2919702,BA,0.0,3,retrospectivo_completo,4.3056384892311605
2919801,BA,8.0,3,retrospectivo_completo,8.839041998067202
2919900,BA,0.0,3,retrospectivo_completo,0.8319408396824083
2919926,BA,7.0,3,retrospectivo_completo,4.724172260177788
2919959,BA,0.0,3,retrospectivo_completo,0.7773623299722557
2920007,BA,1.0,3,retrospectivo_completo,1.5941127847849854
2920106,BA,2.0,3,retrospectivo_completo,1.688281533861211
2920205,BA,0.0,3,retrospectivo_completo,1.8504196083629854
2920304,BA,0.0,3,retrospectivo_completo,1.2727962215398325
2920403,BA,0.0,3,retrospectivo_completo,1.9224147370353581
2920452,BA,1.0,3,retrospectivo_completo,1.116897647221401
2920502,BA,6.0,3,retrospectivo_completo,4.014989207270457
2920601,BA,2.0,3,retrospectivo_completo,4.457333476907048
2920700,BA,0.0,3,retrospectivo_completo,4.028410118890421
2920809,BA,0.0,3,retrospectivo_completo,1.292235393485909
2920908,BA,2.0,3,retrospectivo_completo,2.599439629510972
2921005,BA,11.0,3,retrospectivo_completo,7.769301087878492
2921054,BA,0.0,3,retrospectivo_completo,1.4745051172381065
2921104,BA,7.0,3,retrospectivo_completo,6.287512120142254
2921203,BA,5.0,3,retrospectivo_completo,2.243090365342595
2921302,BA,2.0,3,retrospectivo_completo,1.148647117054901
2921401,BA,0.0,3,retrospectivo_completo,1.0523920326365865
2921450,BA,0.0,3,retrospectivo_completo,1.060719958768908
2921500,BA,1.0,3,retrospectivo_completo,3.3718700354300726
2921609,BA,2.0,3,retrospectivo_completo,0.5993031807298028
2921708,BA,7.0,3,retrospectivo_completo,2.893038795925442
2921807,BA,0.0,3,retrospectivo_completo,2.2063130344583537
2921906,BA,1.0,3,retrospectivo_completo,1.4160071880183733
2922003,BA,7.0,3,retrospectivo_completo,10.901879623327375
2922052,BA,0.0,3,retrospectivo_completo,0.5331587026841347
2922102,BA,1.0,3,retrospectivo_completo,3.044873281223839
2922201,BA,0.0,3,retrospectivo_completo,0.6937828594268592
2922250,BA,2.0,3,retrospectivo_completo,1.0099702967375341
2922300,BA,1.0,3,retrospectivo_completo,4.3452075105994235
2922409,BA,4.0,3,retrospectivo_completo,4.072202360364786
2922508,BA,3.0,3,retrospectivo_completo,3.8988781258540137
2922607,BA,0.0,3,retrospectivo_completo,1.6444018360375312
2922656,BA,0.0,3,retrospectivo_completo,0.6799895760742111
2922706,BA,0.0,3,retrospectivo_completo,3.0391423225533543
2922730,BA,1.0,3,retrospectivo_completo,0.8566819616194848
2922755,BA,0.0,3,retrospectivo_completo,1.2828328632898853
2922805,BA,0.0,3,retrospectivo_completo,0.621605066153714
2922854,BA,1.0,3,retrospectivo_completo,1.0499766274323055
2922904,BA,3.0,3,retrospectivo_completo,1.897605925689747
2923001,BA,5.0,3,retrospectivo_completo,10.087975998610418
2923035,BA,0.0,3,retrospectivo_completo,1.7657180644710504
2923050,BA,0.0,3,retrospectivo_completo,0.9457901899478882
2923100,BA,2.0,3,retrospectivo_completo,1.9495983531245453
2923209,BA,2.0,3,retrospectivo_completo,2.9170482603818564
2923308,BA,0.0,3,retrospectivo_completo,0.8352994130824611
2923357,BA,0.0,3,retrospectivo_completo,1.3638844131781862
2923407,BA,0.0,3,retrospectivo_completo,3.565818343753791
2923506,BA,2.0,3,retrospectivo_completo,1.6394189419006093
2923605,BA,5.0,3,retrospectivo_completo,4.867843070088999
2923704,BA,0.0,3,retrospectivo_completo,4.176187183726102
2923803,BA,2.0,3,retrospectivo_completo,2.4830625317319788
2923902,BA,1.0,3,retrospectivo_completo,1.3904878384549832
2924009,BA,39.0,3,retrospectivo_completo,27.177953794511932
2924058,BA,0.0,3,retrospectivo_completo,1.076237250556467
2924108,BA,1.0,3,retrospectivo_completo,0.5254063574118446
2924207,BA,0.0,3,retrospectivo_completo,0.7928167445272
2924306,BA,2.0,3,retrospectivo_completo,2.6873534084826245
2924405,BA,4.0,3,retrospectivo_completo,1.9808953242617293
2924504,BA,2.0,3,retrospectivo_completo,2.821840316570256
2924603,BA,3.0,3,retrospectivo_completo,1.3107158810388713
2924652,BA,2.0,3,retrospectivo_completo,1.2043161040888155
2924678,BA,1.0,3,retrospectivo_completo,1.2433445321028977
2924702,BA,2.0,3,retrospectivo_completo,1.944230898598575
2924801,BA,5.0,3,retrospectivo_completo,2.272530788746905
2924900,BA,0.0,3,retrospectivo_completo,1.371502437147166
2925006,BA,1.0,3,retrospectivo_completo,4.2579446035962025
2925105,BA,2.0,3,retrospectivo_completo,9.027199552297121
2925204,BA,13.0,3,retrospectivo_completo,6.543999021936257
2925253,BA,1.0,3,retrospectivo_completo,0.9349944029830536
2925303,BA,53.0,3,retrospectivo_completo,38.235292374720366
2925402,BA,9.0,3,retrospectivo_completo,1.4445997421147379
2925501,BA,5.0,3,retrospectivo_completo,4.690439823708666
2925600,BA,3.0,3,retrospectivo_completo,1.5241764860715243
2925709,BA,1.0,3,retrospectivo_completo,1.9076501275318254
2925758,BA,4.0,3,retrospectivo_completo,3.8933515379136505
2925808,BA,4.0,3,retrospectivo_completo,2.4553177831445585
2925907,BA,2.0,3,retrospectivo_completo,1.9858935041105459
2925931,BA,3.0,3,retrospectivo_completo,0.6875029385963513
2925956,BA,0.0,3,retrospectivo_completo,1.6236459110933052
2926004,BA,5.0,3,retrospectivo_completo,3.5051494417335163
2926103,BA,1.0,3,retrospectivo_completo,1.4947659646672904
2926202,BA,2.0,3,retrospectivo_completo,1.6419394758491266
2926301,BA,5.0,3,retrospectivo_completo,3.8039079815067236
2926400,BA,4.0,3,retrospectivo_completo,5.946446912379839
2926509,BA,1.0,3,retrospectivo_completo,0.9638035972863032
2926608,BA,8.0,3,retrospectivo_completo,6.040626273111663
2926657,BA,0.0,3,retrospectivo_completo,1.151541608505063
2926707,BA,3.0,3,retrospectivo_completo,2.4731170351244
2926806,BA,3.0,3,retrospectivo_completo,2.7103848022080768
2926905,BA,5.0,3,retrospectivo_completo,1.9302191918160374
2927002,BA,3.0,3,retrospectivo_completo,3.2686956030800265
2927101,BA,3.0,3,retrospectivo_completo,0.766156011391857
2927200,BA,7.0,3,retrospectivo_completo,3.241361537576613
2927309,BA,4.0,3,retrospectivo_completo,1.6163266432367116
2927408,BA,1191.0,3,retrospectivo_completo,788.4412391039863
2927507,BA,0.0,3,retrospectivo_completo,1.6845870584139107
2927606,BA,1.0,3,retrospectivo_completo,0.8420472476055886
2927705,BA,5.0,3,retrospectivo_completo,6.7100852324323705
2927804,BA,0.0,3,retrospectivo_completo,1.0284868758208618
2927903,BA,3.0,3,retrospectivo_completo,1.5246665086230127
2928000,BA,3.0,3,retrospectivo_completo,3.803209892335814
2928059,BA,0.0,3,retrospectivo_completo,1.6308506540041905
2928109,BA,13.0,3,retrospectivo_completo,7.033080070660249
2928208,BA,3.0,3,retrospectivo_completo,5.143958774906824
2928307,BA,0.0,3,retrospectivo_completo,0.7585084298045822
2928406,BA,0.0,3,retrospectivo_completo,2.8469318990884642
2928505,BA,2.0,3,retrospectivo_completo,0.7384303697788964
2928604,BA,15.0,3,retrospectivo_completo,8.482408417723397
2928703,BA,21.0,3,retrospectivo_completo,21.794995480116032
2928802,BA,5.0,3,retrospectivo_completo,6.338766677076885
2928901,BA,1.0,3,retrospectivo_completo,5.552178825195321
2928950,BA,3.0,3,retrospectivo_completo,1.0336076325084047
2929008,BA,1.0,3,retrospectivo_completo,1.5197883320692156
2929057,BA,1.0,3,retrospectivo_completo,2.519073567767597
2929107,BA,2.0,3,retrospectivo_completo,2.320869988173522
2929206,BA,3.0,3,retrospectivo_completo,6.441561530104916
2929255,BA,0.0,3,retrospectivo_completo,1.7214546755984719
2929305,BA,0.0,3,retrospectivo_completo,4.6680515260527065
2929354,BA,2.0,3,retrospectivo_completo,0.8260327381115413
2929370,BA,0.0,3,retrospectivo_completo,0.7106420574822679
2929404,BA,1.0,3,retrospectivo_completo,1.0870256138893843
2929503,BA,0.0,3,retrospectivo_completo,6.440210421525166
2929602,BA,2.0,3,retrospectivo_completo,1.995563408154167
2929701,BA,1.0,3,retrospectivo_completo,1.3432038749996773
2929750,BA,1.0,3,retrospectivo_completo,1.3930586303635493
2929800,BA,2.0,3,retrospectivo_completo,1.184638814719209
2929909,BA,6.0,3,retrospectivo_completo,7.248771760880558
2930006,BA,0.0,3,retrospectivo_completo,1.7832524485393757
2930105,BA,18.0,3,retrospectivo_completo,12.66187810587484
2930154,BA,4.0,3,retrospectivo_completo,4.006942029665375
2930204,BA,1.0,3,retrospectivo_completo,2.428070065633961
2930303,BA,2.0,3,retrospectivo_completo,2.607613701891251
2930402,BA,0.0,3,retrospectivo_completo,1.1188078856420234
2930501,BA,14.0,3,retrospectivo_completo,10.940153441851134
2930600,BA,2.0,3,retrospectivo_completo,1.3419350676393562
2930709,BA,21.0,3,retrospectivo_completo,20.94386151981784
2930758,BA,0.0,3,retrospectivo_completo,1.1566455918492486
2930766,BA,2.0,3,retrospectivo_completo,0.7377020800779645
2930774,BA,5.0,3,retrospectivo_completo,2.2883662617427025
2930808,BA,0.0,3,retrospectivo_completo,1.0951406439272031
2930907,BA,0.0,3,retrospectivo_completo,1.626304163640153
2931004,BA,4.0,3,retrospectivo_completo,3.7177117298627724
2931053,BA,3.0,3,retrospectivo_completo,2.9045277052814393
2931103,BA,0.0,3,retrospectivo_completo,0.830488312618254
2931202,BA,0.0,3,retrospectivo_completo,2.728961258475948
2931301,BA,2.0,3,retrospectivo_completo,1.403936836196969
2931350,BA,30.0,3,retrospectivo_completo,39.37881651979928
2931400,BA,1.0,3,retrospectivo_completo,0.6810091716375212
2931509,BA,3.0,3,retrospectivo_completo,1.6929409952462606
2931608,BA,0.0,3,retrospectivo_completo,1.7153840712928115
2931707,BA,0.0,3,retrospectivo_completo,1.01296361605729
2931806,BA,0.0,3,retrospectivo_completo,3.082787161207145
2931905,BA,9.0,3,retrospectivo_completo,4.563605066193694
2932002,BA,3.0,3,retrospectivo_completo,2.889837795632255
2932101,BA,6.0,3,retrospectivo_completo,3.1250105690066223
2932200,BA,4.0,3,retrospectivo_completo,3.859933724299889
2932309,BA,1.0,3,retrospectivo_completo,4.703202569573462
2932408,BA,4.0,3,retrospectivo_completo,1.419158801147898
2932457,BA,1.0,3,retrospectivo_completo,1.1057811067282937
2932507,BA,4.0,3,retrospectivo_completo,3.4333122449688527
2932606,BA,2.0,3,retrospectivo_completo,2.9834441733055947
2932705,BA,2.0,3,retrospectivo_completo,4.45430580546337
2932804,BA,3.0,3,retrospectivo_completo,1.8215390316490498
2932903,BA,42.0,3,retrospectivo_completo,18.108132355325093
2933000,BA,9.0,3,retrospectivo_completo,3.9094159370181627
2933059,BA,0.0,3,retrospectivo_completo,0.9504438280149826
2933109,BA,1.0,3,retrospectivo_completo,0.7995434518696118
2933158,BA,1.0,3,retrospectivo_completo,0.9338065976391626
2933174,BA,1.0,3,retrospectivo_completo,0.7136875081404782
2933208,BA,7.0,3,retrospectivo_completo,6.597049208452465
2933257,BA,0.0,3,retrospectivo_completo,1.0306079134903243
2933307,BA,91.0,3,retrospectivo_completo,98.77453782390067
2933406,BA,1.0,3,retrospectivo_completo,0.6800550779200819
2933455,BA,2.0,3,retrospectivo_completo,1.305813734620657
2933505,BA,1.0,3,retrospectivo_completo,3.0842067051036643
2933604,BA,3.0,3,retrospectivo_completo,3.6517964480567597
5200050,GO,0.0,3,retrospectivo_completo,2.2752761588174546
5200100,GO,1.0,3,retrospectivo_completo,4.949513391222662
5200134,GO,7.0,3,retrospectivo_completo,5.952043392996567
5200159,GO,0.0,3,retrospectivo_completo,0.6203368621688926
5200175,GO,1.0,3,retrospectivo_completo,1.319577577363428
5200209,GO,1.0,3,retrospectivo_completo,0.6720421878984836
5200258,GO,19.0,3,retrospectivo_completo,45.96210917289151
5200308,GO,5.0,3,retrospectivo_completo,6.647117574346491
5200506,GO,0.0,3,retrospectivo_completo,0.5502286434750078
5200555,GO,2.0,3,retrospectivo_completo,2.2560120554745295
5200605,GO,9.0,3,retrospectivo_completo,2.89457360260503
5200803,GO,3.0,3,retrospectivo_completo,1.826591000093151
5200829,GO,0.0,3,retrospectivo_completo,0.4640862892533258
5200852,GO,3.0,3,retrospectivo_completo,1.6502644712615737
5200902,GO,0.0,3,retrospectivo_completo,0.6732023678777118
5201108,GO,111.0,3,retrospectivo_completo,140.78423257125326
5201207,GO,0.0,3,retrospectivo_completo,0.33674305821007205
5201306,GO,8.0,3,retrospectivo_completo,6.82790983714151
5201405,GO,104.0,3,retrospectivo_completo,198.98818306763476
5201454,GO,0.0,3,retrospectivo_completo,0.7044230591938073
5201504,GO,1.0,3,retrospectivo_completo,1.037055328923541
5201603,GO,0.0,3,retrospectivo_completo,0.9358668240455477
5201702,GO,3.0,3,retrospectivo_completo,7.086562237942094
5201801,GO,1.0,3,retrospectivo_completo,2.2465423788515473
5202155,GO,2.0,3,retrospectivo_completo,1.7916202295880683
5202353,GO,1.0,3,retrospectivo_completo,0.6538195889267256
5202502,GO,2.0,3,retrospectivo_completo,2.1407629434008415
5202601,GO,1.0,3,retrospectivo_completo,0.7405233592400635
5202809,GO,0.0,3,retrospectivo_completo,0.6105778847695494
5203104,GO,0.0,3,retrospectivo_completo,0.7644212505622731
5203203,GO,1.0,3,retrospectivo_completo,4.2274716105757735
5203302,GO,7.0,3,retrospectivo_completo,11.846055786631302
5203401,GO,1.0,3,retrospectivo_completo,2.0562085280168128
5203500,GO,8.0,3,retrospectivo_completo,8.496454342296206
5203559,GO,2.0,3,retrospectivo_completo,2.0447434930741535
5203575,GO,0.0,3,retrospectivo_completo,0.7159928947602802
5203609,GO,2.0,3,retrospectivo_completo,1.1198035779299873
5203807,GO,1.0,3,retrospectivo_completo,1.4162622107317584
5203906,GO,1.0,3,retrospectivo_completo,3.496076982931047
5203939,GO,0.0,3,retrospectivo_completo,0.6862501665417946
5203962,GO,0.0,3,retrospectivo_completo,0.9412714306764207
5204003,GO,1.0,3,retrospectivo_completo,1.9201856130200428
5204102,GO,6.0,3,retrospectivo_completo,4.297686388187576
5204201,GO,0.0,3,retrospectivo_completo,0.47641831356420267
5204250,GO,2.0,3,retrospectivo_completo,3.3940326191667944
5204300,GO,8.0,3,retrospectivo_completo,8.180605424390922
5204409,GO,4.0,3,retrospectivo_completo,5.900535049146452
5204508,GO,36.0,3,retrospectivo_completo,37.25983401632299
5204557,GO,0.0,3,retrospectivo_completo,0.969528490096209
5204607,GO,0.0,3,retrospectivo_completo,0.7643791410922901
5204656,GO,1.0,3,retrospectivo_completo,0.6839093512222384
5204706,GO,7.0,3,retrospectivo_completo,3.230256598097168
5204805,GO,2.0,3,retrospectivo_completo,2.059802854755054
5204854,GO,0.0,3,retrospectivo_completo,1.262901418026584
5204904,GO,7.0,3,retrospectivo_completo,5.636106018396447
5204953,GO,1.0,3,retrospectivo_completo,0.5724513065853791
5205000,GO,2.0,3,retrospectivo_completo,3.0187426756478524
5205059,GO,5.0,3,retrospectivo_completo,0.9269520778107225
5205109,GO,33.0,3,retrospectivo_completo,44.61498112769927
5205208,GO,0.0,3,retrospectivo_completo,1.2583116775011214
5205307,GO,2.0,3,retrospectivo_completo,1.4347841821554146
5205406,GO,10.0,3,retrospectivo_completo,11.0094686858799
5205455,GO,1.0,3,retrospectivo_completo,2.691274575972178
5205471,GO,8.0,3,retrospectivo_completo,4.15281062029591
5205497,GO,8.0,3,retrospectivo_completo,27.07527758101791
5205513,GO,11.0,3,retrospectivo_completo,4.091098200994537
5205521,GO,0.0,3,retrospectivo_completo,0.765848887431
5205703,GO,0.0,3,retrospectivo_completo,0.5850526581413784
5205802,GO,2.0,3,retrospectivo_completo,2.891792505532333
5205901,GO,4.0,3,retrospectivo_completo,2.882029291972022
5206206,GO,8.0,3,retrospectivo_completo,16.210712063756773
5206305,GO,0.0,3,retrospectivo_completo,0.8484817914565406
5206404,GO,8.0,3,retrospectivo_completo,5.453608139412581
5206503,GO,1.0,3,retrospectivo_completo,0.9340200799953563
5206602,GO,2.0,3,retrospectivo_completo,1.2400832668017867
5206701,GO,2.0,3,retrospectivo_completo,0.7317845900980025
5206800,GO,0.0,3,retrospectivo_completo,0.8789230665906824
5206909,GO,0.0,3,retrospectivo_completo,0.7541505885209376
5207105,GO,2.0,3,retrospectivo_completo,0.8137123038068579
5207253,GO,2.0,3,retrospectivo_completo,1.650343651845411
5207352,GO,0.0,3,retrospectivo_completo,1.3322866720487676
5207402,GO,4.0,3,retrospectivo_completo,5.174763021106652
5207501,GO,0.0,3,retrospectivo_completo,0.9177031498158749
5207535,GO,0.0,3,retrospectivo_completo,1.598221036667215
5207600,GO,4.0,3,retrospectivo_completo,1.3796697114861056
5207808,GO,7.0,3,retrospectivo_completo,4.25615327955993
5207907,GO,1.0,3,retrospectivo_completo,2.008138939041404
5208004,GO,34.0,3,retrospectivo_completo,53.710982344718765
5208103,GO,1.0,3,retrospectivo_completo,1.321842834904281
5208152,GO,0.0,3,retrospectivo_completo,0.8630534759129621
5208301,GO,1.0,3,retrospectivo_completo,0.8612411777449922
5208400,GO,4.0,3,retrospectivo_completo,3.291771006264986
5208509,GO,1.0,3,retrospectivo_completo,2.3832050981415653
5208608,GO,16.0,3,retrospectivo_completo,20.476426052786145
5208707,GO,656.0,3,retrospectivo_completo,936.6633097228154
5208806,GO,8.0,3,retrospectivo_completo,10.939731602157789
5208905,GO,8.0,3,retrospectivo_completo,8.50912487503268
5209101,GO,12.0,3,retrospectivo_completo,13.136951966521124
5209150,GO,0.0,3,retrospectivo_completo,1.5189702464031771
5209200,GO,6.0,3,retrospectivo_completo,3.9153708872157025
5209291,GO,0.0,3,retrospectivo_completo,0.4873509506430001
5209408,GO,0.0,3,retrospectivo_completo,0.6720663867787555
5209457,GO,0.0,3,retrospectivo_completo,0.39644749124793754
5209606,GO,0.0,3,retrospectivo_completo,0.9794542067607692
5209705,GO,1.0,3,retrospectivo_completo,7.431021326172834
5209804,GO,2.0,3,retrospectivo_completo,0.7485003537095997
5209903,GO,3.0,3,retrospectivo_completo,2.1200040702741805
5209937,GO,3.0,3,retrospectivo_completo,1.854807135682456
5209952,GO,4.0,3,retrospectivo_completo,4.549291211125801
5210000,GO,16.0,3,retrospectivo_completo,16.955754763203185
5210109,GO,14.0,3,retrospectivo_completo,9.431206038858642
5210158,GO,1.0,3,retrospectivo_completo,0.7820233996311035
5210208,GO,15.0,3,retrospectivo_completo,15.382127599492968
5210307,GO,0.0,3,retrospectivo_completo,0.6966747140708117
5210406,GO,6.0,3,retrospectivo_completo,16.060808063471658
5210562,GO,1.0,3,retrospectivo_completo,1.1841568689433162
5210604,GO,2.0,3,retrospectivo_completo,1.647672790790328
5210802,GO,3.0,3,retrospectivo_completo,1.5597217189766879
5210901,GO,3.0,3,retrospectivo_completo,7.703780544468445
5211008,GO,2.0,3,retrospectivo_completo,1.5065801799821803
5211206,GO,6.0,3,retrospectivo_completo,9.55106045147653
5211305,GO,0.0,3,retrospectivo_completo,2.6082958990690583
5211404,GO,0.0,3,retrospectivo_completo,2.706409065595926
5211503,GO,35.0,3,retrospectivo_completo,51.05469295705953
5211602,GO,0.0,3,retrospectivo_completo,0.6849072700769987
5211701,GO,1.0,3,retrospectivo_completo,1.7508864603540613
5211800,GO,7.0,3,retrospectivo_completo,12.749133937072564
5211909,GO,54.0,3,retrospectivo_completo,41.32394744214269
5212006,GO,1.0,3,retrospectivo_completo,0.7122984164834552
5212055,GO,2.0,3,retrospectivo_completo,0.4637324170133706
5212105,GO,5.0,3,retrospectivo_completo,2.3938211287360214
5212204,GO,3.0,3,retrospectivo_completo,9.89143611782476
5212253,GO,0.0,3,retrospectivo_completo,0.6155225554320737
5212303,GO,1.0,3,retrospectivo_completo,1.7813550605408228
5212501,GO,33.0,3,retrospectivo_completo,57.57432506274213
5212600,GO,0.0,3,retrospectivo_completo,0.8085327972117534
5212709,GO,2.0,3,retrospectivo_completo,1.3921894381121198
5212808,GO,2.0,3,retrospectivo_completo,2.841139178297788
5212907,GO,0.0,3,retrospectivo_completo,0.6885540943548912
5212956,GO,2.0,3,retrospectivo_completo,1.02994975266223
5213004,GO,4.0,3,retrospectivo_completo,2.6242201953621453
5213053,GO,1.0,3,retrospectivo_completo,0.602426455259346
5213087,GO,11.0,3,retrospectivo_completo,8.843756359837865
5213103,GO,25.0,3,retrospectivo_completo,24.74917626713016
5213400,GO,0.0,3,retrospectivo_completo,0.3820743515381413
5213509,GO,0.0,3,retrospectivo_completo,1.070160793697272
5213707,GO,0.0,3,retrospectivo_completo,2.637486768676069
5213756,GO,0.0,3,retrospectivo_completo,4.652665042176016
5213772,GO,1.0,3,retrospectivo_completo,0.5341079992344218
5213806,GO,14.0,3,retrospectivo_completo,19.076494253768015
5213855,GO,1.0,3,retrospectivo_completo,0.6142374656084489
5213905,GO,1.0,3,retrospectivo_completo,1.3498575006389877
5214002,GO,6.0,3,retrospectivo_completo,3.4205982152593437
5214051,GO,2.0,3,retrospectivo_completo,0.9910079966887024
5214101,GO,1.0,3,retrospectivo_completo,0.8533500110807655
5214408,GO,2.0,3,retrospectivo_completo,3.0161876969456327
5214507,GO,7.0,3,retrospectivo_completo,11.121843938627759
5214606,GO,13.0,3,retrospectivo_completo,16.307888802675755
5214705,GO,1.0,3,retrospectivo_completo,0.5938458200216921
5214804,GO,1.0,3,retrospectivo_completo,0.8173307912195303
5214838,GO,1.0,3,retrospectivo_completo,2.3101716384976108
5214861,GO,0.0,3,retrospectivo_completo,2.1206044195504035
5214879,GO,0.0,3,retrospectivo_completo,0.5677586652804112
5214903,GO,1.0,3,retrospectivo_completo,0.5073854500285717
5215009,GO,4.0,3,retrospectivo_completo,2.8794684999792737
5215207,GO,0.0,3,retrospectivo_completo,0.9288472518999008
5215231,GO,13.0,3,retrospectivo_completo,25.956880414371962
5215256,GO,1.0,3,retrospectivo_completo,0.8650112993284221
5215306,GO,6.0,3,retrospectivo_completo,5.931092432708579
5215405,GO,1.0,3,retrospectivo_completo,1.2292902989575296
5215504,GO,1.0,3,retrospectivo_completo,3.4293194714638506
5215603,GO,9.0,3,retrospectivo_completo,5.973950693456618
5215652,GO,0.0,3,retrospectivo_completo,0.7891388279617162
5215702,GO,3.0,3,retrospectivo_completo,7.2236306025844526
5215801,GO,0.0,3,retrospectivo_completo,0.8045076394103766
5215900,GO,1.0,3,retrospectivo_completo,1.1366717618541442
5216007,GO,0.0,3,retrospectivo_completo,0.6979046099931652
5216304,GO,3.0,3,retrospectivo_completo,3.754254784118337
5216403,GO,4.0,3,retrospectivo_completo,2.8166254616095796
5216452,GO,0.0,3,retrospectivo_completo,0.8238272454688014
5216809,GO,0.0,3,retrospectivo_completo,3.254715356878199
5216908,GO,0.0,3,retrospectivo_completo,0.5045398945939318
5217104,GO,10.0,3,retrospectivo_completo,8.748922932587108
5217203,GO,4.0,3,retrospectivo_completo,3.620025492644484
5217302,GO,5.0,3,retrospectivo_completo,7.793962913521982
5217401,GO,12.0,3,retrospectivo_completo,13.227056999228552
5217609,GO,12.0,3,retrospectivo_completo,20.470081056245853
5217708,GO,2.0,3,retrospectivo_completo,5.500664217761035
5218003,GO,13.0,3,retrospectivo_completo,16.614764894905814
5218052,GO,0.0,3,retrospectivo_completo,0.8118542961689077
5218102,GO,2.0,3,retrospectivo_completo,0.7501608099828494
5218300,GO,15.0,3,retrospectivo_completo,8.136293433231373
5218391,GO,0.0,3,retrospectivo_completo,0.7844120284675504
5218508,GO,14.0,3,retrospectivo_completo,21.36815190651227
5218607,GO,0.0,3,retrospectivo_completo,3.485529273017247
5218706,GO,1.0,3,retrospectivo_completo,1.1501563896677252
5218789,GO,0.0,3,retrospectivo_completo,1.2634600656460953
5218805,GO,63.0,3,retrospectivo_completo,114.63826108492322
5218904,GO,7.0,3,retrospectivo_completo,6.503966954585702
5219001,GO,4.0,3,retrospectivo_completo,3.128309949738462
5219100,GO,0.0,3,retrospectivo_completo,1.6295125838148072
5219209,GO,2.0,3,retrospectivo_completo,0.8516459127362879
5219258,GO,4.0,3,retrospectivo_completo,1.8134644380099425
5219308,GO,9.0,3,retrospectivo_completo,15.219918706037015
5219357,GO,0.0,3,retrospectivo_completo,0.8455072478074823
5219407,GO,7.0,3,retrospectivo_completo,2.485421580800646
5219456,GO,0.0,3,retrospectivo_completo,0.5603346780587607
5219506,GO,0.0,3,retrospectivo_completo,0.7620874313406754
5219605,GO,0.0,3,retrospectivo_completo,0.6569919179789054
5219704,GO,0.0,3,retrospectivo_completo,2.816686567755273
5219712,GO,0.0,3,retrospectivo_completo,1.1896411113445393
5219738,GO,0.0,3,retrospectivo_completo,2.026032006250828
5219753,GO,5.0,3,retrospectivo_completo,15.81498576781081
5219803,GO,0.0,3,retrospectivo_completo,1.830977553920554
5219902,GO,0.0,3,retrospectivo_completo,1.5332139099831192
5220009,GO,3.0,3,retrospectivo_completo,3.0152175145919493
5220058,GO,1.0,3,retrospectivo_completo,0.5403880583131401
5220108,GO,7.0,3,retrospectivo_completo,13.873216859473029
5220157,GO,1.0,3,retrospectivo_completo,1.2163091920129816
5220207,GO,5.0,3,retrospectivo_completo,5.1657966304025305
5220264,GO,0.0,3,retrospectivo_completo,1.2254414766861612
5220280,GO,1.0,3,retrospectivo_completo,0.5553997341075966
5220405,GO,3.0,3,retrospectivo_completo,10.088538742901381
5220454,GO,15.0,3,retrospectivo_completo,33.27200045405306
5220504,GO,3.0,3,retrospectivo_completo,2.0547243487630587
5220603,GO,7.0,3,retrospectivo_completo,7.13035172505064
5220686,GO,2.0,3,retrospectivo_completo,1.0220626480126276
5220702,GO,0.0,3,retrospectivo_completo,0.4506902251217376
5221007,GO,0.0,3,retrospectivo_completo,1.2079158569020991
5221080,GO,1.0,3,retrospectivo_completo,0.48172642085337236
5221197,GO,0.0,3,retrospectivo_completo,1.7853909445297746
5221304,GO,0.0,3,retrospectivo_completo,1.1079395449828502
5221403,GO,24.0,3,retrospectivo_completo,31.57130966332116
5221452,GO,1.0,3,retrospectivo_completo,0.6019717737658844
5221502,GO,2.0,3,retrospectivo_completo,1.2343412370609008
5221551,GO,1.0,3,retrospectivo_completo,1.3684280970656675
5221577,GO,0.0,3,retrospectivo_completo,0.6055437104299383
5221601,GO,17.0,3,retrospectivo_completo,15.273312432195075
5221700,GO,3.0,3,retrospectivo_completo,4.424834534209188
5221809,GO,3.0,3,retrospectivo_completo,1.2919395563537281
5221858,GO,37.0,3,retrospectivo_completo,77.86379238709935
5221908,GO,0.0,3,retrospectivo_completo,0.9686804488948153
5222005,GO,3.0,3,retrospectivo_completo,4.005127479966563
5222054,GO,2.0,3,retrospectivo_completo,2.0522974619065724
5222203,GO,0.0,3,retrospectivo_completo,0.8055722653322562
5222302,GO,0.0,3,retrospectivo_completo,1.0296407131489318
1400027,RR,0.0,4,populacao,5.594589839120764
1400050,RR,0.0,4,populacao,7.710951549023455
1400100,RR,39.0,4,populacao,160.6847507253353
1400159,RR,1.0,4,populacao,5.780914846738541
1400175,RR,0.0,4,populacao,8.167810788481066
1400209,RR,0.0,4,populacao,10.069777749358629
1400233,RR,0.0,4,populacao,4.594242330689742
1400282,RR,0.0,4,populacao,5.255333136938787
1400308,RR,0.0,4,populacao,8.15571176201238
1400407,RR,0.0,4,populacao,5.0946580654346265
1400456,RR,0.0,4,populacao,5.989018101999953
1400472,RR,0.0,4,populacao,13.654961272559893
1400506,RR,0.0,4,populacao,3.745858594705425
1400605,RR,0.0,4,populacao,3.676652163304537
1400704,RR,0.0,4,populacao,4.760240973840125
2600054,PE,11.0,4,populacao,48.0883066413837
2600104,PE,8.0,4,populacao,17.914786511655134
2600203,PE,2.0,4,populacao,9.39416811134716
2600302,PE,1.0,4,populacao,11.926736331772673
2600401,PE,1.0,4,populacao,17.602147667704266
2600500,PE,6.0,4,populacao,20.85243013825228
2600609,PE,0.0,4,populacao,7.025662689837036
2600708,PE,1.0,4,populacao,18.519737835089472
2600807,PE,1.0,4,populacao,11.080772401082095
2600906,PE,2.0,4,populacao,10.998499021095025
2601003,PE,0.0,4,populacao,5.345349893865817
2601052,PE,2.0,4,populacao,9.808922738693742
2601102,PE,11.0,4,populacao,40.535126397511924
2601201,PE,5.0,4,populacao,35.651959314749945
2601300,PE,2.0,4,populacao,6.883862099624027
2601409,PE,5.0,4,populacao,20.538339411125172
2601508,PE,0.0,4,populacao,5.803661016499672
2601607,PE,4.0,4,populacao,10.003475084310224
2601706,PE,11.0,4,populacao,36.77426500998533
2601805,PE,0.0,4,populacao,6.115815899391791
2601904,PE,10.0,4,populacao,29.303358146100617
2602001,PE,2.0,4,populacao,18.301471397594362
2602100,PE,7.0,4,populacao,23.333698486450565
2602209,PE,1.0,4,populacao,18.886580317620055
2602308,PE,5.0,4,populacao,18.411814518988784
2602407,PE,0.0,4,populacao,4.342582580141057
2602506,PE,0.0,4,populacao,3.6127693035498707
2602605,PE,4.0,4,populacao,24.2648395634807
2602704,PE,2.0,4,populacao,6.3326304537106575
2602803,PE,1.0,4,populacao,27.922617245494084
2602902,PE,21.0,4,populacao,99.04408255584617
2603009,PE,6.0,4,populacao,16.384985604954377
2603108,PE,0.0,4,populacao,9.78036903622764
2603207,PE,1.0,4,populacao,13.792890174302922
2603306,PE,1.0,4,populacao,5.350189504453291
2603405,PE,0.0,4,populacao,2.7760006329754936
2603454,PE,31.0,4,populacao,75.6726351068133
2603504,PE,2.0,4,populacao,8.993448354704253
2603603,PE,3.0,4,populacao,4.110281271942271
2603702,PE,2.0,4,populacao,11.983843736704875
2603801,PE,1.0,4,populacao,9.674865525420692
2603900,PE,2.0,4,populacao,9.408202982050835
2603926,PE,0.0,4,populacao,6.1971213572613655
2604007,PE,10.0,4,populacao,40.01632014253464
2604106,PE,63.0,4,populacao,172.35208392961934
2604155,PE,0.0,4,populacao,6.908060152561401
2604205,PE,7.0,4,populacao,20.49236311054416
2604304,PE,0.0,4,populacao,5.659924582051673
2604403,PE,1.0,4,populacao,6.483142342981121
2604502,PE,1.0,4,populacao,10.417261789539312
2604601,PE,4.0,4,populacao,12.673004284361275
2604700,PE,1.0,4,populacao,8.75872724121173
2604809,PE,2.0,4,populacao,6.078550897868235
2604908,PE,2.0,4,populacao,5.594105878062017
2605004,PE,1.0,4,populacao,11.603934305588112
2605103,PE,5.0,4,populacao,17.7870207921458
2605152,PE,2.0,4,populacao,9.046200110107726
2605202,PE,10.0,4,populacao,33.04534505233607
2605301,PE,0.0,4,populacao,15.385122057582102
2605400,PE,5.0,4,populacao,10.626816927976968
2605459,PE,0.0,4,populacao,1.4596265531823724
2605509,PE,1.0,4,populacao,5.835118485318257
2605608,PE,1.0,4,populacao,10.921549212754178
2605707,PE,6.0,4,populacao,15.720507071294099
2605806,PE,0.0,4,populacao,7.418155108481235
2605905,PE,4.0,4,populacao,14.861960153076085
2606002,PE,30.0,4,populacao,67.09732910686687
2606101,PE,2.0,4,populacao,14.724515212391804
2606200,PE,9.0,4,populacao,38.353429944678325
2606309,PE,0.0,4,populacao,3.589539172729992
2606408,PE,10.0,4,populacao,40.28540249119823
2606507,PE,3.0,4,populacao,9.243656222076694
2606606,PE,2.0,4,populacao,14.027611287795446
2606705,PE,0.0,4,populacao,3.743438789411688
2606804,PE,10.0,4,populacao,55.84813825734065
2606903,PE,0.0,4,populacao,5.892225890250459
2607000,PE,0.0,4,populacao,11.034796100501085
2607109,PE,0.0,4,populacao,2.198151128831013
2607208,PE,16.0,4,populacao,45.75029076657467
2607307,PE,3.0,4,populacao,14.735162355684249
2607406,PE,0.0,4,populacao,2.3510828233952137
2607505,PE,0.0,4,populacao,12.73495129988095
2607604,PE,4.0,4,populacao,12.480871744038529
2607653,PE,3.0,4,populacao,17.577465653708146
2607703,PE,2.0,4,populacao,6.600260919198009
2607752,PE,3.0,4,populacao,12.74656636529089
2607802,PE,2.0,4,populacao,8.159099489423612
2607901,PE,131.0,4,populacao,336.8156026016549
2607950,PE,3.0,4,populacao,5.630402957468077
2608008,PE,2.0,4,populacao,8.239920986234441
2608057,PE,3.0,4,populacao,7.115679446764066
2608107,PE,3.0,4,populacao,16.205436052159065
2608206,PE,4.0,4,populacao,7.738053368313313
2608255,PE,0.0,4,populacao,5.485214639843836
2608305,PE,2.0,4,populacao,7.120035096292793
2608404,PE,0.0,4,populacao,7.396860821896346
2608453,PE,2.0,4,populacao,8.637253015466115
2608503,PE,0.0,4,populacao,10.326761071553536
2608602,PE,2.0,4,populacao,6.307464478655789
2608701,PE,3.0,4,populacao,7.848880450766484
2608750,PE,0.0,4,populacao,12.24131101995853
2608800,PE,6.0,4,populacao,19.304238711319123
2608909,PE,7.0,4,populacao,27.169573838083018
2609006,PE,2.0,4,populacao,12.202594135258733
2609105,PE,1.0,4,populacao,7.65626394938499
2609154,PE,0.0,4,populacao,10.185928403458021
2609204,PE,0.0,4,populacao,5.533126784659835
2609303,PE,3.0,4,populacao,7.3900853670738815
2609402,PE,5.0,4,populacao,30.063177008334147
2609501,PE,1.0,4,populacao,15.622262976368363
2609600,PE,71.0,4,populacao,189.11794688780796
2609709,PE,1.0,4,populacao,11.502786444309889
2609808,PE,3.0,4,populacao,7.159719903110085
2609907,PE,8.0,4,populacao,33.28490577641606
2610004,PE,8.0,4,populacao,30.408241243221095
2610103,PE,0.0,4,populacao,3.756021776939122
2610202,PE,2.0,4,populacao,12.784799288931941
2610301,PE,0.0,4,populacao,5.540870161599795
2610400,PE,4.0,4,populacao,10.34853931919717
2610509,PE,1.0,4,populacao,13.981151026155688
2610608,PE,2.0,4,populacao,27.07374954845102
2610707,PE,49.0,4,populacao,158.91006552290833
2610806,PE,3.0,4,populacao,10.891543627111833
2610905,PE,9.0,4,populacao,32.3677995700896
2611002,PE,9.0,4,populacao,17.47486590925368
2611101,PE,66.0,4,populacao,166.10463062224824
2611200,PE,1.0,4,populacao,5.453273209966503
2611309,PE,1.0,4,populacao,13.047590143831817
2611408,PE,0.0,4,populacao,7.161655747345075
2611507,PE,1.0,4,populacao,12.501198108505923
2611533,PE,1.0,4,populacao,3.2919031216002974
2611606,PE,599.0,4,populacao,790.6457297925671
2611705,PE,2.0,4,populacao,9.868933909978427
2611804,PE,4.0,4,populacao,22.788758334300912
2611903,PE,2.0,4,populacao,11.314525592457123
2612000,PE,0.0,4,populacao,4.8710680562932955
2612109,PE,0.0,4,populacao,5.20112949835907
2612208,PE,19.0,4,populacao,29.256897884460862
2612307,PE,3.0,4,populacao,7.6364215459763445
2612406,PE,3.0,4,populacao,12.572824345200548
2612455,PE,2.0,4,populacao,7.3571760150790535
2612471,PE,0.0,4,populacao,6.049997195402135
2612505,PE,11.0,4,populacao,51.18420553419128
2612554,PE,1.0,4,populacao,6.947260998319946
2612604,PE,2.0,4,populacao,20.15794601894966
2612703,PE,0.0,4,populacao,6.78174631622831
2612802,PE,1.0,4,populacao,5.678799063342824
2612901,PE,1.0,4,populacao,7.589961284336587
2613008,PE,4.0,4,populacao,28.46852531976123
2613107,PE,0.0,4,populacao,17.917690278007615
2613206,PE,1.0,4,populacao,10.951070837337772
2613305,PE,1.0,4,populacao,10.28756022579499
2613404,PE,2.0,4,populacao,10.145275674523234
2613503,PE,2.0,4,populacao,16.35981962989951
2613602,PE,0.0,4,populacao,16.31142352402476
2613701,PE,13.0,4,populacao,54.25155072453275
2613800,PE,1.0,4,populacao,8.66483879581472
2613909,PE,10.0,4,populacao,41.411579874903595
2614006,PE,2.0,4,populacao,9.233977000901746
2614105,PE,4.0,4,populacao,17.26289096552229
2614204,PE,5.0,4,populacao,21.905529402086778
2614303,PE,2.0,4,populacao,5.438754378204079
2614402,PE,0.0,4,populacao,2.893119209192381
2614501,PE,5.0,4,populacao,31.154025234750947
2614600,PE,9.0,4,populacao,13.696581923612175
2614709,PE,0.0,4,populacao,6.220351488081244
2614808,PE,2.0,4,populacao,12.277124138305844
2614857,PE,1.0,4,populacao,11.17950045706658
2615003,PE,6.0,4,populacao,13.72416770396078
2615102,PE,1.0,4,populacao,3.4458027382819933
2615201,PE,1.0,4,populacao,5.051101570147354
2615300,PE,7.0,4,populacao,25.690104881492
2615409,PE,5.0,4,populacao,21.385755224991993
2615508,PE,1.0,4,populacao,6.62494293319413
2615607,PE,4.0,4,populacao,14.593845726529986
2615706,PE,2.0,4,populacao,7.366371275195255
2615805,PE,0.0,4,populacao,13.06210897559424
2615904,PE,3.0,4,populacao,3.95347788890809
2616001,PE,2.0,4,populacao,8.836161010611324
2616100,PE,0.0,4,populacao,4.592790447513499
2616183,PE,0.0,4,populacao,3.6979464498894257
2616209,PE,1.0,4,populacao,9.901843261973255
2616308,PE,2.0,4,populacao,15.694373174121736
2616407,PE,15.0,4,populacao,66.58239454035956
2616506,PE,1.0,4,populacao,7.090513471709197
3200102,ES,11.0,4,populacao,15.661463822126908
3200136,ES,1.0,4,populacao,4.880747277468244
3200169,ES,6.0,4,populacao,5.755748871683672
3200201,ES,17.0,4,populacao,15.557412194496202
3200300,ES,7.0,4,populacao,7.299100688029357
3200359,ES,2.0,4,populacao,3.882335613272212
3200409,ES,14.0,4,populacao,13.815152383005305
3200508,ES,6.0,4,populacao,3.8387791179849398
3200607,ES,40.0,4,populacao,47.61838045333991
3200706,ES,1.0,4,populacao,5.7126763374551475
3200805,ES,9.0,4,populacao,15.38705790181709
3200904,ES,9.0,4,populacao,21.915208623261726
3201001,ES,7.0,4,populacao,7.482037968235901
3201100,ES,4.0,4,populacao,4.962536696396567
3201159,ES,1.0,4,populacao,6.213092072200032
3201209,ES,123.0,4,populacao,102.42987412284349
3201308,ES,134.0,4,populacao,187.47102740489032
3201407,ES,18.0,4,populacao,18.53764439426313
3201506,ES,63.0,4,populacao,60.26525084052882
3201605,ES,3.0,4,populacao,15.280586468892649
3201704,ES,5.0,4,populacao,6.264391944427264
3201803,ES,1.0,4,populacao,2.232028402943336
3201902,ES,10.0,4,populacao,16.82103451888585
3202009,ES,0.0,4,populacao,3.3630453972361756
3202108,ES,9.0,4,populacao,11.720084959687505
3202207,ES,5.0,4,populacao,10.045579696421255
3202256,ES,3.0,4,populacao,6.097909340218134
3202306,ES,16.0,4,populacao,15.100068993979841
3202405,ES,66.0,4,populacao,59.60754776169101
3202454,ES,9.0,4,populacao,12.525880122502043
3202504,ES,1.0,4,populacao,6.088714080101932
3202553,ES,0.0,4,populacao,4.536167003640045
3202603,ES,5.0,4,populacao,6.783198199404553
3202652,ES,2.0,4,populacao,6.475398966041161
3202702,ES,7.0,4,populacao,7.169883085343782
3202801,ES,8.0,4,populacao,16.758603542307423
3202900,ES,3.0,4,populacao,5.435366650792846
3203007,ES,2.0,4,populacao,14.468499812314391
3203056,ES,13.0,4,populacao,14.345573703392533
3203106,ES,2.0,4,populacao,5.82495530308456
3203130,ES,8.0,4,populacao,8.308643456576581
3203163,ES,1.0,4,populacao,5.544741850069775
3203205,ES,66.0,4,populacao,81.81264905914247
3203304,ES,4.0,4,populacao,7.462195564827255
3203320,ES,16.0,4,populacao,18.714774141764703
3203346,ES,6.0,4,populacao,8.007135716976906
3203353,ES,8.0,4,populacao,6.098877262335629
3203403,ES,9.0,4,populacao,13.254725476975734
3203502,ES,10.0,4,populacao,9.384488890172209
3203601,ES,1.0,4,populacao,2.836495765318927
3203700,ES,3.0,4,populacao,9.071850046221343
3203809,ES,4.0,4,populacao,7.649488494562526
3203908,ES,19.0,4,populacao,24.677658346592292
3204005,ES,1.0,4,populacao,11.46842520913882
3204054,ES,5.0,4,populacao,12.842874615981637
3204104,ES,9.0,4,populacao,13.129863523818887
3204203,ES,17.0,4,populacao,10.32579314943604
3204252,ES,1.0,4,populacao,3.823776325163768
3204302,ES,2.0,4,populacao,5.682670751812804
3204351,ES,4.0,4,populacao,9.416430320049543
3204401,ES,6.0,4,populacao,5.853509005550661
3204500,ES,1.0,4,populacao,6.237774086196153
3204559,ES,19.0,4,populacao,19.32359715366902
3204609,ES,14.0,4,populacao,11.62716443640799
3204658,ES,7.0,4,populacao,4.267568616035199
3204708,ES,13.0,4,populacao,18.088044570686726
3204807,ES,6.0,4,populacao,5.3409942443370895
3204906,ES,47.0,4,populacao,62.1643140350539
3204955,ES,5.0,4,populacao,6.087746157984437
3205002,ES,278.0,4,populacao,243.24753942553636
3205010,ES,5.0,4,populacao,14.053261223909061
3205036,ES,7.0,4,populacao,10.445815492005414
3205069,ES,15.0,4,populacao,11.893343018719099
3205101,ES,21.0,4,populacao,37.15659424639583
3205150,ES,0.0,4,populacao,4.577787654692328
3205176,ES,8.0,4,populacao,7.1127756804115805
3205200,ES,325.0,4,populacao,235.3928514420649
3205309,ES,373.0,4,populacao,175.7456188735566
4100103,PR,3.0,4,populacao,3.7594095043503546
4100202,PR,3.0,4,populacao,3.0266924614066832
4100301,PR,0.0,4,populacao,4.4335672591855815
4100400,PR,35.0,4,populacao,55.83168358134324
4100459,PR,2.0,4,populacao,1.4267172011875444
4100509,PR,3.0,4,populacao,10.641335759739391
4100608,PR,2.0,4,populacao,7.1108398361765905
4100707,PR,1.0,4,populacao,4.9470499425166485
4100806,PR,0.0,4,populacao,5.438270417145331
4100905,PR,2.0,4,populacao,2.944419081419613
4101002,PR,8.0,4,populacao,9.140088555504736
4101051,PR,0.0,4,populacao,1.4039710314264133
4101101,PR,11.0,4,populacao,10.051387229126224
4101150,PR,3.0,4,populacao,1.4393001887149786
4101200,PR,10.0,4,populacao,9.398523760875886
4101309,PR,0.0,4,populacao,3.671812552717062
4101408,PR,53.0,4,populacao,64.21727684626067
4101507,PR,32.0,4,populacao,57.338254357224116
4101606,PR,9.0,4,populacao,13.505417305406924
4101655,PR,0.0,4,populacao,1.6178818193927953
4101705,PR,4.0,4,populacao,6.822883006221845
4101804,PR,54.0,4,populacao,66.52141544695738
4101853,PR,0.0,4,populacao,1.1135943961779307
4101903,PR,5.0,4,populacao,7.742892978900787
4102000,PR,12.0,4,populacao,16.48564950517385
4102109,PR,7.0,4,populacao,12.677843894948749
4102208,PR,0.0,4,populacao,1.9353602739311364
4102307,PR,1.0,4,populacao,6.098877262335629
4102406,PR,14.0,4,populacao,15.721958954470342
4102505,PR,3.0,4,populacao,5.9527210225938925
4102604,PR,0.0,4,populacao,4.991574359921415
4102703,PR,1.0,4,populacao,1.3686418741378479
4102752,PR,0.0,4,populacao,1.8264690357129554
4102802,PR,3.0,4,populacao,7.5768943357504055
4102901,PR,5.0,4,populacao,8.0468205237942
4103008,PR,1.0,4,populacao,2.1255569700188923
4103024,PR,1.0,4,populacao,1.2926599879144949
4103040,PR,0.0,4,populacao,3.225600456551894
4103057,PR,4.0,4,populacao,3.828615935751243
4103107,PR,2.0,4,populacao,6.038382129992195
4103156,PR,1.0,4,populacao,1.806626632304309
4103206,PR,1.0,4,populacao,3.3969226713484986
4103222,PR,0.0,4,populacao,1.6251412352740076
4103305,PR,2.0,4,populacao,3.5232365076815886
4103354,PR,0.0,4,populacao,2.7522865410968675
4103370,PR,0.0,4,populacao,1.424297395893807
4103404,PR,2.0,4,populacao,1.408810642013888
4103453,PR,11.0,4,populacao,8.312031183987814
4103479,PR,0.0,4,populacao,2.054414694383014
4103503,PR,2.0,4,populacao,4.153837767229543
4103602,PR,9.0,4,populacao,12.29309485324451
4103701,PR,26.0,4,populacao,50.98384565586982
4103800,PR,2.0,4,populacao,3.778767946700253
4103909,PR,2.0,4,populacao,7.279742245679458
4103958,PR,0.0,4,populacao,1.965849820632227
4104006,PR,9.0,4,populacao,20.591091166528646
4104055,PR,0.0,4,populacao,2.014245926506974
4104105,PR,1.0,4,populacao,3.78893112893395
4104204,PR,36.0,4,populacao,61.61259842808178
4104253,PR,1.0,4,populacao,13.66899614326357
4104303,PR,55.0,4,populacao,45.56638556425063
4104402,PR,4.0,4,populacao,7.7719306424256365
4104428,PR,1.0,4,populacao,7.7327297966670905
4104451,PR,2.0,4,populacao,6.5358940983845955
4104501,PR,9.0,4,populacao,9.371421941586027
4104600,PR,5.0,4,populacao,7.670782781147414
4104659,PR,3.0,4,populacao,10.783620311011148
4104709,PR,6.0,4,populacao,6.984042038784754
4104808,PR,147.0,4,populacao,154.6778260641617
4104907,PR,22.0,4,populacao,34.60369966150292
4105003,PR,0.0,4,populacao,5.057877024969819
4105102,PR,4.0,4,populacao,5.442626066674058
4105201,PR,4.0,4,populacao,8.655643535698518
4105300,PR,7.0,4,populacao,5.693317895105248
4105409,PR,4.0,4,populacao,9.636148640720894
4105508,PR,38.0,4,populacao,38.50926540559501
4105607,PR,4.0,4,populacao,5.965304010121327
4105706,PR,3.0,4,populacao,8.348328263393874
4105805,PR,63.0,4,populacao,114.8933232687671
4105904,PR,8.0,4,populacao,11.586511707473202
4106001,PR,2.0,4,populacao,4.269020499211441
4106100,PR,1.0,4,populacao,1.8709934531177228
4106209,PR,1.0,4,populacao,8.692424576163326
4106308,PR,3.0,4,populacao,8.320742483045269
4106407,PR,24.0,4,populacao,23.557772456650643
4106456,PR,1.0,4,populacao,3.6524541103671635
4106506,PR,11.0,4,populacao,10.485500298822705
4106555,PR,1.0,4,populacao,1.7504871494896024
4106571,PR,1.0,4,populacao,2.1144258656677004
4106605,PR,7.0,4,populacao,10.27788100462004
4106704,PR,0.0,4,populacao,2.2354161303545683
4106803,PR,3.0,4,populacao,9.150251737738433
4106852,PR,0.0,4,populacao,1.5051188927046346
4106902,PR,1481.0,4,populacao,923.5714421102649
4107009,PR,4.0,4,populacao,7.261351725447054
4107108,PR,5.0,4,populacao,2.608066145590121
4107124,PR,0.0,4,populacao,1.7204815638472593
4107157,PR,1.0,4,populacao,2.5620898450091114
4107207,PR,27.0,4,populacao,19.288751957439203
4107256,PR,1.0,4,populacao,4.084147374769907
4107306,PR,1.0,4,populacao,2.937159665538401
4107405,PR,4.0,4,populacao,2.985071810354401
4107504,PR,0.0,4,populacao,6.927418594911299
4107520,PR,0.0,4,populacao,0.8962958808003162
4107538,PR,3.0,4,populacao,2.132332424841357
4107546,PR,2.0,4,populacao,2.1521748282500033
4107553,PR,1.0,4,populacao,1.608202598217846
4107603,PR,9.0,4,populacao,8.375430082683732
4107652,PR,29.0,4,populacao,46.08519181922792
4107702,PR,1.0,4,populacao,2.3704412657451126
4107736,PR,0.0,4,populacao,2.8573060908450687
4107751,PR,4.0,4,populacao,3.95734957737807
4107801,PR,2.0,4,populacao,2.4696532827883444
4107850,PR,2.0,4,populacao,2.3143017829304062
4107900,PR,5.0,4,populacao,3.1955948709095505
4108007,PR,3.0,4,populacao,5.3656762583332105
4108106,PR,1.0,4,populacao,1.3052429754419292
4108205,PR,1.0,4,populacao,3.4520942320457104
4108304,PR,86.0,4,populacao,127.78701379591722
4108320,PR,0.0,4,populacao,3.0731527230464404
4108403,PR,50.0,4,populacao,42.81361506209502
4108452,PR,1.0,4,populacao,2.4580382173784048
4108502,PR,5.0,4,populacao,6.793845342696997
4108551,PR,1.0,4,populacao,1.5380282446994626
4108601,PR,11.0,4,populacao,14.356220846684979
4108650,PR,0.0,4,populacao,3.6045419655511637
4108700,PR,2.0,4,populacao,2.9845878492956532
4108809,PR,7.0,4,populacao,15.958131951139107
4108908,PR,1.0,4,populacao,3.189787338204581
4108957,PR,1.0,4,populacao,4.171260365344452
4109005,PR,1.0,4,populacao,1.9039028051125508
4109104,PR,0.0,4,populacao,1.1092387466492035
4109203,PR,2.0,4,populacao,2.6579141346411106
4109302,PR,5.0,4,populacao,6.6017128023742515
4109401,PR,64.0,4,populacao,87.28915239992885
4109500,PR,1.0,4,populacao,3.834423468456212
4109609,PR,9.0,4,populacao,17.41582266008649
4109658,PR,0.0,4,populacao,2.7309922545119787
4109708,PR,11.0,4,populacao,15.04876912175261
4109757,PR,1.0,4,populacao,3.095414931748824
4109807,PR,12.0,4,populacao,25.82222625053006
4109906,PR,1.0,4,populacao,4.1049577002960485
4110003,PR,2.0,4,populacao,2.1018428781402663
4110052,PR,1.0,4,populacao,1.115046279354173
4110078,PR,2.0,4,populacao,6.144853562916639
4110102,PR,8.0,4,populacao,15.350760822411031
4110201,PR,5.0,4,populacao,5.483762756667593
4110300,PR,2.0,4,populacao,1.5181858412908165
4110409,PR,4.0,4,populacao,2.179760608598609
4110508,PR,3.0,4,populacao,7.326686468377963
4110607,PR,2.0,4,populacao,7.116163407822813
4110656,PR,0.0,4,populacao,1.1915121266362736
4110706,PR,22.0,4,populacao,29.243346974815932
4110805,PR,1.0,4,populacao,5.133858911193172
4110904,PR,2.0,4,populacao,2.235900091413316
4110953,PR,6.0,4,populacao,5.123695728959475
4111001,PR,2.0,4,populacao,3.3001304595990044
4111100,PR,1.0,4,populacao,3.005398174821795
4111209,PR,6.0,4,populacao,5.655084971464198
4111258,PR,4.0,4,populacao,13.30892911555545
4111308,PR,0.0,4,populacao,1.5627102586955837
4111407,PR,2.0,4,populacao,6.677210727538856
4111506,PR,7.0,4,populacao,15.835205842217249
4111555,PR,3.0,4,populacao,3.929763797029464
4111605,PR,0.0,4,populacao,1.568033830341806
4111704,PR,2.0,4,populacao,2.5432153637179598
4111803,PR,16.0,4,populacao,19.485724108349423
4111902,PR,0.0,4,populacao,6.484110265098616
4112009,PR,17.0,4,populacao,16.852491987704433
4112108,PR,8.0,4,populacao,10.328212954729779
4112207,PR,3.0,4,populacao,2.853918363433836
4112306,PR,3.0,4,populacao,2.4604580226721424
4112405,PR,5.0,4,populacao,4.504225573762712
4112504,PR,2.0,4,populacao,5.816727965085853
4112603,PR,1.0,4,populacao,0.6756096380114694
4112702,PR,0.0,4,populacao,6.105168756099346
4112751,PR,4.0,4,populacao,4.28837894156134
4112801,PR,3.0,4,populacao,5.677347180166581
4112900,PR,3.0,4,populacao,1.6599864315038253
4112959,PR,3.0,4,populacao,3.702302099418153
4113007,PR,1.0,4,populacao,3.4003103987597307
4113106,PR,2.0,4,populacao,2.113941904608953
4113205,PR,14.0,4,populacao,23.262556210814687
4113254,PR,1.0,4,populacao,3.002978369528057
4113304,PR,19.0,4,populacao,15.670175121184363
4113403,PR,1.0,4,populacao,1.9992431336858025
4113429,PR,0.0,4,populacao,1.7722653971332387
4113452,PR,2.0,4,populacao,2.4541665289084253
4113502,PR,13.0,4,populacao,11.084160128493327
4113601,PR,3.0,4,populacao,2.2992989901092344
4113700,PR,294.0,4,populacao,270.2627296858789
4113734,PR,2.0,4,populacao,3.607929692962396
4113759,PR,2.0,4,populacao,2.4502948404384455
4113809,PR,2.0,4,populacao,2.3767327595088297
4113908,PR,6.0,4,populacao,6.648657025072756
4114005,PR,8.0,4,populacao,6.6776946885976045
4114104,PR,4.0,4,populacao,10.726512906078947
4114203,PR,18.0,4,populacao,16.72521022925385
4114302,PR,1.0,4,populacao,12.4194086895776
4114351,PR,1.0,4,populacao,1.3846125890765144
4114401,PR,8.0,4,populacao,8.357523523510077
4114500,PR,4.0,4,populacao,6.634138193310332
4114609,PR,30.0,4,populacao,25.066763037825257
4114708,PR,0.0,4,populacao,2.870857000489998
4114807,PR,16.0,4,populacao,16.916858808517848
4114906,PR,1.0,4,populacao,4.388558880722067
4115002,PR,1.0,4,populacao,3.4680649469843767
4115101,PR,2.0,4,populacao,5.108208975079556
4115200,PR,259.0,4,populacao,196.8235748651852
4115309,PR,1.0,4,populacao,3.2125335079657122
4115358,PR,3.0,4,populacao,2.795359075325392
4115408,PR,7.0,4,populacao,7.03630983312948
4115457,PR,0.0,4,populacao,2.2867160025818003
4115507,PR,0.0,4,populacao,2.306074444931699
4115606,PR,2.0,4,populacao,8.537073076305388
4115705,PR,27.0,4,populacao,16.188497415102905
4115739,PR,1.0,4,populacao,1.7306447460809562
4115754,PR,2.0,4,populacao,4.8584850687658605
4115804,PR,21.0,4,populacao,22.06184882406221
4115853,PR,2.0,4,populacao,2.650170757701151
4115903,PR,0.0,4,populacao,1.1198858899416477
4116000,PR,0.0,4,populacao,0.907426985151508
4116059,PR,7.0,4,populacao,5.2650123581137365
4116109,PR,3.0,4,populacao,6.108072522451831
4116208,PR,3.0,4,populacao,8.004715911683169
4116307,PR,4.0,4,populacao,1.91551787052249
4116406,PR,2.0,4,populacao,1.972141314395944
4116505,PR,0.0,4,populacao,0.7433641862361153
4116604,PR,1.0,4,populacao,1.7156419532597846
4116703,PR,3.0,4,populacao,5.468759963846422
4116802,PR,2.0,4,populacao,3.04653486481533
4116901,PR,7.0,4,populacao,13.591562373863974
4116950,PR,1.0,4,populacao,2.5136937391343643
4117008,PR,4.0,4,populacao,4.043978606893868
4117057,PR,1.0,4,populacao,5.7722035476810865
4117107,PR,9.0,4,populacao,6.526698838268393
4117206,PR,0.0,4,populacao,2.821009011439008
4117214,PR,1.0,4,populacao,2.040863784738085
4117222,PR,4.0,4,populacao,3.961705226906797
4117255,PR,6.0,4,populacao,5.200161576241576
4117271,PR,0.0,4,populacao,3.1447789597410662
4117297,PR,1.0,4,populacao,1.4073587588376455
4117305,PR,8.0,4,populacao,11.227896562941327
4117404,PR,3.0,4,populacao,1.6909599392636636
4117453,PR,1.0,4,populacao,2.9148974568360178
4117503,PR,10.0,4,populacao,19.433940275063442
4117602,PR,19.0,4,populacao,23.7092522680386
4117701,PR,18.0,4,populacao,16.465807101765204
4117800,PR,1.0,4,populacao,6.866923462567866
4117909,PR,10.0,4,populacao,15.179922568673174
4118006,PR,3.0,4,populacao,6.458460328985
4118105,PR,3.0,4,populacao,5.45182132679026
4118204,PR,59.0,4,populacao,74.03394296189437
4118303,PR,1.0,4,populacao,1.508506620115867
4118402,PR,45.0,4,populacao,42.515979010965324
4118451,PR,2.0,4,populacao,2.6288764711162624
4118501,PR,53.0,4,populacao,39.06049705150838
4118600,PR,1.0,4,populacao,2.827300505202725
4118709,PR,5.0,4,populacao,3.5619533923813864
4118808,PR,4.0,4,populacao,6.871279112096593
4118857,PR,1.0,4,populacao,2.95458226365331
4118907,PR,2.0,4,populacao,5.372451713155675
4119004,PR,2.0,4,populacao,3.2299561060806212
4119103,PR,4.0,4,populacao,6.027734986699751
4119152,PR,67.0,4,populacao,62.64633924956638
4119202,PR,7.0,4,populacao,3.116709218333713
4119251,PR,0.0,4,populacao,1.3342806389667774
4119301,PR,8.0,4,populacao,15.642589340835757
4119400,PR,6.0,4,populacao,12.233083681959823
4119509,PR,13.0,4,populacao,52.14728804109874
4119608,PR,3.0,4,populacao,15.494013295800283
4119657,PR,0.0,4,populacao,1.5196377244670587
4119707,PR,1.0,4,populacao,2.0824844357903673
4119806,PR,4.0,4,populacao,6.721735144943624
4119905,PR,141.0,4,populacao,166.64327928063418
4119954,PR,8.0,4,populacao,12.28922316477453
4120002,PR,9.0,4,populacao,6.656400402012715
4120101,PR,2.0,4,populacao,2.339951719044022
4120150,PR,0.0,4,populacao,1.6895080560874212
4120200,PR,1.0,4,populacao,1.2636223243896467
4120309,PR,0.0,4,populacao,2.0074704716845093
4120333,PR,0.0,4,populacao,1.799367216423097
4120358,PR,1.0,4,populacao,2.6506547187598986
4120408,PR,0.0,4,populacao,2.5296644540730306
4120507,PR,7.0,4,populacao,5.461984509023957
4120606,PR,7.0,4,populacao,25.226470187211923
4120655,PR,0.0,4,populacao,2.3055904838729515
4120705,PR,5.0,4,populacao,3.616157030961103
4120804,PR,18.0,4,populacao,10.962201941688965
4120853,PR,1.0,4,populacao,1.9508470278110555
4120903,PR,8.0,4,populacao,16.23350579356642
4121000,PR,1.0,4,populacao,5.962400243768842
4121109,PR,3.0,4,populacao,2.3699573046863653
4121208,PR,2.0,4,populacao,9.066042513516374
4121257,PR,0.0,4,populacao,2.1463672955450335
4121307,PR,1.0,4,populacao,1.9179376758162274
4121356,PR,1.0,4,populacao,1.3550909644929188
4121406,PR,6.0,4,populacao,8.281057676227976
4121505,PR,6.0,4,populacao,7.250220621095862
4121604,PR,4.0,4,populacao,3.3775642289985996
4121703,PR,3.0,4,populacao,12.952249815258565
4121752,PR,1.0,4,populacao,3.836359312691202
4121802,PR,5.0,4,populacao,5.29501794375608
4121901,PR,5.0,4,populacao,6.561060073439464
4122008,PR,5.0,4,populacao,7.319911013555498
4122107,PR,0.0,4,populacao,1.6149780530403106
4122156,PR,4.0,4,populacao,6.5586402681457265
4122172,PR,0.0,4,populacao,1.993435600980833
4122206,PR,5.0,4,populacao,15.730670253527796
4122305,PR,15.0,4,populacao,16.385469566013125
4122404,PR,24.0,4,populacao,31.324863488488806
4122503,PR,2.0,4,populacao,5.21661625223899
4122602,PR,2.0,4,populacao,4.6368309038595195
4122651,PR,1.0,4,populacao,2.5316002983080206
4122701,PR,1.0,4,populacao,3.2435070157255503
4122800,PR,3.0,4,populacao,1.9372961181661261
4122909,PR,1.0,4,populacao,2.4962711410194554
4123006,PR,4.0,4,populacao,7.12051905735154
4123105,PR,1.0,4,populacao,1.7437116946671378
4123204,PR,1.0,4,populacao,1.7151579922010372
4123303,PR,4.0,4,populacao,3.926376069618232
4123402,PR,5.0,4,populacao,5.657988737816683
4123501,PR,9.0,4,populacao,12.53991499320572
4123600,PR,0.0,4,populacao,0.8358007484568823
4123709,PR,3.0,4,populacao,4.286927058385098
4123808,PR,2.0,4,populacao,6.974362817609804
4123824,PR,1.0,4,populacao,1.9140659873462476
4123857,PR,0.0,4,populacao,5.186126705537899
4123907,PR,4.0,4,populacao,5.956108750005125
4123956,PR,2.0,4,populacao,1.8947075449963489
4124004,PR,1.0,4,populacao,2.5272446487792934
4124020,PR,3.0,4,populacao,5.067556246144768
4124053,PR,3.0,4,populacao,11.127232662721852
4124103,PR,12.0,4,populacao,22.174611750750373
4124202,PR,1.0,4,populacao,1.3265372620268179
4124301,PR,0.0,4,populacao,1.1039151750029812
4124400,PR,2.0,4,populacao,9.75568702223152
4124509,PR,1.0,4,populacao,2.664689589463575
4124608,PR,1.0,4,populacao,3.3098096807739537
4124707,PR,0.0,4,populacao,5.574747435712118
4124806,PR,11.0,4,populacao,5.151281509308081
4124905,PR,0.0,4,populacao,2.9158653789535127
4125001,PR,2.0,4,populacao,5.325991451515918
4125100,PR,2.0,4,populacao,7.224086723923499
4125209,PR,2.0,4,populacao,4.496482196822753
4125308,PR,1.0,4,populacao,2.746962969450645
4125357,PR,2.0,4,populacao,2.877632455312462
4125407,PR,1.0,4,populacao,3.138487465977349
4125456,PR,0.0,4,populacao,1.8467954001803493
4125506,PR,129.0,4,populacao,148.83254439660973
4125555,PR,0.0,4,populacao,1.059390757598214
4125605,PR,15.0,4,populacao,21.970864145017686
4125704,PR,9.0,4,populacao,13.2900546342643
4125753,PR,1.0,4,populacao,3.0421792152866023
4125803,PR,3.0,4,populacao,5.288726449992363
4125902,PR,0.0,4,populacao,1.1823168665200716
4126009,PR,1.0,4,populacao,4.348390112846027
4126108,PR,2.0,4,populacao,2.7658374507417967
4126207,PR,2.0,4,populacao,3.341751110651287
4126256,PR,17.0,4,populacao,45.579936473895565
4126272,PR,4.0,4,populacao,2.6366198480562217
4126306,PR,5.0,4,populacao,9.409654865227077
4126355,PR,2.0,4,populacao,2.244127429412023
4126405,PR,0.0,4,populacao,2.726152643924504
4126504,PR,4.0,4,populacao,7.978098053452059
4126603,PR,8.0,4,populacao,9.925073392793134
4126652,PR,1.0,4,populacao,1.5593225312843515
4126678,PR,2.0,4,populacao,6.844661253865482
4126702,PR,1.0,4,populacao,2.4507788014971927
4126801,PR,2.0,4,populacao,7.724986419727132
4126900,PR,0.0,4,populacao,2.8060062186178367
4127007,PR,1.0,4,populacao,5.7271951692175715
4127106,PR,34.0,4,populacao,37.39857477576957
4127205,PR,4.0,4,populacao,8.22298234917828
4127304,PR,8.0,4,populacao,8.023106431915574
4127403,PR,3.0,4,populacao,8.530781582541671
4127502,PR,4.0,4,populacao,9.951207289965497
4127601,PR,0.0,4,populacao,7.911795388403656
4127700,PR,72.0,4,populacao,65.59511398051472
4127809,PR,3.0,4,populacao,4.099150167591079
4127858,PR,0.0,4,populacao,5.931426736009004
4127882,PR,2.0,4,populacao,3.857653599276091
4127908,PR,0.0,4,populacao,4.274828031916411
4127957,PR,1.0,4,populacao,4.005745683252817
4127965,PR,2.0,4,populacao,6.601228841315504
4128005,PR,7.0,4,populacao,10.531960560462464
4128104,PR,41.0,4,populacao,53.21393821457817
4128203,PR,29.0,4,populacao,27.598847297192027
4128302,PR,0.0,4,populacao,1.2650742075658892
4128401,PR,3.0,4,populacao,5.643953867113006
4128500,PR,2.0,4,populacao,9.609530782489783
4128534,PR,3.0,4,populacao,5.520543797132401
4128559,PR,3.0,4,populacao,4.315964721909946
4128609,PR,3.0,4,populacao,3.7226284638855467
4128625,PR,1.0,4,populacao,1.450915254124918
4128633,PR,1.0,4,populacao,2.7977788806191297
4128658,PR,0.0,4,populacao,1.9818205355708935
4128708,PR,1.0,4,populacao,3.3286841620651053
4128807,PR,2.0,4,populacao,2.8829560269586847
4200051,SC,1.0,4,populacao,1.2602345969784143
4200101,SC,6.0,4,populacao,8.637253015466115
4200200,SC,1.0,4,populacao,5.12079196260699
4200309,SC,2.0,4,populacao,2.6312962764099996
4200408,SC,1.0,4,populacao,3.4622574142794074
4200507,SC,0.0,4,populacao,3.1191290236274503
4200556,SC,1.0,4,populacao,1.1552150472302132
4200606,SC,1.0,4,populacao,3.047986747991572
4200705,SC,2.0,4,populacao,4.820252145124811
4200754,SC,0.0,4,populacao,0.9519514025562754
4200804,SC,3.0,4,populacao,2.8224608946152507
4200903,SC,1.0,4,populacao,2.3922195133887487
4201000,SC,5.0,4,populacao,3.6476144997796887
4201109,SC,2.0,4,populacao,1.5719055188117856
4201208,SC,2.0,4,populacao,4.029943736190191
4201257,SC,7.0,4,populacao,5.101917481315839
4201273,SC,0.0,4,populacao,2.071837292497923
4201307,SC,11.0,4,populacao,17.068338619905806
4201406,SC,18.0,4,populacao,32.47862665254278
4201505,SC,2.0,4,populacao,4.123348220528452
4201604,SC,1.0,4,populacao,1.7248372133759864
4201653,SC,1.0,4,populacao,1.0942359538280317
4201703,SC,4.0,4,populacao,3.812161259753829
4201802,SC,1.0,4,populacao,1.5748092851642705
4201901,SC,2.0,4,populacao,2.752770502155615
4201950,SC,4.0,4,populacao,5.974015309178782
4202008,SC,95.0,4,populacao,65.4644444946529
4202057,SC,3.0,4,populacao,4.993026243097658
4202073,SC,3.0,4,populacao,5.039486504737415
4202081,SC,0.0,4,populacao,1.3313768726142925
4202099,SC,0.0,4,populacao,0.841608281161852
4202107,SC,15.0,4,populacao,13.44492217306349
4202131,SC,0.0,4,populacao,3.050890514344057
4202156,SC,1.0,4,populacao,1.3110505081468988
4202206,SC,5.0,4,populacao,5.529255096189855
4202305,SC,22.0,4,populacao,32.21148014811417
4202404,SC,181.0,4,populacao,168.66672046725733
4202438,SC,0.0,4,populacao,1.6725694190312597
4202453,SC,15.0,4,populacao,9.012806797054152
4202503,SC,0.0,4,populacao,2.2717132097606285
4202537,SC,2.0,4,populacao,1.4126823304838678
4202578,SC,0.0,4,populacao,1.04100023736581
4202602,SC,1.0,4,populacao,4.740882531490225
4202701,SC,2.0,4,populacao,2.4682013996121017
4202800,SC,20.0,4,populacao,15.800360645987432
4202859,SC,0.0,4,populacao,1.7950115668943698
4202875,SC,0.0,4,populacao,1.2287771281598288
4202909,SC,60.0,4,populacao,62.34289566573171
4203006,SC,40.0,4,populacao,37.421320945530695
4203105,SC,3.0,4,populacao,3.006850057998037
4203154,SC,1.0,4,populacao,1.6357883785664518
4203204,SC,27.0,4,populacao,38.10273811624714
4203253,SC,0.0,4,populacao,1.2568468695671822
4203303,SC,3.0,4,populacao,5.8133402376746215
4203402,SC,0.0,4,populacao,3.473388518630599
4203501,SC,7.0,4,populacao,4.252565823214027
4203600,SC,14.0,4,populacao,17.28224940787219
4203709,SC,4.0,4,populacao,5.7804308856797935
4203808,SC,27.0,4,populacao,26.328933479038664
4203907,SC,10.0,4,populacao,10.900738887228036
4203956,SC,5.0,4,populacao,11.75928580544605
4204004,SC,6.0,4,populacao,5.145473976603111
4204103,SC,1.0,4,populacao,1.8632500761777633
4204152,SC,2.0,4,populacao,1.3357325221430199
4204178,SC,1.0,4,populacao,1.5748092851642705
4204194,SC,1.0,4,populacao,1.4291370064812818
4204202,SC,101.0,4,populacao,103.21873064860186
4204251,SC,4.0,4,populacao,7.959223572160908
4204301,SC,47.0,4,populacao,35.69987145956594
4204350,SC,0.0,4,populacao,2.091195734847822
4204400,SC,1.0,4,populacao,4.902525525111881
4204459,SC,2.0,4,populacao,1.233132777688556
4204509,SC,4.0,4,populacao,7.521238813994446
4204558,SC,11.0,4,populacao,6.464751822748717
4204608,SC,89.0,4,populacao,102.29436502639419
4204707,SC,5.0,4,populacao,5.351157426570786
4204756,SC,0.0,4,populacao,0.9461438698513057
4204806,SC,20.0,4,populacao,19.148403250402435
4204905,SC,0.0,4,populacao,4.064788932420009
4205001,SC,4.0,4,populacao,7.477198357648426
4205100,SC,1.0,4,populacao,1.975045080748429
4205159,SC,0.0,4,populacao,1.956654560516025
4205175,SC,0.0,4,populacao,1.5404480499932
4205191,SC,0.0,4,populacao,1.0047031579597496
4205209,SC,0.0,4,populacao,2.16814554318867
4205308,SC,10.0,4,populacao,5.200161576241576
4205357,SC,0.0,4,populacao,0.7714339276434687
4205407,SC,556.0,4,populacao,235.1266728597538
4205431,SC,0.0,4,populacao,1.2336167387473034
4205456,SC,13.0,4,populacao,12.577179994729276
4205506,SC,13.0,4,populacao,17.548911951242044
4205555,SC,1.0,4,populacao,1.0385804320720726
4205605,SC,1.0,4,populacao,1.479952917649766
4205704,SC,22.0,4,populacao,10.686828099261653
4205803,SC,5.0,4,populacao,8.459155345847044
4205902,SC,23.0,4,populacao,32.615103671109566
4206009,SC,3.0,4,populacao,6.886281904917764
4206108,SC,3.0,4,populacao,3.1636534410322175
4206207,SC,5.0,4,populacao,5.514252303368684
4206306,SC,5.0,4,populacao,11.00140278744751
4206405,SC,1.0,4,populacao,4.964956501690304
4206504,SC,13.0,4,populacao,20.748378510621574
4206603,SC,4.0,4,populacao,2.4870758809032534
4206652,SC,0.0,4,populacao,2.29058769105178
4206702,SC,9.0,4,populacao,10.86153804146949
4206751,SC,4.0,4,populacao,0.9519514025562754
4206801,SC,2.0,4,populacao,1.581584739986735
4206900,SC,13.0,4,populacao,9.060234980811403
4207007,SC,23.0,4,populacao,26.542844267005044
4207106,SC,7.0,4,populacao,6.706248391063705
4207205,SC,0.0,4,populacao,5.115952352019516
4207304,SC,31.0,4,populacao,21.33106762535353
4207403,SC,4.0,4,populacao,2.9681331732982392
4207502,SC,26.0,4,populacao,32.181958523530575
4207577,SC,1.0,4,populacao,1.4117144083663729
4207601,SC,2.0,4,populacao,2.2078303500059624
4207650,SC,6.0,4,populacao,4.321772254614916
4207684,SC,0.0,4,populacao,3.581311834731285
4207700,SC,5.0,4,populacao,3.659229565189628
4207759,SC,0.0,4,populacao,1.9682696259259644
4207809,SC,4.0,4,populacao,4.9775394892177385
4207858,SC,0.0,4,populacao,0.9601787405549824
4207908,SC,4.0,4,populacao,5.387938467035594
4208005,SC,3.0,4,populacao,3.03685564364038
4208104,SC,8.0,4,populacao,10.40806652942311
4208203,SC,112.0,4,populacao,102.89738050559353
4208302,SC,44.0,4,populacao,29.612125301581504
4208401,SC,11.0,4,populacao,8.073922343084059
4208450,SC,9.0,4,populacao,9.3670662920573
4208500,SC,15.0,4,populacao,11.91608918848023
4208609,SC,2.0,4,populacao,1.931004624402409
4208708,SC,4.0,4,populacao,5.100465598139596
4208807,SC,2.0,4,populacao,9.450307594161865
4208906,SC,88.0,4,populacao,82.6774874711242
4208955,SC,0.0,4,populacao,0.7864367204646403
4209003,SC,26.0,4,populacao,14.32911902739512
4209102,SC,257.0,4,populacao,279.2827958988143
4209151,SC,1.0,4,populacao,2.3651176940988905
4209177,SC,0.0,4,populacao,1.0293851719558706
4209201,SC,0.0,4,populacao,1.0893963432405571
4209300,SC,83.0,4,populacao,76.71169949994413
4209409,SC,14.0,4,populacao,21.928759532906657
4209458,SC,1.0,4,populacao,0.7031954183600753
4209508,SC,5.0,4,populacao,3.2860955888953276
4209607,SC,8.0,4,populacao,7.331526078965437
4209706,SC,0.0,4,populacao,5.871899525783065
4209805,SC,1.0,4,populacao,1.5196377244670587
4209854,SC,1.0,4,populacao,2.2334802861195784
4209904,SC,3.0,4,populacao,5.698157505692723
4210001,SC,0.0,4,populacao,6.007408622232357
4210035,SC,0.0,4,populacao,2.760997840154322
4210050,SC,1.0,4,populacao,0.8706459446867002
4210100,SC,25.0,4,populacao,27.05681091139486
4210209,SC,0.0,4,populacao,1.6595024704450778
4210308,SC,4.0,4,populacao,3.87894788586098
4210407,SC,2.0,4,populacao,3.4549979983981953
4210506,SC,9.0,4,populacao,12.135807509151581
4210555,SC,0.0,4,populacao,0.9224297779726797
4210605,SC,5.0,4,populacao,7.963579221689635
4210704,SC,0.0,4,populacao,1.2650742075658892
4210803,SC,3.0,4,populacao,3.4104735809934277
4210852,SC,0.0,4,populacao,1.148923553466496
4210902,SC,0.0,4,populacao,2.028764758269398
4211009,SC,2.0,4,populacao,5.563616331360926
4211058,SC,3.0,4,populacao,4.7355589598440035
4211108,SC,1.0,4,populacao,4.099634128649827
4211207,SC,7.0,4,populacao,8.48480528196066
4211256,SC,1.0,4,populacao,1.4107464862488779
4211306,SC,41.0,4,populacao,37.33130418860367
4211405,SC,3.0,4,populacao,2.3612460056289106
4211454,SC,2.0,4,populacao,2.0999070339052763
4211504,SC,6.0,4,populacao,6.823366967280593
4211603,SC,3.0,4,populacao,7.1805302286362265
4211652,SC,1.0,4,populacao,1.2253894007485964
4211702,SC,8.0,4,populacao,10.997047137918782
4211751,SC,5.0,4,populacao,8.862778868842435
4211801,SC,1.0,4,populacao,3.5634052755576286
4211850,SC,0.0,4,populacao,1.0864925768880722
4211876,SC,1.0,4,populacao,0.7632065896447617
4211892,SC,0.0,4,populacao,1.149891475583991
4211900,SC,90.0,4,populacao,79.8177615749854
4212007,SC,4.0,4,populacao,3.6577776820133856
4212056,SC,3.0,4,populacao,1.2515232979209598
4212106,SC,5.0,4,populacao,7.865819087822645
4212205,SC,8.0,4,populacao,9.20251953208316
4212239,SC,1.0,4,populacao,1.7485513052546127
4212254,SC,7.0,4,populacao,4.050754061716332
4212270,SC,2.0,4,populacao,2.053446772265519
4212304,SC,2.0,4,populacao,3.5619533923813864
4212403,SC,0.0,4,populacao,1.948427222517318
4212502,SC,15.0,4,populacao,15.014891847640286
4212601,SC,2.0,4,populacao,1.3817088227240295
4212700,SC,5.0,4,populacao,2.913929534718523
4212809,SC,9.0,4,populacao,10.591003809629655
4212908,SC,9.0,4,populacao,9.442564217221905
4213005,SC,0.0,4,populacao,1.6841844844411988
4213104,SC,5.0,4,populacao,1.985208262982126
4213153,SC,0.0,4,populacao,1.3763852510778074
4213203,SC,9.0,4,populacao,15.648396873540726
4213302,SC,0.0,4,populacao,2.307042367049194
4213351,SC,1.0,4,populacao,1.6517590935051183
4213401,SC,3.0,4,populacao,5.587330423239552
4213500,SC,9.0,4,populacao,9.821505726221176
4213609,SC,14.0,4,populacao,17.03881699532221
4213708,SC,3.0,4,populacao,8.206527673180865
4213807,SC,4.0,4,populacao,3.563889236616376
4213906,SC,1.0,4,populacao,0.7791773045834283
4214003,SC,6.0,4,populacao,8.225402154472016
4214102,SC,1.0,4,populacao,1.115046279354173
4214151,SC,0.0,4,populacao,1.4063908367201505
4214201,SC,4.0,4,populacao,4.860904874059599
4214300,SC,2.0,4,populacao,1.389452199663989
4214409,SC,2.0,4,populacao,3.0228207729367034
4214508,SC,4.0,4,populacao,2.924576678010967
4214607,SC,3.0,4,populacao,3.6118013814323757
4214706,SC,1.0,4,populacao,5.532158862542341
4214805,SC,35.0,4,populacao,33.48429773262002
4214904,SC,4.0,4,populacao,2.2291246365908512
4215000,SC,13.0,4,populacao,20.340399338097455
4215059,SC,1.0,4,populacao,1.2045790752224552
4215075,SC,3.0,4,populacao,2.2600981443506893
4215109,SC,7.0,4,populacao,5.559744642890946
4215208,SC,1.0,4,populacao,2.4304524370297993
4215307,SC,0.0,4,populacao,3.694558722478193
4215356,SC,0.0,4,populacao,1.8617981930015208
4215406,SC,3.0,4,populacao,2.2528387284694773
4215455,SC,3.0,4,populacao,5.920295631657813
4215505,SC,4.0,4,populacao,8.082633642141513
4215554,SC,0.0,4,populacao,1.0966557591217692
4215604,SC,4.0,4,populacao,1.0351927046608405
4215653,SC,1.0,4,populacao,4.043978606893868
4215679,SC,1.0,4,populacao,4.281119525680128
4215687,SC,0.0,4,populacao,1.2374884272172832
4215695,SC,0.0,4,populacao,0.6373767143704192
4215703,SC,11.0,4,populacao,10.941875577221571
4215752,SC,1.0,4,populacao,1.1852206328725563
4215802,SC,44.0,4,populacao,40.09230202875799
4215901,SC,1.0,4,populacao,1.4030031093089184
4216008,SC,5.0,4,populacao,5.387454505976847
4216057,SC,1.0,4,populacao,2.6443632249961815
4216107,SC,2.0,4,populacao,4.598597980218469
4216206,SC,16.0,4,populacao,24.537309639555524
4216255,SC,0.0,4,populacao,3.053310319637794
4216305,SC,10.0,4,populacao,16.97009452498007
4216354,SC,0.0,4,populacao,1.7858163067781678
4216404,SC,2.0,4,populacao,3.5174289749766188
4216503,SC,9.0,4,populacao,12.895626371385111
4216602,SC,165.0,4,populacao,116.01417708082624
4216701,SC,5.0,4,populacao,6.725606833413604
4216800,SC,3.0,4,populacao,4.15625757252328
4216909,SC,9.0,4,populacao,11.468909170197566
4217006,SC,3.0,4,populacao,6.259552333839789
4217105,SC,2.0,4,populacao,1.5535149985793817
4217154,SC,0.0,4,populacao,0.8943600365653264
4217204,SC,39.0,4,populacao,19.258262410738112
4217253,SC,2.0,4,populacao,2.7111498511033325
4217303,SC,4.0,4,populacao,4.676999671735559
4217402,SC,9.0,4,populacao,9.725197475530429
4217501,SC,5.0,4,populacao,8.481901515608175
4217550,SC,0.0,4,populacao,1.5975554549254016
4217600,SC,4.0,4,populacao,6.7125398848274225
4217709,SC,10.0,4,populacao,14.378483055387361
4217758,SC,0.0,4,populacao,1.2345846608647983
4217808,SC,14.0,4,populacao,8.837612893787567
4217907,SC,1.0,4,populacao,4.228851731335401
4217956,SC,0.0,4,populacao,0.8203139945769633
4218004,SC,30.0,4,populacao,17.87316586060285
4218103,SC,3.0,4,populacao,2.6022586128851515
4218202,SC,20.0,4,populacao,20.714017275450505
4218251,SC,0.0,4,populacao,3.758925543291607
4218301,SC,5.0,4,populacao,9.26591843077908
4218350,SC,1.0,4,populacao,1.8695415699414804
4218400,SC,0.0,4,populacao,3.4351555949895487
4218509,SC,11.0,4,populacao,3.6514861882496685
4218608,SC,4.0,4,populacao,3.489843194628013
4218707,SC,60.0,4,populacao,50.55312031358457
4218756,SC,1.0,4,populacao,2.224768987062124
4218806,SC,4.0,4,populacao,6.168567654795265
4218855,SC,1.0,4,populacao,1.2582987527434244
4218905,SC,3.0,4,populacao,5.416008208442947
4218954,SC,0.0,4,populacao,1.2036111531049603
4219002,SC,10.0,4,populacao,10.248843341095192
4219101,SC,1.0,4,populacao,1.7374202009034208
4219150,SC,0.0,4,populacao,1.2307129723948187
4219176,SC,5.0,4,populacao,2.224768987062124
4219200,SC,0.0,4,populacao,3.0760564893989253
4219309,SC,44.0,4,populacao,25.19791648474582
4219358,SC,0.0,4,populacao,2.4469071130272133
4219408,SC,3.0,4,populacao,1.8932556618201064
4219507,SC,28.0,4,populacao,24.07125513998171
4219606,SC,2.0,4,populacao,1.9416517676948535
4219705,SC,10.0,4,populacao,13.652541467266156
4219853,SC,2.0,4,populacao,1.5970714938666541
5100102,MT,0.0,4,populacao,2.5499908185404245
5100201,MT,18.0,4,populacao,11.857529900371786
5100250,MT,12.0,4,populacao,24.28952157747682
5100300,MT,5.0,4,populacao,8.790668671089062
5100359,MT,5.0,4,populacao,3.129292205861147
5100409,MT,2.0,4,populacao,5.581038929475835
5100508,MT,0.0,4,populacao,5.28533872258113
5100607,MT,3.0,4,populacao,4.958665007926587
5100805,MT,0.0,4,populacao,4.691518503497983
5101001,MT,0.0,4,populacao,1.469305774357322
5101209,MT,0.0,4,populacao,0.45056774569389546
5101258,MT,4.0,4,populacao,7.851300256060221
5101308,MT,2.0,4,populacao,4.575851810457338
5101407,MT,8.0,4,populacao,10.335956331669736
5101605,MT,0.0,4,populacao,3.809741454460091
5101704,MT,4.0,4,populacao,16.282385860499915
5101803,MT,25.0,4,populacao,28.541119478573354
5101852,MT,1.0,4,populacao,3.032499994111653
5101902,MT,0.0,4,populacao,9.044264265872737
5102504,MT,25.0,4,populacao,44.17160979294042
5102603,MT,6.0,4,populacao,7.446224849888588
5102637,MT,15.0,4,populacao,16.237377482036397
5102678,MT,10.0,4,populacao,19.326016958962757
5102686,MT,6.0,4,populacao,3.151554414563531
5102694,MT,0.0,4,populacao,2.2407397020007904
5102702,MT,10.0,4,populacao,10.021381643483881
5102793,MT,2.0,4,populacao,4.905429291464365
5102850,MT,3.0,4,populacao,4.09140679065112
5103007,MT,4.0,4,populacao,9.218974208080574
5103056,MT,4.0,4,populacao,5.67008776428537
5103106,MT,4.0,4,populacao,2.6787244601672517
5103205,MT,8.0,4,populacao,15.630974275425817
5103254,MT,3.0,4,populacao,17.500515845367296
5103304,MT,7.0,4,populacao,9.64631182295459
5103353,MT,7.0,4,populacao,14.262816362346717
5103361,MT,1.0,4,populacao,1.868089686765238
5103379,MT,2.0,4,populacao,9.044748226931485
5103403,MT,242.0,4,populacao,285.5941320659401
5103437,MT,1.0,4,populacao,2.4435193856159807
5103452,MT,2.0,4,populacao,4.411305050483198
5103502,MT,7.0,4,populacao,10.305466784968646
5103601,MT,3.0,4,populacao,3.860557365628576
5103700,MT,1.0,4,populacao,6.509760201212232
5103809,MT,2.0,4,populacao,1.66676188632629
5103858,MT,2.0,4,populacao,3.530979884621548
5103908,MT,0.0,4,populacao,2.5809643263002626
5103957,MT,0.0,4,populacao,1.434460578127504
5104104,MT,5.0,4,populacao,16.69665652678775
5104203,MT,0.0,4,populacao,7.073090873594288
5104500,MT,0.0,4,populacao,1.2815288835633032
5104526,MT,1.0,4,populacao,3.4704847522781144
5104542,MT,1.0,4,populacao,3.095414931748824
5104559,MT,5.0,4,populacao,1.8390520232403895
5104609,MT,1.0,4,populacao,6.189377980321406
5104807,MT,3.0,4,populacao,12.889334877621394
5104906,MT,0.0,4,populacao,3.869752625744778
5105002,MT,5.0,4,populacao,4.247242251567805
5105101,MT,5.0,4,populacao,16.38256579966064
5105150,MT,17.0,4,populacao,19.25148695591565
5105176,MT,3.0,4,populacao,7.217311269101034
5105200,MT,2.0,4,populacao,5.309536775518504
5105234,MT,0.0,4,populacao,2.8490787528463617
5105259,MT,23.0,4,populacao,29.770864528850677
5105309,MT,0.0,4,populacao,0.9887324430210832
5105507,MT,1.0,4,populacao,7.517851086583214
5105580,MT,0.0,4,populacao,5.043842154266143
5105606,MT,7.0,4,populacao,7.680462002322364
5105622,MT,14.0,4,populacao,12.954669620552302
5105903,MT,1.0,4,populacao,7.219247113336024
5106000,MT,1.0,4,populacao,2.852950441316341
5106109,MT,0.0,4,populacao,6.041769857403428
5106158,MT,4.0,4,populacao,7.004368403252147
5106174,MT,0.0,4,populacao,1.7688776697220063
5106182,MT,1.0,4,populacao,3.067345190341471
5106190,MT,0.0,4,populacao,1.7403239672559057
5106208,MT,0.0,4,populacao,1.8521189718265714
5106216,MT,3.0,4,populacao,5.99530959576367
5106224,MT,5.0,4,populacao,20.620128830053496
5106232,MT,2.0,4,populacao,9.420302008519522
5106240,MT,1.0,4,populacao,5.49392593890129
5106257,MT,10.0,4,populacao,9.988472291489053
5106265,MT,1.0,4,populacao,4.224980042865422
5106273,MT,0.0,4,populacao,1.8758330637051974
5106281,MT,3.0,4,populacao,2.4517467236146877
5106299,MT,4.0,4,populacao,5.267432163407474
5106307,MT,2.0,4,populacao,10.459366401650342
5106315,MT,0.0,4,populacao,1.2089347247511824
5106372,MT,4.0,4,populacao,8.210399361650845
5106422,MT,4.0,4,populacao,16.275610405677448
5106455,MT,0.0,4,populacao,1.2602345969784143
5106505,MT,0.0,4,populacao,15.603388495077212
5106653,MT,0.0,4,populacao,3.091059282220097
5106703,MT,0.0,4,populacao,0.7549792516460547
5106752,MT,9.0,4,populacao,21.212981127019148
5106778,MT,1.0,4,populacao,5.8051128996759145
5106802,MT,0.0,4,populacao,2.556766273362889
5106828,MT,2.0,4,populacao,5.615400164646905
5106851,MT,1.0,4,populacao,1.438816227656231
5107008,MT,2.0,4,populacao,7.736117524078323
5107040,MT,28.0,4,populacao,28.695503056313797
5107065,MT,10.0,4,populacao,7.99116500203824
5107107,MT,2.0,4,populacao,8.930049456008334
5107156,MT,2.0,4,populacao,1.2805609614458082
5107180,MT,1.0,4,populacao,4.740882531490225
5107198,MT,2.0,4,populacao,1.1227896562941326
5107206,MT,3.0,4,populacao,2.4290005538535566
5107248,MT,0.0,4,populacao,2.1100702161389733
5107263,MT,0.0,4,populacao,1.4760812291797865
5107297,MT,0.0,4,populacao,1.8913198175851165
5107305,MT,2.0,4,populacao,9.547583766970106
5107354,MT,1.0,4,populacao,2.6211330941763027
5107404,MT,0.0,4,populacao,2.1976671677722655
5107578,MT,0.0,4,populacao,1.865185920412753
5107602,MT,64.0,4,populacao,107.59228673650276
5107701,MT,0.0,4,populacao,8.18281358130224
5107743,MT,0.0,4,populacao,1.1716697232276272
5107750,MT,2.0,4,populacao,1.6198176636277852
5107768,MT,0.0,4,populacao,1.5636781808130786
5107776,MT,0.0,4,populacao,3.895402561858394
5107792,MT,1.0,4,populacao,2.3593101613939207
5107800,MT,1.0,4,populacao,8.901011792483486
5107859,MT,1.0,4,populacao,5.463920353258947
5107875,MT,8.0,4,populacao,11.762673532857281
5107883,MT,0.0,4,populacao,0.7622386675272668
5107909,MT,43.0,4,populacao,65.75772489625386
5107925,MT,20.0,4,populacao,41.24461330963572
5107941,MT,2.0,4,populacao,4.505193495880207
5107958,MT,23.0,4,populacao,47.82890351389506
5108006,MT,1.0,4,populacao,6.275523048778456
5108055,MT,3.0,4,populacao,4.648929930328206
5108105,MT,0.0,4,populacao,1.781944618308188
5108204,MT,0.0,4,populacao,1.7306447460809562
5108303,MT,1.0,4,populacao,1.6783769517362293
5108352,MT,0.0,4,populacao,1.471725579651059
5108402,MT,37.0,4,populacao,132.61162159057076
5108501,MT,3.0,4,populacao,5.275659501406181
5108600,MT,3.0,4,populacao,12.01917289399344
5108808,MT,1.0,4,populacao,2.157014438837478
5108857,MT,0.0,4,populacao,1.5288329845832607
5108907,MT,0.0,4,populacao,3.9597693826718072
5108956,MT,3.0,4,populacao,4.269504460270189
1400027,RR,0.0,4,historico,0.1923018804046579
1400050,RR,0.0,4,historico,0.37385409134049324
1400100,RR,39.0,4,historico,108.38210034983231
1400159,RR,1.0,4,historico,0.827684493015297
1400175,RR,0.0,4,historico,1.3423718791041337
1400209,RR,0.0,4,historico,1.9466967223284046
1400233,RR,0.0,4,historico,1.0660094054716456
1400282,RR,0.0,4,historico,0.6154699079860877
1400308,RR,0.0,4,historico,2.2244037186628973
1400407,RR,0.0,4,historico,0.435011794033264
1400456,RR,0.0,4,historico,1.6179112190595337
1400472,RR,0.0,4,historico,2.2356087359684147
1400506,RR,0.0,4,historico,1.3203982952075553
1400605,RR,0.0,4,historico,0.956395051035671
1400704,RR,0.0,4,historico,0.15496297522992347
2600054,PE,11.0,4,historico,14.615888258253968
2600104,PE,8.0,4,historico,6.422982325603394
2600203,PE,2.0,4,historico,1.573559276262851
2600302,PE,1.0,4,historico,2.4081953887601193
2600401,PE,1.0,4,historico,1.638425943675587
2600500,PE,6.0,4,historico,2.0634515999376153
2600609,PE,0.0,4,historico,1.5335786909426001
2600708,PE,1.0,4,historico,3.71010094078463
2600807,PE,1.0,4,historico,2.1080407841805355
2600906,PE,2.0,4,historico,2.2968685860152283
2601003,PE,0.0,4,historico,0.7396894401108531
2601052,PE,2.0,4,historico,1.6785054726841038
2601102,PE,11.0,4,historico,7.848046423538827
2601201,PE,5.0,4,historico,11.490462062919411
2601300,PE,2.0,4,historico,1.1888986825967294
2601409,PE,5.0,4,historico,3.5706435148849716
2601508,PE,0.0,4,historico,0.7201333091598773
2601607,PE,4.0,4,historico,2.4440467393041105
2601706,PE,11.0,4,historico,8.41249818669568
2601805,PE,0.0,4,historico,0.6859919264158624
2601904,PE,10.0,4,historico,6.392864196301704
2602001,PE,2.0,4,historico,2.6901110375581445
2602100,PE,7.0,4,historico,2.606962094811381
2602209,PE,1.0,4,historico,3.579760207643383
2602308,PE,5.0,4,historico,2.9299477654450174
2602407,PE,0.0,4,historico,0.45211005342603294
2602506,PE,0.0,4,historico,0.6702313788839198
2602605,PE,4.0,4,historico,3.97036020524504
2602704,PE,2.0,4,historico,1.1570697293297292
2602803,PE,1.0,4,historico,1.9122016897152667
2602902,PE,21.0,4,historico,34.57308709565659
2603009,PE,6.0,4,historico,3.2543387087870776
2603108,PE,0.0,4,historico,2.0741018408595875
2603207,PE,1.0,4,historico,0.598626760745388
2603306,PE,1.0,4,historico,0.606442399842811
2603405,PE,0.0,4,historico,0.5814280205010468
2603454,PE,31.0,4,historico,29.33311130165505
2603504,PE,2.0,4,historico,1.9264492278419978
2603603,PE,3.0,4,historico,0.7537039773404838
2603702,PE,2.0,4,historico,1.6708739830363317
2603801,PE,1.0,4,historico,0.9952210661293578
2603900,PE,2.0,4,historico,1.1453361087132035
2603926,PE,0.0,4,historico,0.575678014305153
2604007,PE,10.0,4,historico,13.699040497292785
2604106,PE,63.0,4,historico,88.7585434111755
2604155,PE,0.0,4,historico,0.8093650443813416
2604205,PE,7.0,4,historico,3.9102396141932054
2604304,PE,0.0,4,historico,1.2004366460697455
2604403,PE,1.0,4,historico,1.2188758447393029
2604502,PE,1.0,4,historico,2.5651948630870764
2604601,PE,4.0,4,historico,2.600135151600608
2604700,PE,1.0,4,historico,1.3571271839720311
2604809,PE,2.0,4,historico,0.6981680764799629
2604908,PE,2.0,4,historico,0.9326336661018179
2605004,PE,1.0,4,historico,2.528946127707114
2605103,PE,5.0,4,historico,4.221929600261141
2605152,PE,2.0,4,historico,1.6381034172758442
2605202,PE,10.0,4,historico,6.717087403064863
2605301,PE,0.0,4,historico,2.276236971506086
2605400,PE,5.0,4,historico,2.3196473717515746
2605459,PE,0.0,4,historico,2.279137242500781
2605509,PE,1.0,4,historico,1.4170825295517515
2605608,PE,1.0,4,historico,1.5304760083695776
2605707,PE,6.0,4,historico,3.460800488575644
2605806,PE,0.0,4,historico,1.5328657931581424
2605905,PE,4.0,4,historico,2.08696750810732
2606002,PE,30.0,4,historico,23.259865247113442
2606101,PE,2.0,4,historico,2.502558287996424
2606200,PE,9.0,4,historico,9.84859210572862
2606309,PE,0.0,4,historico,0.6067669621281586
2606408,PE,10.0,4,historico,12.28327541961345
2606507,PE,3.0,4,historico,1.0064998077358769
2606606,PE,2.0,4,historico,1.4522129702012105
2606705,PE,0.0,4,historico,0.6277941216014665
2606804,PE,10.0,4,historico,15.409953594875777
2606903,PE,0.0,4,historico,1.191129908777515
2607000,PE,0.0,4,historico,0.7015726626801435
2607109,PE,0.0,4,historico,0.5146207281120656
2607208,PE,16.0,4,historico,9.648468707461937
2607307,PE,3.0,4,historico,1.529224828004009
2607406,PE,0.0,4,historico,0.5654373766238673
2607505,PE,0.0,4,historico,1.383239469636351
2607604,PE,4.0,4,historico,3.5105192818724182
2607653,PE,3.0,4,historico,3.3056507591956548
2607703,PE,2.0,4,historico,1.4689125530610514
2607752,PE,3.0,4,historico,2.4243725374801564
2607802,PE,2.0,4,historico,1.4455372374328097
2607901,PE,131.0,4,historico,155.2809615598983
2607950,PE,3.0,4,historico,0.6818609652908649
2608008,PE,2.0,4,historico,1.308341343706449
2608057,PE,3.0,4,historico,2.028790193244358
2608107,PE,3.0,4,historico,3.3196634684300736
2608206,PE,4.0,4,historico,1.2768970345058626
2608255,PE,0.0,4,historico,0.5918704157618899
2608305,PE,2.0,4,historico,1.2902344592647288
2608404,PE,0.0,4,historico,0.8034290512245189
2608453,PE,2.0,4,historico,1.7527990549688537
2608503,PE,0.0,4,historico,1.8890371050834736
2608602,PE,2.0,4,historico,0.6851014671950506
2608701,PE,3.0,4,historico,1.2223117358041493
2608750,PE,0.0,4,historico,2.299017255968555
2608800,PE,6.0,4,historico,4.738744108411726
2608909,PE,7.0,4,historico,8.205619970810423
2609006,PE,2.0,4,historico,2.566144469182891
2609105,PE,1.0,4,historico,0.8754942148535405
2609154,PE,0.0,4,historico,0.7050927838869074
2609204,PE,0.0,4,historico,0.5985128160647225
2609303,PE,3.0,4,historico,0.8180402500917071
2609402,PE,5.0,4,historico,7.381240002460278
2609501,PE,1.0,4,historico,4.724214926397112
2609600,PE,71.0,4,historico,169.61592943146226
2609709,PE,1.0,4,historico,2.106809684100449
2609808,PE,3.0,4,historico,1.100940788537299
2609907,PE,8.0,4,historico,3.9482142955486847
2610004,PE,8.0,4,historico,5.690033107766565
2610103,PE,0.0,4,historico,0.5898671283182321
2610202,PE,2.0,4,historico,2.104472020964953
2610301,PE,0.0,4,historico,0.5517343450759316
2610400,PE,4.0,4,historico,1.6595459459182187
2610509,PE,1.0,4,historico,2.61694260201663
2610608,PE,2.0,4,historico,6.662071389912847
2610707,PE,49.0,4,historico,138.02598199203968
2610806,PE,3.0,4,historico,1.7464978747348197
2610905,PE,9.0,4,historico,6.750833755311666
2611002,PE,9.0,4,historico,3.6409239742567427
2611101,PE,66.0,4,historico,68.90275789939925
2611200,PE,1.0,4,historico,0.7610308883679135
2611309,PE,1.0,4,historico,2.574529825759587
2611408,PE,0.0,4,historico,1.4236278138206173
2611507,PE,1.0,4,historico,1.3844442521209623
2611533,PE,1.0,4,historico,0.3960777356282795
2611606,PE,599.0,4,historico,729.0735126530819
2611705,PE,2.0,4,historico,2.154533339444478
2611804,PE,4.0,4,historico,4.686478664048868
2611903,PE,2.0,4,historico,2.2889354891153064
2612000,PE,0.0,4,historico,0.930110402645709
2612109,PE,0.0,4,historico,0.5326164018415723
2612208,PE,19.0,4,historico,7.9440821623886535
2612307,PE,3.0,4,historico,1.2609629376539309
2612406,PE,3.0,4,historico,2.635876502514002
2612455,PE,2.0,4,historico,0.8173057682399555
2612471,PE,0.0,4,historico,1.240066756100027
2612505,PE,11.0,4,historico,26.344766344706628
2612554,PE,1.0,4,historico,0.4986206928795782
2612604,PE,2.0,4,historico,3.6446191701480317
2612703,PE,0.0,4,historico,1.34423916125904
2612802,PE,1.0,4,historico,0.7518598598217796
2612901,PE,1.0,4,historico,0.5214595974914524
2613008,PE,4.0,4,historico,2.7352428272873386
2613107,PE,0.0,4,historico,3.670416622119953
2613206,PE,1.0,4,historico,2.128176847483159
2613305,PE,1.0,4,historico,1.6060404700693087
2613404,PE,2.0,4,historico,1.8847670507401793
2613503,PE,2.0,4,historico,3.5014288464389685
2613602,PE,0.0,4,historico,4.211709094534049
2613701,PE,13.0,4,historico,13.128198976481476
2613800,PE,1.0,4,historico,1.2297373995126313
2613909,PE,10.0,4,historico,12.692225111366545
2614006,PE,2.0,4,historico,1.5593005412854588
2614105,PE,4.0,4,historico,3.2360912455397037
2614204,PE,5.0,4,historico,3.830475423836703
2614303,PE,2.0,4,historico,0.7736177859997674
2614402,PE,0.0,4,historico,0.49054697114445667
2614501,PE,5.0,4,historico,8.455544759505782
2614600,PE,9.0,4,historico,2.8803226232388752
2614709,PE,0.0,4,historico,0.6398667581892169
2614808,PE,2.0,4,historico,1.4522559294751842
2614857,PE,1.0,4,historico,2.199190770192831
2615003,PE,6.0,4,historico,5.386192816102404
2615102,PE,1.0,4,historico,0.3671554453139974
2615201,PE,1.0,4,historico,0.9832841870849576
2615300,PE,7.0,4,historico,4.765677892383513
2615409,PE,5.0,4,historico,7.793263718366828
2615508,PE,1.0,4,historico,1.4053547398969135
2615607,PE,4.0,4,historico,3.20752009852826
2615706,PE,2.0,4,historico,3.2755885905645235
2615805,PE,0.0,4,historico,0.5736777999036868
2615904,PE,3.0,4,historico,1.4750988198908737
2616001,PE,2.0,4,historico,1.754162628487133
2616100,PE,0.0,4,historico,0.9025662395226978
2616183,PE,0.0,4,historico,0.40108535846190774
2616209,PE,1.0,4,historico,2.2827931239468757
2616308,PE,2.0,4,historico,2.9056423088909717
2616407,PE,15.0,4,historico,18.135114459716966
2616506,PE,1.0,4,historico,1.1042107067003695
3200102,ES,11.0,4,historico,9.882607006000672
3200136,ES,1.0,4,historico,2.7090222712381897
3200169,ES,6.0,4,historico,2.6697151287654113
3200201,ES,17.0,4,historico,13.1366004860982
3200300,ES,7.0,4,historico,6.120330962091113
3200359,ES,2.0,4,historico,1.7652009171417011
3200409,ES,14.0,4,historico,13.851288293691406
3200508,ES,6.0,4,historico,2.154916254438592
3200607,ES,40.0,4,historico,62.44648092888842
3200706,ES,1.0,4,historico,4.64637195608739
3200805,ES,9.0,4,historico,11.246864027836601
3200904,ES,9.0,4,historico,13.182652272877192
3201001,ES,7.0,4,historico,3.9064109693681406
3201100,ES,4.0,4,historico,5.318853193713891
3201159,ES,1.0,4,historico,2.880183291268918
3201209,ES,123.0,4,historico,121.47896177087831
3201308,ES,134.0,4,historico,131.17092670481412
3201407,ES,18.0,4,historico,16.49226207347578
3201506,ES,63.0,4,historico,71.9400613506107
3201605,ES,3.0,4,historico,6.701772815920819
3201704,ES,5.0,4,historico,4.230352910230391
3201803,ES,1.0,4,historico,0.9305651844753329
3201902,ES,10.0,4,historico,10.223584033144567
3202009,ES,0.0,4,historico,1.533017594336926
3202108,ES,9.0,4,historico,4.9202198299975635
3202207,ES,5.0,4,historico,8.423266793537012
3202256,ES,3.0,4,historico,3.8901599034595407
3202306,ES,16.0,4,historico,11.045958615946354
3202405,ES,66.0,4,historico,39.37685413104579
3202454,ES,9.0,4,historico,5.104509547367227
3202504,ES,1.0,4,historico,4.603026292901321
3202553,ES,0.0,4,historico,1.4448435314172554
3202603,ES,5.0,4,historico,6.015855388644706
3202652,ES,2.0,4,historico,3.587815718462978
3202702,ES,7.0,4,historico,5.580653720154146
3202801,ES,8.0,4,historico,6.024198484666219
3202900,ES,3.0,4,historico,3.6465411664838254
3203007,ES,2.0,4,historico,9.12982970400779
3203056,ES,13.0,4,historico,7.577016009390934
3203106,ES,2.0,4,historico,3.75108099587156
3203130,ES,8.0,4,historico,9.981413759202685
3203163,ES,1.0,4,historico,2.6881991358024
3203205,ES,66.0,4,historico,74.00965660504792
3203304,ES,4.0,4,historico,3.466367930961613
3203320,ES,16.0,4,historico,11.140645583028922
3203346,ES,6.0,4,historico,6.6341647838213
3203353,ES,8.0,4,historico,4.022890316127762
3203403,ES,9.0,4,historico,8.104014384260852
3203502,ES,10.0,4,historico,5.416477706126564
3203601,ES,1.0,4,historico,1.2221309144146937
3203700,ES,3.0,4,historico,4.040064141418239
3203809,ES,4.0,4,historico,4.44281698277479
3203908,ES,19.0,4,historico,19.798774989914133
3204005,ES,1.0,4,historico,5.85823922992673
3204054,ES,5.0,4,historico,5.273282569233967
3204104,ES,9.0,4,historico,8.027673077442563
3204203,ES,17.0,4,historico,9.450408572728074
3204252,ES,1.0,4,historico,1.8638135553120656
3204302,ES,2.0,4,historico,2.742325886999642
3204351,ES,4.0,4,historico,5.996249303291113
3204401,ES,6.0,4,historico,4.62563504374348
3204500,ES,1.0,4,historico,2.483074785735438
3204559,ES,19.0,4,historico,12.512019799848423
3204609,ES,14.0,4,historico,9.758611349666861
3204658,ES,7.0,4,historico,2.656522615837007
3204708,ES,13.0,4,historico,9.430408557329033
3204807,ES,6.0,4,historico,3.1059602955197745
3204906,ES,47.0,4,historico,38.600104047077195
3204955,ES,5.0,4,historico,4.233123099520051
3205002,ES,278.0,4,historico,212.47712950599785
3205010,ES,5.0,4,historico,5.647856892939935
3205036,ES,7.0,4,historico,6.02511512245025
3205069,ES,15.0,4,historico,12.443481395575974
3205101,ES,21.0,4,historico,21.617396533105
3205150,ES,0.0,4,historico,2.31885861940697
3205176,ES,8.0,4,historico,4.890471333937822
3205200,ES,325.0,4,historico,337.8867549308935
3205309,ES,373.0,4,historico,487.25174689997596
4100103,PR,3.0,4,historico,2.2946456066644685
4100202,PR,3.0,4,historico,1.2857995097609498
4100301,PR,0.0,4,historico,2.531663394031399
4100400,PR,35.0,4,historico,35.55481517222737
4100459,PR,2.0,4,historico,0.5412541140260159
4100509,PR,3.0,4,historico,8.737288153266734
4100608,PR,2.0,4,historico,4.680024783052577
4100707,PR,1.0,4,historico,3.0195503850829293
4100806,PR,0.0,4,historico,4.367771465544575
4100905,PR,2.0,4,historico,1.38095593535056
4101002,PR,8.0,4,historico,7.351429512618788
4101051,PR,0.0,4,historico,0.851199939418381
4101101,PR,11.0,4,historico,8.077216110659187
4101150,PR,3.0,4,historico,1.121731497340952
4101200,PR,10.0,4,historico,5.980449748117027
4101309,PR,0.0,4,historico,1.611416194696449
4101408,PR,53.0,4,historico,73.48846062481739
4101507,PR,32.0,4,historico,61.40122071202747
4101606,PR,9.0,4,historico,8.88480478169285
4101655,PR,0.0,4,historico,0.774172206302805
4101705,PR,4.0,4,historico,5.174604846661509
4101804,PR,54.0,4,historico,89.17427735226998
4101853,PR,0.0,4,historico,0.4619419402746306
4101903,PR,5.0,4,historico,7.676606993230114
4102000,PR,12.0,4,historico,17.174871545398258
4102109,PR,7.0,4,historico,16.340065660133348
4102208,PR,0.0,4,historico,1.6090997052680893
4102307,PR,1.0,4,historico,4.36831457530445
4102406,PR,14.0,4,historico,12.396594098458962
4102505,PR,3.0,4,historico,3.9341318394343734
4102604,PR,0.0,4,historico,3.9107590296411203
4102703,PR,1.0,4,historico,1.6434032765926108
4102752,PR,0.0,4,historico,1.0293678474117967
4102802,PR,3.0,4,historico,6.112532484183125
4102901,PR,5.0,4,historico,3.985512013520961
4103008,PR,1.0,4,historico,1.8299375700160003
4103024,PR,1.0,4,historico,0.7070844550354753
4103040,PR,0.0,4,historico,1.403413876103724
4103057,PR,4.0,4,historico,2.301227076490435
4103107,PR,2.0,4,historico,3.185773468659761
4103156,PR,1.0,4,historico,0.8932095852946849
4103206,PR,1.0,4,historico,2.2049501797128497
4103222,PR,0.0,4,historico,1.6924662108334274
4103305,PR,2.0,4,historico,2.6248667679264046
4103354,PR,0.0,4,historico,1.8250865901245634
4103370,PR,0.0,4,historico,0.8705571206021097
4103404,PR,2.0,4,historico,0.8672401730141526
4103453,PR,11.0,4,historico,9.132133416639292
4103479,PR,0.0,4,historico,1.3052101684852317
4103503,PR,2.0,4,historico,3.7111177677163605
4103602,PR,9.0,4,historico,10.32091673634533
4103701,PR,26.0,4,historico,49.861954460408356
4103800,PR,2.0,4,historico,3.309752594019262
4103909,PR,2.0,4,historico,5.166401719674514
4103958,PR,0.0,4,historico,0.482238844070996
4104006,PR,9.0,4,historico,16.815101991826722
4104055,PR,0.0,4,historico,1.2769497318064211
4104105,PR,1.0,4,historico,2.3144258881169435
4104204,PR,36.0,4,historico,67.1794130179837
4104253,PR,1.0,4,historico,9.044198408716836
4104303,PR,55.0,4,historico,56.12042483216139
4104402,PR,4.0,4,historico,2.700391022163312
4104428,PR,1.0,4,historico,3.1622965619849914
4104451,PR,2.0,4,historico,2.711064514358655
4104501,PR,9.0,4,historico,7.528277547634214
4104600,PR,5.0,4,historico,6.228149689590512
4104659,PR,3.0,4,historico,11.641206979462035
4104709,PR,6.0,4,historico,5.453512236922344
4104808,PR,147.0,4,historico,246.4420396259469
4104907,PR,22.0,4,historico,24.18929115282051
4105003,PR,0.0,4,historico,2.7697187820938964
4105102,PR,4.0,4,historico,3.525840983913111
4105201,PR,4.0,4,historico,1.5546778268603343
4105300,PR,7.0,4,historico,5.394161204157135
4105409,PR,4.0,4,historico,10.433945667024572
4105508,PR,38.0,4,historico,46.53133422068398
4105607,PR,4.0,4,historico,4.979551218371336
4105706,PR,3.0,4,historico,4.055815987095076
4105805,PR,63.0,4,historico,104.83825322445838
4105904,PR,8.0,4,historico,12.261839842146514
4106001,PR,2.0,4,historico,2.1423760990524148
4106100,PR,1.0,4,historico,1.5487837671181994
4106209,PR,1.0,4,historico,5.881682241329265
4106308,PR,3.0,4,historico,9.02790033651439
4106407,PR,24.0,4,historico,29.039728849431285
4106456,PR,1.0,4,historico,0.8577538393595071
4106506,PR,11.0,4,historico,9.666203314022455
4106555,PR,1.0,4,historico,0.6972212195782271
4106571,PR,1.0,4,historico,1.6370073874719036
4106605,PR,7.0,4,historico,7.890183930950273
4106704,PR,0.0,4,historico,1.8430275237462832
4106803,PR,3.0,4,historico,3.883153982476165
4106852,PR,0.0,4,historico,0.694661094093726
4106902,PR,1481.0,4,historico,1908.5093562161528
4107009,PR,4.0,4,historico,3.622382179984627
4107108,PR,5.0,4,historico,1.9416026206156274
4107124,PR,0.0,4,historico,0.452128578961351
4107157,PR,1.0,4,historico,1.0510008170263423
4107207,PR,27.0,4,historico,22.56666324891891
4107256,PR,1.0,4,historico,3.55894461491627
4107306,PR,1.0,4,historico,2.9666725979102058
4107405,PR,4.0,4,historico,1.8612182762859266
4107504,PR,0.0,4,historico,7.4375021329388735
4107520,PR,0.0,4,historico,0.5060698877367557
4107538,PR,3.0,4,historico,2.2604396721122026
4107546,PR,2.0,4,historico,0.7066904143509775
4107553,PR,1.0,4,historico,1.2578752471383408
4107603,PR,9.0,4,historico,5.711050536263477
4107652,PR,29.0,4,historico,37.85550046030325
4107702,PR,1.0,4,historico,1.7862835178868741
4107736,PR,0.0,4,historico,1.0759311942688745
4107751,PR,4.0,4,historico,2.464608691708791
4107801,PR,2.0,4,historico,2.214474563950835
4107850,PR,2.0,4,historico,1.3592830597174739
4107900,PR,5.0,4,historico,3.1344367315792256
4108007,PR,3.0,4,historico,3.4081455970952406
4108106,PR,1.0,4,historico,1.1954738849337299
4108205,PR,1.0,4,historico,2.729453147511401
4108304,PR,86.0,4,historico,161.27741598444078
4108320,PR,0.0,4,historico,1.757882697643691
4108403,PR,50.0,4,historico,65.84533575621192
4108452,PR,1.0,4,historico,0.9104324880072828
4108502,PR,5.0,4,historico,3.193727996734199
4108551,PR,1.0,4,historico,0.7271133409355444
4108601,PR,11.0,4,historico,15.319741251512273
4108650,PR,0.0,4,historico,0.7380297160534985
4108700,PR,2.0,4,historico,1.3857000946335487
4108809,PR,7.0,4,historico,11.88606007921438
4108908,PR,1.0,4,historico,2.211717309933574
4108957,PR,1.0,4,historico,2.0741923827029924
4109005,PR,1.0,4,historico,1.3819330528766365
4109104,PR,0.0,4,historico,0.7793696138265335
4109203,PR,2.0,4,historico,1.6316638384488888
4109302,PR,5.0,4,historico,4.200788620703624
4109401,PR,64.0,4,historico,88.12137681278067
4109500,PR,1.0,4,historico,0.7665562049743347
4109609,PR,9.0,4,historico,12.504052624278806
4109658,PR,0.0,4,historico,1.3253497356727961
4109708,PR,11.0,4,historico,7.445731870010193
4109757,PR,1.0,4,historico,1.8260275889092388
4109807,PR,12.0,4,historico,23.54440091280799
4109906,PR,1.0,4,historico,2.4193941222648663
4110003,PR,2.0,4,historico,2.895654880966928
4110052,PR,1.0,4,historico,0.6811121787392739
4110078,PR,2.0,4,historico,2.54528699041169
4110102,PR,8.0,4,historico,8.42842671272648
4110201,PR,5.0,4,historico,1.7105410585368184
4110300,PR,2.0,4,historico,1.192996616213786
4110409,PR,4.0,4,historico,2.277401749525074
4110508,PR,3.0,4,historico,3.815086327309272
4110607,PR,2.0,4,historico,5.517334235399251
4110656,PR,0.0,4,historico,0.769523540628265
4110706,PR,22.0,4,historico,26.288487270415764
4110805,PR,1.0,4,historico,2.279605338643548
4110904,PR,2.0,4,historico,1.5414434176762033
4110953,PR,6.0,4,historico,3.0054063643160274
4111001,PR,2.0,4,historico,2.231140772598594
4111100,PR,1.0,4,historico,3.007359990078605
4111209,PR,6.0,4,historico,5.584568621597388
4111258,PR,4.0,4,historico,5.169174100578135
4111308,PR,0.0,4,historico,0.6879975346905113
4111407,PR,2.0,4,historico,3.230354724060834
4111506,PR,7.0,4,historico,14.8179030025265
4111555,PR,3.0,4,historico,3.271947674891242
4111605,PR,0.0,4,historico,1.9701527920389912
4111704,PR,2.0,4,historico,1.9288723971502515
4111803,PR,16.0,4,historico,19.430344049534437
4111902,PR,0.0,4,historico,5.7624246074353325
4112009,PR,17.0,4,historico,18.180618338908218
4112108,PR,8.0,4,historico,11.941348148420333
4112207,PR,3.0,4,historico,1.8924803274071655
4112306,PR,3.0,4,historico,1.5041844274953582
4112405,PR,5.0,4,historico,3.3133209078037438
4112504,PR,2.0,4,historico,2.8601277135573335
4112603,PR,1.0,4,historico,0.35278344518256194
4112702,PR,0.0,4,historico,3.7180013250403974
4112751,PR,4.0,4,historico,3.2477623465003154
4112801,PR,3.0,4,historico,4.0434060771105385
4112900,PR,3.0,4,historico,0.9614660062084773
4112959,PR,3.0,4,historico,3.1485305113054656
4113007,PR,1.0,4,historico,2.5875697345216815
4113106,PR,2.0,4,historico,1.4440473717754194
4113205,PR,14.0,4,historico,18.31454276460413
4113254,PR,1.0,4,historico,0.578053249344155
4113304,PR,19.0,4,historico,12.767470743199464
4113403,PR,1.0,4,historico,1.1124508510665887
4113429,PR,0.0,4,historico,0.8661230464793054
4113452,PR,2.0,4,historico,1.176742157558356
4113502,PR,13.0,4,historico,9.842170411204835
4113601,PR,3.0,4,historico,2.1059344208483965
4113700,PR,294.0,4,historico,361.0533448943002
4113734,PR,2.0,4,historico,2.097564788929982
4113759,PR,2.0,4,historico,1.2378315267101352
4113809,PR,2.0,4,historico,1.8307555193691893
4113908,PR,6.0,4,historico,6.112972638946614
4114005,PR,8.0,4,historico,5.224298198972937
4114104,PR,4.0,4,historico,8.567016678462505
4114203,PR,18.0,4,historico,19.099788698582458
4114302,PR,1.0,4,historico,6.900144392894262
4114351,PR,1.0,4,historico,0.5568874355647278
4114401,PR,8.0,4,historico,4.449520911306817
4114500,PR,4.0,4,historico,3.330527997467934
4114609,PR,30.0,4,historico,37.05413063854119
4114708,PR,0.0,4,historico,1.9776020438254114
4114807,PR,16.0,4,historico,17.277020864843394
4114906,PR,1.0,4,historico,2.714876140319443
4115002,PR,1.0,4,historico,1.6974419426060516
4115101,PR,2.0,4,historico,2.197230758980112
4115200,PR,259.0,4,historico,376.8284262180642
4115309,PR,1.0,4,historico,2.1619456370634733
4115358,PR,3.0,4,historico,3.2575215168804084
4115408,PR,7.0,4,historico,6.4123068044524985
4115457,PR,0.0,4,historico,0.7022375332292674
4115507,PR,0.0,4,historico,1.761398101586249
4115606,PR,2.0,4,historico,7.708134946102073
4115705,PR,27.0,4,historico,17.757690520005774
4115739,PR,1.0,4,historico,0.39518618570437636
4115754,PR,2.0,4,historico,2.6691240684994186
4115804,PR,21.0,4,historico,26.09890732085008
4115853,PR,2.0,4,historico,2.650201627067478
4115903,PR,0.0,4,historico,0.496529550537231
4116000,PR,0.0,4,historico,0.8002780154880498
4116059,PR,7.0,4,historico,4.311083699112183
4116109,PR,3.0,4,historico,3.7815140483466934
4116208,PR,3.0,4,historico,5.242966487591505
4116307,PR,4.0,4,historico,1.5191930587678393
4116406,PR,2.0,4,historico,1.3952086180806953
4116505,PR,0.0,4,historico,0.5176914651751227
4116604,PR,1.0,4,historico,0.9358042618520098
4116703,PR,3.0,4,historico,5.656670970554807
4116802,PR,2.0,4,historico,1.3890333537105988
4116901,PR,7.0,4,historico,11.939900540173296
4116950,PR,1.0,4,historico,1.9977670820885125
4117008,PR,4.0,4,historico,2.460529182147886
4117057,PR,1.0,4,historico,1.6141419753812725
4117107,PR,9.0,4,historico,8.068834068502559
4117206,PR,0.0,4,historico,1.9656808085650563
4117214,PR,1.0,4,historico,1.1934802207577708
4117222,PR,4.0,4,historico,3.402627385642562
4117255,PR,6.0,4,historico,4.159005824903279
4117271,PR,0.0,4,historico,1.404313636211345
4117297,PR,1.0,4,historico,0.9956482604610214
4117305,PR,8.0,4,historico,3.44488194673321
4117404,PR,3.0,4,historico,1.2854060528786029
4117453,PR,1.0,4,historico,2.2506194326754785
4117503,PR,10.0,4,historico,14.546073903030349
4117602,PR,19.0,4,historico,13.20019571559075
4117701,PR,18.0,4,historico,8.20547804895889
4117800,PR,1.0,4,historico,2.7405636129223225
4117909,PR,10.0,4,historico,19.13681620098732
4118006,PR,3.0,4,historico,8.03255879072508
4118105,PR,3.0,4,historico,4.402384129312989
4118204,PR,59.0,4,historico,97.49036067016914
4118303,PR,1.0,4,historico,1.0995622361779998
4118402,PR,45.0,4,historico,52.226306630186286
4118451,PR,2.0,4,historico,2.768214849913035
4118501,PR,53.0,4,historico,66.67705887496739
4118600,PR,1.0,4,historico,1.5138682159534211
4118709,PR,5.0,4,historico,3.0413673454424837
4118808,PR,4.0,4,historico,6.102090482431443
4118857,PR,1.0,4,historico,2.3031852220046787
4118907,PR,2.0,4,historico,3.6178073122621113
4119004,PR,2.0,4,historico,2.728421763064488
4119103,PR,4.0,4,historico,3.7983199662637652
4119152,PR,67.0,4,historico,71.46889553480979
4119202,PR,7.0,4,historico,1.9724759936543599
4119251,PR,0.0,4,historico,0.7152518410119407
4119301,PR,8.0,4,historico,5.831080648488505
4119400,PR,6.0,4,historico,8.396008528444469
4119509,PR,13.0,4,historico,32.931605196836344
4119608,PR,3.0,4,historico,11.306296036957015
4119657,PR,0.0,4,historico,1.069162888572373
4119707,PR,1.0,4,historico,1.6606845275509512
4119806,PR,4.0,4,historico,5.4331154910096
4119905,PR,141.0,4,historico,218.7502155941355
4119954,PR,8.0,4,historico,10.761447834562244
4120002,PR,9.0,4,historico,5.971186590334531
4120101,PR,2.0,4,historico,1.5065435132302312
4120150,PR,0.0,4,historico,0.9106733765902787
4120200,PR,1.0,4,historico,1.2370809993520016
4120309,PR,0.0,4,historico,1.153561943887204
4120333,PR,0.0,4,historico,1.3887082495058227
4120358,PR,1.0,4,historico,2.7345939748879053
4120408,PR,0.0,4,historico,1.7533726110448118
4120507,PR,7.0,4,historico,3.7453292429633476
4120606,PR,7.0,4,historico,14.65733060169134
4120655,PR,0.0,4,historico,0.9608584305604027
4120705,PR,5.0,4,historico,2.42450760103783
4120804,PR,18.0,4,historico,12.714188691195217
4120853,PR,1.0,4,historico,3.421498326386567
4120903,PR,8.0,4,historico,7.482467676731264
4121000,PR,1.0,4,historico,3.761662983344565
4121109,PR,3.0,4,historico,1.8517989160314121
4121208,PR,2.0,4,historico,4.735370544416558
4121257,PR,0.0,4,historico,0.8803419010776149
4121307,PR,1.0,4,historico,1.5342192315464367
4121356,PR,1.0,4,historico,0.8559359486071483
4121406,PR,6.0,4,historico,7.243981234368831
4121505,PR,6.0,4,historico,3.450816468048475
4121604,PR,4.0,4,historico,2.159875587010878
4121703,PR,3.0,4,historico,4.723177540736715
4121752,PR,1.0,4,historico,1.328074769760228
4121802,PR,5.0,4,historico,4.272872889678156
4121901,PR,5.0,4,historico,4.488563014776892
4122008,PR,5.0,4,historico,3.202032954753656
4122107,PR,0.0,4,historico,1.5569473624229668
4122156,PR,4.0,4,historico,2.7393512968321185
4122172,PR,0.0,4,historico,0.8152394032605916
4122206,PR,5.0,4,historico,9.841471552112766
4122305,PR,15.0,4,historico,19.74428951554409
4122404,PR,24.0,4,historico,29.198739302506276
4122503,PR,2.0,4,historico,2.8216385691062165
4122602,PR,2.0,4,historico,3.687955400727235
4122651,PR,1.0,4,historico,1.1709613867120716
4122701,PR,1.0,4,historico,3.367389419570405
4122800,PR,3.0,4,historico,1.1919568821256727
4122909,PR,1.0,4,historico,1.6720683798184188
4123006,PR,4.0,4,historico,5.738956699548526
4123105,PR,1.0,4,historico,0.7965931249034067
4123204,PR,1.0,4,historico,1.363038422298702
4123303,PR,4.0,4,historico,2.944043047425023
4123402,PR,5.0,4,historico,4.538683746151242
4123501,PR,9.0,4,historico,14.139988204035879
4123600,PR,0.0,4,historico,0.5070505488388889
4123709,PR,3.0,4,historico,2.8839255252897176
4123808,PR,2.0,4,historico,4.536145101240929
4123824,PR,1.0,4,historico,1.189767166672429
4123857,PR,0.0,4,historico,1.037984677817492
4123907,PR,4.0,4,historico,3.998514791711826
4123956,PR,2.0,4,historico,1.314897364018776
4124004,PR,1.0,4,historico,1.254939012799551
4124020,PR,3.0,4,historico,4.187608028996405
4124053,PR,3.0,4,historico,12.016324461228564
4124103,PR,12.0,4,historico,17.522290009148247
4124202,PR,1.0,4,historico,0.5988164066685543
4124301,PR,0.0,4,historico,0.7761841008805076
4124400,PR,2.0,4,historico,6.222517754507055
4124509,PR,1.0,4,historico,2.7773347500710304
4124608,PR,1.0,4,historico,2.140040294124801
4124707,PR,0.0,4,historico,2.0512072257476577
4124806,PR,11.0,4,historico,3.7918257797523856
4124905,PR,0.0,4,historico,1.598944681190143
4125001,PR,2.0,4,historico,3.4102247468122853
4125100,PR,2.0,4,historico,3.2445526990364573
4125209,PR,2.0,4,historico,3.409653886205537
4125308,PR,1.0,4,historico,2.862866611687026
4125357,PR,2.0,4,historico,1.8375615424276315
4125407,PR,1.0,4,historico,1.5200051430208843
4125456,PR,0.0,4,historico,1.4321294966431322
4125506,PR,129.0,4,historico,180.76948448069933
4125555,PR,0.0,4,historico,0.7852145297955717
4125605,PR,15.0,4,historico,18.5411433915818
4125704,PR,9.0,4,historico,9.28014639710544
4125753,PR,1.0,4,historico,1.9556972374488895
4125803,PR,3.0,4,historico,4.253343990427985
4125902,PR,0.0,4,historico,0.7188134645494432
4126009,PR,1.0,4,historico,3.7304680202306284
4126108,PR,2.0,4,historico,2.0667065446291852
4126207,PR,2.0,4,historico,1.5491392332741714
4126256,PR,17.0,4,historico,27.372915095210985
4126272,PR,4.0,4,historico,2.0629972982076406
4126306,PR,5.0,4,historico,5.193284671275533
4126355,PR,2.0,4,historico,2.1529498349636027
4126405,PR,0.0,4,historico,2.2206712061022307
4126504,PR,4.0,4,historico,5.805978352018389
4126603,PR,8.0,4,historico,7.539268893960241
4126652,PR,1.0,4,historico,0.9786092659269635
4126678,PR,2.0,4,historico,2.658373847812076
4126702,PR,1.0,4,historico,2.366966231770702
4126801,PR,2.0,4,historico,5.831422662803653
4126900,PR,0.0,4,historico,1.851537609603986
4127007,PR,1.0,4,historico,3.334702138033968
4127106,PR,34.0,4,historico,34.61314408684295
4127205,PR,4.0,4,historico,8.936063276473412
4127304,PR,8.0,4,historico,6.353571139348355
4127403,PR,3.0,4,historico,6.631513471146057
4127502,PR,4.0,4,historico,4.970597996884023
4127601,PR,0.0,4,historico,3.9779018839147824
4127700,PR,72.0,4,historico,75.29883618292583
4127809,PR,3.0,4,historico,2.6100516385773482
4127858,PR,0.0,4,historico,3.8416265176459667
4127882,PR,2.0,4,historico,1.4426466186816682
4127908,PR,0.0,4,historico,2.641815253369922
4127957,PR,1.0,4,historico,3.7906377563226528
4127965,PR,2.0,4,historico,3.707639366479933
4128005,PR,7.0,4,historico,10.83899090162101
4128104,PR,41.0,4,historico,64.7536925465234
4128203,PR,29.0,4,historico,32.815259708665096
4128302,PR,0.0,4,historico,0.7231382623515191
4128401,PR,3.0,4,historico,3.93873024823829
4128500,PR,2.0,4,historico,6.347584906249226
4128534,PR,3.0,4,historico,2.514916502338666
4128559,PR,3.0,4,historico,2.754640046001436
4128609,PR,3.0,4,historico,2.945544728146629
4128625,PR,1.0,4,historico,0.7820678267022788
4128633,PR,1.0,4,historico,0.6379166737755734
4128658,PR,0.0,4,historico,1.5850797963303862
4128708,PR,1.0,4,historico,2.523518341240521
4128807,PR,2.0,4,historico,2.2534399875081337
4200051,SC,1.0,4,historico,0.6893866411010979
4200101,SC,6.0,4,historico,5.060574846783787
4200200,SC,1.0,4,historico,4.249997033153859
4200309,SC,2.0,4,historico,2.728766946069606
4200408,SC,1.0,4,historico,2.150480300575177
4200507,SC,0.0,4,historico,2.4442901137351383
4200556,SC,1.0,4,historico,0.8857572817673021
4200606,SC,1.0,4,historico,2.4551180651086026
4200705,SC,2.0,4,historico,3.0172565216450025
4200754,SC,0.0,4,historico,0.8539651298529882
4200804,SC,3.0,4,historico,1.8780552785164861
4200903,SC,1.0,4,historico,1.486983338776692
4201000,SC,5.0,4,historico,2.183308597521733
4201109,SC,2.0,4,historico,0.9581554251736857
4201208,SC,2.0,4,historico,4.101006550025015
4201257,SC,7.0,4,historico,3.969923914430782
4201273,SC,0.0,4,historico,2.0155186658995388
4201307,SC,11.0,4,historico,15.741293817372533
4201406,SC,18.0,4,historico,40.23347348100374
4201505,SC,2.0,4,historico,4.961516997162953
4201604,SC,1.0,4,historico,1.696824847584252
4201653,SC,1.0,4,historico,0.7423973541457365
4201703,SC,4.0,4,historico,3.871755909035553
4201802,SC,1.0,4,historico,1.556780240517276
4201901,SC,2.0,4,historico,2.6106909484562797
4201950,SC,4.0,4,historico,6.932364583721138
4202008,SC,95.0,4,historico,128.75669600454677
4202057,SC,3.0,4,historico,4.082620205695029
4202073,SC,3.0,4,historico,4.69683562738358
4202081,SC,0.0,4,historico,0.6963658644627846
4202099,SC,0.0,4,historico,0.4751919734202041
4202107,SC,15.0,4,historico,14.231506628102888
4202131,SC,0.0,4,historico,1.4125783199020636
4202156,SC,1.0,4,historico,0.8520923826026896
4202206,SC,5.0,4,historico,5.7307037550704285
4202305,SC,22.0,4,historico,32.16612120337131
4202404,SC,181.0,4,historico,305.1878821978997
4202438,SC,0.0,4,historico,0.6880668812468326
4202453,SC,15.0,4,historico,11.990132051278174
4202503,SC,0.0,4,historico,1.199483983709501
4202537,SC,2.0,4,historico,1.0320237679550033
4202578,SC,0.0,4,historico,0.6876037410321916
4202602,SC,1.0,4,historico,3.2503626519883078
4202701,SC,2.0,4,historico,2.0058150735324474
4202800,SC,20.0,4,historico,21.096516971077566
4202859,SC,0.0,4,historico,1.723017763734396
4202875,SC,0.0,4,historico,0.5064628940847167
4202909,SC,60.0,4,historico,103.52372591941065
4203006,SC,40.0,4,historico,37.57968917435485
4203105,SC,3.0,4,historico,2.8459000785957684
4203154,SC,1.0,4,historico,0.6356605561879033
4203204,SC,27.0,4,historico,33.259207489120016
4203253,SC,0.0,4,historico,0.6179674939938168
4203303,SC,3.0,4,historico,4.471510066657867
4203402,SC,0.0,4,historico,1.4816406130733342
4203501,SC,7.0,4,historico,2.917626993546236
4203600,SC,14.0,4,historico,17.864898455400922
4203709,SC,4.0,4,historico,3.9578321594242682
4203808,SC,27.0,4,historico,32.54996142879614
4203907,SC,10.0,4,historico,10.505063773809171
4203956,SC,5.0,4,historico,13.79263197752971
4204004,SC,6.0,4,historico,3.9920260500094593
4204103,SC,1.0,4,historico,1.2291045154700633
4204152,SC,2.0,4,historico,0.733334693577156
4204178,SC,1.0,4,historico,0.5492061928815575
4204194,SC,1.0,4,historico,0.962220080981068
4204202,SC,101.0,4,historico,171.1979426245684
4204251,SC,4.0,4,historico,10.943904036894466
4204301,SC,47.0,4,historico,59.44104397577869
4204350,SC,0.0,4,historico,1.9423592384161186
4204400,SC,1.0,4,historico,5.245687618099336
4204459,SC,2.0,4,historico,0.6874288344503958
4204509,SC,4.0,4,historico,9.787211843793163
4204558,SC,11.0,4,historico,5.106345318605744
4204608,SC,89.0,4,historico,154.5732368791414
4204707,SC,5.0,4,historico,5.81102218873243
4204756,SC,0.0,4,historico,0.8351373355864468
4204806,SC,20.0,4,historico,15.875476615016279
4204905,SC,0.0,4,historico,4.419521521388627
4205001,SC,4.0,4,historico,5.968284200107498
4205100,SC,1.0,4,historico,1.9068180478691283
4205159,SC,0.0,4,historico,1.4818268609531215
4205175,SC,0.0,4,historico,0.7066149174448395
4205191,SC,0.0,4,historico,0.7799369148599695
4205209,SC,0.0,4,historico,1.7680732328503064
4205308,SC,10.0,4,historico,5.982191653407927
4205357,SC,0.0,4,historico,0.5389031910865424
4205407,SC,556.0,4,historico,485.87627831311784
4205431,SC,0.0,4,historico,0.8307192253265213
4205456,SC,13.0,4,historico,13.498199593915253
4205506,SC,13.0,4,historico,19.046512319781005
4205555,SC,1.0,4,historico,0.523046325910131
4205605,SC,1.0,4,historico,1.0989043356301313
4205704,SC,22.0,4,historico,12.210779784962595
4205803,SC,5.0,4,historico,7.637782920800348
4205902,SC,23.0,4,historico,31.03776430249029
4206009,SC,3.0,4,historico,7.920646630147892
4206108,SC,3.0,4,historico,3.0670724789351884
4206207,SC,5.0,4,historico,6.846477005562425
4206306,SC,5.0,4,historico,11.163241419176046
4206405,SC,1.0,4,historico,5.699690510067289
4206504,SC,13.0,4,historico,22.54848846291909
4206603,SC,4.0,4,historico,2.358890160401692
4206652,SC,0.0,4,historico,1.7553916788638542
4206702,SC,9.0,4,historico,13.230382481630956
4206751,SC,4.0,4,historico,0.6813638179438721
4206801,SC,2.0,4,historico,1.1844122920648106
4206900,SC,13.0,4,historico,9.058239790522473
4207007,SC,23.0,4,historico,27.1188494705177
4207106,SC,7.0,4,historico,6.6280351667545485
4207205,SC,0.0,4,historico,3.0142723964745937
4207304,SC,31.0,4,historico,25.012251162615446
4207403,SC,4.0,4,historico,2.268280198197066
4207502,SC,26.0,4,historico,39.634303040893315
4207577,SC,1.0,4,historico,2.083423320818008
4207601,SC,2.0,4,historico,1.8140665261078919
4207650,SC,6.0,4,historico,5.215198357964905
4207684,SC,0.0,4,historico,0.8763929867765897
4207700,SC,5.0,4,historico,3.5083618218298214
4207759,SC,0.0,4,historico,1.5914681644229778
4207809,SC,4.0,4,historico,5.6448365978763295
4207858,SC,0.0,4,historico,0.624049939861106
4207908,SC,4.0,4,historico,3.497184803973683
4208005,SC,3.0,4,historico,3.3155420699865235
4208104,SC,8.0,4,historico,8.59316238207531
4208203,SC,112.0,4,historico,230.63527124400278
4208302,SC,44.0,4,historico,44.56302055867712
4208401,SC,11.0,4,historico,12.10331669405529
4208450,SC,9.0,4,historico,10.352888295684014
4208500,SC,15.0,4,historico,13.433592386212924
4208609,SC,2.0,4,historico,1.5188999138641832
4208708,SC,4.0,4,historico,4.035763896247702
4208807,SC,2.0,4,historico,7.991108373078444
4208906,SC,88.0,4,historico,177.15835575029465
4208955,SC,0.0,4,historico,0.5189703321559348
4209003,SC,26.0,4,historico,38.39477184303493
4209102,SC,257.0,4,historico,484.0507628897484
4209151,SC,1.0,4,historico,1.502605911280878
4209177,SC,0.0,4,historico,0.6769975319254155
4209201,SC,0.0,4,historico,1.0014760728329222
4209300,SC,83.0,4,historico,94.56515055615849
4209409,SC,14.0,4,historico,27.26323319014235
4209458,SC,1.0,4,historico,0.7563047320024402
4209508,SC,5.0,4,historico,2.9602454194249344
4209607,SC,8.0,4,historico,7.934431272795838
4209706,SC,0.0,4,historico,2.495639568268565
4209805,SC,1.0,4,historico,0.9573249445810269
4209854,SC,1.0,4,historico,2.128455854561204
4209904,SC,3.0,4,historico,4.133997741487456
4210001,SC,0.0,4,historico,5.835863147956128
4210035,SC,0.0,4,historico,3.686396327532115
4210050,SC,1.0,4,historico,0.44348884357793766
4210100,SC,25.0,4,historico,31.654078779701262
4210209,SC,0.0,4,historico,0.97519519234448
4210308,SC,4.0,4,historico,2.0357555656730804
4210407,SC,2.0,4,historico,3.8634018771848697
4210506,SC,9.0,4,historico,14.898605065302759
4210555,SC,0.0,4,historico,0.7833595749736477
4210605,SC,5.0,4,historico,10.242569156721387
4210704,SC,0.0,4,historico,0.5185645925059482
4210803,SC,3.0,4,historico,3.463292972826032
4210852,SC,0.0,4,historico,0.7591704941462079
4210902,SC,0.0,4,historico,1.9273120941911892
4211009,SC,2.0,4,historico,5.578758472279798
4211058,SC,3.0,4,historico,2.2733389247394413
4211108,SC,1.0,4,historico,2.045486703537396
4211207,SC,7.0,4,historico,8.621261496589753
4211256,SC,1.0,4,historico,0.9403406263766557
4211306,SC,41.0,4,historico,36.65314896480559
4211405,SC,3.0,4,historico,2.368913021685871
4211454,SC,2.0,4,historico,2.0610678971979683
4211504,SC,6.0,4,historico,7.228075087350261
4211603,SC,3.0,4,historico,8.467787481181103
4211652,SC,1.0,4,historico,0.8079902804581123
4211702,SC,8.0,4,historico,10.755129305293707
4211751,SC,5.0,4,historico,9.729029612909214
4211801,SC,1.0,4,historico,4.084218484570946
4211850,SC,0.0,4,historico,0.5911790787110978
4211876,SC,1.0,4,historico,0.5134610030439208
4211892,SC,0.0,4,historico,0.5813946864130696
4211900,SC,90.0,4,historico,100.6605412843337
4212007,SC,4.0,4,historico,2.6216213377755966
4212056,SC,3.0,4,historico,0.5725057065838676
4212106,SC,5.0,4,historico,7.920012275377445
4212205,SC,8.0,4,historico,6.859164535935518
4212239,SC,1.0,4,historico,1.1268388648055716
4212254,SC,7.0,4,historico,3.09142605134684
4212270,SC,2.0,4,historico,0.9275205184129783
4212304,SC,2.0,4,historico,2.7762816404326207
4212403,SC,0.0,4,historico,1.7974114922455566
4212502,SC,15.0,4,historico,16.139561071601705
4212601,SC,2.0,4,historico,1.3713262619477142
4212700,SC,5.0,4,historico,2.1955339907755325
4212809,SC,9.0,4,historico,11.824698261803697
4212908,SC,9.0,4,historico,13.729048022460923
4213005,SC,0.0,4,historico,1.9830052927436528
4213104,SC,5.0,4,historico,3.5243568539408794
4213153,SC,0.0,4,historico,1.321786755350317
4213203,SC,9.0,4,historico,23.463825501164628
4213302,SC,0.0,4,historico,1.289306978718475
4213351,SC,1.0,4,historico,0.9688970328754587
4213401,SC,3.0,4,historico,3.83128000265921
4213500,SC,9.0,4,historico,10.62086438637815
4213609,SC,14.0,4,historico,22.749419710266764
4213708,SC,3.0,4,historico,6.5924913434844745
4213807,SC,4.0,4,historico,2.6551536921717096
4213906,SC,1.0,4,historico,0.7756099575462865
4214003,SC,6.0,4,historico,8.969065174353856
4214102,SC,1.0,4,historico,0.989314384091999
4214151,SC,0.0,4,historico,1.0355748320375888
4214201,SC,4.0,4,historico,4.296604419043925
4214300,SC,2.0,4,historico,1.3671830697024916
4214409,SC,2.0,4,historico,2.0132675339492367
4214508,SC,4.0,4,historico,2.9770752664332703
4214607,SC,3.0,4,historico,3.807477951760173
4214706,SC,1.0,4,historico,5.352544429432345
4214805,SC,35.0,4,historico,61.050632304166136
4214904,SC,4.0,4,historico,5.759649590288699
4215000,SC,13.0,4,historico,21.995621400528897
4215059,SC,1.0,4,historico,0.51641610644636
4215075,SC,3.0,4,historico,1.6641894238181485
4215109,SC,7.0,4,historico,6.481621387255437
4215208,SC,1.0,4,historico,1.5230640986056894
4215307,SC,0.0,4,historico,3.6568189999143885
4215356,SC,0.0,4,historico,0.829167037879091
4215406,SC,3.0,4,historico,2.8921413783692893
4215455,SC,3.0,4,historico,4.191238380494325
4215505,SC,4.0,4,historico,5.456906250799435
4215554,SC,0.0,4,historico,0.8128561539247356
4215604,SC,4.0,4,historico,1.0326701163596024
4215653,SC,1.0,4,historico,3.201880568959623
4215679,SC,1.0,4,historico,2.084516646341897
4215687,SC,0.0,4,historico,0.6035931307875739
4215695,SC,0.0,4,historico,0.5526898496594003
4215703,SC,11.0,4,historico,13.229194615755606
4215752,SC,1.0,4,historico,0.5262235670380236
4215802,SC,44.0,4,historico,59.87511041235614
4215901,SC,1.0,4,historico,1.3154242720380211
4216008,SC,5.0,4,historico,6.269999688671573
4216057,SC,1.0,4,historico,1.4285445361565485
4216107,SC,2.0,4,historico,4.525540369984337
4216206,SC,16.0,4,historico,30.00069577723536
4216255,SC,0.0,4,historico,3.1470536972071437
4216305,SC,10.0,4,historico,17.215327466550498
4216354,SC,0.0,4,historico,1.675948370946835
4216404,SC,2.0,4,historico,2.2594549720946673
4216503,SC,9.0,4,historico,8.829742460784056
4216602,SC,165.0,4,historico,216.03482471355812
4216701,SC,5.0,4,historico,7.35737795795872
4216800,SC,3.0,4,historico,1.7144701172436978
4216909,SC,9.0,4,historico,12.957707596534556
4217006,SC,3.0,4,historico,7.159815491278345
4217105,SC,2.0,4,historico,1.4253717785834834
4217154,SC,0.0,4,historico,0.6212634716545422
4217204,SC,39.0,4,historico,29.930857444641706
4217253,SC,2.0,4,historico,2.4766751115207635
4217303,SC,4.0,4,historico,5.352940853465015
4217402,SC,9.0,4,historico,11.490801566571871
4217501,SC,5.0,4,historico,13.704321270567997
4217550,SC,0.0,4,historico,1.6265755662456287
4217600,SC,4.0,4,historico,8.397133427945773
4217709,SC,10.0,4,historico,14.88270033124548
4217758,SC,0.0,4,historico,0.8546840798832441
4217808,SC,14.0,4,historico,10.540389551724843
4217907,SC,1.0,4,historico,4.110376211869471
4217956,SC,0.0,4,historico,0.5525361489256156
4218004,SC,30.0,4,historico,19.887300852647268
4218103,SC,3.0,4,historico,1.9502163261467933
4218202,SC,20.0,4,historico,28.75004288109198
4218251,SC,0.0,4,historico,1.7361108623257817
4218301,SC,5.0,4,historico,8.413352490279967
4218350,SC,1.0,4,historico,2.972579090130536
4218400,SC,0.0,4,historico,3.2054641117941425
4218509,SC,11.0,4,historico,6.908395966503926
4218608,SC,4.0,4,historico,3.681118476830821
4218707,SC,60.0,4,historico,76.31385703159908
4218756,SC,1.0,4,historico,2.256946490616078
4218806,SC,4.0,4,historico,6.415187559411865
4218855,SC,1.0,4,historico,0.8112128743218161
4218905,SC,3.0,4,historico,3.649281823662567
4218954,SC,0.0,4,historico,0.6611697969743099
4219002,SC,10.0,4,historico,12.445069990491206
4219101,SC,1.0,4,historico,1.1009554241440047
4219150,SC,0.0,4,historico,0.47629187154737346
4219176,SC,5.0,4,historico,1.4764039600603962
4219200,SC,0.0,4,historico,2.0508588287834053
4219309,SC,44.0,4,historico,28.174062108212492
4219358,SC,0.0,4,historico,1.4178017743296338
4219408,SC,3.0,4,historico,1.3839124258348083
4219507,SC,28.0,4,historico,30.09936383845633
4219606,SC,2.0,4,historico,1.7369255259615517
4219705,SC,10.0,4,historico,14.591692447609043
4219853,SC,2.0,4,historico,1.6291517751127798
5100102,MT,0.0,4,historico,0.7013322058441255
5100201,MT,18.0,4,historico,11.914890262013714
5100250,MT,12.0,4,historico,20.029281102627348
5100300,MT,5.0,4,historico,7.069767223382649
5100359,MT,5.0,4,historico,1.0755585513411152
5100409,MT,2.0,4,historico,4.012859325032238
5100508,MT,0.0,4,historico,1.94265519005054
5100607,MT,3.0,4,historico,4.028862663747006
5100805,MT,0.0,4,historico,2.8130166235436103
5101001,MT,0.0,4,historico,0.8503760099227874
5101209,MT,0.0,4,historico,0.2088498724615494
5101258,MT,4.0,4,historico,6.02694129985778
5101308,MT,2.0,4,historico,3.5566061650190552
5101407,MT,8.0,4,historico,5.245481428687196
5101605,MT,0.0,4,historico,0.9076018761080957
5101704,MT,4.0,4,historico,10.345338145134685
5101803,MT,25.0,4,historico,33.27078447803763
5101852,MT,1.0,4,historico,1.717833122121959
5101902,MT,0.0,4,historico,5.778580835807677
5102504,MT,25.0,4,historico,37.753627092741006
5102603,MT,6.0,4,historico,0.5841445561681123
5102637,MT,15.0,4,historico,18.64188607362126
5102678,MT,10.0,4,historico,25.87553389463151
5102686,MT,6.0,4,historico,2.774989099103064
5102694,MT,0.0,4,historico,0.8605474000666692
5102702,MT,10.0,4,historico,7.015765783372794
5102793,MT,2.0,4,historico,2.206925073503157
5102850,MT,3.0,4,historico,2.130108165222686
5103007,MT,4.0,4,historico,5.050335778236427
5103056,MT,4.0,4,historico,3.2035763552235417
5103106,MT,4.0,4,historico,1.470690728982358
5103205,MT,8.0,4,historico,10.783790614580301
5103254,MT,3.0,4,historico,4.358050193278634
5103304,MT,7.0,4,historico,6.273685742128604
5103353,MT,7.0,4,historico,5.459878046440849
5103361,MT,1.0,4,historico,1.4605749536893002
5103379,MT,2.0,4,historico,2.899598949012052
5103403,MT,242.0,4,historico,547.7764295780215
5103437,MT,1.0,4,historico,1.4514370968478552
5103452,MT,2.0,4,historico,2.7960512167823537
5103502,MT,7.0,4,historico,8.843246584902353
5103601,MT,3.0,4,historico,2.6576017308448354
5103700,MT,1.0,4,historico,4.422834836470718
5103809,MT,2.0,4,historico,0.9602379010897819
5103858,MT,2.0,4,historico,0.6015158932157734
5103908,MT,0.0,4,historico,0.8758749657909393
5103957,MT,0.0,4,historico,1.172754988633039
5104104,MT,5.0,4,historico,12.61347458871114
5104203,MT,0.0,4,historico,5.992898772501172
5104500,MT,0.0,4,historico,0.5388739165242645
5104526,MT,1.0,4,historico,2.9980539390297887
5104542,MT,1.0,4,historico,2.3913405466327022
5104559,MT,5.0,4,historico,0.9614711689087395
5104609,MT,1.0,4,historico,4.172996541927764
5104807,MT,3.0,4,historico,10.94062222879826
5104906,MT,0.0,4,historico,0.6958724436222551
5105002,MT,5.0,4,historico,2.3215001021121524
5105101,MT,5.0,4,historico,11.170967970822545
5105150,MT,17.0,4,historico,9.746596788500678
5105176,MT,3.0,4,historico,3.5775774988127957
5105200,MT,2.0,4,historico,4.153376147001225
5105234,MT,0.0,4,historico,1.4368749646371723
5105259,MT,23.0,4,historico,40.73275453155557
5105309,MT,0.0,4,historico,0.37979072865347
5105507,MT,1.0,4,historico,2.128199132146951
5105580,MT,0.0,4,historico,3.1923605032552684
5105606,MT,7.0,4,historico,6.063656265889752
5105622,MT,14.0,4,historico,9.191699515367958
5105903,MT,1.0,4,historico,4.598970760489646
5106000,MT,1.0,4,historico,1.694037477291425
5106109,MT,0.0,4,historico,1.4686719912954773
5106158,MT,4.0,4,historico,2.5459753176380326
5106174,MT,0.0,4,historico,0.5112419173442183
5106182,MT,1.0,4,historico,1.241021555157028
5106190,MT,0.0,4,historico,0.9004064012973447
5106208,MT,0.0,4,historico,0.5382972882347165
5106216,MT,3.0,4,historico,3.8149233511675456
5106224,MT,5.0,4,historico,28.069812153322495
5106232,MT,2.0,4,historico,5.321789892329158
5106240,MT,1.0,4,historico,3.0743203476040675
5106257,MT,10.0,4,historico,7.28583406166992
5106265,MT,1.0,4,historico,1.9300924773848154
5106273,MT,0.0,4,historico,0.8628697294875017
5106281,MT,3.0,4,historico,1.2831695833051555
5106299,MT,4.0,4,historico,2.888108558919191
5106307,MT,2.0,4,historico,6.299223948683696
5106315,MT,0.0,4,historico,0.5196285807205192
5106372,MT,4.0,4,historico,5.095145039851923
5106422,MT,4.0,4,historico,5.093348905565176
5106455,MT,0.0,4,historico,0.45819485348090117
5106505,MT,0.0,4,historico,5.871140287067499
5106653,MT,0.0,4,historico,2.860595778554237
5106703,MT,0.0,4,historico,0.4179907948664033
5106752,MT,9.0,4,historico,15.586138642033433
5106778,MT,1.0,4,historico,2.6681360249859454
5106802,MT,0.0,4,historico,1.567101541270668
5106828,MT,2.0,4,historico,1.9491410770881987
5106851,MT,1.0,4,historico,0.3413324026467888
5107008,MT,2.0,4,historico,4.05478391570298
5107040,MT,28.0,4,historico,36.668201651563905
5107065,MT,10.0,4,historico,4.980636276719869
5107107,MT,2.0,4,historico,7.071126610572729
5107156,MT,2.0,4,historico,0.5408661058475507
5107180,MT,1.0,4,historico,2.474471111848402
5107198,MT,2.0,4,historico,0.6512292557094346
5107206,MT,3.0,4,historico,1.8371332459156204
5107248,MT,0.0,4,historico,1.5441452510570852
5107263,MT,0.0,4,historico,0.7398095864179657
5107297,MT,0.0,4,historico,0.8655640452990259
5107305,MT,2.0,4,historico,6.4767265734679444
5107354,MT,1.0,4,historico,0.8513158254729201
5107404,MT,0.0,4,historico,1.045191943827456
5107578,MT,0.0,4,historico,0.6957379562985541
5107602,MT,64.0,4,historico,130.9414739992535
5107701,MT,0.0,4,historico,3.968826428293046
5107743,MT,0.0,4,historico,0.6484386318449862
5107750,MT,2.0,4,historico,0.9193297071197726
5107768,MT,0.0,4,historico,1.7333902385392777
5107776,MT,0.0,4,historico,0.8213528373274123
5107792,MT,1.0,4,historico,1.183528338969425
5107800,MT,1.0,4,historico,4.306203093783203
5107859,MT,1.0,4,historico,1.717725354144695
5107875,MT,8.0,4,historico,15.064016788959155
5107883,MT,0.0,4,historico,0.3155043192138809
5107909,MT,43.0,4,historico,76.36394283259123
5107925,MT,20.0,4,historico,49.78832039350645
5107941,MT,2.0,4,historico,2.9302582220967075
5107958,MT,23.0,4,historico,51.544318963263144
5108006,MT,1.0,4,historico,5.3543148143164
5108055,MT,3.0,4,historico,3.1763987397919564
5108105,MT,0.0,4,historico,0.7859724690125401
5108204,MT,0.0,4,historico,1.2148599481802473
5108303,MT,1.0,4,historico,0.905733320894301
5108352,MT,0.0,4,historico,0.7808901620671198
5108402,MT,37.0,4,historico,112.10983217570643
5108501,MT,3.0,4,historico,3.3806771155086426
5108600,MT,3.0,4,historico,7.192563778480562
5108808,MT,1.0,4,historico,1.2090795157576206
5108857,MT,0.0,4,historico,1.0838206959712908
5108907,MT,0.0,4,historico,2.487608594851433
5108956,MT,3.0,4,historico,2.917154870127487
1400027,RR,0.0,4,retrospectivo_completo,0.04968812579342037
1400050,RR,0.0,4,retrospectivo_completo,0.08536307547612963
1400100,RR,39.0,4,retrospectivo_completo,36.601603873782565
1400159,RR,1.0,4,retrospectivo_completo,0.13973189680138487
1400175,RR,0.0,4,retrospectivo_completo,0.1504208067899403
1400209,RR,0.0,4,retrospectivo_completo,0.30403760945008934
1400233,RR,0.0,4,retrospectivo_completo,0.2577069958752989
1400282,RR,0.0,4,retrospectivo_completo,0.06589776130963138
1400308,RR,0.0,4,retrospectivo_completo,0.7924343305286549
1400407,RR,0.0,4,retrospectivo_completo,0.06846884484825243
1400456,RR,0.0,4,retrospectivo_completo,0.25161194349274096
1400472,RR,0.0,4,retrospectivo_completo,0.6325953147943194
1400506,RR,0.0,4,retrospectivo_completo,0.2614310360506439
1400605,RR,0.0,4,retrospectivo_completo,0.28007440239375225
1400704,RR,0.0,4,retrospectivo_completo,0.04227788973218709
2600054,PE,11.0,4,retrospectivo_completo,11.641120732148197
2600104,PE,8.0,4,retrospectivo_completo,4.4454974880445555
2600203,PE,2.0,4,retrospectivo_completo,1.5347617604465367
2600302,PE,1.0,4,retrospectivo_completo,1.7802869510452208
2600401,PE,1.0,4,retrospectivo_completo,1.3464972870261003
2600500,PE,6.0,4,retrospectivo_completo,2.204371904866148
2600609,PE,0.0,4,retrospectivo_completo,1.1061326099329678
2600708,PE,1.0,4,retrospectivo_completo,2.919941969948561
2600807,PE,1.0,4,retrospectivo_completo,1.8106864294967617
2600906,PE,2.0,4,retrospectivo_completo,1.3688403508087095
2601003,PE,0.0,4,retrospectivo_completo,0.7494287216318009
2601052,PE,2.0,4,retrospectivo_completo,1.179059575765419
2601102,PE,11.0,4,retrospectivo_completo,6.618056465853975
2601201,PE,5.0,4,retrospectivo_completo,10.764984651765955
2601300,PE,2.0,4,retrospectivo_completo,0.8580194319370115
2601409,PE,5.0,4,retrospectivo_completo,2.704259174002814
2601508,PE,0.0,4,retrospectivo_completo,0.6540168823770461
2601607,PE,4.0,4,retrospectivo_completo,2.0607804611748906
2601706,PE,11.0,4,retrospectivo_completo,8.16263496830364
2601805,PE,0.0,4,retrospectivo_completo,0.5754219658752903
2601904,PE,10.0,4,retrospectivo_completo,5.538203469133261
2602001,PE,2.0,4,retrospectivo_completo,2.3865020971500677
2602100,PE,7.0,4,retrospectivo_completo,2.965480623833894
2602209,PE,1.0,4,retrospectivo_completo,3.4472150835435666
2602308,PE,5.0,4,retrospectivo_completo,2.4441388656981755
2602407,PE,0.0,4,retrospectivo_completo,0.4081772566213849
2602506,PE,0.0,4,retrospectivo_completo,0.5381973322682331
2602605,PE,4.0,4,retrospectivo_completo,2.361499767028146
2602704,PE,2.0,4,retrospectivo_completo,0.8941347890148741
2602803,PE,1.0,4,retrospectivo_completo,1.9526324094366454
2602902,PE,21.0,4,retrospectivo_completo,30.569511014911164
2603009,PE,6.0,4,retrospectivo_completo,2.923961743416012
2603108,PE,0.0,4,retrospectivo_completo,1.3234346010087232
2603207,PE,1.0,4,retrospectivo_completo,0.9671009992847694
2603306,PE,1.0,4,retrospectivo_completo,0.6159807734670525
2603405,PE,0.0,4,retrospectivo_completo,0.38485228723966214
2603454,PE,31.0,4,retrospectivo_completo,23.769550383315128
2603504,PE,2.0,4,retrospectivo_completo,1.3625041594513183
2603603,PE,3.0,4,retrospectivo_completo,0.7375093223327266
2603702,PE,2.0,4,retrospectivo_completo,1.4119027266216073
2603801,PE,1.0,4,retrospectivo_completo,0.9972078334252565
2603900,PE,2.0,4,retrospectivo_completo,1.1437180435996726
2603926,PE,0.0,4,retrospectivo_completo,0.4641919722685087
2604007,PE,10.0,4,retrospectivo_completo,10.013039660779762
2604106,PE,63.0,4,retrospectivo_completo,59.578962439953536
2604155,PE,0.0,4,retrospectivo_completo,0.6825611170700054
2604205,PE,7.0,4,retrospectivo_completo,3.659657782891931
2604304,PE,0.0,4,retrospectivo_completo,1.053262092736022
2604403,PE,1.0,4,retrospectivo_completo,0.9721205531496934
2604502,PE,1.0,4,retrospectivo_completo,1.6881662500360852
2604601,PE,4.0,4,retrospectivo_completo,2.187469359869205
2604700,PE,1.0,4,retrospectivo_completo,1.0288527234075966
2604809,PE,2.0,4,retrospectivo_completo,0.5274469441089624
2604908,PE,2.0,4,retrospectivo_completo,0.8064166236025405
2605004,PE,1.0,4,retrospectivo_completo,1.7503442093630024
2605103,PE,5.0,4,retrospectivo_completo,3.025242549186831
2605152,PE,2.0,4,retrospectivo_completo,1.4439314526557294
2605202,PE,10.0,4,retrospectivo_completo,5.8097586833516734
2605301,PE,0.0,4,retrospectivo_completo,1.9858580562221382
2605400,PE,5.0,4,retrospectivo_completo,1.6039766512926967
2605459,PE,0.0,4,retrospectivo_completo,0.6189211800745447
2605509,PE,1.0,4,retrospectivo_completo,1.1468678526569462
2605608,PE,1.0,4,retrospectivo_completo,1.5096692034608206
2605707,PE,6.0,4,retrospectivo_completo,2.3601711017285933
2605806,PE,0.0,4,retrospectivo_completo,1.0953194428188089
2605905,PE,4.0,4,retrospectivo_completo,1.608504641879711
2606002,PE,30.0,4,retrospectivo_completo,23.500611203241405
2606101,PE,2.0,4,retrospectivo_completo,2.6303682144733442
2606200,PE,9.0,4,retrospectivo_completo,8.290577882822717
2606309,PE,0.0,4,retrospectivo_completo,0.614984410994624
2606408,PE,10.0,4,retrospectivo_completo,9.371250798661416
2606507,PE,3.0,4,retrospectivo_completo,0.8391887591934419
2606606,PE,2.0,4,retrospectivo_completo,1.3765558312075148
2606705,PE,0.0,4,retrospectivo_completo,0.5440720766815217
2606804,PE,10.0,4,retrospectivo_completo,13.07327313981687
2606903,PE,0.0,4,retrospectivo_completo,1.0701428171727259
2607000,PE,0.0,4,retrospectivo_completo,0.8923102107925563
2607109,PE,0.0,4,retrospectivo_completo,0.41585354749041686
2607208,PE,16.0,4,retrospectivo_completo,8.04228834853429
2607307,PE,3.0,4,retrospectivo_completo,1.294433767912385
2607406,PE,0.0,4,retrospectivo_completo,0.29752753181898123
2607505,PE,0.0,4,retrospectivo_completo,1.351980346457307
2607604,PE,4.0,4,retrospectivo_completo,3.0692259380969165
2607653,PE,3.0,4,retrospectivo_completo,2.363422936408289
2607703,PE,2.0,4,retrospectivo_completo,1.2094415253851327
2607752,PE,3.0,4,retrospectivo_completo,2.117351988789979
2607802,PE,2.0,4,retrospectivo_completo,1.0418817980820676
2607901,PE,131.0,4,retrospectivo_completo,140.73365837548022
2607950,PE,3.0,4,retrospectivo_completo,0.648958924262466
2608008,PE,2.0,4,retrospectivo_completo,0.8855073884481067
2608057,PE,3.0,4,retrospectivo_completo,1.5942513006131702
2608107,PE,3.0,4,retrospectivo_completo,2.2587328476700397
2608206,PE,4.0,4,retrospectivo_completo,0.682295546253945
2608255,PE,0.0,4,retrospectivo_completo,0.49643293958176893
2608305,PE,2.0,4,retrospectivo_completo,1.0043292082080906
2608404,PE,0.0,4,retrospectivo_completo,0.6779281233136082
2608453,PE,2.0,4,retrospectivo_completo,1.321879466453014
2608503,PE,0.0,4,retrospectivo_completo,1.6260221562183235
2608602,PE,2.0,4,retrospectivo_completo,0.5625838925186581
2608701,PE,3.0,4,retrospectivo_completo,0.9816974051330786
2608750,PE,0.0,4,retrospectivo_completo,1.740652631697222
2608800,PE,6.0,4,retrospectivo_completo,3.7789488975785046
2608909,PE,7.0,4,retrospectivo_completo,6.331824053383846
2609006,PE,2.0,4,retrospectivo_completo,2.240766267701185
2609105,PE,1.0,4,retrospectivo_completo,0.795590420938799
2609154,PE,0.0,4,retrospectivo_completo,0.6907852338381975
2609204,PE,0.0,4,retrospectivo_completo,0.5150953988166715
2609303,PE,3.0,4,retrospectivo_completo,0.7269851999598517
2609402,PE,5.0,4,retrospectivo_completo,6.619905753725254
2609501,PE,1.0,4,retrospectivo_completo,3.4608774918686427
2609600,PE,71.0,4,retrospectivo_completo,89.90236262077067
2609709,PE,1.0,4,retrospectivo_completo,2.2872738279305374
2609808,PE,3.0,4,retrospectivo_completo,0.9133590804078227
2609907,PE,8.0,4,retrospectivo_completo,3.9373107534028993
2610004,PE,8.0,4,retrospectivo_completo,5.306362642681752
2610103,PE,0.0,4,retrospectivo_completo,0.4670310484762729
2610202,PE,2.0,4,retrospectivo_completo,1.7605798210585348
2610301,PE,0.0,4,retrospectivo_completo,0.5648524185785981
2610400,PE,4.0,4,retrospectivo_completo,1.8692476889296579
2610509,PE,1.0,4,retrospectivo_completo,2.161258723248889
2610608,PE,2.0,4,retrospectivo_completo,5.623310491714696
2610707,PE,49.0,4,retrospectivo_completo,67.68559416088577
2610806,PE,3.0,4,retrospectivo_completo,1.48606937593721
2610905,PE,9.0,4,retrospectivo_completo,6.17918925902341
2611002,PE,9.0,4,retrospectivo_completo,3.0178141291532974
2611101,PE,66.0,4,retrospectivo_completo,51.48689066652092
2611200,PE,1.0,4,retrospectivo_completo,0.6799413783276526
2611309,PE,1.0,4,retrospectivo_completo,1.8805796066688811
2611408,PE,0.0,4,retrospectivo_completo,0.8307747387295605
2611507,PE,1.0,4,retrospectivo_completo,1.2343390163530008
2611533,PE,1.0,4,retrospectivo_completo,0.34688253293325183
2611606,PE,599.0,4,retrospectivo_completo,580.6249009882782
2611705,PE,2.0,4,retrospectivo_completo,1.3444159169882173
2611804,PE,4.0,4,retrospectivo_completo,3.8864488803839996
2611903,PE,2.0,4,retrospectivo_completo,1.4097917031014455
2612000,PE,0.0,4,retrospectivo_completo,0.6930920771862594
2612109,PE,0.0,4,retrospectivo_completo,0.3459084178828479
2612208,PE,19.0,4,retrospectivo_completo,8.479585912922984
2612307,PE,3.0,4,retrospectivo_completo,1.0106857753375225
2612406,PE,3.0,4,retrospectivo_completo,2.227391233827313
2612455,PE,2.0,4,retrospectivo_completo,0.8251135987847201
2612471,PE,0.0,4,retrospectivo_completo,1.0534693722517963
2612505,PE,11.0,4,retrospectivo_completo,11.031445469579744
2612554,PE,1.0,4,retrospectivo_completo,0.4988402908173357
2612604,PE,2.0,4,retrospectivo_completo,2.5135102841958092
2612703,PE,0.0,4,retrospectivo_completo,0.7630671073537073
2612802,PE,1.0,4,retrospectivo_completo,0.70416768183904
2612901,PE,1.0,4,retrospectivo_completo,0.3634282235027174
2613008,PE,4.0,4,retrospectivo_completo,3.928479136897073
2613107,PE,0.0,4,retrospectivo_completo,2.6575682614486373
2613206,PE,1.0,4,retrospectivo_completo,1.3064918456329284
2613305,PE,1.0,4,retrospectivo_completo,1.1099900417843405
2613404,PE,2.0,4,retrospectivo_completo,1.722354037685276
2613503,PE,2.0,4,retrospectivo_completo,3.1494923497315064
2613602,PE,0.0,4,retrospectivo_completo,3.7390681849507685
2613701,PE,13.0,4,retrospectivo_completo,10.54519400760602
2613800,PE,1.0,4,retrospectivo_completo,0.9441035111809546
2613909,PE,10.0,4,retrospectivo_completo,10.814483529860343
2614006,PE,2.0,4,retrospectivo_completo,1.617536545402602
2614105,PE,4.0,4,retrospectivo_completo,3.4941805145822573
2614204,PE,5.0,4,retrospectivo_completo,2.343400319661234
2614303,PE,2.0,4,retrospectivo_completo,0.9238376424065153
2614402,PE,0.0,4,retrospectivo_completo,0.3842447009265684
2614501,PE,5.0,4,retrospectivo_completo,7.051595375693075
2614600,PE,9.0,4,retrospectivo_completo,2.588150312950666
2614709,PE,0.0,4,retrospectivo_completo,0.6263745751269643
2614808,PE,2.0,4,retrospectivo_completo,1.358008252067496
2614857,PE,1.0,4,retrospectivo_completo,1.3902210511230682
2615003,PE,6.0,4,retrospectivo_completo,2.83143300328045
2615102,PE,1.0,4,retrospectivo_completo,0.3161031219241137
2615201,PE,1.0,4,retrospectivo_completo,0.8551717953421009
2615300,PE,7.0,4,retrospectivo_completo,4.86729248697601
2615409,PE,5.0,4,retrospectivo_completo,3.203799490530352
2615508,PE,1.0,4,retrospectivo_completo,0.9553042794044706
2615607,PE,4.0,4,retrospectivo_completo,1.873568362061224
2615706,PE,2.0,4,retrospectivo_completo,2.2949625993914764
2615805,PE,0.0,4,retrospectivo_completo,0.971615513961822
2615904,PE,3.0,4,retrospectivo_completo,0.8165820801127649
2616001,PE,2.0,4,retrospectivo_completo,1.3364301067380904
2616100,PE,0.0,4,retrospectivo_completo,0.8464285563586206
2616183,PE,0.0,4,retrospectivo_completo,0.35258530228196777
2616209,PE,1.0,4,retrospectivo_completo,1.3643386700606532
2616308,PE,2.0,4,retrospectivo_completo,2.6139797531734508
2616407,PE,15.0,4,retrospectivo_completo,16.05212333225549
2616506,PE,1.0,4,retrospectivo_completo,0.6469797217218197
3200102,ES,11.0,4,retrospectivo_completo,10.327813932215612
3200136,ES,1.0,4,retrospectivo_completo,2.4615401828006753
3200169,ES,6.0,4,retrospectivo_completo,2.790726658610884
3200201,ES,17.0,4,retrospectivo_completo,12.804584305807134
3200300,ES,7.0,4,retrospectivo_completo,5.805951887050228
3200359,ES,2.0,4,retrospectivo_completo,1.8460621874504337
3200409,ES,14.0,4,retrospectivo_completo,12.440255517014016
3200508,ES,6.0,4,retrospectivo_completo,2.3024823561437944
3200607,ES,40.0,4,retrospectivo_completo,44.81171073465391
3200706,ES,1.0,4,retrospectivo_completo,3.5631449817224192
3200805,ES,9.0,4,retrospectivo_completo,11.074577897171
3200904,ES,9.0,4,retrospectivo_completo,11.729636974091799
3201001,ES,7.0,4,retrospectivo_completo,3.0716980880612836
3201100,ES,4.0,4,retrospectivo_completo,4.098973484584329
3201159,ES,1.0,4,retrospectivo_completo,3.9435519949165636
3201209,ES,123.0,4,retrospectivo_completo,104.23267336425185
3201308,ES,134.0,4,retrospectivo_completo,114.05828349599508
3201407,ES,18.0,4,retrospectivo_completo,16.154592821089402
3201506,ES,63.0,4,retrospectivo_completo,56.745694453594524
3201605,ES,3.0,4,retrospectivo_completo,6.607224221683383
3201704,ES,5.0,4,retrospectivo_completo,4.482028514410545
3201803,ES,1.0,4,retrospectivo_completo,1.222584229416547
3201902,ES,10.0,4,retrospectivo_completo,11.070754269195694
3202009,ES,0.0,4,retrospectivo_completo,1.8723999727944496
3202108,ES,9.0,4,retrospectivo_completo,5.622461793437309
3202207,ES,5.0,4,retrospectivo_completo,7.225350633557741
3202256,ES,3.0,4,retrospectivo_completo,3.233051952015274
3202306,ES,16.0,4,retrospectivo_completo,13.186993971654479
3202405,ES,66.0,4,retrospectivo_completo,47.82443629134338
3202454,ES,9.0,4,retrospectivo_completo,7.068775255528717
3202504,ES,1.0,4,retrospectivo_completo,4.666861448101085
3202553,ES,0.0,4,retrospectivo_completo,2.238191655026776
3202603,ES,5.0,4,retrospectivo_completo,5.889369516605791
3202652,ES,2.0,4,retrospectivo_completo,4.375538887399474
3202702,ES,7.0,4,retrospectivo_completo,4.881275420248893
3202801,ES,8.0,4,retrospectivo_completo,8.362429771497013
3202900,ES,3.0,4,retrospectivo_completo,3.435944684019034
3203007,ES,2.0,4,retrospectivo_completo,10.166663689260611
3203056,ES,13.0,4,retrospectivo_completo,7.62095898997806
3203106,ES,2.0,4,retrospectivo_completo,4.675138537771132
3203130,ES,8.0,4,retrospectivo_completo,7.263697110329423
3203163,ES,1.0,4,retrospectivo_completo,3.1123911373499586
3203205,ES,66.0,4,retrospectivo_completo,54.995249738868516
3203304,ES,4.0,4,retrospectivo_completo,3.678919467716905
3203320,ES,16.0,4,retrospectivo_completo,12.942984185868355
3203346,ES,6.0,4,retrospectivo_completo,5.190115341815392
3203353,ES,8.0,4,retrospectivo_completo,3.657660157849726
3203403,ES,9.0,4,retrospectivo_completo,8.669857929311828
3203502,ES,10.0,4,retrospectivo_completo,4.9674578503496445
3203601,ES,1.0,4,retrospectivo_completo,1.2715960256599501
3203700,ES,3.0,4,retrospectivo_completo,5.900658248964939
3203809,ES,4.0,4,retrospectivo_completo,5.135383657562658
3203908,ES,19.0,4,retrospectivo_completo,14.988193469532394
3204005,ES,1.0,4,retrospectivo_completo,5.65008575700736
3204054,ES,5.0,4,retrospectivo_completo,4.785801295429062
3204104,ES,9.0,4,retrospectivo_completo,6.721085102834015
3204203,ES,17.0,4,retrospectivo_completo,7.152506050863692
3204252,ES,1.0,4,retrospectivo_completo,1.5206508556510763
3204302,ES,2.0,4,retrospectivo_completo,3.05384236909233
3204351,ES,4.0,4,retrospectivo_completo,5.0596276835764655
3204401,ES,6.0,4,retrospectivo_completo,4.322861688752794
3204500,ES,1.0,4,retrospectivo_completo,3.157257227231688
3204559,ES,19.0,4,retrospectivo_completo,11.00466274336162
3204609,ES,14.0,4,retrospectivo_completo,8.582663142805748
3204658,ES,7.0,4,retrospectivo_completo,2.239800280843306
3204708,ES,13.0,4,retrospectivo_completo,12.59460107637426
3204807,ES,6.0,4,retrospectivo_completo,3.7435603387539547
3204906,ES,47.0,4,retrospectivo_completo,46.52075642595581
3204955,ES,5.0,4,retrospectivo_completo,3.528193696750241
3205002,ES,278.0,4,retrospectivo_completo,183.93771161986444
3205010,ES,5.0,4,retrospectivo_completo,5.796835133110549
3205036,ES,7.0,4,retrospectivo_completo,5.146729142045677
3205069,ES,15.0,4,retrospectivo_completo,11.553063002880483
3205101,ES,21.0,4,retrospectivo_completo,17.933680257875846
3205150,ES,0.0,4,retrospectivo_completo,1.9453193454907698
3205176,ES,8.0,4,retrospectivo_completo,3.9257073424730047
3205200,ES,325.0,4,retrospectivo_completo,291.83794780144757
3205309,ES,373.0,4,retrospectivo_completo,287.984416070983
4100103,PR,3.0,4,retrospectivo_completo,2.4906928143076503
4100202,PR,3.0,4,retrospectivo_completo,1.6899303463406357
4100301,PR,0.0,4,retrospectivo_completo,2.692069632411277
4100400,PR,35.0,4,retrospectivo_completo,42.65363558743142
4100459,PR,2.0,4,retrospectivo_completo,0.9621491433364361
4100509,PR,3.0,4,retrospectivo_completo,7.049731737546927
4100608,PR,2.0,4,retrospectivo_completo,5.316261940913115
4100707,PR,1.0,4,retrospectivo_completo,2.9680967232691904
4100806,PR,0.0,4,retrospectivo_completo,5.009199040117695
4100905,PR,2.0,4,retrospectivo_completo,1.3545088158099086
4101002,PR,8.0,4,retrospectivo_completo,6.1018552809077145
4101051,PR,0.0,4,retrospectivo_completo,1.0092303264947051
4101101,PR,11.0,4,retrospectivo_completo,9.334762706873342
4101150,PR,3.0,4,retrospectivo_completo,1.2017708680843968
4101200,PR,10.0,4,retrospectivo_completo,7.9224481852442
4101309,PR,0.0,4,retrospectivo_completo,2.0965692170939665
4101408,PR,53.0,4,retrospectivo_completo,73.90483488231914
4101507,PR,32.0,4,retrospectivo_completo,63.575767303304936
4101606,PR,9.0,4,retrospectivo_completo,13.46969579092938
4101655,PR,0.0,4,retrospectivo_completo,0.9969467569127024
4101705,PR,4.0,4,retrospectivo_completo,6.66784251199525
4101804,PR,54.0,4,retrospectivo_completo,97.59111101643164
4101853,PR,0.0,4,retrospectivo_completo,0.7030083829222447
4101903,PR,5.0,4,retrospectivo_completo,9.841747001332985
4102000,PR,12.0,4,retrospectivo_completo,17.97679689256823
4102109,PR,7.0,4,retrospectivo_completo,17.95014711931432
4102208,PR,0.0,4,retrospectivo_completo,2.2591011756381594
4102307,PR,1.0,4,retrospectivo_completo,4.819148072855845
4102406,PR,14.0,4,retrospectivo_completo,16.862809614667878
4102505,PR,3.0,4,retrospectivo_completo,4.665632082766465
4102604,PR,0.0,4,retrospectivo_completo,2.94146553798491
4102703,PR,1.0,4,retrospectivo_completo,1.8148747812225876
4102752,PR,0.0,4,retrospectivo_completo,0.9321872973771623
4102802,PR,3.0,4,retrospectivo_completo,7.444973529420711
4102901,PR,5.0,4,retrospectivo_completo,4.902072504626885
4103008,PR,1.0,4,retrospectivo_completo,1.8932676853484924
4103024,PR,1.0,4,retrospectivo_completo,0.7276640364991406
4103040,PR,0.0,4,retrospectivo_completo,1.7184599777807659
4103057,PR,4.0,4,retrospectivo_completo,2.325736149920101
4103107,PR,2.0,4,retrospectivo_completo,3.5408330932609244
4103156,PR,1.0,4,retrospectivo_completo,0.8322619854447034
4103206,PR,1.0,4,retrospectivo_completo,2.089613083626005
4103222,PR,0.0,4,retrospectivo_completo,1.5293431506375261
4103305,PR,2.0,4,retrospectivo_completo,2.935291133701315
4103354,PR,0.0,4,retrospectivo_completo,1.9765867987198127
4103370,PR,0.0,4,retrospectivo_completo,0.920475554797819
4103404,PR,2.0,4,retrospectivo_completo,0.9474923979510745
4103453,PR,11.0,4,retrospectivo_completo,11.761635131407953
4103479,PR,0.0,4,retrospectivo_completo,1.5608467732655142
4103503,PR,2.0,4,retrospectivo_completo,3.766383852941293
4103602,PR,9.0,4,retrospectivo_completo,11.953082170223743
4103701,PR,26.0,4,retrospectivo_completo,52.07184635230561
4103800,PR,2.0,4,retrospectivo_completo,3.6005437946093948
4103909,PR,2.0,4,retrospectivo_completo,5.621763988720727
4103958,PR,0.0,4,retrospectivo_completo,0.9805599646374934
4104006,PR,9.0,4,retrospectivo_completo,18.448954511672607
4104055,PR,0.0,4,retrospectivo_completo,1.2180180056862642
4104105,PR,1.0,4,retrospectivo_completo,2.4359483891288543
4104204,PR,36.0,4,retrospectivo_completo,70.63133341415582
4104253,PR,1.0,4,retrospectivo_completo,9.139820515728191
4104303,PR,55.0,4,retrospectivo_completo,54.054396850933756
4104402,PR,4.0,4,retrospectivo_completo,4.353585425126791
4104428,PR,1.0,4,retrospectivo_completo,4.2543593417558645
4104451,PR,2.0,4,retrospectivo_completo,3.192147971041172
4104501,PR,9.0,4,retrospectivo_completo,7.162681564719482
4104600,PR,5.0,4,retrospectivo_completo,6.801931854592572
4104659,PR,3.0,4,retrospectivo_completo,12.26974968230444
4104709,PR,6.0,4,retrospectivo_completo,6.697662526907364
4104808,PR,147.0,4,retrospectivo_completo,169.94260123716037
4104907,PR,22.0,4,retrospectivo_completo,30.8017139154794
4105003,PR,0.0,4,retrospectivo_completo,3.398410478209641
4105102,PR,4.0,4,retrospectivo_completo,3.8814285223254172
4105201,PR,4.0,4,retrospectivo_completo,4.064544523265719
4105300,PR,7.0,4,retrospectivo_completo,5.304456280268959
4105409,PR,4.0,4,retrospectivo_completo,9.024573369077672
4105508,PR,38.0,4,retrospectivo_completo,43.00879387076279
4105607,PR,4.0,4,retrospectivo_completo,5.169394547958307
4105706,PR,3.0,4,retrospectivo_completo,4.600408509901235
4105805,PR,63.0,4,retrospectivo_completo,138.25558179004278
4105904,PR,8.0,4,retrospectivo_completo,13.934007303998357
4106001,PR,2.0,4,retrospectivo_completo,2.7060796588735667
4106100,PR,1.0,4,retrospectivo_completo,1.4694438639341048
4106209,PR,1.0,4,retrospectivo_completo,6.121995253399769
4106308,PR,3.0,4,retrospectivo_completo,9.648181624567306
4106407,PR,24.0,4,retrospectivo_completo,30.254650340784806
4106456,PR,1.0,4,retrospectivo_completo,1.2939557814343157
4106506,PR,11.0,4,retrospectivo_completo,8.586373200081734
4106555,PR,1.0,4,retrospectivo_completo,0.9200261120296581
4106571,PR,1.0,4,retrospectivo_completo,1.5996601154270074
4106605,PR,7.0,4,retrospectivo_completo,9.327852441132878
4106704,PR,0.0,4,retrospectivo_completo,1.8870917896625188
4106803,PR,3.0,4,retrospectivo_completo,5.209463167327821
4106852,PR,0.0,4,retrospectivo_completo,0.9061396413767063
4106902,PR,1481.0,4,retrospectivo_completo,2042.5734777934663
4107009,PR,4.0,4,retrospectivo_completo,4.568053851352207
4107108,PR,5.0,4,retrospectivo_completo,2.384433649520232
4107124,PR,0.0,4,retrospectivo_completo,0.7681433967672534
4107157,PR,1.0,4,retrospectivo_completo,1.285290390511165
4107207,PR,27.0,4,retrospectivo_completo,19.261903476809266
4107256,PR,1.0,4,retrospectivo_completo,3.855046068823681
4107306,PR,1.0,4,retrospectivo_completo,2.944886269494386
4107405,PR,4.0,4,retrospectivo_completo,2.3513621449238338
4107504,PR,0.0,4,retrospectivo_completo,7.24244658716284
4107520,PR,0.0,4,retrospectivo_completo,0.46767295194225483
4107538,PR,3.0,4,retrospectivo_completo,2.144521610441979
4107546,PR,2.0,4,retrospectivo_completo,1.0612738007991365
4107553,PR,1.0,4,retrospectivo_completo,1.2276527282630099
4107603,PR,9.0,4,retrospectivo_completo,6.930630427742933
4107652,PR,29.0,4,retrospectivo_completo,51.14625962078884
4107702,PR,1.0,4,retrospectivo_completo,1.8377090476001083
4107736,PR,0.0,4,retrospectivo_completo,1.4807075388731659
4107751,PR,4.0,4,retrospectivo_completo,2.62141729167288
4107801,PR,2.0,4,retrospectivo_completo,2.461831503442349
4107850,PR,2.0,4,retrospectivo_completo,1.063670760921484
4107900,PR,5.0,4,retrospectivo_completo,3.649176644918224
4108007,PR,3.0,4,retrospectivo_completo,3.8942675305911543
4108106,PR,1.0,4,retrospectivo_completo,1.2523953569764514
4108205,PR,1.0,4,retrospectivo_completo,3.0905756896786896
4108304,PR,86.0,4,retrospectivo_completo,114.34226903449789
4108320,PR,0.0,4,retrospectivo_completo,2.394990476527536
4108403,PR,50.0,4,retrospectivo_completo,38.7270507131703
4108452,PR,1.0,4,retrospectivo_completo,1.1931822712571534
4108502,PR,5.0,4,retrospectivo_completo,3.5514580792897203
4108551,PR,1.0,4,retrospectivo_completo,0.8802214068634
4108601,PR,11.0,4,retrospectivo_completo,17.356716347272762
4108650,PR,0.0,4,retrospectivo_completo,1.6003042749451113
4108700,PR,2.0,4,retrospectivo_completo,1.6018723543325721
4108809,PR,7.0,4,retrospectivo_completo,14.917125510081855
4108908,PR,1.0,4,retrospectivo_completo,2.2055775714720944
4108957,PR,1.0,4,retrospectivo_completo,2.3152216944143014
4109005,PR,1.0,4,retrospectivo_completo,1.323598053787348
4109104,PR,0.0,4,retrospectivo_completo,0.8411728335363567
4109203,PR,2.0,4,retrospectivo_completo,1.6862672435349422
4109302,PR,5.0,4,retrospectivo_completo,4.960247172995263
4109401,PR,64.0,4,retrospectivo_completo,90.86230838893697
4109500,PR,1.0,4,retrospectivo_completo,1.794547322210206
4109609,PR,9.0,4,retrospectivo_completo,22.083389758183493
4109658,PR,0.0,4,retrospectivo_completo,1.289173257966339
4109708,PR,11.0,4,retrospectivo_completo,15.091925400648599
4109757,PR,1.0,4,retrospectivo_completo,1.6815286084146635
4109807,PR,12.0,4,retrospectivo_completo,25.529397072189674
4109906,PR,1.0,4,retrospectivo_completo,2.7918900848127484
4110003,PR,2.0,4,retrospectivo_completo,3.0484778568533297
4110052,PR,1.0,4,retrospectivo_completo,0.8298227710546304
4110078,PR,2.0,4,retrospectivo_completo,3.196483020825822
4110102,PR,8.0,4,retrospectivo_completo,11.257172310908617
4110201,PR,5.0,4,retrospectivo_completo,2.647228304790935
4110300,PR,2.0,4,retrospectivo_completo,1.0046161710992791
4110409,PR,4.0,4,retrospectivo_completo,2.0998616287459613
4110508,PR,3.0,4,retrospectivo_completo,4.885727073318033
4110607,PR,2.0,4,retrospectivo_completo,6.28015109994843
4110656,PR,0.0,4,retrospectivo_completo,0.7610457131390717
4110706,PR,22.0,4,retrospectivo_completo,30.03335923496362
4110805,PR,1.0,4,retrospectivo_completo,3.2431001881749437
4110904,PR,2.0,4,retrospectivo_completo,1.7397726407085303
4110953,PR,6.0,4,retrospectivo_completo,4.08090938050383
4111001,PR,2.0,4,retrospectivo_completo,2.09817139992863
4111100,PR,1.0,4,retrospectivo_completo,3.3656477171643515
4111209,PR,6.0,4,retrospectivo_completo,4.826805190736981
4111258,PR,4.0,4,retrospectivo_completo,7.604357957897506
4111308,PR,0.0,4,retrospectivo_completo,0.8146021306239909
4111407,PR,2.0,4,retrospectivo_completo,4.211060714073222
4111506,PR,7.0,4,retrospectivo_completo,20.41809238387448
4111555,PR,3.0,4,retrospectivo_completo,2.432247487318394
4111605,PR,0.0,4,retrospectivo_completo,2.0892332934266715
4111704,PR,2.0,4,retrospectivo_completo,2.268999453835891
4111803,PR,16.0,4,retrospectivo_completo,24.969824562376782
4111902,PR,0.0,4,retrospectivo_completo,6.240257548884476
4112009,PR,17.0,4,retrospectivo_completo,20.77358462381053
4112108,PR,8.0,4,retrospectivo_completo,12.68920096778604
4112207,PR,3.0,4,retrospectivo_completo,2.006450227346165
4112306,PR,3.0,4,retrospectivo_completo,1.8427632667154648
4112405,PR,5.0,4,retrospectivo_completo,3.708618714686557
4112504,PR,2.0,4,retrospectivo_completo,4.630276960480709
4112603,PR,1.0,4,retrospectivo_completo,0.39283792067415607
4112702,PR,0.0,4,retrospectivo_completo,4.451890293198319
4112751,PR,4.0,4,retrospectivo_completo,3.6540460327735573
4112801,PR,3.0,4,retrospectivo_completo,4.031441509531996
4112900,PR,3.0,4,retrospectivo_completo,1.141812307690432
4112959,PR,3.0,4,retrospectivo_completo,2.8857931626268525
4113007,PR,1.0,4,retrospectivo_completo,2.8780596935130123
4113106,PR,2.0,4,retrospectivo_completo,1.7478674671077623
4113205,PR,14.0,4,retrospectivo_completo,20.210559062481433
4113254,PR,1.0,4,retrospectivo_completo,1.1823719095821588
4113304,PR,19.0,4,retrospectivo_completo,14.204753712814686
4113403,PR,1.0,4,retrospectivo_completo,1.3620166408534065
4113429,PR,0.0,4,retrospectivo_completo,1.0081854938752797
4113452,PR,2.0,4,retrospectivo_completo,1.402274105835301
4113502,PR,13.0,4,retrospectivo_completo,9.934706193556814
4113601,PR,3.0,4,retrospectivo_completo,2.3045078002520154
4113700,PR,294.0,4,retrospectivo_completo,368.16031518638147
4113734,PR,2.0,4,retrospectivo_completo,2.236033122914123
4113759,PR,2.0,4,retrospectivo_completo,1.4854577781073928
4113809,PR,2.0,4,retrospectivo_completo,1.8645185660663457
4113908,PR,6.0,4,retrospectivo_completo,5.639142210591537
4114005,PR,8.0,4,retrospectivo_completo,6.237909948521949
4114104,PR,4.0,4,retrospectivo_completo,11.180434962418746
4114203,PR,18.0,4,retrospectivo_completo,20.044590763180167
4114302,PR,1.0,4,retrospectivo_completo,7.859556489690965
4114351,PR,1.0,4,retrospectivo_completo,0.5875315730676511
4114401,PR,8.0,4,retrospectivo_completo,4.947226806816783
4114500,PR,4.0,4,retrospectivo_completo,6.187560448894365
4114609,PR,30.0,4,retrospectivo_completo,26.039705303331832
4114708,PR,0.0,4,retrospectivo_completo,2.088637995396634
4114807,PR,16.0,4,retrospectivo_completo,21.81691468086459
4114906,PR,1.0,4,retrospectivo_completo,3.1241627816462008
4115002,PR,1.0,4,retrospectivo_completo,1.8467820274248288
4115101,PR,2.0,4,retrospectivo_completo,2.625882946951658
4115200,PR,259.0,4,retrospectivo_completo,357.66793275336
4115309,PR,1.0,4,retrospectivo_completo,1.921826756124426
4115358,PR,3.0,4,retrospectivo_completo,2.8988524288778077
4115408,PR,7.0,4,retrospectivo_completo,4.919199339253617
4115457,PR,0.0,4,retrospectivo_completo,1.0761464563236227
4115507,PR,0.0,4,retrospectivo_completo,1.948397128843694
4115606,PR,2.0,4,retrospectivo_completo,6.337316772356895
4115705,PR,27.0,4,retrospectivo_completo,25.752297477492935
4115739,PR,1.0,4,retrospectivo_completo,0.7876322058595474
4115754,PR,2.0,4,retrospectivo_completo,3.126284042712465
4115804,PR,21.0,4,retrospectivo_completo,23.315839194367374
4115853,PR,2.0,4,retrospectivo_completo,2.320272111136702
4115903,PR,0.0,4,retrospectivo_completo,0.5384691711268632
4116000,PR,0.0,4,retrospectivo_completo,0.8633835570567189
4116059,PR,7.0,4,retrospectivo_completo,3.9148477287066368
4116109,PR,3.0,4,retrospectivo_completo,4.4049476211909
4116208,PR,3.0,4,retrospectivo_completo,6.893226868436662
4116307,PR,4.0,4,retrospectivo_completo,1.7177782276463645
4116406,PR,2.0,4,retrospectivo_completo,1.150651143032877
4116505,PR,0.0,4,retrospectivo_completo,0.4948054490334354
4116604,PR,1.0,4,retrospectivo_completo,0.8858016972236797
4116703,PR,3.0,4,retrospectivo_completo,6.7373535661372665
4116802,PR,2.0,4,retrospectivo_completo,1.6163464383009727
4116901,PR,7.0,4,retrospectivo_completo,13.572501537249392
4116950,PR,1.0,4,retrospectivo_completo,1.652077973305624
4117008,PR,4.0,4,retrospectivo_completo,2.6382550643903206
4117057,PR,1.0,4,retrospectivo_completo,2.7199121294240367
4117107,PR,9.0,4,retrospectivo_completo,8.157642205679045
4117206,PR,0.0,4,retrospectivo_completo,2.332231279619251
4117214,PR,1.0,4,retrospectivo_completo,1.3109280373653294
4117222,PR,4.0,4,retrospectivo_completo,3.661801134867352
4117255,PR,6.0,4,retrospectivo_completo,3.5325709236825253
4117271,PR,0.0,4,retrospectivo_completo,1.7937401575056884
4117297,PR,1.0,4,retrospectivo_completo,1.06444440498469
4117305,PR,8.0,4,retrospectivo_completo,7.595447241382183
4117404,PR,3.0,4,retrospectivo_completo,1.4780014132027606
4117453,PR,1.0,4,retrospectivo_completo,2.002451493213724
4117503,PR,10.0,4,retrospectivo_completo,15.840523285043803
4117602,PR,19.0,4,retrospectivo_completo,15.520047628539333
4117701,PR,18.0,4,retrospectivo_completo,16.19110389003798
4117800,PR,1.0,4,retrospectivo_completo,3.7680183370233187
4117909,PR,10.0,4,retrospectivo_completo,19.001575419816177
4118006,PR,3.0,4,retrospectivo_completo,7.715755823697754
4118105,PR,3.0,4,retrospectivo_completo,4.546655209087765
4118204,PR,59.0,4,retrospectivo_completo,100.56894008259611
4118303,PR,1.0,4,retrospectivo_completo,1.0330846055296787
4118402,PR,45.0,4,retrospectivo_completo,54.83589574632873
4118451,PR,2.0,4,retrospectivo_completo,2.450564760414315
4118501,PR,53.0,4,retrospectivo_completo,38.01696918777359
4118600,PR,1.0,4,retrospectivo_completo,2.5630964190531795
4118709,PR,5.0,4,retrospectivo_completo,2.7341505344613926
4118808,PR,4.0,4,retrospectivo_completo,7.256604701937064
4118857,PR,1.0,4,retrospectivo_completo,2.753206482056995
4118907,PR,2.0,4,retrospectivo_completo,4.617777990440391
4119004,PR,2.0,4,retrospectivo_completo,2.1368336151469767
4119103,PR,4.0,4,retrospectivo_completo,4.392971619194316
4119152,PR,67.0,4,retrospectivo_completo,87.63724606978454
4119202,PR,7.0,4,retrospectivo_completo,2.5353076230284386
4119251,PR,0.0,4,retrospectivo_completo,0.6303731683439211
4119301,PR,8.0,4,retrospectivo_completo,8.45136863415948
4119400,PR,6.0,4,retrospectivo_completo,11.082816924212612
4119509,PR,13.0,4,retrospectivo_completo,37.54182010080598
4119608,PR,3.0,4,retrospectivo_completo,13.527704990010669
4119657,PR,0.0,4,retrospectivo_completo,1.1954124566816617
4119707,PR,1.0,4,retrospectivo_completo,1.4665418528131051
4119806,PR,4.0,4,retrospectivo_completo,4.9571810454194285
4119905,PR,141.0,4,retrospectivo_completo,225.41756305959225
4119954,PR,8.0,4,retrospectivo_completo,19.283942843449747
4120002,PR,9.0,4,retrospectivo_completo,6.7543033719317975
4120101,PR,2.0,4,retrospectivo_completo,1.663066592780014
4120150,PR,0.0,4,retrospectivo_completo,1.1048216595646643
4120200,PR,1.0,4,retrospectivo_completo,1.3445250275003755
4120309,PR,0.0,4,retrospectivo_completo,1.1683381155709616
4120333,PR,0.0,4,retrospectivo_completo,1.530160157172176
4120358,PR,1.0,4,retrospectivo_completo,2.1077480799239123
4120408,PR,0.0,4,retrospectivo_completo,1.6832463430457274
4120507,PR,7.0,4,retrospectivo_completo,4.245966188634363
4120606,PR,7.0,4,retrospectivo_completo,17.766812438495595
4120655,PR,0.0,4,retrospectivo_completo,1.4675735128605443
4120705,PR,5.0,4,retrospectivo_completo,3.2142516919530695
4120804,PR,18.0,4,retrospectivo_completo,12.804366220675828
4120853,PR,1.0,4,retrospectivo_completo,3.0889041752074418
4120903,PR,8.0,4,retrospectivo_completo,10.46081488885404
4121000,PR,1.0,4,retrospectivo_completo,4.252854112508092
4121109,PR,3.0,4,retrospectivo_completo,1.8608183085015302
4121208,PR,2.0,4,retrospectivo_completo,6.2591579046416586
4121257,PR,0.0,4,retrospectivo_completo,1.0094423702343298
4121307,PR,1.0,4,retrospectivo_completo,1.470003496105192
4121356,PR,1.0,4,retrospectivo_completo,0.8902512854863752
4121406,PR,6.0,4,retrospectivo_completo,6.432886179965338
4121505,PR,6.0,4,retrospectivo_completo,4.600394365537448
4121604,PR,4.0,4,retrospectivo_completo,2.32483255421954
4121703,PR,3.0,4,retrospectivo_completo,7.806824317906059
4121752,PR,1.0,4,retrospectivo_completo,1.6613105291904813
4121802,PR,5.0,4,retrospectivo_completo,4.98612871533328
4121901,PR,5.0,4,retrospectivo_completo,5.415446688471469
4122008,PR,5.0,4,retrospectivo_completo,5.364322990021357
4122107,PR,0.0,4,retrospectivo_completo,1.4515279484422108
4122156,PR,4.0,4,retrospectivo_completo,3.780280865500678
4122172,PR,0.0,4,retrospectivo_completo,1.107312731756359
4122206,PR,5.0,4,retrospectivo_completo,11.980925746010302
4122305,PR,15.0,4,retrospectivo_completo,19.420363990982338
4122404,PR,24.0,4,retrospectivo_completo,31.897056694525446
4122503,PR,2.0,4,retrospectivo_completo,3.816291311174129
4122602,PR,2.0,4,retrospectivo_completo,3.77811095388289
4122651,PR,1.0,4,retrospectivo_completo,1.469268737379144
4122701,PR,1.0,4,retrospectivo_completo,4.313831437745046
4122800,PR,3.0,4,retrospectivo_completo,0.896304557777383
4122909,PR,1.0,4,retrospectivo_completo,1.7365269770135985
4123006,PR,4.0,4,retrospectivo_completo,5.496756580475396
4123105,PR,1.0,4,retrospectivo_completo,0.9649134241489516
4123204,PR,1.0,4,retrospectivo_completo,1.36327382654147
4123303,PR,4.0,4,retrospectivo_completo,3.5344862199374125
4123402,PR,5.0,4,retrospectivo_completo,5.341179865636341
4123501,PR,9.0,4,retrospectivo_completo,12.665138390644229
4123600,PR,0.0,4,retrospectivo_completo,0.6903768068108632
4123709,PR,3.0,4,retrospectivo_completo,4.165455935166434
4123808,PR,2.0,4,retrospectivo_completo,4.800765780163135
4123824,PR,1.0,4,retrospectivo_completo,1.1893903350285135
4123857,PR,0.0,4,retrospectivo_completo,2.60507910923383
4123907,PR,4.0,4,retrospectivo_completo,4.370428670450259
4123956,PR,2.0,4,retrospectivo_completo,1.4418638555177192
4124004,PR,1.0,4,retrospectivo_completo,1.5236746842591111
4124020,PR,3.0,4,retrospectivo_completo,3.775640374804966
4124053,PR,3.0,4,retrospectivo_completo,9.290253569482031
4124103,PR,12.0,4,retrospectivo_completo,24.538830186923427
4124202,PR,1.0,4,retrospectivo_completo,0.7188226887320593
4124301,PR,0.0,4,retrospectivo_completo,0.844392810355631
4124400,PR,2.0,4,retrospectivo_completo,5.312579979390166
4124509,PR,1.0,4,retrospectivo_completo,2.954232665790763
4124608,PR,1.0,4,retrospectivo_completo,2.155399961865975
4124707,PR,0.0,4,retrospectivo_completo,2.871547582902692
4124806,PR,11.0,4,retrospectivo_completo,4.17705458353452
4124905,PR,0.0,4,retrospectivo_completo,1.6636806660564185
4125001,PR,2.0,4,retrospectivo_completo,3.700934088461588
4125100,PR,2.0,4,retrospectivo_completo,4.402797111621613
4125209,PR,2.0,4,retrospectivo_completo,3.654479678991555
4125308,PR,1.0,4,retrospectivo_completo,3.1894693581467246
4125357,PR,2.0,4,retrospectivo_completo,1.928627226213986
4125407,PR,1.0,4,retrospectivo_completo,1.76007682891303
4125456,PR,0.0,4,retrospectivo_completo,1.2510153713987329
4125506,PR,129.0,4,retrospectivo_completo,241.05558013604892
4125555,PR,0.0,4,retrospectivo_completo,0.9050234611514387
4125605,PR,15.0,4,retrospectivo_completo,21.10913312094938
4125704,PR,9.0,4,retrospectivo_completo,8.494433810147669
4125753,PR,1.0,4,retrospectivo_completo,1.8041263905882317
4125803,PR,3.0,4,retrospectivo_completo,5.153084311920419
4125902,PR,0.0,4,retrospectivo_completo,0.7742781658316467
4126009,PR,1.0,4,retrospectivo_completo,3.409157466525317
4126108,PR,2.0,4,retrospectivo_completo,2.044874757195354
4126207,PR,2.0,4,retrospectivo_completo,2.3447070151300675
4126256,PR,17.0,4,retrospectivo_completo,33.79703516601283
4126272,PR,4.0,4,retrospectivo_completo,1.8744927645061988
4126306,PR,5.0,4,retrospectivo_completo,6.262621395210324
4126355,PR,2.0,4,retrospectivo_completo,2.079415657731143
4126405,PR,0.0,4,retrospectivo_completo,2.6951833491318236
4126504,PR,4.0,4,retrospectivo_completo,7.991537061498886
4126603,PR,8.0,4,retrospectivo_completo,8.04749985740381
4126652,PR,1.0,4,retrospectivo_completo,1.0677174531606983
4126678,PR,2.0,4,retrospectivo_completo,3.4815443366720897
4126702,PR,1.0,4,retrospectivo_completo,2.2292143495997143
4126801,PR,2.0,4,retrospectivo_completo,5.993334292737707
4126900,PR,0.0,4,retrospectivo_completo,1.984549710794009
4127007,PR,1.0,4,retrospectivo_completo,3.898713230896329
4127106,PR,34.0,4,retrospectivo_completo,43.79332794656672
4127205,PR,4.0,4,retrospectivo_completo,9.939967719094902
4127304,PR,8.0,4,retrospectivo_completo,6.654583444753873
4127403,PR,3.0,4,retrospectivo_completo,7.683326789359353
4127502,PR,4.0,4,retrospectivo_completo,6.799816733236687
4127601,PR,0.0,4,retrospectivo_completo,4.76064332072414
4127700,PR,72.0,4,retrospectivo_completo,72.86028166598744
4127809,PR,3.0,4,retrospectivo_completo,2.729495840609067
4127858,PR,0.0,4,retrospectivo_completo,4.018165139291347
4127882,PR,2.0,4,retrospectivo_completo,1.9537931141116012
4127908,PR,0.0,4,retrospectivo_completo,2.3038078763527587
4127957,PR,1.0,4,retrospectivo_completo,4.170367147181701
4127965,PR,2.0,4,retrospectivo_completo,4.884741939196571
4128005,PR,7.0,4,retrospectivo_completo,11.253402792042444
4128104,PR,41.0,4,retrospectivo_completo,65.90304108694215
4128203,PR,29.0,4,retrospectivo_completo,32.685325690594524
4128302,PR,0.0,4,retrospectivo_completo,0.8534143299534248
4128401,PR,3.0,4,retrospectivo_completo,5.01532526067118
4128500,PR,2.0,4,retrospectivo_completo,8.149866057829758
4128534,PR,3.0,4,retrospectivo_completo,2.9949130472320538
4128559,PR,3.0,4,retrospectivo_completo,2.840460198738376
4128609,PR,3.0,4,retrospectivo_completo,2.752926685725111
4128625,PR,1.0,4,retrospectivo_completo,0.9913148788378245
4128633,PR,1.0,4,retrospectivo_completo,1.027576271702598
4128658,PR,0.0,4,retrospectivo_completo,1.4202784858759934
4128708,PR,1.0,4,retrospectivo_completo,2.4015827610616283
4128807,PR,2.0,4,retrospectivo_completo,2.2932913170500555
4200051,SC,1.0,4,retrospectivo_completo,0.7164398119129727
4200101,SC,6.0,4,retrospectivo_completo,4.996308967513342
4200200,SC,1.0,4,retrospectivo_completo,3.8983590255529306
4200309,SC,2.0,4,retrospectivo_completo,2.5841899786654063
4200408,SC,1.0,4,retrospectivo_completo,2.1541628335359806
4200507,SC,0.0,4,retrospectivo_completo,1.826387141869531
4200556,SC,1.0,4,retrospectivo_completo,0.9001638624867279
4200606,SC,1.0,4,retrospectivo_completo,2.3171709887369523
4200705,SC,2.0,4,retrospectivo_completo,3.106306577994059
4200754,SC,0.0,4,retrospectivo_completo,0.732937711778005
4200804,SC,3.0,4,retrospectivo_completo,1.4922253273253618
4200903,SC,1.0,4,retrospectivo_completo,1.6984116148559303
4201000,SC,5.0,4,retrospectivo_completo,1.9886839459356531
4201109,SC,2.0,4,retrospectivo_completo,0.9622118152741688
4201208,SC,2.0,4,retrospectivo_completo,4.690412796647442
4201257,SC,7.0,4,retrospectivo_completo,3.882344190536781
4201273,SC,0.0,4,retrospectivo_completo,1.4924912530969068
4201307,SC,11.0,4,retrospectivo_completo,20.69404528586792
4201406,SC,18.0,4,retrospectivo_completo,25.24609871149033
4201505,SC,2.0,4,retrospectivo_completo,3.5209616496220923
4201604,SC,1.0,4,retrospectivo_completo,1.6356939266486885
4201653,SC,1.0,4,retrospectivo_completo,0.6721251412929518
4201703,SC,4.0,4,retrospectivo_completo,3.72213328842298
4201802,SC,1.0,4,retrospectivo_completo,1.438651824059996
4201901,SC,2.0,4,retrospectivo_completo,2.569221123839697
4201950,SC,4.0,4,retrospectivo_completo,5.92448093991556
4202008,SC,95.0,4,retrospectivo_completo,102.57328007498083
4202057,SC,3.0,4,retrospectivo_completo,5.077435837437054
4202073,SC,3.0,4,retrospectivo_completo,3.9685257586649434
4202081,SC,0.0,4,retrospectivo_completo,0.5869947644176363
4202099,SC,0.0,4,retrospectivo_completo,0.38557577872833776
4202107,SC,15.0,4,retrospectivo_completo,19.168445886375366
4202131,SC,0.0,4,retrospectivo_completo,1.7646381963185174
4202156,SC,1.0,4,retrospectivo_completo,0.7805345638434389
4202206,SC,5.0,4,retrospectivo_completo,5.400328343459083
4202305,SC,22.0,4,retrospectivo_completo,30.693988203627953
4202404,SC,181.0,4,retrospectivo_completo,233.37877021415792
4202438,SC,0.0,4,retrospectivo_completo,0.9050399206159572
4202453,SC,15.0,4,retrospectivo_completo,11.718415098981616
4202503,SC,0.0,4,retrospectivo_completo,1.2082053782214341
4202537,SC,2.0,4,retrospectivo_completo,0.7509451385111712
4202578,SC,0.0,4,retrospectivo_completo,0.5105396838496639
4202602,SC,1.0,4,retrospectivo_completo,3.026926279079684
4202701,SC,2.0,4,retrospectivo_completo,2.243924458469998
4202800,SC,20.0,4,retrospectivo_completo,14.344355573297893
4202859,SC,0.0,4,retrospectivo_completo,1.4808283738623942
4202875,SC,0.0,4,retrospectivo_completo,0.6531140816319276
4202909,SC,60.0,4,retrospectivo_completo,115.78337051777063
4203006,SC,40.0,4,retrospectivo_completo,37.1146046348756
4203105,SC,3.0,4,retrospectivo_completo,2.174309483918608
4203154,SC,1.0,4,retrospectivo_completo,0.6885991499602984
4203204,SC,27.0,4,retrospectivo_completo,47.276988057377494
4203253,SC,0.0,4,retrospectivo_completo,0.6003092354596544
4203303,SC,3.0,4,retrospectivo_completo,5.239586942862282
4203402,SC,0.0,4,retrospectivo_completo,1.5538276533847613
4203501,SC,7.0,4,retrospectivo_completo,2.177666848244745
4203600,SC,14.0,4,retrospectivo_completo,15.893655550026656
4203709,SC,4.0,4,retrospectivo_completo,4.365529189010923
4203808,SC,27.0,4,retrospectivo_completo,31.437931998078707
4203907,SC,10.0,4,retrospectivo_completo,8.980923762933202
4203956,SC,5.0,4,retrospectivo_completo,9.043357079574829
4204004,SC,6.0,4,retrospectivo_completo,3.52134851413889
4204103,SC,1.0,4,retrospectivo_completo,0.9376773423088303
4204152,SC,2.0,4,retrospectivo_completo,0.65574506885433
4204178,SC,1.0,4,retrospectivo_completo,0.6962814385762766
4204194,SC,1.0,4,retrospectivo_completo,0.9248993886238954
4204202,SC,101.0,4,retrospectivo_completo,102.53850110989066
4204251,SC,4.0,4,retrospectivo_completo,7.013685410077773
4204301,SC,47.0,4,retrospectivo_completo,40.21382865606295
4204350,SC,0.0,4,retrospectivo_completo,1.8421484392762493
4204400,SC,1.0,4,retrospectivo_completo,4.753467544007113
4204459,SC,2.0,4,retrospectivo_completo,0.5863889389783132
4204509,SC,4.0,4,retrospectivo_completo,8.44818152242127
4204558,SC,11.0,4,retrospectivo_completo,4.860239031116041
4204608,SC,89.0,4,retrospectivo_completo,90.22360419919846
4204707,SC,5.0,4,retrospectivo_completo,4.902754814586301
4204756,SC,0.0,4,retrospectivo_completo,0.7186023723342562
4204806,SC,20.0,4,retrospectivo_completo,18.035702490273536
4204905,SC,0.0,4,retrospectivo_completo,3.448949545010041
4205001,SC,4.0,4,retrospectivo_completo,5.424237771844013
4205100,SC,1.0,4,retrospectivo_completo,1.836969132256777
4205159,SC,0.0,4,retrospectivo_completo,1.8597342469876632
4205175,SC,0.0,4,retrospectivo_completo,0.5281985971087065
4205191,SC,0.0,4,retrospectivo_completo,0.5904303317609675
4205209,SC,0.0,4,retrospectivo_completo,1.5106141662638668
4205308,SC,10.0,4,retrospectivo_completo,4.398974672214245
4205357,SC,0.0,4,retrospectivo_completo,0.44974749996617064
4205407,SC,556.0,4,retrospectivo_completo,310.7413030899963
4205431,SC,0.0,4,retrospectivo_completo,0.7062925283160097
4205456,SC,13.0,4,retrospectivo_completo,10.182235973578152
4205506,SC,13.0,4,retrospectivo_completo,17.427662698520535
4205555,SC,1.0,4,retrospectivo_completo,0.6724567955023256
4205605,SC,1.0,4,retrospectivo_completo,0.8431885143611262
4205704,SC,22.0,4,retrospectivo_completo,11.106878676232368
4205803,SC,5.0,4,retrospectivo_completo,7.771866654778549
4205902,SC,23.0,4,retrospectivo_completo,43.92447672318564
4206009,SC,3.0,4,retrospectivo_completo,8.137515119432692
4206108,SC,3.0,4,retrospectivo_completo,2.7325586407256135
4206207,SC,5.0,4,retrospectivo_completo,5.416369854863902
4206306,SC,5.0,4,retrospectivo_completo,14.553402533772108
4206405,SC,1.0,4,retrospectivo_completo,4.113378688254134
4206504,SC,13.0,4,retrospectivo_completo,30.782343291854755
4206603,SC,4.0,4,retrospectivo_completo,1.7148285532977507
4206652,SC,0.0,4,retrospectivo_completo,1.7339615439223661
4206702,SC,9.0,4,retrospectivo_completo,10.50344135923512
4206751,SC,4.0,4,retrospectivo_completo,0.7031065187204926
4206801,SC,2.0,4,retrospectivo_completo,1.1484835792235324
4206900,SC,13.0,4,retrospectivo_completo,9.286572385073564
4207007,SC,23.0,4,retrospectivo_completo,25.624492966075724
4207106,SC,7.0,4,retrospectivo_completo,8.75166674273504
4207205,SC,0.0,4,retrospectivo_completo,2.8431421976942213
4207304,SC,31.0,4,retrospectivo_completo,25.736832409239295
4207403,SC,4.0,4,retrospectivo_completo,2.4140821985044463
4207502,SC,26.0,4,retrospectivo_completo,39.547886451719066
4207577,SC,1.0,4,retrospectivo_completo,2.051666132147459
4207601,SC,2.0,4,retrospectivo_completo,1.605692044620245
4207650,SC,6.0,4,retrospectivo_completo,3.548720121738242
4207684,SC,0.0,4,retrospectivo_completo,1.1668791258468483
4207700,SC,5.0,4,retrospectivo_completo,3.160667546028831
4207759,SC,0.0,4,retrospectivo_completo,1.1080975184955124
4207809,SC,4.0,4,retrospectivo_completo,3.909233118483381
4207858,SC,0.0,4,retrospectivo_completo,0.5290552011226755
4207908,SC,4.0,4,retrospectivo_completo,4.1287813434760166
4208005,SC,3.0,4,retrospectivo_completo,2.8996476605621613
4208104,SC,8.0,4,retrospectivo_completo,9.627642676768218
4208203,SC,112.0,4,retrospectivo_completo,191.37911556712936
4208302,SC,44.0,4,retrospectivo_completo,46.34199162920659
4208401,SC,11.0,4,retrospectivo_completo,7.809851659143794
4208450,SC,9.0,4,retrospectivo_completo,14.10962694348087
4208500,SC,15.0,4,retrospectivo_completo,11.342194279354786
4208609,SC,2.0,4,retrospectivo_completo,1.6381884773076036
4208708,SC,4.0,4,retrospectivo_completo,3.187044154938642
4208807,SC,2.0,4,retrospectivo_completo,6.171459082448268
4208906,SC,88.0,4,retrospectivo_completo,128.3360316761627
4208955,SC,0.0,4,retrospectivo_completo,0.4299093791871562
4209003,SC,26.0,4,retrospectivo_completo,21.498687846655745
4209102,SC,257.0,4,retrospectivo_completo,430.2515646790003
4209151,SC,1.0,4,retrospectivo_completo,1.5270207623130627
4209177,SC,0.0,4,retrospectivo_completo,0.6162393470026772
4209201,SC,0.0,4,retrospectivo_completo,1.128310984112752
4209300,SC,83.0,4,retrospectivo_completo,81.99636287176308
4209409,SC,14.0,4,retrospectivo_completo,19.47768002147473
4209458,SC,1.0,4,retrospectivo_completo,0.6022847992033016
4209508,SC,5.0,4,retrospectivo_completo,3.579333999479885
4209607,SC,8.0,4,retrospectivo_completo,5.651085269399101
4209706,SC,0.0,4,retrospectivo_completo,3.102875853409533
4209805,SC,1.0,4,retrospectivo_completo,1.013512441216424
4209854,SC,1.0,4,retrospectivo_completo,1.791726374807028
4209904,SC,3.0,4,retrospectivo_completo,4.5807733291717785
4210001,SC,0.0,4,retrospectivo_completo,6.754257608773214
4210035,SC,0.0,4,retrospectivo_completo,3.5314552394864815
4210050,SC,1.0,4,retrospectivo_completo,0.4158086909323878
4210100,SC,25.0,4,retrospectivo_completo,33.751760192259255
4210209,SC,0.0,4,retrospectivo_completo,1.2052671397915342
4210308,SC,4.0,4,retrospectivo_completo,2.4101455696293166
4210407,SC,2.0,4,retrospectivo_completo,2.517266521147248
4210506,SC,9.0,4,retrospectivo_completo,11.588389294574762
4210555,SC,0.0,4,retrospectivo_completo,0.7036192306697002
4210605,SC,5.0,4,retrospectivo_completo,9.745974872514235
4210704,SC,0.0,4,retrospectivo_completo,0.6489017108373237
4210803,SC,3.0,4,retrospectivo_completo,2.7683378413425332
4210852,SC,0.0,4,retrospectivo_completo,0.7876292330695114
4210902,SC,0.0,4,retrospectivo_completo,1.5160566482410403
4211009,SC,2.0,4,retrospectivo_completo,5.5582373551137465
4211058,SC,3.0,4,retrospectivo_completo,2.1718646828868264
4211108,SC,1.0,4,retrospectivo_completo,2.1161947740890477
4211207,SC,7.0,4,retrospectivo_completo,6.433069293886702
4211256,SC,1.0,4,retrospectivo_completo,0.7790005004374775
4211306,SC,41.0,4,retrospectivo_completo,50.639749805509496
4211405,SC,3.0,4,retrospectivo_completo,1.7448399492623052
4211454,SC,2.0,4,retrospectivo_completo,1.4707183482687447
4211504,SC,6.0,4,retrospectivo_completo,8.055723015240192
4211603,SC,3.0,4,retrospectivo_completo,6.633067890226324
4211652,SC,1.0,4,retrospectivo_completo,0.6837931986627116
4211702,SC,8.0,4,retrospectivo_completo,9.206434605566361
4211751,SC,5.0,4,retrospectivo_completo,9.63301529487531
4211801,SC,1.0,4,retrospectivo_completo,3.256227009647788
4211850,SC,0.0,4,retrospectivo_completo,0.5415596764158472
4211876,SC,1.0,4,retrospectivo_completo,0.44388545673395363
4211892,SC,0.0,4,retrospectivo_completo,0.6626032435199573
4211900,SC,90.0,4,retrospectivo_completo,99.35965022164032
4212007,SC,4.0,4,retrospectivo_completo,2.027540146515684
4212056,SC,3.0,4,retrospectivo_completo,0.7525547085287183
4212106,SC,5.0,4,retrospectivo_completo,6.843736709594943
4212205,SC,8.0,4,retrospectivo_completo,7.473277962501619
4212239,SC,1.0,4,retrospectivo_completo,0.9273204488808814
4212254,SC,7.0,4,retrospectivo_completo,2.6041495607814102
4212270,SC,2.0,4,retrospectivo_completo,0.8774771029033234
4212304,SC,2.0,4,retrospectivo_completo,3.3525187795199813
4212403,SC,0.0,4,retrospectivo_completo,1.5725387012000829
4212502,SC,15.0,4,retrospectivo_completo,19.614194452147625
4212601,SC,2.0,4,retrospectivo_completo,1.0410637160189187
4212700,SC,5.0,4,retrospectivo_completo,2.385591829723329
4212809,SC,9.0,4,retrospectivo_completo,15.284253118175634
4212908,SC,9.0,4,retrospectivo_completo,10.627488571921516
4213005,SC,0.0,4,retrospectivo_completo,1.483299949848043
4213104,SC,5.0,4,retrospectivo_completo,2.3395110770039786
4213153,SC,0.0,4,retrospectivo_completo,1.0687380718700084
4213203,SC,9.0,4,retrospectivo_completo,21.76562892699625
4213302,SC,0.0,4,retrospectivo_completo,1.4107389277208706
4213351,SC,1.0,4,retrospectivo_completo,1.083764147473364
4213401,SC,3.0,4,retrospectivo_completo,3.2521193153352574
4213500,SC,9.0,4,retrospectivo_completo,13.798088756834199
4213609,SC,14.0,4,retrospectivo_completo,22.459276291941855
4213708,SC,3.0,4,retrospectivo_completo,6.767885852461669
4213807,SC,4.0,4,retrospectivo_completo,2.096141451582482
4213906,SC,1.0,4,retrospectivo_completo,0.6891326770341291
4214003,SC,6.0,4,retrospectivo_completo,10.92650650755515
4214102,SC,1.0,4,retrospectivo_completo,1.1625754894791838
4214151,SC,0.0,4,retrospectivo_completo,0.7909235631151682
4214201,SC,4.0,4,retrospectivo_completo,3.4677512335074527
4214300,SC,2.0,4,retrospectivo_completo,1.1984593207333374
4214409,SC,2.0,4,retrospectivo_completo,2.3395219475310696
4214508,SC,4.0,4,retrospectivo_completo,3.081905093569947
4214607,SC,3.0,4,retrospectivo_completo,3.8444512547095595
4214706,SC,1.0,4,retrospectivo_completo,5.594704457396268
4214805,SC,35.0,4,retrospectivo_completo,47.3017383546062
4214904,SC,4.0,4,retrospectivo_completo,3.808473921444811
4215000,SC,13.0,4,retrospectivo_completo,20.356607887262722
4215059,SC,1.0,4,retrospectivo_completo,0.5589788944388092
4215075,SC,3.0,4,retrospectivo_completo,1.3546378404440287
4215109,SC,7.0,4,retrospectivo_completo,6.3879861527630535
4215208,SC,1.0,4,retrospectivo_completo,1.11206162087097
4215307,SC,0.0,4,retrospectivo_completo,3.844296651322029
4215356,SC,0.0,4,retrospectivo_completo,0.7148196422139218
4215406,SC,3.0,4,retrospectivo_completo,1.9353434807073742
4215455,SC,3.0,4,retrospectivo_completo,3.4871950023992597
4215505,SC,4.0,4,retrospectivo_completo,6.768180036089951
4215554,SC,0.0,4,retrospectivo_completo,0.7199178858027342
4215604,SC,4.0,4,retrospectivo_completo,0.8808175151523635
4215653,SC,1.0,4,retrospectivo_completo,2.3954247281779364
4215679,SC,1.0,4,retrospectivo_completo,2.4656046797439872
4215687,SC,0.0,4,retrospectivo_completo,0.5578416084312716
4215695,SC,0.0,4,retrospectivo_completo,0.44968275956037324
4215703,SC,11.0,4,retrospectivo_completo,12.340668915920832
4215752,SC,1.0,4,retrospectivo_completo,0.513587531112104
4215802,SC,44.0,4,retrospectivo_completo,53.021486730049666
4215901,SC,1.0,4,retrospectivo_completo,1.1828526489413156
4216008,SC,5.0,4,retrospectivo_completo,4.523993137148349
4216057,SC,1.0,4,retrospectivo_completo,1.6183109828093605
4216107,SC,2.0,4,retrospectivo_completo,3.7267426999623914
4216206,SC,16.0,4,retrospectivo_completo,37.23647520849697
4216255,SC,0.0,4,retrospectivo_completo,2.3799731337961463
4216305,SC,10.0,4,retrospectivo_completo,18.39434235480461
4216354,SC,0.0,4,retrospectivo_completo,1.6877938632269753
4216404,SC,2.0,4,retrospectivo_completo,1.9679276340812815
4216503,SC,9.0,4,retrospectivo_completo,7.671940573739457
4216602,SC,165.0,4,retrospectivo_completo,149.48044539347427
4216701,SC,5.0,4,retrospectivo_completo,5.5849494228017535
4216800,SC,3.0,4,retrospectivo_completo,2.2848474118189115
4216909,SC,9.0,4,retrospectivo_completo,9.556132295321136
4217006,SC,3.0,4,retrospectivo_completo,5.273628345936286
4217105,SC,2.0,4,retrospectivo_completo,1.1448048804556312
4217154,SC,0.0,4,retrospectivo_completo,0.4795468343109331
4217204,SC,39.0,4,retrospectivo_completo,21.438093249036715
4217253,SC,2.0,4,retrospectivo_completo,2.511620981546706
4217303,SC,4.0,4,retrospectivo_completo,3.5831668902510256
4217402,SC,9.0,4,retrospectivo_completo,12.580019012480697
4217501,SC,5.0,4,retrospectivo_completo,9.184353612080349
4217550,SC,0.0,4,retrospectivo_completo,1.3636329229311253
4217600,SC,4.0,4,retrospectivo_completo,7.5793022098919804
4217709,SC,10.0,4,retrospectivo_completo,11.540145656579497
4217758,SC,0.0,4,retrospectivo_completo,0.6983157764436824
4217808,SC,14.0,4,retrospectivo_completo,10.553030623969429
4217907,SC,1.0,4,retrospectivo_completo,3.6735332847345776
4217956,SC,0.0,4,retrospectivo_completo,0.551343306751019
4218004,SC,30.0,4,retrospectivo_completo,28.069075564174376
4218103,SC,3.0,4,retrospectivo_completo,1.6614992367941606
4218202,SC,20.0,4,retrospectivo_completo,28.89021765701708
4218251,SC,0.0,4,retrospectivo_completo,2.156324128753204
4218301,SC,5.0,4,retrospectivo_completo,7.524704897934194
4218350,SC,1.0,4,retrospectivo_completo,2.307340357300674
4218400,SC,0.0,4,retrospectivo_completo,2.387809215187917
4218509,SC,11.0,4,retrospectivo_completo,4.915839522358345
4218608,SC,4.0,4,retrospectivo_completo,3.3466632724258734
4218707,SC,60.0,4,retrospectivo_completo,53.569870631165564
4218756,SC,1.0,4,retrospectivo_completo,1.7733127733232597
4218806,SC,4.0,4,retrospectivo_completo,5.5982503406721165
4218855,SC,1.0,4,retrospectivo_completo,0.5485396376881321
4218905,SC,3.0,4,retrospectivo_completo,3.7801144916570304
4218954,SC,0.0,4,retrospectivo_completo,0.8011419058871033
4219002,SC,10.0,4,retrospectivo_completo,11.971694901367512
4219101,SC,1.0,4,retrospectivo_completo,0.9116189974863821
4219150,SC,0.0,4,retrospectivo_completo,0.6797888254768105
4219176,SC,5.0,4,retrospectivo_completo,1.4009733752333613
4219200,SC,0.0,4,retrospectivo_completo,2.1146856598180284
4219309,SC,44.0,4,retrospectivo_completo,25.194855368388854
4219358,SC,0.0,4,retrospectivo_completo,1.4745243460000141
4219408,SC,3.0,4,retrospectivo_completo,1.4027800903033387
4219507,SC,28.0,4,retrospectivo_completo,21.02672766875493
4219606,SC,2.0,4,retrospectivo_completo,1.6438085368160813
4219705,SC,10.0,4,retrospectivo_completo,12.183635184627796
4219853,SC,2.0,4,retrospectivo_completo,1.2481212640146406
5100102,MT,0.0,4,retrospectivo_completo,0.7712831507312784
5100201,MT,18.0,4,retrospectivo_completo,8.443833430756895
5100250,MT,12.0,4,retrospectivo_completo,8.695536320552756
5100300,MT,5.0,4,retrospectivo_completo,4.992945329723011
5100359,MT,5.0,4,retrospectivo_completo,0.754887842844698
5100409,MT,2.0,4,retrospectivo_completo,2.9745143106152176
5100508,MT,0.0,4,retrospectivo_completo,1.3712063390874758
5100607,MT,3.0,4,retrospectivo_completo,2.7765056205970184
5100805,MT,0.0,4,retrospectivo_completo,1.043751085129588
5101001,MT,0.0,4,retrospectivo_completo,0.7741172824306023
5101209,MT,0.0,4,retrospectivo_completo,0.16767860445252683
5101258,MT,4.0,4,retrospectivo_completo,3.4386255980480387
5101308,MT,2.0,4,retrospectivo_completo,1.983785595522678
5101407,MT,8.0,4,retrospectivo_completo,2.848066963282808
5101605,MT,0.0,4,retrospectivo_completo,1.0718960097053685
5101704,MT,4.0,4,retrospectivo_completo,7.186893269223667
5101803,MT,25.0,4,retrospectivo_completo,22.862614746229017
5101852,MT,1.0,4,retrospectivo_completo,1.3502123617556487
5101902,MT,0.0,4,retrospectivo_completo,3.0041525674436302
5102504,MT,25.0,4,retrospectivo_completo,23.923819888997325
5102603,MT,6.0,4,retrospectivo_completo,0.8510158495134601
5102637,MT,15.0,4,retrospectivo_completo,6.897819540563077
5102678,MT,10.0,4,retrospectivo_completo,16.738386927038633
5102686,MT,6.0,4,retrospectivo_completo,1.32032304950355
5102694,MT,0.0,4,retrospectivo_completo,0.6061119342861249
5102702,MT,10.0,4,retrospectivo_completo,7.263452674375938
5102793,MT,2.0,4,retrospectivo_completo,1.4288364136809915
5102850,MT,3.0,4,retrospectivo_completo,1.4824687691311924
5103007,MT,4.0,4,retrospectivo_completo,5.495148353421865
5103056,MT,4.0,4,retrospectivo_completo,2.1345761857825747
5103106,MT,4.0,4,retrospectivo_completo,1.2998812279878535
5103205,MT,8.0,4,retrospectivo_completo,7.65870216292392
5103254,MT,3.0,4,retrospectivo_completo,2.2990120715769584
5103304,MT,7.0,4,retrospectivo_completo,3.5340170123244894
5103353,MT,7.0,4,retrospectivo_completo,5.226480067400679
5103361,MT,1.0,4,retrospectivo_completo,0.6903421475895016
5103379,MT,2.0,4,retrospectivo_completo,1.2542138744700269
5103403,MT,242.0,4,retrospectivo_completo,281.63513032299824
5103437,MT,1.0,4,retrospectivo_completo,1.0426970017345878
5103452,MT,2.0,4,retrospectivo_completo,1.4903394297417585
5103502,MT,7.0,4,retrospectivo_completo,4.675846184955843
5103601,MT,3.0,4,retrospectivo_completo,1.9256749818188514
5103700,MT,1.0,4,retrospectivo_completo,2.037543571305942
5103809,MT,2.0,4,retrospectivo_completo,0.705246048198211
5103858,MT,2.0,4,retrospectivo_completo,1.3081534278918836
5103908,MT,0.0,4,retrospectivo_completo,0.6988409207196553
5103957,MT,0.0,4,retrospectivo_completo,0.6598353989408944
5104104,MT,5.0,4,retrospectivo_completo,6.789913884628387
5104203,MT,0.0,4,retrospectivo_completo,3.8070868687997326
5104500,MT,0.0,4,retrospectivo_completo,0.4645589591104243
5104526,MT,1.0,4,retrospectivo_completo,1.4458038633747994
5104542,MT,1.0,4,retrospectivo_completo,1.2143897785040187
5104559,MT,5.0,4,retrospectivo_completo,0.6975424271533898
5104609,MT,1.0,4,retrospectivo_completo,3.185368449338751
5104807,MT,3.0,4,retrospectivo_completo,8.753873440790159
5104906,MT,0.0,4,retrospectivo_completo,0.9105757636235079
5105002,MT,5.0,4,retrospectivo_completo,1.7215755392564718
5105101,MT,5.0,4,retrospectivo_completo,5.598302675775685
5105150,MT,17.0,4,retrospectivo_completo,7.291740520324282
5105176,MT,3.0,4,retrospectivo_completo,1.377007614514843
5105200,MT,2.0,4,retrospectivo_completo,3.000111405680768
5105234,MT,0.0,4,retrospectivo_completo,0.8018813280675466
5105259,MT,23.0,4,retrospectivo_completo,19.379224954968027
5105309,MT,0.0,4,retrospectivo_completo,0.2950202932923988
5105507,MT,1.0,4,retrospectivo_completo,1.799913265818698
5105580,MT,0.0,4,retrospectivo_completo,1.874181650909019
5105606,MT,7.0,4,retrospectivo_completo,3.04338589832729
5105622,MT,14.0,4,retrospectivo_completo,7.38056691062157
5105903,MT,1.0,4,retrospectivo_completo,3.4129066441395968
5106000,MT,1.0,4,retrospectivo_completo,0.994847858927919
5106109,MT,0.0,4,retrospectivo_completo,2.0054444201116666
5106158,MT,4.0,4,retrospectivo_completo,1.8224667091380136
5106174,MT,0.0,4,retrospectivo_completo,0.38046274399697916
5106182,MT,1.0,4,retrospectivo_completo,0.5801229912483832
5106190,MT,0.0,4,retrospectivo_completo,0.7721973060733576
5106208,MT,0.0,4,retrospectivo_completo,0.7919350713081361
5106216,MT,3.0,4,retrospectivo_completo,2.7836216008912262
5106224,MT,5.0,4,retrospectivo_completo,12.748330363192583
5106232,MT,2.0,4,retrospectivo_completo,3.490057866959379
5106240,MT,1.0,4,retrospectivo_completo,2.0404654861850213
5106257,MT,10.0,4,retrospectivo_completo,5.927467058509474
5106265,MT,1.0,4,retrospectivo_completo,1.0696548488402635
5106273,MT,0.0,4,retrospectivo_completo,0.4558154996491061
5106281,MT,3.0,4,retrospectivo_completo,1.091388407084363
5106299,MT,4.0,4,retrospectivo_completo,1.9500485715256328
5106307,MT,2.0,4,retrospectivo_completo,4.917075526110059
5106315,MT,0.0,4,retrospectivo_completo,0.39113772908052613
5106372,MT,4.0,4,retrospectivo_completo,3.9256899032932613
5106422,MT,4.0,4,retrospectivo_completo,5.18128754700743
5106455,MT,0.0,4,retrospectivo_completo,0.36541314832167876
5106505,MT,0.0,4,retrospectivo_completo,5.953588049841314
5106653,MT,0.0,4,retrospectivo_completo,1.6782463838213986
5106703,MT,0.0,4,retrospectivo_completo,0.3876030439186984
5106752,MT,9.0,4,retrospectivo_completo,8.100909520189353
5106778,MT,1.0,4,retrospectivo_completo,2.340885382335841
5106802,MT,0.0,4,retrospectivo_completo,1.0560887287410894
5106828,MT,2.0,4,retrospectivo_completo,2.1167933027799513
5106851,MT,1.0,4,retrospectivo_completo,0.33450836049278765
5107008,MT,2.0,4,retrospectivo_completo,3.0850079426172585
5107040,MT,28.0,4,retrospectivo_completo,24.763299396265484
5107065,MT,10.0,4,retrospectivo_completo,3.1924665995186756
5107107,MT,2.0,4,retrospectivo_completo,4.596584894099862
5107156,MT,2.0,4,retrospectivo_completo,0.3168189371470297
5107180,MT,1.0,4,retrospectivo_completo,2.2585433089549944
5107198,MT,2.0,4,retrospectivo_completo,0.5738420506915263
5107206,MT,3.0,4,retrospectivo_completo,1.018522926485275
5107248,MT,0.0,4,retrospectivo_completo,0.7987596884972704
5107263,MT,0.0,4,retrospectivo_completo,0.5642786713238608
5107297,MT,0.0,4,retrospectivo_completo,0.6067770340247718
5107305,MT,2.0,4,retrospectivo_completo,3.2461985492022176
5107354,MT,1.0,4,retrospectivo_completo,0.7342957072731422
5107404,MT,0.0,4,retrospectivo_completo,0.6692586634272952
5107578,MT,0.0,4,retrospectivo_completo,0.3123620348983105
5107602,MT,64.0,4,retrospectivo_completo,88.65599544539317
5107701,MT,0.0,4,retrospectivo_completo,3.2319108039225286
5107743,MT,0.0,4,retrospectivo_completo,0.4056059761476833
5107750,MT,2.0,4,retrospectivo_completo,0.7209180550531717
5107768,MT,0.0,4,retrospectivo_completo,0.8716319593174856
5107776,MT,0.0,4,retrospectivo_completo,0.5120409442219346
5107792,MT,1.0,4,retrospectivo_completo,0.8297435201781984
5107800,MT,1.0,4,retrospectivo_completo,3.577570339184584
5107859,MT,1.0,4,retrospectivo_completo,2.171620535138562
5107875,MT,8.0,4,retrospectivo_completo,4.465622743399251
5107883,MT,0.0,4,retrospectivo_completo,0.2391168202252077
5107909,MT,43.0,4,retrospectivo_completo,30.535839197314523
5107925,MT,20.0,4,retrospectivo_completo,25.892209912593902
5107941,MT,2.0,4,retrospectivo_completo,1.5152224503116019
5107958,MT,23.0,4,retrospectivo_completo,20.931145703036478
5108006,MT,1.0,4,retrospectivo_completo,2.4999416546847963
5108055,MT,3.0,4,retrospectivo_completo,1.9524770760830052
5108105,MT,0.0,4,retrospectivo_completo,0.6250936294559304
5108204,MT,0.0,4,retrospectivo_completo,0.983391354078876
5108303,MT,1.0,4,retrospectivo_completo,0.5610012404268226
5108352,MT,0.0,4,retrospectivo_completo,0.5183797614161171
5108402,MT,37.0,4,retrospectivo_completo,76.48390687034205
5108501,MT,3.0,4,retrospectivo_completo,1.9150985482345901
5108600,MT,3.0,4,retrospectivo_completo,3.89314979173867
5108808,MT,1.0,4,retrospectivo_completo,0.8397684360108919
5108857,MT,0.0,4,retrospectivo_completo,0.5879340039075208
5108907,MT,0.0,4,retrospectivo_completo,0.9304238223008265
5108956,MT,3.0,4,retrospectivo_completo,1.5429276094957272
