instancia,familia,razao,m,n,metodo,objetivo,valida,seed_treino,seed_solver,orcamento,t_total,estouro_s,rotulo_melhor,rotulo_bound,rotulo_qualidade,trajetoria,t_parede_s,t_cpu_s,razao_cpu,contencao_suspeita,carga_sistema_pct,pico_mem_mb,nucleo,nos,certificado,fracao_final,estagios,run_id,t_adaptativa,obj_adaptativa,iteracoes,subproblemas,nos_scip_adaptativa,tentados,aceitos,t_selecao,t_sub,t_inferencia,repetidos,pulados,t_pl
holmberg_p1,holmberg,1.7396978021978022,10,50,adaptativa:gnn,8848.0,True,0,0,30.0,0.342017188,0.0,8848.0,8848.0,otimo_publicado,"[[0.019974292001279537, 15829.0], [0.026391544000944123, 14757.0], [0.14452024800266372, 14418.000000000002], [0.18597131400019862, 14418.0], [0.2426199559995439, 14418.0], [0.3025779909985431, 14418.0], [0.31360994699934963, 9440.0], [0.3287743260007119, 8974.999999999996], [0.34044580800036783, 8848.0]]",0.342017188,0.34135138,0.9980532908188229,False,75.2,668.09375,2,4.0,True,1.0,4.0,a6c89e67e1516fe42fe2,,,,,,,,,,,,,
holmberg_p1,holmberg,1.7396978021978022,10,50,adaptativa:pl,8848.0,True,-1,0,30.0,0.14400659,0.0,8848.0,8848.0,otimo_publicado,"[[0.018316166999284178, 9395.0], [0.030505632999847876, 8959.999999999998], [0.0378409240001929, 8848.0], [0.04763209100201493, 8848.0], [0.08316269499846385, 8848.0], [0.11458800599939423, 8848.0]]",0.14400659,0.143989994,0.9998847552740469,False,74.1,637.33984375,3,4.0,True,1.0,4.0,a6c89e67e1516fe42fe2,,,,,,,,,,,,,
holmberg_p1,holmberg,1.7396978021978022,10,50,completo,8848.0,True,-1,0,30.0,0.051006977,0.0,8848.0,8848.0,otimo_publicado,"[[0.023550915000669193, 9440.0], [0.03825048200087622, 8974.999999999996], [0.0497176370008674, 8848.0]]",0.051006977,0.051011749,1.0000935558286468,False,71.4,669.640625,2,1.0,True,1.0,1.0,a6c89e67e1516fe42fe2,,,,,,,,,,,,,
holmberg_p1,holmberg,1.7396978021978022,10,50,hibrido:rotacao,8848.0,True,-1,0,30.0,29.95836369,0.0,8848.0,8848.0,otimo_publicado,"[[0.020963768001820426, 15829.0], [0.0276784179986862, 14757.0], [0.1499511549991439, 14418.000000000002], [0.19295709699508734, 14418.0], [0.24967676199958078, 14418.0], [0.30802815499919234, 14418.0], [0.3183036859991262, 9440.0], [0.33333646599930944, 8974.999999999996], [0.34502784900178085, 8848.0], [0.3461905010008195, 8848.0]]",29.95836369,29.955758127,0.9999130271924408,False,75.0,674.74609375,3,,,,,a6c89e67e1516fe42fe2,0.34604363000107696,8848.0,2251.0,2251.0,4.0,"{""interior"": 563, ""fronteira"": 563, ""liberacao"": 563, ""regret"": 562, ""abertura"": 0}","{""interior"": 0, ""fronteira"": 0, ""liberacao"": 0, ""regret"": 0, ""abertura"": 0}",0.8140397740062326,28.379705370985903,0.0,2232.0,0.0,
holmberg_p1,holmberg,1.7396978021978022,10,50,hibrido:rotacao,8848.0,True,-1,1,30.0,29.959723344,0.0,8848.0,8848.0,otimo_publicado,"[[0.0201261260008323, 15829.0], [0.026574694998998893, 14757.0], [0.14806022999982815, 14418.0], [0.1881692409988318, 14418.0], [0.2519236690022808, 14418.0], [0.31083881599624874, 14418.0], [0.3210241619963199, 9440.0], [0.3358158429982723, 8974.999999999996], [0.34739695399912307, 8899.0], [0.35402278199762804, 8848.0], [0.35489340200001607, 8848.0]]",29.959723344,29.958238503,0.9999504387613013,False,75.0,688.9921875,2,,,,,a6c89e67e1516fe42fe2,0.3547528089984553,8848.0,2315.0,2315.0,4.0,"{""interior"": 579, ""fronteira"": 579, ""liberacao"": 579, ""regret"": 578, ""abertura"": 0}","{""interior"": 0, ""fronteira"": 0, ""liberacao"": 0, ""regret"": 0, ""abertura"": 0}",0.8316408659884473,28.41875747997983,0.0,2296.0,0.0,
holmberg_p1,holmberg,1.7396978021978022,10,50,hibrido:rotacao,8848.0,True,-1,2,30.0,29.954991676,0.0,8848.0,8848.0,otimo_publicado,"[[0.02043001399579225, 15829.0], [0.02686132899543736, 14757.0], [0.1452440899956855, 14418.000000000004], [0.18493757699616253, 14418.0], [0.24162981999688782, 14418.0], [0.30600712199520785, 14418.0], [0.3161138589930488, 9440.0], [0.3308024809921335, 8974.999999999996], [0.3422894679933961, 8848.0], [0.343551108999236, 8848.0]]",29.954991676,29.953156819,0.9999387462023076,False,75.0,678.05859375,3,,,,,a6c89e67e1516fe42fe2,0.3434163419988181,8848.0,2335.0,2335.0,4.0,"{""interior"": 584, ""fronteira"": 584, ""liberacao"": 584, ""regret"": 583, ""abertura"": 0}","{""interior"": 0, ""fronteira"": 0, ""liberacao"": 0, ""regret"": 0, ""abertura"": 0}",0.8395087369972316,28.406166236076388,0.0,2316.0,0.0,
holmberg_p1,holmberg,1.7396978021978022,10,50,hibridopl:rotacao,8848.0,True,-1,0,30.0,29.975219591,0.0,8848.0,8848.0,otimo_publicado,"[[0.018873805001931032, 9395.0], [0.03124509100234718, 8959.999999999998], [0.03853160400467459, 8848.0], [0.04843333199823974, 8848.0], [0.0840340169997944, 8848.0], [0.11561593800433911, 8848.0], [0.14539240999874892, 8848.0]]",29.975219591,29.973887277,0.9999555528193561,False,75.0,656.37890625,1,,,,,a6c89e67e1516fe42fe2,0.14525079099985305,8848.0,2286.0,2286.0,4.0,"{""interior"": 572, ""fronteira"": 572, ""liberacao"": 571, ""regret"": 571, ""abertura"": 0}","{""interior"": 0, ""fronteira"": 0, ""liberacao"": 0, ""regret"": 0, ""abertura"": 0}",0.829587974025344,28.598287191984127,0.0,2267.0,0.0,
holmberg_p1,holmberg,1.7396978021978022,10,50,hibridopl:rotacao,8848.0,True,-1,1,30.0,29.950346725,0.0,8848.0,8848.0,otimo_publicado,"[[0.018300497999007348, 9395.0], [0.030170343001373112, 8959.999999999998], [0.03729094300069846, 8848.0], [0.04605549199914094, 8848.0], [0.07758426500004134, 8848.0], [0.11456816899590194, 8848.0], [0.14782755299893324, 8848.0]]",29.950346725,29.949311271,0.9999654276456461,False,75.0,667.65234375,1,,,,,a6c89e67e1516fe42fe2,0.14768966699921293,8848.0,2335.0,2335.0,4.0,"{""interior"": 584, ""fronteira"": 584, ""liberacao"": 584, ""regret"": 583, ""abertura"": 0}","{""interior"": 0, ""fronteira"": 0, ""liberacao"": 0, ""regret"": 0, ""abertura"": 0}",0.8447794470412191,28.61123489099191,0.0,2316.0,0.0,
holmberg_p1,holmberg,1.7396978021978022,10,50,hibridopl:rotacao,8848.0,True,-1,2,30.0,29.953654407,0.0,8848.0,8848.0,otimo_publicado,"[[0.01843946299777599, 9395.0], [0.030641690998891136, 8959.999999999998], [0.03790366099929088, 8848.0], [0.04769380699872272, 8848.0], [0.08307408799737459, 8848.0], [0.11457793099907576, 8848.0], [0.14804088399978355, 8848.0]]",29.953654407,29.951295898,0.9999212613937534,False,75.0,656.4375,2,,,,,a6c89e67e1516fe42fe2,0.1479055870004231,8848.0,2370.0,2370.0,4.0,"{""interior"": 593, ""fronteira"": 593, ""liberacao"": 592, ""regret"": 592, ""abertura"": 0}","{""interior"": 0, ""fronteira"": 0, ""liberacao"": 0, ""regret"": 0, ""abertura"": 0}",0.8503333670523716,28.54524386904086,0.0,2351.0,0.0,
holmberg_p1,holmberg,1.7396978021978022,10,50,kernel,8848.0,True,-1,0,30.0,0.075397697,0.0,8848.0,8848.0,otimo_publicado,"[[0.017667504002019996, 9395.0], [0.029442527000355767, 8959.999999999998], [0.03662302800148609, 8848.0], [0.046340010998392245, 8848.0]]",0.075397697,0.07540235,1.0000617127602718,False,75.9,667.65234375,1,2.0,,0.7,2.0,a6c89e67e1516fe42fe2,,,,,,,,,,,,,0.0033360320012434386
holmberg_p10,holmberg,2.0604395604395602,10,50,adaptativa:gnn,7617.0,True,0,0,30.0,0.153744433,0.0,7617.0,7617.0,otimo_publicado,"[[0.019028541995794512, 13576.0], [0.022565379997104174, 12945.000000000002], [0.025219050996383885, 12854.0], [0.0282299169957696, 12707.0], [0.034168444995884784, 12668.999999999998], [0.044055976995878154, 12621.0], [0.04608353199728299, 12602.0], [0.05297956799768144, 12602.0], [0.09535416899962001, 12602.0], [0.13479173799714772, 12602.0], [0.144821616999252, 7726.0], [0.1506785219971789, 7626.000000000001], [0.1528663979988778, 7617.0]]",0.153744433,0.153748963,1.000029464481488,False,74.2,680.078125,2,4.0,True,1.0,4.0,a6c89e67e1516fe42fe2,,,,,,,,,,,,,
holmberg_p10,holmberg,2.0604395604395602,10,50,adaptativa:pl,7617.0,True,-1,0,30.0,0.354498267,0.0,7617.0,7617.0,otimo_publicado,"[[0.013593700998171698, 11300.0], [0.018674244998692302, 10604.999999999998], [0.02219068399790558, 10397.999999999998], [0.025452678997680778, 10392.999999999998], [0.028944113000761718, 10195.0], [0.06398256099782884, 10109.000000000002], [0.1141922139977396, 10020.0], [0.1342847129999427, 9948.000000000002], [0.26506603300003917, 9948.0], [0.3153049739994458, 9948.0], [0.32149774199933745, 8012.0], [0.3267161589974421, 7928.0], [0.3352913870003249, 7928.0], [0.34557685400068294, 7726.0], [0.35138242799803265, 7626.000000000001], [0.35359999999855063, 7617.0]]",0.354498267,0.354502148,1.0000109478673418,False,75.2,678.5078125,1,4.0,True,1.0,4.0,a6c89e67e1516fe42fe2,,,,,,,,,,,,,
holmberg_p10,holmberg,2.0604395604395602,10,50,completo,7617.0,True,-1,0,30.0,0.028622868,0.0,7617.0,7617.0,otimo_publicado,"[[0.019913137999537867, 7726.0], [0.025646136000432307, 7626.000000000001], [0.027908109997952124, 7617.0]]",0.028622868,0.02862706,1.0001464563229652,False,81.8,680.078125,2,1.0,True,1.0,1.0,a6c89e67e1516fe42fe2,,,,,,,,,,,,,
holmberg_p10,holmberg,2.0604395604395602,10,50,hibrido:rotacao,7617.0,True,-1,0,30.0,29.967270709,0.0,7617.0,7617.0,otimo_publicado,"[[0.019833080998068908, 13576.0], [0.023360813996987417, 12945.000000000002], [0.026089454997418215, 12854.0], [0.02903144799711299, 12707.0], [0.03500630199778243, 12668.999999999998], [0.04491709799913224, 12621.0], [0.04697307399692363, 12602.0], [0.1892630519978411, 12602.0], [0.22705538700392935, 12602.0], [0.266271021002467, 12602.0], [0.2763852890020644, 7726.0], [0.28220979099933174, 7626.000000000001], [0.28445348199966247, 7617.0], [0.2851938540006813, 7617.0]]",29.967270709,29.966003963,0.9999577290166896,False,75.0,693.37890625,1,,,,,a6c89e67e1516fe42fe2,0.2850687040008779,7617.0,2910.0,2910.0,4.0,"{""interior"": 728, ""fronteira"": 728, ""liberacao"": 727, ""regret"": 727, ""abertura"": 0}","{""interior"": 0, ""fronteira"": 0, ""liberacao"": 0, ""regret"": 0, ""abertura"": 0}",1.0162980640343449,28.241530155039072,0.0,2892.0,0.0,
holmberg_p10,holmberg,2.0604395604395602,10,50,hibrido:rotacao,7617.0,True,-1,1,30.0,29.953532097,0.0,7617.0,7617.0,otimo_publicado,"[[0.019692277997819474, 13576.0], [0.023264313997060526, 12945.000000000002], [0.025978415997087723, 12705.0], [0.04923990199677064, 12602.0], [0.05662852499517612, 12602.0], [0.09426781699585263, 12602.0], [0.13759724899500725, 12602.0], [0.14771901899803197, 7726.0], [0.1535362129980058, 7626.000000000001], [0.15582084199559176, 7617.0], [0.15654111799813109, 7617.0]]",29.953532097,29.952751254,0.9999739315217494,False,75.0,678.05859375,3,,,,,a6c89e67e1516fe42fe2,0.15641102999870782,7617.0,2945.0,2945.0,4.0,"{""interior"": 737, ""fronteira"": 736, ""liberacao"": 736, ""regret"": 736, ""abertura"": 0}","{""interior"": 0, ""fronteira"": 0, ""liberacao"": 0, ""regret"": 0, ""abertura"": 0}",1.015884470925812,28.342797204131784,0.0,2927.0,0.0,
holmberg_p10,holmberg,2.0604395604395602,10,50,hibrido:rotacao,7617.0,True,-1,2,30.0,29.957912972,0.0,7617.0,7617.0,otimo_publicado,"[[0.019413320002058754, 13576.0], [0.022979073004535167, 12945.000000000002], [0.025687814002594678, 12705.0], [0.04207781500372221, 12621.0], [0.0441719410046062, 12615.0], [0.045815823003067635, 12601.999999999998], [0.052787516000535106, 12602.0], [0.08986012100285734, 12602.0], [0.13564217599923722, 12602.0], [0.14595742000165046, 7726.0], [0.15182641800129204, 7626.000000000001], [0.154059865999443, 7617.0], [0.15478226100094616, 7617.0]]",29.957912972,29.957103425,0.9999729771896742,False,75.0,678.05859375,3,,,,,a6c89e67e1516fe42fe2,0.1546520949996193,7617.0,2966.0,2966.0,4.0,"{""interior"": 742, ""fronteira"": 742, ""liberacao"": 741, ""regret"": 741, ""abertura"": 0}","{""interior"": 0, ""fronteira"": 0, ""liberacao"": 0, ""regret"": 0, ""abertura"": 0}",1.018837626947061,28.344253760951688,0.0,2948.0,0.0,
holmberg_p10,holmberg,2.0604395604395602,10,50,hibridopl:rotacao,7617.0,True,-1,0,30.0,29.957421838,0.0,7617.0,7617.0,otimo_publicado,"[[0.013935252998635406, 11300.0], [0.01905267999973148, 10604.999999999998], [0.02256671400027699, 10397.999999999998], [0.025776663998840377, 10392.999999999998], [0.029307065000466537, 10195.0], [0.06199358899903018, 10109.000000000002], [0.11151632299879566, 10020.0], [0.13084565499957534, 9948.000000000002], [0.25762271199710085, 9948.0], [0.31008491999818943, 9948.0], [0.3167942439977196, 8012.0], [0.32214042599662207, 7928.0], [0.33727755599829834, 7928.0], [0.34750087799693574, 7726.0], [0.35331703199699405, 7626.000000000001], [0.3556424189991958, 7617.0], [0.35631401899809134, 7617.0]]",29.957421838,29.955729627,0.9999435127959558,False,75.0,692.49609375,2,,,,,a6c89e67e1516fe42fe2,0.3561878580003395,7617.0,2895.0,2895.0,4.0,"{""interior"": 724, ""fronteira"": 724, ""liberacao"": 724, ""regret"": 723, ""abertura"": 0}","{""interior"": 0, ""fronteira"": 0, ""liberacao"": 0, ""regret"": 0, ""abertura"": 0}",0.9940764180137194,28.190214653965086,0.0,2877.0,0.0,
holmberg_p10,holmberg,2.0604395604395602,10,50,hibridopl:rotacao,7617.0,True,-1,1,30.0,29.957709888,0.0,7617.0,7617.0,otimo_publicado,"[[0.013649725999130169, 11300.0], [0.018790241996612167, 10604.999999999998], [0.022306323997327127, 10397.999999999998], [0.02552477399876807, 10392.999999999998], [0.029057663999992656, 10195.0], [0.06166178699641023, 10109.000000000002], [0.11118326799987699, 10020.0], [0.13046325799950864, 9948.0], [0.2634810239978833, 9948.0], [0.31785304699951666, 9948.0], [0.3239882289999514, 8012.0], [0.32920802399894455, 7928.0], [0.3381209930012119, 7928.0], [0.3483015269994212, 7726.0], [0.35411140600263025, 7626.000000000001], [0.35636594999959925, 7617.0], [0.3571415149999666, 7617.0]]",29.957709888,29.956280238,0.9999522777273248,False,75.0,692.49609375,2,,,,,a6c89e67e1516fe42fe2,0.35701283999878797,7617.0,2946.0,2946.0,4.0,"{""interior"": 737, ""fronteira"": 737, ""liberacao"": 736, ""regret"": 736, ""abertura"": 0}","{""interior"": 0, ""fronteira"": 0, ""liberacao"": 0, ""regret"": 0, ""abertura"": 0}",1.017756881097739,28.15702803296881,0.0,2928.0,0.0,
holmberg_p10,holmberg,2.0604395604395602,10,50,hibridopl:rotacao,7617.0,True,-1,2,30.0,29.954020306,0.0,7617.0,7617.0,otimo_publicado,"[[0.01707016799991834, 11300.0], [0.02218983900093008, 10604.999999999998], [0.02570635200027027, 10397.999999999998], [0.02891189900037716, 10392.999999999998], [0.032433665001008194, 10195.0], [0.05943217700041714, 10008.000000000005], [0.13822507499935455, 9948.0], [0.21141092400284833, 9948.0], [0.26436504299999797, 9948.0], [0.27097813499858603, 8012.0], [0.27632089699909557, 7928.0], [0.2897799530037446, 7928.0], [0.30003885100086336, 7726.0], [0.30590181900333846, 7626.000000000001], [0.3081095500019728, 7617.0], [0.3088146500012954, 7617.0]]",29.954020306,29.952819938,0.9999599263141395,False,75.0,693.34765625,1,,,,,a6c89e67e1516fe42fe2,0.30868510300206253,7617.0,2976.0,2976.0,4.0,"{""interior"": 744, ""fronteira"": 744, ""liberacao"": 744, ""regret"": 744, ""abertura"": 0}","{""interior"": 0, ""fronteira"": 0, ""liberacao"": 0, ""regret"": 0, ""abertura"": 0}",1.032716160050768,28.183964506901248,0.0,2958.0,0.0,
holmberg_p10,holmberg,2.0604395604395602,10,50,kernel,7617.0,True,-1,0,30.0,0.052321044,0.0,7617.0,7617.0,otimo_publicado,"[[0.018942744995001704, 7680.0], [0.023737425995932426, 7626.000000000001], [0.03381590699791559, 7626.0], [0.05155861899766023, 7617.0]]",0.052321044,0.052324822,1.0000722080392739,False,72.7,678.05859375,3,2.0,,0.9,2.0,a6c89e67e1516fe42fe2,,,,,,,,,,,,,0.0028938499999640044
holmberg_p11,holmberg,2.0604395604395602,10,50,adaptativa:gnn,8932.0,True,0,0,30.0,0.780214496,0.0,8932.0,8932.0,otimo_publicado,"[[0.019974271999672055, 14776.0], [0.023844223000196507, 14224.999999999998], [0.03419830699931481, 14053.000000000004], [0.07074294700214523, 13849.999999999998], [0.15263922500162153, 13825.0], [0.255421149002359, 13802.0], [0.4489357160018699, 13802.0], [0.5992735040017578, 13802.0], [0.7593074080032238, 13802.0], [0.7694884620032099, 9726.0], [0.7753482120024273, 9243.0], [0.7779718690035224, 8932.000000000002]]",0.780214496,0.780200535,0.9999821062027537,False,75.0,1408.98828125,3,4.0,True,1.0,4.0,a6c89e67e1516fe42fe2,,,,,,,,,,,,,
holmberg_p11,holmberg,2.0604395604395602,10,50,adaptativa:pl,8932.0,True,-1,0,30.0,0.128125301,0.0,8932.0,8932.0,otimo_publicado,"[[0.014299792997917393, 11010.0], [0.01962434299639426, 9853.0], [0.04908021099618054, 9678.0], [0.05554508299974259, 9678.0], [0.08772873899943079, 9678.0], [0.09400022799673025, 9101.0], [0.09926765399723081, 8932.000000000002], [0.10922330299945315, 8932.0]]",0.128125301,0.128119898,0.9999578303429703,False,76.5,1884.8515625,1,4.0,True,1.0,4.0,a6c89e67e1516fe42fe2,,,,,,,,,,,,,
holmberg_p11,holmberg,2.0604395604395602,10,50,completo,8932.0,True,-1,0,30.0,0.030058055,0.0,8932.0,8932.0,otimo_publicado,"[[0.01921840599970892, 9726.0], [0.025151286001346307, 9243.0], [0.027779553998698248, 8932.000000000002]]",0.030058055,0.030061267,1.0001068598749985,False,75.0,1408.98828125,3,1.0,True,1.0,1.0,a6c89e67e1516fe42fe2,,,,,,,,,,,,,
holmberg_p11,holmberg,2.0604395604395602,10,50,hibrido:rotacao,8932.0,True,-1,0,30.0,29.953145426,0.0,8932.0,8932.0,otimo_publicado,"[[0.02000407499872381, 14776.0], [0.023891272001492325, 14224.999999999998], [0.034143870001571486, 14053.000000000004], [0.07077881900113425, 13849.999999999998], [0.1524659429996973, 13825.0], [0.2558327240003564, 13802.0], [0.4500208579993341, 13802.0], [0.6064969789986208, 13802.0], [0.760872068000026, 13802.0], [0.7710676239985332, 9726.0], [0.7769514369974786, 9243.0], [0.7795780739979818, 8932.000000000002], [0.7818493849990773, 8932.0]]",29.953145426,29.952546644,0.9999800093782645,False,75.0,1408.98828125,3,,,,,a6c89e67e1516fe42fe2,0.7817232439992949,8932.0,2332.0,2332.0,4.0,"{""interior"": 583, ""fronteira"": 583, ""liberacao"": 583, ""regret"": 583, ""abertura"": 0}","{""interior"": 0, ""fronteira"": 0, ""liberacao"": 0, ""regret"": 0, ""abertura"": 0}",0.8200779099461215,27.95979245010676,0.0,2314.0,0.0,
holmberg_p11,holmberg,2.0604395604395602,10,50,hibrido:rotacao,8932.0,True,-1,1,30.0,29.955454845,0.0,8932.0,8932.0,otimo_publicado,"[[0.020512768998742104, 14776.0], [0.024404581999988295, 14224.999999999998], [0.03468245900148759, 14053.000000000004], [0.07081541500156163, 13849.999999999998], [0.15249219199904473, 13825.0], [0.30091244199866196, 13802.0], [0.6023031680051645, 13802.0], [0.8216316050020396, 13802.0], [1.0466344830019807, 13802.0], [1.0567723980020673, 9726.0], [1.0625722180047887, 9243.0], [1.0651951670042763, 8932.000000000002], [1.067401903001155, 8932.0]]",29.955454845,29.953736983,0.9999426527819761,False,75.0,1293.8046875,2,,,,,a6c89e67e1516fe42fe2,1.067240653999761,8932.0,2376.0,2376.0,4.0,"{""interior"": 594, ""fronteira"": 594, ""liberacao"": 594, ""regret"": 594, ""abertura"": 0}","{""interior"": 0, ""fronteira"": 0, ""liberacao"": 0, ""regret"": 0, ""abertura"": 0}",0.8235331840623985,27.683567858050083,0.0,2358.0,0.0,
holmberg_p11,holmberg,2.0604395604395602,10,50,hibrido:rotacao,8932.0,True,-1,2,30.0,29.957717894,0.0,8932.0,8932.0,otimo_publicado,"[[0.020045171997480793, 14776.0], [0.02393149499766878, 14224.999999999998], [0.03417386299770442, 14053.000000000004], [0.07058339099603472, 13849.999999999998], [0.14990967199628358, 13825.0], [0.5358867179966182, 13802.0], [0.5457546449943038, 13802.0], [0.7517666179955995, 13802.0], [0.9575558849974186, 13802.0], [0.9676523959969927, 9726.0], [0.9735722459954559, 9243.0], [0.9761898019969522, 8932.000000000002], [0.9781672089993663, 8932.0]]",29.957717894,29.957098672,0.9999793301344851,False,75.0,1408.98828125,3,,,,,a6c89e67e1516fe42fe2,0.9780407959988224,8932.0,2370.0,2370.0,11.0,"{""interior"": 593, ""fronteira"": 593, ""liberacao"": 592, ""regret"": 592, ""abertura"": 0}","{""interior"": 0, ""fronteira"": 0, ""liberacao"": 0, ""regret"": 0, ""abertura"": 0}",0.8322759248658258,27.74332028103163,0.0,2352.0,0.0,
holmberg_p11,holmberg,2.0604395604395602,10,50,hibridopl:rotacao,8932.0,True,-1,0,30.0,29.954517148,0.0,8932.0,8932.0,otimo_publicado,"[[0.014386629998625722, 11010.0], [0.019652964001579676, 9853.0], [0.04922668600192992, 9678.0], [0.0589980930017191, 9678.0], [0.0859801000005973, 9678.0], [0.0921230719977757, 9101.0], [0.09731953799928306, 8932.000000000002], [0.10677276399655966, 8932.0], [0.1255570719986281, 8932.0]]",29.954517148,29.953331976,0.9999604342812757,False,75.0,1884.8515625,1,,,,,a6c89e67e1516fe42fe2,0.12543476700011524,8932.0,2401.0,2401.0,4.0,"{""interior"": 601, ""fronteira"": 600, ""liberacao"": 600, ""regret"": 600, ""abertura"": 0}","{""interior"": 0, ""fronteira"": 0, ""liberacao"": 0, ""regret"": 0, ""abertura"": 0}",0.8421702450614248,28.598170766948897,0.0,2383.0,0.0,
holmberg_p11,holmberg,2.0604395604395602,10,50,hibridopl:rotacao,8932.0,True,-1,1,30.0,29.957763251,0.0,8932.0,8932.0,otimo_publicado,"[[0.018194087999290787, 11010.0], [0.02344942699710373, 9853.0], [0.03189673599990783, 9699.000000000004], [0.039653054998780135, 9678.0], [0.04629285699411412, 9678.0], [0.0730004379984166, 9678.0], [0.07917633899705834, 9101.0], [0.08439446299598785, 8932.000000000002], [0.09819542900004308, 8932.0], [0.1170971389983606, 8932.0]]",29.957763251,29.956344061,0.9999526269705749,False,75.0,1293.8046875,2,,,,,a6c89e67e1516fe42fe2,0.11695394900016254,8932.0,2438.0,2438.0,4.0,"{""interior"": 610, ""fronteira"": 610, ""liberacao"": 609, ""regret"": 609, ""abertura"": 0}","{""interior"": 0, ""fronteira"": 0, ""liberacao"": 0, ""regret"": 0, ""abertura"": 0}",0.8504095150237845,28.598161604983034,0.0,2420.0,0.0,
holmberg_p11,holmberg,2.0604395604395602,10,50,hibridopl:rotacao,8932.0,True,-1,2,30.0,29.950716801,0.0,8932.0,8932.0,otimo_publicado,"[[0.014050246001716005, 11010.0], [0.01935101400158601, 9853.0], [0.027729441000701627, 9699.000000000004], [0.035492529001203366, 9678.0], [0.046361442997294944, 9678.0], [0.073455660000036, 9678.0], [0.07963853500041296, 9101.0], [0.08490115300082834, 8932.000000000002], [0.09443085000020801, 8932.0], [0.11323533900213079, 8932.0]]",29.950716801,29.949621662,0.9999634352991524,False,75.0,1884.8515625,1,,,,,a6c89e67e1516fe42fe2,0.11311105500135454,8932.0,2451.0,2451.0,4.0,"{""interior"": 613, ""fronteira"": 613, ""liberacao"": 613, ""regret"": 612, ""abertura"": 0}","{""interior"": 0, ""fronteira"": 0, ""liberacao"": 0, ""regret"": 0, ""abertura"": 0}",0.8598138819725136,28.579255383978307,0.0,2433.0,0.0,
holmberg_p11,holmberg,2.0604395604395602,10,50,kernel,8932.0,True,-1,0,30.0,0.049071041,0.0,8932.0,8932.0,otimo_publicado,"[[0.015627311000571353, 9101.0], [0.020776541001396254, 8932.000000000002], [0.030250564999732887, 8932.0]]",0.049071041,0.049075498,1.0000908275004803,False,73.7,1293.8046875,2,2.0,,0.6,2.0,a6c89e67e1516fe42fe2,,,,,,,,,,,,,0.0033504780003568158
holmberg_p12,holmberg,2.0604395604395602,10,50,adaptativa:gnn,10132.0,True,0,0,30.0,1.63942312,0.0,10132.0,10132.0,otimo_publicado,"[[0.02050140599749284, 15976.0], [0.024663914995471714, 15433.000000000002], [0.04238340099618654, 15382.000000000007], [0.06391259099837043, 15174.999999999998], [0.28029377199709415, 14818.0], [0.7574235739994037, 14818.0], [1.1755833549977979, 14818.0], [1.6049054009963584, 14818.0], [1.6150981989958382, 11726.0], [1.6213440519968572, 10643.000000000002], [1.6275587679956516, 10624.000000000002], [1.6302182429972163, 10304.0], [1.6385329619952245, 10132.0]]",1.63942312,1.639374045,0.9999700656899361,False,75.0,1901.265625,1,4.0,True,1.0,4.0,a6c89e67e1516fe42fe2,,,,,,,,,,,,,
holmberg_p12,holmberg,2.0604395604395602,10,50,adaptativa:pl,10132.0,True,-1,0,30.0,0.108626273,0.0,10132.0,10132.0,otimo_publicado,"[[0.019206508000934264, 11395.0], [0.022038242997950874, 10253.0], [0.03089775899934466, 10252.0], [0.03739263600073173, 10252.0], [0.058914029999868944, 10252.0], [0.0763415379988146, 10132.0], [0.08847286500167684, 10132.0]]",0.108626273,0.108620883,0.9999503803283392,False,75.0,1901.265625,1,4.0,True,1.0,4.0,a6c89e67e1516fe42fe2,,,,,,,,,,,,,
holmberg_p12,holmberg,2.0604395604395602,10,50,completo,10132.0,True,-1,0,30.0,0.043386755,0.0,10132.0,10132.0,otimo_publicado,"[[0.019077272001595702, 11726.0], [0.025314188002084848, 10643.000000000002], [0.0314751250007248, 10624.000000000002], [0.03415710900299018, 10304.0], [0.0424550010029634, 10132.0]]",0.043386755,0.043390917,1.0000959278932016,False,76.5,1436.55078125,2,1.0,True,1.0,1.0,a6c89e67e1516fe42fe2,,,,,,,,,,,,,
holmberg_p12,holmberg,2.0604395604395602,10,50,hibrido:rotacao,10132.0,True,-1,0,30.0,29.957333963,0.0,10132.0,10132.0,otimo_publicado,"[[0.020380899997689994, 15976.0], [0.024502903997927206, 15433.000000000002], [0.0423027059987362, 15382.000000000007], [0.06377870600044844, 15174.999999999998], [0.2827040769989253, 14818.0], [0.762039758003084, 14818.0], [1.189237533002597, 14818.0], [1.6143600750001497, 14818.0], [1.6245335410021653, 11726.0], [1.6307985410021502, 10643.000000000002], [1.6370445780012233, 10624.000000000002], [1.6397317520022625, 10304.0], [1.6480771670030663, 10132.0], [1.6489345830050297, 10132.0]]",29.957333963,29.956707068,0.9999790737386453,False,75.0,1449.12890625,3,,,,,a6c89e67e1516fe42fe2,1.648807690002286,10132.0,2140.0,2140.0,4.0,"{""interior"": 535, ""fronteira"": 535, ""liberacao"": 535, ""regret"": 535, ""abertura"": 0}","{""interior"": 0, ""fronteira"": 0, ""liberacao"": 0, ""regret"": 0, ""abertura"": 0}",0.7770712740239105,27.16152269192753,0.0,2122.0,0.0,
holmberg_p12,holmberg,2.0604395604395602,10,50,hibrido:rotacao,10132.0,True,-1,1,30.0,29.952878515,0.0,10132.0,10132.0,otimo_publicado,"[[0.021127857002284145, 15976.0], [0.02532755800348241, 15433.000000000002], [0.04309272900354699, 15382.000000000007], [0.06458076700437232, 15174.999999999998], [0.29478461800317746, 14818.0], [0.9465993310004706, 14818.0], [1.3013581179984612, 14818.0], [1.6650282419977884, 14818.0], [1.6754052500000398, 11726.0], [1.6816599479971046, 10643.000000000002], [1.6878787440000451, 10624.000000000002], [1.6905541659980372, 10304.0], [1.6988765059977595, 10132.0], [1.699723339996126, 10132.0]]",29.952878515,29.951369095,0.9999496068466593,False,75.0,1436.55078125,2,,,,,a6c89e67e1516fe42fe2,1.6995658639971225,10132.0,2212.0,2212.0,10.0,"{""interior"": 553, ""fronteira"": 553, ""liberacao"": 553, ""regret"": 553, ""abertura"": 0}","{""interior"": 0, ""fronteira"": 0, ""liberacao"": 0, ""regret"": 0, ""abertura"": 0}",0.7871069849861669,27.09497750596347,0.0,2194.0,0.0,
holmberg_p12,holmberg,2.0604395604395602,10,50,hibrido:rotacao,10132.0,True,-1,2,30.0,30.059566086,0.05956608600000024,10132.0,10132.0,otimo_publicado,"[[0.020468306000111625, 15976.0], [0.024660360999405384, 15433.000000000002], [0.04252050399736618, 15382.000000000007], [0.06418830099937622, 15174.999999999998], [0.28032554499804974, 14818.0], [0.7457012739978381, 14818.0], [1.4378749829993467, 14818.0], [2.1296053849946475, 14818.0], [2.13972563099378, 11726.0], [2.1459435309952823, 10643.000000000002], [2.152186435996555, 10624.000000000002], [2.1548655009937647, 10304.0], [2.1631861029964057, 10132.0], [2.1640736299959826, 10132.0]]",30.059566086,30.05893703,0.9999790730179471,False,75.0,1449.12890625,3,,,,,a6c89e67e1516fe42fe2,2.1639449649992457,10132.0,2171.0,2171.0,14.0,"{""interior"": 543, ""fronteira"": 543, ""liberacao"": 543, ""regret"": 542, ""abertura"": 0}","{""interior"": 0, ""fronteira"": 0, ""liberacao"": 0, ""regret"": 0, ""abertura"": 0}",0.7799300070255413,26.734720024149283,0.0,2153.0,0.0,
holmberg_p12,holmberg,2.0604395604395602,10,50,hibridopl:rotacao,10132.0,True,-1,0,30.0,29.998688198,0.0,10132.0,10132.0,otimo_publicado,"[[0.01492641100048786, 11395.0], [0.017749263999576215, 10253.0], [0.026567467997665517, 10252.0], [0.03294789500068873, 10252.0], [0.054336331002559746, 10252.0], [0.07176497500040568, 10132.0], [0.08525421000013012, 10132.0], [0.105190173995652, 10132.0]]",29.998688198,29.997271773,0.9999527837687218,False,75.0,1436.55078125,2,,,,,a6c89e67e1516fe42fe2,0.1050696069978585,10132.0,2280.0,2280.0,4.0,"{""interior"": 570, ""fronteira"": 570, ""liberacao"": 570, ""regret"": 570, ""abertura"": 0}","{""interior"": 0, ""fronteira"": 0, ""liberacao"": 0, ""regret"": 0, ""abertura"": 0}",0.8068476909284072,28.705146573989623,0.0,2262.0,0.0,
holmberg_p12,holmberg,2.0604395604395602,10,50,hibridopl:rotacao,10132.0,True,-1,1,30.0,29.950732279,0.0,10132.0,10132.0,otimo_publicado,"[[0.01530913100214093, 11395.0], [0.018158388003939763, 10253.0], [0.02694805200371775, 10252.0], [0.033269034000113606, 10252.0], [0.057975307001470355, 10252.0], [0.07116986599794473, 10132.000000000002], [0.08294961700084968, 10132.0], [0.10264796899718931, 10132.0]]",29.950732279,29.949720808,0.9999662288390622,False,75.0,1901.265625,1,,,,,a6c89e67e1516fe42fe2,0.1024964899988845,10132.0,2315.0,2315.0,4.0,"{""interior"": 579, ""fronteira"": 579, ""liberacao"": 579, ""regret"": 578, ""abertura"": 0}","{""interior"": 0, ""fronteira"": 0, ""liberacao"": 0, ""regret"": 0, ""abertura"": 0}",0.8296876379827154,28.621602922012244,0.0,2297.0,0.0,
holmberg_p12,holmberg,2.0604395604395602,10,50,hibridopl:rotacao,10132.0,True,-1,2,30.0,29.962083731,0.0,10132.0,10132.0,otimo_publicado,"[[0.015039456004160456, 11395.0], [0.01785510400441126, 10253.0], [0.02663555200342671, 10252.0], [0.03283691500473651, 10252.0], [0.054149272000358906, 10252.0], [0.071466010002041, 10132.0], [0.08495880300324643, 10132.0], [0.1079840080019494, 10132.0]]",29.962083731,29.961057602,0.9999657524153122,False,75.0,1901.265625,1,,,,,a6c89e67e1516fe42fe2,0.10786143900259049,10132.0,2349.0,2349.0,4.0,"{""interior"": 588, ""fronteira"": 587, ""liberacao"": 587, ""regret"": 587, ""abertura"": 0}","{""interior"": 0, ""fronteira"": 0, ""liberacao"": 0, ""regret"": 0, ""abertura"": 0}",0.8401660901618015,28.620925067869393,0.0,2331.0,0.0,
holmberg_p12,holmberg,2.0604395604395602,10,50,kernel,10132.0,True,-1,0,30.0,0.059928326,0.0,10132.0,10132.0,otimo_publicado,"[[0.016438303999166237, 10301.0], [0.031109397001273464, 10132.0], [0.04004460299984203, 10132.0]]",0.059928326,0.059932909,1.0000764746874458,False,78.3,1901.265625,1,2.0,,0.6,2.0,a6c89e67e1516fe42fe2,,,,,,,,,,,,,0.004026470000098925
holmberg_p13,holmberg,2.7677758318739056,20,50,adaptativa:gnn,8252.0,True,0,0,30.0,1.353276449,0.0,8252.0,8252.0,otimo_publicado,"[[0.02776244599954225, 11213.0], [0.03370522399927722, 11079.000000000007], [0.07103439099955722, 10986.000000000004], [0.09839674099930562, 10967.000000000005], [0.3877935529999377, 10340.000000000004], [0.3970595830032835, 10340.0], [0.5091280990018276, 10340.0], [0.5305712120025419, 10295.000000000004], [0.6293944010030827, 9842.999999999998], [0.9702757300037774, 9741.0], [0.9827486940012022, 9709.0], [1.2594606430029671, 9709.0], [1.2913103610044345, 9522.999999999998], [1.3134513290024188, 8355.999999999998], [1.3509609990032914, 8251.999999999996]]",1.353276449,1.353063855,0.99984290423427,False,75.2,725.50390625,3,4.0,True,1.0,4.0,a6c89e67e1516fe42fe2,,,,,,,,,,,,,
holmberg_p13,holmberg,2.7677758318739056,20,50,adaptativa:pl,8252.0,True,-1,0,30.0,0.193355403,0.0,8252.0,8252.0,otimo_publicado,"[[0.025684358999569668, 23566.0], [0.026853125000343425, 8439.0], [0.033577479000086896, 8265.0], [0.04421708399968338, 8265.0], [0.07288913700176636, 8265.0], [0.1278640140008065, 8265.0], [0.19185948700032895, 8252.0]]",0.193355403,0.193192814,0.9991591184033269,False,75.3,693.40234375,1,4.0,True,1.0,4.0,a6c89e67e1516fe42fe2,,,,,,,,,,,,,
holmberg_p13,holmberg,2.7677758318739056,20,50,completo,8252.0,True,-1,0,30.0,0.10760117,0.0,8252.0,8252.0,otimo_publicado,"[[0.03380745600225055, 12032.0], [0.04639286200108472, 9522.999999999998], [0.0683806810011447, 8355.999999999998], [0.10555786700206227, 8251.999999999996]]",0.10760117,0.107585393,0.9998533752002883,False,75.0,692.5,3,1.0,True,1.0,1.0,a6c89e67e1516fe42fe2,,,,,,,,,,,,,
holmberg_p13,holmberg,2.7677758318739056,20,50,hibrido:rotacao,8252.0,True,-1,0,30.0,29.958563278,0.0,8252.0,8252.0,otimo_publicado,"[[0.02804858500167029, 11213.0], [0.0340089640012593, 11079.000000000007], [0.07148441699973773, 10986.000000000004], [0.09905734600033611, 10967.000000000005], [0.38859175800098456, 10340.000000000004], [0.4122734960037633, 10340.0], [0.5055986430052144, 10340.0], [0.526775632002682, 10295.000000000004], [0.6261095000045316, 9842.999999999998], [0.9673275660061336, 9741.0], [0.9809506240053452, 9709.0], [1.2579414259998885, 9709.0], [1.2898238630004926, 9522.999999999998], [1.311962134001078, 8355.999999999998], [1.3491519010021875, 8251.999999999996], [1.35112656000274, 8252.0]]",29.958563278,29.957133497,0.9999522747140197,False,75.0,716.42578125,2,,,,,a6c89e67e1516fe42fe2,1.350999985999806,8252.0,2099.0,2099.0,4.0,"{""interior"": 525, ""fronteira"": 525, ""liberacao"": 525, ""regret"": 524, ""abertura"": 0}","{""interior"": 0, ""fronteira"": 0, ""liberacao"": 0, ""regret"": 0, ""abertura"": 0}",0.7931773199779855,27.465447754937486,0.0,2080.0,0.0,
holmberg_p13,holmberg,2.7677758318739056,20,50,hibrido:rotacao,8252.0,True,-1,1,30.0,29.953730789,0.0,8252.0,8252.0,otimo_publicado,"[[0.02751009199710097, 11213.0], [0.03344484899935196, 11079.000000000007], [0.07062735199724557, 10986.000000000004], [0.09786486899974989, 10967.000000000005], [0.309914386998571, 10340.000000000002], [0.35103658200023347, 10340.0], [0.4451954989999649, 10340.0], [0.46677675300088595, 10295.000000000004], [0.5658315990003757, 9842.999999999998], [0.9068340789999638, 9741.0], [0.917907766001008, 9709.0], [1.1548411599978863, 9709.0], [1.1868865659962466, 9522.999999999998], [1.209103850997053, 8355.999999999998], [1.246776472999045, 8251.999999999998], [1.248658948999946, 8252.0]]",29.953730789,29.952954275,0.9999740762175681,False,75.0,725.01171875,3,,,,,a6c89e67e1516fe42fe2,1.248529085998598,8252.0,2080.0,2080.0,4.0,"{""interior"": 520, ""fronteira"": 520, ""liberacao"": 520, ""regret"": 520, ""abertura"": 0}","{""interior"": 0, ""fronteira"": 0, ""liberacao"": 0, ""regret"": 0, ""abertura"": 0}",0.7831888439613977,27.56115812897042,0.0,2061.0,0.0,
holmberg_p13,holmberg,2.7677758318739056,20,50,hibrido:rotacao,8252.0,True,-1,2,30.0,29.960368455,0.0,8252.0,8252.0,otimo_publicado,"[[0.027486526996653993, 11213.0], [0.03336479899735423, 11079.000000000007], [0.07024558899865951, 10986.000000000004], [0.09724231199652422, 10967.000000000005], [0.3202505939989351, 10339.999999999998], [0.36138312299590325, 10340.0], [0.454000059995451, 10340.0], [0.4748474339940003, 10295.000000000004], [0.5737041569955181, 9842.999999999998], [0.910316323996085, 9741.0], [0.9243640899949241, 9709.0], [1.0846257389966922, 9709.0], [1.1162482809959329, 9522.999999999998], [1.1382523449974542, 8355.999999999998], [1.1752120409983036, 8251.999999999996], [1.177150610001263, 8252.0]]",29.960368455,29.958619639,0.9999416290222657,False,75.0,704.1171875,2,,,,,a6c89e67e1516fe42fe2,1.177021187999344,8252.0,2130.0,2130.0,4.0,"{""interior"": 533, ""fronteira"": 533, ""liberacao"": 532, ""regret"": 532, ""abertura"": 0}","{""interior"": 0, ""fronteira"": 0, ""liberacao"": 0, ""regret"": 0, ""abertura"": 0}",0.7921616360072221,27.645110069934162,0.0,2111.0,0.0,
holmberg_p13,holmberg,2.7677758318739056,20,50,hibridopl:rotacao,8252.0,True,-1,0,30.0,29.951700909,0.0,8252.0,8252.0,otimo_publicado,"[[0.02588175299752038, 23566.0], [0.027027944997826125, 8439.0], [0.0337736869987566, 8265.0], [0.04177242199511966, 8265.0], [0.06993265499841073, 8265.0], [0.12545100199713488, 8265.0], [0.18907088799824123, 8252.0], [0.19026550000126008, 8252.0]]",29.951700909,29.95059733,0.9999631547135386,False,75.0,693.40234375,1,,,,,a6c89e67e1516fe42fe2,0.19013887099936255,8252.0,2186.0,2186.0,4.0,"{""interior"": 547, ""fronteira"": 547, ""liberacao"": 546, ""regret"": 546, ""abertura"": 0}","{""interior"": 0, ""fronteira"": 0, ""liberacao"": 0, ""regret"": 0, ""abertura"": 0}",0.8184113850838912,28.58899841206221,0.0,2167.0,0.0,
holmberg_p13,holmberg,2.7677758318739056,20,50,hibridopl:rotacao,8252.0,True,-1,1,30.0,29.964883909,0.0,8252.0,8252.0,otimo_publicado,"[[0.02696725200075889, 23566.0], [0.028136445002019173, 8439.0], [0.034926443000586005, 8265.0], [0.042952387000696035, 8265.0], [0.0732224720013619, 8265.0], [0.12564484999893466, 8265.0], [0.18626893799955724, 8252.000000000004], [0.1873623100000259, 8252.0]]",29.964883909,29.964034915,0.9999716670352343,False,75.0,692.4921875,3,,,,,a6c89e67e1516fe42fe2,0.18723312899965094,8252.0,2166.0,2166.0,4.0,"{""interior"": 542, ""fronteira"": 542, ""liberacao"": 541, ""regret"": 541, ""abertura"": 0}","{""interior"": 0, ""fronteira"": 0, ""liberacao"": 0, ""regret"": 0, ""abertura"": 0}",0.8072809769655578,28.600038121941907,0.0,2147.0,0.0,
holmberg_p13,holmberg,2.7677758318739056,20,50,hibridopl:rotacao,8252.0,True,-1,2,30.0,29.956215194,0.0,8252.0,8252.0,otimo_publicado,"[[0.026338991996453842, 23566.0], [0.027499122996232472, 8439.0], [0.034327210996707436, 8265.0], [0.04472259799877065, 8265.0], [0.07376046400167979, 8265.0], [0.12944753499687067, 8265.0], [0.1935641569980362, 8252.0], [0.1947516229993198, 8252.0]]",29.956215194,29.955031587,0.9999604887669442,False,75.0,701.29296875,1,,,,,a6c89e67e1516fe42fe2,0.1946138709972729,8252.0,2187.0,2187.0,4.0,"{""interior"": 547, ""fronteira"": 547, ""liberacao"": 547, ""regret"": 546, ""abertura"": 0}","{""interior"": 0, ""fronteira"": 0, ""liberacao"": 0, ""regret"": 0, ""abertura"": 0}",0.8302395109458303,28.565245462941675,0.0,2168.0,0.0,
holmberg_p13,holmberg,2.7677758318739056,20,50,kernel,8252.0,True,-1,0,30.0,0.311473827,0.0,8252.0,8252.0,otimo_publicado,"[[0.024426983000012115, 8503.0], [0.030438634999882197, 8292.999999999998], [0.04026425000120071, 8278.999999999998], [0.06336682300025132, 8265.0], [0.07744824399924255, 8265.0], [0.12572266699862666, 8252.0], [0.27786544100308674, 8252.0]]",0.311473827,0.311478537,1.0000151216557915,False,75.2,704.12109375,2,3.0,,0.5,3.0,a6c89e67e1516fe42fe2,,,,,,,,,,,,,0.0061944389999553096
holmberg_p14,holmberg,2.7677758318739056,20,50,adaptativa:gnn,7137.0,True,0,0,30.0,3.037460531,0.0,7137.0,7137.0,otimo_publicado,"[[0.027884699000424007, 10189.0], [0.033932263002498075, 9899.0], [0.16210185200179694, 9828.999999999996], [0.47065057900181273, 9602.0], [0.49150869400182273, 9556.0], [1.7810129530007544, 9556.0], [2.919595986000786, 9556.0], [2.932100817000901, 9259.0], [2.953797909998684, 9154.999999999996], [2.9638001259991142, 8896.0], [2.976789895001275, 8674.0], [3.0012394030018186, 8674.0], [3.0314783729991177, 7368.000000000001], [3.036145417001535, 7137.0]]",3.037460531,3.037405406,0.9999818516160334,False,75.0,1408.98828125,3,4.0,True,1.0,4.0,a6c89e67e1516fe42fe2,,,,,,,,,,,,,
holmberg_p14,holmberg,2.7677758318739056,20,50,adaptativa:pl,7137.0,True,-1,0,30.0,0.100076415,0.0,7137.0,7137.0,otimo_publicado,"[[0.023620700998435495, 7257.0], [0.029066398998111254, 7142.000000000001], [0.030849842998577515, 7137.0], [0.039271708996238885, 7137.0], [0.06955388899586978, 7137.0]]",0.100076415,0.100081145,1.0000472638833036,False,75.0,1408.98828125,3,3.0,True,0.85,3.0,a6c89e67e1516fe42fe2,,,,,,,,,,,,,
holmberg_p14,holmberg,2.7677758318739056,20,50,completo,7137.0,True,-1,0,30.0,0.051659179,0.0,7137.0,7137.0,otimo_publicado,"[[0.0343799090005632, 9180.0], [0.04557045099863899, 7368.000000000001], [0.05036423499768716, 7137.0]]",0.051659179,0.051662875,1.0000715458524805,False,75.0,1884.8515625,1,1.0,True,1.0,1.0,a6c89e67e1516fe42fe2,,,,,,,,,,,,,
holmberg_p14,holmberg,2.7677758318739056,20,50,hibrido:rotacao,7137.0,True,-1,0,30.0,29.951782682,0.0,7137.0,7137.0,otimo_publicado,"[[0.028937993996805744, 10189.0], [0.034961257995746564, 9899.0], [0.16209191599773476, 9828.999999999996], [0.46735874899604823, 9602.0], [0.4884444329982216, 9556.0], [1.771369241996581, 9556.0], [2.9115366129954054, 9556.0], [2.92405969599713, 9259.0], [2.945679835996998, 9154.999999999996], [2.9557999199969345, 8896.0], [2.9687912889967265, 8674.0], [2.988193783996394, 8674.0], [3.018190457998571, 7368.000000000001], [3.0229205019968504, 7137.0], [3.0240528090034786, 7137.0]]",29.951782682,29.951192739,0.9999803035763759,False,75.0,1408.98828125,3,,,,,a6c89e67e1516fe42fe2,3.023921648000396,7137.0,2143.0,2143.0,4.0,"{""interior"": 536, ""fronteira"": 536, ""liberacao"": 536, ""regret"": 535, ""abertura"": 0}","{""interior"": 0, ""fronteira"": 0, ""liberacao"": 0, ""regret"": 0, ""abertura"": 0}",0.7646157180461159,25.807571048062528,0.0,2124.0,0.0,
holmberg_p14,holmberg,2.7677758318739056,20,50,hibrido:rotacao,7137.0,True,-1,1,30.0,29.961703483,0.0,7137.0,7137.0,otimo_publicado,"[[0.02755211299881921, 10189.0], [0.033584243999939645, 9899.0], [0.1617876329983119, 9828.999999999996], [0.47038481299750856, 9602.0], [0.4884811269985221, 9556.0], [1.5543892309979128, 9556.0], [3.1490101469971705, 9556.0], [3.1614509189967066, 9259.0], [3.182920834995457, 9154.999999999996], [3.1929982739966363, 8896.0], [3.2056962399947224, 8674.0], [3.227500027998758, 8674.0], [3.257781440999679, 7368.000000000001], [3.2625359339981514, 7137.0], [3.2638240639971627, 7137.0]]",29.961703483,29.960527918,0.9999607644137902,False,75.0,1884.8515625,1,,,,,a6c89e67e1516fe42fe2,3.2636961649986915,7137.0,2126.0,2126.0,4.0,"{""interior"": 532, ""fronteira"": 532, ""liberacao"": 531, ""regret"": 531, ""abertura"": 0}","{""interior"": 0, ""fronteira"": 0, ""liberacao"": 0, ""regret"": 0, ""abertura"": 0}",0.7616008639488427,25.585047920969373,0.0,2107.0,0.0,
holmberg_p14,holmberg,2.7677758318739056,20,50,hibrido:rotacao,7137.0,True,-1,2,30.0,29.969145935,0.0,7137.0,7137.0,otimo_publicado,"[[0.027803449003840797, 10189.0], [0.033796987001551315, 9899.0], [0.1611141300018062, 9828.999999999996], [0.4655661800024973, 9602.0], [0.4889314270039904, 9556.0], [1.7971037330025865, 9556.0], [3.104468079003709, 9556.0], [3.116959475002659, 9259.0], [3.138567239002441, 9154.999999999996], [3.148677007004153, 8896.0], [3.170722510003543, 8674.0], [3.186786452006345, 8674.0], [3.2167439100048796, 7368.000000000001], [3.2215458400060015, 7137.0], [3.222788044000481, 7137.0]]",29.969145935,29.96774544,0.9999532687717215,False,75.0,1293.8046875,2,,,,,a6c89e67e1516fe42fe2,3.2226578410009097,7137.0,2154.0,2154.0,4.0,"{""interior"": 539, ""fronteira"": 539, ""liberacao"": 538, ""regret"": 538, ""abertura"": 0}","{""interior"": 0, ""fronteira"": 0, ""liberacao"": 0, ""regret"": 0, ""abertura"": 0}",0.7627230929792859,25.63851024410542,0.0,2135.0,0.0,
holmberg_p14,holmberg,2.7677758318739056,20,50,hibridopl:rotacao,7137.0,True,-1,0,30.0,29.954005434,0.0,7137.0,7137.0,otimo_publicado,"[[0.02302828100073384, 7257.0], [0.02845684500061907, 7142.000000000001], [0.03025223599979654, 7137.0], [0.038902343996596755, 7137.0], [0.07166747500377824, 7137.0], [0.10266328799843905, 7137.0]]",29.954005434,29.953005547,0.9999666192555716,False,75.0,1884.8515625,1,,,,,a6c89e67e1516fe42fe2,0.10253797100085649,7137.0,2371.0,2371.0,3.0,"{""interior"": 593, ""fronteira"": 593, ""liberacao"": 593, ""regret"": 592, ""abertura"": 0}","{""interior"": 0, ""fronteira"": 0, ""liberacao"": 0, ""regret"": 0, ""abertura"": 0}",0.8460869010268652,28.619618777043797,0.0,2352.0,0.0,
holmberg_p14,holmberg,2.7677758318739056,20,50,hibridopl:rotacao,7137.0,True,-1,1,30.0,29.959245858,0.0,7137.0,7137.0,otimo_publicado,"[[0.02336133600329049, 7257.0], [0.028779341002518777, 7142.000000000001], [0.030640359003882622, 7137.0], [0.03936975300530321, 7137.0], [0.07280525299938745, 7137.0], [0.10398657000041567, 7137.0]]",29.959245858,29.958631151,0.9999794818934057,False,75.0,1408.98828125,3,,,,,a6c89e67e1516fe42fe2,0.1038423120007792,7137.0,2362.0,2362.0,3.0,"{""interior"": 591, ""fronteira"": 591, ""liberacao"": 590, ""regret"": 590, ""abertura"": 0}","{""interior"": 0, ""fronteira"": 0, ""liberacao"": 0, ""regret"": 0, ""abertura"": 0}",0.8460701879594126,28.604474647028837,0.0,2343.0,0.0,
holmberg_p14,holmberg,2.7677758318739056,20,50,hibridopl:rotacao,7137.0,True,-1,2,30.0,29.952689481,0.0,7137.0,7137.0,otimo_publicado,"[[0.02295772700017551, 7257.0], [0.02844855299917981, 7142.000000000001], [0.030239177998737432, 7137.0], [0.0408066529998905, 7137.0], [0.0701520469992829, 7137.0], [0.10094824599582353, 7137.0]]",29.952689481,29.951219247,0.9999509147917774,False,75.0,1293.8046875,2,,,,,a6c89e67e1516fe42fe2,0.1008201509976061,7137.0,2413.0,2413.0,3.0,"{""interior"": 604, ""fronteira"": 603, ""liberacao"": 603, ""regret"": 603, ""abertura"": 0}","{""interior"": 0, ""fronteira"": 0, ""liberacao"": 0, ""regret"": 0, ""abertura"": 0}",0.8443725249926501,28.634616459079552,0.0,2394.0,0.0,
holmberg_p14,holmberg,2.7677758318739056,20,50,kernel,7137.0,True,-1,0,30.0,0.244954897,0.0,7137.0,7137.0,otimo_publicado,"[[0.02259011699788971, 7257.0], [0.028043814996635774, 7142.000000000001], [0.029818222996254917, 7137.0], [0.18337599199730903, 7137.0], [0.22479842900065705, 7137.0]]",0.244954897,0.244959475,1.0000186891548446,False,74.5,1408.98828125,3,3.0,,0.45,3.0,a6c89e67e1516fe42fe2,,,,,,,,,,,,,0.005621739997877739
holmberg_p15,holmberg,2.7677758318739056,20,50,adaptativa:gnn,8808.0,True,0,0,30.0,4.318510043,0.0,8808.0,8808.0,otimo_publicado,"[[0.027757839001424145, 11989.0], [0.04605096800150932, 11775.000000000002], [0.21888862400010112, 11723.0], [0.5338105930022721, 11202.0], [0.5515096210001502, 11176.0], [0.8544931760006875, 11156.0], [1.7601453690040216, 11156.0], [2.6205893190017377, 11156.0], [2.6419366490008542, 11058.000000000004], [2.6859177770020324, 10759.0], [3.4045461710011296, 10474.0], [3.9865103700030886, 10416.0], [4.2713950789984665, 10416.0], [4.302679939999507, 10342.999999999998], [4.317125962999853, 8808.0]]",4.318510043,4.318330446,0.9999584122768705,False,75.0,1901.265625,1,4.0,True,1.0,4.0,a6c89e67e1516fe42fe2,,,,,,,,,,,,,
holmberg_p15,holmberg,2.7677758318739056,20,50,adaptativa:pl,8808.0,True,-1,0,30.0,0.141756574,0.0,8808.0,8808.0,otimo_publicado,"[[0.022527995002747048, 9079.0], [0.027632353005174082, 8808.0], [0.03844208299778984, 8808.0], [0.06297296000047936, 8808.0], [0.10573255600320408, 8808.0]]",0.141756574,0.14176092,1.000030658190145,False,75.0,1436.55078125,2,4.0,True,1.0,4.0,a6c89e67e1516fe42fe2,,,,,,,,,,,,,
holmberg_p15,holmberg,2.7677758318739056,20,50,completo,8808.0,True,-1,0,30.0,0.062053605,0.0,8808.0,8808.0,otimo_publicado,"[[0.03391607199955615, 13180.0], [0.04612273699967773, 10342.999999999998], [0.060752917001082096, 8808.0]]",0.062053605,0.062057786,1.0000673772297355,False,75.0,1901.265625,1,1.0,True,1.0,1.0,a6c89e67e1516fe42fe2,,,,,,,,,,,,,
holmberg_p15,holmberg,2.7677758318739056,20,50,hibrido:rotacao,8808.0,True,-1,0,30.0,29.953357189,0.0,8808.0,8808.0,otimo_publicado,"[[0.028680390998488292, 11989.0], [0.04707767099898774, 11775.000000000002], [0.22091059599915752, 11723.0], [0.5362776879992452, 11202.0], [0.5539823269973567, 11176.0], [0.857967011997971, 11156.0], [1.764625188003265, 11156.0], [2.6273960580001585, 11156.0], [2.6486814890013193, 11058.000000000004], [2.692642360998434, 10759.0], [3.41108934300064, 10474.0], [3.9933266430016374, 10416.0], [4.2762527970007795, 10416.0], [4.307628295999166, 10342.999999999998], [4.322041556999466, 8808.0], [4.323489296999469, 8808.0]]",29.953357189,29.952342436,0.999966122228183,False,75.0,1901.265625,1,,,,,a6c89e67e1516fe42fe2,4.323357575998671,8808.0,1920.0,1920.0,4.0,"{""interior"": 480, ""fronteira"": 480, ""liberacao"": 480, ""regret"": 480, ""abertura"": 0}","{""interior"": 0, ""fronteira"": 0, ""liberacao"": 0, ""regret"": 0, ""abertura"": 0}",0.685570202072995,24.621354370974586,0.0,1901.0,0.0,
holmberg_p15,holmberg,2.7677758318739056,20,50,hibrido:rotacao,8808.0,True,-1,1,30.0,29.95857814,0.0,8808.0,8808.0,otimo_publicado,"[[0.028844527005276177, 11989.0], [0.04728819000592921, 11775.000000000002], [0.22094580600605696, 11723.0], [0.5747906960059481, 11176.0], [0.9565297530061798, 11161.0], [1.2497519000062312, 11157.0], [1.2975970710031106, 11156.0], [1.8526638990006177, 11156.0], [3.0486592240013124, 11156.0], [3.0700295550013834, 11058.000000000004], [3.114269116002106, 10759.0], [3.855595667999296, 10474.0], [4.4758436500014795, 10416.0], [4.8834617380016425, 10416.0], [4.914686955002253, 10342.999999999998], [4.929160065003089, 8808.0], [4.930359580004733, 8808.0]]",29.95857814,29.957975939,0.9999798988791395,False,75.0,1449.12890625,3,,,,,a6c89e67e1516fe42fe2,4.930232924001757,8808.0,1873.0,1873.0,4.0,"{""interior"": 469, ""fronteira"": 468, ""liberacao"": 468, ""regret"": 468, ""abertura"": 0}","{""interior"": 0, ""fronteira"": 0, ""liberacao"": 0, ""regret"": 0, ""abertura"": 0}",0.6662271470086125,24.037404249018437,0.0,1854.0,0.0,
holmberg_p15,holmberg,2.7677758318739056,20,50,hibrido:rotacao,8808.0,True,-1,2,30.0,29.965828407,0.0,8808.0,8808.0,otimo_publicado,"[[0.029192247002356453, 11989.0], [0.04743898100059596, 11775.000000000002], [0.22103171200069482, 11723.0], [0.5400446620005823, 11202.0], [0.5615555709991895, 11176.0], [0.8858793090003019, 11156.0], [1.529739535999397, 11156.0], [2.2371861079991504, 11156.0], [2.258411464001256, 11058.000000000004], [2.3024619339994388, 10759.0], [3.010196723000263, 10474.0], [3.5266095740007586, 10416.0], [3.9260015889994975, 10416.0], [3.9576350069983164, 10342.999999999998], [3.9719599989985, 8808.0], [3.9731725949968677, 8808.0]]",29.965828407,29.964367075,0.99995123338557,False,75.0,1436.55078125,2,,,,,a6c89e67e1516fe42fe2,3.9730440079983964,8808.0,1982.0,1982.0,4.0,"{""interior"": 496, ""fronteira"": 496, ""liberacao"": 495, ""regret"": 495, ""abertura"": 0}","{""interior"": 0, ""fronteira"": 0, ""liberacao"": 0, ""regret"": 0, ""abertura"": 0}",0.7015071328969498,24.94955804089477,0.0,1963.0,0.0,
holmberg_p15,holmberg,2.7677758318739056,20,50,hibridopl:rotacao,8808.0,True,-1,0,30.0,29.954613726,0.0,8808.0,8808.0,otimo_publicado,"[[0.022676515000057407, 9079.0], [0.02774500700252247, 8808.0], [0.038949857000261545, 8808.0], [0.06356111200148007, 8808.0], [0.10672020200217958, 8808.0], [0.14292019700224046, 8808.0]]",29.954613726,29.953188424,0.9999524179475977,False,75.0,1436.55078125,2,,,,,a6c89e67e1516fe42fe2,0.14276549500209512,8808.0,2240.0,2240.0,4.0,"{""interior"": 560, ""fronteira"": 560, ""liberacao"": 560, ""regret"": 560, ""abertura"": 0}","{""interior"": 0, ""fronteira"": 0, ""liberacao"": 0, ""regret"": 0, ""abertura"": 0}",0.7990393307809427,28.62842574905153,0.0,2221.0,0.0,
holmberg_p15,holmberg,2.7677758318739056,20,50,hibridopl:rotacao,8808.0,True,-1,1,30.0,29.959180513,0.0,8808.0,8808.0,otimo_publicado,"[[0.02253235300304368, 9079.0], [0.027640557000268018, 8808.0], [0.039338764996500686, 8808.0], [0.06414076599685359, 8808.0], [0.1075845550003578, 8808.0], [0.14247868199890945, 8808.0]]",29.959180513,29.958572041,0.9999796899651598,False,75.0,1449.12890625,3,,,,,a6c89e67e1516fe42fe2,0.14234913399923244,8808.0,2224.0,2224.0,4.0,"{""interior"": 556, ""fronteira"": 556, ""liberacao"": 556, ""regret"": 556, ""abertura"": 0}","{""interior"": 0, ""fronteira"": 0, ""liberacao"": 0, ""regret"": 0, ""abertura"": 0}",0.7961667069648684,28.63586556007067,0.0,2205.0,0.0,
holmberg_p15,holmberg,2.7677758318739056,20,50,hibridopl:rotacao,8808.0,True,-1,2,30.0,29.970411351,0.0,8808.0,8808.0,otimo_publicado,"[[0.022706715993990656, 9079.0], [0.02778381499592797, 8808.0], [0.039225589996931376, 8808.0], [0.06369561499741394, 8808.0], [0.1069761619946803, 8808.0], [0.14315034999890486, 8808.0]]",29.970411351,29.969326032,0.9999637869835255,False,75.0,1901.265625,1,,,,,a6c89e67e1516fe42fe2,0.14301409399922704,8808.0,2266.0,2266.0,4.0,"{""interior"": 567, ""fronteira"": 567, ""liberacao"": 566, ""regret"": 566, ""abertura"": 0}","{""interior"": 0, ""fronteira"": 0, ""liberacao"": 0, ""regret"": 0, ""abertura"": 0}",0.8130614529836748,28.620069427008275,0.0,2247.0,0.0,
holmberg_p15,holmberg,2.7677758318739056,20,50,kernel,8808.0,True,-1,0,30.0,0.254446587,0.0,8808.0,8808.0,otimo_publicado,"[[0.02433350099818199, 9171.0], [0.03066139299698989, 9122.999999999998], [0.03868464699553442, 8808.0], [0.052671700996143045, 8808.0], [0.23233302799781086, 8808.0]]",0.254446587,0.2544515,1.0000193085710363,False,75.5,1436.55078125,2,3.0,,0.45,3.0,a6c89e67e1516fe42fe2,,,,,,,,,,,,,0.00651928299703286
holmberg_p16,holmberg,2.7677758318739056,20,50,adaptativa:gnn,10408.0,True,0,0,30.0,7.07416727,0.0,10408.0,10408.0,otimo_publicado,"[[0.032792352001706604, 13789.0], [0.039909245002490934, 13163.999999999998], [0.6669439710021834, 12776.0], [1.5043684679985745, 12756.0], [2.2238037110000732, 12756.0], [4.660528713007807, 12756.0], [5.815971716008789, 12049.0], [5.8780612320042565, 12016.0], [6.551924355000665, 12016.0], [7.019320844003232, 11182.000000000002], [7.053755981003633, 10482.000000000002], [7.07260407099966, 10407.99999999999]]",7.07416727,7.074034965,0.9999812974453458,False,75.0,1493.08984375,3,4.0,True,1.0,4.0,a6c89e67e1516fe42fe2,,,,,,,,,,,,,
holmberg_p16,holmberg,2.7677758318739056,20,50,adaptativa:pl,10408.0,True,-1,0,30.0,0.812174721,0.0,10408.0,10408.0,otimo_publicado,"[[0.2345591479970608, 11743.999999999998], [0.2431112879930879, 10998.0], [0.44038112899579573, 10881.0], [0.631486929996754, 10881.0], [0.6396440639946377, 10492.0], [0.655359756994585, 10435.000000000002], [0.6677693929959787, 10435.0], [0.7212055159980082, 10408.000213392774], [0.7237094439988141, 10408.0], [0.7421956440011854, 10408.0]]",0.812174721,0.812127778,0.9999422008604969,False,75.1,1436.56640625,2,4.0,True,1.0,4.0,a6c89e67e1516fe42fe2,,,,,,,,,,,,,
holmberg_p16,holmberg,2.7677758318739056,20,50,completo,10408.0,True,-1,0,30.0,0.537556425,0.0,10408.0,10408.0,otimo_publicado,"[[0.03429668799799401, 17180.0], [0.048225541999272536, 12062.999999999996], [0.4829799420040217, 11182.000000000002], [0.5172410189989023, 10482.000000000002], [0.5361721939989366, 10407.99999999999]]",0.537556425,0.537510696,0.9999149317208886,False,74.5,1901.265625,1,1.0,True,1.0,1.0,a6c89e67e1516fe42fe2,,,,,,,,,,,,,
holmberg_p16,holmberg,2.7677758318739056,20,50,hibrido:rotacao,10408.0,True,-1,0,30.0,29.950283316,0.0,10408.0,10408.0,otimo_publicado,"[[0.033174345997394994, 13789.0], [0.040238775000034366, 13163.999999999998], [0.6600331930021639, 12776.0], [1.493545165998512, 12756.0], [2.2092291230001138, 12756.0], [4.646274219994666, 12756.0], [5.799117987997306, 12049.0], [5.861106808995828, 12016.0], [6.535949659992184, 12016.0], [7.004365180997411, 11182.000000000002], [7.038858999992954, 10482.000000000002], [7.057842083995638, 10407.99999999999], [7.059291636003763, 10408.0]]",29.950283316,29.949682077,0.9999799254319681,False,75.0,1493.08984375,3,,,,,a6c89e67e1516fe42fe2,7.0591526060015894,10408.0,1397.0,1397.0,4.0,"{""interior"": 350, ""fronteira"": 349, ""liberacao"": 349, ""regret"": 349, ""abertura"": 0}","{""interior"": 0, ""fronteira"": 0, ""liberacao"": 0, ""regret"": 0, ""abertura"": 0}",0.5441475629195338,22.060293836060737,0.0,1378.0,0.0,
holmberg_p16,holmberg,2.7677758318739056,20,50,hibrido:rotacao,10408.0,True,-1,1,30.0,29.952184951,0.0,10408.0,10408.0,otimo_publicado,"[[0.03268897900125012, 13789.0], [0.039734986996336374, 13163.999999999998], [0.5948466769987135, 13090.0], [0.6462771969963796, 12756.0], [1.9888611979986308, 12756.0], [3.312652676999278, 12756.0], [4.450739361003798, 12049.0], [4.501290443004109, 12016.0], [5.327006026003801, 12016.0], [5.794381143001374, 11182.000000000002], [5.828829530000803, 10482.000000000002], [5.847717659999034, 10407.99999999999], [5.84906948099524, 10408.0]]",29.952184951,29.951607444,0.9999807190359921,False,75.0,1493.08984375,3,,,,,a6c89e67e1516fe42fe2,5.848940154995944,10408.0,1507.0,1507.0,4.0,"{""interior"": 377, ""fronteira"": 377, ""liberacao"": 377, ""regret"": 376, ""abertura"": 0}","{""interior"": 0, ""fronteira"": 0, ""liberacao"": 0, ""regret"": 0, ""abertura"": 0}",0.572750300867483,23.234754360935767,0.0,1488.0,0.0,
holmberg_p16,holmberg,2.7677758318739056,20,50,hibrido:rotacao,10408.0,True,-1,2,30.0,29.95953562,0.0,10408.0,10408.0,otimo_publicado,"[[0.032517242994799744, 13789.0], [0.03948462299013045, 13163.999999999998], [0.7017227559917956, 12756.0], [1.7602060919962241, 12756.0], [3.6209245979989646, 12756.0], [4.679584735997196, 12049.0], [5.823643950992846, 12016.0], [6.304000714000722, 12016.0], [6.770751170006406, 10663.000000000002], [6.806799153004249, 10408.000000000002], [6.808374522996019, 10408.0]]",29.95953562,29.958039007,0.9999500455207656,False,75.0,1436.56640625,2,,,,,a6c89e67e1516fe42fe2,6.808225123997545,10408.0,1510.0,1510.0,4.0,"{""interior"": 378, ""fronteira"": 378, ""liberacao"": 377, ""regret"": 377, ""abertura"": 0}","{""interior"": 0, ""fronteira"": 0, ""liberacao"": 0, ""regret"": 0, ""abertura"": 0}",0.5605547887535067,22.298640200140653,0.0,1491.0,0.0,
holmberg_p16,holmberg,2.7677758318739056,20,50,hibridopl:rotacao,10408.0,True,-1,0,30.0,29.959009369,0.0,10408.0,10408.0,otimo_publicado,"[[0.23636619900207734, 11743.999999999998], [0.24507358000118984, 10998.0], [0.44337925700529013, 10881.0], [0.6350605709958472, 10881.0], [0.6432575489961891, 10492.0], [0.658956806997594, 10435.000000000002], [0.6711715109922807, 10435.0], [0.7247208609987865, 10408.000213392774], [0.7272277419979218, 10408.0], [0.7451812899962533, 10408.0], [0.8155954079993535, 10408.0]]",29.959009369,29.957860507,0.9999616522033206,False,75.0,1901.265625,1,,,,,a6c89e67e1516fe42fe2,0.8154681140003959,10408.0,1805.0,1805.0,4.0,"{""interior"": 452, ""fronteira"": 451, ""liberacao"": 451, ""regret"": 451, ""abertura"": 0}","{""interior"": 0, ""fronteira"": 0, ""liberacao"": 0, ""regret"": 0, ""abertura"": 0}",0.6868886623051367,28.117309135122923,0.0,1786.0,0.0,
holmberg_p16,holmberg,2.7677758318739056,20,50,hibridopl:rotacao,10408.0,True,-1,1,30.0,29.9576842,0.0,10408.0,10408.0,otimo_publicado,"[[0.19615752100071404, 14086.0], [0.23911574800149538, 11490.999999999998], [0.3115395130007528, 11015.0], [0.6296985540029709, 10881.0], [1.013025652995566, 10881.0], [1.0211248299965519, 10492.0], [1.035079074994428, 10435.000000000002], [1.0489489449973917, 10435.0], [1.1022108269971795, 10408.000213392774], [1.104673041998467, 10408.0], [1.1250856389960973, 10408.0], [1.1958696089932346, 10408.0]]",29.9576842,29.956466853,0.9999593644491386,False,75.0,1901.265625,1,,,,,a6c89e67e1516fe42fe2,1.1957196820003446,10408.0,1806.0,1806.0,4.0,"{""interior"": 452, ""fronteira"": 452, ""liberacao"": 451, ""regret"": 451, ""abertura"": 0}","{""interior"": 0, ""fronteira"": 0, ""liberacao"": 0, ""regret"": 0, ""abertura"": 0}",0.6869343429061701,27.741350901895203,0.0,1787.0,0.0,
holmberg_p16,holmberg,2.7677758318739056,20,50,hibridopl:rotacao,10408.0,True,-1,2,30.0,29.965101275,0.0,10408.0,10408.0,otimo_publicado,"[[0.07706658799725119, 13593.999999999996], [0.3135639519969118, 11015.0], [0.4900857839966193, 10889.0], [0.8129064259992447, 10880.999999999998], [0.8449448390019825, 10881.0], [0.853124409004522, 10492.0], [0.8688282880029874, 10435.000000000002], [0.8817026630058535, 10435.0], [0.9349529720057035, 10408.000213392774], [0.9374808950014994, 10408.0], [0.956211049000558, 10408.0], [1.0266088180069346, 10408.0]]",29.965101275,29.963783118,0.9999560102604725,False,75.0,1436.56640625,2,,,,,a6c89e67e1516fe42fe2,1.0264840650052065,10408.0,1882.0,1882.0,4.0,"{""interior"": 471, ""fronteira"": 471, ""liberacao"": 470, ""regret"": 470, ""abertura"": 0}","{""interior"": 0, ""fronteira"": 0, ""liberacao"": 0, ""regret"": 0, ""abertura"": 0}",0.6976935521161067,27.89024832931318,0.0,1863.0,0.0,
holmberg_p16,holmberg,2.7677758318739056,20,50,kernel,10408.0,True,-1,0,30.0,0.209101686,0.0,10408.0,10408.0,otimo_publicado,"[[0.028395750996423885, 10950.0], [0.05225124699791195, 10727.999999999996], [0.07671412899799179, 10408.0], [0.09098466899013147, 10408.0], [0.17560076599329477, 10408.0]]",0.209101686,0.209065982,0.9998292505398546,False,75.0,1436.56640625,2,3.0,,0.45,3.0,a6c89e67e1516fe42fe2,,,,,,,,,,,,,0.010560210997937247
holmberg_p17,holmberg,2.8021015761821366,20,50,adaptativa:gnn,8227.0,True,0,0,30.0,2.691793039,0.0,8227.0,8227.0,otimo_publicado,"[[0.02748722800242831, 10634.0], [0.4797849490023509, 10187.0], [1.0414915629989991, 10187.0], [1.411655438998423, 10187.0], [1.4319832629989833, 9848.000000000002], [1.9819505029990978, 9711.0], [2.0057729509971978, 9626.0], [2.5491555289991084, 9626.0], [2.581159077999473, 9498.0], [2.5812897690011596, 9196.0], [2.6464204549993156, 8897.000000000002], [2.6806917789981526, 8632.999999999995], [2.681775548000587, 8330.999999999995], [2.690412350999395, 8227.0]]",2.691793039,2.691481659,0.9998843224588635,False,75.0,743.09765625,2,4.0,True,1.0,4.0,a6c89e67e1516fe42fe2,,,,,,,,,,,,,
holmberg_p17,holmberg,2.8021015761821366,20,50,adaptativa:pl,8227.0,True,-1,0,30.0,0.157906139,0.0,8227.0,8227.0,otimo_publicado,"[[0.021383334998972714, 9022.0], [0.026154148999921745, 8249.000000000004], [0.029289972997503355, 8234.0], [0.03110522899805801, 8227.0], [0.04147071699844673, 8227.0], [0.06643304399767658, 8227.0], [0.11342715099817724, 8227.0]]",0.157906139,0.157911081,1.000031297073257,False,76.2,716.46875,2,4.0,True,1.0,4.0,a6c89e67e1516fe42fe2,,,,,,,,,,,,,
holmberg_p17,holmberg,2.8021015761821366,20,50,completo,8227.0,True,-1,0,30.0,0.157121885,0.0,8227.0,8227.0,otimo_publicado,"[[0.03394203100106097, 12032.0], [0.046645320999232354, 9498.0], [0.04677222600003006, 9196.0], [0.11174777799897129, 8897.000000000002], [0.14626425900132745, 8632.999999999995], [0.14735552500133053, 8330.999999999995], [0.1560353809982189, 8227.0]]",0.157121885,0.157126363,1.0000285001672429,False,74.6,744.4296875,2,1.0,True,1.0,1.0,a6c89e67e1516fe42fe2,,,,,,,,,,,,,
holmberg_p17,holmberg,2.8021015761821366,20,50,hibrido:rotacao,8227.0,True,-1,0,30.0,29.960180479,0.0,8227.0,8227.0,otimo_publicado,"[[0.02737169399551931, 10634.0], [0.4908613449988479, 10187.0], [1.0529350409997278, 10187.0], [1.422767975996976, 10187.0], [1.442950202996144, 9848.000000000002], [1.994714586995542, 9711.0], [2.0184804149976117, 9626.0], [2.563201676995959, 9626.0], [2.595396215998335, 9498.0], [2.5955223479977576, 9196.0], [2.660764260996075, 8897.000000000002], [2.6951872699974047, 8632.999999999995], [2.6962771319958847, 8330.999999999995], [2.7050621209964447, 8227.0], [2.706054064001364, 8227.0]]",29.960180479,29.958709679,0.9999509081728987,False,75.0,781.24609375,3,,,,,a6c89e67e1516fe42fe2,2.7059285100003763,8227.0,1925.0,1925.0,4.0,"{""interior"": 482, ""fronteira"": 481, ""liberacao"": 481, ""regret"": 481, ""abertura"": 0}","{""interior"": 0, ""fronteira"": 0, ""liberacao"": 0, ""regret"": 0, ""abertura"": 0}",0.7284387749896268,26.189834693988814,0.0,1906.0,0.0,
holmberg_p17,holmberg,2.8021015761821366,20,50,hibrido:rotacao,8227.0,True,-1,1,30.0,29.952473055,0.0,8227.0,8227.0,otimo_publicado,"[[0.027311729994835332, 10634.0], [0.4905641769946669, 10187.0], [0.5885827809943294, 10187.0], [0.9630141939960595, 10187.0], [0.9833630709981662, 9848.000000000002], [1.561984408996068, 9626.0], [2.074449003994232, 9626.0], [2.106408585994359, 9498.0], [2.1065327679934853, 9196.0], [2.1716745519952383, 8897.000000000002], [2.206239505994745, 8632.999999999995], [2.207358612995449, 8330.999999999995], [2.2160711449942028, 8227.0], [2.2170881089987233, 8227.0]]",29.952473055,29.950890359,0.9999471597554869,False,75.0,812.24609375,2,,,,,a6c89e67e1516fe42fe2,2.216958856999554,8227.0,1993.0,1993.0,4.0,"{""interior"": 499, ""fronteira"": 498, ""liberacao"": 498, ""regret"": 498, ""abertura"": 0}","{""interior"": 0, ""fronteira"": 0, ""liberacao"": 0, ""regret"": 0, ""abertura"": 0}",0.7567845990051865,26.655481979058095,0.0,1974.0,0.0,
holmberg_p17,holmberg,2.8021015761821366,20,50,hibrido:rotacao,8227.0,True,-1,2,30.0,29.956769401,0.0,8227.0,8227.0,otimo_publicado,"[[0.027114644999528537, 10634.0], [0.4780719379996299, 10187.0], [0.5714996099995915, 10187.0], [0.9916146860014123, 10187.0], [1.0120322740003758, 9848.000000000002], [1.5886352070010616, 9626.0], [2.0489614899997832, 9626.0], [2.0806984459995874, 9498.0], [2.080826077999518, 9196.0], [2.1454983840012574, 8897.000000000002], [2.179957841999567, 8632.999999999995], [2.1810448149990407, 8330.999999999995], [2.189767251002195, 8227.0], [2.1909464430027583, 8227.0]]",29.956769401,29.955980733,0.9999736731291201,False,75.0,783.4375,3,,,,,a6c89e67e1516fe42fe2,2.190807017002953,8227.0,2038.0,2038.0,4.0,"{""interior"": 510, ""fronteira"": 510, ""liberacao"": 509, ""regret"": 509, ""abertura"": 0}","{""interior"": 0, ""fronteira"": 0, ""liberacao"": 0, ""regret"": 0, ""abertura"": 0}",0.7685936018970096,26.663659292789816,0.0,2019.0,0.0,
holmberg_p17,holmberg,2.8021015761821366,20,50,hibridopl:rotacao,8227.0,True,-1,0,30.0,29.959238121,0.0,8227.0,8227.0,otimo_publicado,"[[0.022472761000244645, 9022.0], [0.02731074300027103, 8249.000000000004], [0.03045528300208389, 8234.0], [0.03227946600236464, 8227.0], [0.04052392799712834, 8227.0], [0.06733860399617697, 8227.0], [0.1119371399981901, 8227.0], [0.15632732499943813, 8227.0]]",29.959238121,29.958093971,0.999961809776491,False,75.0,692.9765625,1,,,,,a6c89e67e1516fe42fe2,0.15620073299942305,8227.0,2122.0,2122.0,4.0,"{""interior"": 531, ""fronteira"": 531, ""liberacao"": 530, ""regret"": 530, ""abertura"": 0}","{""interior"": 0, ""fronteira"": 0, ""liberacao"": 0, ""regret"": 0, ""abertura"": 0}",0.813289665053162,28.640818081024918,0.0,2103.0,0.0,
holmberg_p17,holmberg,2.8021015761821366,20,50,hibridopl:rotacao,8227.0,True,-1,1,30.0,29.957193414,0.0,8227.0,8227.0,otimo_publicado,"[[0.021660967995558167, 9022.0], [0.02648734399554087, 8249.000000000004], [0.029679562994715525, 8234.000000000002], [0.031478431996220024, 8227.0], [0.03977404599572765, 8227.0], [0.06831912999768974, 8227.0], [0.1140498159948038, 8227.0], [0.15874615200300468, 8227.0]]",29.957193414,29.955244189,0.9999349329901148,False,75.0,716.46875,2,,,,,a6c89e67e1516fe42fe2,0.1586143450003874,8227.0,2142.0,2142.0,4.0,"{""interior"": 536, ""fronteira"": 536, ""liberacao"": 535, ""regret"": 535, ""abertura"": 0}","{""interior"": 0, ""fronteira"": 0, ""liberacao"": 0, ""regret"": 0, ""abertura"": 0}",0.8081814518300234,28.638721998868277,0.0,2123.0,0.0,
holmberg_p17,holmberg,2.8021015761821366,20,50,hibridopl:rotacao,8227.0,True,-1,2,30.0,30.057852689,0.05785268900000062,8227.0,8227.0,otimo_publicado,"[[0.022653246003756067, 9022.0], [0.027491557004395872, 8249.000000000004], [0.030600072004745016, 8234.000000000002], [0.03240539700345835, 8227.0], [0.040331667001737515, 8227.0], [0.06699961300182622, 8227.0], [0.11157528599869693, 8227.0], [0.15590773300209548, 8227.0]]",30.057852689,30.05662526,0.9999591644482159,False,75.0,692.9765625,1,,,,,a6c89e67e1516fe42fe2,0.15577693800150882,8227.0,2191.0,2191.0,4.0,"{""interior"": 548, ""fronteira"": 548, ""liberacao"": 548, ""regret"": 547, ""abertura"": 0}","{""interior"": 0, ""fronteira"": 0, ""liberacao"": 0, ""regret"": 0, ""abertura"": 0}",0.8324253439750464,28.715865779875458,0.0,2172.0,0.0,
holmberg_p17,holmberg,2.8021015761821366,20,50,kernel,8227.0,True,-1,0,30.0,0.111964273,0.0,8227.0,8227.0,otimo_publicado,"[[0.02525066000089282, 8657.0], [0.03182023600311368, 8625.000000000002], [0.0318999890005216, 8323.000000000002], [0.05221674600397819, 8227.0], [0.06759573200179148, 8227.0]]",0.111964273,0.11196832,1.00003614545865,False,73.3,781.24609375,3,2.0,,0.5,2.0,a6c89e67e1516fe42fe2,,,,,,,,,,,,,0.005961283000942785
holmberg_p18,holmberg,2.8021015761821366,20,50,adaptativa:gnn,7125.0,True,0,0,30.0,0.522353213,0.0,7125.0,7125.0,otimo_publicado,"[[0.027390146999096032, 9610.0], [0.033461516999523155, 9433.0], [0.27772785799606936, 9353.0], [0.2881625099980738, 9352.0], [0.3158115000005637, 9352.0], [0.4310067429978517, 9352.0], [0.44353279499773635, 9293.0], [0.45136061499943025, 8744.000000000002], [0.46195275399804814, 8710.0], [0.4702464349975344, 8665.0], [0.485606578997249, 8665.0], [0.5164801469982194, 7378.0], [0.5211324599986256, 7125.0]]",0.522353213,0.522348596,0.9999911611532483,False,74.8,1884.8515625,1,4.0,True,1.0,4.0,a6c89e67e1516fe42fe2,,,,,,,,,,,,,
holmberg_p18,holmberg,2.8021015761821366,20,50,adaptativa:pl,7125.0,True,-1,0,30.0,0.142434078,0.0,7125.0,7125.0,otimo_publicado,"[[0.023122667000279762, 9140.0], [0.03003542800070136, 8858.999999999998], [0.03248083800281165, 7994.0], [0.03507229300157633, 7938.0], [0.04299095999886049, 7938.0], [0.07110987299893168, 7938.0], [0.08353840799827594, 7888.0], [0.09057610499803559, 7152.0], [0.10723924999911105, 7152.0], [0.14125823699941975, 7125.0]]",0.142434078,0.142438651,1.0000321060806812,False,75.4,1293.8046875,2,4.0,True,1.0,4.0,a6c89e67e1516fe42fe2,,,,,,,,,,,,,
holmberg_p18,holmberg,2.8021015761821366,20,50,completo,7125.0,True,-1,0,30.0,0.187926109,0.0,7125.0,7125.0,otimo_publicado,"[[0.17006719699929818, 9180.0], [0.1819394039994222, 7378.0], [0.18664904899924295, 7125.0]]",0.187926109,0.187930833,1.0000251375395635,False,75.7,1408.98828125,3,1.0,True,1.0,1.0,a6c89e67e1516fe42fe2,,,,,,,,,,,,,
holmberg_p18,holmberg,2.8021015761821366,20,50,hibrido:rotacao,7125.0,True,-1,0,30.0,29.956342359,0.0,7125.0,7125.0,otimo_publicado,"[[0.030605852996814065, 9610.0], [0.0366846019969671, 9433.0], [0.2800905949989101, 9353.0], [0.2906905059971905, 9352.0], [0.3186024879978504, 9352.0], [0.4341261269983079, 9352.0], [0.4465414439982851, 9293.0], [0.4542404899984831, 8744.000000000002], [0.46466357999815955, 8710.0], [0.4728978949970042, 8665.0], [0.48850397700152826, 8665.0], [0.5192541690012149, 7378.0], [0.5239777740025602, 7125.0], [0.5251882289994683, 7125.0]]",29.956342359,29.955530945,0.9999729134488358,False,75.0,1884.8515625,1,,,,,a6c89e67e1516fe42fe2,0.5250597619997279,7125.0,2324.0,2324.0,4.0,"{""interior"": 581, ""fronteira"": 581, ""liberacao"": 581, ""regret"": 581, ""abertura"": 0}","{""interior"": 0, ""fronteira"": 0, ""liberacao"": 0, ""regret"": 0, ""abertura"": 0}",0.8417682678991696,28.205519953971816,0.0,2305.0,0.0,
holmberg_p18,holmberg,2.8021015761821366,20,50,hibrido:rotacao,7125.0,True,-1,1,30.0,29.95828409,0.0,7125.0,7125.0,otimo_publicado,"[[0.028046053994330578, 9610.0], [0.034168173995567486, 9433.0], [0.2762486369974795, 9353.0], [0.2864358549959434, 9352.0], [0.31427286399775767, 9352.0], [0.4297335769988422, 9352.0], [0.4421934199963289, 9293.0], [0.4499621519971697, 8744.000000000002], [0.4604567119968124, 8710.0], [0.46872234599868534, 8665.0], [0.4845966499997303, 8665.0], [0.5155184069990355, 7378.0], [0.5202386700002535, 7125.0], [0.5213917809996929, 7125.0]]",29.95828409,29.956185389,0.9999299458876317,False,75.3,1408.98828125,3,,,,,a6c89e67e1516fe42fe2,0.5212632170005236,7125.0,2320.0,2320.0,4.0,"{""interior"": 580, ""fronteira"": 580, ""liberacao"": 580, ""regret"": 580, ""abertura"": 0}","{""interior"": 0, ""fronteira"": 0, ""liberacao"": 0, ""regret"": 0, ""abertura"": 0}",0.8462944800121477,28.201437423933385,0.0,2301.0,0.0,
holmberg_p18,holmberg,2.8021015761821366,20,50,hibrido:rotacao,7125.0,True,-1,2,30.0,29.958372398,0.0,7125.0,7125.0,otimo_publicado,"[[0.029560562998085516, 9610.0], [0.03562284299914609, 9433.0], [0.26269271499768365, 9352.0], [0.30611679699723027, 9352.0], [0.40808166599526885, 9352.0], [0.42053568399569485, 9293.0], [0.42825255299612763, 8744.000000000002], [0.438679314996989, 8710.0], [0.44689970899707987, 8665.0], [0.4626944059964444, 8665.0], [0.4935501129984914, 7378.0], [0.49823200599712436, 7125.0], [0.49939044199709315, 7125.0]]",29.958372398,29.956384839,0.9999336559752448,False,75.3,1293.8046875,2,,,,,a6c89e67e1516fe42fe2,0.4992602309976064,7125.0,2377.0,2377.0,4.0,"{""interior"": 595, ""fronteira"": 594, ""liberacao"": 594, ""regret"": 594, ""abertura"": 0}","{""interior"": 0, ""fronteira"": 0, ""liberacao"": 0, ""regret"": 0, ""abertura"": 0}",0.8516926669581153,28.21411903594344,0.0,2358.0,0.0,
holmberg_p18,holmberg,2.8021015761821366,20,50,hibridopl:rotacao,7125.0,True,-1,0,30.0,29.957142306,0.0,7125.0,7125.0,otimo_publicado,"[[0.022050166000553872, 9140.0], [0.029007019998971373, 8858.999999999998], [0.03144215000065742, 7994.0], [0.03405309699883219, 7938.0], [0.042073242002516054, 7938.0], [0.07034144600038417, 7938.0], [0.08279806400241796, 7888.0], [0.08985710900014965, 7152.0], [0.10702859500452178, 7152.0], [0.14142026700210408, 7125.0], [0.14252410699918983, 7125.0]]",29.957142306,29.955643906,0.9999499818779544,False,75.0,1293.8046875,2,,,,,a6c89e67e1516fe42fe2,0.14239788099803263,7125.0,2370.0,2370.0,4.0,"{""interior"": 593, ""fronteira"": 593, ""liberacao"": 592, ""regret"": 592, ""abertura"": 0}","{""interior"": 0, ""fronteira"": 0, ""liberacao"": 0, ""regret"": 0, ""abertura"": 0}",0.8440182340928004,28.60020962996714,0.0,2351.0,0.0,
holmberg_p18,holmberg,2.8021015761821366,20,50,hibridopl:rotacao,7125.0,True,-1,1,30.0,29.956433846,0.0,7125.0,7125.0,otimo_publicado,"[[0.02265999400333385, 9140.0], [0.02963811400331906, 8858.999999999998], [0.03212705500482116, 7994.0], [0.0347026640047261, 7938.0], [0.04286041399973328, 7938.0], [0.0714306600020791, 7938.0], [0.08407715400244342, 7888.0], [0.09120157900179038, 7152.0], [0.10877840200191713, 7152.0], [0.14356714900350198, 7125.0], [0.14473343700592523, 7125.0]]",29.956433846,29.953783667,0.9999115322266454,False,75.3,1884.8515625,1,,,,,a6c89e67e1516fe42fe2,0.14460289100316004,7125.0,2353.0,2353.0,4.0,"{""interior"": 589, ""fronteira"": 588, ""liberacao"": 588, ""regret"": 588, ""abertura"": 0}","{""interior"": 0, ""fronteira"": 0, ""liberacao"": 0, ""regret"": 0, ""abertura"": 0}",0.8572432679065969,28.563647374910943,0.0,2334.0,0.0,
holmberg_p18,holmberg,2.8021015761821366,20,50,hibridopl:rotacao,7125.0,True,-1,2,30.0,29.963753725,0.0,7125.0,7125.0,otimo_publicado,"[[0.021155040001758607, 9140.0], [0.028164749001007294, 8858.999999999998], [0.030653534002340166, 7994.0], [0.03325999500157195, 7938.0], [0.041205931000149576, 7938.0], [0.07127934399977676, 7938.0], [0.08397363499898347, 7888.0], [0.09116388400070718, 7152.0], [0.10869752500002505, 7152.0], [0.14342242999919108, 7125.0], [0.1445034719981777, 7125.0]]",29.963753725,29.963114318,0.9999786606509362,False,75.0,1408.98828125,3,,,,,a6c89e67e1516fe42fe2,0.1443739979986276,7125.0,2402.0,2402.0,4.0,"{""interior"": 601, ""fronteira"": 601, ""liberacao"": 600, ""regret"": 600, ""abertura"": 0}","{""interior"": 0, ""fronteira"": 0, ""liberacao"": 0, ""regret"": 0, ""abertura"": 0}",0.8669467280124081,28.56207894000545,0.0,2383.0,0.0,
holmberg_p18,holmberg,2.8021015761821366,20,50,kernel,7125.0,True,-1,0,30.0,0.104465576,0.0,7125.0,7125.0,otimo_publicado,"[[0.023298755997529952, 7302.0], [0.0288048689981224, 7152.0], [0.04415839099601726, 7152.0], [0.08405982299882453, 7152.0], [0.10377138499825378, 7125.0]]",0.104465576,0.104470504,1.0000471734344336,False,75.6,1293.8046875,2,3.0,,0.5,3.0,a6c89e67e1516fe42fe2,,,,,,,,,,,,,0.0054232689981290605
holmberg_p19,holmberg,2.8021015761821366,20,50,adaptativa:gnn,8886.0,True,0,0,30.0,6.068994238,0.0,8886.0,8886.0,otimo_publicado,"[[0.029250528001284692, 11410.0], [0.6302613330008171, 10952.0], [1.7764986340007454, 10952.0], [3.7353305100004945, 10952.0], [3.755859800003236, 10735.0], [4.565761949001171, 10576.0], [4.605098609001288, 10330.0], [5.602854807002586, 10330.0], [5.634533576001559, 10109.000000000007], [5.63466186700316, 9609.000000000007], [5.649655161003466, 9364.000000000004], [5.716314619003242, 9232.999999999998], [6.026551939001365, 8886.0]]",6.068994238,6.068710613,0.9999532665563885,False,75.0,1436.55078125,2,4.0,True,1.0,4.0,a6c89e67e1516fe42fe2,,,,,,,,,,,,,
holmberg_p19,holmberg,2.8021015761821366,20,50,adaptativa:pl,8886.0,True,-1,0,30.0,0.222335898,0.0,8886.0,8886.0,otimo_publicado,"[[0.02280287899702671, 9602.0], [0.027973324995400617, 9531.0], [0.03291148299831548, 9000.0], [0.03756402699582395, 8934.0], [0.04798296099761501, 8934.0], [0.07581056899653049, 8934.0], [0.11790447699604556, 8913.0], [0.13640377699994133, 8913.0], [0.22097218300041277, 8886.0]]",0.222335898,0.222340817,1.0000221241825735,False,74.4,1436.55078125,2,4.0,True,1.0,4.0,a6c89e67e1516fe42fe2,,,,,,,,,,,,,
holmberg_p19,holmberg,2.8021015761821366,20,50,completo,8886.0,True,-1,0,30.0,0.492726153,0.0,8886.0,8886.0,otimo_publicado,"[[0.034012624997558305, 13180.0], [0.047209932999976445, 10109.000000000007], [0.047336097999505, 9609.000000000007], [0.062484541998856, 9364.000000000004], [0.13000685399674694, 9232.999999999998], [0.4407558379971306, 8886.0]]",0.492726153,0.492689989,0.9999266042612518,False,75.3,1436.55078125,2,1.0,True,1.0,1.0,a6c89e67e1516fe42fe2,,,,,,,,,,,,,
holmberg_p19,holmberg,2.8021015761821366,20,50,hibrido:rotacao,8886.0,True,-1,0,30.0,29.957314353,0.0,8886.0,8886.0,otimo_publicado,"[[0.028584232997673098, 11410.0], [0.6252461179974489, 10952.0], [1.773214206998091, 10952.0], [3.729587343001185, 10952.0], [3.7500602470026934, 10735.0], [4.560074953002186, 10576.0], [4.5993479330027185, 10330.0], [5.5961055259977, 10330.0], [5.627971163998154, 10109.000000000007], [5.628098867997323, 9609.000000000007], [5.643070634996548, 9364.000000000004], [5.709986083998956, 9232.999999999998], [6.021383677998529, 8886.0], [6.063787825001782, 8886.0]]",29.957314353,29.955969715,0.9999551148683038,False,75.3,1449.12890625,3,,,,,a6c89e67e1516fe42fe2,6.06365785700109,8886.0,1694.0,1694.0,4.0,"{""interior"": 424, ""fronteira"": 424, ""liberacao"": 423, ""regret"": 423, ""abertura"": 0}","{""interior"": 0, ""fronteira"": 0, ""liberacao"": 0, ""regret"": 0, ""abertura"": 0}",0.6212528810065123,22.965505943979224,0.0,1675.0,0.0,
holmberg_p19,holmberg,2.8021015761821366,20,50,hibrido:rotacao,8886.0,True,-1,1,30.0,29.951303709,0.0,8886.0,8886.0,otimo_publicado,"[[0.029334364000533242, 11410.0], [0.627613315002236, 11042.0], [0.6484292630011623, 10971.0], [0.6546269970021967, 10962.0], [0.9836985470028594, 10952.0], [1.4576856040002895, 10952.0], [2.1948482719999447, 10952.0], [2.2153044449987647, 10735.0], [3.026547813999059, 10576.0], [3.0655380059979507, 10330.0], [4.321348525001667, 10330.0], [4.353842069998791, 10109.000000000007], [4.3539673209998, 9609.000000000007], [4.369263961001707, 9364.000000000004], [4.436686655000813, 9249.999999999998], [4.43731470000057, 9232.999999999998], [4.725504293000995, 8886.0], [4.771095115000207, 8886.0]]",29.951303709,29.948894254,0.9999195542530165,False,75.3,1901.265625,1,,,,,a6c89e67e1516fe42fe2,4.770967338998162,8886.0,1807.0,1807.0,4.0,"{""interior"": 452, ""fronteira"": 452, ""liberacao"": 452, ""regret"": 451, ""abertura"": 0}","{""interior"": 0, ""fronteira"": 0, ""liberacao"": 0, ""regret"": 0, ""abertura"": 0}",0.6572818550339434,24.212422502962,0.0,1788.0,0.0,
holmberg_p19,holmberg,2.8021015761821366,20,50,hibrido:rotacao,8886.0,True,-1,2,30.0,29.954612146,0.0,8886.0,8886.0,otimo_publicado,"[[0.028721902002871502, 11410.0], [0.6270364060037537, 10952.0], [1.42040998700395, 10952.0], [2.222535670007346, 10952.0], [2.2429919360074564, 10735.0], [3.107504458006588, 10330.0], [4.405840280003758, 10330.0], [4.437838728001225, 10109.000000000007], [4.437966106001113, 9609.000000000007], [4.453113818002748, 9364.000000000004], [4.520626548001019, 9232.999999999998], [4.806938921003166, 8886.0], [4.860370682999928, 8886.0]]",29.954612146,29.953119344,0.999950164535841,False,75.0,1436.55078125,2,,,,,a6c89e67e1516fe42fe2,4.860236144999362,8886.0,1846.0,1846.0,4.0,"{""interior"": 462, ""fronteira"": 462, ""liberacao"": 461, ""regret"": 461, ""abertura"": 0}","{""interior"": 0, ""fronteira"": 0, ""liberacao"": 0, ""regret"": 0, ""abertura"": 0}",0.6605280000112543,24.108415739981865,0.0,1827.0,0.0,
holmberg_p19,holmberg,2.8021015761821366,20,50,hibridopl:rotacao,8886.0,True,-1,0,30.0,29.951361951,0.0,8886.0,8886.0,otimo_publicado,"[[0.02376314999855822, 9602.0], [0.028906757001095684, 9531.0], [0.03382774299825542, 9000.0], [0.038506831999256974, 8934.0], [0.0467074269981822, 8934.0], [0.07599863499854109, 8934.0], [0.11810634299763478, 8913.0], [0.26920548400084954, 8913.0], [0.35436524000033387, 8886.0], [0.3555633329960983, 8886.0]]",29.951361951,29.950186094,0.9999607411174849,False,75.0,1901.265625,1,,,,,a6c89e67e1516fe42fe2,0.35543936699832557,8886.0,2123.0,2123.0,4.0,"{""interior"": 531, ""fronteira"": 531, ""liberacao"": 531, ""regret"": 530, ""abertura"": 0}","{""interior"": 0, ""fronteira"": 0, ""liberacao"": 0, ""regret"": 0, ""abertura"": 0}",0.769227219025197,28.459817046827084,0.0,2104.0,0.0,
holmberg_p19,holmberg,2.8021015761821366,20,50,hibridopl:rotacao,8886.0,True,-1,1,30.0,29.955450918,0.0,8886.0,8886.0,otimo_publicado,"[[0.02375854499769048, 9602.0], [0.028910383996844757, 9531.0], [0.033890527996845776, 9000.0], [0.03859349599588313, 8934.0], [0.04702114499741583, 8934.0], [0.07704399800059036, 8934.0], [0.11932851700112224, 8913.0], [0.1349672840005951, 8913.0], [0.21923083399815368, 8886.0], [0.22050330099955318, 8886.0]]",29.955450918,29.954838173,0.9999795447913077,False,75.0,1449.12890625,3,,,,,a6c89e67e1516fe42fe2,0.2203738339994743,8886.0,2138.0,2138.0,4.0,"{""interior"": 535, ""fronteira"": 535, ""liberacao"": 534, ""regret"": 534, ""abertura"": 0}","{""interior"": 0, ""fronteira"": 0, ""liberacao"": 0, ""regret"": 0, ""abertura"": 0}",0.7753036520189198,28.601492322035483,0.0,2119.0,0.0,
holmberg_p19,holmberg,2.8021015761821366,20,50,hibridopl:rotacao,8886.0,True,-1,2,30.0,29.959831224,0.0,8886.0,8886.0,otimo_publicado,"[[0.02248323499588878, 9602.0], [0.027592258997174213, 9531.0], [0.032508130996575346, 9000.0], [0.0371427349964506, 8934.0], [0.04687881599966204, 8934.0], [0.0741081740015943, 8934.0], [0.1160197999997763, 8913.0], [0.1334167239983799, 8913.0], [0.2172535869976855, 8886.0], [0.21843144900049083, 8886.0]]",29.959831224,29.956966518,0.9999043817710928,False,75.3,1436.55078125,2,,,,,a6c89e67e1516fe42fe2,0.218301564000285,8886.0,2193.0,2193.0,4.0,"{""interior"": 549, ""fronteira"": 548, ""liberacao"": 548, ""regret"": 548, ""abertura"": 0}","{""interior"": 0, ""fronteira"": 0, ""liberacao"": 0, ""regret"": 0, ""abertura"": 0}",0.7965282519835455,28.574751596981514,0.0,2174.0,0.0,
holmberg_p19,holmberg,2.8021015761821366,20,50,kernel,8886.0,True,-1,0,30.0,0.205495861,0.0,8886.0,8886.0,otimo_publicado,"[[0.024125796004227595, 9233.0], [0.03955416300232173, 9092.999999999995], [0.06110099900251953, 8913.0], [0.07693692800603458, 8913.0], [0.15432388000408537, 8886.0], [0.16548533600507653, 8886.0]]",0.205495861,0.205501068,1.0000253387098634,False,74.7,1436.55078125,2,3.0,,0.5,3.0,a6c89e67e1516fe42fe2,,,,,,,,,,,,,0.007043896002869587
holmberg_p2,holmberg,1.7396978021978022,10,50,adaptativa:gnn,7913.0,True,0,0,30.0,0.374394428,0.0,7913.0,7913.0,otimo_publicado,"[[0.019661073001771, 14999.0], [0.026003486000263365, 13927.0], [0.08133454000198981, 13729.999999999998], [0.1475077830000373, 13588.0], [0.18426043300132733, 13588.0], [0.25820024799759267, 13588.0], [0.3430698329975712, 13588.0], [0.3533310819984763, 8126.0], [0.363573839997116, 7955.0], [0.369247919999907, 7938.999999999999], [0.3734647089986538, 7913.0]]",0.374394428,0.374377782,0.9999555388682226,False,75.2,1884.8515625,1,4.0,True,1.0,4.0,a6c89e67e1516fe42fe2,,,,,,,,,,,,,
holmberg_p2,holmberg,1.7396978021978022,10,50,adaptativa:pl,7913.0,True,-1,0,30.0,0.118193039,0.0,7913.0,7913.0,otimo_publicado,"[[0.01725262699619634, 8461.0], [0.023549658995762, 7913.999999999999], [0.03643470799579518, 7914.0], [0.06439799899453647, 7914.0], [0.09018287899743882, 7914.0], [0.11467131099561811, 7913.0]]",0.118193039,0.118196997,1.0000334875897388,False,75.0,1408.98828125,3,4.0,True,1.0,4.0,a6c89e67e1516fe42fe2,,,,,,,,,,,,,
holmberg_p2,holmberg,1.7396978021978022,10,50,completo,7913.0,True,-1,0,30.0,0.041603066,0.0,7913.0,7913.0,otimo_publicado,"[[0.020850218999839853, 8126.0], [0.030990707000455586, 7955.0], [0.036644982999860076, 7938.999999999999], [0.04079157299929648, 7913.0]]",0.041603066,0.041607103,1.0000970361174824,False,75.0,1408.98828125,3,1.0,True,1.0,1.0,a6c89e67e1516fe42fe2,,,,,,,,,,,,,
holmberg_p2,holmberg,1.7396978021978022,10,50,hibrido:rotacao,7913.0,True,-1,0,30.0,29.955761792,0.0,7913.0,7913.0,otimo_publicado,"[[0.01934230599727016, 14999.0], [0.025733946997206658, 13927.0], [0.08113474799756659, 13729.999999999998], [0.1471287519998441, 13588.0], [0.18360006299917586, 13588.0], [0.2629587650008034, 13588.0], [0.3396460779986228, 13588.0], [0.34981017999962205, 8126.0], [0.3599356849990727, 7955.0], [0.3656170079993899, 7938.999999999999], [0.3697410159984429, 7913.0], [0.37055827799849794, 7913.0]]",29.955761792,29.954266704,0.9999500901359016,False,75.0,1294.8046875,2,,,,,a6c89e67e1516fe42fe2,0.37043374700078857,7913.0,2520.0,2520.0,4.0,"{""interior"": 630, ""fronteira"": 630, ""liberacao"": 630, ""regret"": 630, ""abertura"": 0}","{""interior"": 0, ""fronteira"": 0, ""liberacao"": 0, ""regret"": 0, ""abertura"": 0}",0.888419168873952,28.28876229904199,0.0,2501.0,0.0,
holmberg_p2,holmberg,1.7396978021978022,10,50,hibrido:rotacao,7913.0,True,-1,1,30.0,29.952771738,0.0,7913.0,7913.0,otimo_publicado,"[[0.019067787001404213, 14999.0], [0.02542187300059595, 13927.0], [0.0809575710009085, 13729.999999999998], [0.14621860800252762, 13588.0], [0.18275748599990038, 13588.0], [0.2566022650025843, 13588.0], [0.34069746600289363, 13588.0], [0.35098701900278684, 8126.0], [0.3612175660018693, 7955.0], [0.3732500500009337, 7913.0], [0.3740338099996734, 7913.0]]",29.952771738,29.951346646,0.9999524220325096,False,75.0,1293.8046875,2,,,,,a6c89e67e1516fe42fe2,0.3739002670008631,7913.0,2576.0,2576.0,4.0,"{""interior"": 644, ""fronteira"": 644, ""liberacao"": 644, ""regret"": 644, ""abertura"": 0}","{""interior"": 0, ""fronteira"": 0, ""liberacao"": 0, ""regret"": 0, ""abertura"": 0}",0.8927041229217139,28.278807083013817,0.0,2557.0,0.0,
holmberg_p2,holmberg,1.7396978021978022,10,50,hibrido:rotacao,7913.0,True,-1,2,30.0,29.963953784,0.0,7913.0,7913.0,otimo_publicado,"[[0.01909280600011698, 14999.0], [0.025487152001005597, 13927.0], [0.08110122700236388, 13729.999999999998], [0.14703822700175806, 13588.0], [0.18533133100208943, 13588.0], [0.25956154500090634, 13588.0], [0.34455460800018045, 13588.0], [0.3550198279990582, 8126.0], [0.3653663699988101, 7955.0], [0.37761474099897896, 7913.0], [0.37847703299848945, 7913.0]]",29.963953784,29.963332187,0.999979255174251,False,75.0,1408.98828125,3,,,,,a6c89e67e1516fe42fe2,0.37834198999917135,7913.0,2558.0,2558.0,4.0,"{""interior"": 640, ""fronteira"": 640, ""liberacao"": 639, ""regret"": 639, ""abertura"": 0}","{""interior"": 0, ""fronteira"": 0, ""liberacao"": 0, ""regret"": 0, ""abertura"": 0}",0.9091174498898908,28.245451240985858,0.0,2539.0,0.0,
holmberg_p2,holmberg,1.7396978021978022,10,50,hibridopl:rotacao,7913.0,True,-1,0,30.0,29.951625705,0.0,7913.0,7913.0,otimo_publicado,"[[0.01796571199884056, 8461.0], [0.024286894000397297, 7913.999999999999], [0.0370419770006265, 7914.0], [0.06138363199715968, 7914.0], [0.09008188799998607, 7914.0], [0.11443158299880452, 7913.0], [0.11783283199838479, 7913.0]]",29.951625705,29.950522944,0.9999631819317302,False,75.0,1884.8515625,1,,,,,a6c89e67e1516fe42fe2,0.11770309900020948,7913.0,2543.0,2543.0,4.0,"{""interior"": 636, ""fronteira"": 636, ""liberacao"": 636, ""regret"": 635, ""abertura"": 0}","{""interior"": 0, ""fronteira"": 0, ""liberacao"": 0, ""regret"": 0, ""abertura"": 0}",0.8889350000135892,28.548307260047295,0.0,2524.0,0.0,
holmberg_p2,holmberg,1.7396978021978022,10,50,hibridopl:rotacao,7913.0,True,-1,1,30.0,29.955297451,0.0,7913.0,7913.0,otimo_publicado,"[[0.017701766006211983, 8461.0], [0.023964888005139073, 7913.999999999999], [0.036765544002264505, 7914.0], [0.06526214300174615, 7914.0], [0.09126456800004235, 7914.0], [0.11562979000154883, 7913.0], [0.11909012499745586, 7913.0]]",29.955297451,29.954161825,0.9999620893098505,False,75.0,1884.8515625,1,,,,,a6c89e67e1516fe42fe2,0.11896180099938647,7913.0,2576.0,2576.0,4.0,"{""interior"": 644, ""fronteira"": 644, ""liberacao"": 644, ""regret"": 644, ""abertura"": 0}","{""interior"": 0, ""fronteira"": 0, ""liberacao"": 0, ""regret"": 0, ""abertura"": 0}",0.9117917079856852,28.49835509886543,0.0,2557.0,0.0,
holmberg_p2,holmberg,1.7396978021978022,10,50,hibridopl:rotacao,7913.0,True,-1,2,30.0,29.950472895,0.0,7913.0,7913.0,otimo_publicado,"[[0.017081448997487314, 8461.0], [0.023332231998210773, 7913.999999999999], [0.03814764799608383, 7914.0], [0.06227397499606013, 7914.0], [0.08767588999398868, 7914.0], [0.11184221199437161, 7913.0], [0.11521683299724828, 7913.0]]",29.950472895,29.949859991,0.999979536082714,False,75.0,1408.98828125,3,,,,,a6c89e67e1516fe42fe2,0.11509009799920022,7913.0,2590.0,2590.0,4.0,"{""interior"": 648, ""fronteira"": 648, ""liberacao"": 647, ""regret"": 647, ""abertura"": 0}","{""interior"": 0, ""fronteira"": 0, ""liberacao"": 0, ""regret"": 0, ""abertura"": 0}",0.915474814013578,28.49474648312389,0.0,2571.0,0.0,
holmberg_p2,holmberg,1.7396978021978022,10,50,kernel,7913.0,True,-1,0,30.0,0.075691739,0.0,7913.0,7913.0,otimo_publicado,"[[0.01854878800077131, 8341.0], [0.027953353001066716, 8162.0], [0.031742261999170296, 8020.000000000001], [0.03337814100086689, 7964.0], [0.03662270800123224, 7913.0], [0.04797286700340919, 7913.0]]",0.075691739,0.075696185,1.000058738246191,False,74.2,1884.8515625,1,2.0,,0.8,2.0,a6c89e67e1516fe42fe2,,,,,,,,,,,,,0.0030002710009284783
holmberg_p20,holmberg,2.8021015761821366,20,50,adaptativa:gnn,10486.0,True,0,0,30.0,8.30029644,0.0,10486.0,10486.0,otimo_publicado,"[[0.031087725998077076, 13210.0], [0.18107034800050315, 13046.999999999996], [0.19961806299397722, 12792.0], [0.326844319999509, 12773.0], [0.43961997099540895, 12552.0], [0.5185060950025218, 12552.0], [1.764206097999704, 12552.0], [3.2413004560003174, 12178.0], [4.54931849699642, 12013.0], [6.556708137999522, 11995.0], [6.59178232299746, 11930.0], [6.6462447219964815, 11930.0], [6.995724648993928, 11725.000000000007], [8.180766067998775, 10486.0]]",8.30029644,8.300138775,0.9999810048952902,False,75.0,1493.08984375,3,16.0,True,1.0,4.0,a6c89e67e1516fe42fe2,,,,,,,,,,,,,
holmberg_p20,holmberg,2.8021015761821366,20,50,adaptativa:pl,10486.0,True,-1,0,30.0,0.505697823,0.0,10486.0,10486.0,otimo_publicado,"[[0.02565926299575949, 10789.0], [0.03152325599512551, 10678.999999999996], [0.045359494994045235, 10513.999999999998], [0.05576755900256103, 10514.0], [0.09927447500376729, 10514.0], [0.17290014200261794, 10514.0], [0.469126870004402, 10487.0], [0.48052382500463864, 10486.0]]",0.505697823,0.505641575,0.9998887715203789,False,75.0,1901.265625,1,4.0,True,1.0,4.0,a6c89e67e1516fe42fe2,,,,,,,,,,,,,
holmberg_p20,holmberg,2.8021015761821366,20,50,completo,10486.0,True,-1,0,30.0,1.703458625,0.0,10486.0,10486.0,otimo_publicado,"[[0.03437980599846924, 17180.0], [0.04880138100270415, 12818.0], [0.08360388399887597, 11960.000000000004], [0.3742825860026642, 11725.000000000007], [1.585173234998365, 10486.0]]",1.703458625,1.703412235,0.999972767169499,False,74.9,1901.265625,1,1.0,True,1.0,1.0,a6c89e67e1516fe42fe2,,,,,,,,,,,,,
holmberg_p20,holmberg,2.8021015761821366,20,50,hibrido:rotacao,10486.0,True,-1,0,30.0,29.950999498,0.0,10486.0,10486.0,otimo_publicado,"[[0.034109942003851756, 13210.0], [0.18428155300352955, 13046.999999999996], [0.202794974000426, 12792.0], [0.32986758700280916, 12773.0], [0.44242224100162275, 12552.0], [0.5208547360016382, 12552.0], [1.7698911340048653, 12552.0], [3.2461660629996913, 12178.0], [4.553627099005098, 12013.0], [4.931917681002233, 12013.0], [5.000286504007818, 11960.000000000004], [5.2850436010048725, 11725.000000000007], [6.4754265080046025, 10486.0], [6.594834481998987, 10486.0]]",29.950999498,29.946619446,0.9998537594045804,False,75.3,1901.265625,1,,,,,a6c89e67e1516fe42fe2,6.594705406001594,10486.0,1643.0,1643.0,4.0,"{""interior"": 411, ""fronteira"": 411, ""liberacao"": 411, ""regret"": 410, ""abertura"": 0}","{""interior"": 0, ""fronteira"": 0, ""liberacao"": 0, ""regret"": 0, ""abertura"": 0}",0.6063799230469158,22.465246310006478,0.0,1624.0,0.0,
holmberg_p20,holmberg,2.8021015761821366,20,50,hibrido:rotacao,10486.0,True,-1,1,30.0,29.966114304,0.0,10486.0,10486.0,otimo_publicado,"[[0.03118071099743247, 13210.0], [0.18205674699129304, 13046.999999999996], [0.2006454659931478, 12792.0], [0.32862647299771197, 12773.0], [0.4387491919915192, 12764.0], [0.441939698997885, 12635.0], [0.4642529229968204, 12606.0], [0.9287503489977098, 12552.0], [1.2119248189992504, 12552.0], [2.3724940859974595, 12552.0], [3.9108075379990623, 12178.0], [5.3797313350005425, 12178.0], [5.447448612998414, 11960.000000000004], [5.730131787997379, 11725.000000000007], [6.80771086999448, 10486.0], [6.929947832002654, 10486.0]]",29.966114304,29.963526395,0.99991363881971,False,75.3,1493.08984375,3,,,,,a6c89e67e1516fe42fe2,6.9298118200022145,10486.0,1610.0,1610.0,4.0,"{""interior"": 403, ""fronteira"": 403, ""liberacao"": 402, ""regret"": 402, ""abertura"": 0}","{""interior"": 0, ""fronteira"": 0, ""liberacao"": 0, ""regret"": 0, ""abertura"": 0}",0.6028400570066879,22.146916741825407,0.0,1591.0,0.0,
holmberg_p20,holmberg,2.8021015761821366,20,50,hibrido:rotacao,10486.0,True,-1,2,30.0,29.951375345,0.0,10486.0,10486.0,otimo_publicado,"[[0.03069330399739556, 13210.0], [0.18175523600075394, 13046.999999999996], [0.20030942999437684, 12792.0], [0.3268473369971616, 12710.0], [0.43493781199504156, 12552.0], [0.9405597769946326, 12552.0], [2.1869983859869535, 12552.0], [3.3029648039882886, 12013.0], [5.259982937990571, 12013.0], [5.3274040009928285, 11960.000000000004], [5.6093704989907565, 11725.000000000007], [6.688352721990668, 10513.0], [6.729126969992649, 10486.0], [7.028349622996757, 10486.0]]",29.951375345,29.94582155,0.9998145729557982,False,75.3,1436.56640625,2,,,,,a6c89e67e1516fe42fe2,7.028220192994922,10486.0,1658.0,1658.0,6.0,"{""interior"": 415, ""fronteira"": 415, ""liberacao"": 414, ""regret"": 414, ""abertura"": 0}","{""interior"": 0, ""fronteira"": 0, ""liberacao"": 0, ""regret"": 0, ""abertura"": 0}",0.6080905030539725,22.017088373118895,0.0,1639.0,0.0,
holmberg_p20,holmberg,2.8021015761821366,20,50,hibridopl:rotacao,10486.0,True,-1,0,30.0,29.953143235,0.0,10486.0,10486.0,otimo_publicado,"[[0.024706413998501375, 10789.0], [0.030556707999494392, 10678.999999999996], [0.044528260004881304, 10513.999999999998], [0.05515565400128253, 10514.0], [0.10131327099952614, 10514.0], [0.3192509560030885, 10514.0], [0.6181855050017475, 10487.0], [0.6298964590023388, 10486.0], [0.6556507760033128, 10486.0]]",29.953143235,29.951706406,0.9999520307772467,False,75.0,1436.56640625,2,,,,,a6c89e67e1516fe42fe2,0.65551758500078,10486.0,2075.0,2075.0,4.0,"{""interior"": 519, ""fronteira"": 519, ""liberacao"": 519, ""regret"": 518, ""abertura"": 0}","{""interior"": 0, ""fronteira"": 0, ""liberacao"": 0, ""regret"": 0, ""abertura"": 0}",0.76634758918226,28.173935834878648,0.0,2056.0,0.0,
holmberg_p20,holmberg,2.8021015761821366,20,50,hibridopl:rotacao,10486.0,True,-1,1,30.0,29.959026357,0.0,10486.0,10486.0,otimo_publicado,"[[0.024853146998793818, 10789.0], [0.030726364995643962, 10678.999999999996], [0.04457285299577052, 10513.999999999998], [0.0574434910013224, 10514.0], [0.09830413999588927, 10514.0], [0.17453955599921755, 10514.0], [0.4681431220014929, 10486.0], [0.5172553530064761, 10486.0]]",29.959026357,29.957844782,0.9999605603003943,False,75.0,1901.265625,1,,,,,a6c89e67e1516fe42fe2,0.5171221650016378,10486.0,2077.0,2077.0,4.0,"{""interior"": 520, ""fronteira"": 519, ""liberacao"": 519, ""regret"": 519, ""abertura"": 0}","{""interior"": 0, ""fronteira"": 0, ""liberacao"": 0, ""regret"": 0, ""abertura"": 0}",0.7799080740951467,28.29116067198629,0.0,2058.0,0.0,
holmberg_p20,holmberg,2.8021015761821366,20,50,hibridopl:rotacao,10486.0,True,-1,2,30.0,29.962246366,0.0,10486.0,10486.0,otimo_publicado,"[[0.024877493000531103, 10789.0], [0.030770635996304918, 10678.999999999996], [0.04479728900332702, 10513.999999999998], [0.05567113000142854, 10514.0], [0.10146888199960813, 10514.0], [0.17671513999812305, 10514.0], [0.47595646000263514, 10513.0], [0.4787160120031331, 10487.0], [0.4906863610012806, 10486.0], [0.5402155319970916, 10486.0]]",29.962246366,29.96156373,0.9999772167950406,False,75.0,1493.08984375,3,,,,,a6c89e67e1516fe42fe2,0.5400828889978584,10486.0,2113.0,2113.0,4.0,"{""interior"": 529, ""fronteira"": 528, ""liberacao"": 528, ""regret"": 528, ""abertura"": 0}","{""interior"": 0, ""fronteira"": 0, ""liberacao"": 0, ""regret"": 0, ""abertura"": 0}",0.7985533211103757,28.246756271058985,0.0,2094.0,0.0,
holmberg_p20,holmberg,2.8021015761821366,20,50,kernel,10486.0,True,-1,0,30.0,0.62194327,0.0,10486.0,10486.0,otimo_publicado,"[[0.16798943600588245, 11247.0], [0.1746567680092994, 11080.0], [0.31413289100601105, 10514.0], [0.3287937460045214, 10514.0], [0.4878927400059183, 10513.0], [0.4984658260073047, 10513.0], [0.6209844710101606, 10486.0]]",0.62194327,0.621947791,1.0000072691517348,False,75.5,1901.265625,1,3.0,,0.55,3.0,a6c89e67e1516fe42fe2,,,,,,,,,,,,,0.008719618002942298
holmberg_p21,holmberg,3.502626970227671,20,50,adaptativa:gnn,8068.0,True,0,0,30.0,0.30229491,0.0,8068.0,8068.0,otimo_publicado,"[[0.02580112800205825, 10458.0], [0.03172313600225607, 10413.999999999998], [0.03447191300074337, 10328.999999999998], [0.03746260700063431, 10216.0], [0.048819821000506636, 10216.0], [0.0652200120021007, 9809.999999999996], [0.07091093000053661, 9670.0], [0.08193668000239995, 9670.0], [0.10623554600169882, 9236.0], [0.26551815700076986, 9236.0], [0.29828343500048504, 8068.0]]",0.30229491,0.302115005,0.9994048692384533,False,75.2,717.25390625,1,4.0,True,1.0,4.0,a6c89e67e1516fe42fe2,,,,,,,,,,,,,
holmberg_p21,holmberg,3.502626970227671,20,50,adaptativa:pl,8068.0,True,-1,0,30.0,0.137338813,0.0,8068.0,8068.0,otimo_publicado,"[[0.023874099999375176, 8168.0], [0.029396019999694545, 8068.0], [0.038698781998391496, 8068.0], [0.06524075099878246, 8068.0], [0.10207780499695218, 8068.0]]",0.137338813,0.137185378,0.9988827994312139,False,75.9,692.9765625,1,4.0,True,1.0,4.0,a6c89e67e1516fe42fe2,,,,,,,,,,,,,
holmberg_p21,holmberg,3.502626970227671,20,50,completo,8068.0,True,-1,0,30.0,0.050310293,0.0,8068.0,8068.0,otimo_publicado,"[[0.033827576000476256, 12032.0], [0.04649595500086434, 8068.0]]",0.050310293,0.050313982,1.000073324955591,False,75.0,812.24609375,2,1.0,True,1.0,1.0,a6c89e67e1516fe42fe2,,,,,,,,,,,,,
holmberg_p21,holmberg,3.502626970227671,20,50,hibrido:rotacao,8068.0,True,-1,0,30.0,29.96154152,0.0,8068.0,8068.0,otimo_publicado,"[[0.0293409910009359, 10458.0], [0.03531104400099139, 10413.999999999998], [0.038006481001502834, 10328.999999999998], [0.041009239001141395, 10216.0], [0.04993216000002576, 10216.0], [0.06592936400193139, 9809.999999999996], [0.07154981300118379, 9670.0], [0.08477475700419745, 9670.0], [0.10881480500393081, 9236.0], [0.1267175800021505, 9236.0], [0.16146733999994467, 8068.0], [0.16548239099938655, 8068.0]]",29.96154152,29.960187848,0.9999548196811203,False,75.1,717.25390625,1,,,,,a6c89e67e1516fe42fe2,0.16534977999981493,8068.0,2263.0,2263.0,4.0,"{""interior"": 566, ""fronteira"": 566, ""liberacao"": 566, ""regret"": 565, ""abertura"": 0}","{""interior"": 0, ""fronteira"": 0, ""liberacao"": 0, ""regret"": 0, ""abertura"": 0}",0.8815071050121333,28.536818477925408,0.0,2244.0,0.0,
holmberg_p21,holmberg,3.502626970227671,20,50,hibrido:rotacao,8068.0,True,-1,1,30.0,29.952100072,0.0,8068.0,8068.0,otimo_publicado,"[[0.025936841004295275, 10458.0], [0.0319154620046902, 10413.999999999998], [0.03462685200429405, 10328.999999999998], [0.03760802500255522, 10216.0], [0.048759612000139896, 10216.0], [0.06488947099933284, 9809.999999999996], [0.0705721939993964, 9670.0], [0.08145990699995309, 9670.0], [0.10573012300301343, 9236.0], [0.1237944070053345, 9236.0], [0.1562014760056627, 8068.0], [0.1599235130015586, 8068.0]]",29.952100072,29.950637159,0.9999511582494555,False,75.1,783.4375,3,,,,,a6c89e67e1516fe42fe2,0.15979647100175498,8068.0,2248.0,2248.0,4.0,"{""interior"": 562, ""fronteira"": 562, ""liberacao"": 562, ""regret"": 562, ""abertura"": 0}","{""interior"": 0, ""fronteira"": 0, ""liberacao"": 0, ""regret"": 0, ""abertura"": 0}",0.8709803829733573,28.527721409005608,0.0,2229.0,0.0,
holmberg_p21,holmberg,3.502626970227671,20,50,hibrido:rotacao,8068.0,True,-1,2,30.0,29.958817209,0.0,8068.0,8068.0,otimo_publicado,"[[0.0268698259969824, 10458.0], [0.03287081399685121, 10413.999999999998], [0.03554837399860844, 10215.999999999998], [0.04639992699594586, 10216.0], [0.06264409799769055, 9809.999999999996], [0.06832253999527893, 9670.0], [0.08094490399889764, 9670.0], [0.10520434499630937, 9236.0], [0.12057987300067907, 9236.0], [0.15280050200090045, 8068.0], [0.15660173199648852, 8068.0]]",29.958817209,29.956251584,0.9999143616057302,False,75.3,717.25390625,1,,,,,a6c89e67e1516fe42fe2,0.15647021099721314,8068.0,2301.0,2301.0,4.0,"{""interior"": 576, ""fronteira"": 575, ""liberacao"": 575, ""regret"": 575, ""abertura"": 0}","{""interior"": 0, ""fronteira"": 0, ""liberacao"": 0, ""regret"": 0, ""abertura"": 0}",0.9092455130557937,28.493618678065104,0.0,2282.0,0.0,
holmberg_p21,holmberg,3.502626970227671,20,50,hibridopl:rotacao,8068.0,True,-1,0,30.0,29.955883259,0.0,8068.0,8068.0,otimo_publicado,"[[0.02179207099834457, 8168.0], [0.027264468000794295, 8068.0], [0.03627694500028156, 8068.0], [0.06261327000174788, 8068.0], [0.09876627199992072, 8068.0], [0.13381878100335598, 8068.0]]",29.955883259,29.95400955,0.9999374510514746,False,75.1,812.28515625,2,,,,,a6c89e67e1516fe42fe2,0.13367654200192192,8068.0,2264.0,2264.0,4.0,"{""interior"": 566, ""fronteira"": 566, ""liberacao"": 566, ""regret"": 566, ""abertura"": 0}","{""interior"": 0, ""fronteira"": 0, ""liberacao"": 0, ""regret"": 0, ""abertura"": 0}",0.8709654339290864,28.564545189903583,0.0,2245.0,0.0,
holmberg_p21,holmberg,3.502626970227671,20,50,hibridopl:rotacao,8068.0,True,-1,1,30.0,29.956782317,0.0,8068.0,8068.0,otimo_publicado,"[[0.021749260999058606, 8168.0], [0.027268050998827675, 8068.0], [0.03904695799792535, 8068.0], [0.06453736699768342, 8068.0], [0.10421622899957583, 8068.0], [0.1402126489992952, 8068.0]]",29.956782317,29.955133928,0.9999449744307464,False,75.3,783.4375,3,,,,,a6c89e67e1516fe42fe2,0.14008135099720675,8068.0,2233.0,2233.0,4.0,"{""interior"": 559, ""fronteira"": 558, ""liberacao"": 558, ""regret"": 558, ""abertura"": 0}","{""interior"": 0, ""fronteira"": 0, ""liberacao"": 0, ""regret"": 0, ""abertura"": 0}",0.8791722481328179,28.527053690901084,0.0,2214.0,0.0,
holmberg_p21,holmberg,3.502626970227671,20,50,hibridopl:rotacao,8068.0,True,-1,2,30.0,29.959221871,0.0,8068.0,8068.0,otimo_publicado,"[[0.021494116001122165, 8168.0], [0.027057522001996404, 8068.0], [0.038517065997439204, 8068.0], [0.0637522290016932, 8068.0], [0.10256096499870182, 8068.0], [0.13808387300377944, 8068.0]]",29.959221871,29.956797423,0.9999190750677558,False,75.3,812.2890625,2,,,,,a6c89e67e1516fe42fe2,0.13794786500147893,8068.0,2293.0,2293.0,4.0,"{""interior"": 574, ""fronteira"": 573, ""liberacao"": 573, ""regret"": 573, ""abertura"": 0}","{""interior"": 0, ""fronteira"": 0, ""liberacao"": 0, ""regret"": 0, ""abertura"": 0}",0.8989526428449608,28.513038309007243,0.0,2274.0,0.0,
holmberg_p21,holmberg,3.502626970227671,20,50,kernel,8068.0,True,-1,0,30.0,0.103221335,0.0,8068.0,8068.0,otimo_publicado,"[[0.022035051995771937, 8168.0], [0.027499887994054006, 8068.0], [0.04261412299820222, 8068.0], [0.08105629199417308, 8068.0]]",0.103221335,0.103225573,1.0000410574034913,False,74.4,692.9765625,1,3.0,,0.4,3.0,a6c89e67e1516fe42fe2,,,,,,,,,,,,,0.006209946997842053
holmberg_p22,holmberg,3.502626970227671,20,50,adaptativa:gnn,7092.0,True,0,0,30.0,0.144438388,0.0,7092.0,7092.0,otimo_publicado,"[[0.02521475100002135, 9549.0], [0.030748471999686444, 9506.999999999998], [0.03347265099728247, 9309.0], [0.04369773499638541, 9309.0], [0.0622674839978572, 8927.0], [0.07261207399642444, 8927.0], [0.09268704199712374, 8846.0], [0.09554932199898758, 8520.0], [0.11247538800307666, 8520.0], [0.14344886199978646, 7092.0]]",0.144438388,0.144432815,0.9999614160745134,False,75.4,1884.8515625,1,4.0,True,1.0,4.0,a6c89e67e1516fe42fe2,,,,,,,,,,,,,
holmberg_p22,holmberg,3.502626970227671,20,50,adaptativa:pl,7092.0,True,-1,0,30.0,0.081410947,0.0,7092.0,7092.0,otimo_publicado,"[[0.021529347999603488, 7446.0], [0.03427424199981033, 7446.0], [0.06081439499757835, 7446.0], [0.08050920699679409, 7092.0]]",0.081410947,0.081415322,1.0000537397016154,False,75.8,1884.8515625,1,3.0,True,0.6,3.0,a6c89e67e1516fe42fe2,,,,,,,,,,,,,
holmberg_p22,holmberg,3.502626970227671,20,50,completo,7092.0,True,-1,0,30.0,0.046509404,0.0,7092.0,7092.0,otimo_publicado,"[[0.03343289099939284, 9180.0], [0.04554244799874141, 7092.0]]",0.046509404,0.046513827,1.0000950990470658,False,73.7,1884.8515625,1,1.0,True,1.0,1.0,a6c89e67e1516fe42fe2,,,,,,,,,,,,,
holmberg_p22,holmberg,3.502626970227671,20,50,hibrido:rotacao,7092.0,True,-1,0,30.0,29.957602425,0.0,7092.0,7092.0,otimo_publicado,"[[0.025313433001429075, 9549.0], [0.03084711200062884, 9506.999999999998], [0.03353591400082223, 9309.0], [0.04413791000115452, 9309.0], [0.06284263099951204, 8927.0], [0.07353774800139945, 8927.0], [0.09378505100175971, 8846.0], [0.09674797300249338, 8520.0], [0.11463868699865998, 8520.0], [0.14593407299980754, 7092.0], [0.14693645200168248, 7092.0]]",29.957602425,29.956491252,0.9999629084803171,False,75.0,1884.8515625,1,,,,,a6c89e67e1516fe42fe2,0.14679372500177124,7092.0,2466.0,2466.0,4.0,"{""interior"": 617, ""fronteira"": 617, ""liberacao"": 616, ""regret"": 616, ""abertura"": 0}","{""interior"": 0, ""fronteira"": 0, ""liberacao"": 0, ""regret"": 0, ""abertura"": 0}",0.8767050311435014,28.530831820837193,0.0,2447.0,0.0,
holmberg_p22,holmberg,3.502626970227671,20,50,hibrido:rotacao,7092.0,True,-1,1,30.0,29.961957258,0.0,7092.0,7092.0,otimo_publicado,"[[0.025342456003272673, 9549.0], [0.03094481900188839, 9506.999999999998], [0.03360478100148612, 9309.0], [0.044555672004207736, 9309.0], [0.06327276500451262, 8927.0], [0.07396366700777435, 8927.0], [0.09425912100778078, 8846.0], [0.09715883500757627, 8520.0], [0.11422046900042915, 8520.0], [0.14566919800199685, 7092.0], [0.1466351079980086, 7092.0]]",29.961957258,29.961314555,0.9999785493653013,False,75.0,1408.98828125,3,,,,,a6c89e67e1516fe42fe2,0.14650800800154684,7092.0,2446.0,2446.0,4.0,"{""interior"": 612, ""fronteira"": 612, ""liberacao"": 611, ""regret"": 611, ""abertura"": 0}","{""interior"": 0, ""fronteira"": 0, ""liberacao"": 0, ""regret"": 0, ""abertura"": 0}",0.874400184940896,28.52725476318301,0.0,2427.0,0.0,
holmberg_p22,holmberg,3.502626970227671,20,50,hibrido:rotacao,7092.0,True,-1,2,30.0,29.955895496,0.0,7092.0,7092.0,otimo_publicado,"[[0.025371178999193944, 9549.0], [0.03096666100100265, 9506.999999999998], [0.03359337000074447, 9309.0], [0.04242504499779898, 9309.0], [0.06144360300095286, 8927.0], [0.07694480799546, 8927.0], [0.09737826499622315, 8846.0], [0.10032411999782198, 8520.0], [0.11630108599638334, 8520.0], [0.14744604799852823, 7092.0], [0.148412278998876, 7092.0]]",29.955895496,29.954727313,0.9999610032355682,False,75.0,1884.8515625,1,,,,,a6c89e67e1516fe42fe2,0.14828612899873406,7092.0,2506.0,2506.0,4.0,"{""interior"": 627, ""fronteira"": 627, ""liberacao"": 626, ""regret"": 626, ""abertura"": 0}","{""interior"": 0, ""fronteira"": 0, ""liberacao"": 0, ""regret"": 0, ""abertura"": 0}",0.8865302450140007,28.51145783004904,0.0,2487.0,0.0,
holmberg_p22,holmberg,3.502626970227671,20,50,hibridopl:rotacao,7092.0,True,-1,0,30.0,29.966994699,0.0,7092.0,7092.0,otimo_publicado,"[[0.022103584997239523, 7446.0], [0.03479415099718608, 7446.0], [0.05969845299841836, 7446.0], [0.07913857699531945, 7092.0], [0.08000268600153504, 7092.0]]",29.966994699,29.96559923,0.9999534331348867,False,75.0,1293.8046875,2,,,,,a6c89e67e1516fe42fe2,0.07987768000020878,7092.0,2466.0,2466.0,3.0,"{""interior"": 617, ""fronteira"": 617, ""liberacao"": 616, ""regret"": 616, ""abertura"": 0}","{""interior"": 0, ""fronteira"": 0, ""liberacao"": 0, ""regret"": 0, ""abertura"": 0}",0.8703302321664523,28.61318343608582,0.0,2447.0,0.0,
holmberg_p22,holmberg,3.502626970227671,20,50,hibridopl:rotacao,7092.0,True,-1,1,30.0,29.958263312,0.0,7092.0,7092.0,otimo_publicado,"[[0.021352522999222856, 7446.0], [0.03413351299968781, 7446.0], [0.061067367998475675, 7446.0], [0.0807760839961702, 7092.0], [0.08159357899785391, 7092.0]]",29.958263312,29.957636459,0.9999790757897589,False,75.0,1408.98828125,3,,,,,a6c89e67e1516fe42fe2,0.08146861999921384,7092.0,2455.0,2455.0,3.0,"{""interior"": 614, ""fronteira"": 614, ""liberacao"": 614, ""regret"": 613, ""abertura"": 0}","{""interior"": 0, ""fronteira"": 0, ""liberacao"": 0, ""regret"": 0, ""abertura"": 0}",0.8861103390372591,28.581925597096415,0.0,2436.0,0.0,
holmberg_p22,holmberg,3.502626970227671,20,50,hibridopl:rotacao,7092.0,True,-1,2,30.0,29.959746642,0.0,7092.0,7092.0,otimo_publicado,"[[0.021285358001478016, 7446.0], [0.03417382200132124, 7446.0], [0.061576064999826485, 7446.0], [0.08116936000078567, 7092.0], [0.0819750609989569, 7092.0]]",29.959746642,29.958249553,0.9999500299846361,False,75.0,1293.8046875,2,,,,,a6c89e67e1516fe42fe2,0.08185041199976695,7092.0,2527.0,2527.0,3.0,"{""interior"": 632, ""fronteira"": 632, ""liberacao"": 632, ""regret"": 631, ""abertura"": 0}","{""interior"": 0, ""fronteira"": 0, ""liberacao"": 0, ""regret"": 0, ""abertura"": 0}",0.8876739909828757,28.581349878000765,0.0,2508.0,0.0,
holmberg_p22,holmberg,3.502626970227671,20,50,kernel,7092.0,True,-1,0,30.0,0.102174879,0.0,7092.0,7092.0,otimo_publicado,"[[0.023622824999620207, 7092.0], [0.042535295000561746, 7092.0], [0.08383867000156897, 7092.0]]",0.102174879,0.102170282,0.9999550085104578,False,74.4,1884.8515625,1,3.0,,0.45,3.0,a6c89e67e1516fe42fe2,,,,,,,,,,,,,0.005845194002176868
holmberg_p23,holmberg,3.502626970227671,20,50,adaptativa:gnn,8746.0,True,0,0,30.0,0.312127878,0.0,8746.0,8746.0,otimo_publicado,"[[0.027025960003811633, 11149.0], [0.05153660300129559, 10650.000000000002], [0.06918835500255227, 10650.0], [0.09055084999999963, 10531.000000000002], [0.13164129100186983, 10316.000000000002], [0.1463674290025665, 10294.0], [0.1576095090022136, 10294.0], [0.1948677440013853, 9952.999999999998], [0.24541349000355694, 9920.0], [0.26440070800163085, 9920.0], [0.2970040420004807, 9246.000000000002], [0.29715525600113324, 8746.000000000002]]",0.312127878,0.312088108,0.9998725842745774,False,75.2,1436.55078125,2,4.0,True,1.0,4.0,a6c89e67e1516fe42fe2,,,,,,,,,,,,,
holmberg_p23,holmberg,3.502626970227671,20,50,adaptativa:pl,8746.0,True,-1,0,30.0,0.107325472,0.0,8746.0,8746.0,otimo_publicado,"[[0.02302207300090231, 8854.0], [0.02869661700242432, 8754.0], [0.03779976300211274, 8754.0], [0.06986544200481148, 8754.0], [0.10601914400467649, 8746.0]]",0.107325472,0.107329405,1.0000366455411442,False,76.2,1436.55078125,2,3.0,True,0.9,3.0,a6c89e67e1516fe42fe2,,,,,,,,,,,,,
holmberg_p23,holmberg,3.502626970227671,20,50,completo,8746.0,True,-1,0,30.0,0.063151928,0.0,8746.0,8746.0,otimo_publicado,"[[0.034655236999242334, 13180.0], [0.048064823000459, 9246.000000000002], [0.04821436299971538, 8746.000000000002]]",0.063151928,0.063143951,0.9998736855666545,False,75.0,1901.265625,1,1.0,True,1.0,1.0,a6c89e67e1516fe42fe2,,,,,,,,,,,,,
holmberg_p23,holmberg,3.502626970227671,20,50,hibrido:rotacao,8746.0,True,-1,0,30.0,29.95048003,0.0,8746.0,8746.0,otimo_publicado,"[[0.027988368998194346, 11149.0], [0.05264803899990511, 10650.000000000002], [0.06753278600081103, 10650.0], [0.08883743500337005, 10531.000000000002], [0.13014586600183975, 10316.000000000002], [0.14493678400322096, 10294.0], [0.15871201399932033, 10294.0], [0.19559179699717788, 9952.999999999998], [0.24595529399812222, 9920.0], [0.2613914180001302, 9920.0], [0.293871631998627, 9246.000000000002], [0.2940278699970804, 8746.000000000002], [0.3086403200031782, 8746.0]]",29.95048003,29.949082622,0.9999533427177595,False,75.0,1436.55078125,2,,,,,a6c89e67e1516fe42fe2,0.308509963000688,8746.0,2292.0,2292.0,4.0,"{""interior"": 573, ""fronteira"": 573, ""liberacao"": 573, ""regret"": 573, ""abertura"": 0}","{""interior"": 0, ""fronteira"": 0, ""liberacao"": 0, ""regret"": 0, ""abertura"": 0}",0.8144536559666449,28.442077569001412,0.0,2274.0,0.0,
holmberg_p23,holmberg,3.502626970227671,20,50,hibrido:rotacao,8746.0,True,-1,1,30.0,29.959452315,0.0,8746.0,8746.0,otimo_publicado,"[[0.02737214900116669, 11149.0], [0.0522039660027076, 10717.000000000002], [0.05638116300178808, 10649.999999999998], [0.07222564600306214, 10650.0], [0.09369903900369536, 10531.000000000002], [0.13518098200438544, 10316.000000000002], [0.15001130000382545, 10294.0], [0.16152475399940158, 10294.0], [0.19877748299768427, 9952.999999999998], [0.24962048499946832, 9920.0], [0.2691634859984333, 9920.0], [0.30199347300003865, 9246.000000000002], [0.3021651179988112, 8746.000000000002], [0.3175850990010076, 8746.0]]",29.959452315,29.958847866,0.9999798244309127,False,75.0,1449.12890625,3,,,,,a6c89e67e1516fe42fe2,0.3174510080025357,8746.0,2273.0,2273.0,4.0,"{""interior"": 569, ""fronteira"": 568, ""liberacao"": 568, ""regret"": 568, ""abertura"": 0}","{""interior"": 0, ""fronteira"": 0, ""liberacao"": 0, ""regret"": 0, ""abertura"": 0}",0.8108363370520237,28.439847396111873,0.0,2255.0,0.0,
holmberg_p23,holmberg,3.502626970227671,20,50,hibrido:rotacao,8746.0,True,-1,2,30.0,29.96584817,0.0,8746.0,8746.0,otimo_publicado,"[[0.027696083994669607, 11149.0], [0.05243379199600895, 10717.000000000002], [0.06283371199606336, 10650.0], [0.0715227929977118, 10650.0], [0.09292653699958464, 10531.000000000002], [0.13407075099894428, 10316.000000000002], [0.14879753999775858, 10294.0], [0.159238625998114, 10294.0], [0.19620742099868949, 9952.999999999998], [0.24639526600003592, 9920.0], [0.2687835279975843, 9920.0], [0.3014127799979178, 9246.000000000002], [0.3015624379986548, 8746.000000000002], [0.3162564590020338, 8746.0]]",29.96584817,29.964366393,0.9999505511410325,False,75.0,1436.55078125,2,,,,,a6c89e67e1516fe42fe2,0.3161266940005589,8746.0,2354.0,2354.0,4.0,"{""interior"": 589, ""fronteira"": 589, ""liberacao"": 588, ""regret"": 588, ""abertura"": 0}","{""interior"": 0, ""fronteira"": 0, ""liberacao"": 0, ""regret"": 0, ""abertura"": 0}",0.8336324719894037,28.41972871411781,0.0,2336.0,0.0,
holmberg_p23,holmberg,3.502626970227671,20,50,hibridopl:rotacao,8746.0,True,-1,0,30.0,29.953775468,0.0,8746.0,8746.0,otimo_publicado,"[[0.02330770199841936, 8854.0], [0.028979523998714285, 8754.0], [0.03820662399812136, 8754.0], [0.07054368899844121, 8754.0], [0.10695375000068452, 8746.0], [0.10823614100081613, 8746.0]]",29.953775468,29.952832989,0.9999685355523544,False,75.0,1901.265625,1,,,,,a6c89e67e1516fe42fe2,0.10809589899872662,8746.0,2307.0,2307.0,3.0,"{""interior"": 577, ""fronteira"": 577, ""liberacao"": 577, ""regret"": 576, ""abertura"": 0}","{""interior"": 0, ""fronteira"": 0, ""liberacao"": 0, ""regret"": 0, ""abertura"": 0}",0.8222951290445053,28.635479549899173,0.0,2289.0,0.0,
holmberg_p23,holmberg,3.502626970227671,20,50,hibridopl:rotacao,8746.0,True,-1,1,30.0,29.962796038,0.0,8746.0,8746.0,otimo_publicado,"[[0.023244415999215562, 8854.0], [0.028874928000732325, 8754.0], [0.039555249000841286, 8754.0], [0.06842509099806193, 8754.0], [0.10291213899836293, 8746.0], [0.10404388299866696, 8746.0]]",29.962796038,29.96179727,0.9999666663952612,False,75.0,1901.265625,1,,,,,a6c89e67e1516fe42fe2,0.10391675299979397,8746.0,2315.0,2315.0,3.0,"{""interior"": 579, ""fronteira"": 579, ""liberacao"": 579, ""regret"": 578, ""abertura"": 0}","{""interior"": 0, ""fronteira"": 0, ""liberacao"": 0, ""regret"": 0, ""abertura"": 0}",0.8232933210783813,28.65280911300215,0.0,2297.0,0.0,
holmberg_p23,holmberg,3.502626970227671,20,50,hibridopl:rotacao,8746.0,True,-1,2,30.0,29.955164739,0.0,8746.0,8746.0,otimo_publicado,"[[0.024491539003065554, 8854.0], [0.03019037800549995, 8754.0], [0.03949250000005122, 8754.0], [0.07068111700209556, 8754.0], [0.10676084500300931, 8746.0], [0.10799659400072414, 8746.0]]",29.955164739,29.954547167,0.9999793834550609,False,75.0,1449.12890625,3,,,,,a6c89e67e1516fe42fe2,0.10786283199922764,8746.0,2351.0,2351.0,3.0,"{""interior"": 588, ""fronteira"": 588, ""liberacao"": 588, ""regret"": 587, ""abertura"": 0}","{""interior"": 0, ""fronteira"": 0, ""liberacao"": 0, ""regret"": 0, ""abertura"": 0}",0.8409165531302278,28.604729820963257,0.0,2333.0,0.0,
holmberg_p23,holmberg,3.502626970227671,20,50,kernel,8746.0,True,-1,0,30.0,0.115564537,0.0,8746.0,8746.0,otimo_publicado,"[[0.025653719996626023, 8955.0], [0.0373144399964076, 8746.0], [0.05134223299683072, 8746.0], [0.09195980599906761, 8746.0]]",0.115564537,0.115557938,0.9999428977074516,False,74.5,1901.265625,1,3.0,,0.45,3.0,a6c89e67e1516fe42fe2,,,,,,,,,,,,,0.007697032000578474
holmberg_p24,holmberg,3.502626970227671,20,50,adaptativa:gnn,10273.0,True,0,0,30.0,0.615335166,0.0,10273.0,10273.0,otimo_publicado,"[[0.02903780699853087, 12749.0], [0.0353548929997487, 12662.000000000004], [0.06954048199986573, 11968.999999999998], [0.15076330699957907, 11850.0], [0.1597164589984459, 11850.0], [0.17653980599425267, 11494.0], [0.2157915209972998, 11494.0], [0.29419694699754473, 11434.000000000002], [0.35531734899268486, 11163.0], [0.3920797920000041, 11163.0], [0.42672144799871603, 10351.0], [0.6101319790031994, 10299.0], [0.6140704799981904, 10273.0]]",0.615335166,0.615296474,0.9999371204472979,False,74.8,1901.265625,1,4.0,True,1.0,4.0,a6c89e67e1516fe42fe2,,,,,,,,,,,,,
holmberg_p24,holmberg,3.502626970227671,20,50,adaptativa:pl,10273.0,True,-1,0,30.0,0.139649785,0.0,10273.0,10273.0,otimo_publicado,"[[0.023202017997391522, 10475.0], [0.028273522002564277, 10287.0], [0.028479070999310352, 10273.0], [0.039094990002922714, 10273.0], [0.07412977600324666, 10273.0]]",0.139649785,0.139642771,0.9999497743587646,False,75.0,1901.265625,1,3.0,True,0.85,3.0,a6c89e67e1516fe42fe2,,,,,,,,,,,,,
holmberg_p24,holmberg,3.502626970227671,20,50,completo,10273.0,True,-1,0,30.0,0.146290068,0.0,10273.0,10273.0,otimo_publicado,"[[0.03435355499823345, 17180.0], [0.04958314100076677, 10351.0], [0.14490132000355516, 10273.0]]",0.146290068,0.146286506,0.9999756511152896,False,75.9,1901.265625,1,1.0,True,1.0,1.0,a6c89e67e1516fe42fe2,,,,,,,,,,,,,
holmberg_p24,holmberg,3.502626970227671,20,50,hibrido:rotacao,10273.0,True,-1,0,30.0,29.959139887,0.0,10273.0,10273.0,otimo_publicado,"[[0.02962282700173091, 12749.0], [0.036047018998942804, 12662.000000000004], [0.07021570899814833, 11968.999999999998], [0.15180225799849723, 11850.0], [0.16740226899128174, 11850.0], [0.1844318929943256, 11494.0], [0.21492650599975605, 11494.0], [0.2933779009981663, 11434.000000000002], [0.3544786079946789, 11163.0], [0.39676343399332836, 11163.0], [0.43151481799577596, 10351.0], [0.6145518039920717, 10299.0], [0.6185022289937478, 10273.0], [0.6196614849905018, 10273.0]]",29.959139887,29.958546126,0.9999801809730774,False,75.0,1493.08984375,3,,,,,a6c89e67e1516fe42fe2,0.6195340619960916,10273.0,1672.0,1672.0,4.0,"{""interior"": 418, ""fronteira"": 418, ""liberacao"": 418, ""regret"": 418, ""abertura"": 0}","{""interior"": 0, ""fronteira"": 0, ""liberacao"": 0, ""regret"": 0, ""abertura"": 0}",0.64974585006712,28.36314413916989,0.0,1654.0,0.0,
holmberg_p24,holmberg,3.502626970227671,20,50,hibrido:rotacao,10273.0,True,-1,1,30.0,29.959270658,0.0,10273.0,10273.0,otimo_publicado,"[[0.029139049001969397, 12749.0], [0.03542810799990548, 12662.000000000004], [0.06967229099973338, 11968.999999999998], [0.150667654001154, 11850.0], [0.16614987300999928, 11850.0], [0.18306668700824957, 11494.0], [0.2135395490040537, 11494.0], [0.29115639700467, 11434.000000000002], [0.3513211060053436, 11163.0], [0.3924134109984152, 11163.0], [0.42672714900254505, 10351.0], [0.6056937739995192, 10273.0], [0.6070907300018007, 10273.0]]",29.959270658,29.957859754,0.9999529059296501,False,75.0,1436.56640625,2,,,,,a6c89e67e1516fe42fe2,0.6069584880024195,10273.0,1698.0,1698.0,4.0,"{""interior"": 425, ""fronteira"": 425, ""liberacao"": 424, ""regret"": 424, ""abertura"": 0}","{""interior"": 0, ""fronteira"": 0, ""liberacao"": 0, ""regret"": 0, ""abertura"": 0}",0.6374805720988661,28.39792432498507,0.0,1680.0,0.0,
holmberg_p24,holmberg,3.502626970227671,20,50,hibrido:rotacao,10273.0,True,-1,2,30.0,29.95442363,0.0,10273.0,10273.0,otimo_publicado,"[[0.02847664600267308, 12749.0], [0.03478869300306542, 12662.000000000004], [0.06891563200042583, 11968.999999999998], [0.15037270900211297, 11850.0], [0.16734981299669016, 11850.0], [0.18419029300275724, 11494.0], [0.21386452399747213, 11494.0], [0.29156920399691444, 11434.000000000002], [0.3521592469987809, 11405.0], [0.40301008899405133, 11163.0], [0.42467796099663246, 11163.0], [0.4588149369956227, 10351.0], [0.6461350989993662, 10273.0], [0.6472017479973147, 10273.0]]",29.95442363,29.953821106,0.9999798853081787,False,75.0,1493.08984375,3,,,,,a6c89e67e1516fe42fe2,0.64707241999713,10273.0,1893.0,1893.0,4.0,"{""interior"": 474, ""fronteira"": 473, ""liberacao"": 473, ""regret"": 473, ""abertura"": 0}","{""interior"": 0, ""fronteira"": 0, ""liberacao"": 0, ""regret"": 0, ""abertura"": 0}",0.7251589740990312,28.246286235145817,0.0,1875.0,0.0,
holmberg_p24,holmberg,3.502626970227671,20,50,hibridopl:rotacao,10273.0,True,-1,0,30.0,29.960321334,0.0,10273.0,10273.0,otimo_publicado,"[[0.023211796004034113, 10475.0], [0.02834172399889212, 10287.0], [0.02854745199874742, 10273.0], [0.040293308993568644, 10273.0], [0.07579495700338157, 10273.0], [0.14120107799681136, 10273.0]]",29.960321334,29.958845618,0.9999507443200109,False,75.0,1436.56640625,2,,,,,a6c89e67e1516fe42fe2,0.1410649339959491,10273.0,1725.0,1725.0,3.0,"{""interior"": 432, ""fronteira"": 431, ""liberacao"": 431, ""regret"": 431, ""abertura"": 0}","{""interior"": 0, ""fronteira"": 0, ""liberacao"": 0, ""regret"": 0, ""abertura"": 0}",0.6526381078801933,28.858193168816797,0.0,1707.0,0.0,
holmberg_p24,holmberg,3.502626970227671,20,50,hibridopl:rotacao,10273.0,True,-1,1,30.0,29.967419418,0.0,10273.0,10273.0,otimo_publicado,"[[0.023592173994984478, 10475.0], [0.028747380994900595, 10273.0], [0.037781266000820324, 10273.0], [0.07447858298837673, 10273.0], [0.13962130599975353, 10273.0]]",29.967419418,29.966311364,0.9999630247107852,False,75.0,1901.265625,1,,,,,a6c89e67e1516fe42fe2,0.13949408500047866,10273.0,1726.0,1726.0,3.0,"{""interior"": 432, ""fronteira"": 432, ""liberacao"": 431, ""regret"": 431, ""abertura"": 0}","{""interior"": 0, ""fronteira"": 0, ""liberacao"": 0, ""regret"": 0, ""abertura"": 0}",0.6584806008177111,28.856880564955645,0.0,1708.0,0.0,
holmberg_p24,holmberg,3.502626970227671,20,50,hibridopl:rotacao,10273.0,True,-1,2,30.0,29.959802541,0.0,10273.0,10273.0,otimo_publicado,"[[0.02696002699667588, 10475.0], [0.03208833599637728, 10287.0], [0.03229185499367304, 10273.0], [0.041472670003713574, 10273.0], [0.07940086900634924, 10273.0], [0.14490862499951618, 10273.0]]",29.959802541,29.95871512,0.9999637039997673,False,75.0,1901.265625,1,,,,,a6c89e67e1516fe42fe2,0.14478560400311835,10273.0,1934.0,1934.0,3.0,"{""interior"": 484, ""fronteira"": 484, ""liberacao"": 483, ""regret"": 483, ""abertura"": 0}","{""interior"": 0, ""fronteira"": 0, ""liberacao"": 0, ""regret"": 0, ""abertura"": 0}",0.7204935169429518,28.740843042098277,0.0,1916.0,0.0,
holmberg_p24,holmberg,3.502626970227671,20,50,kernel,10273.0,True,-1,0,30.0,0.179732005,0.0,10273.0,10273.0,otimo_publicado,"[[0.02874478400190128, 10346.0], [0.04815673800476361, 10273.0], [0.061249193000548985, 10273.0], [0.1240525789980893, 10273.0]]",0.179732005,0.179709505,0.9998748136148595,False,75.0,1493.08984375,3,3.0,,0.4,3.0,a6c89e67e1516fe42fe2,,,,,,,,,,,,,0.009192384000925813
holmberg_p25,holmberg,4.119191919191919,30,150,adaptativa:gnn,11630.0,True,0,0,30.0,5.319604034,0.0,11630.0,11630.0,otimo_publicado,"[[0.10312026599785895, 13475.0], [0.12999970299642882, 12655.000000000005], [0.1468665179963864, 12533.999999999996], [0.22026396299770568, 12512.0], [0.24816339899552986, 12485.999999999998], [0.2882440829962434, 12481.000000000002], [0.32585743299569003, 12479.999999999996], [0.3875681199970131, 12071.0], [0.9487999299963121, 12063.0], [1.010263533997204, 12058.0], [1.037794504994963, 12058.0], [1.1020545609972032, 11862.999999999989], [1.5528863009967608, 11789.0], [3.2100219989952166, 11723.0], [3.338537000996439, 11706.0], [3.398902391996671, 11697.0], [3.4559958559984807, 11697.0], [4.645811229998799, 11631.0], [5.254824842995731, 11630.0]]",5.319604034,5.319327415,0.9999480000770298,False,75.1,1000.54296875,2,89.0,True,0.6666666666666666,3.0,a6c89e67e1516fe42fe2,,,,,,,,,,,,,
holmberg_p25,holmberg,4.119191919191919,30,150,adaptativa:pl,11630.0,True,-1,0,30.0,5.629431111,0.0,11630.0,11630.0,otimo_publicado,"[[0.09089898499951232, 13003.0], [0.11071843700119643, 11862.999999999989], [0.7759366450009111, 11789.0], [2.577793426000426, 11772.999999999998], [2.616252143001475, 11771.0], [3.1468023939996783, 11760.0], [3.4457399189996067, 11752.0], [3.5811236379995535, 11740.0], [3.7296304650008096, 11735.0], [3.8067599890018755, 11705.0], [3.819900606002193, 11697.0], [4.0306228320005175, 11697.0], [4.539292557001318, 11651.0], [4.555771707000531, 11630.0]]",5.629431111,5.629106416,0.9999423218805599,False,75.0,813.15625,2,102.0,True,0.5333333333333333,2.0,a6c89e67e1516fe42fe2,,,,,,,,,,,,,
holmberg_p25,holmberg,4.119191919191919,30,150,completo,11630.0,True,-1,0,30.0,1.731775485,0.0,11630.0,11630.0,otimo_publicado,"[[0.15568589599934057, 19197.0], [0.258489447998727, 12043.999999999996], [0.33688225999867427, 11990.999999999995], [0.8983640059996105, 11704.0], [0.9302065219999349, 11632.0], [0.9516812359979667, 11630.0]]",1.731775485,1.731489365,0.9998347822783736,False,75.0,1260.640625,2,1.0,True,1.0,1.0,a6c89e67e1516fe42fe2,,,,,,,,,,,,,
holmberg_p25,holmberg,4.119191919191919,30,150,hibrido:rotacao,11630.0,True,-1,0,30.0,29.956764293,0.0,11630.0,11630.0,otimo_publicado,"[[0.10466352899675258, 13475.0], [0.131905079997523, 12655.000000000005], [0.1484844919978059, 12533.999999999996], [0.22112669099806226, 12512.0], [0.24920634299633093, 12485.999999999998], [0.2891003129952878, 12481.000000000002], [0.3261286549968645, 12479.999999999996], [0.3875720449977962, 12071.0], [0.9475830909977958, 12063.0], [1.0085756859953108, 12058.0], [1.0358245679999527, 12058.0], [1.0988666050034226, 11862.999999999989], [1.5401249190035742, 11789.0], [3.176401351000095, 11723.0], [3.3031675950005592, 11706.0], [3.362658238002041, 11697.0], [3.416258146000473, 11697.0], [4.577250583002751, 11631.0], [5.181395654002699, 11630.0], [5.2460985600009735, 11630.0]]",29.956764293,29.955654751,0.999962961887701,False,75.0,1075.7734375,1,,,,,a6c89e67e1516fe42fe2,5.245941918001336,11630.0,1622.0,1622.0,89.0,"{""interior"": 406, ""fronteira"": 406, ""liberacao"": 405, ""regret"": 405, ""abertura"": 0}","{""interior"": 0, ""fronteira"": 0, ""liberacao"": 0, ""regret"": 0, ""abertura"": 0}",1.1414557731404784,23.264131058051134,0.0,1414.0,0.0,
holmberg_p25,holmberg,4.119191919191919,30,150,hibrido:rotacao,11630.0,True,-1,1,30.0,29.954414389,0.0,11630.0,11630.0,otimo_publicado,"[[0.10639786300089327, 13475.0], [0.13376173800133984, 12655.000000000005], [0.1508190740023565, 12533.999999999996], [0.2256784460041672, 12512.000000000004], [0.26014348400349263, 12496.999999999995], [0.27547918000345817, 12491.999999999996], [0.2890718660019047, 12484.000000000005], [0.3021649550028087, 12481.000000000004], [0.38879000900124083, 12071.0], [0.8612108290035394, 12058.0], [0.9322175350025645, 12058.0], [1.0002248260025226, 11862.999999999989], [1.448361148002732, 11789.0], [2.9529384350025794, 11709.0], [2.9856229920042097, 11705.0], [2.9907461370021338, 11702.0], [3.058271143003367, 11697.0], [3.10638024400032, 11697.0], [4.251146898001025, 11643.0], [4.830430912999873, 11630.0], [6.2151869450026425, 11630.0], [7.269324356999277, 11630.0]]",29.954414389,29.952642057,0.999940832360233,False,75.0,1259.42578125,2,,,,,a6c89e67e1516fe42fe2,7.269176210000296,11630.0,1436.0,1436.0,51.0,"{""interior"": 359, ""fronteira"": 359, ""liberacao"": 359, ""regret"": 359, ""abertura"": 0}","{""interior"": 0, ""fronteira"": 0, ""liberacao"": 0, ""regret"": 0, ""abertura"": 0}",1.0229733080268488,21.376849721127655,0.0,1237.0,0.0,
holmberg_p25,holmberg,4.119191919191919,30,150,hibrido:rotacao,11630.0,True,-1,2,30.0,29.977169524,0.0,11630.0,11630.0,otimo_publicado,"[[0.104433288997825, 13475.0], [0.13116941799671622, 12655.000000000005], [0.14776632499706466, 12533.999999999996], [0.22104252099597943, 12512.0], [0.2487164269987261, 12485.999999999998], [0.28803656099626096, 12481.000000000002], [0.32542641099644243, 12479.999999999996], [0.3862101469967456, 12071.0], [0.9886747359960282, 12058.0], [1.0152331870012858, 12058.0], [1.0792815710010473, 11862.999999999989], [1.521693757003959, 11789.0], [1.5290014470010647, 11775.0], [4.531064886999957, 11775.0], [5.201817430999654, 11770.0], [6.295099235001544, 11630.0], [6.932795160999376, 11630.0], [8.12453504199948, 11630.0]]",29.977169524,29.976186083,0.9999671936671936,False,75.0,879.63671875,3,,,,,a6c89e67e1516fe42fe2,8.124386982999567,11630.0,1418.0,1418.0,4.0,"{""interior"": 355, ""fronteira"": 355, ""liberacao"": 354, ""regret"": 354, ""abertura"": 0}","{""interior"": 0, ""fronteira"": 0, ""liberacao"": 0, ""regret"": 0, ""abertura"": 0}",1.0014595170650864,20.57908209996458,0.0,1217.0,0.0,
holmberg_p25,holmberg,4.119191919191919,30,150,hibridopl:rotacao,11630.0,True,-1,0,30.0,29.952573155,0.0,11630.0,11630.0,otimo_publicado,"[[0.09014588900026865, 13003.0], [0.11007532100120443, 11862.999999999989], [0.7794160150006064, 11789.0], [2.589423526002065, 11772.999999999998], [2.630012795998482, 11771.0], [3.1855518670017773, 11760.0], [3.4957833270018455, 11752.0], [3.6424168170015037, 11752.0], [5.243905570998322, 11630.0], [6.348278952998953, 11630.0], [8.444514597002126, 11630.0], [9.410623365998617, 11630.0]]",29.952573155,29.951277662,0.999956748523965,False,75.0,1064.09765625,1,,,,,a6c89e67e1516fe42fe2,9.410477309000271,11630.0,1329.0,1329.0,69.0,"{""interior"": 333, ""fronteira"": 332, ""liberacao"": 332, ""regret"": 332, ""abertura"": 0}","{""interior"": 0, ""fronteira"": 0, ""liberacao"": 0, ""regret"": 0, ""abertura"": 0}",0.9505681429509423,19.325414899070893,0.0,1132.0,0.0,
holmberg_p25,holmberg,4.119191919191919,30,150,hibridopl:rotacao,11630.0,True,-1,1,30.0,29.972386358,0.0,11630.0,11630.0,otimo_publicado,"[[0.08993462000216823, 13003.0], [0.10986569400483859, 11862.999999999989], [0.7772036910027964, 11789.0], [2.244213635003689, 11732.0], [2.2608757960042567, 11720.0], [2.50293323400183, 11707.0], [2.5907507790034288, 11702.0], [2.625498104003782, 11699.0], [2.63538900900312, 11697.0], [2.87436171900481, 11697.0], [3.408761434002372, 11651.0], [3.42556144700211, 11630.0], [4.556418301999656, 11630.0]]",29.972386358,29.970645301,0.9999419112986465,False,75.0,1279.49609375,2,,,,,a6c89e67e1516fe42fe2,4.55626189800023,11630.0,1655.0,1655.0,44.0,"{""interior"": 414, ""fronteira"": 414, ""liberacao"": 414, ""regret"": 413, ""abertura"": 0}","{""interior"": 0, ""fronteira"": 0, ""liberacao"": 0, ""regret"": 0, ""abertura"": 0}",1.1381893159850733,23.97555506504068,0.0,1433.0,0.0,
holmberg_p25,holmberg,4.119191919191919,30,150,hibridopl:rotacao,11630.0,True,-1,2,30.0,29.953937849,0.0,11630.0,11630.0,otimo_publicado,"[[0.09197761100222124, 13003.0], [0.11203559400382801, 11862.999999999989], [0.778637751001952, 11789.0], [2.3809750270011136, 11720.0], [2.458218196003145, 11712.0], [2.5338402510024025, 11707.0], [2.5568834480036458, 11705.0], [2.5788180790004844, 11702.0], [2.593722872003127, 11700.0], [2.6089717200011364, 11697.0], [2.644286688999273, 11697.0], [3.183618425999157, 11651.0], [3.201631782001641, 11630.0], [4.3169763699988835, 11630.0]]",29.953937849,29.952969518,0.9999676726644463,False,75.0,823.08984375,3,,,,,a6c89e67e1516fe42fe2,4.316807007999159,11630.0,1640.0,1640.0,90.0,"{""interior"": 410, ""fronteira"": 410, ""liberacao"": 410, ""regret"": 410, ""abertura"": 0}","{""interior"": 0, ""fronteira"": 0, ""liberacao"": 0, ""regret"": 0, ""abertura"": 0}",1.1927323930503917,24.10734581295401,0.0,1416.0,0.0,
holmberg_p25,holmberg,4.119191919191919,30,150,kernel,11630.0,True,-1,0,30.0,5.429013456,0.0,11630.0,11630.0,otimo_publicado,"[[0.09404631500001415, 12635.0], [0.11816058800104656, 12043.999999999996], [0.9020006460013974, 11653.0], [0.9267751320003299, 11630.0], [2.0279279130008945, 11630.0], [3.8824210460006725, 11630.0]]",5.429013456,5.428731032,0.9999479787622025,False,75.0,1271.4140625,2,39.0,,0.3333333333333333,3.0,a6c89e67e1516fe42fe2,,,,,,,,,,,,,0.043899541000428144
holmberg_p26,holmberg,4.119191919191919,30,150,adaptativa:gnn,10771.0,True,0,0,30.0,5.783239622,0.0,10771.0,10771.0,otimo_publicado,"[[0.09428251200370141, 13207.0], [0.1143357310029387, 12186.999999999993], [0.548884491003264, 12166.999999999995], [0.8422690590014099, 12033.0], [2.3589647930020874, 11933.0], [2.842430292002973, 11928.0], [2.8687585100014985, 11928.0], [3.0028063520003343, 11139.0], [3.0416582729994843, 11139.0], [3.1364942740001425, 10841.999999999996], [3.1570411659995443, 10826.999999999998], [3.408574827997654, 10795.0], [3.712622664999799, 10771.0], [5.0306184830005805, 10771.0]]",5.783239622,5.782997785,0.999958183126447,False,75.0,1884.875,1,4.0,True,1.0,4.0,a6c89e67e1516fe42fe2,,,,,,,,,,,,,
holmberg_p26,holmberg,4.119191919191919,30,150,adaptativa:pl,10771.0,True,-1,0,30.0,1.035938955,0.0,10771.0,10771.0,otimo_publicado,"[[0.2465240730016376, 11684.0], [0.26563135200194665, 10901.999999999993], [0.29388655200455105, 10776.000000000004], [0.30810663400188787, 10773.0], [0.34670619500320754, 10773.0], [0.8269188560043403, 10771.0]]",1.035938955,1.035887356,0.999950191080516,False,74.9,1293.828125,2,2.0,True,0.5,2.0,a6c89e67e1516fe42fe2,,,,,,,,,,,,,
holmberg_p26,holmberg,4.119191919191919,30,150,completo,10771.0,True,-1,0,30.0,1.397305143,0.0,10771.0,10771.0,otimo_publicado,"[[0.1559282960006385, 16131.0], [0.23704076899957727, 10841.999999999996], [0.29940087700015283, 10826.999999999998], [0.6340235499992559, 10820.0], [0.6537628510013747, 10771.0]]",1.397305143,1.397234546,0.9999494763185023,False,75.0,1884.875,1,56.0,True,1.0,1.0,a6c89e67e1516fe42fe2,,,,,,,,,,,,,
holmberg_p26,holmberg,4.119191919191919,30,150,hibrido:rotacao,10771.0,True,-1,0,30.0,29.977473981,0.0,10771.0,10771.0,otimo_publicado,"[[0.09423166900523938, 13207.0], [0.1141802730053314, 12186.999999999993], [0.5486529700028768, 12166.999999999995], [0.8407496070030902, 12033.0], [2.3577116320047935, 11933.0], [2.839165141002013, 11928.0], [2.8658867310041387, 11928.0], [2.999066581003717, 11139.0], [3.037712317003752, 11139.0], [3.1323079660032818, 10841.999999999996], [3.1524162690038793, 10826.999999999998], [3.4038812660037365, 10795.0], [3.705106342004001, 10771.0], [4.843671286002063, 10771.0], [5.586094022000907, 10771.0]]",29.977473981,29.976041567,0.9999522169879654,False,75.0,1293.828125,2,,,,,a6c89e67e1516fe42fe2,5.58595436700125,10771.0,1587.0,1587.0,4.0,"{""interior"": 397, ""fronteira"": 397, ""liberacao"": 397, ""regret"": 396, ""abertura"": 0}","{""interior"": 0, ""fronteira"": 0, ""liberacao"": 0, ""regret"": 0, ""abertura"": 0}",1.0724232659922563,23.021058469024865,0.0,1383.0,0.0,
holmberg_p26,holmberg,4.119191919191919,30,150,hibrido:rotacao,10771.0,True,-1,1,30.0,29.95045561,0.0,10771.0,10771.0,otimo_publicado,"[[0.09566885700041894, 13207.0], [0.11551071200301521, 12186.999999999993], [0.5497163300024113, 12166.999999999995], [0.7405464210023638, 11928.0], [1.025567617998604, 11928.0], [1.1588440080013243, 11139.0], [1.1970356470010302, 11139.0], [1.2920115880006051, 10841.999999999996], [1.3120414930017432, 10826.999999999998], [1.5829809540009592, 10788.0], [2.125040531002014, 10771.0], [2.5199591199998395, 10771.0], [3.4637936869985424, 10771.0]]",29.95045561,29.949006544,0.9999516178979422,False,75.0,1293.828125,2,,,,,a6c89e67e1516fe42fe2,3.4636349249994964,10771.0,1697.0,1697.0,74.0,"{""interior"": 425, ""fronteira"": 424, ""liberacao"": 424, ""regret"": 424, ""abertura"": 0}","{""interior"": 0, ""fronteira"": 0, ""liberacao"": 0, ""regret"": 0, ""abertura"": 0}",1.1430631569819525,25.033519999065902,0.0,1430.0,0.0,
holmberg_p26,holmberg,4.119191919191919,30,150,hibrido:rotacao,10771.0,True,-1,2,30.0,29.96091276,0.0,10771.0,10771.0,otimo_publicado,"[[0.0945224210008746, 13207.0], [0.1142496390020824, 12186.999999999993], [0.5479263730012462, 12166.999999999995], [0.8398560770037875, 12033.0], [2.6896004020018154, 11941.0], [2.699369147001562, 11931.0], [2.709249446001195, 11928.0], [2.919798767001339, 11928.0], [3.0567717680023634, 11139.0], [3.0966601420004736, 11139.0], [3.193897715998901, 10841.999999999996], [3.2144444080004178, 10826.999999999998], [3.4737679270001536, 10788.0], [3.7948465689987643, 10771.0], [4.549550564999663, 10771.0], [5.420364487999905, 10771.0]]",29.96091276,29.959801885,0.9999629225247942,False,75.0,1884.875,1,,,,,a6c89e67e1516fe42fe2,5.420202964000055,10771.0,1598.0,1598.0,18.0,"{""interior"": 400, ""fronteira"": 400, ""liberacao"": 399, ""regret"": 399, ""abertura"": 0}","{""interior"": 0, ""fronteira"": 0, ""liberacao"": 0, ""regret"": 0, ""abertura"": 0}",1.0873777940614673,23.160044258936978,0.0,1353.0,0.0,
holmberg_p26,holmberg,4.119191919191919,30,150,hibridopl:rotacao,10771.0,True,-1,0,30.0,29.950792721,0.0,10771.0,10771.0,otimo_publicado,"[[0.09332250700390432, 11684.0], [0.11255585500475718, 10901.999999999993], [0.14109881100375787, 10776.000000000004], [0.1553528200056462, 10773.0], [0.19300497700169217, 10773.0], [0.672610698002245, 10771.0], [0.8808099250018131, 10771.0]]",29.950792721,29.950186474,0.9999797585658033,False,75.0,1408.98828125,3,,,,,a6c89e67e1516fe42fe2,0.8806733470009931,10771.0,1880.0,1880.0,2.0,"{""interior"": 470, ""fronteira"": 470, ""liberacao"": 470, ""regret"": 470, ""abertura"": 0}","{""interior"": 0, ""fronteira"": 0, ""liberacao"": 0, ""regret"": 0, ""abertura"": 0}",1.270751400890731,27.436942247903062,0.0,1604.0,0.0,
holmberg_p26,holmberg,4.119191919191919,30,150,hibridopl:rotacao,10771.0,True,-1,1,30.0,29.961410925,0.0,10771.0,10771.0,otimo_publicado,"[[0.09231526599978679, 11684.0], [0.1112909719995514, 10901.999999999993], [0.13941192099809996, 10776.000000000004], [0.1534561879998364, 10773.0], [0.19149444100185065, 10773.0], [0.6246802780005964, 10771.0], [0.8423411880030471, 10771.0]]",29.961410925,29.960260914,0.9999616169277582,False,75.0,1884.875,1,,,,,a6c89e67e1516fe42fe2,0.8422081910030101,10771.0,1871.0,1871.0,2.0,"{""interior"": 468, ""fronteira"": 468, ""liberacao"": 468, ""regret"": 467, ""abertura"": 0}","{""interior"": 0, ""fronteira"": 0, ""liberacao"": 0, ""regret"": 0, ""abertura"": 0}",1.2663838649968966,27.502542194932175,0.0,1605.0,0.0,
holmberg_p26,holmberg,4.119191919191919,30,150,hibridopl:rotacao,10771.0,True,-1,2,30.0,29.959895417,0.0,10771.0,10771.0,otimo_publicado,"[[0.0935095460008597, 11684.0], [0.11275865000061458, 10901.999999999993], [0.14125606900051935, 10776.000000000004], [0.15542153799833613, 10773.0], [0.19386577600016608, 10773.0], [0.6396654380005202, 10771.0], [0.9033123589979368, 10771.0]]",29.959895417,29.959290399,0.9999798057372504,False,75.0,1408.98828125,3,,,,,a6c89e67e1516fe42fe2,0.9031562599993777,10771.0,1891.0,1891.0,2.0,"{""interior"": 473, ""fronteira"": 473, ""liberacao"": 473, ""regret"": 472, ""abertura"": 0}","{""interior"": 0, ""fronteira"": 0, ""liberacao"": 0, ""regret"": 0, ""abertura"": 0}",1.2913483080046717,27.39644287707779,0.0,1601.0,0.0,
holmberg_p26,holmberg,4.119191919191919,30,150,kernel,10771.0,True,-1,0,30.0,2.712933149,0.0,10771.0,10771.0,otimo_publicado,"[[0.09793398799956776, 11232.0], [0.12117565399967134, 10951.999999999996], [0.15694444200198632, 10826.999999999998], [0.4163718420022633, 10778.0], [0.42841403800048283, 10771.0], [1.0656067850031832, 10771.0], [1.686360905001493, 10771.0]]",2.712933149,2.712810257,0.9999547014271084,False,75.1,1293.828125,2,17.0,,0.3333333333333333,3.0,a6c89e67e1516fe42fe2,,,,,,,,,,,,,0.04615799699968193
holmberg_p27,holmberg,4.119191919191919,30,150,adaptativa:gnn,12322.0,True,0,0,30.0,8.873881592,0.0,12322.0,12322.0,otimo_publicado,"[[0.09056340100505622, 15259.0], [0.11219154400532716, 13863.000000000007], [0.2925603910043719, 13801.000000000004], [0.8924179670029844, 13330.0], [3.129806337004993, 13329.0], [3.1414427360032278, 13328.0], [3.169534384003782, 13328.0], [3.2345852790022036, 12783.999999999998], [3.2872194740011764, 12692.999999999998], [3.5148399400022754, 12648.0], [3.527023407001252, 12539.0], [3.636931880002521, 12539.0], [3.768603925003845, 12470.999999999985], [4.19806595600312, 12390.0], [8.337833300003695, 12357.0], [8.463908692003315, 12356.0], [8.573445858000923, 12330.0], [8.732253377002053, 12325.0], [8.772181034000823, 12322.0]]",8.873881592,8.873596628,0.999967887333514,False,75.0,1901.265625,1,123.0,True,0.7333333333333333,3.0,a6c89e67e1516fe42fe2,,,,,,,,,,,,,
holmberg_p27,holmberg,4.119191919191919,30,150,adaptativa:pl,12322.0,True,-1,0,30.0,5.484890537,0.0,12322.0,12322.0,otimo_publicado,"[[0.08522217599966098, 13484.0], [0.1082662379994872, 12470.999999999985], [1.0734558759977517, 12342.0], [1.8903624509985093, 12322.0], [3.3333549550006865, 12322.0]]",5.484890537,5.484621636,0.9999509742267078,False,75.0,1901.265625,1,15.0,True,0.4666666666666667,2.0,a6c89e67e1516fe42fe2,,,,,,,,,,,,,
holmberg_p27,holmberg,4.119191919191919,30,150,completo,12322.0,True,-1,0,30.0,4.555525712,0.0,12322.0,12322.0,otimo_publicado,"[[0.28871323199928156, 21531.0], [0.40344067700061714, 12470.999999999985], [0.9760163779974391, 12390.0], [0.9905138699978124, 12373.0], [3.3125721929973224, 12371.0], [4.02712524099843, 12351.0], [4.285523419999663, 12333.0], [4.3555273019992455, 12330.0], [4.376050777998898, 12322.0]]",4.555525712,4.555430629,0.9999791279852182,False,75.0,1449.12890625,3,107.0,True,1.0,1.0,a6c89e67e1516fe42fe2,,,,,,,,,,,,,
holmberg_p27,holmberg,4.119191919191919,30,150,hibrido:rotacao,12322.0,True,-1,0,30.0,29.951620369,0.0,12322.0,12322.0,otimo_publicado,"[[0.09241678600301384, 15259.0], [0.11414982200221857, 13863.000000000007], [0.2937551080030971, 13801.000000000004], [0.8940592670041951, 13330.0], [3.131362275002175, 13329.0], [3.1429618440051854, 13328.0], [3.171093896002276, 13328.0], [3.2373072240006877, 12783.999999999998], [3.2904143700034183, 12692.999999999998], [3.5183573180001986, 12648.0], [3.5304587650025496, 12539.0], [3.6396056410012534, 12539.0], [3.7736968610042823, 12470.999999999985], [4.205222625001625, 12390.0], [6.568495532999805, 12390.0], [9.402515022000443, 12380.0], [11.182814495001367, 12371.0], [11.880977919001452, 12370.0], [11.970309552001709, 12337.0], [12.216485873999773, 12324.0], [12.26322391100257, 12322.0], [12.3119799720007, 12322.0]]",29.951620369,29.951001149,0.9999793259933062,False,75.0,1449.12890625,3,,,,,a6c89e67e1516fe42fe2,12.311840611000662,12322.0,923.0,923.0,139.0,"{""interior"": 231, ""fronteira"": 231, ""liberacao"": 231, ""regret"": 230, ""abertura"": 0}","{""interior"": 0, ""fronteira"": 0, ""liberacao"": 0, ""regret"": 0, ""abertura"": 0}",0.7356185049502528,16.70881142395956,0.0,674.0,0.0,
holmberg_p27,holmberg,4.119191919191919,30,150,hibrido:rotacao,12322.0,True,-1,1,30.0,29.952773185,0.0,12322.0,12322.0,otimo_publicado,"[[0.09330842400231631, 15259.0], [0.11486650500228279, 13863.000000000007], [0.29485771100371494, 13801.000000000004], [0.7691663110017544, 13330.0], [2.882849494002585, 13328.0], [3.6274469530071656, 13328.0], [3.6923598000066704, 12783.999999999998], [3.7451516830042237, 12692.999999999998], [3.9730298800059245, 12648.0], [3.9851406320049136, 12539.0], [4.242574913005228, 12539.0], [4.379985039002349, 12470.999999999985], [4.892142243003036, 12390.0], [6.726125035002042, 12390.0], [8.250257111001702, 12373.0], [10.722167808002268, 12345.0], [10.76354710200394, 12330.0], [10.950902709002548, 12328.0], [10.977369893003925, 12322.0], [11.011766637999244, 12322.0]]",29.952773185,29.951661505,0.9999628855734615,False,75.0,1901.265625,1,,,,,a6c89e67e1516fe42fe2,11.011640335000266,12322.0,999.0,999.0,102.0,"{""interior"": 250, ""fronteira"": 250, ""liberacao"": 250, ""regret"": 249, ""abertura"": 0}","{""interior"": 0, ""fronteira"": 0, ""liberacao"": 0, ""regret"": 0, ""abertura"": 0}",0.7950622899988957,17.948204975979024,0.0,731.0,0.0,
holmberg_p27,holmberg,4.119191919191919,30,150,hibrido:rotacao,12322.0,True,-1,2,30.0,29.982407006,0.0,12322.0,12322.0,otimo_publicado,"[[0.08981392400164623, 15259.0], [0.11108704400248826, 13863.000000000007], [0.2903939980024006, 13801.000000000004], [0.8873035310025443, 13330.0], [3.5645653890023823, 13328.0], [3.610261324996827, 13328.0], [3.675499048000347, 12783.999999999998], [3.728164749998541, 12692.999999999998], [3.9553595349971147, 12648.0], [3.9674978369985183, 12539.0], [4.3114103359985165, 12539.0], [4.447547586998553, 12470.999999999985], [4.893533976999606, 12390.0], [4.918850432000909, 12383.0], [4.921020097001019, 12373.0], [6.711857690996112, 12373.0], [11.217123434995301, 12357.0], [11.402919674997975, 12351.0], [11.619274950997351, 12339.0], [11.655695440997079, 12331.0], [11.76225546799833, 12330.0], [11.943370362998394, 12324.0], [12.012760288995196, 12322.0], [12.017219566998392, 12322.0]]",29.982407006,29.981383499,0.9999658630809796,False,75.0,1901.265625,1,,,,,a6c89e67e1516fe42fe2,12.017069375000574,12322.0,942.0,942.0,170.0,"{""interior"": 236, ""fronteira"": 236, ""liberacao"": 235, ""regret"": 235, ""abertura"": 0}","{""interior"": 0, ""fronteira"": 0, ""liberacao"": 0, ""regret"": 0, ""abertura"": 0}",0.7514027690558578,17.02767690807741,0.0,687.0,0.0,
holmberg_p27,holmberg,4.119191919191919,30,150,hibridopl:rotacao,12322.0,True,-1,0,30.0,29.951818304,0.0,12322.0,12322.0,otimo_publicado,"[[0.08584450900161755, 13484.0], [0.10912858700248762, 12470.999999999985], [1.0776234500044666, 12342.0], [1.8956967540034384, 12322.0], [3.3435351510051987, 12322.0], [5.497986196001875, 12322.0]]",29.951818304,29.951196696,0.9999792464018815,False,75.0,1449.12890625,3,,,,,a6c89e67e1516fe42fe2,5.49785661200076,12322.0,1289.0,1289.0,15.0,"{""interior"": 323, ""fronteira"": 322, ""liberacao"": 322, ""regret"": 322, ""abertura"": 0}","{""interior"": 0, ""fronteira"": 0, ""liberacao"": 0, ""regret"": 0, ""abertura"": 0}",1.0304864420031663,23.151634339006705,0.0,950.0,0.0,
holmberg_p27,holmberg,4.119191919191919,30,150,hibridopl:rotacao,12322.0,True,-1,1,30.0,29.953328874,0.0,12322.0,12322.0,otimo_publicado,"[[0.08505262699327432, 13484.0], [0.10791579199576518, 12470.999999999985], [0.9375399429954996, 12427.0], [0.9614317749947077, 12389.0], [2.1410812489957607, 12351.0], [2.417455708993657, 12339.0], [2.4458500019936764, 12336.0], [2.5291602589932154, 12322.0], [2.5844823340012226, 12322.0], [5.454332712000905, 12322.0]]",29.953328874,29.951870819,0.9999513224387803,False,75.0,1436.55078125,2,,,,,a6c89e67e1516fe42fe2,5.454197887000191,12322.0,1302.0,1302.0,93.0,"{""interior"": 326, ""fronteira"": 326, ""liberacao"": 325, ""regret"": 325, ""abertura"": 0}","{""interior"": 0, ""fronteira"": 0, ""liberacao"": 0, ""regret"": 0, ""abertura"": 0}",1.0318172230072378,23.2099801770637,0.0,962.0,0.0,
holmberg_p27,holmberg,4.119191919191919,30,150,hibridopl:rotacao,12322.0,True,-1,2,30.0,29.955199523,0.0,12322.0,12322.0,otimo_publicado,"[[0.08597430100053316, 13484.0], [0.10893884400138631, 12470.999999999985], [1.096333172001323, 12409.0], [1.9246240169995872, 12322.0], [3.2032971260014165, 12322.0], [6.176734098000452, 12322.0], [8.210558346003381, 12322.0], [11.147519714999362, 12322.0]]",29.955199523,29.953507076,0.9999435007268538,False,75.0,1436.55078125,2,,,,,a6c89e67e1516fe42fe2,11.147365755001374,12322.0,987.0,987.0,3.0,"{""interior"": 247, ""fronteira"": 247, ""liberacao"": 247, ""regret"": 246, ""abertura"": 0}","{""interior"": 0, ""fronteira"": 0, ""liberacao"": 0, ""regret"": 0, ""abertura"": 0}",0.7875368129971321,17.828135866056982,0.0,720.0,0.0,
holmberg_p27,holmberg,4.119191919191919,30,150,kernel,12322.0,True,-1,0,30.0,11.238653045,0.0,12322.0,12322.0,otimo_publicado,"[[0.08533425500354497, 13484.0], [0.10866313200313016, 12470.999999999985], [1.0712239470049099, 12342.0], [1.888288674002979, 12322.0], [3.3404171700021834, 12322.0], [7.072014402001514, 12322.0], [9.18543084200428, 12322.0]]",11.238653045,11.238357386,0.9999736926659435,False,75.0,1901.265625,1,17.0,,0.3,4.0,a6c89e67e1516fe42fe2,,,,,,,,,,,,,0.03865224600303918
holmberg_p28,holmberg,4.119191919191919,30,150,adaptativa:gnn,13722.0,True,0,0,30.0,9.802437,0.0,13722.0,13722.0,otimo_publicado,"[[0.11964251300378237, 17059.0], [0.14278567700239364, 15564.00000000001], [0.15997168800095096, 15545.000000000002], [0.17668412300554337, 15521.0], [0.19358610300696455, 15503.000000000005], [0.3116764580045128, 15493.000000000002], [0.5502417120005703, 14741.0], [5.785435139005131, 14722.999999999998], [5.797141045004537, 14718.0], [5.950441492001119, 14694.0], [6.002071478003927, 14685.0], [6.061265110001841, 14684.0], [6.138284485998156, 14684.0], [6.236376512002607, 14134.0], [6.46959264799807, 13953.0], [7.709440992999589, 13939.0], [7.793703063005523, 13939.0], [8.399748153002292, 13726.0], [8.424748665005609, 13724.0], [8.861916057001508, 13722.0]]",9.802437,9.801981066,0.9999534876888267,False,75.0,1436.56640625,2,68.0,True,0.7,3.0,a6c89e67e1516fe42fe2,,,,,,,,,,,,,
holmberg_p28,holmberg,4.119191919191919,30,150,adaptativa:pl,13722.0,True,-1,0,30.0,6.139884299,0.0,13722.0,13722.0,otimo_publicado,"[[0.11357349500030978, 15284.0], [0.13929203899897402, 14296.000000000002], [1.156344299997727, 13724.0], [3.817781831996399, 13722.0], [3.8930095079995226, 13722.0]]",6.139884299,6.139772846,0.9999818477035441,False,75.0,1493.08984375,3,42.0,True,0.5333333333333333,2.0,a6c89e67e1516fe42fe2,,,,,,,,,,,,,
holmberg_p28,holmberg,4.119191919191919,30,150,completo,13722.0,True,-1,0,30.0,7.973713345,0.0,13722.0,13722.0,otimo_publicado,"[[0.28785108200099785, 26931.0], [0.41159942299418617, 14296.000000000002], [1.005670040998666, 14013.0], [1.0299699289971613, 13980.0], [1.032640632998664, 13975.0], [1.8783913949955604, 13927.0], [6.892648891000135, 13813.0], [7.360570595999889, 13773.0], [7.706975312001305, 13725.0], [7.919368527000188, 13722.0]]",7.973713345,7.972175942,0.999807191087329,False,75.4,1436.56640625,2,106.0,True,1.0,1.0,a6c89e67e1516fe42fe2,,,,,,,,,,,,,
holmberg_p28,holmberg,4.119191919191919,30,150,hibrido:rotacao,13722.0,True,-1,0,30.0,29.957136898,0.0,13722.0,13722.0,otimo_publicado,"[[0.11684687498927815, 17059.0], [0.1398856419909862, 15564.00000000001], [0.15674817698891275, 15545.000000000002], [0.17326543298986508, 15521.0], [0.1899170999895432, 15503.000000000005], [0.30729370198969264, 15493.000000000002], [0.5454803869943134, 14741.0], [3.647396870997909, 14741.0], [3.762692596996203, 14487.999999999995], [3.8086074059974635, 14254.999999999995], [3.8223286060019745, 14244.000000000005], [3.85133519199735, 14197.0], [3.9026488800009247, 14164.000000000007], [4.007807791000232, 13966.0], [4.842296178998367, 13941.999999999998], [4.857808212000236, 13939.0], [5.148781684998539, 13939.0], [5.759541879997414, 13726.0], [5.785729085000639, 13724.0], [6.223505440000736, 13722.0], [7.165869605996704, 13722.0]]",29.957136898,29.955016458,0.9999292175347991,False,75.2,1436.56640625,2,,,,,a6c89e67e1516fe42fe2,7.165729822001595,13722.0,1233.0,1233.0,3.0,"{""interior"": 309, ""fronteira"": 308, ""liberacao"": 308, ""regret"": 308, ""abertura"": 0}","{""interior"": 0, ""fronteira"": 0, ""liberacao"": 0, ""regret"": 0, ""abertura"": 0}",0.962758874942665,21.595736636139918,0.0,908.0,0.0,
holmberg_p28,holmberg,4.119191919191919,30,150,hibrido:rotacao,13722.0,True,-1,1,30.0,29.951362172,0.0,13722.0,13722.0,otimo_publicado,"[[0.1206493319987203, 17059.0], [0.14414520599530078, 15564.00000000001], [0.16131582299567526, 15545.000000000002], [0.178269685995474, 15521.0], [0.19523338200087892, 15503.000000000005], [0.3137573159983731, 15493.000000000002], [0.5436014399965643, 14741.0], [3.6500873459954164, 14741.0], [3.7659094639966497, 14487.999999999995], [3.8126649229961913, 14254.999999999995], [3.826622498992947, 14244.000000000005], [3.85584930999903, 14197.0], [3.907504846996744, 14164.000000000007], [4.020971437996195, 13966.0], [4.8247984149929835, 13963.0], [6.078111833994626, 13951.0], [6.374656300002243, 13951.0], [8.684359045997553, 13951.0], [9.266384735994507, 13947.0], [10.889275349996751, 13884.0], [12.821192230992892, 13722.0], [14.688489700994978, 13722.0]]",29.951362172,29.950341966,0.9999659379097972,False,75.0,1901.265625,1,,,,,a6c89e67e1516fe42fe2,14.688356695995026,13722.0,793.0,793.0,4.0,"{""interior"": 199, ""fronteira"": 198, ""liberacao"": 198, ""regret"": 198, ""abertura"": 0}","{""interior"": 0, ""fronteira"": 0, ""liberacao"": 0, ""regret"": 0, ""abertura"": 0}",0.6251257459371118,14.4808536100536,0.0,576.0,0.0,
holmberg_p28,holmberg,4.119191919191919,30,150,hibrido:rotacao,13724.0,True,-1,2,30.0,29.968756057,0.0,13722.0,13722.0,otimo_publicado,"[[0.11714673700043932, 17059.0], [0.14023483199707698, 15564.00000000001], [0.15709986200090498, 15545.000000000002], [0.1737232329978724, 15521.0], [0.19044582700007595, 15503.000000000005], [0.30762524499732535, 15493.000000000002], [0.5480026439981884, 14741.0], [3.6485043419961585, 14741.0], [3.763307547997101, 14487.999999999995], [3.809621545995469, 14254.999999999995], [3.823529506000341, 14244.000000000005], [3.8527022899943404, 14197.0], [3.904510479995224, 14164.000000000007], [4.018530046996602, 13966.0], [4.661432528999285, 13957.0], [5.254987191998225, 13950.0], [6.3727712640029495, 13950.0], [6.83769707200554, 13941.0], [8.72094744900096, 13941.0], [11.294908119998581, 13730.0], [12.786573014003807, 13724.0], [14.688514247005514, 13724.0]]",29.968756057,29.967164786,0.999946902333985,False,75.3,1493.08984375,3,,,,,a6c89e67e1516fe42fe2,14.688369077004609,13724.0,791.0,791.0,4.0,"{""interior"": 198, ""fronteira"": 198, ""liberacao"": 198, ""regret"": 197, ""abertura"": 0}","{""interior"": 0, ""fronteira"": 0, ""liberacao"": 0, ""regret"": 0, ""abertura"": 0}",0.6316006290799123,14.481916476965125,0.0,571.0,0.0,
holmberg_p28,holmberg,4.119191919191919,30,150,hibridopl:rotacao,13722.0,True,-1,0,30.0,30.079146342,0.07914634200000137,13722.0,13722.0,otimo_publicado,"[[0.11042851399542997, 15284.0], [0.13596249199326849, 14296.000000000002], [1.1496499209970352, 13724.0], [3.8170436379950843, 13724.0], [5.668144516996108, 13722.0], [5.9294878330038046, 13722.0]]",30.079146342,30.07853434,0.9999796536114076,False,75.0,1493.08984375,3,,,,,a6c89e67e1516fe42fe2,5.9293545030013775,13722.0,1279.0,1279.0,2.0,"{""interior"": 320, ""fronteira"": 320, ""liberacao"": 320, ""regret"": 319, ""abertura"": 0}","{""interior"": 0, ""fronteira"": 0, ""liberacao"": 0, ""regret"": 0, ""abertura"": 0}",1.0096121030001086,22.873796117986785,0.0,942.0,0.0,
holmberg_p28,holmberg,4.119191919191919,30,150,hibridopl:rotacao,13722.0,True,-1,1,30.0,29.956428007,0.0,13722.0,13722.0,otimo_publicado,"[[0.11264280199975474, 15284.0], [0.13825723699847003, 14296.000000000002], [1.3071076599953813, 13724.0], [3.64974694900593, 13724.0], [4.927832503002719, 13722.0], [5.186073970995494, 13722.0]]",29.956428007,29.954994082,0.9999521329779484,False,75.0,1436.56640625,2,,,,,a6c89e67e1516fe42fe2,5.18594025499624,13722.0,1309.0,1309.0,2.0,"{""interior"": 328, ""fronteira"": 327, ""liberacao"": 327, ""regret"": 327, ""abertura"": 0}","{""interior"": 0, ""fronteira"": 0, ""liberacao"": 0, ""regret"": 0, ""abertura"": 0}",1.0394118999902275,23.475341919984203,0.0,967.0,0.0,
holmberg_p28,holmberg,4.119191919191919,30,150,hibridopl:rotacao,13722.0,True,-1,2,30.0,29.973304124,0.0,13722.0,13722.0,otimo_publicado,"[[0.1131188990038936, 15284.0], [0.13871090500470018, 14296.000000000002], [1.2940903790076845, 13724.0], [2.9182226630073274, 13722.0], [2.9531831100030104, 13722.0], [5.829300748002424, 13722.0], [8.198617227004434, 13722.0], [10.753026999002032, 13722.0]]",29.973304124,29.970462032,0.9999051792225427,False,75.3,1901.265625,1,,,,,a6c89e67e1516fe42fe2,10.752891408999858,13722.0,975.0,975.0,3.0,"{""interior"": 244, ""fronteira"": 244, ""liberacao"": 244, ""regret"": 243, ""abertura"": 0}","{""interior"": 0, ""fronteira"": 0, ""liberacao"": 0, ""regret"": 0, ""abertura"": 0}",0.7692670439864742,18.26124549710221,0.0,711.0,0.0,
holmberg_p28,holmberg,4.119191919191919,30,150,kernel,13722.0,True,-1,0,30.0,8.225834133,0.0,13722.0,13722.0,otimo_publicado,"[[0.11247012300009374, 15284.0], [0.1380359960021451, 14296.000000000002], [1.1503797550030868, 13724.0], [3.8123916890035616, 13722.0], [3.8902902390036616, 13722.0], [6.154750988003798, 13722.0], [7.055652762996033, 13722.0]]",8.225834133,8.225685108,0.9999818832962603,False,75.0,1493.08984375,3,44.0,,0.3,4.0,a6c89e67e1516fe42fe2,,,,,,,,,,,,,0.06606652800110169
holmberg_p29,holmberg,3.0303030303030303,30,150,adaptativa:gnn,12371.0,True,0,0,30.0,17.628615965,0.0,12371.0,12371.0,otimo_publicado,"[[0.10792845399919315, 23404.0], [0.13906013800078654, 17059.000000000004], [1.2376765879998857, 14302.0], [1.4589698029994906, 13897.0], [4.066995127999689, 13892.0], [4.068492869999318, 13888.0], [4.135088267998071, 13888.0], [6.085348264998174, 13888.0], [6.279208305000793, 13655.999999999996], [6.441887336000946, 13390.999999999998], [6.743501512999501, 13386.00000000001], [7.3865466869974625, 12521.0], [7.731032312000025, 12393.0], [11.19761815399761, 12371.0], [12.012618079999811, 12371.0]]",17.628615965,17.62810869,0.9999712243433627,False,75.0,1121.1640625,1,35.0,True,1.0,4.0,a6c89e67e1516fe42fe2,,,,,,,,,,,,,
holmberg_p29,holmberg,3.0303030303030303,30,150,adaptativa:pl,12371.0,True,-1,0,30.0,22.467821632,0.0,12371.0,12371.0,otimo_publicado,"[[0.09471567400032654, 15535.0], [0.40264534700327204, 13571.000000000002], [0.9522848850028822, 12655.0], [3.586960718002956, 12556.0], [4.022360082002706, 12553.0], [7.185423180999351, 12553.0], [11.01137255499998, 12449.999999999995], [11.224102891999792, 12399.0], [11.408708835999278, 12394.0], [11.587845911999466, 12383.0], [11.853448966001451, 12380.0], [12.001981159002753, 12376.0], [12.629221867002343, 12376.0], [15.399447766001686, 12371.0], [16.79082352599653, 12371.0]]",22.467821632,22.466992175,0.9999630824468172,False,75.0,1744.265625,1,263.0,True,1.0,4.0,a6c89e67e1516fe42fe2,,,,,,,,,,,,,
holmberg_p29,holmberg,3.0303030303030303,30,150,completo,12371.0,True,-1,0,30.0,13.642081749,0.0,12371.0,12371.0,otimo_publicado,"[[0.1558640410003136, 19305.0], [0.2651069029998325, 13970.000000000005], [0.39987858799941023, 13924.000000000002], [0.5443650010020065, 13080.999999999996], [1.6939306810018024, 12651.0], [4.443778168999415, 12371.0]]",13.642081749,13.64171435,0.9999730686997219,False,75.0,882.75,3,1.0,True,1.0,1.0,a6c89e67e1516fe42fe2,,,,,,,,,,,,,
holmberg_p29,holmberg,3.0303030303030303,30,150,hibrido:rotacao,12371.0,True,-1,0,30.0,29.957797658,0.0,12371.0,12371.0,otimo_publicado,"[[0.10808963099771063, 23404.0], [0.13905704099670402, 17059.000000000004], [1.2369779429973278, 14302.0], [1.4575300209944544, 13897.0], [3.629829476998566, 13897.0], [4.451640823997877, 13891.0], [6.542631427997549, 13891.0], [6.739557068998693, 13655.999999999996], [6.902466079998703, 13390.999999999998], [7.205231301999447, 13386.00000000001], [7.851720119997481, 12521.0], [8.100269884998852, 12392.0], [8.452841329995863, 12392.0], [9.342372791994421, 12389.0], [10.5098084239944, 12380.0], [12.779490587996406, 12371.0], [14.677135655998427, 12371.0]]",29.957797658,29.956588313,0.9999596317121237,False,75.0,1120.93359375,1,,,,,a6c89e67e1516fe42fe2,14.676994908997585,12371.0,970.0,970.0,4.0,"{""interior"": 243, ""fronteira"": 243, ""liberacao"": 242, ""regret"": 242, ""abertura"": 0}","{""interior"": 0, ""fronteira"": 0, ""liberacao"": 0, ""regret"": 0, ""abertura"": 0}",0.5738265119543939,14.530589750018407,0.0,868.0,0.0,
holmberg_p29,holmberg,3.0303030303030303,30,150,hibrido:rotacao,12376.0,True,-1,1,30.0,29.951555421,0.0,12371.0,12371.0,otimo_publicado,"[[0.10717294099595165, 23404.0], [0.13780152399704093, 17059.000000000004], [1.2324055309982214, 14043.0], [1.4734621189963946, 13898.0], [3.5294533819978824, 13897.0], [3.5328270079953654, 13891.0], [3.5505018619987823, 13890.0], [3.6298507939973206, 13890.0], [6.351328274999105, 13890.0], [6.545991987997695, 13655.999999999996], [6.7097226709956885, 13390.999999999998], [7.730440081995766, 13112.0], [8.042574614995829, 12386.0], [8.640565488996799, 12386.0], [9.472900671997195, 12382.0], [10.484467225996923, 12381.0], [11.899273168997752, 12376.0], [14.684844442999747, 12376.0]]",29.951555421,29.95005057,0.9999497571669034,False,75.0,1280.6875,2,,,,,a6c89e67e1516fe42fe2,14.684699150999222,12376.0,928.0,928.0,53.0,"{""interior"": 232, ""fronteira"": 232, ""liberacao"": 232, ""regret"": 232, ""abertura"": 0}","{""interior"": 0, ""fronteira"": 0, ""liberacao"": 0, ""regret"": 0, ""abertura"": 0}",0.5360228460085636,14.565141475024575,0.0,821.0,0.0,
holmberg_p29,holmberg,3.0303030303030303,30,150,hibrido:rotacao,12371.0,True,-1,2,30.0,29.951334791,0.0,12371.0,12371.0,otimo_publicado,"[[0.10910248800428235, 23404.0], [0.14091425400329172, 17059.000000000004], [1.2483108270025696, 14043.0], [1.4037480860024516, 13909.0], [2.3185876960014866, 13889.000000000002], [3.6312558430072386, 13889.0], [4.258564281008148, 13888.0], [6.353875846005394, 13888.0], [6.556673325005249, 13655.999999999996], [6.721466851005971, 13390.999999999998], [8.001948762004758, 12647.0], [8.444521689001704, 12647.0], [9.551027594003244, 12385.0], [13.98881094400349, 12372.0], [14.446220339003048, 12371.0], [14.675105861999327, 12371.0]]",29.951334791,29.950111601,0.9999591607516481,False,75.0,1368.94921875,3,,,,,a6c89e67e1516fe42fe2,14.674957396000536,12371.0,924.0,924.0,4.0,"{""interior"": 231, ""fronteira"": 231, ""liberacao"": 231, ""regret"": 231, ""abertura"": 0}","{""interior"": 0, ""fronteira"": 0, ""liberacao"": 0, ""regret"": 0, ""abertura"": 0}",0.5470022070076084,14.553607179987011,0.0,837.0,0.0,
holmberg_p29,holmberg,3.0303030303030303,30,150,hibridopl:rotacao,12371.0,True,-1,0,30.0,29.978420881,0.0,12371.0,12371.0,otimo_publicado,"[[0.09556399499706458, 15535.0], [0.40391097399697173, 13571.000000000002], [0.9544060899970646, 12655.0], [3.6215025519959454, 12655.0], [4.479311401995801, 12429.0], [5.85424806199444, 12382.0], [6.581786723996629, 12382.0], [8.150641390995588, 12371.0], [8.448651753999002, 12371.0], [14.096581942001649, 12371.0]]",29.978420881,29.977582644,0.9999720386539596,False,75.0,1389.27734375,3,,,,,a6c89e67e1516fe42fe2,14.09642746299869,12371.0,1011.0,1011.0,26.0,"{""interior"": 253, ""fronteira"": 253, ""liberacao"": 253, ""regret"": 252, ""abertura"": 0}","{""interior"": 0, ""fronteira"": 0, ""liberacao"": 0, ""regret"": 0, ""abertura"": 0}",0.5848366290629201,15.116206633967522,0.0,907.0,0.0,
holmberg_p29,holmberg,3.0303030303030303,30,150,hibridopl:rotacao,12371.0,True,-1,1,30.0,29.962445103,0.0,12371.0,12371.0,otimo_publicado,"[[0.2287857660012378, 15535.0], [0.528329445001873, 12900.0], [0.8236901490017772, 12664.0], [3.628472308999335, 12664.0], [4.422010088001116, 12399.0], [5.889879720998579, 12377.0], [6.35428998000134, 12377.0], [8.443246718001319, 12377.0], [10.089043783998932, 12371.0], [13.86777299700043, 12371.0]]",29.962445103,29.960787308,0.99994467090405,False,75.0,1290.70703125,2,,,,,a6c89e67e1516fe42fe2,13.867615038998338,12371.0,1011.0,1011.0,5.0,"{""interior"": 253, ""fronteira"": 253, ""liberacao"": 253, ""regret"": 252, ""abertura"": 0}","{""interior"": 0, ""fronteira"": 0, ""liberacao"": 0, ""regret"": 0, ""abertura"": 0}",0.5770573860463628,15.344049431962048,0.0,897.0,0.0,
holmberg_p29,holmberg,3.0303030303030303,30,150,hibridopl:rotacao,12371.0,True,-1,2,30.0,29.973762997,0.0,12371.0,12371.0,otimo_publicado,"[[0.09559949199683615, 15535.0], [0.404707725996559, 13571.000000000002], [0.9555606859976251, 12655.0], [3.831375304998801, 12655.0], [4.63201682199724, 12650.0], [6.359421488996304, 12650.0], [7.16440687299837, 12544.0], [7.386095466998086, 12399.0], [8.446666332998575, 12399.0], [9.473439641998993, 12390.0], [10.792070681996847, 12376.0], [13.137146740999015, 12371.0], [14.67624059299851, 12371.0]]",29.973762997,29.972308044,0.9999514591144213,False,75.0,1119.3828125,1,,,,,a6c89e67e1516fe42fe2,14.676097819999995,12371.0,927.0,927.0,16.0,"{""interior"": 232, ""fronteira"": 232, ""liberacao"": 232, ""regret"": 231, ""abertura"": 0}","{""interior"": 0, ""fronteira"": 0, ""liberacao"": 0, ""regret"": 0, ""abertura"": 0}",0.5586258969378832,14.56578470407112,0.0,839.0,0.0,
holmberg_p29,holmberg,3.0303030303030303,30,150,kernel,12371.0,True,-1,0,30.0,16.11763429,0.0,12371.0,12371.0,otimo_publicado,"[[0.09908966200237046, 14539.0], [0.13021280700195348, 13695.000000000005], [0.3409948680018715, 13504.999999999993], [1.0572885110013885, 12421.0], [3.3021697140029573, 12395.0], [6.49061931000324, 12371.0], [7.2058833749979385, 12371.0], [12.694628788001864, 12371.0]]",16.11763429,16.117275394,0.9999777327122863,False,75.0,1389.59375,3,43.0,,0.4,3.0,a6c89e67e1516fe42fe2,,,,,,,,,,,,,0.03872297600173624
holmberg_p3,holmberg,1.7396978021978022,10,50,adaptativa:gnn,9314.0,True,0,0,30.0,0.393872503,0.0,9314.0,9314.0,otimo_publicado,"[[0.020973435002815677, 16199.0], [0.027306416002829792, 15127.0], [0.08378192000236595, 14930.0], [0.15190501300457981, 14788.0], [0.1834422360007011, 14788.0], [0.2643390690027445, 14788.0], [0.3536073950017453, 14788.0], [0.3637874140040367, 10126.0], [0.37884809900424443, 9425.999999999996], [0.39149237100355094, 9314.0]]",0.393872503,0.39387673,1.0000107318992004,False,75.3,1436.55078125,2,4.0,True,1.0,4.0,a6c89e67e1516fe42fe2,,,,,,,,,,,,,
holmberg_p3,holmberg,1.7396978021978022,10,50,adaptativa:pl,9314.0,True,-1,0,30.0,0.114520377,0.0,9314.0,9314.0,otimo_publicado,"[[0.018161736996262334, 9861.0], [0.029914354996435577, 9425.999999999996], [0.03731048399640713, 9314.0], [0.04617685099947266, 9314.0], [0.08675404799578246, 9314.0]]",0.114520377,0.114525415,1.0000439921709303,False,73.9,1436.55078125,2,3.0,True,0.9,3.0,a6c89e67e1516fe42fe2,,,,,,,,,,,,,
holmberg_p3,holmberg,1.7396978021978022,10,50,completo,9314.0,True,-1,0,30.0,0.047990315,0.0,9314.0,9314.0,otimo_publicado,"[[0.018109091000951594, 10126.0], [0.03314175600098679, 9425.999999999996], [0.04573420700035058, 9314.0]]",0.047990315,0.047994239,1.0000817664980945,False,75.0,1436.55078125,2,1.0,True,1.0,1.0,a6c89e67e1516fe42fe2,,,,,,,,,,,,,
holmberg_p3,holmberg,1.7396978021978022,10,50,hibrido:rotacao,9314.0,True,-1,0,30.0,29.952299779,0.0,9314.0,9314.0,otimo_publicado,"[[0.020544738999888068, 16199.0], [0.02684654699987732, 15127.0], [0.08345899200139684, 14930.0], [0.15184388600027887, 14788.0], [0.18333294200056116, 14788.0], [0.27045265400374774, 14788.0], [0.3547149170008197, 14788.0], [0.36490169299941044, 10126.0], [0.37995685300120385, 9425.999999999996], [0.39251844699901994, 9314.0], [0.3947836400002416, 9314.0]]",29.952299779,29.95115188,0.9999616757641827,False,75.0,1901.265625,1,,,,,a6c89e67e1516fe42fe2,0.3946568399987882,9314.0,2102.0,2102.0,4.0,"{""interior"": 526, ""fronteira"": 526, ""liberacao"": 525, ""regret"": 525, ""abertura"": 0}","{""interior"": 0, ""fronteira"": 0, ""liberacao"": 0, ""regret"": 0, ""abertura"": 0}",0.7513606560569315,28.452472637891333,0.0,2084.0,0.0,
holmberg_p3,holmberg,1.7396978021978022,10,50,hibrido:rotacao,9314.0,True,-1,1,30.0,29.950726161,0.0,9314.0,9314.0,otimo_publicado,"[[0.020607173999451334, 16199.0], [0.026970301998517243, 15127.0], [0.08359880299758515, 14930.0], [0.15239533599742572, 14787.999999999998], [0.18418031699911808, 14788.0], [0.26555182200172567, 14788.0], [0.35769355300362804, 14788.0], [0.3680001760039886, 10126.0], [0.38323151800068445, 9425.999999999996], [0.39585667900246335, 9314.0], [0.398141179997765, 9314.0]]",29.950726161,29.950093761,0.9999788853199552,False,75.0,1449.12890625,3,,,,,a6c89e67e1516fe42fe2,0.39801127099781297,9314.0,2150.0,2150.0,4.0,"{""interior"": 538, ""fronteira"": 538, ""liberacao"": 537, ""regret"": 537, ""abertura"": 0}","{""interior"": 0, ""fronteira"": 0, ""liberacao"": 0, ""regret"": 0, ""abertura"": 0}",0.7645681469293777,28.415322350909264,0.0,2132.0,0.0,
holmberg_p3,holmberg,1.7396978021978022,10,50,hibrido:rotacao,9314.0,True,-1,2,30.0,29.965567502,0.0,9314.0,9314.0,otimo_publicado,"[[0.020481760999246035, 16199.0], [0.02689268099857145, 15127.0], [0.08336092899844516, 14930.0], [0.15254929199727485, 14788.0], [0.18425582800409757, 14788.0], [0.26539521800077637, 14788.0], [0.4902763079990109, 14788.0], [0.5006770379986847, 10126.0], [0.5158457700017607, 9425.999999999996], [0.528431939001166, 9314.0], [0.530656054001156, 9314.0]]",29.965567502,29.964434442,0.9999621879345377,False,75.0,1901.265625,1,,,,,a6c89e67e1516fe42fe2,0.5305249450029805,9314.0,2202.0,2202.0,4.0,"{""interior"": 551, ""fronteira"": 551, ""liberacao"": 550, ""regret"": 550, ""abertura"": 0}","{""interior"": 0, ""fronteira"": 0, ""liberacao"": 0, ""regret"": 0, ""abertura"": 0}",0.7781844920791627,28.294422476898035,0.0,2184.0,0.0,
holmberg_p3,holmberg,1.7396978021978022,10,50,hibridopl:rotacao,9314.0,True,-1,0,30.0,29.951480867,0.0,9314.0,9314.0,otimo_publicado,"[[0.020744339999509975, 9861.0], [0.032538632996875094, 9425.999999999996], [0.040011049997701775, 9314.0], [0.04904630199962412, 9314.0], [0.0861369329977606, 9314.0], [0.1140007570029411, 9314.0]]",29.951480867,29.950017262,0.9999511341356877,False,75.0,1436.55078125,2,,,,,a6c89e67e1516fe42fe2,0.11385077900195029,9314.0,2129.0,2129.0,3.0,"{""interior"": 533, ""fronteira"": 532, ""liberacao"": 532, ""regret"": 532, ""abertura"": 0}","{""interior"": 0, ""fronteira"": 0, ""liberacao"": 0, ""regret"": 0, ""abertura"": 0}",0.7497017610694456,28.72924353909184,0.0,2111.0,0.0,
holmberg_p3,holmberg,1.7396978021978022,10,50,hibridopl:rotacao,9314.0,True,-1,1,30.0,29.981927073,0.0,9314.0,9314.0,otimo_publicado,"[[0.01812506799979019, 9861.0], [0.029985232999024447, 9425.999999999996], [0.037471438001375645, 9314.0], [0.04891987700466416, 9314.0], [0.08650813300118898, 9314.0], [0.11471691000042483, 9314.0]]",29.981927073,29.981337968,0.9999803513297005,False,75.0,1449.12890625,3,,,,,a6c89e67e1516fe42fe2,0.11459292600193294,9314.0,2182.0,2182.0,3.0,"{""interior"": 546, ""fronteira"": 546, ""liberacao"": 545, ""regret"": 545, ""abertura"": 0}","{""interior"": 0, ""fronteira"": 0, ""liberacao"": 0, ""regret"": 0, ""abertura"": 0}",0.780537150993041,28.70779805800339,0.0,2164.0,0.0,
holmberg_p3,holmberg,1.7396978021978022,10,50,hibridopl:rotacao,9314.0,True,-1,2,30.0,29.953577646,0.0,9314.0,9314.0,otimo_publicado,"[[0.018018031001702184, 9861.0], [0.0297748449993378, 9425.999999999996], [0.03721533700081636, 9314.0], [0.04601836200163234, 9314.0], [0.08689242399850627, 9314.0], [0.11465760200007935, 9314.0]]",29.953577646,29.952182313,0.9999534168166324,False,75.0,1436.55078125,2,,,,,a6c89e67e1516fe42fe2,0.11450772600073833,9314.0,2231.0,2231.0,3.0,"{""interior"": 558, ""fronteira"": 558, ""liberacao"": 558, ""regret"": 557, ""abertura"": 0}","{""interior"": 0, ""fronteira"": 0, ""liberacao"": 0, ""regret"": 0, ""abertura"": 0}",0.7811853909879574,28.685827182904177,0.0,2213.0,0.0,
holmberg_p3,holmberg,1.7396978021978022,10,50,kernel,9314.0,True,-1,0,30.0,0.079175619,0.0,9314.0,9314.0,otimo_publicado,"[[0.017756325003574602, 9861.0], [0.02960048200111487, 9425.999999999996], [0.037146136000956176, 9314.0], [0.04964501900030882, 9314.0]]",0.079175619,0.079180395,1.0000603215997592,False,75.0,1449.12890625,3,2.0,,0.7,2.0,a6c89e67e1516fe42fe2,,,,,,,,,,,,,0.0038635650016658474
holmberg_p30,holmberg,3.0303030303030303,30,150,adaptativa:gnn,11403.0,True,0,0,30.0,29.344057253,0.0,11331.0,11331.0,otimo_publicado,"[[0.10415146600280423, 15871.0], [0.13058933900174452, 13854.000000000011], [0.22893194000062067, 13210.000000000002], [0.3139207259991963, 13187.000000000004], [1.2758827750003547, 11665.0], [5.284993867000594, 11657.0], [7.192692975000682, 11657.0], [11.84444161799911, 11646.0], [12.18830645900016, 11644.0], [12.956327640000382, 11644.0], [14.09673283900338, 11598.0], [16.811060718999215, 11598.0], [18.522006721999787, 11425.0], [19.332331827001326, 11422.0], [20.060809579001216, 11421.0], [29.199869665000733, 11403.0]]",29.344057253,29.34343633,0.9999788399063345,False,75.0,1409.078125,3,262.0,False,1.0,4.0,a6c89e67e1516fe42fe2,,,,,,,,,,,,,
holmberg_p30,holmberg,3.0303030303030303,30,150,adaptativa:pl,11345.0,True,-1,0,30.0,29.366504534,0.0,11331.0,11331.0,otimo_publicado,"[[0.09606016100224224, 14411.0], [1.124721860003774, 11519.0], [6.900817885005381, 11353.0], [7.058255846004613, 11345.0], [7.1852435740001965, 11345.0], [12.623590663002688, 11345.0], [17.10162033800225, 11345.0]]",29.366504534,29.364895413,0.9999452055658127,False,75.0,1436.55078125,2,269.0,False,1.0,4.0,a6c89e67e1516fe42fe2,,,,,,,,,,,,,
holmberg_p30,holmberg,3.0303030303030303,30,150,completo,11333.0,True,-1,0,30.0,28.515651139,0.0,11331.0,11331.0,otimo_publicado,"[[0.28717966600015643, 16239.0], [0.3822418119998474, 12036.00000000001], [0.46376145199974417, 12034.0], [0.5105103869973391, 11942.000000000002], [1.7343328379974992, 11624.0], [1.7738703359973442, 11594.0], [1.778084391997254, 11430.0], [3.5024766149981588, 11427.0], [7.506931028998224, 11411.0], [11.983025517998612, 11383.999999999998], [12.785675705999893, 11378.0], [12.856071960999543, 11373.000000000002], [14.19557287799762, 11352.0], [14.234781846997066, 11350.0], [14.351291838996985, 11340.0], [14.548608270997647, 11339.0], [15.28994023999985, 11333.0]]",28.515651139,28.514194001,0.9999489004128681,False,75.0,1293.828125,2,1.0,False,1.0,1.0,a6c89e67e1516fe42fe2,,,,,,,,,,,,,
holmberg_p30,holmberg,3.0303030303030303,30,150,hibrido:rotacao,11394.0,True,-1,0,30.0,29.980138018,0.0,11331.0,11331.0,otimo_publicado,"[[0.10384373600027175, 15871.0], [0.1302136390004307, 13854.000000000011], [0.228144754000823, 13210.000000000002], [0.31305197500114446, 13187.000000000004], [1.2757704440009547, 11665.0], [3.628322245000163, 11665.0], [4.550076742998499, 11658.0], [6.354112658998929, 11658.0], [7.43205077300081, 11601.0], [8.73806869499822, 11601.0], [10.332229386996914, 11426.0], [10.98991883099734, 11421.0], [14.689652133998607, 11421.0], [14.738359812999988, 11420.0], [14.746363120997557, 11418.0], [14.895173861998046, 11415.0], [14.90409366199674, 11408.0], [14.91623213299681, 11403.0], [14.949630339997384, 11397.0], [15.006834151998191, 11394.0]]",29.980138018,29.979500643,0.9999787400912025,False,75.0,1449.12890625,3,,,,,a6c89e67e1516fe42fe2,14.68949190299827,11421.0,931.0,931.0,13.0,"{""interior"": 233, ""fronteira"": 233, ""liberacao"": 233, ""regret"": 232, ""abertura"": 0}","{""interior"": 1, ""fronteira"": 0, ""liberacao"": 3, ""regret"": 3, ""abertura"": 0}",0.4039285879516683,14.704506201040203,0.0,887.0,0.0,
holmberg_p30,holmberg,3.0303030303030303,30,150,hibrido:rotacao,11392.0,True,-1,1,30.0,29.966616333,0.0,11331.0,11331.0,otimo_publicado,"[[0.10214023199660005, 15871.0], [0.1283542619967193, 13854.000000000011], [0.22622628699900815, 13210.000000000002], [0.31027465599618154, 13187.000000000004], [0.9190533129985852, 11671.0], [2.896642413998052, 11670.0], [3.62907204899966, 11670.0], [4.521391974998551, 11657.0], [4.5216781240014825, 11656.0], [4.5230594929998915, 11654.0], [6.353560634001042, 11654.0], [7.513581617000455, 11598.0], [8.772125794999738, 11598.0], [10.44535087999975, 11424.0], [11.240983169998799, 11421.0], [14.69140784299816, 11421.0], [14.722654419998435, 11415.0], [14.762043781996908, 11413.0], [14.791602185996453, 11408.0], [14.833802344997821, 11403.0], [14.889699631996336, 11401.0], [14.911300550997112, 11398.0], [15.034779137997248, 11396.0], [15.179856273996847, 11394.0], [15.386217091996514, 11393.0], [15.591160142997978, 11392.0]]",29.966616333,29.965850795,0.9999744536389596,False,75.0,1447.6640625,3,,,,,a6c89e67e1516fe42fe2,14.69123125799888,11421.0,591.0,591.0,27.0,"{""interior"": 148, ""fronteira"": 148, ""liberacao"": 148, ""regret"": 147, ""abertura"": 0}","{""interior"": 1, ""fronteira"": 5, ""liberacao"": 2, ""regret"": 2, ""abertura"": 0}",0.34497448705951683,14.81179165197318,0.0,462.0,0.0,
holmberg_p30,holmberg,3.0303030303030303,30,150,hibrido:rotacao,11394.0,True,-1,2,30.0,29.958021956,0.0,11331.0,11331.0,otimo_publicado,"[[0.1034841430009692, 15871.0], [0.12966831900121178, 13854.000000000011], [0.22777573699931963, 13210.000000000002], [0.3124390270022559, 13187.000000000004], [0.9466140949989494, 11671.0], [2.4195246740018774, 11647.0], [3.631499035000161, 11647.0], [4.565242183001828, 11644.0], [6.354136002999439, 11644.0], [7.5974359510000795, 11601.0], [8.444432006999705, 11601.0], [10.293148780998308, 11426.0], [14.675657687996136, 11426.0], [14.802883166994434, 11421.0], [14.811508626997238, 11413.0], [14.831904593997024, 11408.0], [15.177157330996124, 11407.0], [15.189312922997487, 11402.0], [15.377045408997219, 11394.0]]",29.958021956,29.957342194,0.9999773095165964,False,75.0,1449.12890625,3,,,,,a6c89e67e1516fe42fe2,14.675510883997049,11426.0,905.0,905.0,6.0,"{""interior"": 227, ""fronteira"": 226, ""liberacao"": 226, ""regret"": 226, ""abertura"": 0}","{""interior"": 1, ""fronteira"": 1, ""liberacao"": 2, ""regret"": 2, ""abertura"": 0}",0.4148490020088502,14.681825660019967,0.0,861.0,0.0,
holmberg_p30,holmberg,3.0303030303030303,30,150,hibridopl:rotacao,11394.0,True,-1,0,30.0,29.951880847,0.0,11331.0,11331.0,otimo_publicado,"[[0.09394114199312753, 14411.0], [1.1064003449937445, 11519.0], [3.621903287996247, 11519.0], [6.345251626997197, 11519.0], [7.237986868996813, 11445.0], [8.43995855999674, 11445.0], [14.675170730995887, 11445.0], [14.731180164999387, 11441.0], [14.737434453996684, 11433.0], [14.857603176998964, 11428.0], [15.375288356997771, 11419.0], [15.554615219996776, 11409.0], [15.62475927199921, 11400.0], [15.682681945996592, 11394.0]]",29.951880847,29.950237198,0.9999451236799319,False,75.0,1431.9609375,2,,,,,a6c89e67e1516fe42fe2,14.67500999099866,11445.0,910.0,910.0,22.0,"{""interior"": 228, ""fronteira"": 228, ""liberacao"": 227, ""regret"": 227, ""abertura"": 0}","{""interior"": 1, ""fronteira"": 0, ""liberacao"": 2, ""regret"": 4, ""abertura"": 0}",0.4131558079679962,14.680928839938133,0.0,848.0,0.0,
holmberg_p30,holmberg,3.0303030303030303,30,150,hibridopl:rotacao,11392.0,True,-1,1,30.0,29.983483779,0.0,11331.0,11331.0,otimo_publicado,"[[0.09547259099417715, 14411.0], [0.5532599529942672, 14316.00000000001], [1.08242861999679, 11516.0], [3.622351070996956, 11516.0], [6.345494627999869, 11516.0], [8.633983783995063, 11516.0], [10.14587735799796, 11424.0], [14.684660010996595, 11424.0], [14.713793041995814, 11410.0], [14.799847954996949, 11408.0], [14.896755845998996, 11403.0], [15.01673794999806, 11396.0], [15.067420609997498, 11395.0], [15.72649768899646, 11392.0]]",29.983483779,29.982307046,0.9999607539601244,False,75.0,1884.875,1,,,,,a6c89e67e1516fe42fe2,14.68451395199736,11424.0,515.0,515.0,14.0,"{""interior"": 129, ""fronteira"": 129, ""liberacao"": 129, ""regret"": 128, ""abertura"": 0}","{""interior"": 0, ""fronteira"": 2, ""liberacao"": 3, ""regret"": 1, ""abertura"": 0}",0.3133078640094027,14.870724864049407,0.0,416.0,0.0,
holmberg_p30,holmberg,3.0303030303030303,30,150,hibridopl:rotacao,11394.0,True,-1,2,30.0,29.963924521,0.0,11331.0,11331.0,otimo_publicado,"[[0.0935923639954126, 14411.0], [1.1025173629968776, 11516.0], [3.6221826639994106, 11516.0], [6.346196294998663, 11516.0], [8.435524942993652, 11516.0], [9.562573363993579, 11424.0], [14.674869682999997, 11424.0], [15.175968994000868, 11421.0], [15.184274268998706, 11413.0], [15.204861168000207, 11408.0], [15.244254338998871, 11407.0], [15.256203516000824, 11402.0], [15.440137847999722, 11394.0]]",29.963924521,29.962726802,0.9999600279663247,False,75.0,1901.1484375,1,,,,,a6c89e67e1516fe42fe2,14.67472770799941,11424.0,907.0,907.0,72.0,"{""interior"": 227, ""fronteira"": 227, ""liberacao"": 227, ""regret"": 226, ""abertura"": 0}","{""interior"": 1, ""fronteira"": 1, ""liberacao"": 2, ""regret"": 2, ""abertura"": 0}",0.415252230992337,14.693706094931258,0.0,863.0,0.0,
holmberg_p30,holmberg,3.0303030303030303,30,150,kernel,11346.0,True,-1,0,30.0,29.407717513,0.0,11331.0,11331.0,otimo_publicado,"[[0.09834801500255708, 12239.0], [0.13122397100232774, 12036.00000000001], [0.16993469600129174, 12034.0], [1.228315657001076, 11602.0], [5.612703727001644, 11443.000000000002], [5.96634949700092, 11425.0], [5.9780938450021495, 11421.000000000002], [6.029235198002425, 11418.999999999998], [6.590428686002269, 11412.000000000007], [7.448383653998462, 11412.0], [14.045390191000479, 11410.0], [18.064403463999042, 11410.0], [27.64842100399983, 11346.0]]",29.407717513,29.406644115,0.9999634994453573,False,75.0,1884.875,1,556.0,,0.43333333333333335,3.0,a6c89e67e1516fe42fe2,,,,,,,,,,,,,0.038477712998428615
holmberg_p31,holmberg,3.0303030303030303,30,150,adaptativa:gnn,13430.0,True,0,0,30.0,29.343289417,0.0,13331.0,13331.0,otimo_publicado,"[[0.1048612270024023, 15878.0], [0.14072542800204246, 14445.000000000007], [2.0073117680003634, 14306.0], [7.3859718940002494, 14306.0], [8.729842933997134, 14303.0], [9.836109055999259, 14298.0], [12.640083259000676, 14298.0], [12.970134759001667, 14217.0], [13.211101879001944, 14192.999999999993], [14.03579521500069, 14031.0], [14.905833772001643, 13645.0], [16.79969274099858, 13645.0], [28.260702100000344, 13430.0]]",29.343289417,29.342505197,0.9999732742982951,False,75.0,1493.04296875,3,422.0,False,1.0,4.0,a6c89e67e1516fe42fe2,,,,,,,,,,,,,
holmberg_p31,holmberg,3.0303030303030303,30,150,adaptativa:pl,13610.0,True,-1,0,30.0,29.342680552,0.0,13331.0,13331.0,otimo_publicado,"[[0.34316286200191826, 16611.0], [0.6790196980000474, 14144.99999999999], [0.7179281050011923, 14065.000000000005], [0.7425690300005954, 13851.0], [1.1602692940032284, 13716.0], [7.195099439999467, 13716.0], [9.27087034500073, 13610.0], [12.6319117560015, 13610.0], [16.792726831001346, 13610.0]]",29.342680552,29.341598971,0.9999631396661909,False,75.0,1901.265625,1,758.0,False,1.0,4.0,a6c89e67e1516fe42fe2,,,,,,,,,,,,,
holmberg_p31,holmberg,3.0303030303030303,30,150,completo,13345.0,True,-1,0,30.0,28.508304992,0.0,13331.0,13331.0,otimo_publicado,"[[0.1494810160002089, 21639.0], [0.28073432100063656, 14446.000000000005], [0.5200631660009094, 14173.999999999996], [2.382687404002354, 14015.0], [17.598556193999684, 13971.0], [21.67011866500252, 13382.0], [23.179510917001608, 13369.0], [23.258398919002502, 13368.0], [23.91919671100186, 13350.000000000002], [25.269525209001586, 13345.0]]",28.508304992,28.507322986,0.9999655536868897,False,75.0,1901.265625,1,1.0,False,1.0,1.0,a6c89e67e1516fe42fe2,,,,,,,,,,,,,
holmberg_p31,holmberg,3.0303030303030303,30,150,hibrido:rotacao,13594.0,True,-1,0,30.0,29.982665898,0.0,13331.0,13331.0,otimo_publicado,"[[0.10524921299656853, 15878.0], [0.140868167996814, 14445.000000000007], [2.003209780996258, 14306.0], [3.6262960019957973, 14306.0], [4.94747312099571, 14303.0], [6.042567819997203, 14298.0], [6.493462678994547, 14298.0], [6.82262269599596, 14217.0], [7.061793010994734, 14192.999999999993], [7.885962280994136, 14031.0], [8.449018158997205, 14031.0], [10.139397147995624, 13649.0], [12.275144332994387, 13632.0], [14.676211507998232, 13632.0], [14.981921175996831, 13629.0], [14.98852750199876, 13618.0], [15.414789199996449, 13608.0], [15.4746491099977, 13601.0], [15.480706986996665, 13594.0]]",29.982665898,29.981457579,0.9999596994141845,False,75.0,1901.265625,1,,,,,a6c89e67e1516fe42fe2,14.676069174998702,13632.0,291.0,291.0,10.0,"{""interior"": 73, ""fronteira"": 73, ""liberacao"": 73, ""regret"": 72, ""abertura"": 0}","{""interior"": 1, ""fronteira"": 0, ""liberacao"": 2, ""regret"": 2, ""abertura"": 0}",0.13743426398650627,15.108764162017906,0.0,247.0,0.0,
holmberg_p31,holmberg,3.0303030303030303,30,150,hibrido:rotacao,13600.0,True,-1,1,30.0,29.960198252,0.0,13331.0,13331.0,otimo_publicado,"[[0.10164496899960795, 15878.0], [0.13706378799906815, 14445.000000000007], [2.0044471399996837, 14309.0], [3.626994056001422, 14309.0], [4.917312579000281, 14307.0], [5.907218099000602, 14289.0], [6.3477529079973465, 14289.0], [6.675589216996741, 14218.000000000002], [7.042820542996196, 14208.0], [7.715441785996518, 14024.0], [8.800064074999682, 14024.0], [14.693450975002634, 14024.0], [14.718810180002038, 14015.0], [15.72168670800238, 13995.0], [16.347025750004832, 13600.0]]",29.960198252,29.959463901,0.9999754891141299,False,75.0,1490.8671875,3,,,,,a6c89e67e1516fe42fe2,14.693301262002933,14024.0,187.0,187.0,11.0,"{""interior"": 47, ""fronteira"": 47, ""liberacao"": 47, ""regret"": 46, ""abertura"": 0}","{""interior"": 0, ""fronteira"": 2, ""liberacao"": 1, ""regret"": 0, ""abertura"": 0}",0.1007519840131863,15.120940445987799,0.0,137.0,0.0,
holmberg_p31,holmberg,3.0303030303030303,30,150,hibrido:rotacao,13604.0,True,-1,2,30.0,29.954666642,0.0,13331.0,13331.0,otimo_publicado,"[[0.24320144599914784, 15878.0], [0.278984168999159, 14445.000000000007], [1.9985041119980451, 14306.0], [3.6326448719992186, 14306.0], [4.8216024759967695, 14039.0], [6.354034137995768, 14039.0], [7.781256836995453, 14024.0], [8.444332245999249, 14024.0], [10.166553676997864, 13675.0], [12.444327634999354, 13635.0], [14.675861632997112, 13635.0], [14.896581619999779, 13632.0], [15.011244460998569, 13621.0], [15.019724923997273, 13620.0], [15.149192454999138, 13604.0]]",29.954666642,29.953184924,0.9999505346523229,False,75.0,1436.5546875,2,,,,,a6c89e67e1516fe42fe2,14.67571154399775,13635.0,524.0,524.0,5.0,"{""interior"": 131, ""fronteira"": 131, ""liberacao"": 131, ""regret"": 131, ""abertura"": 0}","{""interior"": 0, ""fronteira"": 0, ""liberacao"": 3, ""regret"": 1, ""abertura"": 0}",0.25232232498092344,14.9111842030361,0.0,481.0,0.0,
holmberg_p31,holmberg,3.0303030303030303,30,150,hibridopl:rotacao,13594.0,True,-1,0,30.0,29.982277123,0.0,13331.0,13331.0,otimo_publicado,"[[0.09116153700233554, 16611.0], [0.42356991300039226, 14144.99999999999], [0.4608765080010926, 14065.000000000005], [0.4851066670016735, 13851.0], [0.8971013520022098, 13716.0], [3.61908798299919, 13716.0], [5.693830229000014, 13610.0], [6.34237342799679, 13610.0], [8.738886024999374, 13610.0], [14.689877315002377, 13610.0], [14.749642586004484, 13594.0]]",29.982277123,29.981614393,0.9999778959417498,False,75.0,1493.96484375,3,,,,,a6c89e67e1516fe42fe2,14.689671744003135,13610.0,275.0,275.0,40.0,"{""interior"": 69, ""fronteira"": 69, ""liberacao"": 69, ""regret"": 68, ""abertura"": 0}","{""interior"": 0, ""fronteira"": 0, ""liberacao"": 0, ""regret"": 1, ""abertura"": 0}",0.12392710700805765,15.107303014039644,0.0,243.0,0.0,
holmberg_p31,holmberg,3.0303030303030303,30,150,hibridopl:rotacao,13345.0,True,-1,1,30.0,29.962206905,0.0,13331.0,13331.0,otimo_publicado,"[[0.09232664100272814, 16611.0], [1.0139000849994773, 13716.0], [3.426449168000545, 13351.0], [3.6205259550006303, 13351.0], [6.362897883998812, 13351.0], [8.437834226999257, 13351.0], [14.675632076996408, 13351.0], [15.321625141998084, 13345.0]]",29.962206905,29.960670659,0.9999487272080835,False,75.0,1436.5546875,2,,,,,a6c89e67e1516fe42fe2,14.675490890997025,13351.0,454.0,454.0,114.0,"{""interior"": 114, ""fronteira"": 114, ""liberacao"": 113, ""regret"": 113, ""abertura"": 0}","{""interior"": 0, ""fronteira"": 0, ""liberacao"": 0, ""regret"": 1, ""abertura"": 0}",0.31502401204488706,14.860142201006965,0.0,371.0,0.0,
holmberg_p31,holmberg,3.0303030303030303,30,150,hibridopl:rotacao,13594.0,True,-1,2,30.0,29.983219426,0.0,13331.0,13331.0,otimo_publicado,"[[0.092291198001476, 16611.0], [1.0445690380038286, 13715.0], [3.6189960510018864, 13715.0], [6.53001925100034, 13715.0], [8.446081534002587, 13715.0], [9.835087767001824, 13644.0], [12.272155740003655, 13639.0], [14.676054868999927, 13639.0], [14.985460516996682, 13636.0], [15.419881404999614, 13619.0], [15.57048067699725, 13612.0], [15.614473702997202, 13608.0], [15.673879265999858, 13594.0]]",29.983219426,29.981814189,0.9999531325512436,False,75.0,1436.55078125,2,,,,,a6c89e67e1516fe42fe2,14.675903905997984,13639.0,335.0,335.0,102.0,"{""interior"": 84, ""fronteira"": 84, ""liberacao"": 84, ""regret"": 83, ""abertura"": 0}","{""interior"": 0, ""fronteira"": 0, ""liberacao"": 3, ""regret"": 2, ""abertura"": 0}",0.20043105501827085,15.04008251799678,0.0,251.0,0.0,
holmberg_p31,holmberg,3.0303030303030303,30,150,kernel,13409.0,True,-1,0,30.0,29.40603886,0.0,13331.0,13331.0,otimo_publicado,"[[0.09406990799834603, 14639.0], [0.12983955199888442, 14446.000000000005], [0.23918983800103888, 14165.0], [1.1879399940007715, 14008.0], [2.369576129000052, 14001.0], [7.204171606001182, 14001.0], [9.72387746500317, 13644.0], [16.828685776003113, 13455.0], [16.870358919004502, 13454.0], [18.051448302998324, 13454.0], [27.977286454999557, 13409.0]]",29.40603886,29.405431069,0.9999793310822007,False,75.0,1449.15234375,3,686.0,,0.43333333333333335,3.0,a6c89e67e1516fe42fe2,,,,,,,,,,,,,0.03520531700269203
holmberg_p32,holmberg,3.0303030303030303,30,150,adaptativa:gnn,15820.0,True,0,0,30.0,29.356057368,0.0,15331.0,15331.0,otimo_publicado,"[[0.10460733400395839, 18278.0], [0.1403578879981069, 16844.999999999996], [1.317418225997244, 16743.0], [4.0671496510040015, 16719.0], [4.0674530640026205, 16710.0], [6.193132649998006, 16689.0], [7.18944575900241, 16689.0], [8.6638177010027, 16242.0], [8.66517652800394, 16241.0], [8.671770353001193, 16211.0], [12.628111469006399, 16211.0], [14.256402066006558, 15851.0], [17.049829735995445, 15851.0], [18.482169532995613, 15835.0], [18.50280989899329, 15824.0], [18.50472097999591, 15822.0], [18.514734052994754, 15821.0], [21.41552666899952, 15820.0]]",29.356057368,29.355459902,0.9999796476075615,False,75.0,1493.08984375,3,522.0,False,1.0,4.0,a6c89e67e1516fe42fe2,,,,,,,,,,,,,
holmberg_p32,holmberg,3.0303030303030303,30,150,adaptativa:pl,15331.0,True,-1,0,30.0,29.223503383,0.0,15331.0,15331.0,otimo_publicado,"[[0.09079167900199536, 18811.0], [0.9223658549963147, 15922.0], [1.5508338549989276, 15917.0], [3.99879116199736, 15557.0], [6.69349985900044, 15542.0], [7.181507651999709, 15542.0], [11.353568601996813, 15363.0], [12.621938039002998, 15363.0], [16.789421011999366, 15363.0], [25.11713233900082, 15349.0], [25.82413999900018, 15347.000000000002], [25.86990836100449, 15346.0], [26.364528249003342, 15340.0], [28.022263106999162, 15339.0], [29.123108696003328, 15334.0], [29.15420877699944, 15331.0]]",29.223503383,29.222760253,0.9999745708106841,False,75.0,1519.62109375,3,960.0,True,1.0,4.0,a6c89e67e1516fe42fe2,,,,,,,,,,,,,
holmberg_p32,holmberg,3.0303030303030303,30,150,completo,15811.0,True,-1,0,30.0,28.505876697,0.0,15331.0,15331.0,otimo_publicado,"[[0.14896049699746072, 27039.0], [0.27068874100223184, 16846.000000000004], [0.7833607459979248, 16833.999999999993], [2.1690514599977178, 15863.0], [4.042161222001596, 15811.0]]",28.505876697,28.5049833,0.9999686591993119,False,75.0,1901.265625,1,679.0,False,1.0,1.0,a6c89e67e1516fe42fe2,,,,,,,,,,,,,
holmberg_p32,holmberg,3.0303030303030303,30,150,hibrido:rotacao,15799.0,True,-1,0,30.0,29.953702458,0.0,15331.0,15331.0,otimo_publicado,"[[0.10665935899305623, 18278.0], [0.14321699399442878, 16844.999999999996], [1.3265934439914417, 16743.0], [3.6286375539930305, 16743.0], [5.064746463998745, 16733.0], [6.810717450993252, 16733.0], [7.169221069998457, 16719.000000000007], [7.333980186995177, 16639.000000000015], [8.401257895995514, 16441.0], [8.466790641999978, 16441.0], [10.221417920998647, 16401.0], [11.363622971999575, 15816.0], [14.67703741499281, 15816.0], [14.775420741993003, 15805.0], [14.781303417992603, 15802.0], [14.80302681298781, 15799.0]]",29.953702458,29.952795943,0.9999697361285714,False,75.0,1683.8671875,3,,,,,a6c89e67e1516fe42fe2,14.676891266994062,15816.0,438.0,438.0,139.0,"{""interior"": 110, ""fronteira"": 110, ""liberacao"": 109, ""regret"": 109, ""abertura"": 0}","{""interior"": 0, ""fronteira"": 1, ""liberacao"": 1, ""regret"": 1, ""abertura"": 0}",0.2021529349804041,14.982130208045419,0.0,404.0,0.0,
holmberg_p32,holmberg,3.0303030303030303,30,150,hibrido:rotacao,15794.0,True,-1,1,30.0,29.953591474,0.0,15331.0,15331.0,otimo_publicado,"[[0.10052562700002454, 18278.0], [0.13560204099485418, 16844.999999999996], [1.2967002709992812, 16743.0], [3.624597508998704, 16743.0], [5.023221591000038, 16733.0], [6.346919440991769, 16733.0], [6.699378245990374, 16719.000000000007], [6.863207987989881, 16639.000000000015], [7.977059283992276, 16413.0], [8.435951319996093, 16413.0], [10.274876574992959, 15835.0], [11.13445298399165, 15811.0], [14.675035046995617, 15811.0], [14.703388116991846, 15794.0]]",29.953591474,29.952098983,0.9999501732204201,False,75.0,1436.56640625,2,,,,,a6c89e67e1516fe42fe2,14.674892197996087,15811.0,438.0,438.0,128.0,"{""interior"": 110, ""fronteira"": 110, ""liberacao"": 109, ""regret"": 109, ""abertura"": 0}","{""interior"": 0, ""fronteira"": 1, ""liberacao"": 0, ""regret"": 0, ""abertura"": 0}",0.2038633990669041,14.977838155005884,0.0,408.0,0.0,
holmberg_p32,holmberg,3.0303030303030303,30,150,hibrido:rotacao,15794.0,True,-1,2,30.0,29.984239694,0.0,15331.0,15331.0,otimo_publicado,"[[0.10135233899200102, 18278.0], [0.1363866169922403, 16844.999999999996], [1.1552962209898396, 16743.0], [3.8404625869952724, 16743.0], [5.246336398995481, 16733.0], [6.359062994000851, 16733.0], [6.715767234003579, 16719.000000000007], [6.880859053002496, 16639.000000000015], [7.993911650002701, 16419.0], [8.448980009990919, 16419.0], [10.100100830990414, 15835.0], [11.06171449899557, 15817.0], [14.675841502998082, 15817.0], [15.212207181997655, 15807.0], [15.218962075996387, 15796.0], [15.37490481599525, 15794.0]]",29.984239694,29.982769119,0.9999509550678954,False,75.0,1436.56640625,2,,,,,a6c89e67e1516fe42fe2,14.675698412997008,15817.0,431.0,431.0,107.0,"{""interior"": 108, ""fronteira"": 108, ""liberacao"": 108, ""regret"": 107, ""abertura"": 0}","{""interior"": 0, ""fronteira"": 0, ""liberacao"": 2, ""regret"": 1, ""abertura"": 0}",0.20216802701907,15.014101630025834,0.0,391.0,0.0,
holmberg_p32,holmberg,3.0303030303030303,30,150,hibridopl:rotacao,15799.0,True,-1,0,30.0,29.981171369,0.0,15331.0,15331.0,otimo_publicado,"[[0.09042761699674884, 18811.0], [0.9256458039963036, 15922.0], [1.5523895410005935, 15917.0], [3.618374492005387, 15917.0], [6.342853075002495, 15917.0], [7.542998447002901, 15857.0], [8.43662868100364, 15857.0], [9.883286742006021, 15824.0], [9.884056203001819, 15822.0], [9.88604405100341, 15821.0], [11.93948010600434, 15816.0], [14.675511497996922, 15816.0], [14.772421448993555, 15805.0], [14.778471615994931, 15802.0], [15.017666238993115, 15799.0]]",29.981171369,29.979933259,0.9999587037482704,False,75.0,1901.265625,1,,,,,a6c89e67e1516fe42fe2,14.675369151998893,15816.0,435.0,435.0,62.0,"{""interior"": 109, ""fronteira"": 109, ""liberacao"": 109, ""regret"": 108, ""abertura"": 0}","{""interior"": 0, ""fronteira"": 1, ""liberacao"": 1, ""regret"": 1, ""abertura"": 0}",0.20047425597294932,15.009530969997286,0.0,401.0,0.0,
holmberg_p32,holmberg,3.0303030303030303,30,150,hibridopl:rotacao,15802.0,True,-1,1,30.0,29.967429986,0.0,15331.0,15331.0,otimo_publicado,"[[0.09148296199418837, 18811.0], [0.9506734019960277, 15922.0], [1.7743739539946546, 15915.0], [3.6187938679941, 15915.0], [6.5373035419906955, 15915.0], [7.5885974029879435, 15855.0], [8.382786301990564, 15849.0], [8.448375075990043, 15849.0], [9.91906623099203, 15846.0], [11.273510486993473, 15845.0], [14.677336282002216, 15845.0], [14.703757850998954, 15831.0], [14.931055089000438, 15810.0], [15.187569547000749, 15808.0], [16.52835749299993, 15802.0]]",29.967429986,29.965927335,0.9999498571949379,False,75.0,1436.56640625,2,,,,,a6c89e67e1516fe42fe2,14.677190034999512,15845.0,202.0,202.0,87.0,"{""interior"": 51, ""fronteira"": 51, ""liberacao"": 50, ""regret"": 50, ""abertura"": 0}","{""interior"": 0, ""fronteira"": 3, ""liberacao"": 1, ""regret"": 0, ""abertura"": 0}",0.10849308499746257,15.140110571970581,0.0,132.0,0.0,
holmberg_p32,holmberg,3.0303030303030303,30,150,hibridopl:rotacao,15800.0,True,-1,2,30.0,29.985650341,0.0,15331.0,15331.0,otimo_publicado,"[[0.09070721400348702, 18811.0], [0.9501331179999397, 15922.0], [1.6012703610031167, 15915.0], [3.8025047310002265, 15915.0], [6.352351482004451, 15915.0], [7.390807831005077, 15856.0], [8.442147097994166, 15856.0], [14.675785856001312, 15856.0], [14.703718221004237, 15855.0], [14.802696423997986, 15852.0], [14.809301195004082, 15834.0], [15.094796846999088, 15833.0], [15.823566206003306, 15814.0], [19.708153446001234, 15806.0], [19.71727067000029, 15801.0], [19.757160612003645, 15800.0]]",29.985650341,29.984525045,0.9999624721829541,False,75.0,1901.265625,1,,,,,a6c89e67e1516fe42fe2,14.675643814000068,15856.0,151.0,151.0,75.0,"{""interior"": 38, ""fronteira"": 38, ""liberacao"": 38, ""regret"": 37, ""abertura"": 0}","{""interior"": 2, ""fronteira"": 1, ""liberacao"": 3, ""regret"": 2, ""abertura"": 0}",0.08270545600680634,15.194668614014518,0.0,84.0,0.0,
holmberg_p32,holmberg,3.0303030303030303,30,150,kernel,15376.0,True,-1,0,30.0,29.404630939,0.0,15331.0,15331.0,otimo_publicado,"[[0.34594854999886593, 17039.0], [0.3804675790015608, 16846.000000000004], [0.5119314580006176, 16581.999999999975], [1.7514234769987524, 16429.0], [3.876211738002894, 16061.0], [3.8927961110020988, 16054.0], [3.893236777999846, 16046.0], [6.635148594999919, 15412.0], [7.216392979004013, 15412.0], [17.343079853002564, 15376.0], [18.05493985299836, 15376.0]]",29.404630939,29.403628253,0.9999659004052089,False,75.0,1901.265625,1,692.0,,0.4,3.0,a6c89e67e1516fe42fe2,,,,,,,,,,,,,0.033720573999744374
holmberg_p33,holmberg,4.040404040404041,30,150,adaptativa:gnn,11629.0,True,0,0,30.0,2.379690317,0.0,11629.0,11629.0,otimo_publicado,"[[0.11029481500008842, 13835.0], [0.14357024700075272, 12896.999999999998], [0.6670226250025735, 12529.999999999995], [0.7358976180003083, 12448.0], [0.962132239001221, 12448.0], [1.0403393430024153, 12247.000000000004], [1.5906873570020252, 11931.000000000002], [1.6872935730025347, 11635.0], [1.6996872370036726, 11629.0], [1.845620644002338, 11629.0]]",2.379690317,2.379413078,0.9998834978660797,False,75.0,1290.74609375,2,3.0,True,0.7,3.0,a6c89e67e1516fe42fe2,,,,,,,,,,,,,
holmberg_p33,holmberg,4.040404040404041,30,150,adaptativa:pl,11629.0,True,-1,0,30.0,1.440225587,0.0,11629.0,11629.0,otimo_publicado,"[[0.09373059599965927, 12432.0], [0.11923151099836105, 12247.000000000004], [0.7357663199982198, 11629.0], [1.1304211679998843, 11629.0]]",1.440225587,1.440166881,0.9999592383300714,False,75.0,1290.70703125,2,2.0,True,0.5,2.0,a6c89e67e1516fe42fe2,,,,,,,,,,,,,
holmberg_p33,holmberg,4.040404040404041,30,150,completo,11629.0,True,-1,0,30.0,1.144368522,0.0,11629.0,11629.0,otimo_publicado,"[[0.14905471099700662, 19055.0], [0.2455818439993891, 12247.000000000004], [0.7972520349976548, 11641.0], [0.8186764649981342, 11631.0], [1.1254534509971563, 11629.0]]",1.144368522,1.144135327,0.9997962238601317,False,75.1,1290.7265625,2,1.0,True,1.0,1.0,a6c89e67e1516fe42fe2,,,,,,,,,,,,,
holmberg_p33,holmberg,4.040404040404041,30,150,hibrido:rotacao,11629.0,True,-1,0,30.0,29.95136297,0.0,11629.0,11629.0,otimo_publicado,"[[0.11433629599923734, 13835.0], [0.1484989829987171, 12896.999999999998], [0.6773113369999919, 12529.999999999995], [0.7460597030003555, 12448.0], [0.9759503390014288, 12448.0], [1.0583971779997228, 12247.000000000004], [1.622689731000719, 11931.000000000002], [1.7191797390005377, 11635.0], [1.733529899000132, 11629.0], [2.2432087719971605, 11629.0], [2.784994727000594, 11629.0]]",29.95136297,29.950292221,0.999964250408201,False,75.0,1863.48046875,1,,,,,a6c89e67e1516fe42fe2,2.7848267359986494,11629.0,1749.0,1749.0,3.0,"{""interior"": 438, ""fronteira"": 437, ""liberacao"": 437, ""regret"": 437, ""abertura"": 0}","{""interior"": 0, ""fronteira"": 0, ""liberacao"": 0, ""regret"": 0, ""abertura"": 0}",1.3321472339812317,25.53639778001161,0.0,1289.0,0.0,
holmberg_p33,holmberg,4.040404040404041,30,150,hibrido:rotacao,11629.0,True,-1,1,30.0,29.966017732,0.0,11629.0,11629.0,otimo_publicado,"[[0.11063003500021296, 13835.0], [0.1442783860002237, 12896.999999999998], [0.6651813989992661, 12529.999999999995], [0.7339829670017934, 12448.0], [0.9562448150027194, 12448.0], [1.0343080120001105, 12247.000000000004], [1.5844399300003715, 11931.0], [1.6806267820029461, 11635.0], [1.692676182003197, 11629.0], [1.8873642650032707, 11629.0], [2.385011801005021, 11629.0]]",29.966017732,29.964855672,0.9999612207397596,False,75.0,1388.59375,3,,,,,a6c89e67e1516fe42fe2,2.3848560050028027,11629.0,1743.0,1743.0,3.0,"{""interior"": 436, ""fronteira"": 436, ""liberacao"": 436, ""regret"": 435, ""abertura"": 0}","{""interior"": 0, ""fronteira"": 0, ""liberacao"": 0, ""regret"": 0, ""abertura"": 0}",1.3327073729560652,25.942725628934568,0.0,1284.0,0.0,
holmberg_p33,holmberg,4.040404040404041,30,150,hibrido:rotacao,11629.0,True,-1,2,30.0,29.971194983,0.0,11629.0,11629.0,otimo_publicado,"[[0.11202828999739722, 13835.0], [0.14565260999734164, 12896.999999999998], [0.667827937995753, 12529.999999999995], [0.7381658089980192, 12448.0], [1.1106132929962769, 12448.0], [1.1902264569944236, 12247.000000000004], [1.8905894819945388, 11649.0], [1.9079577649972634, 11631.0], [2.2296962849977717, 11629.0], [2.27445740499752, 11629.0], [2.811559509998915, 11629.0]]",29.971194983,29.970134081,0.9999646026125885,False,75.0,1863.5546875,1,,,,,a6c89e67e1516fe42fe2,2.8114263669995125,11629.0,1747.0,1747.0,3.0,"{""interior"": 437, ""fronteira"": 437, ""liberacao"": 437, ""regret"": 436, ""abertura"": 0}","{""interior"": 0, ""fronteira"": 0, ""liberacao"": 0, ""regret"": 0, ""abertura"": 0}",1.3509000719932374,25.51378176801518,0.0,1286.0,0.0,
holmberg_p33,holmberg,4.040404040404041,30,150,hibridopl:rotacao,11629.0,True,-1,0,30.0,29.953081151,0.0,11629.0,11629.0,otimo_publicado,"[[0.09417747400220833, 12432.0], [0.11961589000202366, 12247.000000000004], [0.7369333440037735, 11629.0], [0.995843380005681, 11629.0], [1.3041422440001043, 11629.0]]",29.953081151,29.952144484,0.9999687288598031,False,75.0,1388.59375,3,,,,,a6c89e67e1516fe42fe2,1.3040093910021824,11629.0,1818.0,1818.0,2.0,"{""interior"": 455, ""fronteira"": 455, ""liberacao"": 454, ""regret"": 454, ""abertura"": 0}","{""interior"": 0, ""fronteira"": 0, ""liberacao"": 0, ""regret"": 0, ""abertura"": 0}",1.4015898588550044,26.923519319025218,0.0,1341.0,0.0,
holmberg_p33,holmberg,4.040404040404041,30,150,hibridopl:rotacao,11629.0,True,-1,1,30.0,29.960363076,0.0,11629.0,11629.0,otimo_publicado,"[[0.09181230700050946, 12432.0], [0.1170994089989108, 12247.000000000004], [0.9092795249998744, 11629.0], [1.2931508639994718, 11629.0], [1.6001452519958548, 11629.0]]",29.960363076,29.958902934,0.9999512642087716,False,75.0,1290.74609375,2,,,,,a6c89e67e1516fe42fe2,1.600008285997319,11629.0,1782.0,1782.0,1.0,"{""interior"": 446, ""fronteira"": 446, ""liberacao"": 445, ""regret"": 445, ""abertura"": 0}","{""interior"": 0, ""fronteira"": 0, ""liberacao"": 0, ""regret"": 0, ""abertura"": 0}",1.3619308339766576,26.699313716999313,0.0,1314.0,0.0,
holmberg_p33,holmberg,4.040404040404041,30,150,hibridopl:rotacao,11629.0,True,-1,2,30.0,29.955260819,0.0,11629.0,11629.0,otimo_publicado,"[[0.09228311399783706, 12432.0], [0.11770640000031563, 12247.000000000004], [0.7370331709971651, 11629.0], [0.9923728380017565, 11629.0], [1.2400494159992377, 11629.0]]",29.955260819,29.95381785,0.9999518291959226,False,75.0,1290.74609375,2,,,,,a6c89e67e1516fe42fe2,1.239906429000257,11629.0,1848.0,1848.0,2.0,"{""interior"": 462, ""fronteira"": 462, ""liberacao"": 462, ""regret"": 462, ""abertura"": 0}","{""interior"": 0, ""fronteira"": 0, ""liberacao"": 0, ""regret"": 0, ""abertura"": 0}",1.4248454249682254,26.978115889080073,0.0,1362.0,0.0,
holmberg_p33,holmberg,4.040404040404041,30,150,kernel,11629.0,True,-1,0,30.0,2.413995426,0.0,11629.0,11629.0,otimo_publicado,"[[0.09359920100177987, 12432.0], [0.11902859500332852, 12247.000000000004], [0.7354494190039986, 11629.0], [1.1347602770038066, 11629.0], [1.5395470210023632, 11629.0], [2.0470206910031266, 11629.0]]",2.413995426,2.413686298,0.9998719434193327,False,75.1,1290.74609375,2,4.0,,0.3,4.0,a6c89e67e1516fe42fe2,,,,,,,,,,,,,0.04710370800239616
holmberg_p34,holmberg,4.040404040404041,30,150,adaptativa:gnn,10632.0,True,0,0,30.0,0.295984453,0.0,10632.0,10632.0,otimo_publicado,"[[0.09371225699578645, 11300.0], [0.11607919499510899, 10859.000000000002], [0.13688150999587378, 10754.0], [0.14178099499622476, 10632.0], [0.1814101239979209, 10632.0]]",0.295984453,0.295976743,0.9999739513345317,False,75.4,1901.1484375,1,2.0,True,0.6,2.0,a6c89e67e1516fe42fe2,,,,,,,,,,,,,
holmberg_p34,holmberg,4.040404040404041,30,150,adaptativa:pl,10632.0,True,-1,0,30.0,0.419015392,0.0,10632.0,10632.0,otimo_publicado,"[[0.08543565099898842, 11358.0], [0.10917431899724761, 10827.000000000002], [0.127817344997311, 10754.0], [0.1322574039986648, 10666.999999999995], [0.14215364899791894, 10632.0], [0.31681280299744685, 10632.0]]",0.419015392,0.419011854,0.9999915563960954,False,75.0,1449.12890625,3,2.0,True,0.5333333333333333,2.0,a6c89e67e1516fe42fe2,,,,,,,,,,,,,
holmberg_p34,holmberg,4.040404040404041,30,150,completo,10632.0,True,-1,0,30.0,0.434564751,0.0,10632.0,10632.0,otimo_publicado,"[[0.2994582619976427, 15989.0], [0.3717703309994249, 10827.000000000002], [0.4307280119974166, 10631.999999999996]]",0.434564751,0.434501848,0.9998552505700123,False,74.9,1901.1484375,1,1.0,True,1.0,1.0,a6c89e67e1516fe42fe2,,,,,,,,,,,,,
holmberg_p34,holmberg,4.040404040404041,30,150,hibrido:rotacao,10632.0,True,-1,0,30.0,29.953662413,0.0,10632.0,10632.0,otimo_publicado,"[[0.09263123600248946, 11300.0], [0.11496779300068738, 10859.000000000002], [0.13558609400206478, 10754.0], [0.1404105130022799, 10632.0], [0.1793467729985423, 10632.0], [0.292750103999424, 10632.0]]",29.953662413,29.953065924,0.9999800862748677,False,75.0,1449.12890625,3,,,,,a6c89e67e1516fe42fe2,0.29261052800211473,10632.0,1946.0,1946.0,2.0,"{""interior"": 487, ""fronteira"": 487, ""liberacao"": 486, ""regret"": 486, ""abertura"": 0}","{""interior"": 0, ""fronteira"": 0, ""liberacao"": 0, ""regret"": 0, ""abertura"": 0}",1.4880018910007493,27.81608888496703,0.0,1437.0,0.0,
holmberg_p34,holmberg,4.040404040404041,30,150,hibrido:rotacao,10632.0,True,-1,1,30.0,29.951749138,0.0,10632.0,10632.0,otimo_publicado,"[[0.09249129999807337, 11300.0], [0.11479151299863588, 10859.000000000002], [0.13541102599992882, 10754.0], [0.14022099999783677, 10632.0], [0.17951252599959844, 10632.0], [0.2924870679999003, 10632.0]]",29.951749138,29.95069009,0.9999646415307794,False,75.0,1901.1484375,1,,,,,a6c89e67e1516fe42fe2,0.29234721100147,10632.0,1945.0,1945.0,2.0,"{""interior"": 487, ""fronteira"": 486, ""liberacao"": 486, ""regret"": 486, ""abertura"": 0}","{""interior"": 0, ""fronteira"": 0, ""liberacao"": 0, ""regret"": 0, ""abertura"": 0}",1.499406141036161,27.815485141014506,0.0,1436.0,0.0,
holmberg_p34,holmberg,4.040404040404041,30,150,hibrido:rotacao,10632.0,True,-1,2,30.0,29.957461283,0.0,10632.0,10632.0,otimo_publicado,"[[0.09215631400365965, 11300.0], [0.11441253200246138, 10859.000000000002], [0.13497198300319724, 10641.0], [0.14028474200313212, 10632.0], [0.1785387019990594, 10632.0], [0.2921094550038106, 10632.0]]",29.957461283,29.955944561,0.9999493708099738,False,75.3,1449.12890625,3,,,,,a6c89e67e1516fe42fe2,0.29197624800144695,10632.0,1980.0,1980.0,2.0,"{""interior"": 495, ""fronteira"": 495, ""liberacao"": 495, ""regret"": 495, ""abertura"": 0}","{""interior"": 0, ""fronteira"": 0, ""liberacao"": 0, ""regret"": 0, ""abertura"": 0}",1.5402825169221614,27.761416527999245,0.0,1461.0,0.0,
holmberg_p34,holmberg,4.040404040404041,30,150,hibridopl:rotacao,10632.0,True,-1,0,30.0,29.956198622,0.0,10632.0,10632.0,otimo_publicado,"[[0.08478447599918582, 11358.0], [0.10859972999969614, 10827.000000000002], [0.12708254699828103, 10754.0], [0.13154243800090626, 10666.999999999995], [0.14150467099898378, 10632.0], [0.17645374100538902, 10632.0], [0.2769950660003815, 10632.0]]",29.956198622,29.95518201,0.9999660633843156,False,75.0,1901.1484375,1,,,,,a6c89e67e1516fe42fe2,0.27684358500118833,10632.0,1957.0,1957.0,2.0,"{""interior"": 490, ""fronteira"": 489, ""liberacao"": 489, ""regret"": 489, ""abertura"": 0}","{""interior"": 0, ""fronteira"": 0, ""liberacao"": 0, ""regret"": 0, ""abertura"": 0}",1.4911493790314125,27.844853346978198,0.0,1445.0,0.0,
holmberg_p34,holmberg,4.040404040404041,30,150,hibridopl:rotacao,10632.0,True,-1,1,30.0,29.958261231,0.0,10632.0,10632.0,otimo_publicado,"[[0.08171100099934847, 11358.0], [0.10518457899888745, 10827.000000000002], [0.12372004899589228, 10754.0], [0.1280350949964486, 10643.999999999995], [0.13856824799950118, 10632.0], [0.1714376989948505, 10632.0], [0.26938907700241543, 10632.0]]",29.958261231,29.956870415,0.9999535748757488,False,75.0,1436.55078125,2,,,,,a6c89e67e1516fe42fe2,0.26925328300058027,10632.0,1923.0,1923.0,2.0,"{""interior"": 481, ""fronteira"": 481, ""liberacao"": 481, ""regret"": 480, ""abertura"": 0}","{""interior"": 0, ""fronteira"": 0, ""liberacao"": 0, ""regret"": 0, ""abertura"": 0}",1.4696170379320392,27.86789245703767,0.0,1419.0,0.0,
holmberg_p34,holmberg,4.040404040404041,30,150,hibridopl:rotacao,10632.0,True,-1,2,30.0,29.956010849,0.0,10632.0,10632.0,otimo_publicado,"[[0.08459685400157468, 11358.0], [0.1080576820022543, 10827.000000000002], [0.12651834200369194, 10754.0], [0.13100683900120202, 10666.999999999995], [0.140909609002847, 10632.0], [0.1758151980029652, 10632.0], [0.2763078729985864, 10632.0]]",29.956010849,29.954553337,0.999951344923483,False,75.0,1436.55078125,2,,,,,a6c89e67e1516fe42fe2,0.27617304399973364,10632.0,2006.0,2006.0,2.0,"{""interior"": 502, ""fronteira"": 502, ""liberacao"": 501, ""regret"": 501, ""abertura"": 0}","{""interior"": 0, ""fronteira"": 0, ""liberacao"": 0, ""regret"": 0, ""abertura"": 0}",1.5420779179330566,27.78663833596147,0.0,1481.0,0.0,
holmberg_p34,holmberg,4.040404040404041,30,150,kernel,10632.0,True,-1,0,30.0,0.545230006,0.0,10632.0,10632.0,otimo_publicado,"[[0.08435075300076278, 11358.0], [0.10788224299903959, 10827.000000000002], [0.12636286599808955, 10754.0], [0.13077752900062478, 10666.999999999995], [0.14069949999975506, 10632.0], [0.17896923599982983, 10632.0], [0.32726793600159, 10632.0], [0.4641412520031736, 10632.0]]",0.545230006,0.545235541,1.000010151678996,False,75.1,1436.55078125,2,4.0,,0.3,4.0,a6c89e67e1516fe42fe2,,,,,,,,,,,,,0.03851256000052672
holmberg_p35,holmberg,4.040404040404041,30,150,adaptativa:gnn,12232.0,True,0,0,30.0,3.543536743,0.0,12232.0,12232.0,otimo_publicado,"[[0.10565937099818257, 13100.0], [0.13073263699698146, 12731.000000000011], [0.756132690999948, 12334.0], [0.7833333479975408, 12232.0], [2.4068093209934887, 12232.0], [2.9931084369964083, 12232.0]]",3.543536743,3.543392283,0.9999592328200673,False,75.0,1901.265625,1,3.0,True,0.7,3.0,a6c89e67e1516fe42fe2,,,,,,,,,,,,,
holmberg_p35,holmberg,4.040404040404041,30,150,adaptativa:pl,12232.0,True,-1,0,30.0,2.924719457,0.0,12232.0,12232.0,otimo_publicado,"[[0.09930774800523068, 13100.0], [0.12442684300549445, 12731.000000000011], [0.7500479250047647, 12334.0], [0.777371561005566, 12232.0], [2.5502195620028942, 12232.0]]",2.924719457,2.924592212,0.9999564932630733,False,75.0,1436.5546875,2,2.0,True,0.6,2.0,a6c89e67e1516fe42fe2,,,,,,,,,,,,,
holmberg_p35,holmberg,4.040404040404041,30,150,completo,12232.0,True,-1,0,30.0,1.673900562,0.0,12232.0,12232.0,otimo_publicado,"[[0.29200513400064665, 21389.0], [0.3880715089981095, 12731.000000000011], [0.8073501059989212, 12724.999999999993], [0.9550937249987328, 12288.0], [0.9817967390008562, 12232.0]]",1.673900562,1.673806476,0.9999437923601103,False,74.9,1436.5546875,2,1.0,True,1.0,1.0,a6c89e67e1516fe42fe2,,,,,,,,,,,,,
holmberg_p35,holmberg,4.040404040404041,30,150,hibrido:rotacao,12232.0,True,-1,0,30.0,29.962849128,0.0,12232.0,12232.0,otimo_publicado,"[[0.2436404770014633, 13100.0], [0.2689778070016473, 12731.000000000011], [0.8960017370045534, 12334.0], [0.9237520890019368, 12232.0], [2.5507835169992177, 12232.0], [2.8177986040027463, 12232.0], [3.362726726998517, 12232.0]]",29.962849128,29.96225473,0.9999801621669068,False,75.0,1492.96484375,3,,,,,a6c89e67e1516fe42fe2,3.362578639000276,12232.0,1686.0,1686.0,3.0,"{""interior"": 422, ""fronteira"": 422, ""liberacao"": 421, ""regret"": 421, ""abertura"": 0}","{""interior"": 0, ""fronteira"": 0, ""liberacao"": 0, ""regret"": 0, ""abertura"": 0}",1.3025661369465524,24.978998588889226,0.0,1242.0,0.0,
holmberg_p35,holmberg,4.040404040404041,30,150,hibrido:rotacao,12232.0,True,-1,1,30.0,29.951934419,0.0,12232.0,12232.0,otimo_publicado,"[[0.10796602800110122, 13100.0], [0.1334129339993524, 12731.000000000011], [0.8382750359996862, 12235.0], [0.8581282520026434, 12232.0], [1.4749463870030013, 12232.0], [1.9644089070025075, 12232.0], [2.4532302110019373, 12232.0]]",29.951934419,29.950491333,0.999951819939914,False,75.3,1492.96484375,3,,,,,a6c89e67e1516fe42fe2,2.453089345002809,12232.0,1696.0,1696.0,3.0,"{""interior"": 424, ""fronteira"": 424, ""liberacao"": 424, ""regret"": 424, ""abertura"": 0}","{""interior"": 0, ""fronteira"": 0, ""liberacao"": 0, ""regret"": 0, ""abertura"": 0}",1.315278025038424,25.850506653991033,0.0,1249.0,0.0,
holmberg_p35,holmberg,4.040404040404041,30,150,hibrido:rotacao,12232.0,True,-1,2,30.0,29.967741045,0.0,12232.0,12232.0,otimo_publicado,"[[0.10432675999982166, 13100.0], [0.1293642060009006, 12731.000000000011], [0.6465330659993924, 12342.0], [0.6786573649987986, 12232.0], [2.2029170869973314, 12232.0], [2.5101099719977356, 12232.0], [3.101175001000229, 12232.0]]",29.967741045,29.965255767,0.9999170682235852,False,75.3,1901.265625,1,,,,,a6c89e67e1516fe42fe2,3.101034208000783,12232.0,1671.0,1671.0,3.0,"{""interior"": 418, ""fronteira"": 418, ""liberacao"": 418, ""regret"": 417, ""abertura"": 0}","{""interior"": 0, ""fronteira"": 0, ""liberacao"": 0, ""regret"": 0, ""abertura"": 0}",1.3079042659737752,25.242355924980075,0.0,1229.0,0.0,
holmberg_p35,holmberg,4.040404040404041,30,150,hibridopl:rotacao,12232.0,True,-1,0,30.0,29.961150512,0.0,12232.0,12232.0,otimo_publicado,"[[0.10007660200062674, 13100.0], [0.1255145180002728, 12731.000000000011], [0.7532509779994143, 12334.0], [0.7807092670009297, 12232.0], [2.4247675129990967, 12232.0], [2.7994061509962194, 12232.0]]",29.961150512,29.960025084,0.999962437090006,False,75.0,1901.265625,1,,,,,a6c89e67e1516fe42fe2,2.7992727819982974,12232.0,1721.0,1721.0,2.0,"{""interior"": 431, ""fronteira"": 430, ""liberacao"": 430, ""regret"": 430, ""abertura"": 0}","{""interior"": 0, ""fronteira"": 0, ""liberacao"": 0, ""regret"": 0, ""abertura"": 0}",1.3267708720304654,25.518175847962993,0.0,1268.0,0.0,
holmberg_p35,holmberg,4.040404040404041,30,150,hibridopl:rotacao,12232.0,True,-1,1,30.0,29.953413748,0.0,12232.0,12232.0,otimo_publicado,"[[0.099514426998212, 13100.0], [0.12460748100056662, 12731.000000000011], [0.82654070100034, 12235.0], [0.8464144780009519, 12232.0], [1.4733151259970327, 12232.0], [1.783649223001703, 12232.0]]",29.953413748,29.950115497,0.9998898873087473,False,75.3,1436.5546875,2,,,,,a6c89e67e1516fe42fe2,1.7835134630004177,12232.0,1746.0,1746.0,2.0,"{""interior"": 437, ""fronteira"": 437, ""liberacao"": 436, ""regret"": 436, ""abertura"": 0}","{""interior"": 0, ""fronteira"": 0, ""liberacao"": 0, ""regret"": 0, ""abertura"": 0}",1.3433885060730972,26.500470003971714,0.0,1287.0,0.0,
holmberg_p35,holmberg,4.040404040404041,30,150,hibridopl:rotacao,12232.0,True,-1,2,30.0,29.951604004,0.0,12232.0,12232.0,otimo_publicado,"[[0.0986890849962947, 13100.0], [0.12410330599595909, 12731.000000000011], [0.644833602997096, 12342.0], [0.6773914559962577, 12232.0], [2.215291651998996, 12232.0], [2.585653258000093, 12232.0]]",29.951604004,29.950125459,0.9999506355319133,False,75.0,1436.5546875,2,,,,,a6c89e67e1516fe42fe2,2.5855179419995693,12232.0,1721.0,1721.0,2.0,"{""interior"": 431, ""fronteira"": 430, ""liberacao"": 430, ""regret"": 430, ""abertura"": 0}","{""interior"": 0, ""fronteira"": 0, ""liberacao"": 0, ""regret"": 0, ""abertura"": 0}",1.3589901540799474,25.69026592802038,0.0,1267.0,0.0,
holmberg_p35,holmberg,4.040404040404041,30,150,kernel,12232.0,True,-1,0,30.0,3.640083744,0.0,12232.0,12232.0,otimo_publicado,"[[0.09820429300452815, 13100.0], [0.12340261600184022, 12731.000000000011], [0.7448059320049651, 12334.0], [0.7720593490048486, 12232.0], [2.408244979000301, 12232.0], [2.8161101800033066, 12232.0], [3.263564351000241, 12232.0]]",3.640083744,3.639958982,0.9999657255138139,False,75.1,1901.265625,1,4.0,,0.3,4.0,a6c89e67e1516fe42fe2,,,,,,,,,,,,,0.052644372000941075
holmberg_p36,holmberg,4.040404040404041,30,150,adaptativa:gnn,13832.0,True,0,0,30.0,3.246567214,0.0,13832.0,13832.0,otimo_publicado,"[[0.10533387900068192, 14900.0], [0.13073248600267107, 14334.0], [0.17437102300027618, 14010.999999999993], [0.6409395459995721, 13852.0], [0.661852507997537, 13840.0], [1.9641972230019746, 13832.0], [2.0032686950071366, 13832.0]]",3.246567214,3.246492728,0.9999770569974098,False,75.0,1683.8671875,3,2.0,True,0.5333333333333333,2.0,a6c89e67e1516fe42fe2,,,,,,,,,,,,,
holmberg_p36,holmberg,4.040404040404041,30,150,adaptativa:pl,13832.0,True,-1,0,30.0,3.212206328,0.0,13832.0,13832.0,otimo_publicado,"[[0.09557210599450627, 14900.0], [0.1206408649959485, 14334.0], [0.16400354899815284, 14010.999999999993], [0.6312941149953986, 13852.0], [0.6516504289975273, 13840.0], [1.9371976339971297, 13832.0], [1.9753718699939782, 13832.0]]",3.212206328,3.212051068,0.9999516656204035,False,75.0,1901.265625,1,2.0,True,0.5333333333333333,2.0,a6c89e67e1516fe42fe2,,,,,,,,,,,,,
holmberg_p36,holmberg,4.040404040404041,30,150,completo,13832.0,True,-1,0,30.0,5.42816455,0.0,13832.0,13832.0,otimo_publicado,"[[0.14732570300111547, 26789.0], [0.2618579990012222, 14334.0], [0.37356561700289603, 14010.999999999993], [0.7352321360012866, 13911.0], [0.7691618989993003, 13836.0], [3.9509763430032763, 13835.0], [5.416200949002814, 13832.0]]",5.42816455,5.427946357,0.999959803539854,False,75.0,1901.359375,1,1.0,True,1.0,1.0,a6c89e67e1516fe42fe2,,,,,,,,,,,,,
holmberg_p36,holmberg,4.040404040404041,30,150,hibrido:rotacao,13832.0,True,-1,0,30.0,29.964396736,0.0,13832.0,13832.0,otimo_publicado,"[[0.10604714300279738, 14900.0], [0.13152300100045977, 14334.0], [0.17540129800181603, 14010.999999999993], [0.6456596459975117, 13852.0], [0.6666525960026775, 13840.0], [1.9702562000020407, 13832.0], [2.0092367629986256, 13832.0], [3.257223360997159, 13832.0]]",29.964396736,29.963811629,0.9999804732594767,False,75.0,1683.8671875,3,,,,,a6c89e67e1516fe42fe2,3.257081741001457,13832.0,1646.0,1646.0,2.0,"{""interior"": 412, ""fronteira"": 412, ""liberacao"": 411, ""regret"": 411, ""abertura"": 0}","{""interior"": 0, ""fronteira"": 0, ""liberacao"": 0, ""regret"": 0, ""abertura"": 0}",1.2938303720220574,25.086223600977974,0.0,1212.0,0.0,
holmberg_p36,holmberg,4.040404040404041,30,150,hibrido:rotacao,13832.0,True,-1,1,30.0,29.95230682,0.0,13832.0,13832.0,otimo_publicado,"[[0.10274641600699397, 14900.0], [0.12767353300296236, 14334.0], [0.17092712000885513, 14010.999999999993], [0.7464022820058744, 13865.0], [0.7739450420049252, 13832.0], [3.645668901001045, 13832.0], [6.364407330001995, 13832.0], [8.446597200992983, 13832.0], [11.809021200009738, 13832.0]]",29.95230682,29.950867531,0.9999519473071423,False,75.0,1446.9453125,2,,,,,a6c89e67e1516fe42fe2,11.808883677003905,13832.0,1127.0,1127.0,4.0,"{""interior"": 282, ""fronteira"": 282, ""liberacao"": 282, ""regret"": 281, ""abertura"": 0}","{""interior"": 0, ""fronteira"": 0, ""liberacao"": 0, ""regret"": 0, ""abertura"": 0}",0.87375108897686,17.053469521953957,0.0,822.0,0.0,
holmberg_p36,holmberg,4.040404040404041,30,150,hibrido:rotacao,13832.0,True,-1,2,30.0,29.969997215,0.0,13832.0,13832.0,otimo_publicado,"[[0.10509040099714184, 14900.0], [0.1302765019936487, 14334.0], [0.1737471189990174, 14010.999999999993], [0.6464378679957008, 13852.0], [0.6706460459972732, 13840.0], [1.8061026459981804, 13836.0], [2.4390365629951702, 13832.0], [2.7206768479954917, 13832.0], [4.899297891999595, 13832.0]]",29.969997215,29.968733033,0.9999578184144986,False,75.0,1901.359375,1,,,,,a6c89e67e1516fe42fe2,4.899161205001292,13832.0,1598.0,1598.0,2.0,"{""interior"": 400, ""fronteira"": 400, ""liberacao"": 399, ""regret"": 399, ""abertura"": 0}","{""interior"": 0, ""fronteira"": 0, ""liberacao"": 0, ""regret"": 0, ""abertura"": 0}",1.237624710018281,23.54406321200804,0.0,1175.0,0.0,
holmberg_p36,holmberg,4.040404040404041,30,150,hibridopl:rotacao,13832.0,True,-1,0,30.0,29.956251409,0.0,13832.0,13832.0,otimo_publicado,"[[0.47451686300337315, 14900.0], [0.49983605799934594, 14334.0], [0.5436039630003506, 14010.999999999993], [1.0158721230036463, 13852.0], [1.0375319950035191, 13840.0], [2.335453938001592, 13832.0], [2.374396902996523, 13832.0], [3.6146782050054753, 13832.0]]",29.956251409,29.955183137,0.99996433892928,False,75.0,1901.359375,1,,,,,a6c89e67e1516fe42fe2,3.6145452710043173,13832.0,1639.0,1639.0,2.0,"{""interior"": 410, ""fronteira"": 410, ""liberacao"": 410, ""regret"": 409, ""abertura"": 0}","{""interior"": 0, ""fronteira"": 0, ""liberacao"": 0, ""regret"": 0, ""abertura"": 0}",1.2661162849035463,24.77458198605018,0.0,1206.0,0.0,
holmberg_p36,holmberg,4.040404040404041,30,150,hibridopl:rotacao,13832.0,True,-1,1,30.0,29.958958682,0.0,13832.0,13832.0,otimo_publicado,"[[0.09639193199836882, 14900.0], [0.12142758999834768, 14334.0], [0.16508998999779578, 14010.999999999993], [0.7394479219947243, 13865.0], [0.7668764519985416, 13832.0], [3.639696746991831, 13832.0], [6.355440656996507, 13832.0], [8.668884423990676, 13832.0], [12.059914443998423, 13832.0]]",29.958958682,29.957233576,0.9999424176915389,False,75.0,1447.08203125,2,,,,,a6c89e67e1516fe42fe2,12.05977284599794,13832.0,1122.0,1122.0,3.0,"{""interior"": 281, ""fronteira"": 281, ""liberacao"": 280, ""regret"": 280, ""abertura"": 0}","{""interior"": 0, ""fronteira"": 0, ""liberacao"": 0, ""regret"": 0, ""abertura"": 0}",0.8708337001007749,16.8143100239904,0.0,819.0,0.0,
holmberg_p36,holmberg,4.040404040404041,30,150,hibridopl:rotacao,13832.0,True,-1,2,30.0,29.957364023,0.0,13832.0,13832.0,otimo_publicado,"[[0.0950467220027349, 14900.0], [0.12014247399929445, 14334.0], [0.16353506500308868, 14010.999999999993], [0.6328668700007256, 13852.0], [0.6566649829983362, 13840.0], [1.7778881740014185, 13836.0], [2.401772714998515, 13832.0], [2.860511097998824, 13832.0], [5.025091324998357, 13832.0]]",29.957364023,29.956762925,0.9999799348834718,False,75.0,1683.8671875,3,,,,,a6c89e67e1516fe42fe2,5.024957401998108,13832.0,1581.0,1581.0,2.0,"{""interior"": 396, ""fronteira"": 395, ""liberacao"": 395, ""regret"": 395, ""abertura"": 0}","{""interior"": 0, ""fronteira"": 0, ""liberacao"": 0, ""regret"": 0, ""abertura"": 0}",1.227238280007441,23.393441168111167,0.0,1162.0,0.0,
holmberg_p36,holmberg,4.040404040404041,30,150,kernel,13832.0,True,-1,0,30.0,6.162378737,0.0,13832.0,13832.0,otimo_publicado,"[[0.09684955199918477, 14900.0], [0.12196816600044258, 14334.0], [0.16560065799421864, 14010.999999999993], [0.6360329189992626, 13852.0], [0.6568503349990351, 13840.0], [1.9547200209999573, 13832.0], [1.9964509139972506, 13832.0], [3.8471305889979703, 13832.0], [4.581656821996148, 13832.0]]",6.162378737,6.162103633,0.9999553574988261,False,75.0,1436.56640625,2,4.0,,0.3,4.0,a6c89e67e1516fe42fe2,,,,,,,,,,,,,0.04987712599540828
holmberg_p37,holmberg,6.0606060606060606,30,150,adaptativa:gnn,11258.0,True,0,0,30.0,0.572497793,0.0,11258.0,11258.0,otimo_publicado,"[[0.09001370499754557, 12794.0], [0.11004953799783834, 12394.999999999996], [0.14606859199921018, 12284.0], [0.18996460600101273, 12284.0], [0.2489529289996426, 11679.0], [0.2851701260005939, 11258.0], [0.46894622499894467, 11258.0]]",0.572497793,0.572480931,0.9999705466113473,False,74.8,1863.5546875,1,3.0,True,0.6333333333333333,3.0,a6c89e67e1516fe42fe2,,,,,,,,,,,,,
holmberg_p37,holmberg,6.0606060606060606,30,150,adaptativa:pl,11258.0,True,-1,0,30.0,0.200539494,0.0,11258.0,11258.0,otimo_publicado,"[[0.07824835399514996, 12039.0], [0.09447942399492604, 11679.0], [0.10072231299636769, 11258.000000000002], [0.13032330099667888, 11258.0]]",0.200539494,0.200544308,1.0000240052465676,False,75.0,1388.59765625,3,2.0,True,0.43333333333333335,2.0,a6c89e67e1516fe42fe2,,,,,,,,,,,,,
holmberg_p37,holmberg,6.0606060606060606,30,150,completo,11258.0,True,-1,0,30.0,0.260507905,0.0,11258.0,11258.0,otimo_publicado,"[[0.15374574499946903, 19055.0], [0.22493710499838926, 11679.0], [0.25680497600114904, 11258.0]]",0.260507905,0.260491138,0.9999356372698172,False,75.0,1863.5546875,1,1.0,True,1.0,1.0,a6c89e67e1516fe42fe2,,,,,,,,,,,,,
holmberg_p37,holmberg,6.0606060606060606,30,150,hibrido:rotacao,11258.0,True,-1,0,30.0,29.978009276,0.0,11258.0,11258.0,otimo_publicado,"[[0.0877611359974253, 12794.0], [0.1074089349967835, 12394.999999999996], [0.14311807199555915, 12284.0], [0.1867066579980019, 12284.0], [0.24519608699847595, 11679.0], [0.281778160999238, 11258.0], [0.3206909299988183, 11258.0], [0.4237736360009876, 11258.0]]",29.978009276,29.97687088,0.9999620256305374,False,75.0,1863.55859375,1,,,,,a6c89e67e1516fe42fe2,0.42364063000059105,11258.0,1847.0,1847.0,3.0,"{""interior"": 462, ""fronteira"": 462, ""liberacao"": 462, ""regret"": 461, ""abertura"": 0}","{""interior"": 0, ""fronteira"": 0, ""liberacao"": 0, ""regret"": 0, ""abertura"": 0}",1.450175721962296,27.783912533992407,0.0,1362.0,0.0,
holmberg_p37,holmberg,6.0606060606060606,30,150,hibrido:rotacao,11258.0,True,-1,1,30.0,29.963241174,0.0,11258.0,11258.0,otimo_publicado,"[[0.08942430400202284, 12794.0], [0.1091236000029312, 12394.999999999996], [0.14485911300289445, 12333.0], [0.14952442600406357, 12284.000000000002], [0.32565412600524724, 12284.0], [0.3856995520036435, 11679.0], [0.42186252800456714, 11258.0], [0.46304741100175306, 11258.0], [0.5655712260049768, 11258.0]]",29.963241174,29.961797518,0.999951819097553,False,75.0,1290.75,2,,,,,a6c89e67e1516fe42fe2,0.5654364380025072,11258.0,1899.0,1899.0,3.0,"{""interior"": 475, ""fronteira"": 475, ""liberacao"": 475, ""regret"": 474, ""abertura"": 0}","{""interior"": 0, ""fronteira"": 0, ""liberacao"": 0, ""regret"": 0, ""abertura"": 0}",1.485109195968107,27.594271252964973,0.0,1401.0,0.0,
holmberg_p37,holmberg,6.0606060606060606,30,150,hibrido:rotacao,11258.0,True,-1,2,30.0,29.968636756,0.0,11258.0,11258.0,otimo_publicado,"[[0.08966351399794803, 12794.0], [0.1094563949991425, 12394.999999999996], [0.14526724000097602, 12284.0], [0.18967760399755207, 12284.0], [0.24868767999942065, 11679.0], [0.2850413399974059, 11258.0], [0.3257535779994214, 11258.0], [0.4286611729985452, 11258.0]]",29.968636756,29.967616728,0.9999659634834809,False,75.0,1863.55859375,1,,,,,a6c89e67e1516fe42fe2,0.4285066709999228,11258.0,1930.0,1930.0,3.0,"{""interior"": 483, ""fronteira"": 483, ""liberacao"": 482, ""regret"": 482, ""abertura"": 0}","{""interior"": 0, ""fronteira"": 0, ""liberacao"": 0, ""regret"": 0, ""abertura"": 0}",1.511362661021849,27.70558307007741,0.0,1424.0,0.0,
holmberg_p37,holmberg,6.0606060606060606,30,150,hibridopl:rotacao,11258.0,True,-1,0,30.0,29.965114205,0.0,11258.0,11258.0,otimo_publicado,"[[0.07595885699993232, 12039.0], [0.0921859879999829, 11679.0], [0.09837179800160811, 11258.000000000002], [0.1269220360009058, 11258.0], [0.19619698799942853, 11258.0]]",29.965114205,29.964322987,0.9999735953617734,False,75.0,1388.59765625,3,,,,,a6c89e67e1516fe42fe2,0.1960668479987362,11258.0,1863.0,1863.0,2.0,"{""interior"": 466, ""fronteira"": 466, ""liberacao"": 466, ""regret"": 465, ""abertura"": 0}","{""interior"": 0, ""fronteira"": 0, ""liberacao"": 0, ""regret"": 0, ""abertura"": 0}",1.466389458044432,27.964811090936564,0.0,1374.0,0.0,
holmberg_p37,holmberg,6.0606060606060606,30,150,hibridopl:rotacao,11258.0,True,-1,1,30.0,29.976125424,0.0,11258.0,11258.0,otimo_publicado,"[[0.07700763899993035, 12039.0], [0.09322509699995862, 11679.0], [0.09948095599975204, 11258.000000000002], [0.12785071100006462, 11258.0], [0.19734199199956493, 11258.0]]",29.976125424,29.975252405,0.999970876189379,False,75.0,1388.59765625,3,,,,,a6c89e67e1516fe42fe2,0.19720294299986563,11258.0,1903.0,1903.0,2.0,"{""interior"": 476, ""fronteira"": 476, ""liberacao"": 476, ""regret"": 475, ""abertura"": 0}","{""interior"": 0, ""fronteira"": 0, ""liberacao"": 0, ""regret"": 0, ""abertura"": 0}",1.4939541539206402,27.948508319066605,0.0,1404.0,0.0,
holmberg_p37,holmberg,6.0606060606060606,30,150,hibridopl:rotacao,11258.0,True,-1,2,30.0,29.953810657,0.0,11258.0,11258.0,otimo_publicado,"[[0.07563586499600206, 12039.0], [0.09168722399772378, 11679.0], [0.09784719099479844, 11258.000000000002], [0.28815424499771325, 11258.0], [0.35767994599882513, 11258.0]]",29.953810657,29.952433792,0.9999540337282703,False,75.0,1290.75,2,,,,,a6c89e67e1516fe42fe2,0.35752537900043535,11258.0,1933.0,1933.0,2.0,"{""interior"": 484, ""fronteira"": 483, ""liberacao"": 483, ""regret"": 483, ""abertura"": 0}","{""interior"": 0, ""fronteira"": 0, ""liberacao"": 0, ""regret"": 0, ""abertura"": 0}",1.5260026529686002,27.74031716411264,0.0,1426.0,0.0,
holmberg_p37,holmberg,6.0606060606060606,30,150,kernel,11258.0,True,-1,0,30.0,0.592206602,0.0,11258.0,11258.0,otimo_publicado,"[[0.07798637399901054, 12039.0], [0.09435360600036802, 11679.0], [0.1006170149994432, 11258.000000000002], [0.13464733200453338, 11258.0], [0.25155078600437264, 11258.0], [0.5172408910038939, 11258.0]]",0.592206602,0.592013344,0.9996736645634355,False,75.0,1388.59375,3,4.0,,0.26666666666666666,4.0,a6c89e67e1516fe42fe2,,,,,,,,,,,,,0.036110287001065444
holmberg_p38,holmberg,6.0606060606060606,30,150,adaptativa:gnn,10551.0,True,0,0,30.0,0.224982601,0.0,10551.0,10551.0,otimo_publicado,"[[0.08516797000265797, 10830.0], [0.10420054600399453, 10602.000000000002], [0.1149135230043612, 10551.0], [0.14624959800130455, 10551.0]]",0.224982601,0.224968082,0.9999354661207779,False,74.4,1449.12890625,3,2.0,True,0.4666666666666667,2.0,a6c89e67e1516fe42fe2,,,,,,,,,,,,,
holmberg_p38,holmberg,6.0606060606060606,30,150,adaptativa:pl,10551.0,True,-1,0,30.0,0.207218402,0.0,10551.0,10551.0,otimo_publicado,"[[0.07611700600318727, 10830.0], [0.09515090900458745, 10602.000000000002], [0.10579852100272547, 10551.0], [0.134642179000366, 10551.0]]",0.207218402,0.207222554,1.0000200368305128,False,74.7,1901.1484375,1,2.0,True,0.43333333333333335,2.0,a6c89e67e1516fe42fe2,,,,,,,,,,,,,
holmberg_p38,holmberg,6.0606060606060606,30,150,completo,10551.0,True,-1,0,30.0,0.317649182,0.0,10551.0,10551.0,otimo_publicado,"[[0.1533660780005448, 15989.0], [0.22655143800147926, 10602.000000000002], [0.31415932300296845, 10551.0]]",0.317649182,0.317634513,0.9999538201234845,False,75.6,1449.12890625,3,1.0,True,1.0,1.0,a6c89e67e1516fe42fe2,,,,,,,,,,,,,
holmberg_p38,holmberg,6.0606060606060606,30,150,hibrido:rotacao,10551.0,True,-1,0,30.0,29.959179357,0.0,10551.0,10551.0,otimo_publicado,"[[0.08435130999350804, 10830.0], [0.10307325299436343, 10602.000000000002], [0.11364173199399374, 10551.0], [0.14473637099581538, 10551.0], [0.2223859019977681, 10551.0]]",29.959179357,29.956399065,0.9999071973245038,False,75.3,1436.55078125,2,,,,,a6c89e67e1516fe42fe2,0.22225598099976196,10551.0,2170.0,2170.0,2.0,"{""interior"": 543, ""fronteira"": 543, ""liberacao"": 542, ""regret"": 542, ""abertura"": 0}","{""interior"": 0, ""fronteira"": 0, ""liberacao"": 0, ""regret"": 0, ""abertura"": 0}",1.6463496909964306,27.714187451019825,0.0,1606.0,0.0,
holmberg_p38,holmberg,6.0606060606060606,30,150,hibrido:rotacao,10551.0,True,-1,1,30.0,29.973746093,0.0,10551.0,10551.0,otimo_publicado,"[[0.0814703180003562, 10830.0], [0.10005748399998993, 10602.000000000002], [0.10858552299760049, 10551.000000000002], [0.28487081499770284, 10551.0], [0.36288220200003707, 10551.0]]",29.973746093,29.971762532,0.9999338233868451,False,75.3,1901.1484375,1,,,,,a6c89e67e1516fe42fe2,0.3627245829993626,10551.0,2155.0,2155.0,2.0,"{""interior"": 539, ""fronteira"": 539, ""liberacao"": 539, ""regret"": 538, ""abertura"": 0}","{""interior"": 0, ""fronteira"": 0, ""liberacao"": 0, ""regret"": 0, ""abertura"": 0}",1.6344353989334195,27.600829876038915,0.0,1593.0,0.0,
holmberg_p38,holmberg,6.0606060606060606,30,150,hibrido:rotacao,10551.0,True,-1,2,30.0,29.964722008,0.0,10551.0,10551.0,otimo_publicado,"[[0.08497531299872207, 10830.0], [0.10404618499887874, 10602.000000000002], [0.11272765100147808, 10551.000000000002], [0.14429458399899886, 10551.0], [0.22279010800411925, 10551.0]]",29.964722008,29.963965184,0.999974742832595,False,75.0,1449.12890625,3,,,,,a6c89e67e1516fe42fe2,0.2226601380025386,10551.0,2250.0,2250.0,2.0,"{""interior"": 563, ""fronteira"": 563, ""liberacao"": 562, ""regret"": 562, ""abertura"": 0}","{""interior"": 0, ""fronteira"": 0, ""liberacao"": 0, ""regret"": 0, ""abertura"": 0}",1.7232095251056307,27.616597857006127,0.0,1664.0,0.0,
holmberg_p38,holmberg,6.0606060606060606,30,150,hibridopl:rotacao,10551.0,True,-1,0,30.0,29.954181373,0.0,10551.0,10551.0,otimo_publicado,"[[0.07665379000172834, 10830.0], [0.09548804500082042, 10602.000000000002], [0.10606296799960546, 10551.0], [0.1350160890033294, 10551.0], [0.20685556000171346, 10551.0]]",29.954181373,29.952722133,0.9999512842637284,False,75.0,1436.55078125,2,,,,,a6c89e67e1516fe42fe2,0.20672218100298778,10551.0,2172.0,2172.0,2.0,"{""interior"": 543, ""fronteira"": 543, ""liberacao"": 543, ""regret"": 543, ""abertura"": 0}","{""interior"": 0, ""fronteira"": 0, ""liberacao"": 0, ""regret"": 0, ""abertura"": 0}",1.6435229719681956,27.728993753018585,0.0,1607.0,0.0,
holmberg_p38,holmberg,6.0606060606060606,30,150,hibridopl:rotacao,10551.0,True,-1,1,30.0,29.95460592,0.0,10551.0,10551.0,otimo_publicado,"[[0.07656945000053383, 10830.0], [0.09545213100136607, 10602.000000000002], [0.10412854400055949, 10551.000000000002], [0.13321479200021713, 10551.0], [0.2054542610021599, 10551.0]]",29.95460592,29.953613645,0.999966874042588,False,75.0,1901.1484375,1,,,,,a6c89e67e1516fe42fe2,0.20531047400072566,10551.0,2153.0,2153.0,2.0,"{""interior"": 539, ""fronteira"": 538, ""liberacao"": 538, ""regret"": 538, ""abertura"": 0}","{""interior"": 0, ""fronteira"": 0, ""liberacao"": 0, ""regret"": 0, ""abertura"": 0}",1.6402616579034657,27.7315840579613,0.0,1592.0,0.0,
holmberg_p38,holmberg,6.0606060606060606,30,150,hibridopl:rotacao,10551.0,True,-1,2,30.0,29.960432502,0.0,10551.0,10551.0,otimo_publicado,"[[0.07420284300314961, 10830.0], [0.09306088600351359, 10602.000000000002], [0.10173777900126879, 10551.000000000002], [0.1296057590043347, 10551.0], [0.20069304900243878, 10551.0]]",29.960432502,29.9596388,0.9999735083263586,False,75.0,1449.12890625,3,,,,,a6c89e67e1516fe42fe2,0.2005613120018097,10551.0,2239.0,2239.0,2.0,"{""interior"": 560, ""fronteira"": 560, ""liberacao"": 560, ""regret"": 559, ""abertura"": 0}","{""interior"": 0, ""fronteira"": 0, ""liberacao"": 0, ""regret"": 0, ""abertura"": 0}",1.7274291680259921,27.621341397967626,0.0,1655.0,0.0,
holmberg_p38,holmberg,6.0606060606060606,30,150,kernel,10551.0,True,-1,0,30.0,0.626021793,0.0,10551.0,10551.0,otimo_publicado,"[[0.07500485700074933, 10830.0], [0.09395110799960094, 10602.000000000002], [0.10467047799829743, 10551.0], [0.2942181679973146, 10551.0], [0.4342212000010477, 10551.0], [0.5592170170020836, 10551.0]]",0.626021793,0.626025912,1.0000065796431468,False,74.9,1449.12890625,3,4.0,,0.3,4.0,a6c89e67e1516fe42fe2,,,,,,,,,,,,,0.029842089999874588
holmberg_p39,holmberg,6.0606060606060606,30,150,adaptativa:gnn,11824.0,True,0,0,30.0,0.20982789,0.0,11824.0,11824.0,otimo_publicado,"[[0.08765309200316551, 12630.0], [0.1073800280028081, 11824.0], [0.14057809600126348, 11824.0]]",0.20982789,0.209832386,1.000021427084836,False,74.1,1436.5546875,2,2.0,True,0.43333333333333335,2.0,a6c89e67e1516fe42fe2,,,,,,,,,,,,,
holmberg_p39,holmberg,6.0606060606060606,30,150,adaptativa:pl,11824.0,True,-1,0,30.0,0.191493494,0.0,11824.0,11824.0,otimo_publicado,"[[0.07819197400385747, 12630.0], [0.09776086600322742, 11824.0], [0.12830032800047775, 11824.0]]",0.191493494,0.191498557,1.0000264395405516,False,75.0,1436.5546875,2,2.0,True,0.4,2.0,a6c89e67e1516fe42fe2,,,,,,,,,,,,,
holmberg_p39,holmberg,6.0606060606060606,30,150,completo,11824.0,True,-1,0,30.0,0.25471238,0.0,11824.0,11824.0,otimo_publicado,"[[0.15551828000025125, 21389.0], [0.23119652699824655, 11824.0]]",0.25471238,0.254702439,0.9999609716653741,False,74.8,1901.265625,1,1.0,True,1.0,1.0,a6c89e67e1516fe42fe2,,,,,,,,,,,,,
holmberg_p39,holmberg,6.0606060606060606,30,150,hibrido:rotacao,11824.0,True,-1,0,30.0,29.955877452,0.0,11824.0,11824.0,otimo_publicado,"[[0.08568019200538401, 12630.0], [0.1053129230022023, 11824.0], [0.13833981700372533, 11824.0], [0.20714416299961158, 11824.0]]",29.955877452,29.954710087,0.9999610305189066,False,75.0,1901.265625,1,,,,,a6c89e67e1516fe42fe2,0.20699935000084224,11824.0,1904.0,1904.0,2.0,"{""interior"": 476, ""fronteira"": 476, ""liberacao"": 476, ""regret"": 476, ""abertura"": 0}","{""interior"": 0, ""fronteira"": 0, ""liberacao"": 0, ""regret"": 0, ""abertura"": 0}",1.4791112890452496,27.91780262704924,0.0,1405.0,0.0,
holmberg_p39,holmberg,6.0606060606060606,30,150,hibrido:rotacao,11824.0,True,-1,1,30.0,29.961293615,0.0,11824.0,11824.0,otimo_publicado,"[[0.0872144870008924, 12630.0], [0.10691486500218161, 11824.0], [0.1395459130035306, 11824.0], [0.2075031759995909, 11824.0]]",29.961293615,29.959829345,0.999951127944647,False,75.0,1436.5546875,2,,,,,a6c89e67e1516fe42fe2,0.20736641799885547,11824.0,1943.0,1943.0,2.0,"{""interior"": 486, ""fronteira"": 486, ""liberacao"": 486, ""regret"": 485, ""abertura"": 0}","{""interior"": 0, ""fronteira"": 0, ""liberacao"": 0, ""regret"": 0, ""abertura"": 0}",1.496303117946809,27.915961689970572,0.0,1434.0,0.0,
holmberg_p39,holmberg,6.0606060606060606,30,150,hibrido:rotacao,11824.0,True,-1,2,30.0,29.96462791,0.0,11824.0,11824.0,otimo_publicado,"[[0.08835900900157867, 12630.0], [0.1080650420008169, 11824.0], [0.2797384730001795, 11824.0], [0.349087647995475, 11824.0]]",29.96462791,29.964013967,0.9999795110754639,False,75.0,1492.96484375,3,,,,,a6c89e67e1516fe42fe2,0.3489589739983785,11824.0,1943.0,1943.0,2.0,"{""interior"": 486, ""fronteira"": 486, ""liberacao"": 486, ""regret"": 485, ""abertura"": 0}","{""interior"": 0, ""fronteira"": 0, ""liberacao"": 0, ""regret"": 0, ""abertura"": 0}",1.5285921859758673,27.7189653919595,0.0,1433.0,0.0,
holmberg_p39,holmberg,6.0606060606060606,30,150,hibridopl:rotacao,11824.0,True,-1,0,30.0,29.954774424,0.0,11824.0,11824.0,otimo_publicado,"[[0.07757902800221927, 12630.0], [0.09711992800293956, 11824.0], [0.2902561709997826, 11824.0], [0.3557514309977705, 11824.0]]",29.954774424,29.953342768,0.999952206083086,False,75.0,1436.5546875,2,,,,,a6c89e67e1516fe42fe2,0.3556140549990232,11824.0,1896.0,1896.0,2.0,"{""interior"": 474, ""fronteira"": 474, ""liberacao"": 474, ""regret"": 474, ""abertura"": 0}","{""interior"": 0, ""fronteira"": 0, ""liberacao"": 0, ""regret"": 0, ""abertura"": 0}",1.4697991580178495,27.78071797206576,0.0,1399.0,0.0,
holmberg_p39,holmberg,6.0606060606060606,30,150,hibridopl:rotacao,11824.0,True,-1,1,30.0,29.957501818,0.0,11824.0,11824.0,otimo_publicado,"[[0.07985166200160165, 12630.0], [0.09965798100165557, 11824.0], [0.13117170099940267, 11824.0], [0.19537042700176244, 11824.0]]",29.957501818,29.956486729,0.9999661156992941,False,75.0,1901.265625,1,,,,,a6c89e67e1516fe42fe2,0.19523709699933534,11824.0,1936.0,1936.0,2.0,"{""interior"": 484, ""fronteira"": 484, ""liberacao"": 484, ""regret"": 484, ""abertura"": 0}","{""interior"": 0, ""fronteira"": 0, ""liberacao"": 0, ""regret"": 0, ""abertura"": 0}",1.5055704459773551,27.911390610006492,0.0,1429.0,0.0,
holmberg_p39,holmberg,6.0606060606060606,30,150,hibridopl:rotacao,11824.0,True,-1,2,30.0,29.96616893,0.0,11824.0,11824.0,otimo_publicado,"[[0.08026995399632142, 12630.0], [0.10022930699415156, 11824.0], [0.13218268999480642, 11824.0], [0.19612138900265563, 11824.0]]",29.96616893,29.965529205,0.999978651758872,False,75.0,1492.96484375,3,,,,,a6c89e67e1516fe42fe2,0.1959934520018578,11824.0,1947.0,1947.0,2.0,"{""interior"": 487, ""fronteira"": 487, ""liberacao"": 487, ""regret"": 486, ""abertura"": 0}","{""interior"": 0, ""fronteira"": 0, ""liberacao"": 0, ""regret"": 0, ""abertura"": 0}",1.5257658571099455,27.876369008099573,0.0,1436.0,0.0,
holmberg_p39,holmberg,6.0606060606060606,30,150,kernel,11824.0,True,-1,0,30.0,0.621996021,0.0,11824.0,11824.0,otimo_publicado,"[[0.08080409999820404, 12630.0], [0.10064323799815611, 11824.0], [0.14355957199950353, 11824.0], [0.4333695559980697, 11824.0], [0.5567160230020818, 11824.0]]",0.621996021,0.621986412,0.9999845513481187,False,75.4,1901.265625,1,4.0,,0.3,4.0,a6c89e67e1516fe42fe2,,,,,,,,,,,,,0.03395645099953981
holmberg_p4,holmberg,1.7396978021978022,10,50,adaptativa:gnn,10714.0,True,0,0,30.0,1.471005011,0.0,10714.0,10714.0,otimo_publicado,"[[0.02052778800134547, 17399.0], [0.024976613000035286, 17393.0], [0.0632656230009161, 16606.999999999993], [0.1551728609993006, 16434.999999999985], [0.24742560300364858, 16113.0], [0.25341510099679, 15988.0], [0.3897445640031947, 15988.0], [0.5680653980016359, 15988.0], [0.7463867059996119, 15988.0], [0.7565486110033817, 12126.0], [0.7647934499982512, 11576.0], [0.8152529680010048, 11218.000000000002], [1.3919694979995256, 10714.0]]",1.471005011,1.470965328,0.9999730232054254,False,75.0,1901.265625,1,4.0,True,1.0,4.0,a6c89e67e1516fe42fe2,,,,,,,,,,,,,
holmberg_p4,holmberg,1.7396978021978022,10,50,adaptativa:pl,10714.0,True,-1,0,30.0,0.670571906,0.0,10714.0,10714.0,otimo_publicado,"[[0.018741332009085454, 11261.0], [0.04287975600891514, 11098.000000000004], [0.37362079400918446, 10714.0], [0.38201952400413575, 10714.0], [0.5172324790109997, 10714.0]]",0.670571906,0.670532834,0.9999417333180075,False,75.4,1901.265625,1,3.0,True,0.9,3.0,a6c89e67e1516fe42fe2,,,,,,,,,,,,,
holmberg_p4,holmberg,1.7396978021978022,10,50,completo,10714.0,True,-1,0,30.0,0.732807488,0.0,10714.0,10714.0,otimo_publicado,"[[0.018580814001325052, 12126.0], [0.02673639800195815, 11576.0], [0.07741553999949247, 11218.000000000002], [0.6541320260002976, 10714.0]]",0.732807488,0.732769965,0.9999487955559755,False,75.2,1436.56640625,2,1.0,True,1.0,1.0,a6c89e67e1516fe42fe2,,,,,,,,,,,,,
holmberg_p4,holmberg,1.7396978021978022,10,50,hibrido:rotacao,10714.0,True,-1,0,30.0,29.963200676,0.0,10714.0,10714.0,otimo_publicado,"[[0.02577477300656028, 17399.0], [0.030237910003052093, 17393.0], [0.06841745100246044, 16606.999999999993], [0.1603271769999992, 16434.999999999985], [0.25220844400610076, 16113.0], [0.2582985600020038, 15988.0], [0.39477487099793507, 15988.0], [0.5689948980070767, 15988.0], [0.749010368999734, 15988.0], [0.7590910049984814, 12126.0], [0.7672341619982035, 11576.0], [0.8177317469962873, 11218.000000000002], [1.3951032109980588, 10714.0], [1.4740951590065379, 10714.0]]",29.963200676,29.962156718,0.9999651586620772,False,75.0,1901.265625,1,,,,,a6c89e67e1516fe42fe2,1.4739707770058885,10714.0,1071.0,1071.0,4.0,"{""interior"": 268, ""fronteira"": 268, ""liberacao"": 268, ""regret"": 267, ""abertura"": 0}","{""interior"": 0, ""fronteira"": 0, ""liberacao"": 0, ""regret"": 0, ""abertura"": 0}",0.395894838955428,27.893498014884244,0.0,1053.0,0.0,
holmberg_p4,holmberg,1.7396978021978022,10,50,hibrido:rotacao,10714.0,True,-1,1,30.0,29.950817953,0.0,10714.0,10714.0,otimo_publicado,"[[0.0206073200024548, 17399.0], [0.02512269000726519, 17393.0], [0.06352937200426823, 16606.999999999993], [0.155653791007353, 16434.999999999985], [0.24882127700402634, 16096.0], [0.25914219000696903, 15987.999999999998], [0.35513106099824654, 15988.0], [0.5389148539979942, 15988.0], [0.7210574290074874, 15988.0], [0.7312019890086958, 12126.0], [0.7394026560068596, 11576.0], [0.7900370560091687, 11218.000000000002], [1.3407913550108788, 10714.0], [1.422599026998796, 10714.0]]",29.950817953,29.949843316,0.9999674587518268,False,75.0,1901.265625,1,,,,,a6c89e67e1516fe42fe2,1.4224646860020584,10714.0,1116.0,1116.0,4.0,"{""interior"": 279, ""fronteira"": 279, ""liberacao"": 279, ""regret"": 279, ""abertura"": 0}","{""interior"": 0, ""fronteira"": 0, ""liberacao"": 0, ""regret"": 0, ""abertura"": 0}",0.4086403598848847,27.908203759026946,0.0,1098.0,0.0,
holmberg_p4,holmberg,1.7396978021978022,10,50,hibrido:rotacao,10714.0,True,-1,2,30.0,29.983345563,0.0,10714.0,10714.0,otimo_publicado,"[[0.02074921900202753, 17399.0], [0.02537578099872917, 17393.0], [0.06402546699973755, 16606.999999999993], [0.15739941300125793, 16434.999999999985], [0.25094920999981696, 16113.0], [0.256424141000025, 15988.0], [0.3912260110009811, 15988.0], [0.5711147699985304, 15988.0], [0.7501550599990878, 15988.0], [0.7603168819987332, 12126.0], [0.7685847949978779, 11576.0], [0.819302752999647, 11218.000000000002], [1.1886392359956517, 11064.000000000007], [1.4270834950002609, 10714.0], [1.6076156829949468, 10714.0]]",29.983345563,29.982748649,0.9999800918146794,False,75.0,1494.08984375,3,,,,,a6c89e67e1516fe42fe2,1.607489390997216,10714.0,1178.0,1178.0,4.0,"{""interior"": 295, ""fronteira"": 295, ""liberacao"": 294, ""regret"": 294, ""abertura"": 0}","{""interior"": 0, ""fronteira"": 0, ""liberacao"": 0, ""regret"": 0, ""abertura"": 0}",0.43974186290142825,27.710163304909656,0.0,1160.0,0.0,
holmberg_p4,holmberg,1.7396978021978022,10,50,hibridopl:rotacao,10714.0,True,-1,0,30.0,29.954369882,0.0,10714.0,10714.0,otimo_publicado,"[[0.018792472990753595, 11261.0], [0.04272933199536055, 11098.000000000004], [0.37041111899452517, 10714.0], [0.3789839509918238, 10714.0], [0.528603568993276, 10714.0], [0.6841933039977448, 10714.0]]",29.954369882,29.953732216,0.9999787120876683,False,75.0,1494.08984375,3,,,,,a6c89e67e1516fe42fe2,0.6840681030007545,10714.0,1106.0,1106.0,3.0,"{""interior"": 277, ""fronteira"": 277, ""liberacao"": 276, ""regret"": 276, ""abertura"": 0}","{""interior"": 0, ""fronteira"": 0, ""liberacao"": 0, ""regret"": 0, ""abertura"": 0}",0.4089976099858177,28.65053818209708,0.0,1088.0,0.0,
holmberg_p4,holmberg,1.7396978021978022,10,50,hibridopl:rotacao,10714.0,True,-1,1,30.0,29.957607029,0.0,10714.0,10714.0,otimo_publicado,"[[0.018558233008661773, 11261.0], [0.042519703005382326, 11098.000000000004], [0.3724076090074959, 10714.0], [0.4455769140040502, 10714.0], [0.597330785007216, 10714.0], [0.733922118000919, 10714.0]]",29.957607029,29.956202551,0.9999531178174998,False,75.0,1436.56640625,2,,,,,a6c89e67e1516fe42fe2,0.733790817001136,10714.0,1146.0,1146.0,3.0,"{""interior"": 287, ""fronteira"": 287, ""liberacao"": 286, ""regret"": 286, ""abertura"": 0}","{""interior"": 0, ""fronteira"": 0, ""liberacao"": 0, ""regret"": 0, ""abertura"": 0}",0.41987444419646636,28.606337272991368,0.0,1128.0,0.0,
holmberg_p4,holmberg,1.7396978021978022,10,50,hibridopl:rotacao,10714.0,True,-1,2,30.0,29.951280816,0.0,10714.0,10714.0,otimo_publicado,"[[0.019184427997970488, 11261.0], [0.043007155996747315, 11098.000000000004], [0.36614517999987584, 10714.0], [0.4443042869970668, 10714.0], [0.5977475549952942, 10714.0], [0.7503439779975452, 10714.0]]",29.951280816,29.949816038,0.9999510946457015,False,75.0,1436.56640625,2,,,,,a6c89e67e1516fe42fe2,0.750219918001676,10714.0,1249.0,1249.0,3.0,"{""interior"": 313, ""fronteira"": 312, ""liberacao"": 312, ""regret"": 312, ""abertura"": 0}","{""interior"": 0, ""fronteira"": 0, ""liberacao"": 0, ""regret"": 0, ""abertura"": 0}",0.4532273708828143,28.535208021981816,0.0,1231.0,0.0,
holmberg_p4,holmberg,1.7396978021978022,10,50,kernel,10714.0,True,-1,0,30.0,0.555446655,0.0,10714.0,10714.0,otimo_publicado,"[[0.018082083006447647, 11261.0], [0.0419952410084079, 11098.000000000004], [0.3714117630079272, 10714.0], [0.3940784640144557, 10714.0]]",0.555446655,0.55542215,0.9999558823520145,False,75.0,1901.265625,1,2.0,,0.7,2.0,a6c89e67e1516fe42fe2,,,,,,,,,,,,,0.004264854003849905
holmberg_p40,holmberg,6.0606060606060606,30,150,adaptativa:gnn,13024.0,True,0,0,30.0,0.251865311,0.0,13024.0,13024.0,otimo_publicado,"[[0.1116533820022596, 14430.0], [0.13216752299922518, 13024.0], [0.17017325699998764, 13024.0]]",0.251865311,0.251869789,1.0000177793439764,False,75.2,1683.8671875,3,2.0,True,0.5,2.0,a6c89e67e1516fe42fe2,,,,,,,,,,,,,
holmberg_p40,holmberg,6.0606060606060606,30,150,adaptativa:pl,13024.0,True,-1,0,30.0,0.227234526,0.0,13024.0,13024.0,otimo_publicado,"[[0.10272584600170376, 14430.0], [0.12279578400193714, 13024.0], [0.1566883470004541, 13024.0]]",0.227234526,0.22723832,1.0000166964064254,False,75.6,1447.08203125,2,2.0,True,0.43333333333333335,2.0,a6c89e67e1516fe42fe2,,,,,,,,,,,,,
holmberg_p40,holmberg,6.0606060606060606,30,150,completo,13024.0,True,-1,0,30.0,0.391838335,0.0,13024.0,13024.0,otimo_publicado,"[[0.29340625899931183, 26789.0], [0.3687233750024461, 13024.0]]",0.391838335,0.391797735,0.9998963858398388,False,75.0,1447.08203125,2,1.0,True,1.0,1.0,a6c89e67e1516fe42fe2,,,,,,,,,,,,,
holmberg_p40,holmberg,6.0606060606060606,30,150,hibrido:rotacao,13024.0,True,-1,0,30.0,29.967818752,0.0,13024.0,13024.0,otimo_publicado,"[[0.10786253100377508, 14430.0], [0.12819189600122627, 13024.0], [0.33152869900368387, 13024.0], [0.4137862839997979, 13024.0]]",29.967818752,29.966763381,0.9999647831893027,False,75.0,1901.359375,1,,,,,a6c89e67e1516fe42fe2,0.4136532080010511,13024.0,1911.0,1911.0,2.0,"{""interior"": 478, ""fronteira"": 478, ""liberacao"": 478, ""regret"": 477, ""abertura"": 0}","{""interior"": 0, ""fronteira"": 0, ""liberacao"": 0, ""regret"": 0, ""abertura"": 0}",1.4956947058308288,27.709012683058972,0.0,1410.0,0.0,
holmberg_p40,holmberg,6.0606060606060606,30,150,hibrido:rotacao,13024.0,True,-1,1,30.0,29.970279185,0.0,13024.0,13024.0,otimo_publicado,"[[0.11060785600420786, 14430.0], [0.13095219600654673, 13024.0], [0.16824910499417456, 13024.0], [0.24948282100376673, 13024.0]]",29.970279185,29.969114922,0.9999611527475999,False,75.0,1901.359375,1,,,,,a6c89e67e1516fe42fe2,0.24935021399869584,13024.0,1947.0,1947.0,2.0,"{""interior"": 487, ""fronteira"": 487, ""liberacao"": 487, ""regret"": 486, ""abertura"": 0}","{""interior"": 0, ""fronteira"": 0, ""liberacao"": 0, ""regret"": 0, ""abertura"": 0}",1.5346578639146173,27.838239626908035,0.0,1437.0,0.0,
holmberg_p40,holmberg,6.0606060606060606,30,150,hibrido:rotacao,13024.0,True,-1,2,30.0,29.951073467,0.0,13024.0,13024.0,otimo_publicado,"[[0.10945255900878692, 14430.0], [0.12955068500741618, 13024.0], [0.16608521901071072, 13024.0], [0.24606302499887533, 13024.0]]",29.951073467,29.949711519,0.9999545275730601,False,75.0,1447.08203125,2,,,,,a6c89e67e1516fe42fe2,0.24592549000226427,13024.0,1966.0,1966.0,2.0,"{""interior"": 492, ""fronteira"": 492, ""liberacao"": 491, ""regret"": 491, ""abertura"": 0}","{""interior"": 0, ""fronteira"": 0, ""liberacao"": 0, ""regret"": 0, ""abertura"": 0}",1.5387838962124079,27.826262788192253,0.0,1451.0,0.0,
holmberg_p40,holmberg,6.0606060606060606,30,150,hibridopl:rotacao,13024.0,True,-1,0,30.0,29.951518179,0.0,13024.0,13024.0,otimo_publicado,"[[0.10339449199818773, 14430.0], [0.1237156139977742, 13024.0], [0.15764642199792434, 13024.0], [0.22906707099900814, 13024.0]]",29.951518179,29.95091283,0.9999797890378583,False,75.0,1683.8671875,3,,,,,a6c89e67e1516fe42fe2,0.22893079899949953,13024.0,1920.0,1920.0,2.0,"{""interior"": 480, ""fronteira"": 480, ""liberacao"": 480, ""regret"": 480, ""abertura"": 0}","{""interior"": 0, ""fronteira"": 0, ""liberacao"": 0, ""regret"": 0, ""abertura"": 0}",1.4977397030888824,27.864017573170713,0.0,1417.0,0.0,
holmberg_p40,holmberg,6.0606060606060606,30,150,hibridopl:rotacao,13024.0,True,-1,1,30.0,29.960021404,0.0,13024.0,13024.0,otimo_publicado,"[[0.255004832004488, 14430.0], [0.27557435201015323, 13024.0], [0.30980725200788584, 13024.0], [0.3816334820003249, 13024.0]]",29.960021404,29.95941265,0.9999796811226603,False,75.0,1683.8671875,3,,,,,a6c89e67e1516fe42fe2,0.3815057220053859,13024.0,1926.0,1926.0,2.0,"{""interior"": 482, ""fronteira"": 482, ""liberacao"": 481, ""regret"": 481, ""abertura"": 0}","{""interior"": 0, ""fronteira"": 0, ""liberacao"": 0, ""regret"": 0, ""abertura"": 0}",1.5050147156216553,27.714115860217134,0.0,1422.0,0.0,
holmberg_p40,holmberg,6.0606060606060606,30,150,hibridopl:rotacao,13024.0,True,-1,2,30.0,29.950767727,0.0,13024.0,13024.0,otimo_publicado,"[[0.10309281299851136, 14430.0], [0.12332948599214433, 13024.0], [0.15625610599818174, 13024.0], [0.22621778900065692, 13024.0]]",29.950767727,29.949291766,0.9999507204284894,False,75.0,1447.08203125,2,,,,,a6c89e67e1516fe42fe2,0.2260837409994565,13024.0,1959.0,1959.0,2.0,"{""interior"": 490, ""fronteira"": 490, ""liberacao"": 490, ""regret"": 489, ""abertura"": 0}","{""interior"": 0, ""fronteira"": 0, ""liberacao"": 0, ""regret"": 0, ""abertura"": 0}",1.535045801938395,27.84229855205922,0.0,1445.0,0.0,
holmberg_p40,holmberg,6.0606060606060606,30,150,kernel,13024.0,True,-1,0,30.0,0.489246955,0.0,13024.0,13024.0,otimo_publicado,"[[0.10298336199775804, 14430.0], [0.12338695399375865, 13024.0], [0.16612130599241937, 13024.0], [0.303169553000771, 13024.0], [0.423899822999374, 13024.0]]",0.489246955,0.489228762,0.9999628142805712,False,74.6,1901.359375,1,4.0,,0.3,4.0,a6c89e67e1516fe42fe2,,,,,,,,,,,,,0.05655923899757909
holmberg_p41,holmberg,2.1193225558121633,10,90,adaptativa:gnn,6589.0,True,0,0,30.0,1.362954352,0.0,6589.0,6589.0,otimo_publicado,"[[0.03633701199942152, 8266.0], [0.0481070819987508, 8004.0], [0.06491442200058373, 8004.0], [0.10144194399981643, 8004.0], [0.1434667189969332, 8004.0], [0.160209246994782, 7205.0], [0.24187616399649414, 6956.0], [1.311486929997045, 6796.0], [1.3181067269979394, 6589.0]]",1.362954352,1.362915009,0.9999711340295864,False,74.9,1388.59765625,3,4.0,True,1.0,4.0,a6c89e67e1516fe42fe2,,,,,,,,,,,,,
holmberg_p41,holmberg,2.1193225558121633,10,90,adaptativa:pl,6589.0,True,-1,0,30.0,0.348048903,0.0,6589.0,6589.0,otimo_publicado,"[[0.03172756799904164, 6986.0], [0.06241776300157653, 6782.0], [0.06743903599999612, 6596.0], [0.08859457300059148, 6589.0], [0.10211444900050992, 6589.0], [0.15056668499892112, 6589.0], [0.20449126799940132, 6589.0]]",0.348048903,0.347894492,0.999556352573822,False,74.8,1388.59765625,3,4.0,True,1.0,4.0,a6c89e67e1516fe42fe2,,,,,,,,,,,,,
holmberg_p41,holmberg,2.1193225558121633,10,90,completo,6589.0,True,-1,0,30.0,1.233164166,0.0,6589.0,6589.0,otimo_publicado,"[[0.03060227699825191, 7205.0], [0.11216644500018447, 6956.0], [1.1830366369977128, 6796.0], [1.1896368079978856, 6589.0]]",1.233164166,1.233140626,0.9999809108952004,False,75.1,1388.59765625,3,1.0,True,1.0,1.0,a6c89e67e1516fe42fe2,,,,,,,,,,,,,
holmberg_p41,holmberg,2.1193225558121633,10,90,hibrido:rotacao,6589.0,True,-1,0,30.0,29.954980271,0.0,6589.0,6589.0,otimo_publicado,"[[0.036379864999616984, 8266.0], [0.04811080799845513, 8004.0], [0.06256941500032553, 8004.0], [0.10096282599988626, 8004.0], [0.14105441399806296, 8004.0], [0.15785853099805536, 7205.0], [0.23952175899830763, 6956.0], [1.3114641430001939, 6796.0], [1.3180205569988175, 6589.0], [1.3620436119963415, 6589.0]]",29.954980271,29.953528211,0.9999515252560054,False,75.0,1290.75,2,,,,,a6c89e67e1516fe42fe2,1.3619165229974897,6589.0,2333.0,2333.0,4.0,"{""interior"": 584, ""fronteira"": 583, ""liberacao"": 583, ""regret"": 583, ""abertura"": 0}","{""interior"": 0, ""fronteira"": 0, ""liberacao"": 0, ""regret"": 0, ""abertura"": 0}",1.0767991350112425,27.157412285007013,0.0,2209.0,0.0,
holmberg_p41,holmberg,2.1193225558121633,10,90,hibrido:rotacao,6589.0,True,-1,1,30.0,29.969622596,0.0,6589.0,6589.0,otimo_publicado,"[[0.03600899899902288, 8266.0], [0.051786186995741446, 8004.0], [0.07725055299306405, 8004.0], [0.11384051499771886, 8004.0], [0.1558611819964426, 8004.0], [0.17265676599708968, 7205.0], [0.25425133499811636, 6956.0], [1.3216807409989997, 6796.0], [1.3283017709982232, 6589.0], [1.3719754929988994, 6589.0]]",29.969622596,29.968860781,0.9999745804273124,False,75.0,1388.59765625,3,,,,,a6c89e67e1516fe42fe2,1.3718400889993063,6589.0,2295.0,2295.0,4.0,"{""interior"": 574, ""fronteira"": 574, ""liberacao"": 574, ""regret"": 573, ""abertura"": 0}","{""interior"": 0, ""fronteira"": 0, ""liberacao"": 0, ""regret"": 0, ""abertura"": 0}",1.0759778120373085,27.14545364895457,0.0,2193.0,0.0,
holmberg_p41,holmberg,2.1193225558121633,10,90,hibrido:rotacao,6589.0,True,-1,2,30.0,29.955670872,0.0,6589.0,6589.0,otimo_publicado,"[[0.03678944500279613, 8266.0], [0.048553568001807434, 8004.0], [0.0658954470018216, 8004.0], [0.10246097299750545, 8004.0], [0.1447217900022224, 8004.0], [0.16147206800087588, 7205.0], [0.24358067199864308, 6956.0], [1.3121860989995184, 6796.0], [1.3186935960002302, 6589.0], [1.3674566709996725, 6589.0]]",29.955670872,29.954604656,0.9999644068729238,False,75.0,1862.55859375,1,,,,,a6c89e67e1516fe42fe2,1.3673269179998897,6589.0,2288.0,2288.0,4.0,"{""interior"": 572, ""fronteira"": 572, ""liberacao"": 572, ""regret"": 572, ""abertura"": 0}","{""interior"": 0, ""fronteira"": 0, ""liberacao"": 0, ""regret"": 0, ""abertura"": 0}",1.0651701840142778,27.163349442969775,0.0,2177.0,0.0,
holmberg_p41,holmberg,2.1193225558121633,10,90,hibridopl:rotacao,6589.0,True,-1,0,30.0,29.955313718,0.0,6589.0,6589.0,otimo_publicado,"[[0.03180794899890316, 6986.0], [0.06248392499765032, 6782.0], [0.06757129699690267, 6596.0], [0.08888040899910266, 6589.0], [0.09970384899861529, 6589.0], [0.15005167400158825, 6589.0], [0.20177226200030418, 6589.0], [0.345777533002547, 6589.0]]",29.955313718,29.953193652,0.9999292257120069,False,75.3,1863.55859375,1,,,,,a6c89e67e1516fe42fe2,0.34564439300083905,6589.0,2412.0,2412.0,4.0,"{""interior"": 603, ""fronteira"": 603, ""liberacao"": 603, ""regret"": 603, ""abertura"": 0}","{""interior"": 0, ""fronteira"": 0, ""liberacao"": 0, ""regret"": 0, ""abertura"": 0}",1.1206599778197415,28.118443007908354,0.0,2286.0,0.0,
holmberg_p41,holmberg,2.1193225558121633,10,90,hibridopl:rotacao,6589.0,True,-1,1,30.0,29.956278954,0.0,6589.0,6589.0,otimo_publicado,"[[0.031748878998769214, 6986.0], [0.06253624199598562, 6782.0], [0.06763713199688937, 6596.0], [0.08516756599783548, 6588.999999999999], [0.09594339299655985, 6589.0], [0.14624709999770857, 6589.0], [0.19808676299726358, 6589.0], [0.340859685002215, 6589.0]]",29.956278954,29.954070671,0.9999262831340504,False,75.3,1388.59765625,3,,,,,a6c89e67e1516fe42fe2,0.34072892400217825,6589.0,2383.0,2383.0,4.0,"{""interior"": 596, ""fronteira"": 596, ""liberacao"": 596, ""regret"": 595, ""abertura"": 0}","{""interior"": 0, ""fronteira"": 0, ""liberacao"": 0, ""regret"": 0, ""abertura"": 0}",1.107810656867514,28.124193599938735,0.0,2275.0,0.0,
holmberg_p41,holmberg,2.1193225558121633,10,90,hibridopl:rotacao,6589.0,True,-1,2,30.0,29.959888804,0.0,6589.0,6589.0,otimo_publicado,"[[0.031104621997656068, 6986.0], [0.061735186995065305, 6782.0], [0.06682397999611567, 6596.0], [0.08435945799647016, 6588.999999999999], [0.09815101699859952, 6589.0], [0.14631300700057182, 6589.0], [0.20021904099849053, 6589.0], [0.33631012000114424, 6589.0]]",29.959888804,29.95647601,0.9998860878949742,False,75.3,1290.75,2,,,,,a6c89e67e1516fe42fe2,0.3361827890003042,6589.0,2374.0,2374.0,4.0,"{""interior"": 594, ""fronteira"": 594, ""liberacao"": 593, ""regret"": 593, ""abertura"": 0}","{""interior"": 0, ""fronteira"": 0, ""liberacao"": 0, ""regret"": 0, ""abertura"": 0}",1.0915275750849105,28.165545570147515,0.0,2260.0,0.0,
holmberg_p41,holmberg,2.1193225558121633,10,90,kernel,6589.0,True,-1,0,30.0,0.378019436,0.0,6589.0,6589.0,otimo_publicado,"[[0.0316462630071328, 6986.0], [0.06238222700631013, 6782.0], [0.06748890700691845, 6596.0], [0.08876149500792962, 6589.0], [0.23412125700269826, 6589.0]]",0.378019436,0.37785066,0.9995535256023185,False,75.0,1388.59765625,3,2.0,,0.6,2.0,a6c89e67e1516fe42fe2,,,,,,,,,,,,,0.01047517900224193
holmberg_p42,holmberg,4.990541702493551,20,80,adaptativa:gnn,5663.0,True,0,0,30.0,5.351856568,0.0,5663.0,5663.0,otimo_publicado,"[[0.04755209299764829, 7012.0], [0.05605802699938067, 6161.000000000001], [0.08851679999861517, 6127.0], [0.10285119799664244, 6127.0], [0.14762768499713275, 6127.0], [0.18109142799585243, 5998.000000000001], [0.6836520849974477, 5914.0], [0.7064871529983066, 5914.0], [3.1580569229990942, 5663.0]]",5.351856568,5.351697368,0.9999702533134105,False,75.0,1388.59765625,3,4.0,True,1.0,4.0,a6c89e67e1516fe42fe2,,,,,,,,,,,,,
holmberg_p42,holmberg,4.990541702493551,20,80,adaptativa:pl,5663.0,True,-1,0,30.0,0.90939418,0.0,5663.0,5663.0,otimo_publicado,"[[0.039337271999102086, 5838.0], [0.14458389100036584, 5765.999999999999], [0.15701740700023947, 5666.0], [0.1629756410002301, 5663.0], [0.17838469300113502, 5663.0], [0.2542883760033874, 5663.0], [0.3541548600005626, 5663.0]]",0.90939418,0.909350788,0.9999522847177227,False,75.1,1290.75,2,4.0,True,1.0,4.0,a6c89e67e1516fe42fe2,,,,,,,,,,,,,
holmberg_p42,holmberg,4.990541702493551,20,80,completo,5663.0,True,-1,0,30.0,4.455055644,0.0,5663.0,5663.0,otimo_publicado,"[[0.049268770999333356, 9957.0], [0.08239067799877375, 6471.0], [2.2442321199996513, 5678.0], [2.2900521699993988, 5665.0], [3.9934035329970357, 5663.0]]",4.455055644,4.454958981,0.9999783026279077,False,75.0,1388.59765625,3,1.0,True,1.0,1.0,a6c89e67e1516fe42fe2,,,,,,,,,,,,,
holmberg_p42,holmberg,4.990541702493551,20,80,hibrido:rotacao,5663.0,True,-1,0,30.0,29.964757206,0.0,5663.0,5663.0,otimo_publicado,"[[0.047798182004044065, 7012.0], [0.056252741003845586, 6161.000000000001], [0.08839957600139314, 6127.0], [0.1000743720032915, 6127.0], [0.14430440900105168, 6127.0], [0.17755594700065558, 5998.000000000001], [0.6809086900029797, 5914.0], [0.7120250689986278, 5914.0], [3.1769731659987883, 5663.0], [5.368580898997607, 5663.0]]",29.964757206,29.963159045,0.9999466653112183,False,75.0,1290.75,2,,,,,a6c89e67e1516fe42fe2,5.368455941999855,5663.0,1607.0,1607.0,4.0,"{""interior"": 402, ""fronteira"": 402, ""liberacao"": 402, ""regret"": 401, ""abertura"": 0}","{""interior"": 0, ""fronteira"": 0, ""liberacao"": 0, ""regret"": 0, ""abertura"": 0}",0.7929533829592401,23.543333407043974,0.0,1514.0,0.0,
holmberg_p42,holmberg,4.990541702493551,20,80,hibrido:rotacao,5663.0,True,-1,1,30.0,29.952148954,0.0,5663.0,5663.0,otimo_publicado,"[[0.047663673998613376, 7012.0], [0.0560253189978539, 6161.000000000001], [0.08818099299969617, 6127.0], [0.0996144539967645, 6127.0], [0.14575312599845347, 6127.0], [0.17909824299567845, 5998.000000000001], [0.6804797599979793, 5914.0], [0.7032567169990216, 5914.0], [3.1368401519976032, 5663.0], [5.023920580999402, 5663.0]]",29.952148954,29.950705273,0.9999518004199893,False,75.0,1290.75,2,,,,,a6c89e67e1516fe42fe2,5.023786939000274,5663.0,1716.0,1716.0,4.0,"{""interior"": 429, ""fronteira"": 429, ""liberacao"": 429, ""regret"": 429, ""abertura"": 0}","{""interior"": 0, ""fronteira"": 0, ""liberacao"": 0, ""regret"": 0, ""abertura"": 0}",0.8404480140015949,23.812521135980205,0.0,1609.0,0.0,
holmberg_p42,holmberg,4.990541702493551,20,80,hibrido:rotacao,5663.0,True,-1,2,30.0,29.955644202,0.0,5663.0,5663.0,otimo_publicado,"[[0.04673602500042762, 7012.0], [0.055179102997499285, 6161.000000000001], [0.08760190899920417, 6127.0], [0.10111549600333092, 6127.0], [0.1454116820023046, 6127.0], [0.17869384800360422, 5998.000000000001], [0.6816813470031775, 5914.0], [0.7046864270050719, 5914.0], [3.049686226004269, 5668.0], [3.0919950760035135, 5665.0], [4.193848181002977, 5663.0], [4.225832923002599, 5663.0]]",29.955644202,29.954744774,0.9999699746734226,False,75.0,1388.59765625,3,,,,,a6c89e67e1516fe42fe2,4.225704428001336,5663.0,1698.0,1698.0,4.0,"{""interior"": 425, ""fronteira"": 425, ""liberacao"": 424, ""regret"": 424, ""abertura"": 0}","{""interior"": 0, ""fronteira"": 0, ""liberacao"": 0, ""regret"": 0, ""abertura"": 0}",0.8461330829632061,24.601051196012122,0.0,1582.0,0.0,
holmberg_p42,holmberg,4.990541702493551,20,80,hibridopl:rotacao,5663.0,True,-1,0,30.0,29.953713171,0.0,5663.0,5663.0,otimo_publicado,"[[0.0405284769985883, 5838.0], [0.1461302239986253, 5765.999999999999], [0.1585938089992851, 5666.0], [0.16443303999767522, 5663.0], [0.1760479770018719, 5663.0], [0.2508971980023489, 5663.0], [0.35322013900076854, 5663.0], [0.9086940919987683, 5663.0]]",29.953713171,29.952760574,0.9999681976990779,False,75.0,1862.55859375,1,,,,,a6c89e67e1516fe42fe2,0.9085466469987296,5663.0,1890.0,1890.0,4.0,"{""interior"": 473, ""fronteira"": 473, ""liberacao"": 472, ""regret"": 472, ""abertura"": 0}","{""interior"": 0, ""fronteira"": 0, ""liberacao"": 0, ""regret"": 0, ""abertura"": 0}",0.9426211440732004,27.79567856202266,0.0,1778.0,0.0,
holmberg_p42,holmberg,4.990541702493551,20,80,hibridopl:rotacao,5663.0,True,-1,1,30.0,29.951346984,0.0,5663.0,5663.0,otimo_publicado,"[[0.03967707500123652, 5838.0], [0.14455327600080636, 5765.999999999999], [0.15699611600211938, 5666.0], [0.16265064899926074, 5663.0], [0.17812327299907338, 5663.0], [0.2541202259999409, 5663.0], [0.3579651569998532, 5663.0], [0.9542860979963734, 5663.0]]",29.951346984,29.950298895,0.9999650069494184,False,75.0,1862.55859375,1,,,,,a6c89e67e1516fe42fe2,0.954154249997373,5663.0,2001.0,2001.0,4.0,"{""interior"": 501, ""fronteira"": 500, ""liberacao"": 500, ""regret"": 500, ""abertura"": 0}","{""interior"": 0, ""fronteira"": 0, ""liberacao"": 0, ""regret"": 0, ""abertura"": 0}",0.9805976210554945,27.69535935597378,0.0,1880.0,0.0,
holmberg_p42,holmberg,4.990541702493551,20,80,hibridopl:rotacao,5663.0,True,-1,2,30.0,29.954990968,0.0,5663.0,5663.0,otimo_publicado,"[[0.03949973099952331, 5838.0], [0.14460051499918336, 5765.999999999999], [0.1570007650007028, 5666.0], [0.1628847100000712, 5663.0], [0.3261986709985649, 5663.0], [0.40256347600370646, 5663.0], [0.5029668310016859, 5663.0], [0.9879607129987562, 5663.0]]",29.954990968,29.954023976,0.9999677185013665,False,75.0,1388.59765625,3,,,,,a6c89e67e1516fe42fe2,0.9877920129983977,5663.0,1916.0,1916.0,4.0,"{""interior"": 479, ""fronteira"": 479, ""liberacao"": 479, ""regret"": 479, ""abertura"": 0}","{""interior"": 0, ""fronteira"": 0, ""liberacao"": 0, ""regret"": 0, ""abertura"": 0}",0.9491769950036542,27.700420413970278,0.0,1790.0,0.0,
holmberg_p42,holmberg,4.990541702493551,20,80,kernel,5663.0,True,-1,0,30.0,0.736143989,0.0,5663.0,5663.0,otimo_publicado,"[[0.04470646499976283, 6142.0], [0.05559629799972754, 6139.000000000001], [0.10927997500039055, 5732.000000000001], [0.14792011000099592, 5663.0], [0.17069701599757536, 5663.0], [0.6673836230002053, 5663.0]]",0.736143989,0.735955442,0.9997438721190183,False,75.0,1388.59765625,3,3.0,,0.4,3.0,a6c89e67e1516fe42fe2,,,,,,,,,,,,,0.02121217300009448
holmberg_p43,holmberg,8.28370786516854,30,70,adaptativa:gnn,5214.0,True,0,0,30.0,0.153135249,0.0,5214.0,5214.0,otimo_publicado,"[[0.062337114999536425, 7053.0], [0.07437524799752282, 5455.999999999999], [0.09623832699799095, 5441.0], [0.1156011370003398, 5441.0], [0.1517229170021892, 5214.0]]",0.153135249,0.15295094,0.9987964299454007,False,74.6,1862.55859375,1,2.0,True,0.5,2.0,a6c89e67e1516fe42fe2,,,,,,,,,,,,,
holmberg_p43,holmberg,8.28370786516854,30,70,adaptativa:pl,5214.0,True,-1,0,30.0,0.068567488,0.0,5214.0,5214.0,otimo_publicado,"[[0.055626088000281015, 7134.0], [0.06748956800220185, 5214.0]]",0.068567488,0.068400672,0.9975671268575568,False,74.1,1290.75,2,1.0,True,0.36666666666666664,1.0,a6c89e67e1516fe42fe2,,,,,,,,,,,,,
holmberg_p43,holmberg,8.28370786516854,30,70,completo,5214.0,True,-1,0,30.0,0.116710571,0.0,5214.0,5214.0,otimo_publicado,"[[0.06766777400116553, 12448.0], [0.11526859300283832, 5214.0]]",0.116710571,0.116703347,0.9999381032931456,False,74.5,1862.55859375,1,1.0,True,1.0,1.0,a6c89e67e1516fe42fe2,,,,,,,,,,,,,
holmberg_p43,holmberg,8.28370786516854,30,70,hibrido:rotacao,5214.0,True,-1,0,30.0,29.950383658,0.0,5214.0,5214.0,otimo_publicado,"[[0.06280350999804796, 7053.0], [0.07479841299573309, 5455.999999999999], [0.09678912799790851, 5441.0], [0.11564714999622083, 5441.0], [0.1520946489981725, 5214.0], [0.15321734900135198, 5214.0]]",29.950383658,29.949635486,0.9999750196188288,False,75.0,1388.59765625,3,,,,,a6c89e67e1516fe42fe2,0.15309450499989907,5214.0,2472.0,2472.0,2.0,"{""interior"": 618, ""fronteira"": 618, ""liberacao"": 618, ""regret"": 618, ""abertura"": 0}","{""interior"": 0, ""fronteira"": 0, ""liberacao"": 0, ""regret"": 0, ""abertura"": 0}",1.3769298120569147,28.018239710952912,0.0,1862.0,0.0,
holmberg_p43,holmberg,8.28370786516854,30,70,hibrido:rotacao,5214.0,True,-1,1,30.0,29.953151248,0.0,5214.0,5214.0,otimo_publicado,"[[0.06272741800057702, 7053.0], [0.07478469100169605, 5455.999999999999], [0.11112766600126633, 5441.000000000001], [0.12816180299705593, 5441.0], [0.16462894599681022, 5214.0], [0.16578530300103012, 5214.0]]",29.953151248,29.952202259,0.9999683175572366,False,75.0,1388.59765625,3,,,,,a6c89e67e1516fe42fe2,0.16566364800019073,5214.0,2592.0,2592.0,2.0,"{""interior"": 648, ""fronteira"": 648, ""liberacao"": 648, ""regret"": 648, ""abertura"": 0}","{""interior"": 0, ""fronteira"": 0, ""liberacao"": 0, ""regret"": 0, ""abertura"": 0}",1.4448745681293076,27.924374721864297,0.0,1954.0,0.0,
holmberg_p43,holmberg,8.28370786516854,30,70,hibrido:rotacao,5214.0,True,-1,2,30.0,29.95966675,0.0,5214.0,5214.0,otimo_publicado,"[[0.06090096800107858, 7053.0], [0.07284065700150677, 5455.999999999999], [0.09465988100055256, 5441.0], [0.11316425900076865, 5441.0], [0.14941542399901664, 5214.0], [0.15040102200146066, 5214.0]]",29.95966675,29.958596583,0.9999642797428646,False,75.0,1862.55859375,1,,,,,a6c89e67e1516fe42fe2,0.15027355600250303,5214.0,2503.0,2503.0,2.0,"{""interior"": 626, ""fronteira"": 626, ""liberacao"": 626, ""regret"": 625, ""abertura"": 0}","{""interior"": 0, ""fronteira"": 0, ""liberacao"": 0, ""regret"": 0, ""abertura"": 0}",1.3847324668931833,28.031712532985694,0.0,1885.0,0.0,
holmberg_p43,holmberg,8.28370786516854,30,70,hibridopl:rotacao,5214.0,True,-1,0,30.0,29.959948757,0.0,5214.0,5214.0,otimo_publicado,"[[0.05744403600328951, 7134.0], [0.0693147060010233, 5214.0], [0.07016092500271043, 5214.0]]",29.959948757,29.958492994,0.9999514096965983,False,75.0,1290.75,2,,,,,a6c89e67e1516fe42fe2,0.07003975800034823,5214.0,2503.0,2503.0,1.0,"{""interior"": 626, ""fronteira"": 626, ""liberacao"": 626, ""regret"": 625, ""abertura"": 0}","{""interior"": 0, ""fronteira"": 0, ""liberacao"": 0, ""regret"": 0, ""abertura"": 0}",1.3861293429108628,28.120998485945165,0.0,1885.0,0.0,
holmberg_p43,holmberg,8.28370786516854,30,70,hibridopl:rotacao,5214.0,True,-1,1,30.0,29.961106697,0.0,5214.0,5214.0,otimo_publicado,"[[0.05694789300105185, 7134.0], [0.06893492900053388, 5214.0], [0.06987199499781127, 5214.0]]",29.961106697,29.959568154,0.9999486486592248,False,75.0,1290.75,2,,,,,a6c89e67e1516fe42fe2,0.06974233099754201,5214.0,2631.0,2631.0,1.0,"{""interior"": 658, ""fronteira"": 658, ""liberacao"": 658, ""regret"": 657, ""abertura"": 0}","{""interior"": 0, ""fronteira"": 0, ""liberacao"": 0, ""regret"": 0, ""abertura"": 0}",1.4538820220150228,28.04073904503457,0.0,1983.0,0.0,
holmberg_p43,holmberg,8.28370786516854,30,70,hibridopl:rotacao,5214.0,True,-1,2,30.0,29.962434759,0.0,5214.0,5214.0,otimo_publicado,"[[0.056714912003371865, 7134.0], [0.06861243800085504, 5214.0], [0.06953672599775018, 5214.0]]",29.962434759,29.961448288,0.9999670764072435,False,75.0,1862.55859375,1,,,,,a6c89e67e1516fe42fe2,0.0694121050000831,5214.0,2519.0,2519.0,1.0,"{""interior"": 630, ""fronteira"": 630, ""liberacao"": 630, ""regret"": 629, ""abertura"": 0}","{""interior"": 0, ""fronteira"": 0, ""liberacao"": 0, ""regret"": 0, ""abertura"": 0}",1.3892101240089687,28.11875760393741,0.0,1897.0,0.0,
holmberg_p43,holmberg,8.28370786516854,30,70,kernel,5214.0,True,-1,0,30.0,0.356302789,0.0,5214.0,5214.0,otimo_publicado,"[[0.052837646999250865, 6245.0], [0.059599488999083405, 5214.0], [0.0756218419992365, 5214.0], [0.1276251979979861, 5214.0], [0.3235128319975047, 5214.0]]",0.356302789,0.3563077,1.0000137832207652,False,74.8,1290.75,2,4.0,,0.26666666666666666,4.0,a6c89e67e1516fe42fe2,,,,,,,,,,,,,0.029106709000188857
holmberg_p44,holmberg,1.7557397959183674,10,90,adaptativa:gnn,7028.0,True,0,0,30.0,0.516566606,0.0,7028.0,7028.0,otimo_publicado,"[[0.032326665004802635, 8437.0], [0.03945630000453093, 8082.0], [0.051307636003912194, 8066.0], [0.05692398500468698, 8035.000000000002], [0.08036636400356656, 8026.000000000002], [0.09793930600426393, 7983.0], [0.11220757400224102, 7983.0], [0.16584046500429395, 7983.0], [0.2251792730021407, 7983.0], [0.24193270099931397, 7585.0], [0.25222852699880605, 7239.0], [0.2941110669999034, 7235.000000000001], [0.5148616129990842, 7028.0]]",0.516566606,0.516388366,0.9996549525309424,False,74.9,1388.59765625,3,4.0,True,1.0,4.0,a6c89e67e1516fe42fe2,,,,,,,,,,,,,
holmberg_p44,holmberg,1.7557397959183674,10,90,adaptativa:pl,7028.0,True,-1,0,30.0,0.86036573,0.0,7028.0,7028.0,otimo_publicado,"[[0.028677298996626632, 10367.0], [0.04919553699801327, 10045.000000000002], [0.058959738995326916, 8698.999999999998], [0.13143392899655737, 8615.000000000002], [0.25489788899722043, 8551.0], [0.29328957500183606, 8551.0], [0.42966193199754343, 8551.0], [0.5689950820014928, 8551.0], [0.5858049560010841, 7585.0], [0.5959736029981286, 7239.0], [0.6378957169981732, 7235.000000000001], [0.8590099259999988, 7028.0]]",0.86036573,0.860351736,0.9999837348240265,False,75.0,1388.59765625,3,4.0,True,1.0,4.0,a6c89e67e1516fe42fe2,,,,,,,,,,,,,
holmberg_p44,holmberg,1.7557397959183674,10,90,completo,7028.0,True,-1,0,30.0,0.303144908,0.0,7028.0,7028.0,otimo_publicado,"[[0.030068181997194188, 7585.0], [0.040244622996397084, 7239.0], [0.0818949039967265, 7235.000000000001], [0.3017906779969053, 7028.0]]",0.303144908,0.303130389,0.9999521054135602,False,75.2,1862.55859375,1,1.0,True,1.0,1.0,a6c89e67e1516fe42fe2,,,,,,,,,,,,,
holmberg_p44,holmberg,1.7557397959183674,10,90,hibrido:rotacao,7028.0,True,-1,0,30.0,29.956994565,0.0,7028.0,7028.0,otimo_publicado,"[[0.03287103199545527, 8437.0], [0.0399472729950503, 8082.0], [0.05174136799541884, 8066.0], [0.057431386994721834, 8035.000000000002], [0.08093809199635871, 8026.000000000002], [0.09849591699821758, 7983.0], [0.11313748300017323, 7983.0], [0.16698495799937518, 7983.0], [0.22646589399664663, 7983.0], [0.24315312299586367, 7585.0], [0.25324259999615606, 7239.0], [0.29515408399674925, 7235.000000000001], [0.5160693189973244, 7028.0], [0.5174082180019468, 7028.0]]",29.956994565,29.956119954,0.9999708044477525,False,75.0,1862.55859375,1,,,,,a6c89e67e1516fe42fe2,0.5172799300016777,7028.0,3719.0,3719.0,4.0,"{""interior"": 930, ""fronteira"": 930, ""liberacao"": 930, ""regret"": 929, ""abertura"": 0}","{""interior"": 0, ""fronteira"": 0, ""liberacao"": 0, ""regret"": 0, ""abertura"": 0}",1.3785199230296712,27.512375222995615,0.0,3695.0,0.0,
holmberg_p44,holmberg,1.7557397959183674,10,90,hibrido:rotacao,7028.0,True,-1,1,30.0,29.958418177,0.0,7028.0,7028.0,otimo_publicado,"[[0.04010474200185854, 8437.0], [0.04719953500170959, 8082.0], [0.058975346000806894, 8066.0], [0.06458009299967671, 8035.000000000002], [0.08792562899907352, 8026.000000000002], [0.10554513100214535, 7983.0], [0.11633734100178117, 7983.0], [0.17227274700053385, 7983.0], [0.23005415700390586, 7983.0], [0.2468747440034349, 7585.0], [0.2572269430020242, 7239.0], [0.29940163000355824, 7235.000000000001], [0.461083119003888, 7075.0000000000055], [0.5221535650016449, 7028.0], [0.5233097179989272, 7028.0]]",29.958418177,29.957326902,0.9999635736775703,False,75.0,1388.59765625,3,,,,,a6c89e67e1516fe42fe2,0.5231753019979806,7028.0,3641.0,3641.0,4.0,"{""interior"": 911, ""fronteira"": 910, ""liberacao"": 910, ""regret"": 910, ""abertura"": 0}","{""interior"": 0, ""fronteira"": 0, ""liberacao"": 0, ""regret"": 0, ""abertura"": 0}",1.3399111971521052,27.527840951090184,0.0,3617.0,0.0,
holmberg_p44,holmberg,1.7557397959183674,10,90,hibrido:rotacao,7028.0,True,-1,2,30.0,29.963620849,0.0,7028.0,7028.0,otimo_publicado,"[[0.031988779999664985, 8437.0], [0.039058402999216923, 8082.0], [0.050922964997880626, 8066.0], [0.05650682399937068, 8035.000000000002], [0.07981132999702822, 8026.000000000002], [0.09719840199977625, 7983.0], [0.11104207199969096, 7983.0], [0.16437923400008003, 7983.0], [0.22367212000244763, 7983.0], [0.24047987400263082, 7585.0], [0.2505258880009933, 7239.0], [0.29220492300373735, 7235.000000000001], [0.39339352800379856, 7197.999999999999], [0.5523269240038644, 7028.0], [0.5535888009981136, 7028.0]]",29.963620849,29.962557361,0.9999645073602633,False,75.0,1862.55859375,1,,,,,a6c89e67e1516fe42fe2,0.5534619220015884,7028.0,3659.0,3659.0,4.0,"{""interior"": 915, ""fronteira"": 915, ""liberacao"": 915, ""regret"": 914, ""abertura"": 0}","{""interior"": 0, ""fronteira"": 0, ""liberacao"": 0, ""regret"": 0, ""abertura"": 0}",1.375547253031982,27.48658788301691,0.0,3634.0,0.0,
holmberg_p44,holmberg,1.7557397959183674,10,90,hibridopl:rotacao,7028.0,True,-1,0,30.0,29.956249014,0.0,7028.0,7028.0,otimo_publicado,"[[0.027641789994959254, 10367.0], [0.047923765996529255, 10045.000000000002], [0.057511916995281354, 8698.999999999998], [0.13001030499435728, 8615.000000000002], [0.2528357219962345, 8551.0], [0.29091164299825323, 8551.0], [0.42751314799534157, 8551.0], [0.5662931139995635, 8551.0], [0.5829969320002419, 7585.0], [0.5931025569989288, 7239.0], [0.6350007749970246, 7235.000000000001], [0.8547448369972699, 7028.0], [0.8560846139989735, 7028.0]]",29.956249014,29.954481349,0.9999409917777364,False,75.0,1290.75,2,,,,,a6c89e67e1516fe42fe2,0.8559500379997189,7028.0,3719.0,3719.0,4.0,"{""interior"": 930, ""fronteira"": 930, ""liberacao"": 930, ""regret"": 929, ""abertura"": 0}","{""interior"": 0, ""fronteira"": 0, ""liberacao"": 0, ""regret"": 0, ""abertura"": 0}",1.3618439550482435,27.202261473819817,0.0,3695.0,0.0,
holmberg_p44,holmberg,1.7557397959183674,10,90,hibridopl:rotacao,7028.0,True,-1,1,30.0,29.951722412,0.0,7028.0,7028.0,otimo_publicado,"[[0.02781010200487799, 10367.0], [0.04818797500411165, 10045.000000000002], [0.05782805700437166, 8698.999999999998], [0.12943943600475905, 8615.000000000002], [0.25197630200273125, 8551.0], [0.29377578099956736, 8551.0], [0.4318037480006751, 8551.0], [0.5725271629999042, 8551.0], [0.5893691090022912, 7585.0], [0.5996289249997062, 7239.0], [0.6413097790027678, 7235.000000000001], [0.8015394190006191, 7075.0000000000055], [0.8620947250019526, 7028.0], [0.8633292160047858, 7028.0]]",29.951722412,29.950778598,0.9999684888238808,False,75.0,1388.59765625,3,,,,,a6c89e67e1516fe42fe2,0.8631666930014035,7028.0,3585.0,3585.0,4.0,"{""interior"": 897, ""fronteira"": 896, ""liberacao"": 896, ""regret"": 896, ""abertura"": 0}","{""interior"": 0, ""fronteira"": 0, ""liberacao"": 0, ""regret"": 0, ""abertura"": 0}",1.3132101409682946,27.215696827784996,0.0,3561.0,0.0,
holmberg_p44,holmberg,1.7557397959183674,10,90,hibridopl:rotacao,7028.0,True,-1,2,30.0,29.951660741,0.0,7028.0,7028.0,otimo_publicado,"[[0.027965129000222078, 10367.0], [0.04835933200229192, 10045.000000000002], [0.0580963040010829, 8698.999999999998], [0.13005464100206154, 8615.000000000002], [0.2514309360012703, 8551.0], [0.28959283900258015, 8551.0], [0.4249726460002421, 8551.0], [0.563407632002054, 8551.0], [0.5801706680031202, 7585.0], [0.590330602000904, 7239.0], [0.6319698610022897, 7235.000000000001], [0.7326318280029227, 7197.999999999999], [0.8912141590008105, 7028.0], [0.892541514000186, 7028.0]]",29.951660741,29.950033358,0.9999456663517234,False,75.0,1290.75,2,,,,,a6c89e67e1516fe42fe2,0.8924122099997476,7028.0,3632.0,3632.0,4.0,"{""interior"": 908, ""fronteira"": 908, ""liberacao"": 908, ""regret"": 908, ""abertura"": 0}","{""interior"": 0, ""fronteira"": 0, ""liberacao"": 0, ""regret"": 0, ""abertura"": 0}",1.3412559499593044,27.190010693120712,0.0,3607.0,0.0,
holmberg_p44,holmberg,1.7557397959183674,10,90,kernel,7028.0,True,-1,0,30.0,0.310874552,0.0,7028.0,7028.0,otimo_publicado,"[[0.03670640999916941, 7585.0], [0.04703314899961697, 7239.0], [0.08889505000115605, 7235.000000000001], [0.30973326100138365, 7028.0]]",0.310874552,0.310878994,1.000014288721838,False,75.0,1290.75,2,1.0,,1.0,1.0,a6c89e67e1516fe42fe2,,,,,,,,,,,,,0.006551250000484288
holmberg_p45,holmberg,4.142755174875089,20,80,adaptativa:gnn,6251.0,True,0,0,30.0,5.009831708,0.0,6251.0,6251.0,otimo_publicado,"[[0.05174010000337148, 9635.0], [0.06419512000502436, 8698.999999999993], [0.10670333500456763, 8593.000000000002], [0.1515270190029696, 8438.0], [0.1841521870046563, 8398.000000000005], [0.8343332270051178, 8214.0], [1.5020988780051994, 8194.0], [1.5400631220036303, 8158.0], [1.93815411700416, 8153.0], [1.9536643079991336, 8153.0], [2.273039121999318, 8153.0], [3.153924652000569, 8074.999999999999], [4.937918500996602, 8075.0], [4.99683714299681, 6264.0], [5.003338458998769, 6254.0], [5.008283416998893, 6251.0]]",5.009831708,5.009440902,0.9999219921900019,False,75.0,1290.75,2,4.0,True,1.0,4.0,a6c89e67e1516fe42fe2,,,,,,,,,,,,,
holmberg_p45,holmberg,4.142755174875089,20,80,adaptativa:pl,6251.0,True,-1,0,30.0,0.250011013,0.0,6251.0,6251.0,otimo_publicado,"[[0.044269270001677796, 6600.0], [0.05167023000103654, 6264.0], [0.053823850001208484, 6254.0], [0.05570964000071399, 6251.0], [0.0688179000026139, 6251.0], [0.1111210340022808, 6251.0], [0.16838895100227091, 6251.0]]",0.250011013,0.250014973,1.0000158393022471,False,75.0,1290.75,2,4.0,True,1.0,4.0,a6c89e67e1516fe42fe2,,,,,,,,,,,,,
holmberg_p45,holmberg,4.142755174875089,20,80,completo,6251.0,True,-1,0,30.0,0.092876113,0.0,6251.0,6251.0,otimo_publicado,"[[0.05096822899940889, 9848.0], [0.07977821000167751, 6264.0], [0.08615264800027944, 6254.0], [0.09107309300088673, 6251.0]]",0.092876113,0.092711191,0.9982242796918084,False,75.0,1290.75,2,1.0,True,1.0,1.0,a6c89e67e1516fe42fe2,,,,,,,,,,,,,
holmberg_p45,holmberg,4.142755174875089,20,80,hibrido:rotacao,6251.0,True,-1,0,30.0,29.951230248,0.0,6251.0,6251.0,otimo_publicado,"[[0.05269282599692815, 9635.0], [0.06528234199868166, 8698.999999999993], [0.10801297799844178, 8593.000000000002], [0.15299086699815234, 8438.0], [0.18571688299925881, 8398.000000000005], [0.8358147839971934, 8214.0], [1.5035911189988838, 8194.0], [1.5422353879985167, 8158.0], [1.9443836030004604, 8153.0], [1.9571025059995009, 8153.0], [2.275699915997393, 8153.0], [3.156042303999129, 8074.999999999999], [4.921304028001032, 8075.0], [4.979202826998517, 6264.0], [4.985642159001145, 6254.0], [4.99060820700106, 6251.0], [4.991857233999326, 6251.0]]",29.951230248,29.950474997,0.9999747839740222,False,75.0,1388.59765625,3,,,,,a6c89e67e1516fe42fe2,4.991722000999289,6251.0,1803.0,1803.0,4.0,"{""interior"": 451, ""fronteira"": 451, ""liberacao"": 451, ""regret"": 450, ""abertura"": 0}","{""interior"": 0, ""fronteira"": 0, ""liberacao"": 0, ""regret"": 0, ""abertura"": 0}",0.6852197270090983,23.960111676951783,0.0,1781.0,0.0,
holmberg_p45,holmberg,4.142755174875089,20,80,hibrido:rotacao,6251.0,True,-1,1,30.0,29.973291143,0.0,6251.0,6251.0,otimo_publicado,"[[0.053364755996881286, 9635.0], [0.06591504999960307, 8698.999999999993], [0.10871086399856722, 8593.000000000002], [0.15379235099680955, 8438.0], [0.18644240699723014, 8397.999999999998], [0.775875333998556, 8204.0], [1.4146205789984378, 8158.0], [2.3211846069971216, 8153.0], [2.334188936998544, 8153.0], [2.673948757998005, 8153.0], [3.567909236997366, 8074.999999999999], [5.391935860996455, 8075.0], [5.4495232829976885, 6264.0], [5.455935066995153, 6254.0], [5.460896006996336, 6251.0], [5.462300330000289, 6251.0]]",29.973291143,29.972190722,0.9999632866142477,False,75.0,1863.18359375,1,,,,,a6c89e67e1516fe42fe2,5.4621692649998295,6251.0,1695.0,1695.0,4.0,"{""interior"": 424, ""fronteira"": 424, ""liberacao"": 424, ""regret"": 423, ""abertura"": 0}","{""interior"": 0, ""fronteira"": 0, ""liberacao"": 0, ""regret"": 0, ""abertura"": 0}",0.6571994900332356,23.56748865794725,0.0,1673.0,0.0,
holmberg_p45,holmberg,4.142755174875089,20,80,hibrido:rotacao,6251.0,True,-1,2,30.0,29.968757072,0.0,6251.0,6251.0,otimo_publicado,"[[0.05174924399761949, 9635.0], [0.06422098299663048, 8698.999999999993], [0.10686342899862211, 8593.000000000002], [0.1516768849978689, 8438.0], [0.18421175399635104, 8398.000000000005], [0.8066821579959651, 8214.0], [1.435538985995663, 8163.0], [2.4072679669989157, 8158.0], [2.92767006899885, 8153.0], [2.9490309199973126, 8153.0], [3.2901318539989006, 8153.0], [4.174509038999531, 8074.999999999999], [5.680522237998957, 8075.0], [5.739357746999303, 6264.0], [5.745697278998705, 6254.0], [5.7511767569994845, 6251.0], [5.752440641997964, 6251.0]]",29.968757072,29.967255991,0.9999499118032692,False,75.0,1290.75,2,,,,,a6c89e67e1516fe42fe2,5.75230442999964,6251.0,1699.0,1699.0,7.0,"{""interior"": 425, ""fronteira"": 425, ""liberacao"": 425, ""regret"": 424, ""abertura"": 0}","{""interior"": 0, ""fronteira"": 0, ""liberacao"": 0, ""regret"": 0, ""abertura"": 0}",0.6406885179749224,23.282659546057403,0.0,1678.0,0.0,
holmberg_p45,holmberg,4.142755174875089,20,80,hibridopl:rotacao,6251.0,True,-1,0,30.0,29.981280584,0.0,6251.0,6251.0,otimo_publicado,"[[0.1771686470019631, 6600.0], [0.18454110200036666, 6264.0], [0.18677793600363657, 6254.0], [0.18862192300366587, 6251.0], [0.20191732600142132, 6251.0], [0.24433448800482438, 6251.0], [0.3028807470036554, 6251.0], [0.3848569720030355, 6251.0]]",29.981280584,29.980069265,0.99995959748962,False,75.0,1862.55859375,1,,,,,a6c89e67e1516fe42fe2,0.38472687100147596,6251.0,2166.0,2166.0,4.0,"{""interior"": 542, ""fronteira"": 542, ""liberacao"": 541, ""regret"": 541, ""abertura"": 0}","{""interior"": 0, ""fronteira"": 0, ""liberacao"": 0, ""regret"": 0, ""abertura"": 0}",0.8222136510157725,28.425881597067928,0.0,2144.0,0.0,
holmberg_p45,holmberg,4.142755174875089,20,80,hibridopl:rotacao,6251.0,True,-1,1,30.0,29.970288312,0.0,6251.0,6251.0,otimo_publicado,"[[0.04514654999729828, 6600.0], [0.05248670099899755, 6264.0], [0.05468998499782174, 6254.0], [0.05891092099773232, 6251.0], [0.07098400599716115, 6251.0], [0.11405003300387762, 6251.0], [0.1721951799991075, 6251.0], [0.2570051170005172, 6251.0]]",29.970288312,29.968872183,0.9999527489030049,False,75.0,1290.75,2,,,,,a6c89e67e1516fe42fe2,0.2568729250015167,6251.0,2079.0,2079.0,4.0,"{""interior"": 520, ""fronteira"": 520, ""liberacao"": 520, ""regret"": 519, ""abertura"": 0}","{""interior"": 0, ""fronteira"": 0, ""liberacao"": 0, ""regret"": 0, ""abertura"": 0}",0.7873238889951608,28.58890669102402,0.0,2057.0,0.0,
holmberg_p45,holmberg,4.142755174875089,20,80,hibridopl:rotacao,6251.0,True,-1,2,30.0,29.972988299,0.0,6251.0,6251.0,otimo_publicado,"[[0.04581790500378702, 6600.0], [0.053207629003736656, 6264.0], [0.05542129400419071, 6254.0], [0.05981525100287399, 6251.0], [0.07272896200447576, 6251.0], [0.11370202100079041, 6251.0], [0.31599798300158, 6251.0], [0.4024766450020252, 6251.0]]",29.972988299,29.972220471,0.9999743826677426,False,75.0,1388.59765625,3,,,,,a6c89e67e1516fe42fe2,0.4023204840013932,6251.0,2078.0,2078.0,4.0,"{""interior"": 520, ""fronteira"": 520, ""liberacao"": 519, ""regret"": 519, ""abertura"": 0}","{""interior"": 0, ""fronteira"": 0, ""liberacao"": 0, ""regret"": 0, ""abertura"": 0}",0.7859196860808879,28.426321194048796,0.0,2057.0,0.0,
holmberg_p45,holmberg,4.142755174875089,20,80,kernel,6251.0,True,-1,0,30.0,0.187139975,0.0,6251.0,6251.0,otimo_publicado,"[[0.044460627999797, 6496.0], [0.05320484299954842, 6264.0], [0.05554778800069471, 6254.0], [0.05880878899915842, 6251.0], [0.07971982599701732, 6251.0], [0.1511435239990533, 6251.0]]",0.187139975,0.186930906,0.9988828201991584,False,75.7,1290.75,2,3.0,,0.4,3.0,a6c89e67e1516fe42fe2,,,,,,,,,,,,,0.02121246900060214
holmberg_p46,holmberg,7.100321027287319,30,70,adaptativa:gnn,5651.0,True,0,0,30.0,1.393765825,0.0,5651.0,5651.0,otimo_publicado,"[[0.05877746300393483, 8094.0], [0.06918809600392706, 7078.0], [0.08438451900292421, 6772.999999999998], [0.09989129200403113, 6711.999999999999], [0.31746266800473677, 6540.0], [0.34101153500159853, 6540.0], [0.3871896430027846, 6211.000000000001], [0.6493372260010801, 6154.0], [0.7354953989997739, 6154.0], [0.776794178000273, 5926.0], [0.7992030730019906, 5906.0], [0.830917061004584, 5906.0], [1.391592424002738, 5651.0]]",1.393765825,1.393687822,0.9999440343574215,False,75.0,1863.22265625,1,4.0,True,1.0,4.0,a6c89e67e1516fe42fe2,,,,,,,,,,,,,
holmberg_p46,holmberg,7.100321027287319,30,70,adaptativa:pl,5651.0,True,-1,0,30.0,0.410449063,0.0,5651.0,5651.0,otimo_publicado,"[[0.04997999600163894, 5941.0], [0.05789015199843561, 5719.0], [0.08589031099836575, 5656.0], [0.11137017700093566, 5656.0], [0.227900165002211, 5651.0], [0.25406568400285323, 5651.0]]",0.410449063,0.410454236,1.0000126032691175,False,75.0,1290.75,2,3.0,True,0.8333333333333334,3.0,a6c89e67e1516fe42fe2,,,,,,,,,,,,,
holmberg_p46,holmberg,7.100321027287319,30,70,completo,5651.0,True,-1,0,30.0,0.70069615,0.0,5651.0,5651.0,otimo_publicado,"[[0.06965417600076762, 12639.0], [0.11090693000005558, 6258.000000000001], [0.38132684900119784, 6134.999999999999], [0.6728663230023813, 5651.000000000001]]",0.70069615,0.700684708,0.9999836705253768,False,75.0,1388.59765625,3,1.0,True,1.0,1.0,a6c89e67e1516fe42fe2,,,,,,,,,,,,,
holmberg_p46,holmberg,7.100321027287319,30,70,hibrido:rotacao,5651.0,True,-1,0,30.0,29.960317071,0.0,5651.0,5651.0,otimo_publicado,"[[0.05829608800195274, 8094.0], [0.06859516800250276, 7078.0], [0.08376808700268157, 6772.999999999998], [0.09915320000072825, 6711.999999999999], [0.3171269360027509, 6540.0], [0.3329034749986022, 6540.0], [0.37871051599722705, 6211.000000000001], [0.6400623859990446, 6154.0], [0.7232900800008792, 6154.0], [0.7642474880012742, 5926.0], [0.7866215800022474, 5906.0], [0.9777516770009242, 5906.0], [1.5388271920019179, 5651.0], [1.5406691179996415, 5651.0]]",29.960317071,29.958429138,0.9999369855467308,False,75.0,1290.75,2,,,,,a6c89e67e1516fe42fe2,1.5405205900024157,5651.0,2439.0,2439.0,4.0,"{""interior"": 610, ""fronteira"": 610, ""liberacao"": 610, ""regret"": 609, ""abertura"": 0}","{""interior"": 0, ""fronteira"": 0, ""liberacao"": 0, ""regret"": 0, ""abertura"": 0}",0.911899521961459,27.123119777988904,0.0,2416.0,0.0,
holmberg_p46,holmberg,7.100321027287319,30,70,hibrido:rotacao,5651.0,True,-1,1,30.0,29.959813284,0.0,5651.0,5651.0,otimo_publicado,"[[0.05757495400030166, 8094.0], [0.06780770000113989, 7078.0], [0.0829590460016334, 6772.999999999998], [0.09842657300032442, 6711.999999999999], [0.31547060099910595, 6540.0], [0.4889180700010911, 6540.0], [0.5350998629983224, 6211.000000000001], [0.7979207360003784, 6154.0], [0.8701028490031604, 6154.0], [0.9111236050048319, 5926.0], [0.9334866610042809, 5906.0], [0.9686096820041712, 5906.0], [1.5292734450049466, 5651.0], [1.53132096400077, 5651.0]]",29.959813284,29.95734862,0.9999177343337678,False,75.3,1290.75,2,,,,,a6c89e67e1516fe42fe2,1.5311893819998659,5651.0,2479.0,2479.0,4.0,"{""interior"": 620, ""fronteira"": 620, ""liberacao"": 620, ""regret"": 619, ""abertura"": 0}","{""interior"": 0, ""fronteira"": 0, ""liberacao"": 0, ""regret"": 0, ""abertura"": 0}",0.9175083299851394,27.118493132089498,0.0,2456.0,0.0,
holmberg_p46,holmberg,7.100321027287319,30,70,hibrido:rotacao,5651.0,True,-1,2,30.0,29.963626514,0.0,5651.0,5651.0,otimo_publicado,"[[0.05864189099884243, 8094.0], [0.06901240299703204, 7078.0], [0.08432056799938437, 6772.999999999998], [0.09978478999619256, 6711.999999999999], [0.31850059799762676, 6540.0], [0.33393465599874617, 6540.0], [0.3795736779975414, 6211.000000000001], [0.6426181429997087, 6154.0], [0.7163256669991824, 6154.0], [0.7575351449995651, 5926.0], [0.7798389099989436, 5906.0], [0.9684618049977871, 5906.0], [1.4110870679978689, 5651.0], [1.4518812540009094, 5651.0]]",29.963626514,29.962691699,0.9999688016736037,False,75.0,1388.59765625,3,,,,,a6c89e67e1516fe42fe2,1.4517508540011477,5651.0,2475.0,2475.0,4.0,"{""interior"": 619, ""fronteira"": 619, ""liberacao"": 619, ""regret"": 618, ""abertura"": 0}","{""interior"": 0, ""fronteira"": 0, ""liberacao"": 0, ""regret"": 0, ""abertura"": 0}",0.932722983910935,27.167181389999314,0.0,2452.0,0.0,
holmberg_p46,holmberg,7.100321027287319,30,70,hibridopl:rotacao,5651.0,True,-1,0,30.0,29.952487658,0.0,5651.0,5651.0,otimo_publicado,"[[0.04901010700268671, 5941.0], [0.05696366700067301, 5719.0], [0.08491422700171825, 5656.0], [0.10934044800160336, 5656.0], [0.22514399400097318, 5651.0], [0.24985512600324, 5651.0], [0.40697536100196885, 5651.0]]",29.952487658,29.950056187,0.9999188224020735,False,75.3,1863.22265625,1,,,,,a6c89e67e1516fe42fe2,0.4068447060017206,5651.0,2532.0,2532.0,3.0,"{""interior"": 633, ""fronteira"": 633, ""liberacao"": 633, ""regret"": 633, ""abertura"": 0}","{""interior"": 0, ""fronteira"": 0, ""liberacao"": 0, ""regret"": 0, ""abertura"": 0}",0.9549192458798643,28.186349247964245,0.0,2509.0,0.0,
holmberg_p46,holmberg,7.100321027287319,30,70,hibridopl:rotacao,5651.0,True,-1,1,30.0,29.972458443,0.0,5651.0,5651.0,otimo_publicado,"[[0.04895315099929576, 5941.0], [0.05679777699697297, 5719.0], [0.08471586700034095, 5656.0], [0.10866524599987315, 5656.0], [0.19932651599810924, 5651.000000000002], [0.23339598900201963, 5651.0], [0.41591933200106723, 5651.0]]",29.972458443,29.97121568,0.9999585365010226,False,75.0,1863.22265625,1,,,,,a6c89e67e1516fe42fe2,0.41578653900069185,5651.0,2554.0,2554.0,3.0,"{""interior"": 639, ""fronteira"": 639, ""liberacao"": 638, ""regret"": 638, ""abertura"": 0}","{""interior"": 0, ""fronteira"": 0, ""liberacao"": 0, ""regret"": 0, ""abertura"": 0}",0.9717252521659248,28.175786608051567,0.0,2531.0,0.0,
holmberg_p46,holmberg,7.100321027287319,30,70,hibridopl:rotacao,5651.0,True,-1,2,30.0,29.951345667,0.0,5651.0,5651.0,otimo_publicado,"[[0.05072180399656645, 5941.0], [0.05867468999349512, 5719.0], [0.08673414799704915, 5656.0], [0.10904973599463119, 5656.0], [0.20003038199502043, 5651.000000000002], [0.23491151399502996, 5651.0], [0.465797772998485, 5651.0]]",29.951345667,29.949881288,0.9999511080731971,False,75.3,1388.59765625,3,,,,,a6c89e67e1516fe42fe2,0.4656683199973486,5651.0,2562.0,2562.0,3.0,"{""interior"": 641, ""fronteira"": 641, ""liberacao"": 640, ""regret"": 640, ""abertura"": 0}","{""interior"": 0, ""fronteira"": 0, ""liberacao"": 0, ""regret"": 0, ""abertura"": 0}",0.9654209051113867,28.09968811505314,0.0,2539.0,0.0,
holmberg_p46,holmberg,7.100321027287319,30,70,kernel,5651.0,True,-1,0,30.0,0.986791995,0.0,5651.0,5651.0,otimo_publicado,"[[0.054208503002882935, 6345.0], [0.06401628599996911, 6258.000000000001], [0.11815312000180711, 5959.000000000003], [0.6817760410012852, 5651.000000000004], [0.7047062260025996, 5651.0], [0.8366915070037066, 5651.0]]",0.986791995,0.986764542,0.9999721795473219,False,75.1,1863.18359375,1,3.0,,0.36666666666666664,3.0,a6c89e67e1516fe42fe2,,,,,,,,,,,,,0.026538186000834685
holmberg_p47,holmberg,1.7647435897435897,10,90,adaptativa:gnn,6228.0,True,0,0,30.0,0.189008286,0.0,6228.0,6228.0,otimo_publicado,"[[0.03509043600206496, 9220.0], [0.039167152001027716, 8923.0], [0.053315097000449896, 7880.000000000002], [0.06322960000034072, 7779.0], [0.07527894599843421, 7779.0], [0.11447886700261733, 7779.0], [0.15442904500014265, 7779.0], [0.1713043050003762, 6584.0], [0.18052968900155975, 6576.000000000001], [0.18449813700135564, 6282.0], [0.18794500200237962, 6228.0]]",0.189008286,0.18898678,0.9998862166286191,False,75.0,1388.59765625,3,4.0,True,1.0,4.0,a6c89e67e1516fe42fe2,,,,,,,,,,,,,
holmberg_p47,holmberg,1.7647435897435897,10,90,adaptativa:pl,6228.0,True,-1,0,30.0,0.169186069,0.0,6228.0,6228.0,otimo_publicado,"[[0.029165375999582466, 8899.0], [0.03954444400005741, 7881.0], [0.0554986019997159, 7881.0], [0.09416034899913939, 7881.0], [0.1348396200010029, 7881.0], [0.15161989300031564, 6584.0], [0.16082486500090454, 6576.000000000001], [0.1647786810026446, 6282.0], [0.16821100800370914, 6228.0]]",0.169186069,0.169190275,1.0000248602028812,False,76.1,1290.75,2,4.0,True,1.0,4.0,a6c89e67e1516fe42fe2,,,,,,,,,,,,,
holmberg_p47,holmberg,1.7647435897435897,10,90,completo,6228.0,True,-1,0,30.0,0.046430008,0.0,6228.0,6228.0,otimo_publicado,"[[0.028991750001296168, 6584.0], [0.038217187000554986, 6576.000000000001], [0.042124005001824116, 6282.0], [0.04552204599895049, 6228.0]]",0.046430008,0.046434155,1.0000893172363874,False,77.8,1388.59765625,3,1.0,True,1.0,1.0,a6c89e67e1516fe42fe2,,,,,,,,,,,,,
holmberg_p47,holmberg,1.7647435897435897,10,90,hibrido:rotacao,6228.0,True,-1,0,30.0,29.963569921,0.0,6228.0,6228.0,otimo_publicado,"[[0.036510041001747595, 9220.0], [0.04054123400419485, 8923.0], [0.054647572003887035, 7880.000000000002], [0.0644522450020304, 7779.0], [0.2144566670031054, 7779.0], [0.25256922600237885, 7779.0], [0.2944335600004706, 7779.0], [0.31134783700326807, 6584.0], [0.32062434700128506, 6576.000000000001], [0.3246239770014654, 6282.0], [0.3281186370004434, 6228.0], [0.3290753719993518, 6228.0]]",29.963569921,29.962793923,0.9999741019510677,False,75.0,1388.59765625,3,,,,,a6c89e67e1516fe42fe2,0.3289389300007315,6228.0,3838.0,3838.0,4.0,"{""interior"": 960, ""fronteira"": 960, ""liberacao"": 959, ""regret"": 959, ""abertura"": 0}","{""interior"": 0, ""fronteira"": 0, ""liberacao"": 0, ""regret"": 0, ""abertura"": 0}",1.400816136978392,27.62635889197918,0.0,3815.0,0.0,
holmberg_p47,holmberg,1.7647435897435897,10,90,hibrido:rotacao,6228.0,True,-1,1,30.0,29.951171027,0.0,6228.0,6228.0,otimo_publicado,"[[0.03449537299457006, 9220.0], [0.03856154199456796, 8923.0], [0.05271624199303915, 7880.000000000002], [0.06253039399598492, 7779.0], [0.07792334999976447, 7779.0], [0.11545368399674771, 7779.0], [0.15685614299945883, 7779.0], [0.17357044500022312, 6584.0], [0.18281983799897716, 6576.000000000001], [0.18672544099899824, 6282.0], [0.1901700369999162, 6228.0], [0.19127152899454813, 6228.0]]",29.951171027,29.950075745,0.9999634310792385,False,75.0,1863.22265625,1,,,,,a6c89e67e1516fe42fe2,0.1911369819972606,6228.0,3921.0,3921.0,4.0,"{""interior"": 981, ""fronteira"": 980, ""liberacao"": 980, ""regret"": 980, ""abertura"": 0}","{""interior"": 0, ""fronteira"": 0, ""liberacao"": 0, ""regret"": 0, ""abertura"": 0}",1.4432938440186263,27.72859573302412,0.0,3898.0,0.0,
holmberg_p47,holmberg,1.7647435897435897,10,90,hibrido:rotacao,6228.0,True,-1,2,30.0,29.954134947,0.0,6228.0,6228.0,otimo_publicado,"[[0.034803056998498505, 9220.0], [0.03885085000001709, 8923.0], [0.05298212400157354, 7880.000000000002], [0.06281452899929718, 7779.0], [0.07784878299935372, 7779.0], [0.11552952299825847, 7779.0], [0.15516573100103415, 7779.0], [0.1720314080012031, 6584.0], [0.1812340110009245, 6377.000000000001], [0.18603933800113737, 6228.0], [0.18712591200164752, 6228.0]]",29.954134947,29.952819505,0.9999560847942254,False,75.0,1863.22265625,1,,,,,a6c89e67e1516fe42fe2,0.18699705300241476,6228.0,3903.0,3903.0,4.0,"{""interior"": 976, ""fronteira"": 976, ""liberacao"": 976, ""regret"": 975, ""abertura"": 0}","{""interior"": 0, ""fronteira"": 0, ""liberacao"": 0, ""regret"": 0, ""abertura"": 0}",1.4413659348429064,27.754705116080004,0.0,3880.0,0.0,
holmberg_p47,holmberg,1.7647435897435897,10,90,hibridopl:rotacao,6228.0,True,-1,0,30.0,29.952329996,0.0,6228.0,6228.0,otimo_publicado,"[[0.029794105001201387, 8899.0], [0.04010433700386784, 7881.0], [0.053990942004020326, 7881.0], [0.09465935700427508, 7881.0], [0.13622157000281732, 7881.0], [0.15314769600445288, 6584.0], [0.16242283900282928, 6576.000000000001], [0.1663648740031931, 6282.0], [0.169820493003499, 6228.0], [0.17088822699952289, 6228.0]]",29.952329996,29.950912284,0.9999526677223378,False,75.0,1290.75,2,,,,,a6c89e67e1516fe42fe2,0.17074500899980194,6228.0,3929.0,3929.0,4.0,"{""interior"": 983, ""fronteira"": 982, ""liberacao"": 982, ""regret"": 982, ""abertura"": 0}","{""interior"": 0, ""fronteira"": 0, ""liberacao"": 0, ""regret"": 0, ""abertura"": 0}",1.410608856986073,27.802873939072015,0.0,3906.0,0.0,
holmberg_p47,holmberg,1.7647435897435897,10,90,hibridopl:rotacao,6228.0,True,-1,1,30.0,29.95470926,0.0,6228.0,6228.0,otimo_publicado,"[[0.02882952599975397, 8899.0], [0.03918200699990848, 7881.0], [0.055403330999979516, 7881.0], [0.09441541100022732, 7881.0], [0.13785529600136215, 7881.0], [0.1546954800032836, 6584.0], [0.16396904100474785, 6576.000000000001], [0.1678704860023572, 6282.0], [0.17133247200399637, 6228.0], [0.17241731399917626, 6228.0]]",29.95470926,29.953923523,0.9999737691662042,False,75.0,1388.59765625,3,,,,,a6c89e67e1516fe42fe2,0.17228238999814494,6228.0,3901.0,3901.0,4.0,"{""interior"": 976, ""fronteira"": 975, ""liberacao"": 975, ""regret"": 975, ""abertura"": 0}","{""interior"": 0, ""fronteira"": 0, ""liberacao"": 0, ""regret"": 0, ""abertura"": 0}",1.4242902409787348,27.756974856012675,0.0,3878.0,0.0,
holmberg_p47,holmberg,1.7647435897435897,10,90,hibridopl:rotacao,6228.0,True,-1,2,30.0,29.952610837,0.0,6228.0,6228.0,otimo_publicado,"[[0.031324557996413205, 8899.0], [0.041624953995778924, 7881.0], [0.05508744299731916, 7881.0], [0.23203481800010195, 7881.0], [0.27363770800002385, 7881.0], [0.2906649890028348, 6584.0], [0.2998148990009213, 6377.000000000001], [0.3046117650010274, 6228.0], [0.3056794330041157, 6228.0]]",29.952610837,29.951141814,0.9999509550934309,False,75.0,1290.75,2,,,,,a6c89e67e1516fe42fe2,0.30554677600230207,6228.0,3923.0,3923.0,4.0,"{""interior"": 981, ""fronteira"": 981, ""liberacao"": 981, ""regret"": 980, ""abertura"": 0}","{""interior"": 0, ""fronteira"": 0, ""liberacao"": 0, ""regret"": 0, ""abertura"": 0}",1.426017228881392,27.662850471941056,0.0,3900.0,0.0,
holmberg_p47,holmberg,1.7647435897435897,10,90,kernel,6228.0,True,-1,0,30.0,0.054110205,0.0,6228.0,6228.0,otimo_publicado,"[[0.03639404000568902, 6584.0], [0.04577080900344299, 6576.000000000001], [0.04975466200266965, 6282.0], [0.05319839400544879, 6228.0]]",0.054110205,0.054086072,0.9995540027985479,False,76.2,1388.59765625,3,1.0,,1.0,1.0,a6c89e67e1516fe42fe2,,,,,,,,,,,,,0.005872096000530291
holmberg_p48,holmberg,4.058741258741259,20,80,adaptativa:gnn,5596.0,True,0,0,30.0,0.247216043,0.0,5596.0,5596.0,otimo_publicado,"[[0.041670811995572876, 7685.0], [0.04984774099648348, 6583.0], [0.05319127299662796, 6559.0], [0.06602856099925702, 6559.0], [0.09011517899853061, 6493.0], [0.09257776300000842, 6491.999999999999], [0.09523621699918294, 6469.0], [0.11168986299162498, 6469.0], [0.15505523199317395, 6256.0], [0.18132579399753013, 6256.0], [0.2320373259972257, 5600.0], [0.24560490299700177, 5596.0]]",0.247216043,0.247220679,1.00001875282827,False,76.0,1388.59765625,3,4.0,True,1.0,4.0,a6c89e67e1516fe42fe2,,,,,,,,,,,,,
holmberg_p48,holmberg,4.058741258741259,20,80,adaptativa:pl,5596.0,True,-1,0,30.0,0.222141835,0.0,5596.0,5596.0,otimo_publicado,"[[0.03612042500026291, 6172.0], [0.04464984399965033, 5919.0], [0.04785135999918566, 5899.000000000001], [0.059031566001067404, 5899.0], [0.09783564500321518, 5899.0], [0.12700754300385597, 5600.0], [0.1525078710001253, 5600.0], [0.22078041100030532, 5596.0]]",0.222141835,0.222137495,0.9999804629326124,False,75.3,1863.22265625,1,4.0,True,1.0,4.0,a6c89e67e1516fe42fe2,,,,,,,,,,,,,
holmberg_p48,holmberg,4.058741258741259,20,80,completo,5596.0,True,-1,0,30.0,0.088560963,0.0,5596.0,5596.0,otimo_publicado,"[[0.051020317998336395, 9044.0], [0.07299685500038322, 5600.0], [0.08673021999857156, 5596.0]]",0.088560963,0.088382882,0.997989170465547,False,75.0,1863.22265625,1,1.0,True,1.0,1.0,a6c89e67e1516fe42fe2,,,,,,,,,,,,,
holmberg_p48,holmberg,4.058741258741259,20,80,hibrido:rotacao,5596.0,True,-1,0,30.0,29.950465498,0.0,5596.0,5596.0,otimo_publicado,"[[0.04152964199965936, 7685.0], [0.049661457996990066, 6583.0], [0.05299149099664646, 6559.0], [0.06525363900072989, 6559.0], [0.08934682999824872, 6493.0], [0.09179014799883589, 6491.999999999999], [0.09436134600036894, 6469.0], [0.11307478800154058, 6469.0], [0.1567720749990258, 6256.0], [0.1801027960027568, 6256.0], [0.23029606600175612, 5600.0], [0.24387706900233752, 5596.0], [0.24523837800006731, 5596.0]]",29.950465498,29.949245933,0.9999592805994925,False,75.0,1863.22265625,1,,,,,a6c89e67e1516fe42fe2,0.24510976300007314,5596.0,3414.0,3414.0,4.0,"{""interior"": 854, ""fronteira"": 854, ""liberacao"": 853, ""regret"": 853, ""abertura"": 0}","{""interior"": 0, ""fronteira"": 0, ""liberacao"": 0, ""regret"": 0, ""abertura"": 0}",1.2528821619234805,27.937155444877135,0.0,3395.0,0.0,
holmberg_p48,holmberg,4.058741258741259,20,80,hibrido:rotacao,5596.0,True,-1,1,30.0,29.955667997,0.0,5596.0,5596.0,otimo_publicado,"[[0.04083406299832859, 7685.0], [0.048989009999786504, 6583.0], [0.05232580499796313, 6559.0], [0.06700972599719535, 6559.0], [0.09111171399854356, 6493.0], [0.09356561099775718, 6491.999999999999], [0.09625385499748518, 6469.0], [0.11328453899841406, 6469.0], [0.15713085899915313, 6256.0], [0.18059177800023463, 6256.0], [0.2312854449992301, 5600.0], [0.24496274999910383, 5596.0], [0.24640212999656796, 5596.0]]",29.955667997,29.955058107,0.9999796402470457,False,75.0,1388.59765625,3,,,,,a6c89e67e1516fe42fe2,0.24626670299767284,5596.0,3326.0,3326.0,4.0,"{""interior"": 832, ""fronteira"": 832, ""liberacao"": 831, ""regret"": 831, ""abertura"": 0}","{""interior"": 0, ""fronteira"": 0, ""liberacao"": 0, ""regret"": 0, ""abertura"": 0}",1.2257390829727228,27.960621688071114,0.0,3307.0,0.0,
holmberg_p48,holmberg,4.058741258741259,20,80,hibrido:rotacao,5596.0,True,-1,2,30.0,29.956155751,0.0,5596.0,5596.0,otimo_publicado,"[[0.0405017749981198, 7685.0], [0.048747563996585086, 6583.0], [0.05207142099607154, 6559.0], [0.06591376699725515, 6559.0], [0.08956411899634986, 6493.0], [0.09294388799753506, 6492.0], [0.09444556499511236, 6469.0], [0.11076147499625222, 6469.0], [0.15436341999884462, 6256.0], [0.3155583400002797, 6256.0], [0.3665859520006052, 5799.0], [0.42652631099917926, 5596.0], [0.42798116599806235, 5596.0]]",29.956155751,29.955268098,0.9999703682606214,False,75.0,1388.59765625,3,,,,,a6c89e67e1516fe42fe2,0.4278439609988709,5596.0,3314.0,3314.0,4.0,"{""interior"": 829, ""fronteira"": 829, ""liberacao"": 828, ""regret"": 828, ""abertura"": 0}","{""interior"": 0, ""fronteira"": 0, ""liberacao"": 0, ""regret"": 0, ""abertura"": 0}",1.2207788530395192,27.783339830999466,0.0,3295.0,0.0,
holmberg_p48,holmberg,4.058741258741259,20,80,hibridopl:rotacao,5596.0,True,-1,0,30.0,29.959603934,0.0,5596.0,5596.0,otimo_publicado,"[[0.03564048699627165, 6172.0], [0.044103633998020086, 5919.0], [0.04723690199534758, 5899.000000000001], [0.058070598999620415, 5899.0], [0.09639847299695248, 5899.0], [0.12537813899689354, 5600.0], [0.2952097519955714, 5600.0], [0.3645969619974494, 5596.0], [0.36586791499939864, 5596.0]]",29.959603934,29.958116608,0.9999503556187432,False,75.0,1290.75,2,,,,,a6c89e67e1516fe42fe2,0.36572414100010064,5596.0,3407.0,3407.0,4.0,"{""interior"": 852, ""fronteira"": 852, ""liberacao"": 852, ""regret"": 851, ""abertura"": 0}","{""interior"": 0, ""fronteira"": 0, ""liberacao"": 0, ""regret"": 0, ""abertura"": 0}",1.2414657290755713,27.83046634301354,0.0,3388.0,0.0,
holmberg_p48,holmberg,4.058741258741259,20,80,hibridopl:rotacao,5596.0,True,-1,1,30.0,29.964842977,0.0,5596.0,5596.0,otimo_publicado,"[[0.03694551299849991, 6172.0], [0.0455348760006018, 5919.0], [0.048719656999310246, 5899.000000000001], [0.06021656700249878, 5899.0], [0.09961216900046566, 5899.0], [0.12872034900283325, 5600.0], [0.1546436860007816, 5600.0], [0.22287414200036437, 5596.0], [0.22436026399736875, 5596.0]]",29.964842977,29.963442279,0.999953255286501,False,75.0,1290.75,2,,,,,a6c89e67e1516fe42fe2,0.22422857499987003,5596.0,3358.0,3358.0,4.0,"{""interior"": 840, ""fronteira"": 840, ""liberacao"": 839, ""regret"": 839, ""abertura"": 0}","{""interior"": 0, ""fronteira"": 0, ""liberacao"": 0, ""regret"": 0, ""abertura"": 0}",1.2138370648463024,28.016440936979052,0.0,3339.0,0.0,
holmberg_p48,holmberg,4.058741258741259,20,80,hibridopl:rotacao,5596.0,True,-1,2,30.0,29.951931756,0.0,5596.0,5596.0,otimo_publicado,"[[0.03557214400279918, 6172.0], [0.04384581800331944, 5919.0], [0.047293288003857015, 5899.000000000001], [0.05837931500354898, 5899.0], [0.096513225002127, 5899.0], [0.1256577650019608, 5613.0], [0.12919467700339737, 5600.0], [0.15132761900531477, 5600.0], [0.21934584200425888, 5596.0], [0.2205684390028182, 5596.0]]",29.951931756,29.95059702,0.9999554373984666,False,75.0,1863.22265625,1,,,,,a6c89e67e1516fe42fe2,0.22043485800168128,5596.0,3344.0,3344.0,4.0,"{""interior"": 836, ""fronteira"": 836, ""liberacao"": 836, ""regret"": 836, ""abertura"": 0}","{""interior"": 0, ""fronteira"": 0, ""liberacao"": 0, ""regret"": 0, ""abertura"": 0}",1.2364414890253101,27.976989765178587,0.0,3325.0,0.0,
holmberg_p48,holmberg,4.058741258741259,20,80,kernel,5596.0,True,-1,0,30.0,0.148750026,0.0,5596.0,5596.0,otimo_publicado,"[[0.04285243000413175, 5821.0], [0.05335428700345801, 5600.0], [0.07865836700511863, 5600.0], [0.14705027800664539, 5596.0]]",0.148750026,0.148586316,0.9988994287637973,False,75.0,1290.75,2,2.0,,0.6,2.0,a6c89e67e1516fe42fe2,,,,,,,,,,,,,0.012571277002280112
holmberg_p49,holmberg,7.0776,30,70,adaptativa:gnn,5302.0,True,0,0,30.0,0.436202767,0.0,5302.0,5302.0,otimo_publicado,"[[0.05594924099568743, 7686.0], [0.06704120099675492, 5817.0], [0.08104216299761902, 5817.0], [0.11085362499943585, 5747.0], [0.1296380509993469, 5747.0], [0.17427616399800172, 5665.999999999999], [0.1807024289992114, 5578.0], [0.35217895199821214, 5578.0], [0.4281317739987571, 5302.0]]",0.436202767,0.43604115,0.9996294911169145,False,74.9,1388.59765625,3,4.0,True,1.0,4.0,a6c89e67e1516fe42fe2,,,,,,,,,,,,,
holmberg_p49,holmberg,7.0776,30,70,adaptativa:pl,5302.0,True,-1,0,30.0,0.328698865,0.0,5302.0,5302.0,otimo_publicado,"[[0.17946562899669516, 5390.0], [0.1870099069965363, 5352.0], [0.20055860899810796, 5352.0], [0.22786485399774392, 5302.0], [0.2594732389989076, 5302.0]]",0.328698865,0.32855025,0.9995478688373323,False,74.8,1863.22265625,1,3.0,True,0.9,3.0,a6c89e67e1516fe42fe2,,,,,,,,,,,,,
holmberg_p49,holmberg,7.0776,30,70,completo,5302.0,True,-1,0,30.0,0.114000777,0.0,5302.0,5302.0,otimo_publicado,"[[0.0682140149983752, 12420.0], [0.10387435300071957, 5302.0]]",0.114000777,0.114004222,1.0000302190922787,False,75.6,1863.22265625,1,1.0,True,1.0,1.0,a6c89e67e1516fe42fe2,,,,,,,,,,,,,
holmberg_p49,holmberg,7.0776,30,70,hibrido:rotacao,5302.0,True,-1,0,30.0,29.959135456,0.0,5302.0,5302.0,otimo_publicado,"[[0.054876570000487845, 7686.0], [0.06606484199801343, 5817.0], [0.08290641300118295, 5817.0], [0.11309000400069635, 5747.0], [0.13290682299702894, 5747.0], [0.17799921299956623, 5665.999999999999], [0.1844791349976731, 5578.0], [0.21464744699915173, 5578.0], [0.2904188840002462, 5302.0], [0.2985213619977003, 5302.0]]",29.959135456,29.958360703,0.9999741396743195,False,75.0,1388.59765625,3,,,,,a6c89e67e1516fe42fe2,0.29838783999730367,5302.0,3275.0,3275.0,4.0,"{""interior"": 819, ""fronteira"": 819, ""liberacao"": 819, ""regret"": 818, ""abertura"": 0}","{""interior"": 0, ""fronteira"": 0, ""liberacao"": 0, ""regret"": 0, ""abertura"": 0}",1.2034966600222106,27.93569097093132,0.0,3254.0,0.0,
holmberg_p49,holmberg,7.0776,30,70,hibrido:rotacao,5302.0,True,-1,1,30.0,29.95067087,0.0,5302.0,5302.0,otimo_publicado,"[[0.05457734100127709, 7686.0], [0.06568862900167005, 5817.0], [0.08212341499893228, 5817.0], [0.11194317099943873, 5747.0], [0.1313123590007308, 5747.0], [0.18159805300092557, 5578.0], [0.21196970799792325, 5578.0], [0.3253713499980222, 5302.0], [0.32737329700103146, 5302.0]]",29.95067087,29.949621516,0.9999649639233607,False,75.0,1863.22265625,1,,,,,a6c89e67e1516fe42fe2,0.3272417400003178,5302.0,3239.0,3239.0,4.0,"{""interior"": 810, ""fronteira"": 810, ""liberacao"": 810, ""regret"": 809, ""abertura"": 0}","{""interior"": 0, ""fronteira"": 0, ""liberacao"": 0, ""regret"": 0, ""abertura"": 0}",1.2021882330300286,27.936984621999727,0.0,3218.0,0.0,
holmberg_p49,holmberg,7.0776,30,70,hibrido:rotacao,5302.0,True,-1,2,30.0,29.959367852,0.0,5302.0,5302.0,otimo_publicado,"[[0.054748936996475095, 7686.0], [0.06575393099774374, 5817.0], [0.08215327799553052, 5817.0], [0.11159501499787439, 5747.0], [0.2665797100016789, 5747.0], [0.3062811590025376, 5606.0], [0.31200265000370564, 5578.0], [0.34164144299938926, 5578.0], [0.416322360997583, 5302.0], [0.424342706999596, 5302.0]]",29.959367852,29.957961813,0.9999530684690363,False,75.0,1290.75,2,,,,,a6c89e67e1516fe42fe2,0.42420903099991847,5302.0,3246.0,3246.0,4.0,"{""interior"": 812, ""fronteira"": 812, ""liberacao"": 811, ""regret"": 811, ""abertura"": 0}","{""interior"": 0, ""fronteira"": 0, ""liberacao"": 0, ""regret"": 0, ""abertura"": 0}",1.172653835874371,27.887584304953634,0.0,3225.0,0.0,
holmberg_p49,holmberg,7.0776,30,70,hibridopl:rotacao,5302.0,True,-1,0,30.0,29.955941644,0.0,5302.0,5302.0,otimo_publicado,"[[0.04483837700172444, 5390.0], [0.052340140002343105, 5352.0], [0.06738079999922775, 5352.0], [0.09412043900010758, 5302.0], [0.12323591000313172, 5302.0], [0.19101047199728782, 5302.0]]",29.955941644,29.954988984,0.999968197961816,False,75.0,1388.59765625,3,,,,,a6c89e67e1516fe42fe2,0.1908836139991763,5302.0,3283.0,3283.0,3.0,"{""interior"": 821, ""fronteira"": 821, ""liberacao"": 821, ""regret"": 820, ""abertura"": 0}","{""interior"": 0, ""fronteira"": 0, ""liberacao"": 0, ""regret"": 0, ""abertura"": 0}",1.2084428139060037,28.03475606603388,0.0,3262.0,0.0,
holmberg_p49,holmberg,7.0776,30,70,hibridopl:rotacao,5302.0,True,-1,1,30.0,29.963550064,0.0,5302.0,5302.0,otimo_publicado,"[[0.04638043100203504, 5390.0], [0.053839317999518244, 5352.0], [0.0674823120025394, 5352.0], [0.0945871719995921, 5324.0], [0.09762862700154074, 5302.0], [0.26549160800277605, 5302.0], [0.3344584840015159, 5302.0]]",29.963550064,29.962079227,0.9999509124587421,False,75.0,1290.75,2,,,,,a6c89e67e1516fe42fe2,0.3343312500001048,5302.0,3239.0,3239.0,3.0,"{""interior"": 810, ""fronteira"": 810, ""liberacao"": 810, ""regret"": 809, ""abertura"": 0}","{""interior"": 0, ""fronteira"": 0, ""liberacao"": 0, ""regret"": 0, ""abertura"": 0}",1.1865794269324397,27.95309123392508,0.0,3218.0,0.0,
holmberg_p49,holmberg,7.0776,30,70,hibridopl:rotacao,5302.0,True,-1,2,30.0,29.952746659,0.0,5302.0,5302.0,otimo_publicado,"[[0.045540623999841046, 5390.0], [0.05305249099910725, 5352.0], [0.06856070900175837, 5352.0], [0.09571933800179977, 5302.0], [0.12515197100219666, 5302.0], [0.19396567000148934, 5302.0]]",29.952746659,29.951795379,0.9999682406421411,False,75.0,1863.22265625,1,,,,,a6c89e67e1516fe42fe2,0.19383427999855485,5302.0,3240.0,3240.0,3.0,"{""interior"": 810, ""fronteira"": 810, ""liberacao"": 810, ""regret"": 810, ""abertura"": 0}","{""interior"": 0, ""fronteira"": 0, ""liberacao"": 0, ""regret"": 0, ""abertura"": 0}",1.1914178929910122,28.079522023963364,0.0,3219.0,0.0,
holmberg_p49,holmberg,7.0776,30,70,kernel,5302.0,True,-1,0,30.0,0.201840566,0.0,5302.0,5302.0,otimo_publicado,"[[0.048419522998301545, 5343.0], [0.056238530996779446, 5305.0], [0.07826306200149702, 5305.0], [0.12330953500350006, 5302.0], [0.1490426780001144, 5302.0]]",0.201840566,0.201845318,1.0000235433346931,False,75.0,1388.59765625,3,3.0,,0.4,3.0,a6c89e67e1516fe42fe2,,,,,,,,,,,,,0.022696105999784777
holmberg_p5,holmberg,1.3736263736263736,10,50,adaptativa:gnn,8838.0,True,0,0,30.0,0.767525687,0.0,8838.0,8838.0,otimo_publicado,"[[0.023664315001951763, 11310.0], [0.07663536000109161, 11308.999999999998], [0.25738992400147254, 10816.000000000005], [0.4067142910025723, 10434.0], [0.4141929240031459, 10187.0], [0.4510870360027184, 10187.0], [0.58258713000032, 10187.0], [0.7225417029985692, 10187.0], [0.7328373259988439, 9406.0], [0.7386715929969796, 9055.999999999998], [0.7530149229969538, 8920.0], [0.7558212019976054, 8906.999999999998], [0.7663271339988569, 8838.0]]",0.767525687,0.767331706,0.999747264484713,False,75.2,1388.59765625,3,4.0,True,1.0,4.0,a6c89e67e1516fe42fe2,,,,,,,,,,,,,
holmberg_p5,holmberg,1.3736263736263736,10,50,adaptativa:pl,8838.0,True,-1,0,30.0,0.142243506,0.0,8838.0,8838.0,otimo_publicado,"[[0.022742517005099216, 24310.0], [0.024029410004004603, 9521.999999999998], [0.027099545004602987, 9457.0], [0.039048861002811464, 8838.000000000002], [0.05167639400315238, 8838.0], [0.08261934199981624, 8838.0], [0.11214925500098616, 8838.0]]",0.142243506,0.142247485,1.0000279731575232,False,76.8,1863.22265625,1,4.0,True,1.0,4.0,a6c89e67e1516fe42fe2,,,,,,,,,,,,,
holmberg_p5,holmberg,1.3736263736263736,10,50,completo,8838.0,True,-1,0,30.0,0.053051673,0.0,8838.0,8838.0,otimo_publicado,"[[0.01868048000324052, 9406.0], [0.02448365400050534, 9055.999999999998], [0.03887871400002041, 8920.0], [0.04163660000267555, 8906.999999999998], [0.052058581000892445, 8838.0]]",0.053051673,0.052889155,0.9969366093318113,False,72.7,1290.75,2,1.0,True,1.0,1.0,a6c89e67e1516fe42fe2,,,,,,,,,,,,,
holmberg_p5,holmberg,1.3736263736263736,10,50,hibrido:rotacao,8838.0,True,-1,0,30.0,29.950652872,0.0,8838.0,8838.0,otimo_publicado,"[[0.023056767000525724, 11310.0], [0.07609322300049826, 11308.999999999998], [0.2569935820029059, 10816.000000000005], [0.4067393380028079, 10434.0], [0.4141161870029464, 10187.0], [0.45354935400246177, 10187.0], [0.5859527249995153, 10187.0], [0.7214057500023046, 10187.0], [0.7315810660038551, 9406.0], [0.7373721920012031, 9055.999999999998], [0.7517775320011424, 8920.0], [0.7545801930027665, 8906.999999999998], [0.7650930210038496, 8838.0], [0.766038795998611, 8838.0]]",29.950652872,29.949892273,0.999974604927537,False,75.0,1388.59765625,3,,,,,a6c89e67e1516fe42fe2,0.765907329001493,8838.0,2418.0,2418.0,4.0,"{""interior"": 605, ""fronteira"": 605, ""liberacao"": 604, ""regret"": 604, ""abertura"": 0}","{""interior"": 0, ""fronteira"": 0, ""liberacao"": 0, ""regret"": 0, ""abertura"": 0}",0.8701793940272182,27.9017804920004,0.0,2399.0,0.0,
holmberg_p5,holmberg,1.3736263736263736,10,50,hibrido:rotacao,8838.0,True,-1,1,30.0,29.957460556,0.0,8838.0,8838.0,otimo_publicado,"[[0.023440687004040228, 11310.0], [0.07691952400273294, 11308.999999999998], [0.25860318400373217, 10816.000000000005], [0.4088854830042692, 10434.0], [0.4188934620033251, 10187.0], [0.4606351000002178, 10187.0], [0.6085139570022875, 10187.0], [0.7581467290037835, 10187.0], [0.7683394000050612, 9406.0], [0.7741773270026897, 9055.999999999998], [0.7886554400029127, 8920.0], [0.7914264520040888, 8906.999999999998], [0.7993000380047306, 8899.0], [0.8024682030045369, 8838.0], [0.8033347730015521, 8838.0]]",29.957460556,29.956545388,0.9999694510822007,False,75.0,1388.59765625,3,,,,,a6c89e67e1516fe42fe2,0.8031981790009013,8838.0,2469.0,2469.0,4.0,"{""interior"": 618, ""fronteira"": 617, ""liberacao"": 617, ""regret"": 617, ""abertura"": 0}","{""interior"": 0, ""fronteira"": 0, ""liberacao"": 0, ""regret"": 0, ""abertura"": 0}",0.8875296860787785,27.84321428894691,0.0,2450.0,0.0,
holmberg_p5,holmberg,1.3736263736263736,10,50,hibrido:rotacao,8838.0,True,-1,2,30.0,29.968046342,0.0,8838.0,8838.0,otimo_publicado,"[[0.023094280000805156, 11310.0], [0.07590347199948155, 11308.999999999998], [0.2559214229986537, 10816.000000000002], [0.38875067999833846, 10187.0], [0.4067610900019645, 10187.0], [0.5557174969981133, 10187.0], [0.7063456639989454, 10187.0], [0.7164000759985356, 9406.0], [0.7222187009974732, 9055.999999999998], [0.7364957189965935, 8920.0], [0.7394528599979822, 8906.999999999998], [0.7498623819992645, 8838.0], [0.7507548470020993, 8838.0]]",29.968046342,29.967192869,0.9999715205659301,False,75.0,1863.22265625,1,,,,,a6c89e67e1516fe42fe2,0.7506001770016155,8838.0,2502.0,2502.0,4.0,"{""interior"": 626, ""fronteira"": 626, ""liberacao"": 625, ""regret"": 625, ""abertura"": 0}","{""interior"": 0, ""fronteira"": 0, ""liberacao"": 0, ""regret"": 0, ""abertura"": 0}",0.8990827750312747,27.91101933508253,0.0,2483.0,0.0,
holmberg_p5,holmberg,1.3736263736263736,10,50,hibridopl:rotacao,8838.0,True,-1,0,30.0,29.95660054,0.0,8838.0,8838.0,otimo_publicado,"[[0.02150141300080577, 24310.0], [0.0227464540002984, 9521.999999999998], [0.025744050999492174, 9457.0], [0.03774424299990642, 8838.000000000002], [0.052056399996217806, 8838.0], [0.08068813200225122, 8838.0], [0.10996062499907566, 8838.0], [0.13984385600269889, 8838.0]]",29.95660054,29.955039579,0.9999478925855451,False,75.0,1290.75,2,,,,,a6c89e67e1516fe42fe2,0.13971343600132968,8838.0,2511.0,2511.0,4.0,"{""interior"": 628, ""fronteira"": 628, ""liberacao"": 628, ""regret"": 627, ""abertura"": 0}","{""interior"": 0, ""fronteira"": 0, ""liberacao"": 0, ""regret"": 0, ""abertura"": 0}",0.8852698499504186,28.530207843992685,0.0,2492.0,0.0,
holmberg_p5,holmberg,1.3736263736263736,10,50,hibridopl:rotacao,8838.0,True,-1,1,30.0,29.955010692,0.0,8838.0,8838.0,otimo_publicado,"[[0.021860928998648888, 24310.0], [0.023112576000130503, 9521.999999999998], [0.02618511200125795, 9457.0], [0.03814791400145623, 8838.000000000002], [0.05330967800182407, 8838.0], [0.08269098600067082, 8838.0], [0.11238612899978762, 8838.0], [0.1425915760009957, 8838.0]]",29.955010692,29.953318335,0.9999435033751982,False,75.0,1290.75,2,,,,,a6c89e67e1516fe42fe2,0.14245911699981662,8838.0,2548.0,2548.0,4.0,"{""interior"": 637, ""fronteira"": 637, ""liberacao"": 637, ""regret"": 637, ""abertura"": 0}","{""interior"": 0, ""fronteira"": 0, ""liberacao"": 0, ""regret"": 0, ""abertura"": 0}",0.9048952140656183,28.486957852994237,0.0,2529.0,0.0,
holmberg_p5,holmberg,1.3736263736263736,10,50,hibridopl:rotacao,8838.0,True,-1,2,30.0,29.953695313,0.0,8838.0,8838.0,otimo_publicado,"[[0.021502106996194925, 24310.0], [0.022727361996658146, 9521.999999999998], [0.02578824099691701, 9457.0], [0.03773582299618283, 8838.000000000002], [0.05447389999972074, 8838.0], [0.08343431399771362, 8838.0], [0.11462784799732617, 8838.0], [0.1446151509990159, 8838.0]]",29.953695313,29.952518585,0.9999607150974962,False,75.0,1863.22265625,1,,,,,a6c89e67e1516fe42fe2,0.1444864619988948,8838.0,2558.0,2558.0,4.0,"{""interior"": 640, ""fronteira"": 640, ""liberacao"": 639, ""regret"": 639, ""abertura"": 0}","{""interior"": 0, ""fronteira"": 0, ""liberacao"": 0, ""regret"": 0, ""abertura"": 0}",0.9183714619211969,28.472433208029543,0.0,2539.0,0.0,
holmberg_p5,holmberg,1.3736263736263736,10,50,kernel,8838.0,True,-1,0,30.0,0.081956734,0.0,8838.0,8838.0,otimo_publicado,"[[0.02119261500047287, 24310.0], [0.022462885001004906, 9521.999999999998], [0.025501049000013154, 9457.0], [0.03739732699978049, 8838.000000000002], [0.052276061000156915, 8838.0]]",0.081956734,0.081960755,1.0000490624724017,False,75.8,1290.75,2,2.0,,0.8,2.0,a6c89e67e1516fe42fe2,,,,,,,,,,,,,0.0031505799997830763
holmberg_p50,holmberg,1.8882030178326474,10,100,adaptativa:gnn,8741.0,True,0,0,30.0,7.027906414,0.0,8741.0,8741.0,otimo_publicado,"[[0.04001960599998711, 12157.0], [0.047505065998848295, 11547.999999999995], [0.3793500350002432, 11500.0], [0.6721603810001398, 11498.0], [0.6841869989984843, 11498.0], [1.0061572390004585, 11498.0], [1.473449144999904, 11498.0], [1.4955218830000376, 10062.0], [1.5086416119993373, 9228.999999999998], [2.9303609329981555, 8823.0], [6.73596461499983, 8822.0], [6.737759851999726, 8766.0], [6.854651917998126, 8754.0], [6.9679004099998565, 8744.0], [6.9915101419974235, 8743.0], [6.999335889999202, 8741.0]]",7.027906414,7.027189222,0.9998979508323316,False,75.3,1388.59765625,3,88.0,True,1.0,4.0,a6c89e67e1516fe42fe2,,,,,,,,,,,,,
holmberg_p50,holmberg,1.8882030178326474,10,100,adaptativa:pl,8741.0,True,-1,0,30.0,4.663228522,0.0,8741.0,8741.0,otimo_publicado,"[[0.03395053400163306, 10335.0], [0.22580231400206685, 9065.0], [0.23768868600018322, 9065.0], [0.46145601799798897, 9065.0], [0.5428782449998835, 9065.0], [1.8001216939992446, 8835.0], [1.8479129480001575, 8826.0], [1.848747206000553, 8769.0], [1.8511308730012388, 8758.0], [3.7207427110006392, 8741.0]]",4.663228522,4.662999374,0.9999508606539613,False,75.1,1290.75,2,4.0,True,1.0,4.0,a6c89e67e1516fe42fe2,,,,,,,,,,,,,
holmberg_p50,holmberg,1.8882030178326474,10,100,completo,8741.0,True,-1,0,30.0,5.606182319,0.0,8741.0,8741.0,otimo_publicado,"[[0.035657109998282976, 10062.0], [0.04859823500009952, 9228.999999999998], [1.4865229460010596, 8823.0], [5.313207892999344, 8822.0], [5.315014972999052, 8766.0], [5.431296905000636, 8754.0], [5.546080717998848, 8744.0], [5.569889425998554, 8743.0], [5.577703031998681, 8741.0]]",5.606182319,5.60599887,0.9999672773753043,False,75.0,1863.22265625,1,85.0,True,1.0,1.0,a6c89e67e1516fe42fe2,,,,,,,,,,,,,
holmberg_p50,holmberg,1.8882030178326474,10,100,hibrido:rotacao,8741.0,True,-1,0,30.0,29.955785716,0.0,8741.0,8741.0,otimo_publicado,"[[0.03948215400305344, 12157.0], [0.04692212300142273, 11547.999999999995], [0.3775850090023596, 11500.0], [0.6676228890028142, 11498.0], [0.6794079760002205, 11498.0], [0.9980329680001887, 11498.0], [1.3195028620029916, 11498.0], [1.3406217520023347, 10062.0], [1.3534506170035456, 9228.999999999998], [2.770870611002465, 8823.0], [6.561976188000699, 8822.0], [6.5637887330012745, 8766.0], [6.681409554003039, 8754.0], [6.794570639001904, 8744.0], [6.818099094001809, 8743.0], [6.825901282001723, 8741.0], [6.853780879999249, 8741.0]]",29.955785716,29.954823137,0.9999678666749346,False,75.0,1388.59765625,3,,,,,a6c89e67e1516fe42fe2,6.853650353998091,8741.0,1913.0,1913.0,88.0,"{""interior"": 479, ""fronteira"": 478, ""liberacao"": 478, ""regret"": 478, ""abertura"": 0}","{""interior"": 0, ""fronteira"": 0, ""liberacao"": 0, ""regret"": 0, ""abertura"": 0}",1.0368191269299132,21.740182546986034,0.0,1720.0,0.0,
holmberg_p50,holmberg,1.8882030178326474,10,100,hibrido:rotacao,8741.0,True,-1,1,30.0,29.96090028,0.0,8741.0,8741.0,otimo_publicado,"[[0.07415666199813131, 12157.0], [0.08165360400016652, 11547.999999999995], [0.41373474300053203, 11500.0], [0.7025294949999079, 11498.0], [0.7147487300026114, 11498.0], [1.030680215000757, 11498.0], [1.3499064960014948, 11498.0], [1.3711378460029664, 10062.0], [1.3841378150027595, 9228.999999999998], [2.80189466000229, 8823.0], [6.727486646002944, 8804.0], [6.8779021890004515, 8769.0], [6.885765325001557, 8758.0], [7.126281297001697, 8741.0], [7.151441944995895, 8741.0]]",29.96090028,29.954993496,0.9998028502499993,False,75.4,1863.22265625,1,,,,,a6c89e67e1516fe42fe2,7.1513109619991155,8741.0,1895.0,1895.0,52.0,"{""interior"": 474, ""fronteira"": 474, ""liberacao"": 474, ""regret"": 473, ""abertura"": 0}","{""interior"": 0, ""fronteira"": 0, ""liberacao"": 0, ""regret"": 0, ""abertura"": 0}",1.0341035140481836,21.46606855398568,0.0,1698.0,0.0,
holmberg_p50,holmberg,1.8882030178326474,10,100,hibrido:rotacao,8741.0,True,-1,2,30.0,29.982915208,0.0,8741.0,8741.0,otimo_publicado,"[[0.03927489999841782, 12157.0], [0.0467367759993067, 11547.999999999995], [0.377798437999445, 11500.0], [0.6684831540005689, 11498.0], [0.6842537339980481, 11498.0], [0.997437212998193, 11498.0], [1.3168846179978573, 11498.0], [1.3384281289982027, 10062.0], [1.351277632995334, 9228.999999999998], [2.766193054994801, 8823.0], [6.491987458997755, 8822.0], [6.519186433997675, 8758.0], [6.558587804996932, 8743.0], [6.605827819996193, 8741.0], [6.6175197689990455, 8741.0]]",29.982915208,29.978017534,0.9998366511739761,False,75.2,1290.75,2,,,,,a6c89e67e1516fe42fe2,6.617383416996745,8741.0,1522.0,1522.0,29.0,"{""interior"": 381, ""fronteira"": 381, ""liberacao"": 380, ""regret"": 380, ""abertura"": 0}","{""interior"": 0, ""fronteira"": 0, ""liberacao"": 0, ""regret"": 0, ""abertura"": 0}",0.832848389109131,22.26761375395654,0.0,1364.0,0.0,
holmberg_p50,holmberg,1.8882030178326474,10,100,hibridopl:rotacao,8741.0,True,-1,0,30.0,29.955254753,0.0,8741.0,8741.0,otimo_publicado,"[[0.03347426500113215, 10335.0], [0.22751098000298953, 9065.0], [0.25251930900412844, 9065.0], [0.32888452100087306, 9065.0], [0.4121418940012518, 9065.0], [1.6716763640033605, 8835.0], [1.7192105560025084, 8826.0], [1.7200353510015702, 8769.0], [1.7224528230035503, 8758.0], [3.5915382060011325, 8741.0], [4.534086865001882, 8741.0]]",29.955254753,29.952333116,0.999902466628173,False,75.3,1290.75,2,,,,,a6c89e67e1516fe42fe2,4.5339574749996245,8741.0,2111.0,2111.0,4.0,"{""interior"": 528, ""fronteira"": 528, ""liberacao"": 528, ""regret"": 527, ""abertura"": 0}","{""interior"": 0, ""fronteira"": 0, ""liberacao"": 0, ""regret"": 0, ""abertura"": 0}",1.1488706840536906,23.915711463050684,0.0,1900.0,0.0,
holmberg_p50,holmberg,1.8882030178326474,10,100,hibridopl:rotacao,8741.0,True,-1,1,30.0,29.955260088,0.0,8741.0,8741.0,otimo_publicado,"[[0.03353492500173161, 10335.0], [0.12207012100043357, 10076.0], [0.23121733500011032, 9065.0], [0.25655815999925835, 9065.0], [0.3335601240032702, 9065.0], [0.4136432790000981, 9065.0], [1.6740530649985885, 8835.0], [3.0907862549975107, 8824.0], [3.112559279998095, 8823.0], [5.962670471999445, 8804.0], [11.412664579998818, 8743.0], [11.535686867999175, 8741.0], [11.591332756001066, 8741.0]]",29.955260088,29.950571726,0.9998434878553474,False,75.4,1388.59765625,3,,,,,a6c89e67e1516fe42fe2,11.591193541000393,8741.0,1490.0,1490.0,83.0,"{""interior"": 373, ""fronteira"": 373, ""liberacao"": 372, ""regret"": 372, ""abertura"": 0}","{""interior"": 0, ""fronteira"": 0, ""liberacao"": 0, ""regret"": 0, ""abertura"": 0}",0.8158574720364413,17.292300732980948,0.0,1335.0,0.0,
holmberg_p50,holmberg,1.8882030178326474,10,100,hibridopl:rotacao,8741.0,True,-1,2,30.0,29.967622022,0.0,8741.0,8741.0,otimo_publicado,"[[0.034512370999436826, 10335.0], [0.22698055299770203, 9065.0], [0.23919490499974927, 9065.0], [0.31490512599702924, 9065.0], [0.3971120569985942, 9065.0], [1.6571159909981361, 8835.0], [6.324222478997399, 8823.0], [8.9636456119988, 8817.0], [9.032701512998756, 8814.0], [9.035252806999779, 8808.0], [9.221932004998962, 8804.0], [10.0029091840006, 8744.0], [10.099332153000432, 8743.0], [10.100649682997755, 8741.0], [10.128255883002566, 8741.0]]",29.967622022,29.965732617,0.9999369517875455,False,75.1,1864.23828125,1,,,,,a6c89e67e1516fe42fe2,10.12810506599999,8741.0,1287.0,1287.0,173.0,"{""interior"": 322, ""fronteira"": 322, ""liberacao"": 322, ""regret"": 321, ""abertura"": 0}","{""interior"": 0, ""fronteira"": 0, ""liberacao"": 0, ""regret"": 0, ""abertura"": 0}",0.7020201360392093,18.918175406986848,0.0,1147.0,0.0,
holmberg_p50,holmberg,1.8882030178326474,10,100,kernel,8741.0,True,-1,0,30.0,6.729632145,0.0,8741.0,8741.0,otimo_publicado,"[[0.03963761400154908, 9432.0], [0.05138147600155207, 9228.999999999998], [1.4991003989998717, 9041.0], [1.5435192320001079, 8840.0], [2.694839072999457, 8823.0], [5.28245287900063, 8820.0], [5.34554881800068, 8811.0], [5.424768944001698, 8808.0], [5.4472378290010965, 8802.0], [5.450883863999479, 8782.000000000002], [5.454701182999997, 8781.0], [5.479961105000257, 8766.0], [5.493077449002158, 8765.0], [5.501812493999751, 8757.0], [5.593551355999807, 8744.0], [5.6139207650012395, 8741.0], [5.667516265002632, 8741.0]]",6.729632145,6.729459312,0.9999743176155433,False,75.0,1388.59765625,3,76.0,,0.8,2.0,a6c89e67e1516fe42fe2,,,,,,,,,,,,,0.009207372000673786
holmberg_p51,holmberg,3.98079561042524,20,100,adaptativa:gnn,7414.0,True,0,0,30.0,11.991617584,0.0,7414.0,7414.0,otimo_publicado,"[[0.05574939600046491, 9268.0], [0.06673510400287341, 8671.0], [0.3911913910014846, 8655.999999999996], [0.6785329920021468, 8599.000000000005], [0.8680298150029557, 8332.0], [1.7200630360021023, 8325.0], [1.9391674799990142, 8325.0], [2.495243103003304, 8325.0], [2.5627318050028407, 8233.0], [2.6672741290021804, 8206.000000000004], [2.719968555004016, 8128.000000000004], [2.7990897780036903, 7955.000000000003], [3.0411283480025304, 7549.0], [7.32283777700286, 7546.0], [7.345129695004289, 7527.0], [7.866561127004388, 7434.0], [7.881221424002433, 7422.0], [7.883424774001469, 7419.0], [7.8980108560026565, 7417.000000000001], [7.902901601002668, 7414.0], [8.233974843995384, 7414.0]]",11.991617584,11.990821986,0.9999336538215611,False,75.0,1290.8046875,2,104.0,True,1.0,4.0,a6c89e67e1516fe42fe2,,,,,,,,,,,,,
holmberg_p51,holmberg,3.98079561042524,20,100,adaptativa:pl,7414.0,True,-1,0,30.0,17.802217336,0.0,7414.0,7414.0,otimo_publicado,"[[0.04023595699982252, 9343.0], [0.04627817900109221, 9185.0], [0.24351257300077123, 8072.000000000002], [0.5754065690016432, 7741.0], [0.7991473229994881, 7741.0], [0.9483899650003877, 7670.999999999999], [2.2136321069992846, 7474.0], [5.328382963001786, 7473.0], [5.335916542000632, 7470.0], [5.340263234000304, 7469.0], [5.365947231002792, 7469.0], [7.811479055002565, 7468.0], [11.230542945002526, 7468.0], [16.908749325000827, 7453.999999999998], [16.934062364001875, 7433.0], [16.951637665002636, 7418.999999999999], [17.76728791700225, 7414.0]]",17.802217336,17.80176785,0.9999747511227666,False,75.0,1875.4765625,1,98.0,True,1.0,4.0,a6c89e67e1516fe42fe2,,,,,,,,,,,,,
holmberg_p51,holmberg,3.98079561042524,20,100,completo,7414.0,True,-1,0,30.0,2.776896008,0.0,7414.0,7414.0,otimo_publicado,"[[0.06977256699974532, 11396.0], [0.10183443300047657, 8186.999999999997], [0.12185780399886426, 8138.000000000004], [0.190055585000664, 7725.000000000001], [0.6406958119987394, 7539.0], [1.4746325289997912, 7468.000000000003], [1.7051492280006642, 7458.0], [1.72580614799881, 7457.0], [2.234541949001141, 7417.0], [2.270938296998793, 7414.000000000002]]",2.776896008,2.776774034,0.9999560754167068,False,75.0,1864.265625,1,67.0,True,1.0,1.0,a6c89e67e1516fe42fe2,,,,,,,,,,,,,
holmberg_p51,holmberg,3.98079561042524,20,100,hibrido:rotacao,7414.0,True,-1,0,30.0,29.964554177,0.0,7414.0,7414.0,otimo_publicado,"[[0.05341158500232268, 9268.0], [0.0644012120028492, 8671.0], [0.387606856002094, 8655.999999999996], [0.6742471050019958, 8599.000000000005], [0.8617793760022323, 8332.0], [1.7053898610029137, 8325.0], [1.9268072020058753, 8325.0], [2.4796575990039855, 8325.0], [2.544926305003173, 8233.0], [2.649206275003962, 8206.000000000004], [2.7016032400024415, 8128.000000000004], [2.7799736360029783, 7955.000000000003], [3.018815043003997, 7549.0], [5.470902104003471, 7549.0], [5.905997786005173, 7539.0], [6.900087787005759, 7538.0], [7.178158334005275, 7534.0], [7.374588661004964, 7511.0], [7.55995108600473, 7489.999999999997], [7.5953343480032345, 7479.0], [8.036965658004192, 7422.0], [8.644801746002486, 7419.000000000002], [8.661968548003642, 7414.0], [8.776613635003741, 7414.0]]",29.964554177,29.962982728,0.9999475564031183,False,75.0,1377.37890625,2,,,,,a6c89e67e1516fe42fe2,8.776471403001779,7414.0,987.0,987.0,87.0,"{""interior"": 247, ""fronteira"": 247, ""liberacao"": 247, ""regret"": 246, ""abertura"": 0}","{""interior"": 0, ""fronteira"": 0, ""liberacao"": 0, ""regret"": 0, ""abertura"": 0}",0.6700316739297705,20.32491043900518,0.0,848.0,0.0,
holmberg_p51,holmberg,3.98079561042524,20,100,hibrido:rotacao,7414.0,True,-1,1,30.0,29.978734059,0.0,7414.0,7414.0,otimo_publicado,"[[0.05568658899937873, 9268.0], [0.06700242499937303, 8671.0], [0.3920669840008486, 8655.999999999996], [0.6799356209994585, 8599.000000000005], [0.8796713400006411, 8332.0], [1.3911284070018155, 8331.0], [1.9458054850001645, 8325.0], [2.2257658560010896, 8325.0], [2.7716964810024365, 8325.0], [2.837671218003379, 8233.0], [2.9424376460010535, 8206.000000000004], [2.9951895470039744, 8128.000000000004], [3.073650580001413, 7955.000000000003], [3.348303874001431, 7549.0], [4.867258866001066, 7429.0], [5.692498299002182, 7429.0], [9.676418058999843, 7428.0], [9.851019607001945, 7424.999999999998], [9.994309786001395, 7422.000000000001], [10.146117289001268, 7419.0], [10.366289851001056, 7414.0], [10.386913345999346, 7414.0]]",29.978734059,29.977857614,0.999970764442612,False,75.0,1388.59765625,3,,,,,a6c89e67e1516fe42fe2,10.386780709999584,7414.0,835.0,835.0,105.0,"{""interior"": 209, ""fronteira"": 209, ""liberacao"": 209, ""regret"": 208, ""abertura"": 0}","{""interior"": 0, ""fronteira"": 0, ""liberacao"": 0, ""regret"": 0, ""abertura"": 0}",0.5658496849573567,18.849960284998815,0.0,698.0,0.0,
holmberg_p51,holmberg,3.98079561042524,20,100,hibrido:rotacao,7414.0,True,-1,2,30.0,29.969128457,0.0,7414.0,7414.0,otimo_publicado,"[[0.05508508900311426, 9268.0], [0.06628998200540082, 8671.0], [0.3902710960028344, 8655.999999999996], [0.6784504370043578, 8599.000000000004], [0.8752601540036267, 8332.0], [1.4050584780052304, 8331.0], [1.7938560810034687, 8325.0], [2.2568299890044727, 8325.0], [2.8527651440053887, 8325.0], [2.9202367720063194, 8233.0], [3.0251593700049852, 8206.000000000004], [3.077950796006917, 8128.000000000004], [3.157949472006294, 7955.000000000003], [3.399310389006132, 7549.0], [5.654940488002467, 7549.0], [6.086807777002832, 7539.0], [7.618963295000867, 7535.0], [8.104261907003092, 7496.999999999999], [8.873851660002401, 7485.999999999999], [8.88024022800164, 7465.000000000001], [9.127948966000986, 7432.0], [9.144887856004061, 7431.0], [9.343992357004026, 7427.999999999999], [10.273498691003624, 7425.0], [10.29489987600391, 7422.000000000002], [10.33302508700217, 7419.0], [10.365744427002937, 7414.0], [10.395090228001209, 7414.0]]",29.969128457,29.968331966,0.9999734229508495,False,75.0,1388.59765625,3,,,,,a6c89e67e1516fe42fe2,10.394957830001658,7414.0,947.0,947.0,123.0,"{""interior"": 237, ""fronteira"": 237, ""liberacao"": 237, ""regret"": 236, ""abertura"": 0}","{""interior"": 0, ""fronteira"": 0, ""liberacao"": 0, ""regret"": 0, ""abertura"": 0}",0.6457242589676753,18.734085042073275,0.0,794.0,0.0,
holmberg_p51,holmberg,3.98079561042524,20,100,hibridopl:rotacao,7414.0,True,-1,0,30.0,29.974350525,0.0,7414.0,7414.0,otimo_publicado,"[[0.03881764699690393, 9343.0], [0.044840988997748354, 9185.0], [0.24135191399909672, 8072.000000000002], [0.5687241429986898, 7741.0], [0.7937244359964097, 7741.0], [0.9429202269966481, 7670.999999999999], [2.2105429749972245, 7474.0], [4.182815779000521, 7474.0], [4.650012128000526, 7469.0], [6.764404603000003, 7469.0], [12.448119208002026, 7462.999999999997], [12.452245487002074, 7449.999999999999], [12.498352300000988, 7433.0], [12.654660078002053, 7430.0], [13.038467531001515, 7414.0], [13.367077998998866, 7414.0]]",29.974350525,29.973333707,0.9999660770631493,False,75.0,1875.01953125,1,,,,,a6c89e67e1516fe42fe2,13.366943655997602,7414.0,779.0,779.0,80.0,"{""interior"": 195, ""fronteira"": 195, ""liberacao"": 195, ""regret"": 194, ""abertura"": 0}","{""interior"": 0, ""fronteira"": 0, ""liberacao"": 0, ""regret"": 0, ""abertura"": 0}",0.5279092660421156,15.92974406498979,0.0,664.0,0.0,
holmberg_p51,holmberg,3.98079561042524,20,100,hibridopl:rotacao,7414.0,True,-1,1,30.0,29.950687111,0.0,7414.0,7414.0,otimo_publicado,"[[0.03892209100013133, 9343.0], [0.04486366899800487, 9185.0], [0.24238946399782435, 8072.000000000002], [0.5616189350002969, 7988.0], [0.5689163429997279, 7741.0], [0.793209442999796, 7741.0], [0.9418773260003945, 7670.999999999999], [2.203271809998114, 7474.0], [2.2257090599996445, 7469.0], [4.182251388996519, 7469.0], [6.562234361994342, 7458.0], [6.7643871500004025, 7458.0], [12.16019092300121, 7457.0], [12.16311639199921, 7456.0], [12.355351307000092, 7455.0], [12.6668430360005, 7446.0], [12.686179153999547, 7437.0], [13.249996685000951, 7436.0], [13.257670972001506, 7435.000000000001], [13.536599499999284, 7428.0], [13.653369644998747, 7419.000000000005], [13.87872078700093, 7414.0], [13.906022813000163, 7414.0]]",29.950687111,29.949209846,0.9999506767576141,False,75.0,1290.8046875,2,,,,,a6c89e67e1516fe42fe2,13.905891479000275,7414.0,690.0,690.0,115.0,"{""interior"": 173, ""fronteira"": 173, ""liberacao"": 172, ""regret"": 172, ""abertura"": 0}","{""interior"": 0, ""fronteira"": 0, ""liberacao"": 0, ""regret"": 0, ""abertura"": 0}",0.4596054029861989,15.455834154017793,0.0,575.0,0.0,
holmberg_p51,holmberg,3.98079561042524,20,100,hibridopl:rotacao,7414.0,True,-1,2,30.0,29.961139836,0.0,7414.0,7414.0,otimo_publicado,"[[0.03899158000058378, 9343.0], [0.04496690700034378, 9185.0], [0.24169164699924295, 8072.000000000002], [0.32557856099811033, 7755.999999999998], [0.5999349899975641, 7741.0], [0.7610092229951988, 7741.0], [0.9105753559961158, 7670.999999999999], [2.1791009129956365, 7474.0], [2.202497529993707, 7469.0], [4.1588495669966505, 7469.0], [6.598119537997263, 7458.0], [6.894730867996259, 7458.0], [12.551043752999249, 7455.0], [12.853526336995856, 7423.000000000002], [12.89357777299665, 7419.0], [13.351869131998683, 7414.0], [13.401784440000483, 7414.0]]",29.961139836,29.960356107,0.9999738418162897,False,75.0,1864.265625,1,,,,,a6c89e67e1516fe42fe2,13.40162690699799,7414.0,791.0,791.0,95.0,"{""interior"": 198, ""fronteira"": 198, ""liberacao"": 198, ""regret"": 197, ""abertura"": 0}","{""interior"": 0, ""fronteira"": 0, ""liberacao"": 0, ""regret"": 0, ""abertura"": 0}",0.5367947559752793,15.863222032014164,0.0,661.0,0.0,
holmberg_p51,holmberg,3.98079561042524,20,100,kernel,7414.0,True,-1,0,30.0,13.766369434,0.0,7414.0,7414.0,otimo_publicado,"[[0.04919050399621483, 7796.0], [0.061846720996982185, 7773.999999999997], [0.18108077499709907, 7670.999999999999], [1.4452266459957173, 7503.0], [3.336462349998328, 7490.0], [3.3425093469959393, 7486.0], [3.353746978995332, 7479.0], [3.4118291639970266, 7477.0], [3.4378740259962797, 7473.0], [3.439548748996458, 7470.0], [3.447026072997687, 7468.999999999999], [3.510429240996018, 7469.0], [9.502253179995023, 7442.0], [9.658286391997535, 7440.999999999999], [9.73036921199673, 7437.0], [10.248601231996872, 7428.0], [10.267176211997139, 7414.0], [10.517896729998029, 7414.0]]",13.766369434,13.765543281,0.9999399875904856,False,75.0,1290.8046875,2,185.0,,0.45,3.0,a6c89e67e1516fe42fe2,,,,,,,,,,,,,0.018297561000508722
holmberg_p52,holmberg,1.5968677494199537,10,100,adaptativa:gnn,9178.0,True,0,0,30.0,1.22858789,0.0,9178.0,9178.0,otimo_publicado,"[[0.03665548800199758, 17626.0], [0.04685567700289539, 16736.999999999996], [0.24576336000245647, 16513.0], [0.32377925800392404, 16432.0], [0.33061527800236945, 16375.0], [0.5686855770036345, 16360.0], [0.6582921449989954, 16360.0], [0.8587461870010884, 16360.0], [1.0647884120007802, 16360.0], [1.086157309000555, 10507.0], [1.1125255100014328, 9669.999999999998], [1.1968136270006653, 9207.000000000002], [1.2271960149992083, 9178.0]]",1.22858789,1.228553838,0.9999722836271812,False,75.0,1388.59765625,3,4.0,True,1.0,4.0,a6c89e67e1516fe42fe2,,,,,,,,,,,,,
holmberg_p52,holmberg,1.5968677494199537,10,100,adaptativa:pl,9178.0,True,-1,0,30.0,0.368879671,0.0,9178.0,9178.0,otimo_publicado,"[[0.0345042490043852, 9943.0], [0.05478830800348078, 9669.999999999998], [0.17820947000291198, 9210.999999999996], [0.19279684900538996, 9178.000000000004], [0.2058357270034321, 9178.0], [0.2928140810035984, 9178.0]]",0.368879671,0.368884631,1.0000134461191275,False,75.0,1880.7578125,1,3.0,True,0.8,3.0,a6c89e67e1516fe42fe2,,,,,,,,,,,,,
holmberg_p52,holmberg,1.5968677494199537,10,100,completo,9178.0,True,-1,0,30.0,0.177937813,0.0,9178.0,9178.0,otimo_publicado,"[[0.03563763200145331, 10507.0], [0.06207061099848943, 9669.999999999998], [0.14619916999799898, 9207.000000000002], [0.17662797400043928, 9178.0]]",0.177937813,0.177942844,1.0000282739228676,False,74.6,1388.59765625,3,1.0,True,1.0,1.0,a6c89e67e1516fe42fe2,,,,,,,,,,,,,
holmberg_p52,holmberg,1.5968677494199537,10,100,hibrido:rotacao,9178.0,True,-1,0,30.0,29.961514421,0.0,9178.0,9178.0,otimo_publicado,"[[0.036591826003132155, 17626.0], [0.04679469600159791, 16736.999999999996], [0.245306459000858, 16513.0], [0.32408867600315716, 16432.0], [0.3309034050034825, 16375.0], [0.5675876990026154, 16360.0], [0.6529147620021831, 16360.0], [0.8531363010006316, 16360.0], [1.0563646990049165, 16360.0], [1.077254719006305, 10507.0], [1.1035327640056494, 9669.999999999998], [1.1877937770041171, 9207.000000000002], [1.2184988090048137, 9178.0], [1.219654933000129, 9178.0]]",29.961514421,29.960743035,0.9999742541051443,False,75.0,1388.59765625,3,,,,,a6c89e67e1516fe42fe2,1.2195289709998178,9178.0,2339.0,2339.0,4.0,"{""interior"": 585, ""fronteira"": 585, ""liberacao"": 585, ""regret"": 584, ""abertura"": 0}","{""interior"": 0, ""fronteira"": 0, ""liberacao"": 0, ""regret"": 0, ""abertura"": 0}",1.2635750430890766,27.07681565506209,0.0,2111.0,0.0,
holmberg_p52,holmberg,1.5968677494199537,10,100,hibrido:rotacao,9178.0,True,-1,1,30.0,29.961451394,0.0,9178.0,9178.0,otimo_publicado,"[[0.03815980100262095, 17626.0], [0.04839976700168336, 16736.999999999996], [0.248473121002462, 16513.0], [0.33797121200041147, 16375.0], [0.5776074749992404, 16361.0], [0.6639043360009964, 16360.0], [0.6758284509996884, 16360.0], [0.8729985690006288, 16360.0], [1.0743940479987941, 16360.0], [1.0956297100019583, 10507.0], [1.1221168890006084, 9669.999999999998], [1.207088377999753, 9207.000000000002], [1.2383534040018276, 9178.0], [1.2396759639996162, 9178.0]]",29.961451394,29.960663702,0.9999737098183382,False,75.0,1388.59765625,3,,,,,a6c89e67e1516fe42fe2,1.2395151019991317,9178.0,2445.0,2445.0,4.0,"{""interior"": 612, ""fronteira"": 611, ""liberacao"": 611, ""regret"": 611, ""abertura"": 0}","{""interior"": 0, ""fronteira"": 0, ""liberacao"": 0, ""regret"": 0, ""abertura"": 0}",1.3320753138868895,26.951440188026027,0.0,2209.0,0.0,
holmberg_p52,holmberg,1.5968677494199537,10,100,hibrido:rotacao,9178.0,True,-1,2,30.0,29.970641619,0.0,9178.0,9178.0,otimo_publicado,"[[0.03707759900134988, 17626.0], [0.04724454700044589, 16736.999999999996], [0.24634906299979775, 16513.0], [0.3254272390004189, 16460.0], [0.33243003000097815, 16375.0], [0.5673925680021057, 16360.0], [0.6449802940005611, 16360.0], [0.84397326400358, 16360.0], [1.185933708002267, 16360.0], [1.207816156998888, 10507.0], [1.2343481570023869, 9669.999999999998], [1.3191528960014693, 9207.000000000002], [1.3496833999997762, 9178.0], [1.3508298739980091, 9178.0]]",29.970641619,29.969719924,0.9999692467378004,False,75.0,1881.02734375,1,,,,,a6c89e67e1516fe42fe2,1.3507022939993476,9178.0,2430.0,2430.0,4.0,"{""interior"": 608, ""fronteira"": 608, ""liberacao"": 607, ""regret"": 607, ""abertura"": 0}","{""interior"": 0, ""fronteira"": 0, ""liberacao"": 0, ""regret"": 0, ""abertura"": 0}",1.2894647760040243,26.92452340187083,0.0,2190.0,0.0,
holmberg_p52,holmberg,1.5968677494199537,10,100,hibridopl:rotacao,9178.0,True,-1,0,30.0,29.953934834,0.0,9178.0,9178.0,otimo_publicado,"[[0.034157798003434436, 9943.0], [0.05415985300351167, 9669.999999999998], [0.17614438900272944, 9210.999999999996], [0.19071556200287887, 9178.000000000004], [0.20405969300554716, 9178.0], [0.2915245340009278, 9178.0], [0.3671264520053228, 9178.0]]",29.953934834,29.95250106,0.999952134034879,False,75.0,1322.33984375,2,,,,,a6c89e67e1516fe42fe2,0.36699998400217737,9178.0,2419.0,2419.0,3.0,"{""interior"": 605, ""fronteira"": 605, ""liberacao"": 605, ""regret"": 604, ""abertura"": 0}","{""interior"": 0, ""fronteira"": 0, ""liberacao"": 0, ""regret"": 0, ""abertura"": 0}",1.2876747028894897,27.900878563013976,0.0,2187.0,0.0,
holmberg_p52,holmberg,1.5968677494199537,10,100,hibridopl:rotacao,9178.0,True,-1,1,30.0,29.962567066,0.0,9178.0,9178.0,otimo_publicado,"[[0.0351972360003856, 9943.0], [0.05524866800260497, 9669.999999999998], [0.17867365699930815, 9210.999999999996], [0.19929419600157416, 9178.0], [0.2129084000007424, 9178.0], [0.2967780330036476, 9178.0], [0.3725305029984156, 9178.0]]",29.962567066,29.96103861,0.9999489878154755,False,75.0,1322.33984375,2,,,,,a6c89e67e1516fe42fe2,0.37238362900097854,9178.0,2547.0,2547.0,3.0,"{""interior"": 637, ""fronteira"": 637, ""liberacao"": 637, ""regret"": 636, ""abertura"": 0}","{""interior"": 0, ""fronteira"": 0, ""liberacao"": 0, ""regret"": 0, ""abertura"": 0}",1.3750601080901106,27.789843399925303,0.0,2306.0,0.0,
holmberg_p52,holmberg,1.5968677494199537,10,100,hibridopl:rotacao,9178.0,True,-1,2,30.0,29.967609168,0.0,9178.0,9178.0,otimo_publicado,"[[0.0335185449985147, 9943.0], [0.05352815599690075, 9669.999999999998], [0.1766205279964197, 9210.999999999996], [0.19134386999940034, 9178.000000000004], [0.20421074499972747, 9178.0], [0.29094770600204356, 9178.0], [0.3665521559996705, 9178.0]]",29.967609168,29.966904847,0.9999764972575539,False,75.0,1881.02734375,1,,,,,a6c89e67e1516fe42fe2,0.3664210679999087,9178.0,2487.0,2487.0,3.0,"{""interior"": 622, ""fronteira"": 622, ""liberacao"": 622, ""regret"": 621, ""abertura"": 0}","{""interior"": 0, ""fronteira"": 0, ""liberacao"": 0, ""regret"": 0, ""abertura"": 0}",1.326722072873963,27.85483580492655,0.0,2242.0,0.0,
holmberg_p52,holmberg,1.5968677494199537,10,100,kernel,9178.0,True,-1,0,30.0,0.293045046,0.0,9178.0,9178.0,otimo_publicado,"[[0.03359495000040624, 9943.0], [0.053792960999999195, 9669.999999999998], [0.17777892099911696, 9210.999999999996], [0.19253594000110752, 9178.000000000004], [0.20815243499964708, 9178.0]]",0.293045046,0.293038479,0.9999775904759707,False,75.2,1876.140625,1,2.0,,0.7,2.0,a6c89e67e1516fe42fe2,,,,,,,,,,,,,0.00652875900050276
holmberg_p53,holmberg,3.3665893271461718,20,100,adaptativa:gnn,8531.0,True,0,0,30.0,4.564411758,0.0,8531.0,8531.0,otimo_publicado,"[[0.05125838999811094, 12361.0], [0.062405564000073355, 11428.0], [0.0687543989988626, 11160.0], [0.17862815799890086, 11157.0], [0.48068617699755123, 11157.0], [0.7922570579976309, 11156.000000000004], [0.9582552879983268, 10988.0], [1.0841309989955334, 10988.0], [1.123797577994992, 10241.0], [2.0606977169954916, 9972.0], [2.08551197599445, 9738.0], [3.1259149439938483, 9724.0], [3.6250044489970605, 9723.0], [4.46212486299919, 9723.0], [4.5299668589977955, 9043.999999999998], [4.541050895997614, 8680.999999999998], [4.556635586999619, 8531.0]]",4.564411758,4.56419362,0.9999522089566925,False,75.0,1290.8046875,2,4.0,True,1.0,4.0,a6c89e67e1516fe42fe2,,,,,,,,,,,,,
holmberg_p53,holmberg,3.3665893271461718,20,100,adaptativa:pl,8531.0,True,-1,0,30.0,0.212614298,0.0,8531.0,8531.0,otimo_publicado,"[[0.03998625700478442, 8664.0], [0.061865010004112264, 8635.000000000002], [0.06467680100467987, 8604.0], [0.06693094400543487, 8591.999999999996], [0.07067612400351209, 8531.0], [0.08473919000607566, 8531.0], [0.14636733800216462, 8531.0]]",0.212614298,0.21260107,0.99993778405251,False,75.3,1387.60546875,3,3.0,True,0.65,3.0,a6c89e67e1516fe42fe2,,,,,,,,,,,,,
holmberg_p53,holmberg,3.3665893271461718,20,100,completo,8531.0,True,-1,0,30.0,0.130644821,0.0,8531.0,8531.0,otimo_publicado,"[[0.068367504998605, 12470.0], [0.09611915200002841, 9043.999999999998], [0.10728828799983603, 8680.999999999998], [0.12290401499922154, 8531.0]]",0.130644821,0.130635576,0.9999292356181497,False,75.5,1387.60546875,3,1.0,True,1.0,1.0,a6c89e67e1516fe42fe2,,,,,,,,,,,,,
holmberg_p53,holmberg,3.3665893271461718,20,100,hibrido:rotacao,8531.0,True,-1,0,30.0,29.957628347,0.0,8531.0,8531.0,otimo_publicado,"[[0.05027482399964356, 12361.0], [0.061302087000512984, 11428.0], [0.06752795799911837, 11160.0], [0.17722255600165226, 11157.0], [0.34339809600351145, 11157.0], [0.6520024090023071, 11156.000000000004], [0.815333124002791, 10988.0], [0.9409087839994754, 10988.0], [0.9802090349985519, 10241.0], [1.9190586609984166, 9972.0], [1.9439113499975065, 9738.0], [2.989587036998273, 9724.0], [3.49213333499938, 9723.0], [4.295903860001999, 9723.0], [4.363914290002867, 9043.999999999998], [4.375093795002613, 8680.999999999998], [4.390753885003505, 8531.0], [4.3985018040002615, 8531.0]]",29.957628347,29.956609838,0.9999660016811678,False,75.0,1388.59765625,3,,,,,a6c89e67e1516fe42fe2,4.398370306000288,8531.0,2027.0,2027.0,4.0,"{""interior"": 507, ""fronteira"": 507, ""liberacao"": 507, ""regret"": 506, ""abertura"": 0}","{""interior"": 0, ""fronteira"": 0, ""liberacao"": 0, ""regret"": 0, ""abertura"": 0}",1.0941904510145832,24.110532216021966,0.0,1833.0,0.0,
holmberg_p53,holmberg,3.3665893271461718,20,100,hibrido:rotacao,8531.0,True,-1,1,30.0,29.970041903,0.0,8531.0,8531.0,otimo_publicado,"[[0.05114641599720926, 12361.0], [0.06217036199814174, 11428.0], [0.06853776999923866, 11242.0], [0.12939755999832414, 11202.999999999995], [0.16427185999782523, 11197.999999999998], [0.2066496429979452, 11191.0], [0.2361528979963623, 11157.0], [0.3535989539959701, 11157.0], [0.6632633179979166, 11156.000000000004], [0.6871590059963637, 10988.000000000002], [0.7833506339957239, 10988.0], [0.82301651099624, 10241.0], [1.7675683119960013, 9972.0], [1.798500836994208, 9738.0], [3.7070821249944856, 9727.0], [4.168121649996465, 9727.0], [4.236497285997757, 9043.999999999998], [4.247530575998098, 8680.999999999998], [4.2574915979967045, 8531.0], [4.2643643779993, 8531.0]]",29.970041903,29.968330483,0.9999428956420702,False,75.0,1322.33984375,2,,,,,a6c89e67e1516fe42fe2,4.264208668999345,8531.0,2079.0,2079.0,4.0,"{""interior"": 520, ""fronteira"": 520, ""liberacao"": 520, ""regret"": 519, ""abertura"": 0}","{""interior"": 0, ""fronteira"": 0, ""liberacao"": 0, ""regret"": 0, ""abertura"": 0}",1.1099661030348216,24.25758263298121,0.0,1873.0,0.0,
holmberg_p53,holmberg,3.3665893271461718,20,100,hibrido:rotacao,8531.0,True,-1,2,30.0,29.95514435,0.0,8531.0,8531.0,otimo_publicado,"[[0.04958231400087243, 12361.0], [0.0605206990003353, 11428.0], [0.1149525930013624, 11414.000000000002], [0.14765243200236, 11326.000000000002], [0.18311596500279848, 11292.000000000002], [0.2452398280001944, 11291.0], [0.2602168090015766, 11228.999999999998], [0.3623014719996718, 11157.0], [0.5348010670022632, 11157.0], [0.7630404030023783, 11021.999999999996], [0.8735276400038856, 10988.0], [0.8966516389991739, 10988.0], [0.9357168649985397, 10241.0], [1.8755738559993915, 9972.0], [1.901605772000039, 9738.0], [2.2715999110005214, 9724.0], [3.846150220997515, 9723.0], [4.262870102003944, 9723.0], [4.331047665004007, 9043.999999999998], [4.342177026002901, 8680.999999999998], [4.357650372003263, 8531.0], [4.365264621999813, 8531.0]]",29.95514435,29.953707964,0.9999520487705478,False,75.0,1290.8046875,2,,,,,a6c89e67e1516fe42fe2,4.365137572000094,8531.0,2055.0,2055.0,4.0,"{""interior"": 514, ""fronteira"": 514, ""liberacao"": 514, ""regret"": 513, ""abertura"": 0}","{""interior"": 0, ""fronteira"": 0, ""liberacao"": 0, ""regret"": 0, ""abertura"": 0}",1.0914232518261997,24.162973340917233,0.0,1862.0,0.0,
holmberg_p53,holmberg,3.3665893271461718,20,100,hibridopl:rotacao,8531.0,True,-1,0,30.0,29.950687962,0.0,8531.0,8531.0,otimo_publicado,"[[0.03907444300421048, 8664.0], [0.06068525300725014, 8635.000000000002], [0.06347739400735009, 8604.0], [0.06569381300505484, 8591.999999999996], [0.0694691960052296, 8531.0], [0.08309157500480069, 8531.0], [0.14445922700542724, 8531.0], [0.20985832800215576, 8531.0]]",29.950687962,29.949832864,0.999971449804389,False,75.0,1387.60546875,3,,,,,a6c89e67e1516fe42fe2,0.20971615800226573,8531.0,2370.0,2370.0,3.0,"{""interior"": 593, ""fronteira"": 593, ""liberacao"": 592, ""regret"": 592, ""abertura"": 0}","{""interior"": 0, ""fronteira"": 0, ""liberacao"": 0, ""regret"": 0, ""abertura"": 0}",1.26580938501138,28.05344304702885,0.0,2147.0,0.0,
holmberg_p53,holmberg,3.3665893271461718,20,100,hibridopl:rotacao,8531.0,True,-1,1,30.0,29.950392153,0.0,8531.0,8531.0,otimo_publicado,"[[0.039667570003075525, 8664.0], [0.056744518002233235, 8531.000000000002], [0.0765022659979877, 8531.0], [0.1390028669993626, 8531.0], [0.20285716900252737, 8531.0]]",29.950392153,29.949444298,0.9999683525011906,False,75.0,1881.02734375,1,,,,,a6c89e67e1516fe42fe2,0.20273439700031304,8531.0,2391.0,2391.0,3.0,"{""interior"": 598, ""fronteira"": 598, ""liberacao"": 598, ""regret"": 597, ""abertura"": 0}","{""interior"": 0, ""fronteira"": 0, ""liberacao"": 0, ""regret"": 0, ""abertura"": 0}",1.276324665039283,28.08212156105219,0.0,2163.0,0.0,
holmberg_p53,holmberg,3.3665893271461718,20,100,hibridopl:rotacao,8531.0,True,-1,2,30.0,29.97314164,0.0,8531.0,8531.0,otimo_publicado,"[[0.03970753999965382, 8664.0], [0.061378028000035556, 8531.000000000002], [0.07898415299496264, 8531.0], [0.14076760500029195, 8531.0], [0.20711167399713304, 8531.0]]",29.97314164,29.972296548,0.9999718050243064,False,75.0,1881.02734375,1,,,,,a6c89e67e1516fe42fe2,0.206983563999529,8531.0,2379.0,2379.0,3.0,"{""interior"": 595, ""fronteira"": 595, ""liberacao"": 595, ""regret"": 594, ""abertura"": 0}","{""interior"": 0, ""fronteira"": 0, ""liberacao"": 0, ""regret"": 0, ""abertura"": 0}",1.2770490141119808,28.09437361899836,0.0,2157.0,0.0,
holmberg_p53,holmberg,3.3665893271461718,20,100,kernel,8531.0,True,-1,0,30.0,0.385994807,0.0,8531.0,8531.0,otimo_publicado,"[[0.04863342000317061, 8664.0], [0.07043423300274299, 8635.000000000002], [0.07322036500045215, 8604.0], [0.07546638500207337, 8591.999999999996], [0.07921926500057452, 8531.0], [0.238309747997846, 8531.0], [0.3233659910001734, 8531.0]]",0.385994807,0.385999083,1.000011077869242,False,75.3,1388.59765625,3,3.0,,0.35,3.0,a6c89e67e1516fe42fe2,,,,,,,,,,,,,0.011868937999679474
holmberg_p54,holmberg,1.5209944751381215,10,100,adaptativa:gnn,8777.0,True,0,0,30.0,1.524300505,0.0,8777.0,8777.0,otimo_publicado,"[[0.03969219999999041, 13065.0], [0.6937863950006431, 12866.0], [0.6958805050016963, 12853.0], [0.7082713350027916, 12827.0], [1.0395998330022849, 12826.0], [1.050027653000143, 12825.0], [1.0972996380005497, 12811.0], [1.1102728149999166, 12811.0], [1.3001877660026366, 12811.0], [1.4918772940036433, 12811.0], [1.5127861400032998, 10016.0], [1.5232877520029433, 8777.0]]",1.524300505,1.524255706,0.9999706101258558,False,75.0,1290.8046875,2,4.0,True,1.0,4.0,a6c89e67e1516fe42fe2,,,,,,,,,,,,,
holmberg_p54,holmberg,1.5209944751381215,10,100,adaptativa:pl,8777.0,True,-1,0,30.0,0.169243384,0.0,8777.0,8777.0,otimo_publicado,"[[0.031563022999762325, 11558.0], [0.03964955400078907, 9482.999999999998], [0.047208625997882336, 8914.0], [0.058561207999446196, 8914.0], [0.0962465640004666, 8914.0], [0.1362714969982335, 8914.0], [0.16819708099865238, 8777.0]]",0.169243384,0.169247825,1.0000262403167264,False,76.1,1387.60546875,3,4.0,True,1.0,4.0,a6c89e67e1516fe42fe2,,,,,,,,,,,,,
holmberg_p54,holmberg,1.5209944751381215,10,100,completo,8777.0,True,-1,0,30.0,0.049288979,0.0,8777.0,8777.0,otimo_publicado,"[[0.03781871400133241, 10016.0], [0.04836619799971231, 8777.0]]",0.049288979,0.049293517,1.0000920692635975,False,75.0,1881.02734375,1,1.0,True,1.0,1.0,a6c89e67e1516fe42fe2,,,,,,,,,,,,,
holmberg_p54,holmberg,1.5209944751381215,10,100,hibrido:rotacao,8777.0,True,-1,0,30.0,29.965775889,0.0,8777.0,8777.0,otimo_publicado,"[[0.0404454320014338, 13065.0], [0.6980886040000769, 12866.0], [0.7002447949998896, 12853.0], [0.7128669779995107, 12827.0], [1.046606851999968, 12826.0], [1.0574318430008134, 12825.0], [1.104952146000869, 12811.0], [1.1224835909997637, 12811.0], [1.3142737420021149, 12811.0], [1.5072175410023192, 12811.0], [1.528489147003711, 10016.0], [1.539150556003733, 8777.0], [1.5400614379977924, 8777.0]]",29.965775889,29.964897775,0.9999706961033396,False,75.0,1881.02734375,1,,,,,a6c89e67e1516fe42fe2,1.539933664000273,8777.0,2551.0,2551.0,4.0,"{""interior"": 638, ""fronteira"": 638, ""liberacao"": 638, ""regret"": 637, ""abertura"": 0}","{""interior"": 0, ""fronteira"": 0, ""liberacao"": 0, ""regret"": 0, ""abertura"": 0}",1.179246940955636,26.839228217912023,0.0,2525.0,0.0,
holmberg_p54,holmberg,1.5209944751381215,10,100,hibrido:rotacao,8777.0,True,-1,1,30.0,29.955029247,0.0,8777.0,8777.0,otimo_publicado,"[[0.04000181700030225, 13065.0], [0.6969416980027745, 12866.0], [0.699056274999748, 12853.0], [0.7115281530022912, 12827.0], [1.0450190379997366, 12826.0], [1.055289851003181, 12825.0], [1.0771398350007075, 12811.0], [1.09451884200098, 12811.0], [1.2935737920015526, 12811.0], [1.4940467289998196, 12811.0], [1.5153723399998853, 10016.0], [1.525973415999033, 8777.0], [1.5268845930004318, 8777.0]]",29.955029247,29.953515602,0.999949469420059,False,75.0,1290.8046875,2,,,,,a6c89e67e1516fe42fe2,1.5267512640020868,8777.0,2559.0,2559.0,4.0,"{""interior"": 640, ""fronteira"": 640, ""liberacao"": 640, ""regret"": 639, ""abertura"": 0}","{""interior"": 0, ""fronteira"": 0, ""liberacao"": 0, ""regret"": 0, ""abertura"": 0}",1.1746420178824337,26.85185894208189,0.0,2533.0,0.0,
holmberg_p54,holmberg,1.5209944751381215,10,100,hibrido:rotacao,8777.0,True,-1,2,30.0,29.965063492,0.0,8777.0,8777.0,otimo_publicado,"[[0.03983153900117031, 13065.0], [0.6934859969987883, 12866.0], [0.6956595900010143, 12853.0], [0.7073344269992958, 12827.0], [1.0386779319997004, 12826.0], [1.0494988300015393, 12825.0], [1.0716800849986612, 12811.0], [1.0849148339948442, 12811.0], [1.272739026000636, 12811.0], [1.465623781998147, 12811.0], [1.4869473079997988, 10016.0], [1.4974474949995056, 8777.0], [1.4983553450001637, 8777.0]]",29.965063492,29.964276125,0.9999737238334165,False,75.0,1387.60546875,3,,,,,a6c89e67e1516fe42fe2,1.4982234779999999,8777.0,2551.0,2551.0,4.0,"{""interior"": 638, ""fronteira"": 638, ""liberacao"": 638, ""regret"": 637, ""abertura"": 0}","{""interior"": 0, ""fronteira"": 0, ""liberacao"": 0, ""regret"": 0, ""abertura"": 0}",1.1669436049596698,26.880639706956572,0.0,2525.0,0.0,
holmberg_p54,holmberg,1.5209944751381215,10,100,hibridopl:rotacao,8777.0,True,-1,0,30.0,29.955034105,0.0,8777.0,8777.0,otimo_publicado,"[[0.031727021996630356, 11558.0], [0.03980163599771913, 9482.999999999998], [0.047391388994583394, 8914.0], [0.1969276389972947, 8914.0], [0.23286368799745105, 8914.0], [0.27241031499943347, 8914.0], [0.30453981299797306, 8777.0], [0.3054702239969629, 8777.0]]",29.955034105,29.954241941,0.9999735548957406,False,75.0,1387.60546875,3,,,,,a6c89e67e1516fe42fe2,0.30534206999800517,8777.0,2649.0,2649.0,4.0,"{""interior"": 663, ""fronteira"": 662, ""liberacao"": 662, ""regret"": 662, ""abertura"": 0}","{""interior"": 0, ""fronteira"": 0, ""liberacao"": 0, ""regret"": 0, ""abertura"": 0}",1.2344098230350937,27.982394807037053,0.0,2623.0,0.0,
holmberg_p54,holmberg,1.5209944751381215,10,100,hibridopl:rotacao,8777.0,True,-1,1,30.0,29.955761268,0.0,8777.0,8777.0,otimo_publicado,"[[0.03055362799568684, 11558.0], [0.03854850799689302, 9482.999999999998], [0.04602436299683177, 8914.0], [0.059031895998487016, 8914.0], [0.09414664599535172, 8914.0], [0.1331047099956777, 8914.0], [0.16445045999716967, 8777.0], [0.16533315500055323, 8777.0]]",29.955761268,29.954345811,0.9999527484216697,False,75.0,1290.8046875,2,,,,,a6c89e67e1516fe42fe2,0.16518187999827205,8777.0,2697.0,2697.0,4.0,"{""interior"": 675, ""fronteira"": 674, ""liberacao"": 674, ""regret"": 674, ""abertura"": 0}","{""interior"": 0, ""fronteira"": 0, ""liberacao"": 0, ""regret"": 0, ""abertura"": 0}",1.2328448628322803,28.13503466198381,0.0,2671.0,0.0,
holmberg_p54,holmberg,1.5209944751381215,10,100,hibridopl:rotacao,8777.0,True,-1,2,30.0,29.959119625,0.0,8777.0,8777.0,otimo_publicado,"[[0.031142561998422025, 11558.0], [0.03908085999864852, 9482.999999999998], [0.04658849299812573, 8914.0], [0.05766869199942448, 8914.0], [0.09422107000136748, 8914.0], [0.13381123900035163, 8914.0], [0.16501361900009215, 8777.0], [0.16592647099969327, 8777.0]]",29.959119625,29.958321829,0.9999733705125522,False,75.0,1881.02734375,1,,,,,a6c89e67e1516fe42fe2,0.16579861900027026,8777.0,2675.0,2675.0,4.0,"{""interior"": 669, ""fronteira"": 669, ""liberacao"": 669, ""regret"": 668, ""abertura"": 0}","{""interior"": 0, ""fronteira"": 0, ""liberacao"": 0, ""regret"": 0, ""abertura"": 0}",1.2340038690199435,28.13201579998713,0.0,2649.0,0.0,
holmberg_p54,holmberg,1.5209944751381215,10,100,kernel,8777.0,True,-1,0,30.0,0.092335402,0.0,8777.0,8777.0,otimo_publicado,"[[0.03414779900413123, 9756.0], [0.04187852900213329, 9154.0], [0.04454001800331753, 8777.0], [0.059808439003973035, 8777.0]]",0.092335402,0.09233975,1.0000470891977056,False,75.7,1881.02734375,1,2.0,,0.7,2.0,a6c89e67e1516fe42fe2,,,,,,,,,,,,,0.006711205001920462
holmberg_p55,holmberg,3.2066298342541435,20,100,adaptativa:gnn,7654.0,True,0,0,30.0,2.048594845,0.0,7654.0,7654.0,otimo_publicado,"[[0.050044539995724335, 12742.0], [0.06653409699720214, 12471.0], [0.23728237799878116, 12101.999999999995], [0.30962384899612516, 11970.999999999996], [0.5828843169983884, 11921.000000000007], [0.8745604429968807, 11451.0], [0.8793101289957121, 11290.000000000005], [0.8938052759949642, 11290.0], [1.2764309399972262, 11290.0], [1.3017253229954804, 9783.0], [1.3187314569950104, 8387.0], [1.4222417179953482, 8351.000000000002], [1.4756426289968658, 7947.999999999998], [1.689232387994707, 7923.000000000001], [1.7292459489945031, 7654.0], [1.758166355000867, 7654.0]]",2.048594845,2.048552305,0.9999792345469853,False,75.0,1387.60546875,3,4.0,True,1.0,4.0,a6c89e67e1516fe42fe2,,,,,,,,,,,,,
holmberg_p55,holmberg,3.2066298342541435,20,100,adaptativa:pl,7654.0,True,-1,0,30.0,1.186554804,0.0,7654.0,7654.0,otimo_publicado,"[[0.03941055999530363, 8655.0], [0.2203242129944556, 8387.0], [0.6996039429941447, 7653.999999999997], [0.713863405999291, 7654.0], [1.006130713994935, 7654.0]]",1.186554804,1.186468736,0.9999274639488123,False,74.9,1290.8046875,2,3.0,True,0.75,3.0,a6c89e67e1516fe42fe2,,,,,,,,,,,,,
holmberg_p55,holmberg,3.2066298342541435,20,100,completo,7654.0,True,-1,0,30.0,0.80053665,0.0,7654.0,7654.0,otimo_publicado,"[[0.06820792399958009, 11970.0], [0.10580890699930023, 8241.0], [0.18632190599964815, 7967.0], [0.5517847679984698, 7654.0]]",0.80053665,0.800516417,0.9999747257043134,False,75.0,1387.60546875,3,1.0,True,1.0,1.0,a6c89e67e1516fe42fe2,,,,,,,,,,,,,
holmberg_p55,holmberg,3.2066298342541435,20,100,hibrido:rotacao,7654.0,True,-1,0,30.0,29.972522698,0.0,7654.0,7654.0,otimo_publicado,"[[0.050711190997390077, 12742.0], [0.06717087399738375, 12471.0], [0.23754903299777652, 12101.999999999995], [0.30900079399725655, 11970.999999999996], [0.5820990659958625, 11921.000000000007], [0.8735150159991463, 11451.0], [0.878322765998746, 11290.000000000005], [0.9185821939972811, 11290.0], [1.2951742969999032, 11290.0], [1.3206932339999184, 9783.0], [1.3378367160003108, 8387.0], [1.4410905619988625, 8351.000000000002], [1.4944009780010674, 7947.999999999998], [1.7078180850003264, 7923.000000000001], [1.7479426040008548, 7654.0], [1.776113992997125, 7654.0], [2.065917467996769, 7654.0]]",29.972522698,29.970679084,0.9999384898622456,False,75.3,1881.02734375,1,,,,,a6c89e67e1516fe42fe2,2.0657877149969863,7654.0,1711.0,1711.0,4.0,"{""interior"": 428, ""fronteira"": 428, ""liberacao"": 428, ""regret"": 427, ""abertura"": 0}","{""interior"": 0, ""fronteira"": 0, ""liberacao"": 0, ""regret"": 0, ""abertura"": 0}",1.1495995290424617,26.45809081706102,0.0,1276.0,0.0,
holmberg_p55,holmberg,3.2066298342541435,20,100,hibrido:rotacao,7654.0,True,-1,1,30.0,29.953868452,0.0,7654.0,7654.0,otimo_publicado,"[[0.05132985400268808, 12742.0], [0.06776344500030973, 12471.0], [0.23775400500380783, 12101.999999999995], [0.309082166000735, 11970.999999999996], [0.5813675860008516, 11921.000000000007], [0.8716927430032229, 11451.0], [0.8764499000026262, 11290.000000000005], [0.8917636090009182, 11290.0], [1.2660883360040316, 11290.0], [1.2910141560023476, 9783.0], [1.3078417250035272, 8387.0], [1.4113066460013215, 8351.000000000002], [1.4647896390015376, 7947.999999999998], [1.6768699080021179, 7923.000000000001], [1.7010810570027388, 7654.000000000002], [1.7293674110042048, 7654.0], [2.014214646002074, 7654.0]]",29.953868452,29.952642768,0.9999590809446879,False,75.0,1881.02734375,1,,,,,a6c89e67e1516fe42fe2,2.014059177003219,7654.0,1652.0,1652.0,4.0,"{""interior"": 413, ""fronteira"": 413, ""liberacao"": 413, ""regret"": 413, ""abertura"": 0}","{""interior"": 0, ""fronteira"": 0, ""liberacao"": 0, ""regret"": 0, ""abertura"": 0}",1.1224381998981698,26.52307732996269,0.0,1231.0,0.0,
holmberg_p55,holmberg,3.2066298342541435,20,100,hibrido:rotacao,7654.0,True,-1,2,30.0,29.954054046,0.0,7654.0,7654.0,otimo_publicado,"[[0.05033323500174447, 12742.0], [0.06681747399852611, 12471.0], [0.23660693100100616, 12101.999999999995], [0.30737717100055306, 12072.999999999996], [0.3080009510013042, 11970.999999999996], [0.5795772370001941, 11921.000000000007], [0.8711899900008575, 11451.0], [0.8751690190001682, 11290.000000000004], [0.8900349090035888, 11290.0], [1.2640838010011066, 11290.0], [1.2892594440018001, 9783.0], [1.306126811003196, 8387.0], [1.4106687050007167, 8351.000000000002], [1.4640822889996343, 7947.999999999998], [1.6766704350011423, 7923.000000000001], [1.700705540002673, 7654.000000000002], [1.729015544999129, 7654.0], [2.0271327509981347, 7654.0]]",29.954054046,29.953449404,0.9999798143517044,False,75.0,1387.60546875,3,,,,,a6c89e67e1516fe42fe2,2.027000603000488,7654.0,1669.0,1669.0,4.0,"{""interior"": 418, ""fronteira"": 417, ""liberacao"": 417, ""regret"": 417, ""abertura"": 0}","{""interior"": 0, ""fronteira"": 0, ""liberacao"": 0, ""regret"": 0, ""abertura"": 0}",1.1361578320429544,26.489372866966733,0.0,1249.0,0.0,
holmberg_p55,holmberg,3.2066298342541435,20,100,hibridopl:rotacao,7654.0,True,-1,0,30.0,29.982233396,0.0,7654.0,7654.0,otimo_publicado,"[[0.03818368400243344, 8655.0], [0.2182540070025425, 8387.0], [0.6951126390013087, 7653.999999999997], [0.7332684010034427, 7654.0], [0.8606194710009731, 7654.0], [1.0402792759996373, 7654.0]]",29.982233396,29.980391182,0.9999385564785762,False,75.3,1387.60546875,3,,,,,a6c89e67e1516fe42fe2,1.040152030000172,7654.0,1755.0,1755.0,3.0,"{""interior"": 439, ""fronteira"": 439, ""liberacao"": 439, ""regret"": 438, ""abertura"": 0}","{""interior"": 0, ""fronteira"": 0, ""liberacao"": 0, ""regret"": 0, ""abertura"": 0}",1.1900735350282048,27.428980625056283,0.0,1310.0,0.0,
holmberg_p55,holmberg,3.2066298342541435,20,100,hibridopl:rotacao,7654.0,True,-1,1,30.0,29.957774172,0.0,7654.0,7654.0,otimo_publicado,"[[0.03922117400361458, 8655.0], [0.2198276760027511, 8387.0], [0.6976955690042814, 7653.999999999997], [0.7116542139992816, 7654.0], [0.8391847450002388, 7654.0], [0.9846730620010931, 7654.0]]",29.957774172,29.956347244,0.9999523686909513,False,75.0,1290.8046875,2,,,,,a6c89e67e1516fe42fe2,0.9845468640014587,7654.0,1725.0,1725.0,3.0,"{""interior"": 432, ""fronteira"": 431, ""liberacao"": 431, ""regret"": 431, ""abertura"": 0}","{""interior"": 0, ""fronteira"": 0, ""liberacao"": 0, ""regret"": 0, ""abertura"": 0}",1.172727796023537,27.504358071015304,0.0,1288.0,0.0,
holmberg_p55,holmberg,3.2066298342541435,20,100,hibridopl:rotacao,7654.0,True,-1,2,30.0,29.952126053,0.0,7654.0,7654.0,otimo_publicado,"[[0.03934366000248701, 8655.0], [0.21900178999931086, 8387.0], [0.6963605970013305, 7653.999999999997], [0.7350300490033987, 7654.0], [0.8637434070005838, 7654.0], [1.0518668810000236, 7654.0]]",29.952126053,29.949399454,0.9999089680981185,False,75.3,1290.8046875,2,,,,,a6c89e67e1516fe42fe2,1.051732912001171,7654.0,1753.0,1753.0,3.0,"{""interior"": 439, ""fronteira"": 438, ""liberacao"": 438, ""regret"": 438, ""abertura"": 0}","{""interior"": 0, ""fronteira"": 0, ""liberacao"": 0, ""regret"": 0, ""abertura"": 0}",1.1796583669747633,27.42238084290875,0.0,1314.0,0.0,
holmberg_p55,holmberg,3.2066298342541435,20,100,kernel,7654.0,True,-1,0,30.0,0.883088846,0.0,7654.0,7654.0,otimo_publicado,"[[0.041437944000790594, 8377.0], [0.051042218001384754, 7962.0], [0.12303916300152196, 7830.999999999997], [0.22861814200223307, 7823.000000000002], [0.4123394320013176, 7726.0], [0.49428501700094785, 7654.0], [0.5245402260006813, 7654.0], [0.7699929570044333, 7654.0]]",0.883088846,0.883093265,1.0000050040265145,False,74.9,1387.60546875,3,3.0,,0.35,3.0,a6c89e67e1516fe42fe2,,,,,,,,,,,,,0.014339334000396775
holmberg_p56,holmberg,1.9749835418038184,30,200,adaptativa:gnn,21103.0,True,0,0,30.0,20.623619057,0.0,21103.0,21103.0,otimo_publicado,"[[0.1928471510000236, 25507.0], [0.45851807500002906, 24979.0], [1.587802093999926, 23484.0], [1.6617288540001027, 23479.0], [2.251114778999181, 23468.0], [2.6355357819993515, 23468.0], [3.266203212999244, 23468.0], [4.3823550999986765, 23348.0], [5.513194240000303, 23347.0], [6.503595627000323, 23341.0], [6.586246679999022, 23341.0], [6.852846847999899, 23208.999999999993], [6.961513489000936, 22777.999999999996], [7.7975457460015605, 22453.000000000007], [8.304579781000939, 22423.00000000001], [9.617665237998153, 21177.0], [14.560424470000726, 21173.000000000004], [14.587529836000613, 21153.0], [14.895835145998717, 21140.0], [15.077759629999491, 21137.0], [15.287186247998761, 21126.0], [15.300745513999573, 21120.0], [17.933635262997996, 21118.0], [20.428781676000654, 21102.999999999996]]",20.623619057,20.622569745,0.9999491208600634,False,75.0,1291.8046875,2,305.0,True,1.0,4.0,a6c89e67e1516fe42fe2,,,,,,,,,,,,,
holmberg_p56,holmberg,1.9749835418038184,30,200,adaptativa:pl,21103.0,True,-1,0,30.0,28.805807208,0.0,21103.0,21103.0,otimo_publicado,"[[0.17148841300149797, 25413.0], [2.0005525130000024, 23008.0], [2.226865282002109, 22201.0], [4.196888862003107, 22178.0], [7.2291628120001405, 22178.0], [12.866555778004113, 22178.0], [12.936336704002315, 22066.0], [14.289579334003065, 21207.0], [15.468492472002254, 21206.0], [15.646748883002147, 21206.0], [17.68097104700064, 21152.0], [23.583101239000825, 21129.0], [23.837850510000862, 21124.0], [24.648437343003025, 21121.0], [26.258245635002822, 21120.0], [27.27325038100389, 21118.0], [28.235471922002034, 21113.999999999996], [28.393046495002636, 21109.0], [28.408095845003118, 21103.0]]",28.805807208,28.805190903,0.9999786048349366,False,75.0,1405.98828125,3,343.0,True,1.0,4.0,a6c89e67e1516fe42fe2,,,,,,,,,,,,,
holmberg_p56,holmberg,1.9749835418038184,30,200,completo,21103.0,True,-1,0,30.0,16.799770951,0.0,21103.0,21103.0,otimo_publicado,"[[0.20689904100072454, 23882.0], [0.3440565909986617, 23208.999999999993], [0.4527374869976484, 22777.999999999996], [1.2857343670002592, 22453.000000000007], [1.7883557999994082, 22423.00000000001], [3.1063090690004174, 21177.0], [11.338358875000267, 21174.0], [11.501221288999659, 21170.0], [12.133252817999164, 21144.999999999996], [12.939892248999968, 21137.000000000004], [14.265731870000309, 21131.0], [14.361083355997835, 21123.0], [15.30296577399713, 21120.0], [16.069969693999155, 21109.0], [16.078854060000594, 21103.0]]",16.799770951,16.799041044,0.9999565525624052,False,75.0,1881.02734375,1,269.0,True,1.0,1.0,a6c89e67e1516fe42fe2,,,,,,,,,,,,,
holmberg_p56,holmberg,1.9749835418038184,30,200,hibrido:rotacao,21137.0,True,-1,0,30.0,29.952687126,0.0,21103.0,21103.0,otimo_publicado,"[[0.1912633489992004, 25507.0], [0.4557373740026378, 24979.0], [1.5861137530009728, 23484.0], [1.6597905430026003, 23479.0], [2.244619593002426, 23468.0], [2.626492232997407, 23468.0], [3.2570876169993426, 23468.0], [4.372696254999028, 23348.0], [5.493860065998888, 23347.0], [6.094431252000504, 23347.0], [6.357110508000915, 23208.999999999993], [6.464391566001723, 22777.999999999996], [7.294265398002608, 22453.000000000007], [7.794736164003552, 22423.00000000001], [9.097499139003048, 21177.0], [14.010444689003634, 21173.000000000004], [14.037297370003216, 21153.0], [14.344406273001368, 21140.0], [14.524585299001046, 21137.0], [14.558663254996645, 21137.0]]",29.952687126,29.951206076,0.9999505536850911,False,75.0,1292.10546875,2,,,,,a6c89e67e1516fe42fe2,14.5585093089976,21137.0,1174.0,1174.0,72.0,"{""interior"": 294, ""fronteira"": 294, ""liberacao"": 293, ""regret"": 293, ""abertura"": 0}","{""interior"": 0, ""fronteira"": 0, ""liberacao"": 0, ""regret"": 0, ""abertura"": 0}",0.597148386950721,14.579610557972046,0.0,1136.0,0.0,
holmberg_p56,holmberg,1.9749835418038184,30,200,hibrido:rotacao,21172.0,True,-1,1,30.0,29.950999931,0.0,21103.0,21103.0,otimo_publicado,"[[0.18975560100079747, 25507.0], [0.4550104080008168, 24979.0], [1.6199024329980602, 23716.0], [1.7595554830004403, 23479.0], [2.068456621000223, 23468.0], [2.283919670000614, 23468.0], [3.192155779001041, 23468.0], [4.288455192003312, 23369.0], [4.300423492000846, 23341.0], [5.68816267800139, 23341.0], [5.956757007003034, 23208.999999999993], [6.065213226000196, 22777.999999999996], [6.902279953003017, 22453.000000000007], [8.193935809002141, 21176.0], [14.538472168998851, 21176.0], [15.119665457998053, 21175.0], [15.132833469000616, 21172.0]]",29.950999931,29.949861583,0.9999619929884604,False,75.0,1884.734375,1,,,,,a6c89e67e1516fe42fe2,14.53830779800046,21176.0,993.0,993.0,13.0,"{""interior"": 249, ""fronteira"": 248, ""liberacao"": 248, ""regret"": 248, ""abertura"": 0}","{""interior"": 0, ""fronteira"": 1, ""liberacao"": 1, ""regret"": 0, ""abertura"": 0}",0.5059409599816718,14.72863721198155,0.0,938.0,0.0,
holmberg_p56,holmberg,1.9749835418038184,30,200,hibrido:rotacao,21120.0,True,-1,2,30.0,29.95379086,0.0,21103.0,21103.0,otimo_publicado,"[[0.18772080000053393, 25507.0], [0.4505012469999201, 24979.0], [1.6224013460014248, 23716.0], [1.7917838680004934, 23479.0], [2.1453754479989584, 23473.0], [2.955783222001628, 23468.0], [3.2158032700026524, 23468.0], [3.8472684280022804, 23468.0], [4.869125262001035, 23371.0], [5.864564120001887, 23341.0], [6.538766008001403, 23341.0], [6.797541473002639, 23208.999999999993], [6.9049034859999665, 22777.999999999996], [7.734990169999946, 22453.000000000007], [8.230344166000577, 22423.00000000001], [9.436151033001806, 21177.0], [13.348165491002874, 21165.0], [14.581271738003124, 21165.0], [14.63239238100141, 21120.0]]",29.95379086,29.952332363,0.9999513084334862,False,75.0,1292.10546875,2,,,,,a6c89e67e1516fe42fe2,14.581120095001097,21165.0,1049.0,1049.0,62.0,"{""interior"": 263, ""fronteira"": 262, ""liberacao"": 262, ""regret"": 262, ""abertura"": 0}","{""interior"": 0, ""fronteira"": 0, ""liberacao"": 1, ""regret"": 0, ""abertura"": 0}",0.5256079900391342,14.65910170796269,0.0,1008.0,0.0,
holmberg_p56,holmberg,1.9749835418038184,30,200,hibridopl:rotacao,21119.0,True,-1,0,30.0,29.950980984,0.0,21103.0,21103.0,otimo_publicado,"[[0.35373114899994107, 25413.0], [2.1889423729990085, 23008.0], [2.4166248769979575, 22201.0], [3.6775946210036636, 22201.0], [6.385981626997818, 22201.0], [6.452662267998676, 22066.0], [7.795798240000295, 21207.0], [8.478149566002685, 21207.0], [11.7780439210037, 21152.0], [14.67786554399936, 21152.0], [14.697145404999901, 21119.0]]",29.950980984,29.949883496,0.9999633571935228,False,75.0,1882.87890625,1,,,,,a6c89e67e1516fe42fe2,14.677704656998685,21152.0,1263.0,1263.0,5.0,"{""interior"": 316, ""fronteira"": 316, ""liberacao"": 316, ""regret"": 315, ""abertura"": 0}","{""interior"": 1, ""fronteira"": 0, ""liberacao"": 0, ""regret"": 0, ""abertura"": 0}",0.6309340839907236,14.415323370096303,0.0,1225.0,0.0,
holmberg_p56,holmberg,1.9749835418038184,30,200,hibridopl:rotacao,21172.0,True,-1,1,30.0,29.959635859,0.0,21103.0,21103.0,otimo_publicado,"[[0.3040565690062067, 25413.0], [1.9988942200070596, 23239.0], [2.274909789008234, 22255.0], [3.675952074005181, 22255.0], [5.734829898003227, 22234.0], [6.387788994001312, 22234.0], [6.454221765001421, 22066.0], [6.562702885999897, 21954.999999999996], [7.100814449000609, 21367.999999999993], [7.197217485001602, 21307.999999999996], [7.444992663000448, 21210.0], [8.479552804001287, 21210.0], [10.344986137999513, 21176.0], [14.678044600001158, 21176.0], [15.257505560999562, 21175.0], [15.270334209999419, 21172.0]]",29.959635859,29.958860255,0.9999741117013687,False,75.0,1406.01953125,3,,,,,a6c89e67e1516fe42fe2,14.677897394001775,21176.0,962.0,962.0,7.0,"{""interior"": 241, ""fronteira"": 241, ""liberacao"": 240, ""regret"": 240, ""abertura"": 0}","{""interior"": 0, ""fronteira"": 1, ""liberacao"": 1, ""regret"": 0, ""abertura"": 0}",0.4984974590042839,14.592462126969622,0.0,907.0,0.0,
holmberg_p56,holmberg,1.9749835418038184,30,200,hibridopl:rotacao,21176.0,True,-1,2,30.0,29.960412443,0.0,21103.0,21103.0,otimo_publicado,"[[0.1723274109972408, 25413.0], [1.9926603209969471, 23008.0], [2.2209574389962654, 22201.0], [3.0270789799978957, 22178.0], [3.66609804899781, 22178.0], [6.564551847000985, 22178.0], [6.633772635999776, 22066.0], [7.284299517999898, 21367.999999999993], [7.380675741002051, 21307.999999999996], [7.640878172001976, 21210.0], [8.353199172001041, 21206.0], [8.487271319001593, 21206.0], [10.449176185000397, 21176.0], [14.678915559001325, 21176.0]]",29.960412443,29.959785887,0.9999790872037829,False,75.0,1387.60546875,3,,,,,a6c89e67e1516fe42fe2,14.678763193001942,21176.0,711.0,711.0,18.0,"{""interior"": 178, ""fronteira"": 178, ""liberacao"": 178, ""regret"": 177, ""abertura"": 0}","{""interior"": 0, ""fronteira"": 0, ""liberacao"": 0, ""regret"": 0, ""abertura"": 0}",0.3790114510084095,14.754801821007277,0.0,673.0,0.0,
holmberg_p56,holmberg,1.9749835418038184,30,200,kernel,21103.0,True,-1,0,30.0,17.801653616,0.0,21103.0,21103.0,otimo_publicado,"[[0.3447616030025529, 22140.0], [2.5463578700037033, 21536.0], [2.659149511004216, 21177.0], [4.864123769002617, 21172.0], [7.2714574210040155, 21172.0], [12.665182113003539, 21152.0], [12.817287363002833, 21138.0], [12.86816757500128, 21117.999999999996], [16.999304220003978, 21114.000000000007], [17.55003509800372, 21109.0], [17.598644679001154, 21103.0]]",17.801653616,17.800908977,0.9999581702342905,False,75.0,1882.87890625,1,185.0,,0.7666666666666667,2.0,a6c89e67e1516fe42fe2,,,,,,,,,,,,,0.06402605100083747
holmberg_p57,holmberg,1.9749835418038184,30,200,adaptativa:gnn,26483.0,True,0,0,30.0,29.347552912,0.0,26039.0,26039.0,otimo_publicado,"[[0.36670730599507806, 30907.0], [0.5572928179972223, 29107.000000000015], [2.564595992997056, 28286.0], [3.358911163995799, 28274.0], [5.9497598619964265, 28273.0], [7.222577093994914, 28268.0], [7.284411653999996, 28268.0], [12.705787805993168, 28268.0], [14.299640561996057, 28261.0], [15.746798417996615, 28257.0], [16.8554076420005, 28257.0], [22.75529930799894, 26483.0]]",29.347552912,29.346749134,0.999972611753954,False,75.0,1901.265625,1,28.0,False,1.0,4.0,a6c89e67e1516fe42fe2,,,,,,,,,,,,,
holmberg_p57,holmberg,1.9749835418038184,30,200,adaptativa:pl,26040.0,True,-1,0,30.0,28.984860981,0.0,26039.0,26039.0,otimo_publicado,"[[0.21967187500194996, 28474.0], [0.41237091600123676, 27256.000000000004], [1.1919239540002309, 26366.0], [1.4318855030032864, 26365.0], [1.4812871990034182, 26365.0], [2.9525680340011604, 26365.0], [6.118200095002976, 26143.0], [9.597497434002435, 26143.0], [12.534819494001567, 26097.0], [14.73870145300316, 26040.0]]",28.984860981,28.984066547,0.9999725914158939,False,75.0,1901.265625,1,49.0,False,1.0,4.0,a6c89e67e1516fe42fe2,,,,,,,,,,,,,
holmberg_p57,holmberg,1.9749835418038184,30,200,completo,26483.0,True,-1,0,30.0,28.508836655,0.0,26039.0,26039.0,otimo_publicado,"[[0.20473894299720996, 32882.0], [0.5348658479997539, 30621.999999999996], [0.7115127090000897, 30306.99999999998], [5.526336306000303, 26483.0]]",28.508836655,28.507183863,0.9999420252737773,False,75.0,1436.55078125,2,77.0,False,1.0,1.0,a6c89e67e1516fe42fe2,,,,,,,,,,,,,
holmberg_p57,holmberg,1.9749835418038184,30,200,hibrido:rotacao,26067.0,True,-1,0,30.0,29.96553038,0.0,26039.0,26039.0,otimo_publicado,"[[0.6143337200010137, 30907.0], [0.8061823310017644, 29107.000000000015], [2.816372812001646, 28286.0], [3.6144588770039263, 28274.0], [3.73416848800116, 28274.0], [6.431192955002189, 28274.0], [8.091981135999958, 28194.0], [8.511428542995418, 28194.0], [14.676633750998008, 26401.0], [14.685215718000109, 26401.0], [14.787076598997373, 26068.0], [15.23861522199877, 26067.0]]",29.96553038,29.96471588,0.99997281876911,False,75.0,1901.265625,1,,,,,a6c89e67e1516fe42fe2,14.685067214999435,26401.0,686.0,686.0,4.0,"{""interior"": 172, ""fronteira"": 172, ""liberacao"": 171, ""regret"": 171, ""abertura"": 0}","{""interior"": 0, ""fronteira"": 0, ""liberacao"": 2, ""regret"": 0, ""abertura"": 0}",0.3608309868868673,14.773501219999162,0.0,637.0,0.0,
holmberg_p57,holmberg,1.9749835418038184,30,200,hibrido:rotacao,26065.0,True,-1,1,30.0,29.965994843,0.0,26039.0,26039.0,otimo_publicado,"[[0.2428998169962142, 30907.0], [0.43444135899699177, 29107.000000000015], [0.9789351869949314, 28888.0], [1.0244511669952772, 28800.99999999998], [1.5827678429959633, 28310.0], [2.5152078709979833, 28274.0], [3.889658611999039, 28274.0], [6.460574004999216, 28274.0], [7.966801251997822, 28211.0], [7.984074314997997, 28195.0], [8.532477569999173, 28195.0], [13.801232359997812, 26440.0], [14.681407033000141, 26440.0], [14.801599681999505, 26210.0], [15.002027359001659, 26109.0], [15.214509974000975, 26067.0], [15.245905907999258, 26065.0]]",29.965994843,29.965201135,0.999973513043563,False,75.0,1449.12890625,3,,,,,a6c89e67e1516fe42fe2,14.681256963001942,26440.0,775.0,775.0,3.0,"{""interior"": 194, ""fronteira"": 194, ""liberacao"": 194, ""regret"": 193, ""abertura"": 0}","{""interior"": 0, ""fronteira"": 2, ""liberacao"": 2, ""regret"": 0, ""abertura"": 0}",0.39755774803779786,14.725921245964855,0.0,713.0,0.0,
holmberg_p57,holmberg,1.9749835418038184,30,200,hibrido:rotacao,26058.0,True,-1,2,30.0,29.962386772,0.0,26039.0,26039.0,otimo_publicado,"[[0.24154573000123492, 30907.0], [0.4316966209989914, 29107.000000000015], [2.4949410160006664, 28283.0], [3.926005304001592, 28283.0], [6.432072133997281, 28283.0], [8.07846742199763, 28237.0], [8.106676534000144, 28227.0], [8.51178650699876, 28227.0], [14.214601718002086, 26399.0], [14.680172860997118, 26399.0], [14.75267162399905, 26061.0], [14.854674937996606, 26060.0], [15.210888986999635, 26058.0]]",29.962386772,29.961582213,0.9999731476999438,False,75.0,1449.12890625,3,,,,,a6c89e67e1516fe42fe2,14.68002561100002,26399.0,970.0,970.0,4.0,"{""interior"": 243, ""fronteira"": 243, ""liberacao"": 242, ""regret"": 242, ""abertura"": 0}","{""interior"": 0, ""fronteira"": 1, ""liberacao"": 2, ""regret"": 0, ""abertura"": 0}",0.5108626530163747,14.56595643502078,0.0,914.0,0.0,
holmberg_p57,holmberg,1.9749835418038184,30,200,hibridopl:rotacao,26058.0,True,-1,0,30.0,29.969989836,0.0,26039.0,26039.0,otimo_publicado,"[[0.21484121799949207, 28474.0], [0.40585310499955085, 27256.000000000004], [1.1797839559985732, 26366.0], [1.4190775049974036, 26365.0], [1.4672664159988926, 26365.0], [2.932481650997943, 26365.0], [6.07891514399671, 26365.0], [9.651473816997168, 26151.0], [14.55832215600094, 26151.0], [14.598060950000217, 26126.0], [14.636951305001276, 26113.0], [14.646933424999588, 26103.0], [14.71896890700009, 26060.0], [15.302037936999113, 26059.0], [15.41301632899922, 26058.0]]",29.969989836,29.96852133,0.9999510007841832,False,75.0,1436.55078125,2,,,,,a6c89e67e1516fe42fe2,14.558168314000795,26151.0,983.0,983.0,4.0,"{""interior"": 246, ""fronteira"": 246, ""liberacao"": 246, ""regret"": 245, ""abertura"": 0}","{""interior"": 1, ""fronteira"": 2, ""liberacao"": 3, ""regret"": 0, ""abertura"": 0}",0.4896777529975225,14.742485187005514,0.0,918.0,0.0,
holmberg_p57,holmberg,1.9749835418038184,30,200,hibridopl:rotacao,26219.0,True,-1,1,30.0,29.954332675,0.0,26039.0,26039.0,otimo_publicado,"[[0.21760234000248602, 28474.0], [0.4082034850034688, 27093.000000000004], [1.2101019050023751, 26366.0], [1.3624310470040655, 26365.0], [1.410004568999284, 26365.0], [3.458625203998963, 26365.0], [5.682700978999492, 26281.0], [6.246112397999241, 26281.0], [14.56728575300076, 26281.0], [15.09648348400151, 26245.0], [15.192275542998686, 26243.0], [15.352247074999468, 26219.0]]",29.954332675,29.952937231,0.9999534142851674,False,75.0,1436.55078125,2,,,,,a6c89e67e1516fe42fe2,14.567133816999558,26281.0,890.0,890.0,4.0,"{""interior"": 223, ""fronteira"": 223, ""liberacao"": 222, ""regret"": 222, ""abertura"": 0}","{""interior"": 0, ""fronteira"": 1, ""liberacao"": 1, ""regret"": 1, ""abertura"": 0}",0.466163586032053,14.740286457967159,0.0,823.0,0.0,
holmberg_p57,holmberg,1.9749835418038184,30,200,hibridopl:rotacao,26198.0,True,-1,2,30.0,29.957044359,0.0,26039.0,26039.0,otimo_publicado,"[[0.21998223599803168, 28474.0], [1.045933477998915, 26365.0], [1.2329838430014206, 26365.0], [2.881007451996993, 26365.0], [4.998898840996844, 26213.0], [5.700602806999086, 26213.0], [14.539778235000995, 26213.0], [14.562390155002504, 26198.0]]",29.957044359,29.956333992,0.9999762871466394,False,75.0,1449.12890625,3,,,,,a6c89e67e1516fe42fe2,14.539627432000998,26213.0,820.0,820.0,7.0,"{""interior"": 205, ""fronteira"": 205, ""liberacao"": 205, ""regret"": 205, ""abertura"": 0}","{""interior"": 1, ""fronteira"": 0, ""liberacao"": 0, ""regret"": 0, ""abertura"": 0}",0.4196212459974049,14.840802821949183,0.0,783.0,0.0,
holmberg_p57,holmberg,1.9749835418038184,30,200,kernel,26040.0,True,-1,0,30.0,28.878949681,0.0,26039.0,26039.0,otimo_publicado,"[[0.2437317530020664, 28148.0], [3.374923112001852, 26408.0], [6.035204244002671, 26392.0], [7.489712016998965, 26392.0], [11.279031533998932, 26040.0]]",28.878949681,28.877630072,0.999954305505755,False,75.0,1436.55078125,2,104.0,,0.7333333333333333,2.0,a6c89e67e1516fe42fe2,,,,,,,,,,,,,0.11069789899920579
holmberg_p58,holmberg,1.9749835418038184,30,200,adaptativa:gnn,37545.0,True,0,0,30.0,29.347508498,0.0,37239.0,37239.0,otimo_publicado,"[[0.25568403000215767, 43507.0], [0.41571085900068283, 41362.0], [0.4568482690010569, 40175.00000000001], [2.5403395800021826, 39515.0], [7.448161791999155, 39515.0], [8.929660893998516, 39504.0], [12.714264707999973, 39504.0], [15.188094752000325, 39453.0], [16.86324852600228, 39453.0], [22.95458490800229, 37545.0]]",29.347508498,29.346890788,0.9999789518759303,False,75.0,1492.96484375,3,36.0,False,1.0,4.0,a6c89e67e1516fe42fe2,,,,,,,,,,,,,
holmberg_p58,holmberg,1.9749835418038184,30,200,adaptativa:pl,37310.0,True,-1,0,30.0,29.192197925,0.0,37239.0,37239.0,otimo_publicado,"[[0.23393097300140653, 39955.0], [1.2495547660000739, 37661.0], [1.5480422250002448, 37656.0], [1.5713119430001825, 37655.0], [1.620146047000162, 37655.0], [8.38209336699947, 37655.0], [11.267100537999795, 37310.0], [13.744185849998757, 37310.0]]",29.192197925,29.191293223,0.9999690087741141,False,75.0,1901.265625,1,18.0,False,1.0,4.0,a6c89e67e1516fe42fe2,,,,,,,,,,,,,
holmberg_p58,holmberg,1.9749835418038184,30,200,completo,37881.0,True,-1,0,30.0,28.50882515,0.0,37239.0,37239.0,otimo_publicado,"[[0.21068765100062592, 53882.0], [0.6264430950031965, 52775.0], [0.7964410530003079, 51332.99999999999], [0.9927741060018889, 51013.0], [0.9937089110026136, 49513.0], [5.59857195800214, 41635.0], [6.552864420002152, 37881.0]]",28.50882515,28.507467312,0.9999523713098363,False,75.0,1436.5546875,2,45.0,False,1.0,1.0,a6c89e67e1516fe42fe2,,,,,,,,,,,,,
holmberg_p58,holmberg,1.9749835418038184,30,200,hibrido:rotacao,37415.0,True,-1,0,30.0,29.983925217,0.0,37239.0,37239.0,otimo_publicado,"[[0.25606829000025755, 43507.0], [0.41581402300289483, 41362.0], [0.45715421300337766, 40175.00000000001], [2.5302692580007715, 39515.0], [3.7258841580005537, 39515.0], [5.199720014999912, 39504.0], [6.601360510005179, 39504.0], [8.520533704002446, 39504.0], [14.677040081001905, 37545.0], [14.686318795000261, 37545.0], [14.721998234002967, 37528.0], [15.161934071002179, 37496.0], [15.202448855001421, 37424.0], [15.37849225300306, 37415.0]]",29.983925217,29.982873095,0.9999649104647779,False,75.0,1901.265625,1,,,,,a6c89e67e1516fe42fe2,14.68617151700164,37545.0,515.0,515.0,6.0,"{""interior"": 129, ""fronteira"": 129, ""liberacao"": 129, ""regret"": 128, ""abertura"": 0}","{""interior"": 0, ""fronteira"": 2, ""liberacao"": 1, ""regret"": 1, ""abertura"": 0}",0.2767692849993182,14.912339779933973,0.0,457.0,0.0,
holmberg_p58,holmberg,1.9749835418038184,30,200,hibrido:rotacao,37365.0,True,-1,1,30.0,29.957236944,0.0,37239.0,37239.0,otimo_publicado,"[[0.4528980640025111, 43507.0], [0.6142313320051471, 41362.0], [0.6557665780019306, 40175.00000000001], [2.631246426004509, 39481.0], [3.7368829600090976, 39481.0], [6.435118809004052, 39481.0], [8.510530743002164, 39481.0], [14.593103154998971, 39441.0], [14.6814378199997, 39441.0], [14.776665977002267, 39435.0], [14.786475023000094, 39403.0], [15.066597482000361, 39402.0], [15.322164635999798, 38321.0], [15.931632933999936, 37611.0], [15.941564454002219, 37464.0], [16.709006125001906, 37462.0], [18.365827113000705, 37441.0], [18.51344442300251, 37365.0]]",29.957236944,29.956592949,0.999978502857216,False,75.0,1492.96484375,3,,,,,a6c89e67e1516fe42fe2,14.681289807002031,39441.0,665.0,665.0,9.0,"{""interior"": 167, ""fronteira"": 166, ""liberacao"": 166, ""regret"": 166, ""abertura"": 0}","{""interior"": 0, ""fronteira"": 2, ""liberacao"": 4, ""regret"": 3, ""abertura"": 0}",0.3593719580458128,14.761358337014826,0.0,570.0,0.0,
holmberg_p58,holmberg,1.9749835418038184,30,200,hibrido:rotacao,37258.0,True,-1,2,30.0,29.987054582,0.0,37239.0,37239.0,otimo_publicado,"[[0.24977254099940183, 43507.0], [0.40805518299748655, 41362.0], [0.44961573999898974, 40175.00000000001], [2.707722935003403, 39483.0], [3.7234109960008936, 39483.0], [6.646224826003163, 39483.0], [8.518369794004684, 39483.0], [13.67765682100071, 38849.0], [13.67882435100546, 38401.0], [14.680449157996918, 38401.0], [14.699948237001081, 38399.0], [14.827060306008207, 37361.0], [15.192916793996119, 37353.0], [15.314187027004664, 37295.0], [16.64775616499537, 37293.0], [19.28129172899935, 37258.0]]",29.987054582,29.985591862,0.9999512216181152,False,75.0,1436.5546875,2,,,,,a6c89e67e1516fe42fe2,14.68027135000375,38401.0,247.0,247.0,6.0,"{""interior"": 62, ""fronteira"": 62, ""liberacao"": 62, ""regret"": 61, ""abertura"": 0}","{""interior"": 1, ""fronteira"": 1, ""liberacao"": 4, ""regret"": 0, ""abertura"": 0}",0.13379665301181376,15.117895988973032,0.0,174.0,0.0,
holmberg_p58,holmberg,1.9749835418038184,30,200,hibridopl:rotacao,37350.0,True,-1,0,30.0,29.984150461,0.0,37239.0,37239.0,otimo_publicado,"[[0.2333996970046428, 39955.0], [1.253115098003036, 37661.0], [1.553704784004367, 37656.0], [1.576988432003418, 37655.0], [1.6262915250008518, 37655.0], [4.986045311001362, 37655.0], [7.300976296999579, 37655.0], [14.619907389998843, 37655.0], [14.844115137999324, 37508.0], [14.851667565999378, 37410.0], [15.978104311998322, 37407.0], [16.2072088169989, 37367.0], [18.39832730699709, 37350.0]]",29.984150461,29.983204694,0.999968457769006,False,75.0,1901.265625,1,,,,,a6c89e67e1516fe42fe2,14.619757233998826,37655.0,247.0,247.0,5.0,"{""interior"": 62, ""fronteira"": 62, ""liberacao"": 62, ""regret"": 61, ""abertura"": 0}","{""interior"": 0, ""fronteira"": 1, ""liberacao"": 3, ""regret"": 1, ""abertura"": 0}",0.13463991996104596,15.173673552013497,0.0,162.0,0.0,
holmberg_p58,holmberg,1.9749835418038184,30,200,hibridopl:rotacao,37350.0,True,-1,1,30.0,29.979238012,0.0,37239.0,37239.0,otimo_publicado,"[[0.23293228699549218, 39955.0], [1.093490290997579, 38034.0], [1.1309134329967492, 37673.0], [1.4048405559951789, 37655.0], [1.4542455299997528, 37655.0], [4.851322719998279, 37655.0], [7.202424142997188, 37655.0], [14.615250343998923, 37655.0], [15.13792058299805, 37508.0], [15.14515728799961, 37410.0], [16.14219444599803, 37407.0], [16.367079370000283, 37367.0], [16.38862958699974, 37358.0], [17.08435994699903, 37350.0]]",29.979238012,29.9777628,0.9999507922116163,False,75.0,1436.5546875,2,,,,,a6c89e67e1516fe42fe2,14.61508530699939,37655.0,275.0,275.0,5.0,"{""interior"": 69, ""fronteira"": 69, ""liberacao"": 69, ""regret"": 68, ""abertura"": 0}","{""interior"": 1, ""fronteira"": 1, ""liberacao"": 3, ""regret"": 1, ""abertura"": 0}",0.14491610197728733,15.159861115014792,0.0,200.0,0.0,
holmberg_p58,holmberg,1.9749835418038184,30,200,hibridopl:rotacao,37268.0,True,-1,2,30.0,29.986731228,0.0,37239.0,37239.0,otimo_publicado,"[[0.37167529499856755, 39955.0], [1.4548804579972057, 37673.0], [1.8887086719987565, 37656.0], [1.9526703969968366, 37655.0], [2.001512124999863, 37655.0], [5.110140333996242, 37655.0], [7.424500523997267, 37339.0], [7.507436134997988, 37339.0], [14.629800866998266, 37339.0], [14.649357695001527, 37318.0], [14.727744506999443, 37297.0], [15.065198581003642, 37287.0], [23.627235765998194, 37268.0]]",29.986731228,29.986124357,0.9999797620155599,False,75.0,1492.96484375,3,,,,,a6c89e67e1516fe42fe2,14.629652668001654,37339.0,219.0,219.0,4.0,"{""interior"": 55, ""fronteira"": 55, ""liberacao"": 55, ""regret"": 54, ""abertura"": 0}","{""interior"": 1, ""fronteira"": 1, ""liberacao"": 0, ""regret"": 2, ""abertura"": 0}",0.11812958007067209,15.179887630030862,0.0,142.0,0.0,
holmberg_p58,holmberg,1.9749835418038184,30,200,kernel,37354.0,True,-1,0,30.0,28.870727643,0.0,37239.0,37239.0,otimo_publicado,"[[0.44385480000346433, 45234.0], [4.771403930004453, 44150.0], [5.252173099004722, 37354.0], [7.318716183999641, 37354.0]]",28.870727643,28.869310011,0.9999508972542178,False,75.0,1436.5546875,2,20.0,,0.7666666666666667,2.0,a6c89e67e1516fe42fe2,,,,,,,,,,,,,0.12527221900018048
holmberg_p59,holmberg,1.9749835418038184,30,200,adaptativa:gnn,27295.0,True,0,0,30.0,29.357300317,0.0,27282.0,27282.0,otimo_publicado,"[[0.37305989299784414, 32910.0], [2.3279762000020128, 31123.0], [2.7573481919971528, 29394.0], [6.428791131002072, 29387.0], [7.258682458996191, 29387.0], [12.682457659000647, 29387.0], [17.064754770006402, 29387.0], [21.710509095006273, 27301.0], [23.489136666001286, 27299.0], [25.02191130200663, 27298.0], [27.50248594400182, 27295.0]]",29.357300317,29.356203207,0.9999626290568904,False,75.0,1901.359375,1,6.0,False,1.0,4.0,a6c89e67e1516fe42fe2,,,,,,,,,,,,,
holmberg_p59,holmberg,1.9749835418038184,30,200,adaptativa:pl,27282.0,True,-1,0,30.0,29.174985645,0.0,27282.0,27282.0,otimo_publicado,"[[0.2121837590020732, 84850.0], [0.3018014449990005, 31551.000000000007], [0.3641594350046944, 30005.99999999999], [0.39529226400190964, 28086.99999999998], [0.5280717799978447, 27987.0], [0.6322044410044327, 27678.99999999999], [0.7284488670047722, 27672.999999999978], [1.0025775579997571, 27282.0], [4.376633842999581, 27282.0], [8.171454455994535, 27282.0], [13.403428766992874, 27282.0]]",29.174985645,29.17438147,0.9999792913351406,False,75.0,1577.08203125,3,24.0,False,1.0,4.0,a6c89e67e1516fe42fe2,,,,,,,,,,,,,
holmberg_p59,holmberg,1.9749835418038184,30,200,completo,27282.0,True,-1,0,30.0,28.508752656,0.0,27282.0,27282.0,otimo_publicado,"[[0.2104234569997061, 39121.0], [0.4502100230020005, 38034.99999999999], [0.6384837770019658, 36312.000000000015], [1.1917185710044578, 35542.99999999997], [1.5024018660042202, 35003.00000000001], [5.3791938810027204, 27301.0], [25.935247677000007, 27292.0], [27.962079952005297, 27282.0]]",28.508752656,28.507618704,0.9999602244260322,False,75.0,1901.359375,1,82.0,False,1.0,1.0,a6c89e67e1516fe42fe2,,,,,,,,,,,,,
holmberg_p59,holmberg,1.9749835418038184,30,200,hibrido:rotacao,27301.0,True,-1,0,30.0,29.952967265,0.0,27282.0,27282.0,otimo_publicado,"[[0.2010131220013136, 32910.0], [2.150904508001986, 31123.0], [2.579820828002994, 29394.0], [3.837547279006685, 29394.0], [5.861996999010444, 29336.0], [6.407678396004485, 29336.0], [8.490247221998288, 29336.0], [13.15402379000443, 27301.0], [14.681205747001513, 27301.0]]",29.952967265,29.95234327,0.9999791675063616,False,75.0,1577.08203125,3,,,,,a6c89e67e1516fe42fe2,14.681066012002702,27301.0,1036.0,1036.0,3.0,"{""interior"": 259, ""fronteira"": 259, ""liberacao"": 259, ""regret"": 259, ""abertura"": 0}","{""interior"": 0, ""fronteira"": 0, ""liberacao"": 0, ""regret"": 0, ""abertura"": 0}",0.5274225448883954,14.529402394022327,0.0,998.0,0.0,
holmberg_p59,holmberg,1.9749835418038184,30,200,hibrido:rotacao,27298.0,True,-1,1,30.0,29.954282226,0.0,27282.0,27282.0,otimo_publicado,"[[0.2002827120013535, 32910.0], [2.1495826200043666, 31836.0], [2.8078573669990874, 29388.0], [3.840109279997705, 29388.0], [6.405986668003607, 29388.0], [8.49201162600366, 29388.0], [12.920870187001128, 27308.0], [14.675504970997281, 27298.0], [14.683141409004747, 27298.0]]",29.954282226,29.951883597,0.9999199236696141,False,75.3,1447.08203125,2,,,,,a6c89e67e1516fe42fe2,14.683001879006042,27298.0,988.0,988.0,4.0,"{""interior"": 247, ""fronteira"": 247, ""liberacao"": 247, ""regret"": 247, ""abertura"": 0}","{""interior"": 0, ""fronteira"": 0, ""liberacao"": 0, ""regret"": 0, ""abertura"": 0}",0.5152968780312221,14.55981959910423,0.0,950.0,0.0,
holmberg_p59,holmberg,1.9749835418038184,30,200,hibrido:rotacao,27344.0,True,-1,2,30.0,29.952822715,0.0,27282.0,27282.0,otimo_publicado,"[[0.2015826200004085, 32910.0], [2.8069630850004614, 30114.0], [3.841633803996956, 30114.0], [6.411169341998175, 30114.0], [8.497270699990622, 30114.0], [13.371098174990038, 27391.0], [14.678829245000088, 27391.0], [14.723223034001421, 27351.0], [14.768515721996664, 27344.0]]",29.952822715,29.950962744,0.9999379033148996,False,75.3,1577.08203125,3,,,,,a6c89e67e1516fe42fe2,14.678680846001953,27391.0,984.0,984.0,5.0,"{""interior"": 246, ""fronteira"": 246, ""liberacao"": 246, ""regret"": 246, ""abertura"": 0}","{""interior"": 1, ""fronteira"": 1, ""liberacao"": 0, ""regret"": 0, ""abertura"": 0}",0.508326275885338,14.55884980483097,0.0,941.0,0.0,
holmberg_p59,holmberg,1.9749835418038184,30,200,hibridopl:rotacao,27282.0,True,-1,0,30.0,29.959392984,0.0,27282.0,27282.0,otimo_publicado,"[[0.34336456800519954, 84850.0], [0.43239794200781034, 31551.000000000007], [0.4943084240076132, 30005.99999999999], [0.5251499770092778, 28086.99999999998], [0.6556811130067217, 27987.0], [0.758219289004046, 27678.99999999999], [0.8525354230077937, 27672.999999999978], [1.1204026060077013, 27282.0], [3.678146796002693, 27282.0], [6.391251629007456, 27282.0], [8.484730285003025, 27282.0], [14.677861820004182, 27282.0]]",29.959392984,29.958245902,0.9999617121080987,False,75.0,1901.359375,1,,,,,a6c89e67e1516fe42fe2,14.677715408004588,27282.0,1055.0,1055.0,4.0,"{""interior"": 264, ""fronteira"": 264, ""liberacao"": 264, ""regret"": 263, ""abertura"": 0}","{""interior"": 0, ""fronteira"": 0, ""liberacao"": 0, ""regret"": 0, ""abertura"": 0}",0.5381897710321937,14.537946953918436,0.0,1017.0,0.0,
holmberg_p59,holmberg,1.9749835418038184,30,200,hibridopl:rotacao,27282.0,True,-1,1,30.0,29.980503424,0.0,27282.0,27282.0,otimo_publicado,"[[0.2066203390058945, 84850.0], [0.2955276770007913, 30883.000000000007], [0.3574427560015465, 30381.99999999999], [0.44601893900107825, 30146.00000000001], [0.4880889150008443, 29539.000000000004], [0.5218637460056925, 28063.0], [0.6243557410052745, 27678.99999999999], [1.034489867000957, 27312.0], [1.2657850420000614, 27282.0], [1.3138925520033808, 27282.0], [4.772383538998838, 27282.0], [7.118933867997839, 27282.0], [14.610288210009458, 27282.0]]",29.980503424,29.979002732,0.9999499444029082,False,75.0,1447.08203125,2,,,,,a6c89e67e1516fe42fe2,14.610132767003961,27282.0,1059.0,1059.0,4.0,"{""interior"": 265, ""fronteira"": 265, ""liberacao"": 265, ""regret"": 264, ""abertura"": 0}","{""interior"": 0, ""fronteira"": 0, ""liberacao"": 0, ""regret"": 0, ""abertura"": 0}",0.5535866310819983,14.607553683003061,0.0,1021.0,0.0,
holmberg_p59,holmberg,1.9749835418038184,30,200,hibridopl:rotacao,27282.0,True,-1,2,30.0,29.954246338,0.0,27282.0,27282.0,otimo_publicado,"[[0.2069574119959725, 84850.0], [0.2962416709997342, 31498.000000000007], [0.3583839339989936, 30611.99999999999], [0.3890440459945239, 28224.99999999998], [0.5209502569996403, 28063.0], [0.6231594489945564, 27678.99999999999], [0.9496366369930911, 27312.0], [1.1849429919966497, 27282.0], [1.2333901309903013, 27282.0], [4.730449044000125, 27282.0], [7.073486013003276, 27282.0], [14.608413768997707, 27282.0]]",29.954246338,29.952792358,0.9999514599705299,False,75.0,1447.08203125,2,,,,,a6c89e67e1516fe42fe2,14.608258904998365,27282.0,1004.0,1004.0,4.0,"{""interior"": 251, ""fronteira"": 251, ""liberacao"": 251, ""regret"": 251, ""abertura"": 0}","{""interior"": 0, ""fronteira"": 0, ""liberacao"": 0, ""regret"": 0, ""abertura"": 0}",0.5391449171002023,14.59300719795283,0.0,966.0,0.0,
holmberg_p59,holmberg,1.9749835418038184,30,200,kernel,27282.0,True,-1,0,30.0,28.879001426,0.0,27282.0,27282.0,otimo_publicado,"[[0.18255869800486835, 29388.0], [0.45146622200263664, 29323.999999999996], [0.6164175780068035, 28816.99999999999], [0.7526055990019813, 28227.000000000025], [2.6474111000061384, 27312.000000000004], [4.033472984003311, 27299.0], [7.4788521740047145, 27299.0], [10.071731737007212, 27282.0]]",28.879001426,28.878416965,0.9999797617309761,False,75.0,1577.08203125,3,18.0,,0.6,2.0,a6c89e67e1516fe42fe2,,,,,,,,,,,,,0.06971383900236106
holmberg_p6,holmberg,1.3736263736263736,10,50,adaptativa:gnn,7777.0,True,0,0,30.0,0.410620945,0.0,7777.0,7777.0,otimo_publicado,"[[0.022890446001838427, 10266.0], [0.11251843000354711, 9869.999999999998], [0.23751634400468902, 9143.0], [0.2697749479993945, 9143.0], [0.32897247500295634, 9143.0], [0.38866564099953393, 9143.0], [0.39887487400119426, 8092.0], [0.40725643500263686, 7780.999999999999], [0.40968100700047216, 7777.0]]",0.410620945,0.4106261,1.0000125541574603,False,75.0,1901.1484375,1,4.0,True,1.0,4.0,a6c89e67e1516fe42fe2,,,,,,,,,,,,,
holmberg_p6,holmberg,1.3736263736263736,10,50,adaptativa:pl,7777.0,True,-1,0,30.0,0.119513743,0.0,7777.0,7777.0,otimo_publicado,"[[0.02235411600122461, 23643.0], [0.023442756999429548, 9266.0], [0.031556772999465466, 8248.0], [0.03469973599931109, 7973.0], [0.04335530200478388, 7973.0], [0.07004771600259119, 7973.0], [0.0954024520033272, 7973.0], [0.11344292200374184, 7836.999999999999], [0.11540727600367973, 7776.999999999999]]",0.119513743,0.119500524,0.9998893934733514,False,73.5,1449.12890625,3,4.0,True,1.0,4.0,a6c89e67e1516fe42fe2,,,,,,,,,,,,,
holmberg_p6,holmberg,1.3736263736263736,10,50,completo,7777.0,True,-1,0,30.0,0.030398153,0.0,7777.0,7777.0,otimo_publicado,"[[0.018823627000529086, 8092.0], [0.027251555999100674, 7780.999999999999], [0.029649987998709548, 7777.0]]",0.030398153,0.030402657,1.0001481668968506,False,75.0,1901.1484375,1,1.0,True,1.0,1.0,a6c89e67e1516fe42fe2,,,,,,,,,,,,,
holmberg_p6,holmberg,1.3736263736263736,10,50,hibrido:rotacao,7777.0,True,-1,0,30.0,29.957146412,0.0,7777.0,7777.0,otimo_publicado,"[[0.022600722997594858, 10266.0], [0.11226403699765797, 9869.999999999998], [0.23636130599697935, 9143.0], [0.2686978049969184, 9143.0], [0.32789006999882986, 9143.0], [0.39020283699574065, 9143.0], [0.4002936159959063, 8092.0], [0.4086361109948484, 7780.999999999999], [0.4110397079930408, 7777.0], [0.4117554320000636, 7777.0]]",29.957146412,29.956464552,0.9999772388200591,False,75.0,1901.1484375,1,,,,,a6c89e67e1516fe42fe2,0.4116049709991785,7777.0,2964.0,2964.0,4.0,"{""interior"": 741, ""fronteira"": 741, ""liberacao"": 741, ""regret"": 741, ""abertura"": 0}","{""interior"": 0, ""fronteira"": 0, ""liberacao"": 0, ""regret"": 0, ""abertura"": 0}",1.0250687270454364,28.06164840000929,0.0,2945.0,0.0,
holmberg_p6,holmberg,1.3736263736263736,10,50,hibrido:rotacao,7777.0,True,-1,1,30.0,29.95451855,0.0,7777.0,7777.0,otimo_publicado,"[[0.023464568999770563, 10266.0], [0.09050415000092471, 9957.999999999998], [0.11349602200061781, 9869.999999999998], [0.23791179600084433, 9143.0], [0.2677268110019213, 9143.0], [0.3289017290007905, 9143.0], [0.38850264600114315, 9143.0], [0.3986525980035367, 8092.0], [0.4095377660014492, 7853.000000000001], [0.41267195500040543, 7777.0], [0.4134941979973519, 7777.0]]",29.95451855,29.95309641,0.999952523356447,False,75.0,1436.55078125,2,,,,,a6c89e67e1516fe42fe2,0.4133638849998533,7777.0,3015.0,3015.0,4.0,"{""interior"": 754, ""fronteira"": 754, ""liberacao"": 754, ""regret"": 753, ""abertura"": 0}","{""interior"": 0, ""fronteira"": 0, ""liberacao"": 0, ""regret"": 0, ""abertura"": 0}",1.0386021740559954,28.042882791949523,0.0,2996.0,0.0,
holmberg_p6,holmberg,1.3736263736263736,10,50,hibrido:rotacao,7777.0,True,-1,2,30.0,29.981717346,0.0,7777.0,7777.0,otimo_publicado,"[[0.023259885001607472, 10266.0], [0.11256722400139552, 9869.999999999998], [0.23712509400138515, 9143.0], [0.2667118240024138, 9143.0], [0.32780792000266956, 9143.0], [0.38730670000222744, 9143.0], [0.3974725470034173, 8092.0], [0.40821413100275095, 7853.000000000001], [0.4113226580047922, 7777.0], [0.41207891600060975, 7777.0]]",29.981717346,29.980297583,0.9999526457079287,False,75.0,1436.55078125,2,,,,,a6c89e67e1516fe42fe2,0.4119525630012504,7777.0,3046.0,3046.0,4.0,"{""interior"": 762, ""fronteira"": 762, ""liberacao"": 761, ""regret"": 761, ""abertura"": 0}","{""interior"": 0, ""fronteira"": 0, ""liberacao"": 0, ""regret"": 0, ""abertura"": 0}",1.032167969911825,28.07779949118776,0.0,3027.0,0.0,
holmberg_p6,holmberg,1.3736263736263736,10,50,hibridopl:rotacao,7777.0,True,-1,0,30.0,29.966362874,0.0,7777.0,7777.0,otimo_publicado,"[[0.02643798599820002, 23643.0], [0.027539126000192482, 9266.0], [0.035652954000397585, 8248.0], [0.0387969349976629, 7973.0], [0.04779649299598532, 7973.0], [0.0748240610009816, 7973.0], [0.10031650099699618, 7973.0], [0.11838889699720312, 7836.999999999999], [0.12039864899634267, 7776.999999999999], [0.12444384599803016, 7777.0]]",29.966362874,29.965415913,0.9999683992013317,False,75.0,1901.1484375,1,,,,,a6c89e67e1516fe42fe2,0.12431761399784591,7777.0,2982.0,2982.0,4.0,"{""interior"": 746, ""fronteira"": 746, ""liberacao"": 745, ""regret"": 745, ""abertura"": 0}","{""interior"": 0, ""fronteira"": 0, ""liberacao"": 0, ""regret"": 0, ""abertura"": 0}",1.038847103016451,28.328889774031268,0.0,2963.0,0.0,
holmberg_p6,holmberg,1.3736263736263736,10,50,hibridopl:rotacao,7777.0,True,-1,1,30.0,29.95122366,0.0,7777.0,7777.0,otimo_publicado,"[[0.021621384999889415, 23643.0], [0.022732319997885497, 9266.0], [0.030796249000559328, 8248.0], [0.03394248299809988, 7973.0], [0.044747781998012215, 7973.0], [0.06942361300025368, 7973.0], [0.09427862099983031, 7973.0], [0.1122215720024542, 7836.999999999999], [0.11421359300220502, 7776.999999999999], [0.1181260060002387, 7777.0]]",29.95122366,29.95045507,0.9999743386110456,False,75.0,1449.12890625,3,,,,,a6c89e67e1516fe42fe2,0.11799964799865847,7777.0,2994.0,2994.0,4.0,"{""interior"": 749, ""fronteira"": 749, ""liberacao"": 748, ""regret"": 748, ""abertura"": 0}","{""interior"": 0, ""fronteira"": 0, ""liberacao"": 0, ""regret"": 0, ""abertura"": 0}",1.0629009850272269,28.27112033803496,0.0,2975.0,0.0,
holmberg_p6,holmberg,1.3736263736263736,10,50,hibridopl:rotacao,7777.0,True,-1,2,30.0,29.955723433,0.0,7777.0,7777.0,otimo_publicado,"[[0.021204439999564784, 23643.0], [0.02232375999665237, 9266.0], [0.030414050997933373, 8248.0], [0.03352343499864219, 7973.0], [0.04556297999806702, 7973.0], [0.06995381399974576, 7973.0], [0.2338905819960928, 7973.0], [0.252331277995836, 7836.999999999999], [0.25431298399780644, 7825.0], [0.25453551199825597, 7776.999999999999], [0.2585761119989911, 7777.0]]",29.955723433,29.954940457,0.9999738622236332,False,75.0,1449.12890625,3,,,,,a6c89e67e1516fe42fe2,0.25843954000083613,7777.0,3034.0,3034.0,4.0,"{""interior"": 759, ""fronteira"": 759, ""liberacao"": 758, ""regret"": 758, ""abertura"": 0}","{""interior"": 0, ""fronteira"": 0, ""liberacao"": 0, ""regret"": 0, ""abertura"": 0}",1.0470972010516562,28.160995993035613,0.0,3015.0,0.0,
holmberg_p6,holmberg,1.3736263736263736,10,50,kernel,7777.0,True,-1,0,30.0,0.061245608,0.0,7777.0,7777.0,otimo_publicado,"[[0.02184405399748357, 8322.0], [0.029481569999916246, 7780.999999999999], [0.031885710999631556, 7777.0], [0.04077249800320715, 7777.0]]",0.061245608,0.06124958,1.000064853629994,False,75.0,1449.12890625,3,2.0,,0.9,2.0,a6c89e67e1516fe42fe2,,,,,,,,,,,,,0.0029259229995659553
holmberg_p60,holmberg,2.9624753127057275,30,200,adaptativa:gnn,20534.0,True,0,0,30.0,1.614766957,0.0,20534.0,20534.0,otimo_publicado,"[[0.2955214160028845, 23020.0], [0.33187595800336567, 22767.000000000004], [0.4456914050024352, 22466.0], [0.4901570130023174, 22466.0], [0.6938148360022751, 22466.0], [1.2842741240019677, 22249.999999999996], [1.3144840770037263, 22002.0], [1.3979520989996672, 22002.0], [1.609631878000073, 20534.0]]",1.614766957,1.614676077,0.999943719432946,False,74.9,1292.8046875,2,4.0,True,1.0,4.0,a6c89e67e1516fe42fe2,,,,,,,,,,,,,
holmberg_p60,holmberg,2.9624753127057275,30,200,adaptativa:pl,20534.0,True,-1,0,30.0,0.956674225,0.0,20534.0,20534.0,otimo_publicado,"[[0.14023953699870617, 22176.0], [0.1687127219956892, 21746.000000000004], [0.1805897729973367, 21567.999999999996], [0.1878075619970332, 21566.0], [0.22552501300015138, 21566.0], [0.30984646499928203, 21471.999999999996], [0.31686952599920915, 21470.000000000004], [0.365758782998455, 21470.0], [0.43192581099719973, 21189.0], [0.47668176799925277, 20534.0], [0.7433375670007081, 20534.0]]",0.956674225,0.956623394,0.9999468669703107,False,75.1,1883.734375,1,4.0,True,1.0,4.0,a6c89e67e1516fe42fe2,,,,,,,,,,,,,
holmberg_p60,holmberg,2.9624753127057275,30,200,completo,20534.0,True,-1,0,30.0,0.460587119,0.0,20534.0,20534.0,otimo_publicado,"[[0.3664110229983635, 23882.0], [0.45537420899927383, 20534.0]]",0.460587119,0.460570917,0.9999648231586781,False,75.1,1883.734375,1,1.0,True,1.0,1.0,a6c89e67e1516fe42fe2,,,,,,,,,,,,,
holmberg_p60,holmberg,2.9624753127057275,30,200,hibrido:rotacao,20534.0,True,-1,0,30.0,29.951381344,0.0,20534.0,20534.0,otimo_publicado,"[[0.1651778010018461, 23020.0], [0.20195347200206015, 22767.000000000004], [0.3171288880002976, 22466.0], [0.508809229995677, 22466.0], [0.7167900989952614, 22466.0], [1.3107486559965764, 22249.999999999996], [1.3407990749947203, 22002.0], [1.424437265999586, 22002.0], [1.6416520240018144, 20534.0], [1.6469598619987664, 20534.0]]",29.951381344,29.947796451,0.9998803095937772,False,75.0,1404.98828125,3,,,,,a6c89e67e1516fe42fe2,1.6468241019974812,20534.0,2586.0,2586.0,4.0,"{""interior"": 647, ""fronteira"": 647, ""liberacao"": 646, ""regret"": 646, ""abertura"": 0}","{""interior"": 0, ""fronteira"": 0, ""liberacao"": 0, ""regret"": 0, ""abertura"": 0}",1.4503785320994211,26.39699875400038,0.0,2449.0,0.0,
holmberg_p60,holmberg,2.9624753127057275,30,200,hibrido:rotacao,20534.0,True,-1,1,30.0,29.965164418,0.0,20534.0,20534.0,otimo_publicado,"[[0.35600241100473795, 23020.0], [0.39251403900561854, 22767.000000000004], [0.5065588950055826, 22466.0], [0.5516484310028318, 22466.0], [0.7555485380034952, 22466.0], [1.3464387750027527, 22249.999999999996], [1.3766843440025696, 22002.0], [1.4569891140017717, 22002.0], [1.6708528460003436, 20534.0], [1.6760619960004988, 20534.0]]",29.965164418,29.963663579,0.9999499138740218,False,75.0,1292.8046875,2,,,,,a6c89e67e1516fe42fe2,1.6759164319992124,20534.0,2455.0,2455.0,4.0,"{""interior"": 614, ""fronteira"": 614, ""liberacao"": 614, ""regret"": 613, ""abertura"": 0}","{""interior"": 0, ""fronteira"": 0, ""liberacao"": 0, ""regret"": 0, ""abertura"": 0}",1.376421656950697,26.497547604994907,0.0,2290.0,0.0,
holmberg_p60,holmberg,2.9624753127057275,30,200,hibrido:rotacao,20534.0,True,-1,2,30.0,29.954967507,0.0,20534.0,20534.0,otimo_publicado,"[[0.15979909700035932, 23020.0], [0.19558007399973576, 22767.000000000004], [0.3092844060010975, 22466.0], [0.3515162149997195, 22466.0], [0.7924874809978064, 22466.0], [1.3880760699976236, 22249.999999999996], [1.4185766349983169, 22002.0], [1.5036698179974337, 22002.0], [1.7190049789969635, 20534.0], [1.7240924709985848, 20534.0]]",29.954967507,29.954311703,0.9999781070034596,False,75.0,1404.98828125,3,,,,,a6c89e67e1516fe42fe2,1.7239184390018636,20534.0,2545.0,2545.0,4.0,"{""interior"": 637, ""fronteira"": 636, ""liberacao"": 636, ""regret"": 636, ""abertura"": 0}","{""interior"": 0, ""fronteira"": 0, ""liberacao"": 0, ""regret"": 0, ""abertura"": 0}",1.4343132690155471,26.349594003055245,0.0,2415.0,0.0,
holmberg_p60,holmberg,2.9624753127057275,30,200,hibridopl:rotacao,20534.0,True,-1,0,30.0,29.950518306,0.0,20534.0,20534.0,otimo_publicado,"[[0.14212293400487397, 22176.0], [0.17169516600552015, 21746.000000000004], [0.18376295300549828, 21567.999999999996], [0.1909970280030393, 21566.0], [0.3674058550022892, 21566.0], [0.45300119100284064, 21471.999999999996], [0.4600874920033675, 21470.000000000004], [0.5124064220035507, 21470.0], [0.5797108780025155, 21189.0], [0.6247647710042656, 20534.0], [0.7079690639984619, 20534.0], [0.9213920200018038, 20534.0]]",29.950518306,29.949060501,0.9999513262179603,False,75.0,1291.1171875,2,,,,,a6c89e67e1516fe42fe2,0.9212450020022516,20534.0,2696.0,2696.0,4.0,"{""interior"": 674, ""fronteira"": 674, ""liberacao"": 674, ""regret"": 674, ""abertura"": 0}","{""interior"": 0, ""fronteira"": 0, ""liberacao"": 0, ""regret"": 0, ""abertura"": 0}",1.4939408320387884,27.089626601980854,0.0,2554.0,0.0,
holmberg_p60,holmberg,2.9624753127057275,30,200,hibridopl:rotacao,20534.0,True,-1,1,30.0,29.969585041,0.0,20534.0,20534.0,otimo_publicado,"[[0.1414051309984643, 22176.0], [0.17014165899672662, 21746.000000000004], [0.18893178799771704, 21619.0], [0.1959924399961892, 21566.0], [0.2338961890018254, 21566.0], [0.3244614690011076, 21523.0], [0.3298966880029184, 21470.0], [0.3810018959957233, 21470.0], [0.4476966009970056, 21189.0], [0.4922785879971343, 20534.0], [0.7565088320006907, 20534.0], [0.9726519450014166, 20534.0]]",29.969585041,29.968456636,0.9999623483275308,False,75.0,1885.25390625,1,,,,,a6c89e67e1516fe42fe2,0.9724757750009303,20534.0,2538.0,2538.0,4.0,"{""interior"": 635, ""fronteira"": 635, ""liberacao"": 634, ""regret"": 634, ""abertura"": 0}","{""interior"": 0, ""fronteira"": 0, ""liberacao"": 0, ""regret"": 0, ""abertura"": 0}",1.4302847500184726,27.143153109991545,0.0,2370.0,0.0,
holmberg_p60,holmberg,2.9624753127057275,30,200,hibridopl:rotacao,20534.0,True,-1,2,30.0,29.961073144,0.0,20534.0,20534.0,otimo_publicado,"[[0.27589171399813495, 22176.0], [0.3050049220000801, 21746.000000000004], [0.3169658509978035, 21567.999999999996], [0.3296312139973452, 21566.0], [0.36786275200211094, 21566.0], [0.4582212100031029, 21470.0], [0.5101704359985888, 21470.0], [0.5770283849997213, 21189.0], [0.6229135249996034, 20534.0], [0.7038029590003134, 20534.0], [0.9138536649988964, 20534.0]]",29.961073144,29.959920096,0.9999615151301672,False,75.0,1885.25390625,1,,,,,a6c89e67e1516fe42fe2,0.913693335998687,20534.0,2611.0,2611.0,4.0,"{""interior"": 653, ""fronteira"": 653, ""liberacao"": 653, ""regret"": 652, ""abertura"": 0}","{""interior"": 0, ""fronteira"": 0, ""liberacao"": 0, ""regret"": 0, ""abertura"": 0}",1.4740139020577772,27.132297718981135,0.0,2481.0,0.0,
holmberg_p60,holmberg,2.9624753127057275,30,200,kernel,20534.0,True,-1,0,30.0,0.491662143,0.0,20534.0,20534.0,otimo_publicado,"[[0.1597672519965272, 20776.0], [0.19745325799885904, 20534.0], [0.2802389079988643, 20534.0]]",0.491662143,0.491645305,0.9999657529052425,False,75.0,1884.734375,1,2.0,,0.5,2.0,a6c89e67e1516fe42fe2,,,,,,,,,,,,,0.0625335679978889
holmberg_p61,holmberg,2.9624753127057275,30,200,adaptativa:gnn,24454.0,True,0,0,30.0,1.761300951,0.0,24454.0,24454.0,otimo_publicado,"[[0.20454026500010514, 27220.0], [0.25256353900113027, 26703.999999999996], [0.27526440500150784, 26100.00000000001], [0.2942139770020731, 25797.999999999996], [0.3205869920020632, 25778.0], [0.3280488210002659, 25766.0], [0.5189172790014709, 25766.0], [0.7108794960040541, 25766.0], [1.4024459100037348, 25313.0], [1.485672341004829, 25313.0], [1.755793940003059, 24454.0]]",1.761300951,1.761268137,0.9999813694530845,False,75.0,1449.12890625,3,4.0,True,1.0,4.0,a6c89e67e1516fe42fe2,,,,,,,,,,,,,
holmberg_p61,holmberg,2.9624753127057275,30,200,adaptativa:pl,24454.0,True,-1,0,30.0,2.328504621,0.0,24454.0,24454.0,otimo_publicado,"[[0.17513128399878042, 28382.0], [0.3069931309983076, 26623.000000000004], [0.6284021819992631, 25994.99999999999], [1.087067336000473, 25409.0], [1.566148992998933, 25409.0], [1.609592757999053, 25016.0], [1.647355733999575, 24755.999999999996], [1.6596414310006367, 24454.0], [1.8550541969998449, 24454.0], [2.0806446590031555, 24454.0]]",2.328504621,2.328385759,0.9999489535047824,False,75.1,1901.265625,1,4.0,True,1.0,4.0,a6c89e67e1516fe42fe2,,,,,,,,,,,,,
holmberg_p61,holmberg,2.9624753127057275,30,200,completo,24454.0,True,-1,0,30.0,0.351383186,0.0,24454.0,24454.0,otimo_publicado,"[[0.20992387699880055, 32882.0], [0.310070106999774, 26381.999999999996], [0.3458058690011967, 24454.0]]",0.351383186,0.351373966,0.9999737608389719,False,75.0,1901.265625,1,1.0,True,1.0,1.0,a6c89e67e1516fe42fe2,,,,,,,,,,,,,
holmberg_p61,holmberg,2.9624753127057275,30,200,hibrido:rotacao,24454.0,True,-1,0,30.0,29.958605232,0.0,24454.0,24454.0,otimo_publicado,"[[0.20278850600516307, 27220.0], [0.249800771005539, 26703.999999999996], [0.27198172800490283, 26100.00000000001], [0.2908262810051383, 25797.999999999996], [0.3169427850043576, 25778.0], [0.3243732080045447, 25766.0], [0.36873935400581104, 25766.0], [0.5568086840030446, 25766.0], [1.246305366003071, 25313.0], [1.4990380720046232, 25313.0], [1.7754695110052126, 24454.0], [1.7810563790008018, 24454.0]]",29.958605232,29.957160183,0.9999517651443113,False,75.0,1436.55078125,2,,,,,a6c89e67e1516fe42fe2,1.7808910769999784,24454.0,2020.0,2020.0,4.0,"{""interior"": 505, ""fronteira"": 505, ""liberacao"": 505, ""regret"": 505, ""abertura"": 0}","{""interior"": 0, ""fronteira"": 0, ""liberacao"": 0, ""regret"": 0, ""abertura"": 0}",1.6464632980823808,26.17158536493298,0.0,1561.0,0.0,
holmberg_p61,holmberg,2.9624753127057275,30,200,hibrido:rotacao,24454.0,True,-1,1,30.0,29.958949387,0.0,24454.0,24454.0,otimo_publicado,"[[0.19893258299634908, 27220.0], [0.24618138399819145, 26703.999999999996], [0.26833707699915976, 26100.00000000001], [0.2871228119984153, 25797.999999999996], [0.2984084729978349, 25772.0], [0.3213710069976514, 25766.0], [0.3638945819984656, 25766.0], [0.7433763969966094, 25766.0], [1.3272916349960724, 25312.999999999996], [1.4135648399969796, 25313.0], [1.6891399569976784, 24454.0], [1.6946663119997538, 24454.0]]",29.958949387,29.957744976,0.9999597979560484,False,75.0,1901.265625,1,,,,,a6c89e67e1516fe42fe2,1.6945167769990803,24454.0,2007.0,2007.0,4.0,"{""interior"": 502, ""fronteira"": 502, ""liberacao"": 502, ""regret"": 501, ""abertura"": 0}","{""interior"": 0, ""fronteira"": 0, ""liberacao"": 0, ""regret"": 0, ""abertura"": 0}",1.6507983619776496,26.250090713096142,0.0,1560.0,0.0,
holmberg_p61,holmberg,2.9624753127057275,30,200,hibrido:rotacao,24454.0,True,-1,2,30.0,29.952040553,0.0,24454.0,24454.0,otimo_publicado,"[[0.19806058900576318, 27220.0], [0.24509989500438678, 26703.999999999996], [0.26707420800448745, 26100.00000000001], [0.28562404900367255, 25797.999999999996], [0.3116998420046002, 25778.0], [0.32474917000581627, 25766.0], [0.5617854730007821, 25766.0], [0.7525726640014909, 25766.0], [1.3382167810013925, 25312.999999999996], [1.4246709960025328, 25313.0], [1.698998212999868, 24454.0], [1.7043928740022238, 24454.0]]",29.952040553,29.951428085,0.9999795517103779,False,75.0,1449.12890625,3,,,,,a6c89e67e1516fe42fe2,1.7042354290024377,24454.0,1969.0,1969.0,4.0,"{""interior"": 493, ""fronteira"": 492, ""liberacao"": 492, ""regret"": 492, ""abertura"": 0}","{""interior"": 0, ""fronteira"": 0, ""liberacao"": 0, ""regret"": 0, ""abertura"": 0}",1.625934964944463,26.244652181972924,0.0,1530.0,0.0,
holmberg_p61,holmberg,2.9624753127057275,30,200,hibridopl:rotacao,24454.0,True,-1,0,30.0,29.965002948,0.0,24454.0,24454.0,otimo_publicado,"[[0.17410193100295146, 28382.0], [0.30734656600179733, 26623.000000000004], [0.6296786680031801, 25994.99999999999], [1.0873866000038106, 25409.0], [1.5664656560038566, 25409.0], [1.60947559700071, 25016.0], [1.647426355000789, 24755.999999999996], [1.6599136180011556, 24454.0], [1.7102913100025035, 24454.0], [2.1241675010023755, 24454.0], [2.3723631399952865, 24454.0]]",29.965002948,29.963899793,0.9999631852197073,False,75.0,1901.265625,1,,,,,a6c89e67e1516fe42fe2,2.372210087996791,24454.0,1967.0,1967.0,4.0,"{""interior"": 492, ""fronteira"": 492, ""liberacao"": 492, ""regret"": 491, ""abertura"": 0}","{""interior"": 0, ""fronteira"": 0, ""liberacao"": 0, ""regret"": 0, ""abertura"": 0}",1.6213078640685126,25.60915074298464,0.0,1521.0,0.0,
holmberg_p61,holmberg,2.9624753127057275,30,200,hibridopl:rotacao,24454.0,True,-1,1,30.0,29.96739604,0.0,24454.0,24454.0,otimo_publicado,"[[0.311503355998866, 28382.0], [0.4448987469986605, 26623.000000000004], [0.7618374789999507, 25994.99999999999], [1.2259080379990337, 25409.0], [1.6171328499985975, 25409.0], [1.659973160996742, 25016.0], [1.6973590949965, 24755.999999999996], [1.7096253229974536, 24454.0], [1.7611344339966308, 24454.0], [1.9785667329997523, 24454.0], [2.218770040999516, 24454.0]]",29.96739604,29.965961411,0.9999521270050262,False,75.0,1436.55078125,2,,,,,a6c89e67e1516fe42fe2,2.218633664000663,24454.0,1974.0,1974.0,4.0,"{""interior"": 494, ""fronteira"": 494, ""liberacao"": 493, ""regret"": 493, ""abertura"": 0}","{""interior"": 0, ""fronteira"": 0, ""liberacao"": 0, ""regret"": 0, ""abertura"": 0}",1.6115441240362998,25.784686000970396,0.0,1536.0,0.0,
holmberg_p61,holmberg,2.9624753127057275,30,200,hibridopl:rotacao,24454.0,True,-1,2,30.0,29.95215319,0.0,24454.0,24454.0,otimo_publicado,"[[0.1726492599955236, 28382.0], [0.3064038869961223, 26623.000000000004], [0.6267389909953636, 25994.99999999999], [1.0920811029973265, 25409.0], [1.6181977489977726, 25409.0], [1.6612262699964049, 25016.0], [1.6988360669965914, 24755.999999999996], [1.7112017379949975, 24454.0], [1.7612192319975293, 24454.0], [2.176394240002992, 24454.0], [2.426815605002048, 24454.0]]",29.95215319,29.951556986,0.9999800947866346,False,75.0,1449.12890625,3,,,,,a6c89e67e1516fe42fe2,2.4266657080006553,24454.0,1931.0,1931.0,4.0,"{""interior"": 483, ""fronteira"": 483, ""liberacao"": 483, ""regret"": 482, ""abertura"": 0}","{""interior"": 0, ""fronteira"": 0, ""liberacao"": 0, ""regret"": 0, ""abertura"": 0}",1.5923090120595589,25.568669305986987,0.0,1500.0,0.0,
holmberg_p61,holmberg,2.9624753127057275,30,200,kernel,24454.0,True,-1,0,30.0,0.796208362,0.0,24454.0,24454.0,otimo_publicado,"[[0.1804923020026763, 25016.0], [0.2188192030043865, 24755.999999999996], [0.2313722980034072, 24454.0], [0.4370305670017842, 24454.0], [0.6683272240043152, 24454.0]]",0.796208362,0.796193528,0.999981369198431,False,74.8,1449.12890625,3,3.0,,0.4,3.0,a6c89e67e1516fe42fe2,,,,,,,,,,,,,0.10126673900231253
holmberg_p62,holmberg,2.9624753127057275,30,200,adaptativa:gnn,32704.0,True,0,0,30.0,29.266617527,0.0,32643.0,32643.0,otimo_publicado,"[[0.2809858289983822, 37020.0], [0.34475757199834334, 36788.999999999985], [0.486850584995409, 35087.99999999998], [0.9290694419978536, 33627.0], [0.9741904379989137, 33466.0], [7.4891210879941355, 33466.0], [10.58258027699776, 33466.0], [11.667409703994053, 33091.0], [12.569996993996028, 33076.0], [15.239302255991788, 33076.0], [17.7893329019862, 32753.0], [18.180695018985716, 32704.0]]",29.266617527,29.264091912,0.9999137032150138,False,75.3,1436.5546875,2,11.0,False,1.0,4.0,a6c89e67e1516fe42fe2,,,,,,,,,,,,,
holmberg_p62,holmberg,2.9624753127057275,30,200,adaptativa:pl,32643.0,True,-1,0,30.0,29.102506332,0.0,32643.0,32643.0,otimo_publicado,"[[0.25370507600018755, 35101.0], [0.29292732699832413, 34684.0], [0.46687241299514426, 34683.00000000002], [0.989170409993676, 33093.0], [1.0750003439970897, 33024.0], [1.7688307239950518, 33017.0], [2.326788749996922, 33003.0], [4.661076148993743, 33003.0], [5.517091811998398, 32864.0], [5.61185272399598, 32671.0], [6.687408288998995, 32667.0], [6.975107194994052, 32654.999999999985], [6.984248188993661, 32643.000000000004], [7.04158458999882, 32643.0], [12.70657671400113, 32643.0]]",29.102506332,29.101911962,0.9999795766731147,False,75.0,1492.96484375,3,69.0,True,1.0,4.0,a6c89e67e1516fe42fe2,,,,,,,,,,,,,
holmberg_p62,holmberg,2.9624753127057275,30,200,completo,32643.0,True,-1,0,30.0,23.403984827,0.0,32643.0,32643.0,otimo_publicado,"[[0.20846506899397355, 53882.0], [0.5097447119987919, 43457.0], [0.5107589769977494, 40457.0], [0.7372597749999841, 40291.00000000003], [1.374105454000528, 39562.00000000003], [4.471391928993398, 32714.0], [13.269401310993999, 32655.999999999996], [13.666515976998198, 32643.0]]",23.403984827,23.402437403,0.9999338820285759,False,75.3,1901.265625,1,47.0,True,1.0,1.0,a6c89e67e1516fe42fe2,,,,,,,,,,,,,
holmberg_p62,holmberg,2.9624753127057275,30,200,hibrido:rotacao,32656.0,True,-1,0,30.0,29.953063545,0.0,32643.0,32643.0,otimo_publicado,"[[0.28172166698641377, 37020.0], [0.34605381298752036, 36788.999999999985], [0.48765932198875817, 35087.99999999998], [0.9292311669851188, 33627.0], [0.9744500169908861, 33466.0], [3.756451350993302, 33466.0], [6.453086319983413, 33466.0], [7.540292894984304, 33091.0], [8.443187900986231, 33076.0], [8.718663780993666, 33076.0], [11.258822067989968, 32753.0], [11.651643940989743, 32704.0], [14.690566065990424, 32704.0], [14.70258884398936, 32701.0], [14.764100004991633, 32697.0], [14.77596786099457, 32696.0], [14.80384092899476, 32656.0]]",29.953063545,29.95154662,0.9999493565992768,False,75.0,1436.5546875,2,,,,,a6c89e67e1516fe42fe2,14.690418383994256,32704.0,933.0,933.0,3.0,"{""interior"": 234, ""fronteira"": 233, ""liberacao"": 233, ""regret"": 233, ""abertura"": 0}","{""interior"": 2, ""fronteira"": 1, ""liberacao"": 1, ""regret"": 0, ""abertura"": 0}",0.7867758679276449,14.290888819858083,0.0,664.0,0.0,
holmberg_p62,holmberg,2.9624753127057275,30,200,hibrido:rotacao,32643.0,True,-1,1,30.0,29.961053626,0.0,32643.0,32643.0,otimo_publicado,"[[0.27646575999824563, 37020.0], [0.34002449899708154, 36788.999999999985], [0.4813089380040765, 35087.99999999998], [1.3410333400024683, 33599.0], [1.404163282000809, 33468.0], [2.030103616998531, 33466.0], [4.014091370998358, 33466.0], [6.468505456003186, 33466.0], [7.509197742001561, 33076.0], [8.455894724997052, 33073.0], [8.540659352998773, 33073.0], [11.373592833995644, 32765.0], [12.189269535992935, 32705.0], [14.681499085003452, 32705.0], [14.731801923000603, 32702.0], [14.751425690999895, 32698.0], [14.81886741600465, 32687.0], [14.92962337800418, 32677.0], [15.201215129003685, 32656.0], [15.37654209700122, 32643.0]]",29.961053626,29.959879014,0.9999607953707282,False,75.0,1901.265625,1,,,,,a6c89e67e1516fe42fe2,14.681349249003688,32705.0,941.0,941.0,4.0,"{""interior"": 236, ""fronteira"": 235, ""liberacao"": 235, ""regret"": 235, ""abertura"": 0}","{""interior"": 1, ""fronteira"": 1, ""liberacao"": 2, ""regret"": 2, ""abertura"": 0}",0.7978428139540483,14.293303828977514,0.0,652.0,0.0,
holmberg_p62,holmberg,2.9624753127057275,30,200,hibrido:rotacao,32656.0,True,-1,2,30.0,29.970292294,0.0,32643.0,32643.0,otimo_publicado,"[[0.28063407800073037, 37020.0], [0.34429653100232827, 36788.999999999985], [0.485051994000969, 35087.99999999998], [0.929294909001328, 33599.0], [0.9907656330033205, 33468.0], [3.709882719005691, 33466.0], [3.7535516260031727, 33466.0], [6.453286038995429, 33466.0], [7.586562481999863, 33076.0], [8.75251701000525, 33076.0], [12.323661184003868, 32731.0], [14.692770121000649, 32731.0], [14.71999130599579, 32728.0], [14.832357187995513, 32677.0], [14.87563599999703, 32674.0], [14.888905575993704, 32671.0], [15.000120956996398, 32656.0]]",29.970292294,29.968301342,0.9999335691497276,False,75.3,1493.08984375,3,,,,,a6c89e67e1516fe42fe2,14.692576361994725,32731.0,898.0,898.0,4.0,"{""interior"": 225, ""fronteira"": 225, ""liberacao"": 224, ""regret"": 224, ""abertura"": 0}","{""interior"": 3, ""fronteira"": 1, ""liberacao"": 1, ""regret"": 0, ""abertura"": 0}",0.784201799047878,14.292881756024144,0.0,627.0,0.0,
holmberg_p62,holmberg,2.9624753127057275,30,200,hibridopl:rotacao,32643.0,True,-1,0,30.0,29.953854975,0.0,32643.0,32643.0,otimo_publicado,"[[0.2528142070004833, 35101.0], [0.2923087340022903, 34684.0], [0.46654053399834083, 34683.00000000002], [0.9848371940024663, 33093.0], [1.0709002599978703, 33024.0], [1.762107060996641, 33017.0], [2.3175678519983194, 33003.0], [3.7382364369987044, 33003.0], [4.589719361996686, 32864.0], [4.684986751999531, 32671.0], [5.760924397000053, 32667.0], [6.048317581000447, 32654.999999999985], [6.057401474994549, 32643.000000000004], [6.26142773200263, 32643.0], [8.283318776004307, 32643.0], [14.668986507007503, 32643.0]]",29.953854975,29.953238508,0.9999794194436571,False,75.0,1493.08984375,3,,,,,a6c89e67e1516fe42fe2,14.668831690003572,32643.0,923.0,923.0,8.0,"{""interior"": 231, ""fronteira"": 231, ""liberacao"": 231, ""regret"": 230, ""abertura"": 0}","{""interior"": 0, ""fronteira"": 0, ""liberacao"": 0, ""regret"": 0, ""abertura"": 0}",0.7809882809451665,14.314445040974533,0.0,661.0,0.0,
holmberg_p62,holmberg,2.9624753127057275,30,200,hibridopl:rotacao,32643.0,True,-1,1,30.0,30.029700482,0.029700481999999084,32643.0,32643.0,otimo_publicado,"[[0.2497589210033766, 35101.0], [0.28871662400342757, 34684.0], [0.46173129500675714, 34683.00000000002], [0.552712850003445, 34331.000000000015], [0.9717111760037369, 33037.0], [1.1901594960072543, 33003.0], [1.392510547004349, 33003.0], [2.7259258970007068, 32864.0], [2.762611400001333, 32671.0], [4.538940527003433, 32671.0], [5.775294049999502, 32660.0], [7.0698183120039175, 32660.0], [14.608074841999041, 32660.0], [14.657628509005008, 32657.0], [14.702116313004808, 32656.0], [15.108233291000943, 32643.0]]",30.029700482,30.028552731,0.9999617794722698,False,75.0,1901.265625,1,,,,,a6c89e67e1516fe42fe2,14.607918030000292,32660.0,947.0,947.0,7.0,"{""interior"": 237, ""fronteira"": 237, ""liberacao"": 237, ""regret"": 236, ""abertura"": 0}","{""interior"": 0, ""fronteira"": 2, ""liberacao"": 1, ""regret"": 0, ""abertura"": 0}",0.8016241459772573,14.43062673399254,0.0,657.0,0.0,
holmberg_p62,holmberg,2.9624753127057275,30,200,hibridopl:rotacao,32656.0,True,-1,2,30.0,29.982134188,0.0,32643.0,32643.0,otimo_publicado,"[[0.2494508429954294, 35101.0], [0.28856506099691615, 34684.0], [0.4622183069950552, 34683.00000000002], [1.0113063929966302, 33093.0], [1.0658385529968655, 33024.0], [1.1996031459930236, 33003.0], [1.2334572589898016, 33003.0], [2.3056515869902796, 32864.0], [2.3390040609956486, 32671.0], [4.7906758120007, 32671.0], [7.085808501004067, 32671.0], [14.608797767999931, 32671.0], [14.628659437999886, 32670.0], [14.656981929001631, 32659.0], [14.788556012004847, 32656.0]]",29.982134188,29.980656695,0.9999507208862873,False,75.0,1436.56640625,2,,,,,a6c89e67e1516fe42fe2,14.60860404700361,32671.0,923.0,923.0,8.0,"{""interior"": 231, ""fronteira"": 231, ""liberacao"": 231, ""regret"": 230, ""abertura"": 0}","{""interior"": 2, ""fronteira"": 0, ""liberacao"": 1, ""regret"": 0, ""abertura"": 0}",0.7822781611321261,14.407548390001466,0.0,651.0,0.0,
holmberg_p62,holmberg,2.9624753127057275,30,200,kernel,32643.0,True,-1,0,30.0,23.6179907,0.0,32643.0,32643.0,otimo_publicado,"[[0.28869870199559955, 38749.0], [0.5303578839957481, 38336.999999999985], [0.5988197970000328, 38229.00000000006], [2.6394470239974908, 32921.0], [2.8652359409970813, 32732.0], [6.694325548996858, 32643.0], [7.347014238999691, 32643.0]]",23.6179907,23.617205146,0.9999667391688828,False,75.0,1901.265625,1,59.0,,0.5666666666666667,2.0,a6c89e67e1516fe42fe2,,,,,,,,,,,,,0.17883357599930605
holmberg_p63,holmberg,2.9624753127057275,30,200,adaptativa:gnn,25105.0,True,0,0,30.0,2.182955331,0.0,25105.0,25105.0,otimo_publicado,"[[0.197641057005967, 27377.0], [0.24299037400487578, 25681.99999999999], [0.7471963200005121, 25584.0], [0.7628142130051856, 25582.0], [0.8341414520036778, 25582.0], [1.3607331110033556, 25582.0], [1.6548768290085718, 25236.000000000004], [1.7419388569978764, 25236.0], [2.011936124996282, 25127.999999999996], [2.1780365259983228, 25105.0]]",2.182955331,2.182886954,0.999968676867076,False,75.0,1577.08203125,3,4.0,True,1.0,4.0,a6c89e67e1516fe42fe2,,,,,,,,,,,,,
holmberg_p63,holmberg,2.9624753127057275,30,200,adaptativa:pl,25105.0,True,-1,0,30.0,1.402269954,0.0,25105.0,25105.0,otimo_publicado,"[[0.1747951329962234, 26439.0], [0.2088431079973816, 25593.0], [0.22325575199647574, 25203.999999999996], [0.2509672199958004, 25201.0], [0.42601394899975276, 25201.0], [0.512711279996438, 25127.99999999999], [0.572418273994117, 25109.999999999993], [0.5869305589949363, 25105.0], [0.639917427994078, 25105.0], [0.9918275290037855, 25105.0]]",1.402269954,1.402201555,0.9999512226588005,False,75.0,1902.359375,1,4.0,True,1.0,4.0,a6c89e67e1516fe42fe2,,,,,,,,,,,,,
holmberg_p63,holmberg,2.9624753127057275,30,200,completo,25105.0,True,-1,0,30.0,0.968804693,0.0,25105.0,25105.0,otimo_publicado,"[[0.34221281499776524, 39121.0], [0.4444060050009284, 26039.99999999999], [0.6674914600007469, 25197.000000000004], [0.7750514919971465, 25178.000000000007], [0.9018186239991337, 25105.0]]",0.968804693,0.96876667,0.9999607526674109,False,75.2,1447.08203125,2,1.0,True,1.0,1.0,a6c89e67e1516fe42fe2,,,,,,,,,,,,,
holmberg_p63,holmberg,2.9624753127057275,30,200,hibrido:rotacao,25105.0,True,-1,0,30.0,29.957341309,0.0,25105.0,25105.0,otimo_publicado,"[[0.19226840499322861, 27377.0], [0.2374432149954373, 25681.99999999999], [0.7412176819925662, 25584.0], [0.7569213539973134, 25582.0], [0.8280719659960596, 25582.0], [1.1954565810010536, 25582.0], [1.4853918809967581, 25236.000000000004], [1.7696978880048846, 25236.0], [2.0427742290048627, 25127.999999999996], [2.2103432420044555, 25105.0], [2.2146368970061303, 25105.0]]",29.957341309,29.95620253,0.9999619866466702,False,75.0,1902.359375,1,,,,,a6c89e67e1516fe42fe2,2.2144866730013746,25105.0,1660.0,1660.0,4.0,"{""interior"": 415, ""fronteira"": 415, ""liberacao"": 415, ""regret"": 415, ""abertura"": 0}","{""interior"": 0, ""fronteira"": 0, ""liberacao"": 0, ""regret"": 0, ""abertura"": 0}",1.3182260970133939,26.103769660032413,0.0,1402.0,0.0,
holmberg_p63,holmberg,2.9624753127057275,30,200,hibrido:rotacao,25105.0,True,-1,1,30.0,29.977839698,0.0,25105.0,25105.0,otimo_publicado,"[[0.19642444299825002, 27377.0], [0.24166990700177848, 25681.99999999999], [0.6850901020006859, 25584.0], [0.6982984920032322, 25582.0], [0.7737806779987295, 25582.0], [1.143365042997175, 25582.0], [1.4560408809993532, 25236.0], [1.7383125469932565, 25236.0], [2.011412672996812, 25127.999999999996], [2.1794297229935182, 25105.0], [2.1834903870039852, 25105.0]]",29.977839698,29.977259942,0.999980660514372,False,75.0,1577.08203125,3,,,,,a6c89e67e1516fe42fe2,2.183351351006422,25105.0,1671.0,1671.0,4.0,"{""interior"": 418, ""fronteira"": 418, ""liberacao"": 418, ""regret"": 417, ""abertura"": 0}","{""interior"": 0, ""fronteira"": 0, ""liberacao"": 0, ""regret"": 0, ""abertura"": 0}",1.3128151647906634,26.15126553189475,0.0,1395.0,0.0,
holmberg_p63,holmberg,2.9624753127057275,30,200,hibrido:rotacao,25105.0,True,-1,2,30.0,29.964775253,0.0,25105.0,25105.0,otimo_publicado,"[[0.19706937000592006, 27377.0], [0.24211636100517353, 25681.99999999999], [0.6863724640061264, 25584.0], [0.6996122760028811, 25582.0], [0.7759826049950789, 25582.0], [1.143663994000235, 25582.0], [1.4346830889990088, 25236.0], [1.517180349001137, 25236.0], [1.78490500299813, 25127.999999999996], [1.9506638159946306, 25105.0], [1.9549090750006144, 25105.0]]",29.964775253,29.963702418,0.999964196794705,False,75.0,1902.359375,1,,,,,a6c89e67e1516fe42fe2,1.9547412719985005,25105.0,1622.0,1622.0,4.0,"{""interior"": 406, ""fronteira"": 406, ""liberacao"": 405, ""regret"": 405, ""abertura"": 0}","{""interior"": 0, ""fronteira"": 0, ""liberacao"": 0, ""regret"": 0, ""abertura"": 0}",1.2778508609771961,26.423277089968906,0.0,1353.0,0.0,
holmberg_p63,holmberg,2.9624753127057275,30,200,hibridopl:rotacao,25105.0,True,-1,0,30.0,29.964121078,0.0,25105.0,25105.0,otimo_publicado,"[[0.174566888003028, 26439.0], [0.2086101070017321, 25593.0], [0.2230812780035194, 25203.999999999996], [0.25108530500438064, 25201.0], [0.287178667007538, 25201.0], [0.3728625510048005, 25127.99999999999], [0.43229519300803076, 25109.999999999993], [0.4468692860027659, 25105.0], [0.4976747170003364, 25105.0], [0.8454360600007931, 25105.0], [1.2496560209983727, 25105.0]]",29.964121078,29.962716705,0.9999531315136411,False,75.0,1449.08203125,2,,,,,a6c89e67e1516fe42fe2,1.2495147559966426,25105.0,1715.0,1715.0,4.0,"{""interior"": 429, ""fronteira"": 429, ""liberacao"": 429, ""regret"": 428, ""abertura"": 0}","{""interior"": 0, ""fronteira"": 0, ""liberacao"": 0, ""regret"": 0, ""abertura"": 0}",1.344958406923979,27.045364950143266,0.0,1448.0,0.0,
holmberg_p63,holmberg,2.9624753127057275,30,200,hibridopl:rotacao,25105.0,True,-1,1,30.0,29.953143201,0.0,25105.0,25105.0,otimo_publicado,"[[0.17259758000000147, 26439.0], [0.20700092900369782, 25593.0], [0.22145055999862961, 25203.999999999996], [0.24939844100299524, 25201.0], [0.28483156400034204, 25201.0], [0.3706824999972014, 25127.99999999999], [0.44326693099719705, 25105.0], [0.4942934599966975, 25105.0], [1.0480225310020614, 25105.0], [1.4612400050027645, 25105.0]]",29.953143201,29.95252551,0.9999793780907782,False,75.0,1528.94921875,3,,,,,a6c89e67e1516fe42fe2,1.4610899010003777,25105.0,1690.0,1690.0,4.0,"{""interior"": 423, ""fronteira"": 423, ""liberacao"": 422, ""regret"": 422, ""abertura"": 0}","{""interior"": 0, ""fronteira"": 0, ""liberacao"": 0, ""regret"": 0, ""abertura"": 0}",1.350800733001961,26.789927765763423,0.0,1413.0,0.0,
holmberg_p63,holmberg,2.9624753127057275,30,200,hibridopl:rotacao,25105.0,True,-1,2,30.0,30.00536383,0.005363830000000291,25105.0,25105.0,otimo_publicado,"[[0.17399413899693172, 26439.0], [0.20832960800180444, 25593.0], [0.22265295800025342, 25203.999999999996], [0.23985924699809402, 25201.0], [0.28465204399981303, 25201.0], [0.36949392299720785, 25127.99999999999], [0.44144988100015325, 25105.0], [0.4919984879961703, 25105.0], [0.8371786810021149, 25105.0], [1.2380533520044992, 25105.0]]",30.00536383,30.003877699,0.9999504711554767,False,75.0,1449.08203125,2,,,,,a6c89e67e1516fe42fe2,1.2378976489999332,25105.0,1649.0,1649.0,4.0,"{""interior"": 413, ""fronteira"": 412, ""liberacao"": 412, ""regret"": 412, ""abertura"": 0}","{""interior"": 0, ""fronteira"": 0, ""liberacao"": 0, ""regret"": 0, ""abertura"": 0}",1.3300873211046564,27.10546523299854,0.0,1377.0,0.0,
holmberg_p63,holmberg,2.9624753127057275,30,200,kernel,25105.0,True,-1,0,30.0,1.352147387,0.0,25105.0,25105.0,otimo_publicado,"[[0.174854803008202, 25403.0], [0.21714173100917833, 25127.99999999999], [0.27677228100947104, 25109.999999999993], [0.2912121450062841, 25105.0], [0.5410208550092648, 25105.0], [1.047526395006571, 25105.0]]",1.352147387,1.352122862,0.9999818621843773,False,75.0,1902.359375,1,2.0,,0.4,3.0,a6c89e67e1516fe42fe2,,,,,,,,,,,,,0.10036745100660482
holmberg_p64,holmberg,3.949967083607637,30,200,adaptativa:gnn,20530.0,True,0,0,30.0,0.98799694,0.0,20530.0,20530.0,otimo_publicado,"[[0.1503710869983479, 22788.0], [0.18352799999775016, 22768.0], [0.22945245299706585, 22768.0], [0.3306103289978637, 22176.0], [0.38574623199747293, 22176.0], [0.5178195819971734, 21743.0], [0.7626836050003476, 21743.0], [0.9847017440006312, 20530.0]]",0.98799694,0.987957594,0.9999601759900187,False,75.1,1292.8046875,2,4.0,True,1.0,4.0,a6c89e67e1516fe42fe2,,,,,,,,,,,,,
holmberg_p64,holmberg,3.949967083607637,30,200,adaptativa:pl,20530.0,True,-1,0,30.0,0.461797252,0.0,20530.0,20530.0,otimo_publicado,"[[0.14221649400133174, 21434.0], [0.21261724400392268, 21434.0], [0.25951355900178896, 21193.0], [0.3451219790003961, 21193.0], [0.45934800599934533, 20530.0]]",0.461797252,0.461794444,0.9999939194094641,False,74.6,1404.98828125,3,3.0,True,0.6,3.0,a6c89e67e1516fe42fe2,,,,,,,,,,,,,
holmberg_p64,holmberg,3.949967083607637,30,200,completo,20530.0,True,-1,0,30.0,0.440308468,0.0,20530.0,20530.0,otimo_publicado,"[[0.3429754149983637, 23882.0], [0.436317969000811, 20530.0]]",0.440308468,0.440291738,0.999962003910404,False,75.7,1884.83984375,1,1.0,True,1.0,1.0,a6c89e67e1516fe42fe2,,,,,,,,,,,,,
holmberg_p64,holmberg,3.949967083607637,30,200,hibrido:rotacao,20530.0,True,-1,0,30.0,29.950525651,0.0,20530.0,20530.0,otimo_publicado,"[[0.15098910899905604, 22788.0], [0.18464683199999854, 22768.0], [0.2306823409962817, 22768.0], [0.3331277909965138, 22176.0], [0.3898263280025276, 22176.0], [0.5221747860014148, 21743.0], [0.601726608001627, 21743.0], [0.8261184549992322, 20530.0], [0.8294602900023165, 20530.0]]",29.950525651,29.949425157,0.9999632562709309,False,75.0,1884.83984375,1,,,,,a6c89e67e1516fe42fe2,0.8293070239997178,20530.0,2939.0,2939.0,4.0,"{""interior"": 735, ""fronteira"": 735, ""liberacao"": 735, ""regret"": 734, ""abertura"": 0}","{""interior"": 0, ""fronteira"": 0, ""liberacao"": 0, ""regret"": 0, ""abertura"": 0}",1.6325909078914265,26.999583177082968,0.0,2783.0,0.0,
holmberg_p64,holmberg,3.949967083607637,30,200,hibrido:rotacao,20530.0,True,-1,1,30.0,29.950205246,0.0,20530.0,20530.0,otimo_publicado,"[[0.1509005689949845, 22788.0], [0.18469487999755074, 22768.0], [0.23058128299817326, 22768.0], [0.33168327900057193, 22176.0], [0.38625374999901396, 22176.0], [0.5213025569973979, 21743.0], [0.6019389700013562, 21743.0], [0.8243498530027864, 20530.0], [0.8274213949989644, 20530.0]]",29.950205246,29.949548276,0.999978064591057,False,75.0,1408.98828125,3,,,,,a6c89e67e1516fe42fe2,0.8272789750008087,20530.0,2762.0,2762.0,4.0,"{""interior"": 691, ""fronteira"": 691, ""liberacao"": 690, ""regret"": 690, ""abertura"": 0}","{""interior"": 0, ""fronteira"": 0, ""liberacao"": 0, ""regret"": 0, ""abertura"": 0}",1.5596100540387852,27.06177511793794,0.0,2581.0,0.0,
holmberg_p64,holmberg,3.949967083607637,30,200,hibrido:rotacao,20530.0,True,-1,2,30.0,29.952810644,0.0,20530.0,20530.0,otimo_publicado,"[[0.1484451469987107, 22788.0], [0.1822188330006611, 22768.0], [0.22790649099988514, 22768.0], [0.3283666349998384, 22176.0], [0.3825186930007476, 22176.0], [0.5186394440024742, 21743.0], [0.7984151989985548, 21743.0], [1.0288570310003706, 20530.0], [1.032281960004184, 20530.0]]",29.952810644,29.95181918,0.9999668991330468,False,75.0,1884.83984375,1,,,,,a6c89e67e1516fe42fe2,1.0321155170022394,20530.0,2849.0,2849.0,4.0,"{""interior"": 713, ""fronteira"": 712, ""liberacao"": 712, ""regret"": 712, ""abertura"": 0}","{""interior"": 0, ""fronteira"": 0, ""liberacao"": 0, ""regret"": 0, ""abertura"": 0}",1.6063953769989894,26.83203979998507,0.0,2706.0,0.0,
holmberg_p64,holmberg,3.949967083607637,30,200,hibridopl:rotacao,20530.0,True,-1,0,30.0,29.951425176,0.0,20530.0,20530.0,otimo_publicado,"[[0.13766881700212252, 21434.0], [0.3747223509999458, 21434.0], [0.4226883689989336, 21193.0], [0.5081033260030381, 21193.0], [0.6226635930033808, 20530.0], [0.6250784899966675, 20530.0]]",29.951425176,29.950807008,0.9999793609821113,False,75.0,1404.98828125,3,,,,,a6c89e67e1516fe42fe2,0.6249422209984914,20530.0,2951.0,2951.0,3.0,"{""interior"": 738, ""fronteira"": 738, ""liberacao"": 738, ""regret"": 737, ""abertura"": 0}","{""interior"": 0, ""fronteira"": 0, ""liberacao"": 0, ""regret"": 0, ""abertura"": 0}",1.6366613000318466,27.190484583992657,0.0,2794.0,0.0,
holmberg_p64,holmberg,3.949967083607637,30,200,hibridopl:rotacao,20530.0,True,-1,1,30.0,29.969406379,0.0,20530.0,20530.0,otimo_publicado,"[[0.27246056299918564, 21434.0], [0.3427465479981038, 21434.0], [0.38995267099744524, 21193.0], [0.4755515139986528, 21193.0], [0.5903287889959756, 20530.0], [0.5926839620005921, 20530.0]]",29.969406379,29.967966545,0.999951956539219,False,75.0,1292.8046875,2,,,,,a6c89e67e1516fe42fe2,0.5925475750009355,20530.0,2835.0,2835.0,3.0,"{""interior"": 709, ""fronteira"": 709, ""liberacao"": 709, ""regret"": 708, ""abertura"": 0}","{""interior"": 0, ""fronteira"": 0, ""liberacao"": 0, ""regret"": 0, ""abertura"": 0}",1.5801204571689595,27.32704190700315,0.0,2650.0,0.0,
holmberg_p64,holmberg,3.949967083607637,30,200,hibridopl:rotacao,20530.0,True,-1,2,30.0,29.953027459,0.0,20530.0,20530.0,otimo_publicado,"[[0.1416326569960802, 21434.0], [0.21099838899681345, 21434.0], [0.25683112999467994, 21193.0], [0.3418850579946593, 21193.0], [0.4527840329974424, 20530.0], [0.45507397199980915, 20530.0]]",29.953027459,29.951614779,0.9999528368208545,False,75.0,1292.8046875,2,,,,,a6c89e67e1516fe42fe2,0.45494140699884156,20530.0,2923.0,2923.0,3.0,"{""interior"": 731, ""fronteira"": 731, ""liberacao"": 731, ""regret"": 730, ""abertura"": 0}","{""interior"": 0, ""fronteira"": 0, ""liberacao"": 0, ""regret"": 0, ""abertura"": 0}",1.619556799007114,27.39527118206024,0.0,2777.0,0.0,
holmberg_p64,holmberg,3.949967083607637,30,200,kernel,20530.0,True,-1,0,30.0,0.655017956,0.0,20530.0,20530.0,otimo_publicado,"[[0.16199899099592585, 20530.0], [0.4256833459949121, 20530.0]]",0.655017956,0.655003991,0.9999786799737747,False,74.9,1404.98828125,3,2.0,,0.5,2.0,a6c89e67e1516fe42fe2,,,,,,,,,,,,,0.06413059899932705
holmberg_p65,holmberg,3.949967083607637,30,200,adaptativa:gnn,24445.0,True,0,0,30.0,1.068436523,0.0,24445.0,24445.0,otimo_publicado,"[[0.18742333599948324, 26388.0], [0.2306187559988757, 26068.0], [0.2766316619963618, 26068.0], [0.39345581799716456, 25626.0], [0.602283220992831, 25626.0], [0.7439564249943942, 25043.0], [0.8276799150007719, 25043.0], [1.0642573030017957, 24445.0]]",1.068436523,1.06841502,0.9999798743308216,False,75.2,1449.12890625,3,4.0,True,1.0,4.0,a6c89e67e1516fe42fe2,,,,,,,,,,,,,
holmberg_p65,holmberg,3.949967083607637,30,200,adaptativa:pl,24445.0,True,-1,0,30.0,0.452385779,0.0,24445.0,24445.0,otimo_publicado,"[[0.29209272900334327, 26670.0], [0.32231429500097875, 26272.0], [0.3347337270024582, 26268.0], [0.3695192120030697, 26268.0], [0.41296741500264034, 24445.0]]",0.452385779,0.45234362,0.9999068074153586,False,75.1,1436.55078125,2,2.0,True,0.4,2.0,a6c89e67e1516fe42fe2,,,,,,,,,,,,,
holmberg_p65,holmberg,3.949967083607637,30,200,completo,24445.0,True,-1,0,30.0,0.328829712,0.0,24445.0,24445.0,otimo_publicado,"[[0.2085059960008948, 32882.0], [0.32460541399996146, 24445.0]]",0.328829712,0.328823115,0.9999799379442937,False,75.4,1901.265625,1,1.0,True,1.0,1.0,a6c89e67e1516fe42fe2,,,,,,,,,,,,,
holmberg_p65,holmberg,3.949967083607637,30,200,hibrido:rotacao,24445.0,True,-1,0,30.0,29.955602344,0.0,24445.0,24445.0,otimo_publicado,"[[0.18609501600076328, 26388.0], [0.22869978499875288, 26068.0], [0.2742110800027149, 26068.0], [0.38865369300401653, 25626.0], [0.5982398010019097, 25626.0], [0.7407341760008421, 25043.0], [0.8224992990035389, 25043.0], [1.0572904690052383, 24445.0], [1.0612084019994654, 24445.0]]",29.955602344,29.954111201,0.9999502215651391,False,75.0,1436.55078125,2,,,,,a6c89e67e1516fe42fe2,1.0610700020006334,24445.0,2400.0,2400.0,4.0,"{""interior"": 600, ""fronteira"": 600, ""liberacao"": 600, ""regret"": 600, ""abertura"": 0}","{""interior"": 0, ""fronteira"": 0, ""liberacao"": 0, ""regret"": 0, ""abertura"": 0}",1.9306506949142204,26.570181216964556,0.0,1863.0,0.0,
holmberg_p65,holmberg,3.949967083607637,30,200,hibrido:rotacao,24445.0,True,-1,1,30.0,29.958053652,0.0,24445.0,24445.0,otimo_publicado,"[[0.1846204140019836, 26388.0], [0.2275915980026184, 26068.0], [0.27320178800073336, 26068.0], [0.3883509289989888, 25626.0], [0.6177513530019496, 25626.0], [0.7630664120006259, 25043.0], [0.8477030510002805, 25043.0], [1.090875257999869, 24445.0], [1.0949946240034478, 24445.0]]",29.958053652,29.957187947,0.9999711027622136,False,75.0,1901.265625,1,,,,,a6c89e67e1516fe42fe2,1.0948317990005307,24445.0,2354.0,2354.0,4.0,"{""interior"": 589, ""fronteira"": 589, ""liberacao"": 588, ""regret"": 588, ""abertura"": 0}","{""interior"": 0, ""fronteira"": 0, ""liberacao"": 0, ""regret"": 0, ""abertura"": 0}",1.9168225121102296,26.541579684948374,0.0,1820.0,0.0,
holmberg_p65,holmberg,3.949967083607637,30,200,hibrido:rotacao,24445.0,True,-1,2,30.0,29.956084637,0.0,24445.0,24445.0,otimo_publicado,"[[0.18369670800166205, 26388.0], [0.22624979100146447, 26068.0], [0.2712285210000118, 26068.0], [0.3845000199980859, 25626.0], [0.4401919590018224, 25626.0], [0.5780334949995449, 25043.0], [0.838690915999905, 25043.0], [1.077270370999031, 24445.0], [1.0808841430007305, 24445.0]]",29.956084637,29.953790847,0.9999234282441182,False,75.3,1436.55078125,2,,,,,a6c89e67e1516fe42fe2,1.080741752000904,24445.0,2314.0,2314.0,4.0,"{""interior"": 579, ""fronteira"": 579, ""liberacao"": 578, ""regret"": 578, ""abertura"": 0}","{""interior"": 0, ""fronteira"": 0, ""liberacao"": 0, ""regret"": 0, ""abertura"": 0}",1.8535626029479317,26.635945225039904,0.0,1793.0,0.0,
holmberg_p65,holmberg,3.949967083607637,30,200,hibridopl:rotacao,24445.0,True,-1,0,30.0,29.953468717,0.0,24445.0,24445.0,otimo_publicado,"[[0.1603351539997675, 26670.0], [0.19119462599701365, 26272.0], [0.20398590299737407, 26268.0], [0.23982792399692698, 26268.0], [0.2838102789974073, 24445.0], [0.32353194499592064, 24445.0]]",29.953468717,29.951553772,0.9999360693408135,False,75.3,1449.12890625,3,,,,,a6c89e67e1516fe42fe2,0.3233978069984005,24445.0,2448.0,2448.0,2.0,"{""interior"": 612, ""fronteira"": 612, ""liberacao"": 612, ""regret"": 612, ""abertura"": 0}","{""interior"": 0, ""fronteira"": 0, ""liberacao"": 0, ""regret"": 0, ""abertura"": 0}",1.9709808119332592,27.237814140011324,0.0,1902.0,0.0,
holmberg_p65,holmberg,3.949967083607637,30,200,hibridopl:rotacao,24445.0,True,-1,1,30.0,29.954716534,0.0,24445.0,24445.0,otimo_publicado,"[[0.1609172700009367, 26670.0], [0.19149757800187217, 26272.0], [0.20414884100318886, 26268.0], [0.37555545800569234, 26268.0], [0.4205173930058663, 24445.0], [0.46050874200227554, 24445.0]]",29.954716534,29.95410499,0.9999795843836711,False,75.0,1449.12890625,3,,,,,a6c89e67e1516fe42fe2,0.4603755660027673,24445.0,2399.0,2399.0,2.0,"{""interior"": 600, ""fronteira"": 600, ""liberacao"": 600, ""regret"": 599, ""abertura"": 0}","{""interior"": 0, ""fronteira"": 0, ""liberacao"": 0, ""regret"": 0, ""abertura"": 0}",1.9385485241036804,27.12798504699458,0.0,1853.0,0.0,
holmberg_p65,holmberg,3.949967083607637,30,200,hibridopl:rotacao,24445.0,True,-1,2,30.0,29.964058448,0.0,24445.0,24445.0,otimo_publicado,"[[0.15876368799581542, 26670.0], [0.1893822479978553, 26272.0], [0.20307314799720189, 26268.0], [0.3718383619998349, 26268.0], [0.4172113579988945, 24445.0], [0.4576136179966852, 24445.0]]",29.964058448,29.961799894,0.9999246245629937,False,75.3,1901.265625,1,,,,,a6c89e67e1516fe42fe2,0.45745000199895003,24445.0,2362.0,2362.0,2.0,"{""interior"": 591, ""fronteira"": 591, ""liberacao"": 590, ""regret"": 590, ""abertura"": 0}","{""interior"": 0, ""fronteira"": 0, ""liberacao"": 0, ""regret"": 0, ""abertura"": 0}",1.9014133710370515,27.211691240008804,0.0,1829.0,0.0,
holmberg_p65,holmberg,3.949967083607637,30,200,kernel,24445.0,True,-1,0,30.0,0.804460382,0.0,24445.0,24445.0,otimo_publicado,"[[0.17456636400311254, 24445.0], [0.27460560200051987, 24445.0], [0.684140250999917, 24445.0]]",0.804460382,0.804445972,0.9999820873714574,False,74.8,1449.12890625,3,3.0,,0.4,3.0,a6c89e67e1516fe42fe2,,,,,,,,,,,,,0.0994862320003449
holmberg_p66,holmberg,3.949967083607637,30,200,adaptativa:gnn,31572.0,True,0,0,30.0,29.333183897,0.0,31415.0,31415.0,otimo_publicado,"[[0.30604142200172646, 34788.0], [1.4887537480026367, 32617.0], [5.397692708997056, 32606.0], [7.34815562699805, 32606.0], [9.723333031994116, 31930.0], [12.943391713000892, 31930.0], [13.966327547997935, 31867.0], [16.55934181399789, 31867.0], [19.23898073599412, 31649.0], [21.413004637994163, 31643.0], [29.23492379599338, 31572.0]]",29.333183897,29.332230242,0.9999674888684655,False,75.0,1901.265625,1,12.0,False,1.0,4.0,a6c89e67e1516fe42fe2,,,,,,,,,,,,,
holmberg_p66,holmberg,3.949967083607637,30,200,adaptativa:pl,31415.0,True,-1,0,30.0,24.021215138,0.0,31415.0,31415.0,otimo_publicado,"[[0.28429578299983405, 32354.0], [2.4127757489986834, 32047.0], [3.6181612110012793, 31515.000000000004], [3.710712544998387, 31508.999999999996], [4.123880990999169, 31482.0], [4.183829383997363, 31474.0], [4.34976228200685, 31474.0], [9.677967327006627, 31436.999999999996], [9.700031480002508, 31415.0], [10.043138568005816, 31415.0], [14.68257599700155, 31415.0]]",24.021215138,24.02074683,0.9999805044000768,False,75.0,1493.08984375,3,430.0,True,1.0,4.0,a6c89e67e1516fe42fe2,,,,,,,,,,,,,
holmberg_p66,holmberg,3.949967083607637,30,200,completo,31415.0,True,-1,0,30.0,14.128742216,0.0,31415.0,31415.0,otimo_publicado,"[[0.2112444499944104, 53882.0], [0.5521665619962732, 37407.99999999999], [0.5539955569984159, 35907.99999999999], [4.046881125999789, 32337.0], [4.718343579996144, 31513.0], [6.278341224999167, 31476.0], [12.716913340998872, 31441.0], [13.001339115995506, 31424.0], [13.269185840996215, 31415.0]]",14.128742216,14.128463789,0.9999802935749168,False,75.0,1493.08984375,3,34.0,True,1.0,1.0,a6c89e67e1516fe42fe2,,,,,,,,,,,,,
holmberg_p66,holmberg,3.949967083607637,30,200,hibrido:rotacao,31415.0,True,-1,0,30.0,29.967199421,0.0,31415.0,31415.0,otimo_publicado,"[[0.3026838829900953, 34788.0], [1.4844638949944056, 32617.0], [3.786386632003996, 32617.0], [6.2110588980067405, 31930.0], [6.696003446995746, 31930.0], [7.722233185995719, 31867.0], [8.55956617299671, 31867.0], [11.225303770996106, 31649.0], [13.401806158995896, 31643.0], [14.684256875996653, 31643.0], [14.717066448996775, 31632.0], [14.96664484700159, 31620.0], [15.610307654998905, 31533.0], [15.6805653229967, 31507.0], [15.719799332997354, 31495.0], [15.7737868050026, 31489.0], [16.716581957000017, 31478.0], [16.904521263997594, 31434.0], [17.031385561997013, 31421.0], [17.13448196399986, 31415.0]]",29.967199421,29.966587807,0.9999795905519429,False,75.0,1493.08984375,3,,,,,a6c89e67e1516fe42fe2,14.684112681999977,31643.0,899.0,899.0,4.0,"{""interior"": 225, ""fronteira"": 225, ""liberacao"": 225, ""regret"": 224, ""abertura"": 0}","{""interior"": 1, ""fronteira"": 5, ""liberacao"": 2, ""regret"": 2, ""abertura"": 0}",0.7595923620392568,14.3390205089745,0.0,571.0,0.0,
holmberg_p66,holmberg,3.949967083607637,30,200,hibrido:rotacao,31563.0,True,-1,1,30.0,29.957530998,0.0,31415.0,31415.0,otimo_publicado,"[[0.3062823829968693, 34788.0], [1.2506298200023593, 32663.0], [1.2738051319975057, 32642.0], [1.275095096003497, 32631.0], [1.275604927999666, 32623.0], [3.1344669079990126, 32622.0], [3.186698878998868, 32600.0], [3.7883934889978264, 32600.0], [6.09219042899349, 31930.0], [6.4801401189979515, 31930.0], [7.563803463992372, 31867.0], [8.546651216995087, 31867.0], [10.806614570996317, 31649.0], [12.681952828999783, 31643.0], [14.678419529001985, 31626.0], [14.686997586999496, 31626.0], [15.116127773995686, 31617.0], [15.175934790997417, 31563.0]]",29.957530998,29.956344603,0.9999603974372895,False,75.0,1901.265625,1,,,,,a6c89e67e1516fe42fe2,14.686845516000176,31626.0,754.0,754.0,4.0,"{""interior"": 189, ""fronteira"": 189, ""liberacao"": 188, ""regret"": 188, ""abertura"": 0}","{""interior"": 0, ""fronteira"": 0, ""liberacao"": 1, ""regret"": 1, ""abertura"": 0}",0.636696465931891,14.484882043099788,0.0,530.0,0.0,
holmberg_p66,holmberg,3.949967083607637,30,200,hibrido:rotacao,31476.0,True,-1,2,30.0,29.969150132,0.0,31415.0,31415.0,otimo_publicado,"[[0.3023107799963327, 34788.0], [1.5044179649994476, 32663.0], [3.520760690997122, 32623.0], [3.787513612995099, 32623.0], [6.3236339379946, 31930.000000000004], [6.678567564005789, 31930.0], [7.760470446002728, 31867.0], [8.558239317993866, 31867.0], [12.254474237997783, 31513.0], [13.922067583996977, 31476.0], [14.68180376899545, 31476.0]]",29.969150132,29.96799228,0.9999613652040549,False,75.0,1901.265625,1,,,,,a6c89e67e1516fe42fe2,14.681654896994587,31476.0,1011.0,1011.0,3.0,"{""interior"": 253, ""fronteira"": 253, ""liberacao"": 253, ""regret"": 252, ""abertura"": 0}","{""interior"": 0, ""fronteira"": 0, ""liberacao"": 0, ""regret"": 0, ""abertura"": 0}",0.8505811100403662,14.247299538918014,0.0,727.0,0.0,
holmberg_p66,holmberg,3.949967083607637,30,200,hibridopl:rotacao,31484.0,True,-1,0,30.0,29.982827998,0.0,31415.0,31415.0,otimo_publicado,"[[0.2832039129934856, 32354.0], [2.4106304989909404, 32047.0], [3.6131730309934937, 31515.000000000004], [3.7060947169957217, 31508.999999999996], [3.767852559001767, 31509.0], [6.4789793039963115, 31509.0], [8.743883808994724, 31509.0], [14.692264899000293, 31509.0], [15.65222148400062, 31484.0]]",29.982827998,29.981276082,0.9999482398391472,False,75.0,1436.56640625,2,,,,,a6c89e67e1516fe42fe2,14.69208850099676,31509.0,795.0,795.0,163.0,"{""interior"": 199, ""fronteira"": 199, ""liberacao"": 199, ""regret"": 198, ""abertura"": 0}","{""interior"": 0, ""fronteira"": 0, ""liberacao"": 1, ""regret"": 0, ""abertura"": 0}",0.7071139122344903,14.405008963098226,0.0,558.0,0.0,
holmberg_p66,holmberg,3.949967083607637,30,200,hibridopl:rotacao,31476.0,True,-1,1,30.0,29.953870951,0.0,31415.0,31415.0,otimo_publicado,"[[0.42504865799855907, 32354.0], [2.136677292997774, 32121.999999999993], [2.2284283699991647, 32110.0], [2.4024050739972154, 32092.0], [2.8450424289985676, 32037.0], [2.853743323001254, 32025.0], [3.308556263000355, 31848.0], [3.4066597810015082, 31559.0], [3.6400633950033807, 31539.0], [3.7757890009961557, 31539.0], [4.6408149899943965, 31493.0], [4.642514692997793, 31482.0], [6.474415880999004, 31482.0], [8.54604162499163, 31482.0], [10.242567308996513, 31476.0], [14.68183183400106, 31476.0]]",29.953870951,29.952446405,0.9999524420064996,False,75.0,1436.56640625,2,,,,,a6c89e67e1516fe42fe2,14.68168742999842,31476.0,1015.0,1015.0,116.0,"{""interior"": 254, ""fronteira"": 254, ""liberacao"": 254, ""regret"": 253, ""abertura"": 0}","{""interior"": 0, ""fronteira"": 0, ""liberacao"": 0, ""regret"": 0, ""abertura"": 0}",0.8441359218777507,14.239680496924848,0.0,730.0,0.0,
holmberg_p66,holmberg,3.949967083607637,30,200,hibridopl:rotacao,31474.0,True,-1,2,30.0,29.960097985,0.0,31415.0,31415.0,otimo_publicado,"[[0.28300215000490425, 32354.0], [1.9672941419994459, 31879.999999999996], [1.9806402120011626, 31799.0], [2.6134964430020773, 31499.999999999996], [3.070758581001428, 31482.0], [3.121396522001305, 31474.0], [3.4094525609980337, 31474.0], [6.088672007994319, 31474.0], [8.25579402999574, 31474.0], [14.667106337001314, 31474.0]]",29.960097985,29.958682557,0.9999527562292784,False,75.0,1436.56640625,2,,,,,a6c89e67e1516fe42fe2,14.666946381999878,31474.0,793.0,793.0,122.0,"{""interior"": 199, ""fronteira"": 198, ""liberacao"": 198, ""regret"": 198, ""abertura"": 0}","{""interior"": 0, ""fronteira"": 0, ""liberacao"": 0, ""regret"": 0, ""abertura"": 0}",0.6844838549368433,14.444530817090708,0.0,564.0,0.0,
holmberg_p66,holmberg,3.949967083607637,30,200,kernel,31524.0,True,-1,0,30.0,29.42326376,0.0,31415.0,31415.0,otimo_publicado,"[[0.2985747140046442, 35368.0], [2.6464168920065276, 31852.0], [7.362608906005335, 31852.0], [12.782847868002136, 31656.0], [14.718874684003822, 31646.0], [18.411036956000316, 31646.0], [20.217026301004807, 31627.0], [27.599264324002434, 31536.0], [27.652897142004804, 31526.999999999996], [29.250160526004038, 31524.0]]",29.42326376,29.422671549,0.9999798726951289,False,75.0,1493.08984375,3,157.0,,0.5,3.0,a6c89e67e1516fe42fe2,,,,,,,,,,,,,0.2172341210025479
holmberg_p67,holmberg,2.9411764705882355,30,200,adaptativa:gnn,24848.0,True,0,0,30.0,12.917824108,0.0,24848.0,24848.0,otimo_publicado,"[[0.20362322299843072, 29341.0], [0.2534996059985133, 28250.999999999996], [0.3902284959985991, 27471.000000000007], [1.340808331999142, 26403.0], [3.994881966998946, 26395.0], [3.9962914300012926, 26392.0], [4.02855038800044, 26391.0], [4.08598172100028, 26391.0], [4.695685376002075, 26391.0], [5.72355611200328, 26350.0], [8.951266565996775, 26350.0], [9.377418116997433, 25999.000000000007], [9.416983472994616, 24932.999999999996], [9.590314336997835, 24931.0], [10.063408423997316, 24925.0], [10.102065971997945, 24921.0], [12.013236731996585, 24904.0], [12.912751004994789, 24848.0]]",12.917824108,12.91722213,0.9999533994274139,False,75.0,1292.8046875,2,36.0,True,1.0,4.0,a6c89e67e1516fe42fe2,,,,,,,,,,,,,
holmberg_p67,holmberg,2.9411764705882355,30,200,adaptativa:pl,24848.0,True,-1,0,30.0,2.489146583,0.0,24848.0,24848.0,otimo_publicado,"[[0.16767094699753216, 26936.0], [0.20736679599940544, 24965.999999999996], [0.24102620600024238, 24925.0], [0.42765396300092107, 24925.0], [0.7810372960011591, 24917.0], [0.9067037580025499, 24904.0], [1.0457474579961854, 24904.0], [1.6100441009984934, 24848.0], [1.6939898489981715, 24848.0]]",2.489146583,2.489108772,0.9999848096531324,False,75.1,1408.98828125,3,4.0,True,1.0,4.0,a6c89e67e1516fe42fe2,,,,,,,,,,,,,
holmberg_p67,holmberg,2.9411764705882355,30,200,completo,24848.0,True,-1,0,30.0,2.152000116,0.0,24848.0,24848.0,otimo_publicado,"[[0.20145892200162052, 39671.0], [0.30939945300269756, 27709.999999999993], [0.4884906059996865, 25999.000000000007], [0.5165791639992676, 24932.999999999996], [0.6903312009999354, 24931.0], [1.096487013001024, 24925.0], [1.12793776000035, 24899.0], [1.613505981000344, 24851.0], [2.147594502999709, 24848.000000000004]]",2.152000116,2.151912642,0.9999593522326743,False,75.1,1292.8046875,2,1.0,True,1.0,1.0,a6c89e67e1516fe42fe2,,,,,,,,,,,,,
holmberg_p67,holmberg,2.9411764705882355,30,200,hibrido:rotacao,24848.0,True,-1,0,30.0,29.951617659,0.0,24848.0,24848.0,otimo_publicado,"[[0.19876459000442992, 29341.0], [0.24992589400426368, 28250.999999999996], [0.3864383690051909, 27471.000000000007], [1.335914668004989, 26403.0], [3.9012894260013127, 26403.0], [4.567076849998557, 26391.0], [4.628290654003649, 26391.0], [5.665115820003848, 26350.0], [7.135248075002892, 26350.0], [7.556010170999798, 25999.000000000007], [7.595147555002768, 24932.999999999996], [7.767903988002217, 24931.0], [8.240947577000043, 24925.0], [8.279163565999625, 24921.0], [10.202013436002744, 24904.0], [11.10314621300131, 24848.0], [11.108265663999191, 24848.0]]",29.951617659,29.950088493,0.9999489454620646,False,75.3,1408.98828125,3,,,,,a6c89e67e1516fe42fe2,11.108115879000252,24848.0,1180.0,1180.0,4.0,"{""interior"": 295, ""fronteira"": 295, ""liberacao"": 295, ""regret"": 295, ""abertura"": 0}","{""interior"": 0, ""fronteira"": 0, ""liberacao"": 0, ""regret"": 0, ""abertura"": 0}",0.9989683889580192,17.60366870897633,0.0,854.0,0.0,
holmberg_p67,holmberg,2.9411764705882355,30,200,hibrido:rotacao,24848.0,True,-1,1,30.0,29.961079976,0.0,24848.0,24848.0,otimo_publicado,"[[0.20444432599833817, 29341.0], [0.2552074849991186, 28250.999999999996], [0.3909299919978366, 27471.000000000007], [0.586950380999042, 27453.999999999978], [1.3671251449995907, 26404.0], [2.319636921998608, 26403.0], [3.6914495199998782, 26403.0], [4.345078116002696, 26391.0], [4.406314285999542, 26391.0], [5.4470930290008255, 26350.0], [7.041008045001945, 26350.0], [7.46835786900192, 25999.000000000007], [7.507588054002554, 24932.999999999996], [8.145455789999687, 24925.0], [9.468772525000531, 24921.0], [10.451445478000096, 24875.0], [13.425790696001059, 24848.0], [13.42908225499923, 24848.0]]",29.961079976,29.95815684,0.9999024355596546,False,75.3,1884.8515625,1,,,,,a6c89e67e1516fe42fe2,13.428930161000608,24848.0,1062.0,1062.0,4.0,"{""interior"": 266, ""fronteira"": 266, ""liberacao"": 265, ""regret"": 265, ""abertura"": 0}","{""interior"": 0, ""fronteira"": 0, ""liberacao"": 0, ""regret"": 0, ""abertura"": 0}",0.8804664610142936,15.455192311019346,0.0,767.0,0.0,
holmberg_p67,holmberg,2.9411764705882355,30,200,hibrido:rotacao,24848.0,True,-1,2,30.0,29.968354225,0.0,24848.0,24848.0,otimo_publicado,"[[0.20490436200634576, 29341.0], [0.2545004330058873, 28250.999999999996], [0.3906541360047413, 27471.000000000007], [1.391190969003219, 26403.0], [3.6924401440010115, 26403.0], [4.3501669250035775, 26391.0], [4.592384480001783, 26391.0], [5.618481866000366, 26350.0], [6.981420195999817, 26350.0], [7.407429222999781, 25990.000000000007], [7.447560857999633, 24932.999999999996], [8.060852465001517, 24925.0], [8.083006949000264, 24921.0], [8.670500640000682, 24899.0], [10.344316564001929, 24848.000000000007], [10.359084897001594, 24848.0]]",29.968354225,29.967654982,0.9999766672872741,False,75.0,1408.98828125,3,,,,,a6c89e67e1516fe42fe2,10.358928793000814,24848.0,1211.0,1211.0,4.0,"{""interior"": 303, ""fronteira"": 303, ""liberacao"": 303, ""regret"": 302, ""abertura"": 0}","{""interior"": 0, ""fronteira"": 0, ""liberacao"": 0, ""regret"": 0, ""abertura"": 0}",1.0248131750777247,18.33903335897776,0.0,877.0,0.0,
holmberg_p67,holmberg,2.9411764705882355,30,200,hibridopl:rotacao,24848.0,True,-1,0,30.0,29.96278128,0.0,24848.0,24848.0,otimo_publicado,"[[0.16464962500322144, 26936.0], [0.2036694200032798, 24965.999999999996], [0.23717002400371712, 24925.0], [0.27390182800445473, 24925.0], [0.6210859260063444, 24917.0], [0.7434849720048078, 24904.0], [1.0731678230004036, 24904.0], [1.6373626200002036, 24848.0], [1.7220922420056013, 24848.0], [2.515722762003861, 24848.0]]",29.96278128,29.960036824,0.999908404497755,False,75.3,1292.90234375,2,,,,,a6c89e67e1516fe42fe2,2.5155618870012404,24848.0,1771.0,1771.0,4.0,"{""interior"": 443, ""fronteira"": 443, ""liberacao"": 443, ""regret"": 442, ""abertura"": 0}","{""interior"": 0, ""fronteira"": 0, ""liberacao"": 0, ""regret"": 0, ""abertura"": 0}",1.4842695749357517,25.631922682921868,0.0,1297.0,0.0,
holmberg_p67,holmberg,2.9411764705882355,30,200,hibridopl:rotacao,24848.0,True,-1,1,30.0,29.994646935,0.0,24848.0,24848.0,otimo_publicado,"[[0.3011461380010587, 26936.0], [0.34067789100299706, 24965.999999999996], [0.37433936600064044, 24925.0], [0.41248079200158827, 24925.0], [0.7619301679987984, 24917.0], [0.8862277609987359, 24904.0], [1.0238615680027578, 24904.0], [1.83046440200269, 24852.0], [2.168413301002147, 24851.0], [2.1780590250018577, 24848.0], [2.261689712999214, 24848.0], [3.068206796000595, 24848.0]]",29.994646935,29.993719112,0.9999690670471297,False,75.0,1884.83984375,1,,,,,a6c89e67e1516fe42fe2,3.0680484020012955,24848.0,1707.0,1707.0,4.0,"{""interior"": 427, ""fronteira"": 427, ""liberacao"": 427, ""regret"": 426, ""abertura"": 0}","{""interior"": 0, ""fronteira"": 0, ""liberacao"": 0, ""regret"": 0, ""abertura"": 0}",1.42412884791338,25.180574809932295,0.0,1250.0,0.0,
holmberg_p67,holmberg,2.9411764705882355,30,200,hibridopl:rotacao,24848.0,True,-1,2,30.0,29.972646262,0.0,24848.0,24848.0,otimo_publicado,"[[0.1683609850006178, 26936.0], [0.2076743350007746, 24965.999999999996], [0.24156042799950228, 24925.0], [0.27992121600254904, 24925.0], [0.6270664640032919, 24917.0], [0.7528228700030013, 24904.0], [0.8998518480002531, 24904.0], [2.4256050049989426, 24848.0], [2.6947668570028327, 24848.0], [3.5119037449985626, 24848.0]]",29.972646262,29.971169558,0.9999507316108464,False,75.0,1292.8046875,2,,,,,a6c89e67e1516fe42fe2,3.511726529999578,24848.0,1643.0,1643.0,4.0,"{""interior"": 411, ""fronteira"": 411, ""liberacao"": 411, ""regret"": 410, ""abertura"": 0}","{""interior"": 0, ""fronteira"": 0, ""liberacao"": 0, ""regret"": 0, ""abertura"": 0}",1.3841683349855884,24.764839510884485,0.0,1201.0,0.0,
holmberg_p67,holmberg,2.9411764705882355,30,200,kernel,24848.0,True,-1,0,30.0,4.556911372,0.0,24848.0,24848.0,otimo_publicado,"[[0.18183887399936793, 26819.0], [0.22301968399915495, 26224.999999999993], [0.581374176999816, 25942.99999999999], [0.6531742449988087, 25918.999999999993], [1.038285034999717, 25909.999999999996], [1.5111497850011801, 24947.0], [2.4736503229978553, 24904.0], [3.107570129999658, 24848.0], [3.3373252780002076, 24848.0], [4.111882095003239, 24848.0]]",4.556911372,4.556663898,0.9999456926018968,False,75.0,1292.8046875,2,3.0,,0.4666666666666667,3.0,a6c89e67e1516fe42fe2,,,,,,,,,,,,,0.08919346999755362
holmberg_p68,holmberg,2.978275181040158,30,200,adaptativa:gnn,20538.0,True,0,0,30.0,6.753677637,0.0,20538.0,20538.0,otimo_publicado,"[[0.15517319799619145, 25511.0], [0.20113287799904356, 24688.000000000004], [0.22091819399793167, 23995.000000000004], [0.7055599439991056, 23748.0], [0.7811782429962477, 23685.0], [1.239332111996191, 23673.0], [2.0580218579998473, 23673.0], [2.2075648909994925, 23672.000000000004], [2.227719113998319, 23647.000000000015], [2.27156075899984, 23604.99999999999], [2.353442324001662, 23556.999999999985], [2.502515084001061, 23485.0], [2.5329538930018316, 23484.0], [4.0018609469989315, 23484.0], [4.139401295000425, 23319.000000000007], [4.268825197999831, 22855.0], [5.477831347001484, 22659.0], [5.526246467001329, 22486.0], [6.484725157999492, 22486.0], [6.720380342998396, 20538.0]]",6.753677637,6.753537018,0.9999791788996221,False,75.0,1408.98828125,3,111.0,True,1.0,4.0,a6c89e67e1516fe42fe2,,,,,,,,,,,,,
holmberg_p68,holmberg,2.978275181040158,30,200,adaptativa:pl,20538.0,True,-1,0,30.0,1.008596194,0.0,20538.0,20538.0,otimo_publicado,"[[0.13217490899842232, 24496.0], [0.16587227899799473, 22596.000000000004], [0.19647405900104786, 22520.000000000004], [0.23293687700061128, 22520.0], [0.3122524730024452, 22418.0], [0.3301088650005113, 22359.000000000004], [0.37927975300044636, 22359.0], [0.4463640350004425, 21394.0], [0.4977154400003201, 20538.0], [0.7601474360017164, 20538.0]]",1.008596194,1.008517678,0.9999221531863127,False,75.2,1884.8515625,1,4.0,True,1.0,4.0,a6c89e67e1516fe42fe2,,,,,,,,,,,,,
holmberg_p68,holmberg,2.978275181040158,30,200,completo,20538.0,True,-1,0,30.0,0.478194083,0.0,20538.0,20538.0,otimo_publicado,"[[0.33898556199710583, 23882.0], [0.44491534599728766, 20538.0]]",0.478194083,0.478149378,0.9999065128541124,False,74.6,1292.90234375,2,1.0,True,1.0,1.0,a6c89e67e1516fe42fe2,,,,,,,,,,,,,
holmberg_p68,holmberg,2.978275181040158,30,200,hibrido:rotacao,20538.0,True,-1,0,30.0,29.974085453,0.0,20538.0,20538.0,otimo_publicado,"[[0.16130848700049683, 25511.0], [0.2075925479985017, 24688.000000000004], [0.2274684099975275, 23995.000000000004], [0.7128487640002277, 23748.0], [0.7888112910004565, 23685.0], [1.2441899980003654, 23673.0], [2.0684178629999224, 23673.0], [2.2195453890017234, 23672.000000000004], [2.2399908029983635, 23647.000000000015], [2.2840762179985177, 23604.99999999999], [2.366569426998467, 23556.999999999985], [2.516161244999239, 23485.0], [2.5471118290006416, 23484.0], [4.025764054003957, 23484.0], [4.163790522001364, 23319.000000000007], [4.29328805300247, 22855.0], [5.505267321001156, 22659.0], [5.55385685100191, 22486.0], [6.478831204000016, 22486.0], [6.714321252002264, 20538.0], [6.747659839002154, 20538.0]]",29.974085453,29.973115177,0.9999676295044424,False,75.0,1884.8515625,1,,,,,a6c89e67e1516fe42fe2,6.74749564800004,20538.0,2123.0,2123.0,111.0,"{""interior"": 531, ""fronteira"": 531, ""liberacao"": 531, ""regret"": 530, ""abertura"": 0}","{""interior"": 0, ""fronteira"": 0, ""liberacao"": 0, ""regret"": 0, ""abertura"": 0}",1.0262208939457196,21.837520392000442,0.0,2086.0,0.0,
holmberg_p68,holmberg,2.978275181040158,30,200,hibrido:rotacao,20538.0,True,-1,1,30.0,29.961769547,0.0,20538.0,20538.0,otimo_publicado,"[[0.15728097700412036, 25511.0], [0.20322936100274092, 24688.000000000004], [0.22290534300191212, 23995.000000000004], [0.669307515003311, 23743.0], [0.743332611004007, 23673.0], [3.087003620003088, 23673.0], [3.2380099070032884, 23672.000000000004], [3.2583817490012734, 23647.000000000015], [3.3027658380015055, 23604.999999999985], [3.3837637140022707, 23556.99999999999], [3.5202994720020797, 23550.0], [3.535431692002021, 23485.0], [3.567518394000217, 23484.0], [5.860493818003306, 23484.0], [5.999731100004283, 23319.000000000007], [6.129700940004113, 22807.999999999996], [7.035971378001705, 22664.0], [7.089597990001494, 22569.0], [8.07484964100513, 22569.0], [8.303886481004156, 20538.0], [8.336160672002734, 20538.0]]",29.961769547,29.960378479,0.9999535719010916,False,75.0,1295.8046875,2,,,,,a6c89e67e1516fe42fe2,8.336017280002125,20538.0,1895.0,1895.0,132.0,"{""interior"": 474, ""fronteira"": 474, ""liberacao"": 474, ""regret"": 473, ""abertura"": 0}","{""interior"": 0, ""fronteira"": 0, ""liberacao"": 0, ""regret"": 0, ""abertura"": 0}",0.9166975729203841,20.380718025026,0.0,1858.0,0.0,
holmberg_p68,holmberg,2.978275181040158,30,200,hibrido:rotacao,20538.0,True,-1,2,30.0,29.969714888,0.0,20538.0,20538.0,otimo_publicado,"[[0.16041223799766158, 25511.0], [0.20696189399677678, 24688.000000000004], [0.22686317099942244, 23995.000000000004], [0.4579974279986345, 23912.999999999993], [0.659051456997986, 23761.0], [0.6988952149986289, 23673.0], [2.1089252249948913, 23673.0], [2.2609280399956333, 23672.000000000004], [2.3257257959958224, 23604.999999999985], [2.4086001359937654, 23556.999999999985], [2.559616560993163, 23485.0], [2.590957227996114, 23484.0], [3.57096664999699, 23484.0], [3.7099535149973235, 23319.000000000007], [3.840141655997286, 22825.000000000004], [4.711784815994179, 22568.0], [4.741472429996065, 22488.0], [5.109241321995796, 22486.0], [5.397275694995187, 22486.0], [5.631208529994183, 20538.0], [5.664588166997419, 20538.0]]",29.969714888,29.969093346,0.9999792609972327,False,75.0,1408.98828125,3,,,,,a6c89e67e1516fe42fe2,5.6644183229982445,20538.0,2138.0,2138.0,125.0,"{""interior"": 535, ""fronteira"": 535, ""liberacao"": 534, ""regret"": 534, ""abertura"": 0}","{""interior"": 0, ""fronteira"": 0, ""liberacao"": 0, ""regret"": 0, ""abertura"": 0}",1.0425511330613517,22.87592871598099,0.0,2101.0,0.0,
holmberg_p68,holmberg,2.978275181040158,30,200,hibridopl:rotacao,20538.0,True,-1,0,30.0,29.973225207,0.0,20538.0,20538.0,otimo_publicado,"[[0.1310697339977196, 24496.0], [0.16390897800010862, 22596.000000000004], [0.1938558039983036, 22520.000000000004], [0.37267246400369913, 22520.0], [0.4522075090026192, 22418.0], [0.4699169920022541, 22359.000000000004], [0.5219919980008854, 22359.0], [0.5892470329999924, 21394.0], [0.640597962999891, 20538.0], [0.7344969170007971, 20538.0], [0.9818457729998045, 20538.0]]",29.973225207,29.971744083,0.9999505850975405,False,75.0,1292.90234375,2,,,,,a6c89e67e1516fe42fe2,0.9817053820006549,20538.0,2651.0,2651.0,4.0,"{""interior"": 663, ""fronteira"": 663, ""liberacao"": 663, ""regret"": 662, ""abertura"": 0}","{""interior"": 0, ""fronteira"": 0, ""liberacao"": 0, ""regret"": 0, ""abertura"": 0}",1.2760506109370908,27.261321989019052,0.0,2614.0,0.0,
holmberg_p68,holmberg,2.978275181040158,30,200,hibridopl:rotacao,20538.0,True,-1,1,30.0,29.955709537,0.0,20538.0,20538.0,otimo_publicado,"[[0.13092112099548103, 24496.0], [0.1645877879964246, 22596.000000000004], [0.19494156199652934, 22520.000000000004], [0.2300427949958248, 22520.0], [0.30918106099488796, 22418.0], [0.32242095599576714, 22359.0], [0.38077939699360286, 22359.0], [0.44765392399494885, 21394.0], [0.5005963589937892, 20538.0], [0.7839868469964131, 20538.0], [1.045673799002543, 20538.0]]",29.955709537,29.954550247,0.9999612998651036,False,75.0,1884.8515625,1,,,,,a6c89e67e1516fe42fe2,1.045501434000471,20538.0,2570.0,2570.0,4.0,"{""interior"": 643, ""fronteira"": 643, ""liberacao"": 642, ""regret"": 642, ""abertura"": 0}","{""interior"": 0, ""fronteira"": 0, ""liberacao"": 0, ""regret"": 0, ""abertura"": 0}",1.2643694849975873,27.20111305302271,0.0,2533.0,0.0,
holmberg_p68,holmberg,2.978275181040158,30,200,hibridopl:rotacao,20538.0,True,-1,2,30.0,29.962005713,0.0,20538.0,20538.0,otimo_publicado,"[[0.13286224800322088, 24496.0], [0.16643666200252483, 22596.000000000004], [0.19719213200369268, 22520.000000000004], [0.23373628799890867, 22520.0], [0.31380684900068445, 22418.0], [0.3269459740004095, 22359.0], [0.3859000830016157, 22359.0], [0.4542635360012355, 21394.0], [0.5087822030000098, 20538.0], [0.7677480280035525, 20538.0], [1.0218506150013127, 20538.0]]",29.962005713,29.961390105,0.9999794537119479,False,75.0,1408.98828125,3,,,,,a6c89e67e1516fe42fe2,1.0216677810021793,20538.0,2538.0,2538.0,4.0,"{""interior"": 635, ""fronteira"": 635, ""liberacao"": 634, ""regret"": 634, ""abertura"": 0}","{""interior"": 0, ""fronteira"": 0, ""liberacao"": 0, ""regret"": 0, ""abertura"": 0}",1.2495432158830226,27.230863039047108,0.0,2501.0,0.0,
holmberg_p68,holmberg,2.978275181040158,30,200,kernel,20538.0,True,-1,0,30.0,0.667858477,0.0,20538.0,20538.0,otimo_publicado,"[[0.28696206100357813, 20687.0], [0.3282319470017683, 20538.0], [0.4194163539978035, 20538.0]]",0.667858477,0.667845502,0.9999805722313232,False,75.0,1408.98828125,3,2.0,,0.5,2.0,a6c89e67e1516fe42fe2,,,,,,,,,,,,,0.05840443000124651
holmberg_p69,holmberg,2.978275181040158,30,200,adaptativa:gnn,24532.0,True,0,0,30.0,8.836556223,0.0,24532.0,24532.0,otimo_publicado,"[[0.35775237399866455, 29711.0], [0.4095020869972359, 27832.000000000007], [0.4317918729975645, 27642.0], [0.4651046039980429, 27153.000000000004], [0.5970828179997625, 27122.000000000004], [0.6128548279993993, 27112.999999999993], [0.625983603997156, 27082.00000000001], [0.6416143879978335, 26976.0], [0.6862346660018375, 26976.0], [1.1636136540000734, 26976.0], [2.5685242709987506, 26898.0], [2.6727219560016238, 26428.0], [3.951433370999439, 26422.0], [8.052308084999822, 26422.0], [8.339515659998142, 25248.0], [8.831427347999124, 24532.0]]",8.836556223,8.836264314,0.9999669657508385,False,75.0,1901.265625,1,11.0,True,1.0,4.0,a6c89e67e1516fe42fe2,,,,,,,,,,,,,
holmberg_p69,holmberg,2.978275181040158,30,200,adaptativa:pl,24532.0,True,-1,0,30.0,1.453958304,0.0,24532.0,24532.0,otimo_publicado,"[[0.17696989099567872, 27959.0], [0.4228167479959666, 26445.000000000004], [0.4854178929963382, 26340.999999999996], [0.5704554739968444, 25866.0], [0.60697218399946, 25866.0], [0.6502479659975506, 24681.0], [0.6910498830002325, 24532.0], [0.7481112779969408, 24532.0], [1.172009497997351, 24532.0]]",1.453958304,1.453902193,0.9999614081092658,False,75.0,1901.265625,1,4.0,True,1.0,4.0,a6c89e67e1516fe42fe2,,,,,,,,,,,,,
holmberg_p69,holmberg,2.978275181040158,30,200,completo,24532.0,True,-1,0,30.0,1.020669907,0.0,24532.0,24532.0,otimo_publicado,"[[0.3505210450020968, 32882.0], [0.4725212740013376, 26422.000000000004], [0.5215499990008539, 25248.0], [1.0152417390017945, 24532.0]]",1.020669907,1.020648264,0.9999787952991936,False,75.0,1449.12890625,3,1.0,True,1.0,1.0,a6c89e67e1516fe42fe2,,,,,,,,,,,,,
holmberg_p69,holmberg,2.978275181040158,30,200,hibrido:rotacao,24532.0,True,-1,0,30.0,29.951156061,0.0,24532.0,24532.0,otimo_publicado,"[[0.21408007900390658, 29711.0], [0.26638068000102066, 27832.000000000007], [0.2891147460031789, 27642.0], [0.3230867050042434, 27153.000000000004], [0.4554163550019439, 27122.000000000004], [0.4710598710043996, 27112.999999999993], [0.4840169830022205, 27082.00000000001], [0.4996170600024925, 26976.0], [0.6916350980027346, 26976.0], [1.1721847700027865, 26976.0], [2.5774456780018227, 26898.0], [2.6822325700013607, 26428.0], [3.9588652520033065, 26422.0], [4.500722574004612, 26422.0], [4.790961424005218, 25248.0], [5.2828937280028185, 24532.0], [5.288426239996625, 24532.0]]",29.951156061,29.950528016,0.9999790310264245,False,75.0,1449.12890625,3,,,,,a6c89e67e1516fe42fe2,5.2882843789993785,24532.0,1871.0,1871.0,4.0,"{""interior"": 468, ""fronteira"": 468, ""liberacao"": 468, ""regret"": 467, ""abertura"": 0}","{""interior"": 0, ""fronteira"": 0, ""liberacao"": 0, ""regret"": 0, ""abertura"": 0}",1.2443671480214107,23.07231518206754,0.0,1608.0,0.0,
holmberg_p69,holmberg,2.978275181040158,30,200,hibrido:rotacao,24532.0,True,-1,1,30.0,29.958155004,0.0,24532.0,24532.0,otimo_publicado,"[[0.20663340599639923, 29711.0], [0.25817352599915466, 27832.000000000007], [0.2805299969986663, 27642.0], [0.31409855499805417, 27153.000000000004], [0.3578839589972631, 27113.999999999996], [0.5004181679978501, 26976.0], [0.7935995139960141, 26976.0], [1.272515481996379, 26976.0], [3.135574256997643, 26898.0], [3.239424761995906, 26428.0], [4.585279766997701, 26428.0], [4.825784118998854, 24532.000000000004], [4.904948544997751, 24532.0]]",29.958155004,29.957178981,0.9999674204569717,False,75.0,1901.265625,1,,,,,a6c89e67e1516fe42fe2,4.90478803699807,24532.0,1845.0,1845.0,3.0,"{""interior"": 462, ""fronteira"": 461, ""liberacao"": 461, ""regret"": 461, ""abertura"": 0}","{""interior"": 0, ""fronteira"": 0, ""liberacao"": 0, ""regret"": 0, ""abertura"": 0}",1.2280994540342363,23.498327182078356,0.0,1579.0,0.0,
holmberg_p69,holmberg,2.978275181040158,30,200,hibrido:rotacao,24532.0,True,-1,2,30.0,29.956314967,0.0,24532.0,24532.0,otimo_publicado,"[[0.21118388799732202, 29711.0], [0.2630653029991663, 27832.000000000007], [0.28568828299830784, 27642.0], [0.3194524350001302, 27153.000000000004], [0.476779329997953, 27082.00000000001], [0.49337803299931693, 26976.0], [0.6795877590011514, 26976.0], [1.156771829999343, 26976.0], [2.98871073799819, 26898.0], [3.093871051998576, 26428.0], [4.405738719997316, 26427.0], [4.489631223998003, 26427.0], [4.72574311399876, 26422.000000000004], [4.773450594999304, 25248.0], [5.261076389000664, 24532.0], [5.266549596999539, 24532.0]]",29.956314967,29.954873392,0.9999518774254581,False,75.0,1436.55078125,2,,,,,a6c89e67e1516fe42fe2,5.266391131001001,24532.0,1849.0,1849.0,4.0,"{""interior"": 463, ""fronteira"": 462, ""liberacao"": 462, ""regret"": 462, ""abertura"": 0}","{""interior"": 0, ""fronteira"": 0, ""liberacao"": 0, ""regret"": 0, ""abertura"": 0}",1.2321055949032598,23.13410816102987,0.0,1600.0,0.0,
holmberg_p69,holmberg,2.978275181040158,30,200,hibridopl:rotacao,24532.0,True,-1,0,30.0,29.969455947,0.0,24532.0,24532.0,otimo_publicado,"[[0.17696302299737, 27959.0], [0.4261069669992139, 26445.000000000004], [0.4888591909984825, 26340.999999999996], [0.5742332469963003, 25866.0], [0.6099998899953789, 25866.0], [0.6529758489959931, 24681.0], [0.6941959729956579, 24532.0], [0.7516236279989243, 24532.0], [1.1961382199951913, 24532.0], [1.475665788999322, 24532.0]]",29.969455947,29.968826416,0.9999789942466385,False,75.0,1449.12890625,3,,,,,a6c89e67e1516fe42fe2,1.4755048529987107,24532.0,2179.0,2179.0,4.0,"{""interior"": 545, ""fronteira"": 545, ""liberacao"": 545, ""regret"": 544, ""abertura"": 0}","{""interior"": 0, ""fronteira"": 0, ""liberacao"": 0, ""regret"": 0, ""abertura"": 0}",1.4418068669911008,26.655763512011617,0.0,1883.0,0.0,
holmberg_p69,holmberg,2.978275181040158,30,200,hibridopl:rotacao,24532.0,True,-1,1,30.0,29.975761437,0.0,24532.0,24532.0,otimo_publicado,"[[0.17660737700134632, 27959.0], [0.42364688500310876, 26560.000000000004], [0.5712056000011216, 25866.0], [0.6064233160032018, 25866.0], [0.6495448790046794, 24681.0], [0.689981630002876, 24532.0], [0.7458906730025774, 24532.0], [1.190717693996703, 24532.0], [1.4760354949939938, 24532.0]]",29.975761437,29.974680474,0.9999639387642488,False,75.0,1901.265625,1,,,,,a6c89e67e1516fe42fe2,1.4758590789970185,24532.0,2107.0,2107.0,4.0,"{""interior"": 527, ""fronteira"": 527, ""liberacao"": 527, ""regret"": 526, ""abertura"": 0}","{""interior"": 0, ""fronteira"": 0, ""liberacao"": 0, ""regret"": 0, ""abertura"": 0}",1.4160665429735673,26.70914990399615,0.0,1802.0,0.0,
holmberg_p69,holmberg,2.978275181040158,30,200,hibridopl:rotacao,24532.0,True,-1,2,30.0,29.962785506,0.0,24532.0,24532.0,otimo_publicado,"[[0.1737842179973086, 27959.0], [0.42333755799700157, 26445.000000000004], [0.5708640259981621, 25866.0], [0.6055572730001586, 25866.0], [0.6484979380002187, 24681.0], [0.6891463459978695, 24532.0], [0.9429435720012407, 24532.0], [1.2053347929977463, 24532.0], [1.484046916000807, 24532.0]]",29.962785506,29.961279082,0.9999497234995158,False,75.0,1436.55078125,2,,,,,a6c89e67e1516fe42fe2,1.4839063399995212,24532.0,2135.0,2135.0,4.0,"{""interior"": 534, ""fronteira"": 534, ""liberacao"": 534, ""regret"": 533, ""abertura"": 0}","{""interior"": 0, ""fronteira"": 0, ""liberacao"": 0, ""regret"": 0, ""abertura"": 0}",1.4193576629768359,26.687734230035858,0.0,1854.0,0.0,
holmberg_p69,holmberg,2.978275181040158,30,200,kernel,24532.0,True,-1,0,30.0,0.911391561,0.0,24532.0,24532.0,otimo_publicado,"[[0.1946446210022259, 24716.0], [0.3269244940020144, 24616.999999999996], [0.3800210410008731, 24532.0], [0.4531713190008304, 24532.0], [0.769476173001749, 24532.0]]",0.911391561,0.911353629,0.9999583801281214,False,75.0,1436.55078125,2,3.0,,0.43333333333333335,3.0,a6c89e67e1516fe42fe2,,,,,,,,,,,,,0.11029560799943283
holmberg_p7,holmberg,1.3736263736263736,10,50,adaptativa:gnn,9488.0,True,0,0,30.0,0.507280983,0.0,9488.0,9488.0,otimo_publicado,"[[0.0231239300010202, 11866.0], [0.047201672998198774, 11354.000000000004], [0.09562098099922878, 11005.999999999995], [0.23081316200114088, 10743.0], [0.23968487000092864, 10743.0], [0.35218389500005287, 10743.0], [0.45435902099779923, 10743.0], [0.46453455699884216, 10092.0], [0.4703752519999398, 9701.0], [0.5063297800006694, 9488.0]]",0.507280983,0.507226975,0.9998935343491873,False,75.2,1436.5546875,2,4.0,True,1.0,4.0,a6c89e67e1516fe42fe2,,,,,,,,,,,,,
holmberg_p7,holmberg,1.3736263736263736,10,50,adaptativa:pl,9488.0,True,-1,0,30.0,0.155885223,0.0,9488.0,9488.0,otimo_publicado,"[[0.02226601699658204, 24960.0], [0.023620713996933773, 9601.999999999998], [0.0422460419977142, 9488.0], [0.05332142399856821, 9488.0], [0.08884358799696201, 9488.0], [0.12642892599615152, 9488.0]]",0.155885223,0.155867068,0.9998835361065622,False,74.2,1901.265625,1,4.0,True,1.0,4.0,a6c89e67e1516fe42fe2,,,,,,,,,,,,,
holmberg_p7,holmberg,1.3736263736263736,10,50,completo,9488.0,True,-1,0,30.0,0.060994753,0.0,9488.0,9488.0,otimo_publicado,"[[0.01830034099839395, 10092.0], [0.024239313999714796, 9701.0], [0.06022563899750821, 9488.0]]",0.060994753,0.060999651,1.0000803019892548,False,76.0,1901.265625,1,1.0,True,1.0,1.0,a6c89e67e1516fe42fe2,,,,,,,,,,,,,
holmberg_p7,holmberg,1.3736263736263736,10,50,hibrido:rotacao,9488.0,True,-1,0,30.0,29.95122771,0.0,9488.0,9488.0,otimo_publicado,"[[0.02339653900344274, 11866.0], [0.04750238900305703, 11354.000000000004], [0.09627375800118898, 11005.999999999995], [0.2315498350035341, 10743.0], [0.24686796500100172, 10743.0], [0.34790037400307483, 10743.0], [0.44915099900390487, 10743.0], [0.4592548110013013, 10092.0], [0.46513949400468846, 9701.0], [0.5011570950046007, 9488.0], [0.5019287899995106, 9488.0]]",29.95122771,29.949734575,0.9999501477864461,False,75.0,1436.5546875,2,,,,,a6c89e67e1516fe42fe2,0.501797875000193,9488.0,2512.0,2512.0,4.0,"{""interior"": 628, ""fronteira"": 628, ""liberacao"": 628, ""regret"": 628, ""abertura"": 0}","{""interior"": 0, ""fronteira"": 0, ""liberacao"": 0, ""regret"": 0, ""abertura"": 0}",0.892120067965152,28.141190617934626,0.0,2494.0,0.0,
holmberg_p7,holmberg,1.3736263736263736,10,50,hibrido:rotacao,9488.0,True,-1,1,30.0,29.964694344,0.0,9488.0,9488.0,otimo_publicado,"[[0.02622033900115639, 11866.0], [0.05026576100135571, 11354.000000000004], [0.09839128900057403, 11005.999999999995], [0.23393224800383905, 10743.0], [0.24319489000117755, 10743.0], [0.34769352399598574, 10743.0], [0.44944763899911777, 10743.0], [0.45954776499638683, 10092.0], [0.46534543199959444, 9701.0], [0.5011998309964838, 9488.0], [0.5020132220015512, 9488.0]]",29.964694344,29.963713145,0.9999672548303434,False,75.0,1901.265625,1,,,,,a6c89e67e1516fe42fe2,0.501858561001427,9488.0,2542.0,2542.0,4.0,"{""interior"": 636, ""fronteira"": 636, ""liberacao"": 635, ""regret"": 635, ""abertura"": 0}","{""interior"": 0, ""fronteira"": 0, ""liberacao"": 0, ""regret"": 0, ""abertura"": 0}",0.9070823448309966,28.118192899924907,0.0,2524.0,0.0,
holmberg_p7,holmberg,1.3736263736263736,10,50,hibrido:rotacao,9488.0,True,-1,2,30.0,29.956537761,0.0,9488.0,9488.0,otimo_publicado,"[[0.026509689003432868, 11866.0], [0.05048500400152989, 11354.000000000004], [0.09906571300234646, 11005.999999999995], [0.23407614400275634, 10743.0], [0.24333052399742883, 10743.0], [0.3476812009976129, 10743.0], [0.4495397859973309, 10743.0], [0.45973249599774135, 10092.0], [0.4655902859994967, 9701.0], [0.5014392769990081, 9488.0], [0.5022267950007517, 9488.0]]",29.956537761,29.955111625,0.999952393163343,False,75.0,1436.5546875,2,,,,,a6c89e67e1516fe42fe2,0.502074497002468,9488.0,2567.0,2567.0,4.0,"{""interior"": 642, ""fronteira"": 642, ""liberacao"": 642, ""regret"": 641, ""abertura"": 0}","{""interior"": 0, ""fronteira"": 0, ""liberacao"": 0, ""regret"": 0, ""abertura"": 0}",0.9124265290156472,28.11296860787479,0.0,2549.0,0.0,
holmberg_p7,holmberg,1.3736263736263736,10,50,hibridopl:rotacao,9488.0,True,-1,0,30.0,29.952165203,0.0,9488.0,9488.0,otimo_publicado,"[[0.022256710999499774, 24960.0], [0.023592516998178326, 9601.999999999998], [0.04214693199901376, 9488.0], [0.053816355000890326, 9488.0], [0.08932864899907145, 9488.0], [0.1272627439975622, 9488.0], [0.156801262000954, 9488.0]]",29.952165203,29.951111186,0.9999648099897668,False,75.0,1901.265625,1,,,,,a6c89e67e1516fe42fe2,0.1566489620017819,9488.0,2525.0,2525.0,4.0,"{""interior"": 632, ""fronteira"": 631, ""liberacao"": 631, ""regret"": 631, ""abertura"": 0}","{""interior"": 0, ""fronteira"": 0, ""liberacao"": 0, ""regret"": 0, ""abertura"": 0}",0.9077498840160843,28.464808450993587,0.0,2507.0,0.0,
holmberg_p7,holmberg,1.3736263736263736,10,50,hibridopl:rotacao,9488.0,True,-1,1,30.0,29.954376762,0.0,9488.0,9488.0,otimo_publicado,"[[0.021901003001403296, 24960.0], [0.023290077999263303, 9601.999999999998], [0.04182654399846797, 9488.0], [0.05508931100121117, 9488.0], [0.09068776599815465, 9488.0], [0.12835836600061157, 9488.0], [0.1576233579980908, 9488.0]]",29.954376762,29.953757634,0.9999793309670597,False,75.0,1492.96484375,3,,,,,a6c89e67e1516fe42fe2,0.1574944729982235,9488.0,2556.0,2556.0,4.0,"{""interior"": 639, ""fronteira"": 639, ""liberacao"": 639, ""regret"": 639, ""abertura"": 0}","{""interior"": 0, ""fronteira"": 0, ""liberacao"": 0, ""regret"": 0, ""abertura"": 0}",0.9317092939600116,28.421440619931673,0.0,2538.0,0.0,
holmberg_p7,holmberg,1.3736263736263736,10,50,hibridopl:rotacao,9488.0,True,-1,2,30.0,29.955877316,0.0,9488.0,9488.0,otimo_publicado,"[[0.022540717000083532, 24960.0], [0.023928948998218402, 9601.999999999998], [0.04251364099764032, 9488.0], [0.05418610899869236, 9488.0], [0.08991394999975455, 9488.0], [0.128285897000751, 9488.0], [0.15793542000028538, 9488.0]]",29.955877316,29.955275705,0.9999799167624552,False,75.0,1492.96484375,3,,,,,a6c89e67e1516fe42fe2,0.15777382200030843,9488.0,2579.0,2579.0,4.0,"{""interior"": 645, ""fronteira"": 645, ""liberacao"": 645, ""regret"": 644, ""abertura"": 0}","{""interior"": 0, ""fronteira"": 0, ""liberacao"": 0, ""regret"": 0, ""abertura"": 0}",0.9232535329319944,28.435602328998357,0.0,2561.0,0.0,
holmberg_p7,holmberg,1.3736263736263736,10,50,kernel,9488.0,True,-1,0,30.0,0.095903622,0.0,9488.0,9488.0,otimo_publicado,"[[0.021232946004602127, 10122.0], [0.026300787001673598, 9701.0], [0.05713988800198422, 9488.0], [0.0662530660010816, 9488.0]]",0.095903622,0.0959076,1.0000414791424665,False,75.7,1492.96484375,3,2.0,,0.9,2.0,a6c89e67e1516fe42fe2,,,,,,,,,,,,,0.0034349050001765136
holmberg_p70,holmberg,2.978275181040158,30,200,adaptativa:gnn,32321.0,True,0,0,30.0,25.081442811,0.0,32321.0,32321.0,otimo_publicado,"[[0.27429425500304205, 39511.0], [0.35514560300362064, 35162.999999999985], [0.40462038700206904, 35047.99999999999], [0.42739613100275164, 34939.0], [0.6524586150044343, 34709.0], [1.1763664340032847, 34676.0], [1.2915496330024325, 34676.0], [2.678104695005459, 34676.0], [4.273563823007862, 34518.0], [9.046999238009448, 34518.0], [9.825563779006188, 34256.0], [12.443326326007082, 32753.0], [19.42421447000379, 32549.0], [20.017228219010576, 32523.000000000004], [20.049877631005074, 32495.0], [20.06807763200777, 32396.0], [20.08082621900394, 32393.0], [22.195984367004712, 32379.0], [23.449689241009764, 32351.0], [23.79781649900542, 32334.0], [23.815944370006036, 32321.000000000004]]",25.081442811,25.080603273,0.9999665275237024,False,75.0,1901.265625,1,115.0,True,1.0,4.0,a6c89e67e1516fe42fe2,,,,,,,,,,,,,
holmberg_p70,holmberg,2.978275181040158,30,200,adaptativa:pl,32321.0,True,-1,0,30.0,26.086303508,0.0,32321.0,32321.0,otimo_publicado,"[[0.23949717600044096, 34283.0], [0.27864501099975314, 33592.99999999999], [0.3206294350020471, 32707.999999999978], [0.9946407890020055, 32325.0], [1.0195730740015279, 32322.0], [1.2987486250058282, 32321.0], [1.4996512229990913, 32321.0], [6.575668801997381, 32321.0], [11.324221863993444, 32321.0]]",26.086303508,26.085438086,0.9999668246595484,False,75.0,1901.265625,1,4.0,True,1.0,4.0,a6c89e67e1516fe42fe2,,,,,,,,,,,,,
holmberg_p70,holmberg,2.978275181040158,30,200,completo,32321.0,True,-1,0,30.0,17.687326187,0.0,32321.0,32321.0,otimo_publicado,"[[0.20942668600036995, 53882.0], [0.5306151650001993, 37191.0], [0.6325487830035854, 37068.00000000002], [0.7212432779997471, 35814.99999999995], [0.8651067340033478, 34256.0], [3.386205830000108, 32753.0], [10.295596271003888, 32549.0], [15.346045050006069, 32458.999999999996], [16.596260575002816, 32434.0], [16.65011079400574, 32389.0], [16.680654764000792, 32358.0], [16.741012212005444, 32353.999999999996], [16.960123035001743, 32332.0], [17.190867525001522, 32323.0], [17.509355809001136, 32322.0], [17.614579618006246, 32321.0]]",17.687326187,17.686628475,0.999960552997518,False,75.0,1901.265625,1,108.0,True,1.0,1.0,a6c89e67e1516fe42fe2,,,,,,,,,,,,,
holmberg_p70,holmberg,2.978275181040158,30,200,hibrido:rotacao,32402.0,True,-1,0,30.0,29.959689752,0.0,32321.0,32321.0,otimo_publicado,"[[0.27546327999880305, 39511.0], [0.3564132779938518, 35162.999999999985], [0.4054854309943039, 35047.99999999999], [0.428081720994669, 34939.0], [0.6553347829976701, 34709.0], [1.1801359399978537, 34676.0], [1.4397067409954616, 34676.0], [2.591896721998637, 34676.0], [4.176986498998303, 34518.0], [5.584111386997392, 34518.0], [6.362887884999509, 34256.0], [8.974453130998882, 32753.0], [14.535027890997299, 32753.0], [14.551636983997014, 32750.0], [14.57944333699561, 32474.0], [14.643309835002583, 32467.0], [14.668229352995695, 32432.0], [14.759522852000373, 32422.0], [14.99466629500239, 32402.0]]",29.959689752,29.958648852,0.9999652566495643,False,75.0,1901.265625,1,,,,,a6c89e67e1516fe42fe2,14.534880968996731,32753.0,971.0,971.0,6.0,"{""interior"": 243, ""fronteira"": 243, ""liberacao"": 243, ""regret"": 242, ""abertura"": 0}","{""interior"": 0, ""fronteira"": 3, ""liberacao"": 3, ""regret"": 0, ""abertura"": 0}",0.8136312409769744,14.422856838951702,0.0,675.0,0.0,
holmberg_p70,holmberg,2.978275181040158,30,200,hibrido:rotacao,32461.0,True,-1,1,30.0,29.963112429,0.0,32321.0,32321.0,otimo_publicado,"[[0.2758436019939836, 39511.0], [0.35713852698972914, 35162.999999999985], [0.40589815399289364, 35047.99999999999], [0.42848566199245397, 34939.0], [0.6798345319912187, 34768.0], [1.1455720569938421, 34676.0], [1.843127629996161, 34676.0], [4.07177396100451, 34676.0], [5.756297795000137, 34513.0], [5.771405674997368, 34497.0], [6.594993801001692, 34497.0], [10.215091416997893, 32753.0], [11.624031575003755, 32739.0], [14.584718482001335, 32739.0], [14.598136638996948, 32728.0], [14.721343527002318, 32474.0], [14.797431004997634, 32471.0], [14.866432470997097, 32461.0]]",29.963112429,29.962507497,0.9999798107756184,False,75.0,1494.08984375,3,,,,,a6c89e67e1516fe42fe2,14.584545204001188,32739.0,982.0,982.0,4.0,"{""interior"": 246, ""fronteira"": 246, ""liberacao"": 245, ""regret"": 245, ""abertura"": 0}","{""interior"": 1, ""fronteira"": 0, ""liberacao"": 3, ""regret"": 0, ""abertura"": 0}",0.8431702088491875,14.32887422897329,0.0,698.0,0.0,
holmberg_p70,holmberg,2.978275181040158,30,200,hibrido:rotacao,32420.0,True,-1,2,30.0,29.975193319,0.0,32321.0,32321.0,otimo_publicado,"[[0.27500193700689124, 39511.0], [0.3558823360071983, 35162.999999999985], [0.40486667100776685, 35047.99999999999], [0.4275689250061987, 34939.0], [0.6718638500024099, 34768.0], [1.1795737500069663, 34676.0], [1.795487702009268, 34676.0], [4.617032767004275, 34676.0], [6.471589578999556, 34513.0], [7.313166395004373, 34513.0], [9.727648470005079, 32826.0], [9.953281805006554, 32736.0], [11.838540776006994, 32620.0], [14.619764510003733, 32620.0], [14.640358789998572, 32619.0], [14.673078949002957, 32618.0], [14.739788391998445, 32559.0], [14.810015800001565, 32553.0], [14.816660126001807, 32550.0], [14.86267682700418, 32531.0], [15.041450071999861, 32521.0], [15.214418162002403, 32420.0]]",29.975193319,29.973708072,0.9999504507949559,False,75.0,1436.56640625,2,,,,,a6c89e67e1516fe42fe2,14.619601106001937,32620.0,954.0,954.0,4.0,"{""interior"": 239, ""fronteira"": 239, ""liberacao"": 238, ""regret"": 238, ""abertura"": 0}","{""interior"": 2, ""fronteira"": 1, ""liberacao"": 3, ""regret"": 2, ""abertura"": 0}",0.8145569820044329,14.353850215011335,0.0,656.0,0.0,
holmberg_p70,holmberg,2.978275181040158,30,200,hibridopl:rotacao,32321.0,True,-1,0,30.0,29.951989016,0.0,32321.0,32321.0,otimo_publicado,"[[0.2389291449871962, 34283.0], [0.27805638998688664, 33592.99999999999], [0.3201756479902542, 32707.999999999978], [0.9969109149897122, 32325.0], [1.021834957988176, 32322.0], [1.3014827089864411, 32321.0], [1.5025438889933866, 32321.0], [4.734306504993583, 32321.0], [7.449606331989344, 32321.0], [14.62847601899557, 32321.0]]",29.951989016,29.951381229,0.9999797079586376,False,75.0,1494.08984375,3,,,,,a6c89e67e1516fe42fe2,14.628305020996777,32321.0,980.0,980.0,4.0,"{""interior"": 245, ""fronteira"": 245, ""liberacao"": 245, ""regret"": 245, ""abertura"": 0}","{""interior"": 0, ""fronteira"": 0, ""liberacao"": 0, ""regret"": 0, ""abertura"": 0}",0.8317139521386707,14.285900297851185,0.0,705.0,0.0,
holmberg_p70,holmberg,2.978275181040158,30,200,hibridopl:rotacao,32321.0,True,-1,1,30.0,29.956162846,0.0,32321.0,32321.0,otimo_publicado,"[[0.2412460569976247, 34283.0], [0.28064167399861617, 33592.99999999999], [0.32306414800405037, 32707.999999999978], [0.9706112929998199, 32325.0], [0.9978525320038898, 32322.0], [1.217603515004157, 32321.0], [1.2532278369981213, 32321.0], [4.067450647002261, 32321.0], [6.889453544994467, 32321.0], [14.600879717996577, 32321.0]]",29.956162846,29.95444848,0.9999427708412184,False,75.0,1436.56640625,2,,,,,a6c89e67e1516fe42fe2,14.600734476996877,32321.0,1027.0,1027.0,4.0,"{""interior"": 257, ""fronteira"": 257, ""liberacao"": 257, ""regret"": 256, ""abertura"": 0}","{""interior"": 0, ""fronteira"": 0, ""liberacao"": 0, ""regret"": 0, ""abertura"": 0}",0.8503283010795712,14.309958774101688,0.0,739.0,0.0,
holmberg_p70,holmberg,2.978275181040158,30,200,hibridopl:rotacao,32321.0,True,-1,2,30.0,29.953994247,0.0,32321.0,32321.0,otimo_publicado,"[[0.24046106900641462, 34283.0], [0.2799414470064221, 33593.0], [0.32239410600595875, 32707.999999999978], [0.997032401006436, 32325.0], [1.0237764100020286, 32322.0], [1.259701988004963, 32321.0], [1.295760645007249, 32321.0], [4.739273915009107, 32321.0], [7.113267432010616, 32321.0], [14.613409828998556, 32321.0]]",29.953994247,29.952588455,0.9999530682957202,False,75.0,1436.56640625,2,,,,,a6c89e67e1516fe42fe2,14.613271029003954,32321.0,986.0,986.0,25.0,"{""interior"": 247, ""fronteira"": 247, ""liberacao"": 246, ""regret"": 246, ""abertura"": 0}","{""interior"": 0, ""fronteira"": 0, ""liberacao"": 0, ""regret"": 0, ""abertura"": 0}",0.8294165460974909,14.318049709072511,0.0,711.0,0.0,
holmberg_p70,holmberg,2.978275181040158,30,200,kernel,32321.0,True,-1,0,30.0,17.180174668,0.0,32321.0,32321.0,otimo_publicado,"[[0.25260219399933703, 33184.0], [1.3999070569989271, 32761.0], [2.5252666429951205, 32725.0], [4.712652210997476, 32525.0], [4.775852064994979, 32502.0], [4.8201601519976975, 32481.999999999996], [5.110229584999615, 32474.0], [5.133455634997517, 32393.0], [6.049361817000317, 32321.999999999996], [6.194296698995458, 32321.0], [6.682391459995415, 32321.0], [12.474643620997085, 32321.0]]",17.180174668,17.179812916,0.9999789436366632,False,75.0,1493.08984375,3,225.0,,0.4,3.0,a6c89e67e1516fe42fe2,,,,,,,,,,,,,0.17341377499542432
holmberg_p71,holmberg,2.978275181040158,30,200,adaptativa:gnn,25540.0,True,0,0,30.0,17.67904444,0.0,25540.0,25540.0,otimo_publicado,"[[0.34207174200128065, 29679.0], [0.389508398999169, 28567.999999999975], [1.5156529029991361, 27834.0], [4.410717552003916, 27745.000000000007], [5.453923945002316, 27735.000000000004], [6.131987911001488, 27684.000000000004], [7.266594647997408, 27684.0], [12.695354160001443, 27684.0], [14.327718529006233, 27507.0], [15.428034217002278, 27486.0], [16.84725189099845, 27486.0], [17.67370961599954, 25540.0]]",17.67904444,17.678421441,0.9999647605953979,False,75.0,1902.359375,1,197.0,True,1.0,4.0,a6c89e67e1516fe42fe2,,,,,,,,,,,,,
holmberg_p71,holmberg,2.978275181040158,30,200,adaptativa:pl,25540.0,True,-1,0,30.0,1.505368766,0.0,25540.0,25540.0,otimo_publicado,"[[0.19243700501101557, 26727.0], [0.24018942900875118, 25977.999999999985], [0.5678355100098997, 25824.999999999993], [0.6408299110116786, 25540.0], [0.8497559060051572, 25540.0], [1.120055184015655, 25540.0]]",1.505368766,1.505265151,0.9999311696892215,False,75.0,1448.08203125,2,3.0,True,0.9,3.0,a6c89e67e1516fe42fe2,,,,,,,,,,,,,
holmberg_p71,holmberg,2.978275181040158,30,200,completo,25540.0,True,-1,0,30.0,0.935853335,0.0,25540.0,25540.0,otimo_publicado,"[[0.20978382999601308, 39121.0], [0.36507815399818355, 33425.99999999999], [0.4209338159998879, 31913.000000000004], [0.5055703359976178, 31625.0], [0.5973287239976344, 30651.000000000007], [0.8229344270002912, 30577.000000000015], [0.8495604589988943, 30457.999999999993], [0.9299906189989997, 25540.0]]",0.935853335,0.93581659,0.9999607363690166,False,75.1,1448.08203125,2,1.0,True,1.0,1.0,a6c89e67e1516fe42fe2,,,,,,,,,,,,,
holmberg_p71,holmberg,2.978275181040158,30,200,hibrido:rotacao,25540.0,True,-1,0,30.0,29.959076987,0.0,25540.0,25540.0,otimo_publicado,"[[0.20986762199754594, 29679.0], [0.25810928500141017, 28567.999999999975], [1.3793490409952938, 27834.0], [3.8552819670003373, 27834.0], [6.420196476996352, 27834.0], [8.273883907997515, 27507.0], [8.502116826995916, 27507.0], [9.338002367992885, 25540.0], [9.343773529995815, 25540.0]]",29.959076987,29.957659245,0.9999526773805276,False,75.0,1448.08203125,2,,,,,a6c89e67e1516fe42fe2,9.34361433799495,25540.0,1361.0,1361.0,61.0,"{""interior"": 341, ""fronteira"": 340, ""liberacao"": 340, ""regret"": 340, ""abertura"": 0}","{""interior"": 0, ""fronteira"": 0, ""liberacao"": 0, ""regret"": 0, ""abertura"": 0}",1.0026506291542319,19.355675552069442,0.0,1206.0,0.0,
holmberg_p71,holmberg,2.978275181040158,30,200,hibrido:rotacao,25540.0,True,-1,1,30.0,29.974455187,0.0,25540.0,25540.0,otimo_publicado,"[[0.21013019599195104, 29679.0], [0.2585776129926671, 28567.999999999975], [1.4900136739961454, 27834.0], [3.697474960994441, 27834.0], [6.4122371379926335, 27834.0], [8.138193920989579, 27507.0], [8.154325645991776, 27484.0], [8.685553283990885, 27484.0], [9.474015301988402, 25540.0], [9.480018027999904, 25540.0]]",29.974455187,29.97384117,0.9999795153240928,False,75.0,1528.94921875,3,,,,,a6c89e67e1516fe42fe2,9.479845508001745,25540.0,1330.0,1330.0,57.0,"{""interior"": 333, ""fronteira"": 333, ""liberacao"": 332, ""regret"": 332, ""abertura"": 0}","{""interior"": 0, ""fronteira"": 0, ""liberacao"": 0, ""regret"": 0, ""abertura"": 0}",0.9963317708534305,19.226299509988166,0.0,1181.0,0.0,
holmberg_p71,holmberg,2.978275181040158,30,200,hibrido:rotacao,25540.0,True,-1,2,30.0,29.958287292,0.0,25540.0,25540.0,otimo_publicado,"[[0.21064645000296878, 29679.0], [0.25865450499986764, 28567.999999999975], [1.364114479998534, 27834.0], [3.856204298994271, 27834.0], [6.420972287996847, 27834.0], [7.99269771699619, 27507.0], [8.501243602004251, 27507.0], [9.329336814000271, 25540.0], [9.335098515992286, 25540.0]]",29.958287292,29.956776539,0.9999495714496202,False,75.0,1448.08203125,2,,,,,a6c89e67e1516fe42fe2,9.33496110199485,25540.0,1336.0,1336.0,50.0,"{""interior"": 334, ""fronteira"": 334, ""liberacao"": 334, ""regret"": 334, ""abertura"": 0}","{""interior"": 0, ""fronteira"": 0, ""liberacao"": 0, ""regret"": 0, ""abertura"": 0}",1.0123011600662721,19.3389760410937,0.0,1193.0,0.0,
holmberg_p71,holmberg,2.978275181040158,30,200,hibridopl:rotacao,25540.0,True,-1,0,30.0,29.954026364,0.0,25540.0,25540.0,otimo_publicado,"[[0.19279600300069433, 26727.0], [0.2415309510033694, 25977.999999999985], [0.5699277110034018, 25824.999999999993], [0.643442437001795, 25540.0], [0.6828569150020485, 25540.0], [0.9487714059941936, 25540.0], [1.3319716219994007, 25540.0]]",29.954026364,29.951794498,0.9999254902839144,False,47.1,1447.08203125,2,,,,,a6c89e67e1516fe42fe2,1.3318337579985382,25540.0,1896.0,1896.0,3.0,"{""interior"": 474, ""fronteira"": 474, ""liberacao"": 474, ""regret"": 474, ""abertura"": 0}","{""interior"": 0, ""fronteira"": 0, ""liberacao"": 0, ""regret"": 0, ""abertura"": 0}",1.391715543839382,26.875240892950387,0.0,1699.0,0.0,
holmberg_p71,holmberg,2.978275181040158,30,200,hibridopl:rotacao,25540.0,True,-1,1,30.0,29.950810893,0.0,25540.0,25540.0,otimo_publicado,"[[0.19397184200352058, 26727.0], [0.24210680100077298, 25977.999999999985], [0.5701372240000637, 25802.999999999993], [0.6366984289998072, 25540.0], [0.6762623220056412, 25540.0], [1.114204621000681, 25540.0], [1.5034888139998657, 25540.0]]",29.950810893,29.950176529,0.9999788198055048,False,63.3,1528.94921875,3,,,,,a6c89e67e1516fe42fe2,1.503344750002725,25540.0,1854.0,1854.0,3.0,"{""interior"": 464, ""fronteira"": 464, ""liberacao"": 463, ""regret"": 463, ""abertura"": 0}","{""interior"": 0, ""fronteira"": 0, ""liberacao"": 0, ""regret"": 0, ""abertura"": 0}",1.3768140518805012,26.706316277035512,0.0,1668.0,0.0,
holmberg_p71,holmberg,2.978275181040158,30,200,hibridopl:rotacao,25540.0,True,-1,2,30.0,29.962241,0.0,25540.0,25540.0,otimo_publicado,"[[0.44229709899809677, 26727.0], [0.49073419500200544, 25977.999999999985], [0.8204578180011595, 25817.999999999993], [0.8919099670019932, 25540.0], [0.9323386590040172, 25540.0], [1.2149276359996293, 25540.0], [1.5434212120017037, 25540.0]]",29.962241,29.960977261,0.9999578222803829,False,75.0,1902.359375,1,,,,,a6c89e67e1516fe42fe2,1.5432876060003764,25540.0,1863.0,1863.0,3.0,"{""interior"": 466, ""fronteira"": 466, ""liberacao"": 466, ""regret"": 465, ""abertura"": 0}","{""interior"": 0, ""fronteira"": 0, ""liberacao"": 0, ""regret"": 0, ""abertura"": 0}",1.3840306779020466,26.68257874774281,0.0,1683.0,0.0,
holmberg_p71,holmberg,2.978275181040158,30,200,kernel,25540.0,True,-1,0,30.0,1.573777356,0.0,25540.0,25540.0,otimo_publicado,"[[0.18794783300108975, 26727.0], [0.23575770900060888, 25977.999999999985], [0.5614969210000709, 25824.999999999993], [0.6341665669970098, 25540.0], [0.7040656739991391, 25540.0], [1.339383132995863, 25540.0]]",1.573777356,1.573736207,0.9999738533536252,False,75.0,1448.08203125,2,3.0,,0.43333333333333335,3.0,a6c89e67e1516fe42fe2,,,,,,,,,,,,,0.10685679099697154
holmberg_p8,holmberg,1.3736263736263736,10,50,adaptativa:gnn,11088.0,True,0,0,30.0,1.744213376,0.0,11088.0,11088.0,otimo_publicado,"[[0.023718171003565658, 13466.0], [0.04850107700622175, 13209.000000000002], [0.3885604340102873, 12493.999999999998], [0.4276426290089148, 12343.0], [0.4774612420005724, 12343.0], [0.6246364960097708, 12343.0], [0.7663048960021115, 12343.0], [0.7764856390058412, 12092.0], [0.809423668004456, 11690.999999999998], [1.6857098440013942, 11088.0]]",1.744213376,1.744188995,0.9999860217790234,False,75.1,1683.8671875,3,4.0,True,1.0,4.0,a6c89e67e1516fe42fe2,,,,,,,,,,,,,
holmberg_p8,holmberg,1.3736263736263736,10,50,adaptativa:pl,11088.0,True,-1,0,30.0,0.894076956,0.0,11088.0,11088.0,otimo_publicado,"[[0.02246258999366546, 26560.0], [0.024599416996352375, 11465.000000000002], [0.04680509399622679, 11305.0], [0.39887247599835973, 11088.0], [0.4443496430030791, 11088.0], [0.5559823480070918, 11088.0], [0.6725706590077607, 11088.0]]",0.894076956,0.894052229,0.9999723435439936,False,75.1,1683.8671875,3,4.0,True,1.0,4.0,a6c89e67e1516fe42fe2,,,,,,,,,,,,,
holmberg_p8,holmberg,1.3736263736263736,10,50,completo,11088.0,True,-1,0,30.0,0.987788884,0.0,11088.0,11088.0,otimo_publicado,"[[0.018358549998083618, 12092.0], [0.05118282599869417, 11690.999999999998], [0.9286993479981902, 11088.0]]",0.987788884,0.987780416,0.9999914273179855,False,75.0,1901.359375,1,1.0,True,1.0,1.0,a6c89e67e1516fe42fe2,,,,,,,,,,,,,
holmberg_p8,holmberg,1.3736263736263736,10,50,hibrido:rotacao,11088.0,True,-1,0,30.0,29.955956364,0.0,11088.0,11088.0,otimo_publicado,"[[0.023242807998030912, 13466.0], [0.04786293399956776, 13209.000000000002], [0.3842817839977215, 12493.999999999998], [0.42248331099835923, 12343.0], [0.4817816889990354, 12343.0], [0.6204932369946619, 12343.0], [0.7649811719966237, 12343.0], [0.7750719359974028, 12092.0], [0.8078493029970559, 11690.999999999998], [1.6839089049972245, 11088.0], [1.7437516360005247, 11088.0]]",29.955956364,29.954511542,0.9999517684569158,False,75.0,1447.08203125,2,,,,,a6c89e67e1516fe42fe2,1.7436202309982036,11088.0,1875.0,1875.0,4.0,"{""interior"": 469, ""fronteira"": 469, ""liberacao"": 469, ""regret"": 468, ""abertura"": 0}","{""interior"": 0, ""fronteira"": 0, ""liberacao"": 0, ""regret"": 0, ""abertura"": 0}",0.6847621978158713,27.193904337902495,0.0,1857.0,0.0,
holmberg_p8,holmberg,1.3736263736263736,10,50,hibrido:rotacao,11088.0,True,-1,1,30.0,29.953580113,0.0,11088.0,11088.0,otimo_publicado,"[[0.023434962997271214, 13466.0], [0.04824285799986683, 13209.000000000002], [0.44567266900412505, 13078.0], [0.45203064900124446, 12343.0], [0.4865733379992889, 12343.0], [0.626541786994494, 12343.0], [0.7712941569989198, 12343.0], [0.7814155890009715, 12092.0], [0.8143018359987764, 11690.999999999998], [1.6864599799955613, 11088.0], [1.7452367469959427, 11088.0]]",29.953580113,29.952949296,0.9999789401801848,False,75.0,1683.8671875,3,,,,,a6c89e67e1516fe42fe2,1.7451017939965823,11088.0,1895.0,1895.0,4.0,"{""interior"": 474, ""fronteira"": 474, ""liberacao"": 474, ""regret"": 473, ""abertura"": 0}","{""interior"": 0, ""fronteira"": 0, ""liberacao"": 0, ""regret"": 0, ""abertura"": 0}",0.6958002970204689,27.169343365210807,0.0,1877.0,0.0,
holmberg_p8,holmberg,1.3736263736263736,10,50,hibrido:rotacao,11088.0,True,-1,2,30.0,29.982481871,0.0,11088.0,11088.0,otimo_publicado,"[[0.024057899994659238, 13466.0], [0.04878070399718126, 13209.000000000002], [0.3667882479930995, 13134.999999999998], [0.4484415129991248, 12343.0], [0.4803683749996708, 12343.0], [0.6187700669979677, 12343.0], [0.7687488360024872, 12343.0], [0.7789988580043428, 12092.0], [0.8119739950052463, 11690.999999999998], [1.6973870800065924, 11088.0], [1.7554395190018113, 11088.0]]",29.982481871,29.980803739,0.9999440295834341,False,75.0,1447.08203125,2,,,,,a6c89e67e1516fe42fe2,1.7553068790002726,11088.0,1982.0,1982.0,4.0,"{""interior"": 496, ""fronteira"": 496, ""liberacao"": 495, ""regret"": 495, ""abertura"": 0}","{""interior"": 0, ""fronteira"": 0, ""liberacao"": 0, ""regret"": 0, ""abertura"": 0}",0.7170823318883777,27.162782007995702,0.0,1964.0,0.0,
holmberg_p8,holmberg,1.3736263736263736,10,50,hibridopl:rotacao,11088.0,True,-1,0,30.0,29.967937239,0.0,11088.0,11088.0,otimo_publicado,"[[0.022844849998364225, 26560.0], [0.024958394998975564, 11465.000000000002], [0.046918220999941695, 11305.0], [0.3994429809972644, 11088.0], [0.44294722299673595, 11088.0], [0.5609090870057116, 11088.0], [0.6739543680014322, 11088.0], [0.8945604309992632, 11088.0]]",29.967937239,29.967335124,0.9999799080265286,False,75.0,1683.8671875,3,,,,,a6c89e67e1516fe42fe2,0.8944066339972778,11088.0,1907.0,1907.0,4.0,"{""interior"": 477, ""fronteira"": 477, ""liberacao"": 477, ""regret"": 476, ""abertura"": 0}","{""interior"": 0, ""fronteira"": 0, ""liberacao"": 0, ""regret"": 0, ""abertura"": 0}",0.6964359561388846,28.01858661883307,0.0,1889.0,0.0,
holmberg_p8,holmberg,1.3736263736263736,10,50,hibridopl:rotacao,11088.0,True,-1,1,30.0,29.979191665,0.0,11088.0,11088.0,otimo_publicado,"[[0.025590908000594936, 26560.0], [0.02774473900353769, 11465.000000000002], [0.04984520900325151, 11305.0], [0.40028264200373087, 11093.999999999998], [0.40730841099866666, 11088.0], [0.4201520589995198, 11088.0], [0.536241109999537, 11088.0], [0.6479705450037727, 11088.0], [0.9321423699948355, 11088.0]]",29.979191665,29.977065615,0.9999290824774811,False,75.3,1901.359375,1,,,,,a6c89e67e1516fe42fe2,0.9320041229948401,11088.0,1954.0,1954.0,4.0,"{""interior"": 489, ""fronteira"": 489, ""liberacao"": 488, ""regret"": 488, ""abertura"": 0}","{""interior"": 0, ""fronteira"": 0, ""liberacao"": 0, ""regret"": 0, ""abertura"": 0}",0.7420470608267351,27.93844320307835,0.0,1936.0,0.0,
holmberg_p8,holmberg,1.3736263736263736,10,50,hibridopl:rotacao,11088.0,True,-1,2,30.0,29.982330514,0.0,11088.0,11088.0,otimo_publicado,"[[0.02246464299969375, 26560.0], [0.02456897000229219, 11465.000000000002], [0.04662581500451779, 11305.0], [0.39953882000554586, 11088.0], [0.4416723180038389, 11088.0], [0.5595274139996036, 11088.0], [0.6716596710102749, 11088.0], [0.932658789002744, 11088.0]]",29.982330514,29.981344898,0.999967126771565,False,75.0,1901.359375,1,,,,,a6c89e67e1516fe42fe2,0.9325287510000635,11088.0,2046.0,2046.0,4.0,"{""interior"": 512, ""fronteira"": 512, ""liberacao"": 511, ""regret"": 511, ""abertura"": 0}","{""interior"": 0, ""fronteira"": 0, ""liberacao"": 0, ""regret"": 0, ""abertura"": 0}",0.7421553982931073,27.95611508181173,0.0,2028.0,0.0,
holmberg_p8,holmberg,1.3736263736263736,10,50,kernel,11088.0,True,-1,0,30.0,1.008492962,0.0,11088.0,11088.0,otimo_publicado,"[[0.021141450008144602, 11922.0], [0.02733198400528636, 11731.999999999996], [0.5662268190062605, 11089.0], [0.5756519560018205, 11088.0], [0.789298352006881, 11088.0]]",1.008492962,1.008452574,0.9999599521250799,False,75.0,1447.08203125,2,2.0,,0.9,2.0,a6c89e67e1516fe42fe2,,,,,,,,,,,,,0.003483576001599431
holmberg_p9,holmberg,2.0604395604395602,10,50,adaptativa:gnn,8462.0,True,0,0,30.0,0.167669508,0.0,8462.0,8462.0,otimo_publicado,"[[0.020700676999695133, 14406.0], [0.024298320997331757, 13775.000000000002], [0.027014738996513188, 13459.000000000002], [0.040798436995828524, 13432.0], [0.04951724700367777, 13432.0], [0.09246641200297745, 13432.0], [0.14233760600473033, 13432.0], [0.15262036100466503, 9040.0], [0.15852628200082108, 8822.0], [0.1611600750038633, 8477.000000000002], [0.1666804359992966, 8462.0]]",0.167669508,0.167629356,0.9997605289090489,False,75.0,1901.265625,1,4.0,True,1.0,4.0,a6c89e67e1516fe42fe2,,,,,,,,,,,,,
holmberg_p9,holmberg,2.0604395604395602,10,50,adaptativa:pl,8462.0,True,-1,0,30.0,0.131255448,0.0,8462.0,8462.0,otimo_publicado,"[[0.014227041996491607, 10730.0], [0.01946704700094415, 9573.0], [0.04871205899689812, 9398.0], [0.05539518300065538, 9398.0], [0.08249430500291055, 9398.0], [0.08860760500101605, 8631.0], [0.09380237600271357, 8462.000000000002], [0.10951276600098936, 8462.0]]",0.131255448,0.131259541,1.0000311834675235,False,75.0,1901.265625,1,4.0,True,1.0,4.0,a6c89e67e1516fe42fe2,,,,,,,,,,,,,
holmberg_p9,holmberg,2.0604395604395602,10,50,completo,8462.0,True,-1,0,30.0,0.033534478,0.0,8462.0,8462.0,otimo_publicado,"[[0.018634396998095326, 9040.0], [0.024564515995734837, 8822.0], [0.02720490600040648, 8477.000000000002], [0.03267685999890091, 8462.0]]",0.033534478,0.033539067,1.0001368442353569,False,76.9,1493.08984375,3,1.0,True,1.0,1.0,a6c89e67e1516fe42fe2,,,,,,,,,,,,,
holmberg_p9,holmberg,2.0604395604395602,10,50,hibrido:rotacao,8462.0,True,-1,0,30.0,29.953775725,0.0,8462.0,8462.0,otimo_publicado,"[[0.01942166800290579, 14406.0], [0.023040387000946794, 13775.000000000002], [0.0257326840001042, 13459.000000000002], [0.039489098999183625, 13432.0], [0.048158238001633435, 13432.0], [0.09574390700436197, 13432.0], [0.1412996180006303, 13432.0], [0.15137531900109025, 9040.0], [0.15727513800084125, 8822.0], [0.15995315000327537, 8477.000000000002], [0.16536419300246052, 8462.0], [0.1661664209968876, 8462.0]]",29.953775725,29.952342752,0.9999521605218268,False,75.0,1436.56640625,2,,,,,a6c89e67e1516fe42fe2,0.1660391859986703,8462.0,2377.0,2377.0,4.0,"{""interior"": 595, ""fronteira"": 594, ""liberacao"": 594, ""regret"": 594, ""abertura"": 0}","{""interior"": 0, ""fronteira"": 0, ""liberacao"": 0, ""regret"": 0, ""abertura"": 0}",0.8515443052383489,28.528088695005863,0.0,2359.0,0.0,
holmberg_p9,holmberg,2.0604395604395602,10,50,hibrido:rotacao,8462.0,True,-1,1,30.0,29.952733382,0.0,8462.0,8462.0,otimo_publicado,"[[0.019549365002603736, 14406.0], [0.02316252500168048, 13775.000000000002], [0.025847833006992005, 13459.000000000002], [0.039655165004660375, 13445.0], [0.0445286450049025, 13432.0], [0.0544478150040959, 13432.0], [0.0979732839987264, 13432.0], [0.14346073500200873, 13432.0], [0.15355956900020828, 9040.0], [0.15947293800127227, 8822.0], [0.16208522799570346, 8477.000000000002], [0.16752282699599164, 8462.0], [0.16835238200292224, 8462.0]]",29.952733382,29.952117078,0.9999794241149167,False,75.0,1493.08984375,3,,,,,a6c89e67e1516fe42fe2,0.16821825900115073,8462.0,2408.0,2408.0,4.0,"{""interior"": 602, ""fronteira"": 602, ""liberacao"": 602, ""regret"": 602, ""abertura"": 0}","{""interior"": 0, ""fronteira"": 0, ""liberacao"": 0, ""regret"": 0, ""abertura"": 0}",0.8627492021187209,28.498935417854227,0.0,2390.0,0.0,
holmberg_p9,holmberg,2.0604395604395602,10,50,hibrido:rotacao,8462.0,True,-1,2,30.0,29.961980991,0.0,8462.0,8462.0,otimo_publicado,"[[0.019659788995340932, 14406.0], [0.023288569995202124, 13775.000000000002], [0.026037359995825682, 13459.000000000002], [0.03973578499426367, 13432.0], [0.0514184790008585, 13432.0], [0.09499643799790647, 13432.0], [0.14021687399508664, 13432.0], [0.150381961997482, 9040.0], [0.15623990899621276, 8822.0], [0.1588507119959104, 8477.000000000002], [0.16427453799406067, 8462.0], [0.16513185100484407, 8462.0]]",29.961980991,29.960847769,0.9999621780015033,False,75.0,1901.265625,1,,,,,a6c89e67e1516fe42fe2,0.16500200500013307,8462.0,2426.0,2426.0,4.0,"{""interior"": 607, ""fronteira"": 607, ""liberacao"": 606, ""regret"": 606, ""abertura"": 0}","{""interior"": 0, ""fronteira"": 0, ""liberacao"": 0, ""regret"": 0, ""abertura"": 0}",0.8813732350245118,28.49513067400403,0.0,2408.0,0.0,
holmberg_p9,holmberg,2.0604395604395602,10,50,hibridopl:rotacao,8462.0,True,-1,0,30.0,29.953213993,0.0,8462.0,8462.0,otimo_publicado,"[[0.014193908995366655, 10730.0], [0.019478213995171245, 9573.0], [0.04874221199133899, 9398.0], [0.05515760600246722, 9398.0], [0.08670581899059471, 9398.0], [0.09289164499205071, 8631.0], [0.09808418199099833, 8462.000000000002], [0.10784518498985562, 8462.0], [0.12948434300051304, 8462.0]]",29.953213993,29.951264739,0.9999349233774895,False,75.3,1901.265625,1,,,,,a6c89e67e1516fe42fe2,0.12936482499935664,8462.0,2387.0,2387.0,4.0,"{""interior"": 597, ""fronteira"": 597, ""liberacao"": 597, ""regret"": 596, ""abertura"": 0}","{""interior"": 0, ""fronteira"": 0, ""liberacao"": 0, ""regret"": 0, ""abertura"": 0}",0.8461115879836143,28.577068250109733,0.0,2369.0,0.0,
holmberg_p9,holmberg,2.0604395604395602,10,50,hibridopl:rotacao,8462.0,True,-1,1,30.0,29.950172464,0.0,8462.0,8462.0,otimo_publicado,"[[0.01653905499551911, 10730.0], [0.021822315989993513, 9573.0], [0.03031388999079354, 9419.000000000004], [0.038116166993859224, 9398.0], [0.04509908999170875, 9398.0], [0.07213790699461242, 9398.0], [0.07830234299763106, 8631.0], [0.08348971899977187, 8462.000000000002], [0.09696157900179969, 8462.0], [0.11868743800005177, 8462.0]]",29.950172464,29.948197992,0.9999340747702747,False,75.3,1493.08984375,3,,,,,a6c89e67e1516fe42fe2,0.11855715199635597,8462.0,2414.0,2414.0,4.0,"{""interior"": 604, ""fronteira"": 604, ""liberacao"": 603, ""regret"": 603, ""abertura"": 0}","{""interior"": 0, ""fronteira"": 0, ""liberacao"": 0, ""regret"": 0, ""abertura"": 0}",0.8607008132094052,28.552774224881432,0.0,2396.0,0.0,
holmberg_p9,holmberg,2.0604395604395602,10,50,hibridopl:rotacao,8462.0,True,-1,2,30.0,29.959106806,0.0,8462.0,8462.0,otimo_publicado,"[[0.14260397699399618, 10730.0], [0.14785973899415694, 9573.0], [0.15629494899621932, 9419.000000000004], [0.16410773700044956, 9398.0], [0.17040961499878904, 9398.0], [0.19692623800074216, 9398.0], [0.20304779699654318, 8631.0], [0.2082115149969468, 8462.000000000002], [0.22037291200103937, 8462.0], [0.24189473699516384, 8462.0]]",29.959106806,29.956947648,0.9999279298273482,False,75.3,1436.56640625,2,,,,,a6c89e67e1516fe42fe2,0.24176957499730634,8462.0,2450.0,2450.0,4.0,"{""interior"": 613, ""fronteira"": 613, ""liberacao"": 612, ""regret"": 612, ""abertura"": 0}","{""interior"": 0, ""fronteira"": 0, ""liberacao"": 0, ""regret"": 0, ""abertura"": 0}",0.8545050611355691,28.464628671077662,0.0,2432.0,0.0,
holmberg_p9,holmberg,2.0604395604395602,10,50,kernel,8462.0,True,-1,0,30.0,0.054032477,0.0,8462.0,8462.0,otimo_publicado,"[[0.015604281004925724, 8631.0], [0.020777903009729926, 8462.000000000002], [0.032220361004874576, 8462.0]]",0.054032477,0.054036229,1.0000694397186345,False,76.2,1493.08984375,3,2.0,,0.6,2.0,a6c89e67e1516fe42fe2,,,,,,,,,,,,,0.0032479930014233105
