n,familia,seed,inicio,filtro,k_in,fallback,custo,tempo,iteracoes,avaliacoes,fallbacks,otimo,bound,status_exato
200,uniforme,0,0,completo,0,True,119.28157313493665,0.028216499999871303,14,36456,0,117.18406975951379,117.18406975951379,optimal
200,uniforme,0,0,classico,8,True,119.28157313493665,0.029278400000293914,15,21312,8,117.18406975951379,117.18406975951379,optimal
200,uniforme,0,0,classico,8,False,123.52951452541966,0.008175500000106695,8,256,0,117.18406975951379,117.18406975951379,optimal
200,uniforme,0,0,classico,16,True,117.18406975951379,0.03683259999979782,16,27064,10,117.18406975951379,117.18406975951379,optimal
200,uniforme,0,0,classico,16,False,123.56904635663642,0.007149000000026717,7,448,0,117.18406975951379,117.18406975951379,optimal
200,uniforme,0,0,classico,32,True,117.18406975951379,0.0373397000003024,16,28088,10,117.18406975951379,117.18406975951379,optimal
200,uniforme,0,0,classico,32,False,123.56904635663642,0.007960199999615725,7,896,0,117.18406975951379,117.18406975951379,optimal
200,uniforme,0,0,aprendido,8,True,117.18406975951379,0.23440839999966556,18,24012,9,117.18406975951379,117.18406975951379,optimal
200,uniforme,0,0,aprendido,8,False,124.4396678593925,0.08341569999993226,6,192,0,117.18406975951379,117.18406975951379,optimal
200,uniforme,0,0,aprendido,16,True,117.18406975951379,0.2516870999997991,18,21984,8,117.18406975951379,117.18406975951379,optimal
200,uniforme,0,0,aprendido,16,False,123.15797338912274,0.09500429999934568,8,512,0,117.18406975951379,117.18406975951379,optimal
200,uniforme,0,0,aprendido,32,True,117.18406975951379,0.2239889000002222,16,20276,7,117.18406975951379,117.18406975951379,optimal
200,uniforme,0,0,aprendido,32,False,122.95409349614019,0.12291360000017448,8,1024,0,117.18406975951379,117.18406975951379,optimal
200,uniforme,0,0,aleatorio,8,True,117.18406975951379,0.029880900000534893,17,23980,9,117.18406975951379,117.18406975951379,optimal
200,uniforme,0,0,aleatorio,8,False,136.64224724565508,0.0025362999995195423,4,128,0,117.18406975951379,117.18406975951379,optimal
200,uniforme,0,0,aleatorio,16,True,119.17844203183036,0.028697200000351586,15,24396,9,117.18406975951379,117.18406975951379,optimal
200,uniforme,0,0,aleatorio,16,False,134.47137464715814,0.00367039999946428,6,384,0,117.18406975951379,117.18406975951379,optimal
200,uniforme,0,0,aleatorio,32,True,117.18406975951379,0.0398750000003929,21,31332,11,117.18406975951379,117.18406975951379,optimal
200,uniforme,0,0,aleatorio,32,False,133.9174559799166,0.00449069999922358,6,768,0,117.18406975951379,117.18406975951379,optimal
200,uniforme,0,1,completo,0,True,118.18680510321872,0.037124499999663385,15,39060,0,117.18406975951379,117.18406975951379,optimal
200,uniforme,0,1,classico,8,True,118.18680510321872,0.03835909999997966,16,26552,10,117.18406975951379,117.18406975951379,optimal
200,uniforme,0,1,classico,8,False,125.72451006164957,0.004894400000011956,7,224,0,117.18406975951379,117.18406975951379,optimal
200,uniforme,0,1,classico,16,True,118.18680510321872,0.03414079999947717,16,24460,9,117.18406975951379,117.18406975951379,optimal
200,uniforme,0,1,classico,16,False,125.72451006164957,0.007620299999871349,7,448,0,117.18406975951379,117.18406975951379,optimal
200,uniforme,0,1,classico,32,True,118.18680510321872,0.038769699999647855,15,25356,9,117.18406975951379,117.18406975951379,optimal
200,uniforme,0,1,classico,32,False,124.95889408389041,0.010035700000116776,7,896,0,117.18406975951379,117.18406975951379,optimal
200,uniforme,0,1,aprendido,8,True,118.18680510321872,0.21869599999990896,15,18708,7,117.18406975951379,117.18406975951379,optimal
200,uniforme,0,1,aprendido,8,False,124.95889408389041,0.08695710000029067,7,224,0,117.18406975951379,117.18406975951379,optimal
200,uniforme,0,1,aprendido,16,True,118.18680510321872,0.2041521000001012,15,16584,6,117.18406975951379,117.18406975951379,optimal
200,uniforme,0,1,aprendido,16,False,124.95889408389041,0.08245029999943654,7,448,0,117.18406975951379,117.18406975951379,optimal
200,uniforme,0,1,aprendido,32,True,118.18680510321872,0.20453689999976632,15,17544,6,117.18406975951379,117.18406975951379,optimal
200,uniforme,0,1,aprendido,32,False,124.95889408389041,0.08953249999922264,7,896,0,117.18406975951379,117.18406975951379,optimal
200,uniforme,0,1,aleatorio,8,True,118.18680510321872,0.04131859999961307,22,39764,15,117.18406975951379,117.18406975951379,optimal
200,uniforme,0,1,aleatorio,8,False,135.0281162157743,0.0034103999996659695,6,192,0,117.18406975951379,117.18406975951379,optimal
200,uniforme,0,1,aleatorio,16,True,118.18680510321872,0.042935899999974936,25,30244,11,117.18406975951379,117.18406975951379,optimal
200,uniforme,0,1,aleatorio,16,False,133.7942017508533,0.004260900000190304,6,384,0,117.18406975951379,117.18406975951379,optimal
200,uniforme,0,1,aleatorio,32,True,117.84641976482415,0.030242099999668426,19,23264,8,117.18406975951379,117.18406975951379,optimal
200,uniforme,0,1,aleatorio,32,False,125.15966102861614,0.007375500000307511,11,1408,0,117.18406975951379,117.18406975951379,optimal
200,uniforme,0,2,completo,0,True,118.34891393222463,0.042657599999984086,19,49476,0,117.18406975951379,117.18406975951379,optimal
200,uniforme,0,2,classico,8,True,118.34891393222463,0.03947690000040893,19,31856,12,117.18406975951379,117.18406975951379,optimal
200,uniforme,0,2,classico,8,False,126.23504881348754,0.00875110000015411,8,256,0,117.18406975951379,117.18406975951379,optimal
200,uniforme,0,2,classico,16,True,118.34891393222463,0.04425280000032217,19,32464,12,117.18406975951379,117.18406975951379,optimal
200,uniforme,0,2,classico,16,False,126.23504881348754,0.008945699999458157,8,512,0,117.18406975951379,117.18406975951379,optimal
200,uniforme,0,2,classico,32,True,118.34891393222463,0.04701779999959399,19,33680,12,117.18406975951379,117.18406975951379,optimal
200,uniforme,0,2,classico,32,False,126.23504881348754,0.010622000000694243,8,1024,0,117.18406975951379,117.18406975951379,optimal
200,uniforme,0,2,aprendido,8,True,117.3323828631884,0.3063508000004731,22,26744,10,117.18406975951379,117.18406975951379,optimal
200,uniforme,0,2,aprendido,8,False,127.17946866042021,0.08657420000054117,7,224,0,117.18406975951379,117.18406975951379,optimal
200,uniforme,0,2,aprendido,16,True,118.24725302084101,0.2806182999993325,22,27448,10,117.18406975951379,117.18406975951379,optimal
200,uniforme,0,2,aprendido,16,False,127.17946866042021,0.0856257999994341,7,448,0,117.18406975951379,117.18406975951379,optimal
200,uniforme,0,2,aprendido,32,True,118.24725302084101,0.26515939999990223,20,25996,9,117.18406975951379,117.18406975951379,optimal
200,uniforme,0,2,aprendido,32,False,127.17946866042021,0.08225240000047052,7,896,0,117.18406975951379,117.18406975951379,optimal
200,uniforme,0,2,aleatorio,8,True,120.15729239566045,0.05364559999998164,21,29316,11,117.18406975951379,117.18406975951379,optimal
200,uniforme,0,2,aleatorio,8,False,136.2773919242185,0.00531070000033651,10,320,0,117.18406975951379,117.18406975951379,optimal
200,uniforme,0,2,aleatorio,16,True,118.08123060305196,0.0409417000000758,22,30052,11,117.18406975951379,117.18406975951379,optimal
200,uniforme,0,2,aleatorio,16,False,130.29549331768683,0.005663099999765109,10,640,0,117.18406975951379,117.18406975951379,optimal
200,uniforme,0,2,aleatorio,32,True,118.36157016634697,0.043565200000557525,24,34320,12,117.18406975951379,117.18406975951379,optimal
200,uniforme,0,2,aleatorio,32,False,128.4344116307186,0.006027499999618158,9,1152,0,117.18406975951379,117.18406975951379,optimal
200,cidade,1,0,completo,0,True,40.96645586715987,0.04146579999996902,16,41664,0,40.80639788663623,40.80639788663623,optimal
200,cidade,1,0,classico,8,True,40.96645586715987,0.03628610000032495,18,21408,8,40.80639788663623,40.80639788663623,optimal
200,cidade,1,0,classico,8,False,42.81450413978854,0.01138619999983348,10,320,0,40.80639788663623,40.80639788663623,optimal
200,cidade,1,0,classico,16,True,40.96645586715987,0.03804550000040763,18,21984,8,40.80639788663623,40.80639788663623,optimal
200,cidade,1,0,classico,16,False,42.81450413978854,0.011003099999470578,10,640,0,40.80639788663623,40.80639788663623,optimal
200,cidade,1,0,classico,32,True,40.96645586715987,0.03128019999985554,18,23136,8,40.80639788663623,40.80639788663623,optimal
200,cidade,1,0,classico,32,False,42.81450413978854,0.011674900000798516,10,1280,0,40.80639788663623,40.80639788663623,optimal
200,cidade,1,0,aprendido,8,True,40.92805481535628,0.248077999999623,18,16200,6,40.80639788663623,40.80639788663623,optimal
200,cidade,1,0,aprendido,8,False,42.24956588746724,0.16205859999990935,12,384,0,40.80639788663623,40.80639788663623,optimal
200,cidade,1,0,aprendido,16,True,40.92805481535628,0.22684709999975894,18,16776,6,40.80639788663623,40.80639788663623,optimal
200,cidade,1,0,aprendido,16,False,42.200661333872404,0.1586569999999483,13,832,0,40.80639788663623,40.80639788663623,optimal
200,cidade,1,0,aprendido,32,True,40.92805481535628,0.2741144000001441,18,17928,6,40.80639788663623,40.80639788663623,optimal
200,cidade,1,0,aprendido,32,False,42.200661333872404,0.16975259999981063,13,1664,0,40.80639788663623,40.80639788663623,optimal
200,cidade,1,0,aleatorio,8,True,41.298532533181316,0.0630751999997301,35,47992,18,40.80639788663623,40.80639788663623,optimal
200,cidade,1,0,aleatorio,8,False,48.37229303607549,0.006558799999766052,12,384,0,40.80639788663623,40.80639788663623,optimal
200,cidade,1,0,aleatorio,16,True,41.24471919927085,0.06020249999983207,31,43648,16,40.80639788663623,40.80639788663623,optimal
200,cidade,1,0,aleatorio,16,False,46.80235463753098,0.0071535000006406335,12,768,0,40.80639788663623,40.80639788663623,optimal
200,cidade,1,0,aleatorio,32,True,40.87348740409735,0.05372049999914452,36,41064,14,40.80639788663623,40.80639788663623,optimal
200,cidade,1,0,aleatorio,32,False,46.75066499496501,0.007949400000143214,12,1536,0,40.80639788663623,40.80639788663623,optimal
200,cidade,1,1,completo,0,True,40.87348740409735,0.03354399999989255,14,36456,0,40.80639788663623,40.80639788663623,optimal
200,cidade,1,1,classico,8,True,40.87348740409735,0.03243990000009944,17,18772,7,40.80639788663623,40.80639788663623,optimal
200,cidade,1,1,classico,8,False,43.53345995447924,0.00962840000011056,9,288,0,40.80639788663623,40.80639788663623,optimal
200,cidade,1,1,classico,16,True,40.87348740409735,0.026414699999804725,15,13980,5,40.80639788663623,40.80639788663623,optimal
200,cidade,1,1,classico,16,False,43.215213651549305,0.005791900000076566,9,576,0,40.80639788663623,40.80639788663623,optimal
200,cidade,1,1,classico,32,True,40.87348740409735,0.029316000000108033,14,17416,6,40.80639788663623,40.80639788663623,optimal
200,cidade,1,1,classico,32,False,43.15653574230967,0.010124800000085088,9,1152,0,40.80639788663623,40.80639788663623,optimal
200,cidade,1,1,aprendido,8,True,40.87348740409735,0.1988632000002326,15,10896,4,40.80639788663623,40.80639788663623,optimal
200,cidade,1,1,aprendido,8,False,42.26981083865385,0.13574760000028618,11,352,0,40.80639788663623,40.80639788663623,optimal
200,cidade,1,1,aprendido,16,True,40.87348740409735,0.21194240000022546,15,11376,4,40.80639788663623,40.80639788663623,optimal
200,cidade,1,1,aprendido,16,False,41.91781421236585,0.179287299999487,12,768,0,40.80639788663623,40.80639788663623,optimal
200,cidade,1,1,aprendido,32,True,40.87348740409735,0.24203850000048988,17,12592,4,40.80639788663623,40.80639788663623,optimal
200,cidade,1,1,aprendido,32,False,42.80416048415181,0.1442987999998877,11,1408,0,40.80639788663623,40.80639788663623,optimal
200,cidade,1,1,aleatorio,8,True,41.8453032630902,0.028520300000309362,17,21376,8,40.80639788663623,40.80639788663623,optimal
200,cidade,1,1,aleatorio,8,False,45.67568234538028,0.00308480000057898,9,288,0,40.80639788663623,40.80639788663623,optimal
200,cidade,1,1,aleatorio,16,True,40.87348740409735,0.04369459999998071,25,32848,12,40.80639788663623,40.80639788663623,optimal
200,cidade,1,1,aleatorio,16,False,44.02443433800332,0.008015299999897252,12,768,0,40.80639788663623,40.80639788663623,optimal
200,cidade,1,1,aleatorio,32,True,41.127473601272754,0.040888300000005984,33,27660,9,40.80639788663623,40.80639788663623,optimal
200,cidade,1,1,aleatorio,32,False,42.861601801479964,0.009196699999847624,19,2432,0,40.80639788663623,40.80639788663623,optimal
200,cidade,1,2,completo,0,True,40.816655171205255,0.02994200000011915,14,36456,0,40.80639788663623,40.80639788663623,optimal
200,cidade,1,2,classico,8,True,40.816655171205255,0.03274929999952292,14,21280,8,40.80639788663623,40.80639788663623,optimal
200,cidade,1,2,classico,8,False,42.88435147601969,0.008099399999991874,7,224,0,40.80639788663623,40.80639788663623,optimal
200,cidade,1,2,classico,16,True,40.816655171205255,0.027821900000162714,14,21728,8,40.80639788663623,40.80639788663623,optimal
200,cidade,1,2,classico,16,False,42.88435147601969,0.007532100000389619,7,448,0,40.80639788663623,40.80639788663623,optimal
200,cidade,1,2,classico,32,True,40.816655171205255,0.03138020000005781,14,20020,7,40.80639788663623,40.80639788663623,optimal
200,cidade,1,2,classico,32,False,42.11663876089655,0.008699899999555782,8,1024,0,40.80639788663623,40.80639788663623,optimal
200,cidade,1,2,aprendido,8,True,40.816655171205255,0.2297264000007999,16,13532,5,40.80639788663623,40.80639788663623,optimal
200,cidade,1,2,aprendido,8,False,42.11663876089655,0.10878979999961302,8,256,0,40.80639788663623,40.80639788663623,optimal
200,cidade,1,2,aprendido,16,True,40.80639788663623,0.22684229999958916,16,11440,4,40.80639788663623,40.80639788663623,optimal
200,cidade,1,2,aprendido,16,False,41.75315896064787,0.16231530000004568,12,768,0,40.80639788663623,40.80639788663623,optimal
200,cidade,1,2,aprendido,32,True,40.80639788663623,0.21158959999957005,16,12464,4,40.80639788663623,40.80639788663623,optimal
200,cidade,1,2,aprendido,32,False,41.75315896064787,0.14996809999956895,12,1536,0,40.80639788663623,40.80639788663623,optimal
200,cidade,1,2,aleatorio,8,True,41.24471919927085,0.04241430000001856,24,34620,13,40.80639788663623,40.80639788663623,optimal
200,cidade,1,2,aleatorio,8,False,46.59303715016979,0.005243399999926623,9,288,0,40.80639788663623,40.80639788663623,optimal
200,cidade,1,2,aleatorio,16,True,40.87348740409735,0.04320149999966816,22,40468,15,40.80639788663623,40.80639788663623,optimal
200,cidade,1,2,aleatorio,16,False,47.0839723123422,0.004497300000366522,7,448,0,40.80639788663623,40.80639788663623,optimal
200,cidade,1,2,aleatorio,32,True,40.87348740409735,0.040805900000123074,22,34064,12,40.80639788663623,40.80639788663623,optimal
200,cidade,1,2,aleatorio,32,False,43.52454660573738,0.006280599999627157,9,1152,0,40.80639788663623,40.80639788663623,optimal
200,uniforme,2,0,completo,0,True,128.044163121511,0.04398219999984576,19,49476,0,127.26904441948257,127.26904441948257,optimal
200,uniforme,2,0,classico,8,True,127.26904441948255,0.05194190000020171,21,34524,13,127.26904441948257,127.26904441948257,optimal
200,uniforme,2,0,classico,8,False,142.40725786631916,0.008672099999785132,8,256,0,127.26904441948257,127.26904441948257,optimal
200,uniforme,2,0,classico,16,True,127.26904441948255,0.05026660000021366,21,35196,13,127.26904441948257,127.26904441948257,optimal
200,uniforme,2,0,classico,16,False,142.40725786631916,0.008617599999524828,8,512,0,127.26904441948257,127.26904441948257,optimal
200,uniforme,2,0,classico,32,True,129.2000669690098,0.03662850000000617,19,20660,7,127.26904441948257,127.26904441948257,optimal
200,uniforme,2,0,classico,32,False,139.5363065574279,0.011792399999649206,11,1408,0,127.26904441948257,127.26904441948257,optimal
200,uniforme,2,0,aprendido,8,True,127.33595864570539,0.29187110000020766,22,26744,10,127.26904441948257,127.26904441948257,optimal
200,uniforme,2,0,aprendido,8,False,140.1518189290573,0.13516100000015285,11,352,0,127.26904441948257,127.26904441948257,optimal
200,uniforme,2,0,aprendido,16,True,127.77159351776375,0.25323389999994106,19,16840,6,127.26904441948257,127.26904441948257,optimal
200,uniforme,2,0,aprendido,16,False,142.22169066794407,0.10201609999967332,8,512,0,127.26904441948257,127.26904441948257,optimal
200,uniforme,2,0,aprendido,32,True,128.0604963129618,0.2764649000000645,19,15452,5,127.26904441948257,127.26904441948257,optimal
200,uniforme,2,0,aprendido,32,False,140.55745740159153,0.10295310000037716,8,1024,0,127.26904441948257,127.26904441948257,optimal
200,uniforme,2,0,aleatorio,8,True,127.33595864570539,0.050036200000249664,23,37192,14,127.26904441948257,127.26904441948257,optimal
200,uniforme,2,0,aleatorio,8,False,153.45082635626528,0.003179899999850022,5,160,0,127.26904441948257,127.26904441948257,optimal
200,uniforme,2,0,aleatorio,16,True,127.33595864570539,0.04091670000070735,23,27512,10,127.26904441948257,127.26904441948257,optimal
200,uniforme,2,0,aleatorio,16,False,140.78091912964436,0.006073499999729393,10,640,0,127.26904441948257,127.26904441948257,optimal
200,uniforme,2,0,aleatorio,32,True,129.4720099858057,0.025028000000020256,22,13232,4,127.26904441948257,127.26904441948257,optimal
200,uniforme,2,0,aleatorio,32,False,131.56520561012852,0.011390499999833992,17,2176,0,127.26904441948257,127.26904441948257,optimal
200,uniforme,2,1,completo,0,True,127.74018705001605,0.0449611999993067,19,49476,0,127.26904441948257,127.26904441948257,optimal
200,uniforme,2,1,classico,8,True,127.72385385856523,0.03916399999980058,18,21408,8,127.26904441948257,127.26904441948257,optimal
200,uniforme,2,1,classico,8,False,131.60565988134542,0.008409299999584618,11,352,0,127.26904441948257,127.26904441948257,optimal
200,uniforme,2,1,classico,16,True,127.74018705001605,0.03609190000042872,19,27256,10,127.26904441948257,127.26904441948257,optimal
200,uniforme,2,1,classico,16,False,131.966782644559,0.007924000000457454,10,640,0,127.26904441948257,127.26904441948257,optimal
200,uniforme,2,1,classico,32,True,127.74018705001605,0.035170999999536434,19,28472,10,127.26904441948257,127.26904441948257,optimal
200,uniforme,2,1,classico,32,False,131.966782644559,0.006811299999753828,10,1280,0,127.26904441948257,127.26904441948257,optimal
200,uniforme,2,1,aprendido,8,True,127.74018705001605,0.265181499999926,19,26648,10,127.26904441948257,127.26904441948257,optimal
200,uniforme,2,1,aprendido,8,False,134.69231062891083,0.12264859999959299,10,320,0,127.26904441948257,127.26904441948257,optimal
200,uniforme,2,1,aprendido,16,True,127.74018705001605,0.25615600000037375,18,27192,10,127.26904441948257,127.26904441948257,optimal
200,uniforme,2,1,aprendido,16,False,134.26040180995986,0.11700930000006338,9,576,0,127.26904441948257,127.26904441948257,optimal
200,uniforme,2,1,aprendido,32,True,127.74018705001605,0.23714700000073208,19,18056,6,127.26904441948257,127.26904441948257,optimal
200,uniforme,2,1,aprendido,32,False,132.4521403757534,0.12784580000061396,11,1408,0,127.26904441948257,127.26904441948257,optimal
200,uniforme,2,1,aleatorio,8,True,127.33595864570539,0.038037700000131736,24,34620,13,127.26904441948257,127.26904441948257,optimal
200,uniforme,2,1,aleatorio,8,False,152.36336784516408,0.004022799999802373,8,256,0,127.26904441948257,127.26904441948257,optimal
200,uniforme,2,1,aleatorio,16,True,127.74018705001605,0.024878500000340864,25,19828,7,127.26904441948257,127.26904441948257,optimal
200,uniforme,2,1,aleatorio,16,False,134.00919648489221,0.007536299999628682,18,1152,0,127.26904441948257,127.26904441948257,optimal
200,uniforme,2,1,aleatorio,32,True,127.33595864570539,0.026569300000119256,26,24160,8,127.26904441948257,127.26904441948257,optimal
200,uniforme,2,1,aleatorio,32,False,143.3233742084975,0.0037505000000237487,8,1024,0,127.26904441948257,127.26904441948257,optimal
200,uniforme,2,2,completo,0,True,127.26904441948255,0.03454730000066775,18,46872,0,127.26904441948257,127.26904441948257,optimal
200,uniforme,2,2,classico,8,True,127.26904441948255,0.057339500000125554,22,42368,16,127.26904441948257,127.26904441948257,optimal
200,uniforme,2,2,classico,8,False,138.29690590677484,0.0075227999996059225,7,224,0,127.26904441948257,127.26904441948257,optimal
200,uniforme,2,2,classico,16,True,128.044163121511,0.0466244999997798,18,32400,12,127.26904441948257,127.26904441948257,optimal
200,uniforme,2,2,classico,16,False,135.88421102581188,0.007527599999775703,7,448,0,127.26904441948257,127.26904441948257,optimal
200,uniforme,2,2,classico,32,True,127.26904441948255,0.05147889999989275,18,38760,14,127.26904441948257,127.26904441948257,optimal
200,uniforme,2,2,classico,32,False,141.5061555025073,0.00671520000014425,5,640,0,127.26904441948257,127.26904441948257,optimal
200,uniforme,2,2,aprendido,8,True,127.26904441948255,0.26581050000004325,18,31824,12,127.26904441948257,127.26904441948257,optimal
200,uniforme,2,2,aprendido,8,False,135.7184943645861,0.08787960000063322,7,224,0,127.26904441948257,127.26904441948257,optimal
200,uniforme,2,2,aprendido,16,True,127.26904441948255,0.244312899999386,19,27256,10,127.26904441948257,127.26904441948257,optimal
200,uniforme,2,2,aprendido,16,False,134.3777568912646,0.08033759999943868,8,512,0,127.26904441948257,127.26904441948257,optimal
200,uniforme,2,2,aprendido,32,True,127.26904441948255,0.2531704000002719,19,20660,7,127.26904441948257,127.26904441948257,optimal
200,uniforme,2,2,aprendido,32,False,131.99473414660014,0.130501099999492,10,1280,0,127.26904441948257,127.26904441948257,optimal
200,uniforme,2,2,aleatorio,8,True,127.26904441948255,0.050189399999908346,24,39828,15,127.26904441948257,127.26904441948257,optimal
200,uniforme,2,2,aleatorio,8,False,146.13500929533774,0.003338399999847752,6,192,0,127.26904441948257,127.26904441948257,optimal
200,uniforme,2,2,aleatorio,16,True,127.26904441948255,0.044344400000227324,25,38056,14,127.26904441948257,127.26904441948257,optimal
200,uniforme,2,2,aleatorio,16,False,143.989146286113,0.003978900000220165,6,384,0,127.26904441948257,127.26904441948257,optimal
200,uniforme,2,2,aleatorio,32,True,128.07084908078477,0.046990200000436744,26,37180,13,127.26904441948257,127.26904441948257,optimal
200,uniforme,2,2,aleatorio,32,False,137.98158827702503,0.007630799999787996,11,1408,0,127.26904441948257,127.26904441948257,optimal
200,cidade,3,0,completo,0,True,48.55046469787377,0.036486599999989267,15,39060,0,47.740504160504344,47.740504160504344,optimal
200,cidade,3,0,classico,8,True,48.460239899737104,0.02439420000064274,17,10960,4,47.740504160504344,47.740504160504344,optimal
200,cidade,3,0,classico,8,False,48.85872857721101,0.013563299999987066,14,448,0,47.740504160504344,47.740504160504344,optimal
200,cidade,3,0,classico,16,True,48.55046469787377,0.02249870000014198,16,8836,3,47.740504160504344,47.740504160504344,optimal
200,cidade,3,0,classico,16,False,48.680297997862986,0.014608599999519356,14,896,0,47.740504160504344,47.740504160504344,optimal
200,cidade,3,0,classico,32,True,48.55046469787377,0.022438899999542627,16,9860,3,47.740504160504344,47.740504160504344,optimal
200,cidade,3,0,classico,32,False,48.680297997862986,0.01740849999987404,14,1792,0,47.740504160504344,47.740504160504344,optimal
200,cidade,3,0,aprendido,8,True,48.55046469787377,0.20996370000011666,16,8324,3,47.740504160504344,47.740504160504344,optimal
200,cidade,3,0,aprendido,8,False,48.680297997862986,0.172599700000319,14,448,0,47.740504160504344,47.740504160504344,optimal
200,cidade,3,0,aprendido,16,True,48.55046469787377,0.2149002999994991,16,8836,3,47.740504160504344,47.740504160504344,optimal
200,cidade,3,0,aprendido,16,False,48.680297997862986,0.18199829999957728,14,896,0,47.740504160504344,47.740504160504344,optimal
200,cidade,3,0,aprendido,32,True,48.55046469787377,0.23080409999965923,16,9860,3,47.740504160504344,47.740504160504344,optimal
200,cidade,3,0,aprendido,32,False,48.680297997862986,0.19199310000021796,14,1792,0,47.740504160504344,47.740504160504344,optimal
200,cidade,3,0,aleatorio,8,True,48.460239899737104,0.03526400000009744,21,24108,9,47.740504160504344,47.740504160504344,optimal
200,cidade,3,0,aleatorio,8,False,54.04446964161288,0.009290500000133761,11,352,0,47.740504160504344,47.740504160504344,optimal
200,cidade,3,0,aleatorio,16,True,48.55046469787377,0.03180800000063755,21,16968,6,47.740504160504344,47.740504160504344,optimal
200,cidade,3,0,aleatorio,16,False,51.358650840713395,0.008074999999735155,15,960,0,47.740504160504344,47.740504160504344,optimal
200,cidade,3,0,aleatorio,32,True,48.545482289931215,0.043284399999720335,26,26764,9,47.740504160504344,47.740504160504344,optimal
200,cidade,3,0,aleatorio,32,False,51.198843518511424,0.009266399999432906,14,1792,0,47.740504160504344,47.740504160504344,optimal
200,cidade,3,1,completo,0,True,48.38487473139012,0.041804899999988265,16,41664,0,47.740504160504344,47.740504160504344,optimal
200,cidade,3,1,classico,8,True,48.38487473139012,0.02539950000027602,18,24012,9,47.740504160504344,47.740504160504344,optimal
200,cidade,3,1,classico,8,False,50.036082080595776,0.010967899999741348,10,320,0,47.740504160504344,47.740504160504344,optimal
200,cidade,3,1,classico,16,True,48.38487473139012,0.029597499999908905,18,24588,9,47.740504160504344,47.740504160504344,optimal
200,cidade,3,1,classico,16,False,50.036082080595776,0.010452399999849149,10,640,0,47.740504160504344,47.740504160504344,optimal
200,cidade,3,1,classico,32,True,48.38487473139012,0.03202549999969051,18,25740,9,47.740504160504344,47.740504160504344,optimal
200,cidade,3,1,classico,32,False,50.036082080595776,0.011440799999945739,10,1280,0,47.740504160504344,47.740504160504344,optimal
200,cidade,3,1,aprendido,8,True,48.281392499788154,0.210354499999994,16,16136,6,47.740504160504344,47.740504160504344,optimal
200,cidade,3,1,aprendido,8,False,49.333719598574895,0.13960659999975178,11,352,0,47.740504160504344,47.740504160504344,optimal
200,cidade,3,1,aprendido,16,True,48.281392499788154,0.20948170000065147,16,16648,6,47.740504160504344,47.740504160504344,optimal
200,cidade,3,1,aprendido,16,False,49.333719598574895,0.12881969999943976,11,704,0,47.740504160504344,47.740504160504344,optimal
200,cidade,3,1,aprendido,32,True,48.38487473139012,0.24424100000032922,19,18056,6,47.740504160504344,47.740504160504344,optimal
200,cidade,3,1,aprendido,32,False,49.21517242225649,0.19251829999939218,13,1664,0,47.740504160504344,47.740504160504344,optimal
200,cidade,3,1,aleatorio,8,True,47.74050416050434,0.03007300000081159,22,31952,12,47.740504160504344,47.740504160504344,optimal
200,cidade,3,1,aleatorio,8,False,56.13844864648423,0.0050149999997302075,9,288,0,47.740504160504344,47.740504160504344,optimal
200,cidade,3,1,aleatorio,16,True,47.74050416050434,0.040811899999425805,24,32784,12,47.740504160504344,47.740504160504344,optimal
200,cidade,3,1,aleatorio,16,False,55.12988485964216,0.005991699999867706,9,576,0,47.740504160504344,47.740504160504344,optimal
200,cidade,3,1,aleatorio,32,True,47.9351831637121,0.030109799999991083,23,23776,8,47.740504160504344,47.740504160504344,optimal
200,cidade,3,1,aleatorio,32,False,51.24995172154946,0.007269800000358373,13,1664,0,47.740504160504344,47.740504160504344,optimal
200,cidade,3,2,completo,0,True,48.18265937863715,0.028963100000510167,13,33852,0,47.740504160504344,47.740504160504344,optimal
200,cidade,3,2,classico,8,True,48.18265937863715,0.021283000000039465,15,10896,4,47.740504160504344,47.740504160504344,optimal
200,cidade,3,2,classico,8,False,49.06619624758147,0.01088900000013382,11,352,0,47.740504160504344,47.740504160504344,optimal
200,cidade,3,2,classico,16,True,48.18265937863715,0.023552000000563567,15,11376,4,47.740504160504344,47.740504160504344,optimal
200,cidade,3,2,classico,16,False,49.06619624758147,0.010521600000174658,11,704,0,47.740504160504344,47.740504160504344,optimal
200,cidade,3,2,classico,32,True,48.18265937863715,0.02493549999962852,15,12336,4,47.740504160504344,47.740504160504344,optimal
200,cidade,3,2,classico,32,False,49.06619624758147,0.011864499999319378,11,1408,0,47.740504160504344,47.740504160504344,optimal
200,cidade,3,2,aprendido,8,True,48.18265937863715,0.16682740000032936,13,8228,3,47.740504160504344,47.740504160504344,optimal
200,cidade,3,2,aprendido,8,False,49.083412632686944,0.12895279999975173,11,352,0,47.740504160504344,47.740504160504344,optimal
200,cidade,3,2,aprendido,16,True,48.18265937863715,0.23087910000049305,18,11568,4,47.740504160504344,47.740504160504344,optimal
200,cidade,3,2,aprendido,16,False,49.06619624758147,0.15690660000018397,12,768,0,47.740504160504344,47.740504160504344,optimal
200,cidade,3,2,aprendido,32,True,48.644112316064984,0.2340835999993942,16,9860,3,47.740504160504344,47.740504160504344,optimal
200,cidade,3,2,aprendido,32,False,49.06522791677842,0.16552800000044954,13,1664,0,47.740504160504344,47.740504160504344,optimal
200,cidade,3,2,aleatorio,8,True,47.74050416050434,0.04097650000039721,25,26840,10,47.740504160504344,47.740504160504344,optimal
200,cidade,3,2,aleatorio,8,False,58.5734335856689,0.007270200000675686,10,320,0,47.740504160504344,47.740504160504344,optimal
200,cidade,3,2,aleatorio,16,True,48.26609116438115,0.030226099999708822,21,19572,7,47.740504160504344,47.740504160504344,optimal
200,cidade,3,2,aleatorio,16,False,54.860047827244465,0.006534399999509333,10,640,0,47.740504160504344,47.740504160504344,optimal
200,cidade,3,2,aleatorio,32,True,48.018999475570645,0.041427300000577816,30,24672,8,47.740504160504344,47.740504160504344,optimal
200,cidade,3,2,aleatorio,32,False,50.63271436258934,0.010877300000174728,19,2432,0,47.740504160504344,47.740504160504344,optimal
200,uniforme,4,0,completo,0,True,120.51221054857889,0.03878340000028402,20,52080,0,120.51221054857889,120.51221054857889,optimal
200,uniforme,4,0,classico,8,True,120.51221054857889,0.035551500000110536,22,26744,10,120.51221054857889,120.51221054857889,optimal
200,uniforme,4,0,classico,8,False,126.07704924705952,0.007439599999997881,13,416,0,120.51221054857889,120.51221054857889,optimal
200,uniforme,4,0,classico,16,True,120.51221054857889,0.03456150000056368,20,22112,8,120.51221054857889,120.51221054857889,optimal
200,uniforme,4,0,classico,16,False,126.13070196753733,0.010018099999797414,13,832,0,120.51221054857889,120.51221054857889,optimal
200,uniforme,4,0,classico,32,True,120.51221054857889,0.03254590000051394,21,26124,9,120.51221054857889,120.51221054857889,optimal
200,uniforme,4,0,classico,32,False,126.47924201656056,0.009002099999634083,13,1664,0,120.51221054857889,120.51221054857889,optimal
200,uniforme,4,0,aprendido,8,True,120.51221054857889,0.2848802999997133,21,21504,8,120.51221054857889,120.51221054857889,optimal
200,uniforme,4,0,aprendido,8,False,126.07704924705952,0.14758679999977176,12,384,0,120.51221054857889,120.51221054857889,optimal
200,uniforme,4,0,aprendido,16,True,120.51221054857889,0.280757900000026,21,19572,7,120.51221054857889,120.51221054857889,optimal
200,uniforme,4,0,aprendido,16,False,124.59190685268521,0.1953313000003618,15,960,0,120.51221054857889,120.51221054857889,optimal
200,uniforme,4,0,aprendido,32,True,120.51221054857889,0.27127310000014404,20,18184,6,120.51221054857889,120.51221054857889,optimal
200,uniforme,4,0,aprendido,32,False,123.91350537183624,0.20304810000016005,15,1920,0,120.51221054857889,120.51221054857889,optimal
200,uniforme,4,0,aleatorio,8,True,120.51221054857889,0.06562269999994896,32,47896,18,120.51221054857889,120.51221054857889,optimal
200,uniforme,4,0,aleatorio,8,False,144.6446474131537,0.0069938999995429185,11,352,0,120.51221054857889,120.51221054857889,optimal
200,uniforme,4,0,aleatorio,16,True,120.51221054857889,0.033485699999801,29,27896,10,120.51221054857889,120.51221054857889,optimal
200,uniforme,4,0,aleatorio,16,False,131.96035195891758,0.005062000000179978,14,896,0,120.51221054857889,120.51221054857889,optimal
200,uniforme,4,0,aleatorio,32,True,120.51221054857889,0.048472100000253704,34,32996,11,120.51221054857889,120.51221054857889,optimal
200,uniforme,4,0,aleatorio,32,False,131.09912625762985,0.012223099999573606,19,2432,0,120.51221054857889,120.51221054857889,optimal
200,uniforme,4,1,completo,0,True,120.51221054857889,0.0534166000006735,21,54684,0,120.51221054857889,120.51221054857889,optimal
200,uniforme,4,1,classico,8,True,120.51221054857889,0.039310199999817996,20,24076,9,120.51221054857889,120.51221054857889,optimal
200,uniforme,4,1,classico,8,False,138.69750660208484,0.00751129999935074,7,224,0,120.51221054857889,120.51221054857889,optimal
200,uniforme,4,1,classico,16,True,120.51221054857889,0.040291899999829184,22,24844,9,120.51221054857889,120.51221054857889,optimal
200,uniforme,4,1,classico,16,False,136.42000308437522,0.005280200000015611,8,512,0,120.51221054857889,120.51221054857889,optimal
200,uniforme,4,1,classico,32,True,120.51221054857889,0.049345200000061595,26,31972,11,120.51221054857889,120.51221054857889,optimal
200,uniforme,4,1,classico,32,False,130.96185579544226,0.015749199999845587,15,1920,0,120.51221054857889,120.51221054857889,optimal
200,uniforme,4,1,aprendido,8,True,120.51221054857889,0.3180354999994961,25,32048,12,120.51221054857889,120.51221054857889,optimal
200,uniforme,4,1,aprendido,8,False,134.7664541558567,0.12583420000009937,10,320,0,120.51221054857889,120.51221054857889,optimal
200,uniforme,4,1,aprendido,16,True,120.51221054857889,0.34206110000013723,27,27768,10,120.51221054857889,120.51221054857889,optimal
200,uniforme,4,1,aprendido,16,False,133.27374616139917,0.1283002000000124,11,704,0,120.51221054857889,120.51221054857889,optimal
200,uniforme,4,1,aprendido,32,True,122.43491448042421,0.32472129999950994,25,13616,4,120.51221054857889,120.51221054857889,optimal
200,uniforme,4,1,aprendido,32,False,128.5337905552252,0.26025960000060877,20,2560,0,120.51221054857889,120.51221054857889,optimal
200,uniforme,4,1,aleatorio,8,True,122.28906349997065,0.04274190000069211,25,32048,12,120.51221054857889,120.51221054857889,optimal
200,uniforme,4,1,aleatorio,8,False,150.30703207794915,0.003441200000452227,7,224,0,120.51221054857889,120.51221054857889,optimal
200,uniforme,4,1,aleatorio,16,True,120.51221054857889,0.04122689999985596,32,38504,14,120.51221054857889,120.51221054857889,optimal
200,uniforme,4,1,aleatorio,16,False,144.21305305590596,0.0037585000000035507,10,640,0,120.51221054857889,120.51221054857889,optimal
200,uniforme,4,1,aleatorio,32,True,122.43491448042421,0.033061000000088825,30,29880,10,120.51221054857889,120.51221054857889,optimal
200,uniforme,4,1,aleatorio,32,False,139.01801453557576,0.004502899999351939,11,1408,0,120.51221054857889,120.51221054857889,optimal
200,uniforme,4,2,completo,0,True,120.51221054857889,0.0371393999994325,17,44268,0,120.51221054857889,120.51221054857889,optimal
200,uniforme,4,2,classico,8,True,120.51221054857889,0.03774520000024495,19,26648,10,120.51221054857889,120.51221054857889,optimal
200,uniforme,4,2,classico,8,False,131.97191086384652,0.00870909999957803,9,288,0,120.51221054857889,120.51221054857889,optimal
200,uniforme,4,2,classico,16,True,120.51221054857889,0.03312409999944066,19,24652,9,120.51221054857889,120.51221054857889,optimal
200,uniforme,4,2,classico,16,False,131.37625546987869,0.009389199999532138,10,640,0,120.51221054857889,120.51221054857889,optimal
200,uniforme,4,2,classico,32,True,120.51221054857889,0.028281800000513613,18,23136,8,120.51221054857889,120.51221054857889,optimal
200,uniforme,4,2,classico,32,False,129.60617650508536,0.01037240000005113,9,1152,0,120.51221054857889,120.51221054857889,optimal
200,uniforme,4,2,aprendido,8,True,120.51221054857889,0.2317454000003636,17,21376,8,120.51221054857889,120.51221054857889,optimal
200,uniforme,4,2,aprendido,8,False,130.02002644015562,0.1164717000001474,9,288,0,120.51221054857889,120.51221054857889,optimal
200,uniforme,4,2,aprendido,16,True,120.51221054857889,0.23215220000020054,17,16712,6,120.51221054857889,120.51221054857889,optimal
200,uniforme,4,2,aprendido,16,False,130.02002644015562,0.11754240000027494,9,576,0,120.51221054857889,120.51221054857889,optimal
200,uniforme,4,2,aprendido,32,True,120.51221054857889,0.23351069999989704,17,17800,6,120.51221054857889,120.51221054857889,optimal
200,uniforme,4,2,aprendido,32,False,126.42350732284628,0.1481787999991866,12,1536,0,120.51221054857889,120.51221054857889,optimal
200,uniforme,4,2,aleatorio,8,True,122.43491448042421,0.04074510000009468,23,34588,13,120.51221054857889,120.51221054857889,optimal
200,uniforme,4,2,aleatorio,8,False,150.665524979716,0.003516499999932421,6,192,0,120.51221054857889,120.51221054857889,optimal
200,uniforme,4,2,aleatorio,16,True,120.51221054857889,0.04130669999995007,26,32912,12,120.51221054857889,120.51221054857889,optimal
200,uniforme,4,2,aleatorio,16,False,133.879387142511,0.007382800000414136,13,832,0,120.51221054857889,120.51221054857889,optimal
200,uniforme,4,2,aleatorio,32,True,122.43491448042421,0.041291999999884865,26,29368,10,120.51221054857889,120.51221054857889,optimal
200,uniforme,4,2,aleatorio,32,False,137.49677615068924,0.004740800000035961,9,1152,0,120.51221054857889,120.51221054857889,optimal
200,cidade,5,0,completo,0,True,42.67197492836547,0.044519999999465654,18,46872,0,42.52016496098834,42.52016496098834,optimal
200,cidade,5,0,classico,8,True,42.75256439552918,0.04166510000050039,24,29412,11,42.52016496098834,42.52016496098834,optimal
200,cidade,5,0,classico,8,False,44.19843399573604,0.013256700000056298,13,416,0,42.52016496098834,42.52016496098834,optimal
200,cidade,5,0,classico,16,True,42.75256439552918,0.04733479999958945,23,30116,11,42.52016496098834,42.52016496098834,optimal
200,cidade,5,0,classico,16,False,44.69323460211588,0.01005280000026687,12,768,0,42.52016496098834,42.52016496098834,optimal
200,cidade,5,0,classico,32,True,42.67197492836547,0.04078120000031049,22,26252,9,42.52016496098834,42.52016496098834,optimal
200,cidade,5,0,classico,32,False,44.87501220226852,0.010968499999762571,11,1408,0,42.52016496098834,42.52016496098834,optimal
200,cidade,5,0,aprendido,8,True,42.67197492836547,0.30721380000068166,23,18964,7,42.52016496098834,42.52016496098834,optimal
200,cidade,5,0,aprendido,8,False,43.68818907252677,0.19571149999956106,15,480,0,42.52016496098834,42.52016496098834,optimal
200,cidade,5,0,aprendido,16,True,42.67197492836547,0.33276310000019294,24,19764,7,42.52016496098834,42.52016496098834,optimal
200,cidade,5,0,aprendido,16,False,43.54138266840047,0.22865459999957238,17,1088,0,42.52016496098834,42.52016496098834,optimal
200,cidade,5,0,aprendido,32,True,42.67197492836547,0.34614289999990433,24,21300,7,42.52016496098834,42.52016496098834,optimal
200,cidade,5,0,aprendido,32,False,43.54138266840047,0.23195659999964846,17,2176,0,42.52016496098834,42.52016496098834,optimal
200,cidade,5,0,aleatorio,8,True,42.93186469369419,0.03887280000071769,27,34716,13,42.52016496098834,42.52016496098834,optimal
200,cidade,5,0,aleatorio,8,False,50.796158182548346,0.0036460999999690102,10,320,0,42.52016496098834,42.52016496098834,optimal
200,cidade,5,0,aleatorio,16,True,42.52016496098834,0.04663189999973838,26,38120,14,42.52016496098834,42.52016496098834,optimal
200,cidade,5,0,aleatorio,16,False,48.635131804863775,0.005578399999649264,9,576,0,42.52016496098834,42.52016496098834,optimal
200,cidade,5,0,aleatorio,32,True,42.728781883304805,0.034673300000577,20,25996,9,42.52016496098834,42.52016496098834,optimal
200,cidade,5,0,aleatorio,32,False,47.58952640797397,0.0055855000000519794,8,1024,0,42.52016496098834,42.52016496098834,optimal
200,cidade,5,1,completo,0,True,42.986329230618566,0.042718300000160525,16,41664,0,42.52016496098834,42.52016496098834,optimal
200,cidade,5,1,classico,8,True,42.986329230618566,0.029840199999853212,16,13532,5,42.52016496098834,42.52016496098834,optimal
200,cidade,5,1,classico,8,False,44.85940559601966,0.011126899999908346,10,320,0,42.52016496098834,42.52016496098834,optimal
200,cidade,5,1,classico,16,True,42.986329230618566,0.02248660000077507,15,8772,3,42.52016496098834,42.52016496098834,optimal
200,cidade,5,1,classico,16,False,43.44079729045907,0.011935999999877822,12,768,0,42.52016496098834,42.52016496098834,optimal
200,cidade,5,1,classico,32,True,42.986329230618566,0.02724820000003092,16,12464,4,42.52016496098834,42.52016496098834,optimal
200,cidade,5,1,classico,32,False,43.54514265812446,0.013927300000432297,12,1536,0,42.52016496098834,42.52016496098834,optimal
200,cidade,5,1,aprendido,8,True,42.61742413042596,0.24951320000036503,18,10992,4,42.52016496098834,42.52016496098834,optimal
200,cidade,5,1,aprendido,8,False,43.23840453989817,0.2728437000005215,14,448,0,42.52016496098834,42.52016496098834,optimal
200,cidade,5,1,aprendido,16,True,42.986329230618566,0.22097579999990558,18,11568,4,42.52016496098834,42.52016496098834,optimal
200,cidade,5,1,aprendido,16,False,43.57041918700739,0.15869289999955072,13,832,0,42.52016496098834,42.52016496098834,optimal
200,cidade,5,1,aprendido,32,True,42.986329230618566,0.20592759999999544,17,9988,3,42.52016496098834,42.52016496098834,optimal
200,cidade,5,1,aprendido,32,False,43.29394618442778,0.1699760999999853,14,1792,0,42.52016496098834,42.52016496098834,optimal
200,cidade,5,1,aleatorio,8,True,43.27662409795791,0.03428029999940918,27,21696,8,42.52016496098834,42.52016496098834,optimal
200,cidade,5,1,aleatorio,8,False,47.7499184876242,0.005113600000186125,15,480,0,42.52016496098834,42.52016496098834,optimal
200,cidade,5,1,aleatorio,16,True,42.67197492836547,0.02726520000032906,23,22304,8,42.52016496098834,42.52016496098834,optimal
200,cidade,5,1,aleatorio,16,False,45.21270256643679,0.008742699999856995,15,960,0,42.52016496098834,42.52016496098834,optimal
200,cidade,5,1,aleatorio,32,True,42.7269267950414,0.04004799999984243,27,29496,10,42.52016496098834,42.52016496098834,optimal
200,cidade,5,1,aleatorio,32,False,44.312345183742856,0.010808199999701174,17,2176,0,42.52016496098834,42.52016496098834,optimal
200,cidade,5,2,completo,0,True,42.93071930774069,0.044171499999720254,20,52080,0,42.52016496098834,42.52016496098834,optimal
200,cidade,5,2,classico,8,True,43.034506843691794,0.02157119999992574,20,13660,5,42.52016496098834,42.52016496098834,optimal
200,cidade,5,2,classico,8,False,43.743311427401515,0.010392099999990023,16,512,0,42.52016496098834,42.52016496098834,optimal
200,cidade,5,2,classico,16,True,42.93071930774069,0.04088099999989936,20,24716,9,42.52016496098834,42.52016496098834,optimal
200,cidade,5,2,classico,16,False,44.34695294920443,0.00773140000001149,12,768,0,42.52016496098834,42.52016496098834,optimal
200,cidade,5,2,classico,32,True,42.93071930774069,0.035995700000057695,20,25996,9,42.52016496098834,42.52016496098834,optimal
200,cidade,5,2,classico,32,False,44.34695294920443,0.012804200000573474,12,1536,0,42.52016496098834,42.52016496098834,optimal
200,cidade,5,2,aprendido,8,True,42.61742413042596,0.35199629999988247,24,24204,9,42.52016496098834,42.52016496098834,optimal
200,cidade,5,2,aprendido,8,False,44.782018727154245,0.16113689999929193,13,416,0,42.52016496098834,42.52016496098834,optimal
200,cidade,5,2,aprendido,16,True,42.61742413042596,0.30259490000025835,22,19636,7,42.52016496098834,42.52016496098834,optimal
200,cidade,5,2,aprendido,16,False,43.79884035652978,0.1947584999998071,15,960,0,42.52016496098834,42.52016496098834,optimal
200,cidade,5,2,aprendido,32,True,42.93071930774069,0.25287789999947563,19,18056,6,42.52016496098834,42.52016496098834,optimal
200,cidade,5,2,aprendido,32,False,43.84115334849498,0.17560510000021168,14,1792,0,42.52016496098834,42.52016496098834,optimal
200,cidade,5,2,aleatorio,8,True,43.27987023576216,0.03773259999979928,25,24236,9,42.52016496098834,42.52016496098834,optimal
200,cidade,5,2,aleatorio,8,False,50.219516559376736,0.007118200000149955,13,416,0,42.52016496098834,42.52016496098834,optimal
200,cidade,5,2,aleatorio,16,True,42.94059445579623,0.04173979999995936,28,33040,12,42.52016496098834,42.52016496098834,optimal
200,cidade,5,2,aleatorio,16,False,44.460178373236275,0.010096899999552988,17,1088,0,42.52016496098834,42.52016496098834,optimal
200,cidade,5,2,aleatorio,32,True,42.99558520054366,0.032505300000593706,26,21556,7,42.52016496098834,42.52016496098834,optimal
200,cidade,5,2,aleatorio,32,False,44.68084122366294,0.00570380000044679,15,1920,0,42.52016496098834,42.52016496098834,optimal
200,uniforme,6,0,completo,0,True,126.00043659417892,0.03446970000004512,14,36456,0,125.27007729955267,125.27007729955267,optimal
200,uniforme,6,0,classico,8,True,126.00043659417892,0.028253700000277604,15,13500,5,125.27007729955267,125.27007729955267,optimal
200,uniforme,6,0,classico,8,False,134.1168387256309,0.012635499999305466,11,352,0,125.27007729955267,125.27007729955267,optimal
200,uniforme,6,0,classico,16,True,126.00043659417892,0.023751499999889347,15,11376,4,125.27007729955267,125.27007729955267,optimal
200,uniforme,6,0,classico,16,False,132.08378879365648,0.01334839999981341,12,768,0,125.27007729955267,125.27007729955267,optimal
200,uniforme,6,0,classico,32,True,126.00043659417892,0.016883600000255683,13,9476,3,125.27007729955267,125.27007729955267,optimal
200,uniforme,6,0,classico,32,False,131.70237592611323,0.008749799999350216,11,1408,0,125.27007729955267,125.27007729955267,optimal
200,uniforme,6,0,aprendido,8,True,126.00043659417892,0.17275429999972403,15,8292,3,125.27007729955267,125.27007729955267,optimal
200,uniforme,6,0,aprendido,8,False,128.34653333202738,0.1578721999994741,13,416,0,125.27007729955267,125.27007729955267,optimal
200,uniforme,6,0,aprendido,16,True,126.00043659417892,0.19545430000016495,14,6104,2,125.27007729955267,125.27007729955267,optimal
200,uniforme,6,0,aprendido,16,False,127.9651204644841,0.17364610000004177,13,832,0,125.27007729955267,125.27007729955267,optimal
200,uniforme,6,0,aprendido,32,True,126.00043659417892,0.2000101999992694,14,7000,2,125.27007729955267,125.27007729955267,optimal
200,uniforme,6,0,aprendido,32,False,127.9651204644841,0.18040399999972578,13,1664,0,125.27007729955267,125.27007729955267,optimal
200,uniforme,6,0,aleatorio,8,True,128.51970358484118,0.04861189999974158,24,32016,12,125.27007729955267,125.27007729955267,optimal
200,uniforme,6,0,aleatorio,8,False,149.68842971022468,0.007912000000033004,11,352,0,125.27007729955267,125.27007729955267,optimal
200,uniforme,6,0,aleatorio,16,True,128.51970358484118,0.035752799999499985,22,27448,10,125.27007729955267,125.27007729955267,optimal
200,uniforme,6,0,aleatorio,16,False,147.70782687287218,0.006215800000063609,10,640,0,125.27007729955267,125.27007729955267,optimal
200,uniforme,6,0,aleatorio,32,True,126.00043659417892,0.030318000000079337,24,21300,7,125.27007729955267,125.27007729955267,optimal
200,uniforme,6,0,aleatorio,32,False,134.18830340610427,0.011908100000255217,17,2176,0,125.27007729955267,125.27007729955267,optimal
200,uniforme,6,1,completo,0,True,125.27007729955267,0.03792119999980059,14,36456,0,125.27007729955267,125.27007729955267,optimal
200,uniforme,6,1,classico,8,True,125.27007729955267,0.03309850000005099,14,21280,8,125.27007729955267,125.27007729955267,optimal
200,uniforme,6,1,classico,8,False,132.17287851773625,0.007693699999435921,7,224,0,125.27007729955267,125.27007729955267,optimal
200,uniforme,6,1,classico,16,True,125.27007729955267,0.03460480000012467,14,21728,8,125.27007729955267,125.27007729955267,optimal
200,uniforme,6,1,classico,16,False,132.17287851773625,0.0074230999998690095,7,448,0,125.27007729955267,125.27007729955267,optimal
200,uniforme,6,1,classico,32,True,125.27007729955267,0.03372349999972357,14,22624,8,125.27007729955267,125.27007729955267,optimal
200,uniforme,6,1,classico,32,False,132.17287851773625,0.008276399999886053,7,896,0,125.27007729955267,125.27007729955267,optimal
200,uniforme,6,1,aprendido,8,True,126.00043659417892,0.18364130000009027,13,13436,5,125.27007729955267,125.27007729955267,optimal
200,uniforme,6,1,aprendido,8,False,129.4091534143143,0.1142204000007041,9,288,0,125.27007729955267,125.27007729955267,optimal
200,uniforme,6,1,aprendido,16,True,126.00043659417892,0.16569669999989856,13,13852,5,125.27007729955267,125.27007729955267,optimal
200,uniforme,6,1,aprendido,16,False,129.4091534143143,0.11301970000022266,9,576,0,125.27007729955267,125.27007729955267,optimal
200,uniforme,6,1,aprendido,32,True,125.27007729955267,0.18798179999976128,14,14812,5,125.27007729955267,125.27007729955267,optimal
200,uniforme,6,1,aprendido,32,False,128.26212291684428,0.13471279999976105,10,1280,0,125.27007729955267,125.27007729955267,optimal
200,uniforme,6,1,aleatorio,8,True,127.84134133532129,0.03347419999954582,20,26680,10,125.27007729955267,125.27007729955267,optimal
200,uniforme,6,1,aleatorio,8,False,141.0452737458126,0.004799500000444823,8,256,0,125.27007729955267,125.27007729955267,optimal
200,uniforme,6,1,aleatorio,16,True,125.27007729955267,0.0381811999995989,20,29924,11,125.27007729955267,125.27007729955267,optimal
200,uniforme,6,1,aleatorio,16,False,139.53461767968648,0.005895399999644724,8,512,0,125.27007729955267,125.27007729955267,optimal
200,uniforme,6,1,aleatorio,32,True,125.27007729955267,0.029043300000012096,20,20788,7,125.27007729955267,125.27007729955267,optimal
200,uniforme,6,1,aleatorio,32,False,138.1644754391438,0.004601200000251993,8,1024,0,125.27007729955267,125.27007729955267,optimal
200,uniforme,6,2,completo,0,True,125.27007729955267,0.034003699999630044,15,39060,0,125.27007729955267,125.27007729955267,optimal
200,uniforme,6,2,classico,8,True,125.27007729955267,0.032719900000302005,14,21280,8,125.27007729955267,125.27007729955267,optimal
200,uniforme,6,2,classico,8,False,135.98189662503646,0.007127599999876111,7,224,0,125.27007729955267,125.27007729955267,optimal
200,uniforme,6,2,classico,16,True,125.27007729955267,0.031339199999820266,14,19124,7,125.27007729955267,125.27007729955267,optimal
200,uniforme,6,2,classico,16,False,131.62666132727418,0.009861499999715306,8,512,0,125.27007729955267,125.27007729955267,optimal
200,uniforme,6,2,classico,32,True,125.27007729955267,0.03165439999975206,14,20020,7,125.27007729955267,125.27007729955267,optimal
200,uniforme,6,2,classico,32,False,131.62666132727418,0.00912129999960598,8,1024,0,125.27007729955267,125.27007729955267,optimal
200,uniforme,6,2,aprendido,8,True,125.27007729955267,0.19799569999941014,14,16072,6,125.27007729955267,125.27007729955267,optimal
200,uniforme,6,2,aprendido,8,False,128.64626284190425,0.12408979999963776,9,288,0,125.27007729955267,125.27007729955267,optimal
200,uniforme,6,2,aprendido,16,True,125.27007729955267,0.20156889999998384,14,16520,6,125.27007729955267,125.27007729955267,optimal
200,uniforme,6,2,aprendido,16,False,128.64626284190425,0.1111533999992389,9,576,0,125.27007729955267,125.27007729955267,optimal
200,uniforme,6,2,aprendido,32,True,125.27007729955267,0.19225730000016483,15,14940,5,125.27007729955267,125.27007729955267,optimal
200,uniforme,6,2,aprendido,32,False,128.3147868131664,0.13877709999997023,11,1408,0,125.27007729955267,125.27007729955267,optimal
200,uniforme,6,2,aleatorio,8,True,125.27007729955267,0.046017000000574626,27,34716,13,125.27007729955267,125.27007729955267,optimal
200,uniforme,6,2,aleatorio,8,False,147.6235304215434,0.007094500000675907,12,384,0,125.27007729955267,125.27007729955267,optimal
200,uniforme,6,2,aleatorio,16,True,125.27007729955267,0.04434459999993123,22,35260,13,125.27007729955267,125.27007729955267,optimal
200,uniforme,6,2,aleatorio,16,False,143.56420051618073,0.005458999999973457,9,576,0,125.27007729955267,125.27007729955267,optimal
200,uniforme,6,2,aleatorio,32,True,125.27007729955267,0.03623310000057245,26,24160,8,125.27007729955267,125.27007729955267,optimal
200,uniforme,6,2,aleatorio,32,False,131.37612171585008,0.012542299999950046,17,2176,0,125.27007729955267,125.27007729955267,optimal
200,cidade,7,0,completo,0,True,48.849829228829094,0.038016000000425265,18,46872,0,48.253802676507355,48.253802676507355,optimal
200,cidade,7,0,classico,8,True,48.85110295964812,0.02955889999975625,17,18772,7,48.253802676507355,48.253802676507355,optimal
200,cidade,7,0,classico,8,False,50.601617327052786,0.0064394999999422,11,352,0,48.253802676507355,48.253802676507355,optimal
200,cidade,7,0,classico,16,True,48.60202944871068,0.032892899999751535,19,22048,8,48.253802676507355,48.253802676507355,optimal
200,cidade,7,0,classico,16,False,50.84530885933776,0.008959900000263588,11,704,0,48.253802676507355,48.253802676507355,optimal
200,cidade,7,0,classico,32,True,48.57175885673589,0.03406439999980648,19,23264,8,48.253802676507355,48.253802676507355,optimal
200,cidade,7,0,classico,32,False,50.84644164464065,0.006834899999375921,11,1408,0,48.253802676507355,48.253802676507355,optimal
200,cidade,7,0,aprendido,8,True,48.51611423193578,0.2589373999999225,21,8484,3,48.253802676507355,48.253802676507355,optimal
200,cidade,7,0,aprendido,8,False,48.983094690285895,0.22252920000028098,19,608,0,48.253802676507355,48.253802676507355,optimal
200,cidade,7,0,aprendido,16,True,48.85110295964812,0.29423600000063743,21,16968,6,48.253802676507355,48.253802676507355,optimal
200,cidade,7,0,aprendido,16,False,50.07664083186753,0.16677619999973103,13,832,0,48.253802676507355,48.253802676507355,optimal
200,cidade,7,0,aprendido,32,True,48.60202944871068,0.25872199999957957,20,15580,5,48.253802676507355,48.253802676507355,optimal
200,cidade,7,0,aprendido,32,False,49.955634622641334,0.2063146999998935,14,1792,0,48.253802676507355,48.253802676507355,optimal
200,cidade,7,0,aleatorio,8,True,48.51611423193578,0.04264160000002448,29,32176,12,48.253802676507355,48.253802676507355,optimal
200,cidade,7,0,aleatorio,8,False,58.69021959536846,0.008379300000342482,14,448,0,48.253802676507355,48.253802676507355,optimal
200,cidade,7,0,aleatorio,16,True,48.58095555899584,0.03535759999977017,25,27640,10,48.253802676507355,48.253802676507355,optimal
200,cidade,7,0,aleatorio,16,False,55.64844419827671,0.007345099999838567,12,768,0,48.253802676507355,48.253802676507355,optimal
200,cidade,7,0,aleatorio,32,True,49.09579295886411,0.028381199999785167,27,21684,7,48.253802676507355,48.253802676507355,optimal
200,cidade,7,0,aleatorio,32,False,51.486361107415746,0.012653999999201915,20,2560,0,48.253802676507355,48.253802676507355,optimal
200,cidade,7,1,completo,0,True,48.512293497565416,0.030241599999499158,15,39060,0,48.253802676507355,48.253802676507355,optimal
200,cidade,7,1,classico,8,True,48.417947327568804,0.024893199999496574,16,13532,5,48.253802676507355,48.253802676507355,optimal
200,cidade,7,1,classico,8,False,49.13733453915589,0.008657899999889196,12,384,0,48.253802676507355,48.253802676507355,optimal
200,cidade,7,1,classico,16,True,48.417947327568804,0.022938900000553986,17,16712,6,48.253802676507355,48.253802676507355,optimal
200,cidade,7,1,classico,16,False,49.284965254490224,0.010700200000428595,12,768,0,48.253802676507355,48.253802676507355,optimal
200,cidade,7,1,classico,32,True,48.417947327568804,0.028205000000525615,17,15196,5,48.253802676507355,48.253802676507355,optimal
200,cidade,7,1,classico,32,False,49.16627410866221,0.013109200000144483,13,1664,0,48.253802676507355,48.253802676507355,optimal
200,cidade,7,1,aprendido,8,True,48.7934060086821,0.20700570000008156,16,13532,5,48.253802676507355,48.253802676507355,optimal
200,cidade,7,1,aprendido,8,False,48.96747326760445,0.14237099999991187,12,384,0,48.253802676507355,48.253802676507355,optimal
200,cidade,7,1,aprendido,16,True,48.7934060086821,0.1960306999999375,15,11376,4,48.253802676507355,48.253802676507355,optimal
200,cidade,7,1,aprendido,16,False,48.92437952082682,0.1566856999997981,12,768,0,48.253802676507355,48.253802676507355,optimal
200,cidade,7,1,aprendido,32,True,48.7934060086821,0.20561950000046636,15,12336,4,48.253802676507355,48.253802676507355,optimal
200,cidade,7,1,aprendido,32,False,48.92437952082682,0.15597929999967164,12,1536,0,48.253802676507355,48.253802676507355,optimal
200,cidade,7,1,aleatorio,8,True,48.550684967021056,0.04538079999929323,30,34812,13,48.253802676507355,48.253802676507355,optimal
200,cidade,7,1,aleatorio,8,False,63.12272755831444,0.0034021999999822583,6,192,0,48.253802676507355,48.253802676507355,optimal
200,cidade,7,1,aleatorio,16,True,48.25380267650735,0.037542799999755516,35,17864,6,48.253802676507355,48.253802676507355,optimal
200,cidade,7,1,aleatorio,16,False,49.845437213268895,0.013373400000091351,27,1728,0,48.253802676507355,48.253802676507355,optimal
200,cidade,7,1,aleatorio,32,True,48.64746684793765,0.031060799999977462,25,26636,9,48.253802676507355,48.253802676507355,optimal
200,cidade,7,1,aleatorio,32,False,57.19678425461473,0.00499980000040523,8,1024,0,48.253802676507355,48.253802676507355,optimal
200,cidade,7,2,completo,0,True,48.550684967021056,0.04096370000024763,17,44268,0,48.253802676507355,48.253802676507355,optimal
200,cidade,7,2,classico,8,True,48.58095555899584,0.02951720000055502,18,16200,6,48.253802676507355,48.253802676507355,optimal
200,cidade,7,2,classico,8,False,49.26912010672894,0.012642300000152318,13,416,0,48.253802676507355,48.253802676507355,optimal
200,cidade,7,2,classico,16,True,48.58095555899584,0.032252900000457885,18,16776,6,48.253802676507355,48.253802676507355,optimal
200,cidade,7,2,classico,16,False,49.26912010672894,0.013690900000256079,13,832,0,48.253802676507355,48.253802676507355,optimal
200,cidade,7,2,classico,32,True,48.60202944871068,0.02872490000027028,17,15196,5,48.253802676507355,48.253802676507355,optimal
200,cidade,7,2,classico,32,False,49.922475956464424,0.011943000000428583,12,1536,0,48.253802676507355,48.253802676507355,optimal
200,cidade,7,2,aprendido,8,True,48.51611423193578,0.26201169999967533,20,16264,6,48.253802676507355,48.253802676507355,optimal
200,cidade,7,2,aprendido,8,False,49.24552126974964,0.18915980000019772,15,480,0,48.253802676507355,48.253802676507355,optimal
200,cidade,7,2,aprendido,16,True,48.550684967021056,0.2507433000000674,19,14236,5,48.253802676507355,48.253802676507355,optimal
200,cidade,7,2,aprendido,16,False,49.318506977456906,0.15593260000059672,14,896,0,48.253802676507355,48.253802676507355,optimal
200,cidade,7,2,aprendido,32,True,48.550684967021056,0.24414399999932357,19,15452,5,48.253802676507355,48.253802676507355,optimal
200,cidade,7,2,aprendido,32,False,49.28501828977276,0.18609300000025542,15,1920,0,48.253802676507355,48.253802676507355,optimal
200,cidade,7,2,aleatorio,8,True,48.550684967021056,0.04052719999981491,23,37192,14,48.253802676507355,48.253802676507355,optimal
200,cidade,7,2,aleatorio,8,False,58.84687955637483,0.003808000000390166,6,192,0,48.253802676507355,48.253802676507355,optimal
200,cidade,7,2,aleatorio,16,True,48.60202944871068,0.026584299999740324,19,27256,10,48.253802676507355,48.253802676507355,optimal
200,cidade,7,2,aleatorio,16,False,56.36420997982459,0.004616400000486465,8,512,0,48.253802676507355,48.253802676507355,optimal
200,cidade,7,2,aleatorio,32,True,48.25380267650735,0.03487270000005083,25,31844,11,48.253802676507355,48.253802676507355,optimal
200,cidade,7,2,aleatorio,32,False,56.00517100312075,0.004878100000496488,8,1024,0,48.253802676507355,48.253802676507355,optimal
200,uniforme,8,0,completo,0,True,127.14011631694603,0.04169929999989108,15,39060,0,125.38249865268672,125.38249865268672,optimal
200,uniforme,8,0,classico,8,True,126.41689433051776,0.0332672000004095,18,21408,8,125.38249865268672,125.38249865268672,optimal
200,uniforme,8,0,classico,8,False,132.22668305396132,0.005882599999495142,10,320,0,125.38249865268672,125.38249865268672,optimal
200,uniforme,8,0,classico,16,True,126.41689433051776,0.03378720000000612,18,19380,7,125.38249865268672,125.38249865268672,optimal
200,uniforme,8,0,classico,16,False,132.22668305396132,0.010570999999799824,10,640,0,125.38249865268672,125.38249865268672,optimal
200,uniforme,8,0,classico,32,True,126.41689433051776,0.03308740000011312,18,20532,7,125.38249865268672,125.38249865268672,optimal
200,uniforme,8,0,classico,32,False,131.84640695373224,0.011743299999579904,11,1408,0,125.38249865268672,125.38249865268672,optimal
200,uniforme,8,0,aprendido,8,True,125.38249865268673,0.1937670999996044,16,16136,6,125.38249865268672,125.38249865268672,optimal
200,uniforme,8,0,aprendido,8,False,129.2407209650583,0.12895640000078856,11,352,0,125.38249865268672,125.38249865268672,optimal
200,uniforme,8,0,aprendido,16,True,126.41689433051776,0.24662459999944986,18,21984,8,125.38249865268672,125.38249865268672,optimal
200,uniforme,8,0,aprendido,16,False,132.91746769686335,0.11650120000012976,9,576,0,125.38249865268672,125.38249865268672,optimal
200,uniforme,8,0,aprendido,32,True,125.38249865268673,0.27521530000012717,20,18184,6,125.38249865268672,125.38249865268672,optimal
200,uniforme,8,0,aprendido,32,False,129.2448427234318,0.18721199999981764,15,1920,0,125.38249865268672,125.38249865268672,optimal
200,uniforme,8,0,aleatorio,8,True,126.23224934772355,0.03609940000023926,19,34460,13,125.38249865268672,125.38249865268672,optimal
200,uniforme,8,0,aleatorio,8,False,145.89330509499746,0.004766999999446853,6,192,0,125.38249865268672,125.38249865268672,optimal
200,uniforme,8,0,aleatorio,16,True,126.10572063911498,0.03802079999968555,18,29796,11,125.38249865268672,125.38249865268672,optimal
200,uniforme,8,0,aleatorio,16,False,140.25114071600345,0.0040829999998095445,6,384,0,125.38249865268672,125.38249865268672,optimal
200,uniforme,8,0,aleatorio,32,True,127.14011631694603,0.03751079999983631,23,28984,10,125.38249865268672,125.38249865268672,optimal
200,uniforme,8,0,aleatorio,32,False,138.12133419229426,0.00526960000024701,9,1152,0,125.38249865268672,125.38249865268672,optimal
200,uniforme,8,1,completo,0,True,126.60400351037654,0.04335170000013022,16,41664,0,125.38249865268672,125.38249865268672,optimal
200,uniforme,8,1,classico,8,True,126.11042433630922,0.031499300000177755,18,26616,10,125.38249865268672,125.38249865268672,optimal
200,uniforme,8,1,classico,8,False,131.6551055546089,0.005246400000032736,9,288,0,125.38249865268672,125.38249865268672,optimal
200,uniforme,8,1,classico,16,True,126.11042433630922,0.034085399999639776,18,21984,8,125.38249865268672,125.38249865268672,optimal
200,uniforme,8,1,classico,16,False,131.0345702066401,0.011080399999627843,10,640,0,125.38249865268672,125.38249865268672,optimal
200,uniforme,8,1,classico,32,True,126.11042433630922,0.041510099999868544,19,23264,8,125.38249865268672,125.38249865268672,optimal
200,uniforme,8,1,classico,32,False,130.01393019864886,0.011925300000257266,12,1536,0,125.38249865268672,125.38249865268672,optimal
200,uniforme,8,1,aprendido,8,True,126.11042433630922,0.27444389999982377,21,29316,11,125.38249865268672,125.38249865268672,optimal
200,uniforme,8,1,aprendido,8,False,132.72434953023017,0.12106459999995423,10,320,0,125.38249865268672,125.38249865268672,optimal
200,uniforme,8,1,aprendido,16,True,126.11042433630922,0.25444640000023355,20,19508,7,125.38249865268672,125.38249865268672,optimal
200,uniforme,8,1,aprendido,16,False,131.17337514279353,0.13768869999967137,12,768,0,125.38249865268672,125.38249865268672,optimal
200,uniforme,8,1,aprendido,32,True,126.11042433630922,0.2800268999999389,21,13104,4,125.38249865268672,125.38249865268672,optimal
200,uniforme,8,1,aprendido,32,False,127.68675246047296,0.22962290000032226,18,2304,0,125.38249865268672,125.38249865268672,optimal
200,uniforme,8,1,aleatorio,8,True,125.38249865268673,0.027063900000030117,19,29252,11,125.38249865268672,125.38249865268672,optimal
200,uniforme,8,1,aleatorio,8,False,145.82921237301034,0.0034377000001768465,6,192,0,125.38249865268672,125.38249865268672,optimal
200,uniforme,8,1,aleatorio,16,True,126.11042433630922,0.034995299999536655,25,30244,11,125.38249865268672,125.38249865268672,optimal
200,uniforme,8,1,aleatorio,16,False,144.33069355002183,0.004205600000204868,7,448,0,125.38249865268672,125.38249865268672,optimal
200,uniforme,8,1,aleatorio,32,True,126.23224934772355,0.036506200000076205,29,24544,8,125.38249865268672,125.38249865268672,optimal
200,uniforme,8,1,aleatorio,32,False,135.80766583242539,0.009705999999823689,14,1792,0,125.38249865268672,125.38249865268672,optimal
200,uniforme,8,2,completo,0,True,126.85129687653603,0.0358765000000858,14,36456,0,125.38249865268672,125.38249865268672,optimal
200,uniforme,8,2,classico,8,True,126.85129687653603,0.028788900000108697,14,23884,9,125.38249865268672,125.38249865268672,optimal
200,uniforme,8,2,classico,8,False,138.79266002005787,0.003723300000274321,6,192,0,125.38249865268672,125.38249865268672,optimal
200,uniforme,8,2,classico,16,True,126.85129687653603,0.038508299999193696,14,24332,9,125.38249865268672,125.38249865268672,optimal
200,uniforme,8,2,classico,16,False,138.79266002005787,0.0067727000005106675,6,384,0,125.38249865268672,125.38249865268672,optimal
200,uniforme,8,2,classico,32,True,126.85129687653603,0.03592509999998583,14,25228,9,125.38249865268672,125.38249865268672,optimal
200,uniforme,8,2,classico,32,False,138.79266002005787,0.0038991000001260545,6,768,0,125.38249865268672,125.38249865268672,optimal
200,uniforme,8,2,aprendido,8,True,126.85129687653603,0.19045269999969605,14,18676,7,125.38249865268672,125.38249865268672,optimal
200,uniforme,8,2,aprendido,8,False,133.45322144347077,0.09949479999977484,8,256,0,125.38249865268672,125.38249865268672,optimal
200,uniforme,8,2,aprendido,16,True,126.85129687653603,0.18069889999969746,14,16520,6,125.38249865268672,125.38249865268672,optimal
200,uniforme,8,2,aprendido,16,False,133.45322144347077,0.0939011999998911,8,512,0,125.38249865268672,125.38249865268672,optimal
200,uniforme,8,2,aprendido,32,True,126.85129687653603,0.1781100999996852,14,17416,6,125.38249865268672,125.38249865268672,optimal
200,uniforme,8,2,aprendido,32,False,133.1342270927083,0.11333840000042983,9,1152,0,125.38249865268672,125.38249865268672,optimal
200,uniforme,8,2,aleatorio,8,True,126.59856142392903,0.03263779999997496,18,29220,11,125.38249865268672,125.38249865268672,optimal
200,uniforme,8,2,aleatorio,8,False,146.77745832211997,0.0038463000000774628,7,224,0,125.38249865268672,125.38249865268672,optimal
200,uniforme,8,2,aleatorio,16,True,126.85129687653603,0.03534430000036082,22,32656,12,125.38249865268672,125.38249865268672,optimal
200,uniforme,8,2,aleatorio,16,False,139.7320324667474,0.005547599999772501,10,640,0,125.38249865268672,125.38249865268672,optimal
200,uniforme,8,2,aleatorio,32,True,126.53037641135334,0.03610079999998561,25,34448,12,125.38249865268672,125.38249865268672,optimal
200,uniforme,8,2,aleatorio,32,False,138.62760657349025,0.005023199999413919,12,1536,0,125.38249865268672,125.38249865268672,optimal
200,cidade,9,0,completo,0,True,40.69090720322632,0.048729800000728574,20,52080,0,40.690907203226516,40.690907203226345,optimal
200,cidade,9,0,classico,8,True,40.69090720322632,0.02906399999938003,21,24108,9,40.690907203226516,40.690907203226345,optimal
200,cidade,9,0,classico,8,False,42.099143446520166,0.006569199999830744,11,352,0,40.690907203226516,40.690907203226345,optimal
200,cidade,9,0,classico,16,True,40.69090720322632,0.039166800000202784,20,24716,9,40.690907203226516,40.690907203226345,optimal
200,cidade,9,0,classico,16,False,42.099143446520166,0.010322099999939383,10,640,0,40.690907203226516,40.690907203226345,optimal
200,cidade,9,0,classico,32,True,40.69090720322632,0.04698199999984354,20,25996,9,40.690907203226516,40.690907203226345,optimal
200,cidade,9,0,classico,32,False,42.099143446520166,0.012228499999764608,10,1280,0,40.690907203226516,40.690907203226345,optimal
200,cidade,9,0,aprendido,8,True,40.69090720322632,0.2658838999996078,19,21440,8,40.690907203226516,40.690907203226345,optimal
200,cidade,9,0,aprendido,8,False,42.012092017715716,0.12393989999964106,10,320,0,40.690907203226516,40.690907203226345,optimal
200,cidade,9,0,aprendido,16,True,40.69090720322632,0.2668499999999767,20,24716,9,40.690907203226516,40.690907203226345,optimal
200,cidade,9,0,aprendido,16,False,42.1065915610323,0.1402606999999989,11,704,0,40.690907203226516,40.690907203226345,optimal
200,cidade,9,0,aprendido,32,True,40.69090720322632,0.3006020000002536,20,25996,9,40.690907203226516,40.690907203226345,optimal
200,cidade,9,0,aprendido,32,False,42.1065915610323,0.1547006999999212,11,1408,0,40.690907203226516,40.690907203226345,optimal
200,cidade,9,0,aleatorio,8,True,41.194644394443756,0.0412015000001702,30,29604,11,40.690907203226516,40.690907203226345,optimal
200,cidade,9,0,aleatorio,8,False,43.55093717451186,0.009470500000134052,17,544,0,40.690907203226516,40.690907203226345,optimal
200,cidade,9,0,aleatorio,16,True,40.75536412541959,0.0391935999996349,25,27640,10,40.690907203226516,40.690907203226345,optimal
200,cidade,9,0,aleatorio,16,False,44.242410558008324,0.008574100000259932,14,896,0,40.690907203226516,40.690907203226345,optimal
200,cidade,9,0,aleatorio,32,True,40.841864403203026,0.03601890000027197,26,26764,9,40.690907203226516,40.690907203226345,optimal
200,cidade,9,0,aleatorio,32,False,42.344389737433964,0.009948400000212132,14,1792,0,40.690907203226516,40.690907203226345,optimal
200,cidade,9,1,completo,0,True,40.72132568998695,0.047457200000280864,18,46872,0,40.690907203226516,40.690907203226345,optimal
200,cidade,9,1,classico,8,True,40.72132568998695,0.04415000000062719,21,37128,14,40.690907203226516,40.690907203226345,optimal
200,cidade,9,1,classico,8,False,44.29565419776097,0.006424700000025041,7,224,0,40.690907203226516,40.690907203226345,optimal
200,cidade,9,1,classico,16,True,40.91452611598897,0.029274999999870488,19,29860,11,40.690907203226516,40.690907203226345,optimal
200,cidade,9,1,classico,16,False,44.29565419776097,0.007623399999829417,7,448,0,40.690907203226516,40.690907203226345,optimal
200,cidade,9,1,classico,32,True,40.72132568998695,0.037721899999269226,22,28856,10,40.690907203226516,40.690907203226345,optimal
200,cidade,9,1,classico,32,False,44.016841056099,0.006236299999727635,8,1024,0,40.690907203226516,40.690907203226345,optimal
200,cidade,9,1,aprendido,8,True,40.72132568998695,0.30875600000035774,21,34524,13,40.690907203226516,40.690907203226345,optimal
200,cidade,9,1,aprendido,8,False,44.29565419776097,0.08496939999986353,7,224,0,40.690907203226516,40.690907203226345,optimal
200,cidade,9,1,aprendido,16,True,40.91452611598897,0.2956869999998162,19,24652,9,40.690907203226516,40.690907203226345,optimal
200,cidade,9,1,aprendido,16,False,43.51558444111866,0.14066389999970852,10,640,0,40.690907203226516,40.690907203226345,optimal
200,cidade,9,1,aprendido,32,True,40.72132568998695,0.26500429999941844,20,28600,10,40.690907203226516,40.690907203226345,optimal
200,cidade,9,1,aprendido,32,False,43.45523676234353,0.12209540000003472,10,1280,0,40.690907203226516,40.690907203226345,optimal
200,cidade,9,1,aleatorio,8,True,41.46200247596094,0.04211510000004637,25,34652,13,40.690907203226516,40.690907203226345,optimal
200,cidade,9,1,aleatorio,8,False,49.71797701936333,0.0030000000006111804,9,288,0,40.690907203226516,40.690907203226345,optimal
200,cidade,9,1,aleatorio,16,True,41.23004296416774,0.023916099999951257,16,21856,8,40.690907203226516,40.690907203226345,optimal
200,cidade,9,1,aleatorio,16,False,44.89127882907823,0.00285139999959938,7,448,0,40.690907203226516,40.690907203226345,optimal
200,cidade,9,1,aleatorio,32,True,40.87875137308146,0.03649519999999029,26,37180,13,40.690907203226516,40.690907203226345,optimal
200,cidade,9,1,aleatorio,32,False,44.77257587785243,0.0035417999997662264,9,1152,0,40.690907203226516,40.690907203226345,optimal
200,cidade,9,2,completo,0,True,40.857247873523754,0.045048200000564975,21,54684,0,40.690907203226516,40.690907203226345,optimal
200,cidade,9,2,classico,8,True,40.857247873523754,0.04502000000047701,22,31952,12,40.690907203226516,40.690907203226345,optimal
200,cidade,9,2,classico,8,False,42.1142472781853,0.005888799999411276,9,288,0,40.690907203226516,40.690907203226345,optimal
200,cidade,9,2,classico,16,True,40.857247873523754,0.04685330000029353,22,32656,12,40.690907203226516,40.690907203226345,optimal
200,cidade,9,2,classico,16,False,42.1142472781853,0.009995299999900453,9,576,0,40.690907203226516,40.690907203226345,optimal
200,cidade,9,2,classico,32,True,40.857247873523754,0.059245400000691006,22,36668,13,40.690907203226516,40.690907203226345,optimal
200,cidade,9,2,classico,32,False,42.30916449725285,0.009780099999261438,8,1024,0,40.690907203226516,40.690907203226345,optimal
200,cidade,9,2,aprendido,8,True,41.23004296416774,0.255435099999886,17,23980,9,40.690907203226516,40.690907203226345,optimal
200,cidade,9,2,aprendido,8,False,42.134859307974025,0.12519849999989674,9,288,0,40.690907203226516,40.690907203226345,optimal
200,cidade,9,2,aprendido,16,True,40.857247873523754,0.2601405999994313,19,27256,10,40.690907203226516,40.690907203226345,optimal
200,cidade,9,2,aprendido,16,False,42.17227667927469,0.1051871999998184,8,512,0,40.690907203226516,40.690907203226345,optimal
200,cidade,9,2,aprendido,32,True,40.857247873523754,0.3364389999997002,24,29112,10,40.690907203226516,40.690907203226345,optimal
200,cidade,9,2,aprendido,32,False,42.02927698111857,0.12275729999964824,11,1408,0,40.690907203226516,40.690907203226345,optimal
200,cidade,9,2,aleatorio,8,True,41.4433965732868,0.03744139999980689,23,34588,13,40.690907203226516,40.690907203226345,optimal
200,cidade,9,2,aleatorio,8,False,47.29662752341652,0.0027903000000151224,8,256,0,40.690907203226516,40.690907203226345,optimal
200,cidade,9,2,aleatorio,16,True,40.94320829527473,0.034047199999804434,23,30116,11,40.690907203226516,40.690907203226345,optimal
200,cidade,9,2,aleatorio,16,False,44.65373192477879,0.005610999999589694,11,704,0,40.690907203226516,40.690907203226345,optimal
200,cidade,9,2,aleatorio,32,True,40.69090720322632,0.03466649999973015,28,21812,7,40.690907203226516,40.690907203226345,optimal
200,cidade,9,2,aleatorio,32,False,41.47981333066223,0.014571300000170595,21,2688,0,40.690907203226516,40.690907203226345,optimal
500,uniforme,0,0,completo,0,True,270.68291078013556,1.8515442999996594,28,294448,0,,,sem_exato
500,uniforme,0,0,classico,8,True,270.68291078013556,1.2840237000000343,31,190280,18,,,sem_exato
500,uniforme,0,0,classico,8,False,292.78014528226487,0.06401229999937641,13,416,0,,,sem_exato
500,uniforme,0,0,classico,16,True,270.68291078013556,1.3202420000006896,30,191208,18,,,sem_exato
500,uniforme,0,0,classico,16,False,292.78014528226487,0.06162029999995866,12,768,0,,,sem_exato
500,uniforme,0,0,classico,32,True,270.68291078013556,1.3040258999999423,32,193384,18,,,sem_exato
500,uniforme,0,0,classico,32,False,292.78014528226487,0.0755472999999256,12,1536,0,,,sem_exato
500,uniforme,0,0,aprendido,8,True,272.6239318369481,1.848752500000046,29,158668,15,,,sem_exato
500,uniforme,0,0,aprendido,8,False,294.93145786840734,0.4456631000002744,14,448,0,,,sem_exato
500,uniforme,0,0,aprendido,16,True,272.6239318369481,1.8454661000005217,27,159468,15,,,sem_exato
500,uniforme,0,0,aprendido,16,False,295.1625627536914,0.36649840000063705,12,768,0,,,sem_exato
500,uniforme,0,0,aprendido,32,True,272.6239318369481,1.6952775999998266,26,150552,14,,,sem_exato
500,uniforme,0,0,aprendido,32,False,294.3611911305138,0.36044809999930294,12,1536,0,,,sem_exato
500,uniforme,0,0,aleatorio,8,True,269.2878663016172,1.5972905999997238,38,243084,23,,,sem_exato
500,uniforme,0,0,aleatorio,8,False,320.2715416413258,0.006868200000099023,11,352,0,,,sem_exato
500,uniforme,0,0,aleatorio,16,True,269.57643339523986,2.014429399999244,49,297584,28,,,sem_exato
500,uniforme,0,0,aleatorio,16,False,295.3785204096503,0.023177299999588286,19,1216,0,,,sem_exato
500,uniforme,0,0,aleatorio,32,True,269.4973765132379,1.4078383999994912,45,216080,20,,,sem_exato
500,uniforme,0,0,aleatorio,32,False,308.7410564062621,0.015975099999195663,13,1664,0,,,sem_exato
500,uniforme,0,1,completo,0,True,269.5692398427503,2.1483901000001424,31,325996,0,,,sem_exato
500,uniforme,0,1,classico,8,True,269.6441256304509,1.8642138999994131,38,264116,25,,,sem_exato
500,uniforme,0,1,classico,8,False,294.6438655182381,0.09105199999976321,14,448,0,,,sem_exato
500,uniforme,0,1,classico,16,True,269.47350459510756,1.1340269000002081,34,149400,14,,,sem_exato
500,uniforme,0,1,classico,16,False,293.7831628019195,0.09121870000035415,14,896,0,,,sem_exato
500,uniforme,0,1,classico,32,True,269.47350459510756,1.1376066000002538,34,162092,15,,,sem_exato
500,uniforme,0,1,classico,32,False,293.7831628019195,0.0743017000004329,14,1792,0,,,sem_exato
500,uniforme,0,1,aprendido,8,True,269.3279532016443,3.0230853000002753,42,274760,26,,,sem_exato
500,uniforme,0,1,aprendido,8,False,298.6484637955447,0.4006925000003321,13,416,0,,,sem_exato
500,uniforme,0,1,aprendido,16,True,269.47350459510756,2.199427900000046,35,202044,19,,,sem_exato
500,uniforme,0,1,aprendido,16,False,297.6295682001538,0.3288767000003645,12,768,0,,,sem_exato
500,uniforme,0,1,aprendido,32,True,269.176932517169,2.3593311999993603,35,214800,20,,,sem_exato
500,uniforme,0,1,aprendido,32,False,296.1849775986493,0.37187919999996666,12,1536,0,,,sem_exato
500,uniforme,0,1,aleatorio,8,True,269.2636435891977,2.0097195999996984,47,306468,29,,,sem_exato
500,uniforme,0,1,aleatorio,8,False,331.86283921454503,0.01235129999986384,11,352,0,,,sem_exato
500,uniforme,0,1,aleatorio,16,True,270.38396870511406,1.2731133999996018,41,233976,22,,,sem_exato
500,uniforme,0,1,aleatorio,16,False,310.55616293109415,0.013374300000577932,14,896,0,,,sem_exato
500,uniforme,0,1,aleatorio,32,True,270.5997971660032,1.1598730999994586,47,205820,19,,,sem_exato
500,uniforme,0,1,aleatorio,32,False,305.9079340018172,0.016487299999425886,14,1792,0,,,sem_exato
500,uniforme,0,2,completo,0,True,270.03346651439153,1.5222248999998556,27,283932,0,,,sem_exato
500,uniforme,0,2,classico,8,True,270.03346651439153,1.0973518000000695,29,179700,17,,,sem_exato
500,uniforme,0,2,classico,8,False,288.34685780474535,0.06042119999983697,12,384,0,,,sem_exato
500,uniforme,0,2,classico,16,True,270.03346651439153,0.9420192999996289,29,159596,15,,,sem_exato
500,uniforme,0,2,classico,16,False,285.8665747662718,0.07043880000037461,14,896,0,,,sem_exato
500,uniforme,0,2,classico,32,True,270.20037607014945,1.1370945999997275,30,193128,18,,,sem_exato
500,uniforme,0,2,classico,32,False,286.80513698386073,0.06545920000007754,13,1664,0,,,sem_exato
500,uniforme,0,2,aprendido,8,True,269.7474199238812,1.9329987999999503,28,211216,20,,,sem_exato
500,uniforme,0,2,aprendido,8,False,295.6513524798473,0.2668572000002314,9,288,0,,,sem_exato
500,uniforme,0,2,aprendido,16,True,269.7474199238812,1.9716833000002225,27,201532,19,,,sem_exato
500,uniforme,0,2,aprendido,16,False,295.49331144026155,0.2879380000003948,9,576,0,,,sem_exato
500,uniforme,0,2,aprendido,32,True,270.03346651439153,1.925999399999455,28,192872,18,,,sem_exato
500,uniforme,0,2,aprendido,32,False,291.9126276758533,0.2921672000002218,10,1280,0,,,sem_exato
500,uniforme,0,2,aleatorio,8,True,270.03346651439153,1.4068265999994765,32,263924,25,,,sem_exato
500,uniforme,0,2,aleatorio,8,False,332.07472501267387,0.005434400000012829,5,160,0,,,sem_exato
500,uniforme,0,2,aleatorio,16,True,269.35211674569086,1.1704163000003973,34,223012,21,,,sem_exato
500,uniforme,0,2,aleatorio,16,False,330.34762919503424,0.0053326999995988444,5,320,0,,,sem_exato
500,uniforme,0,2,aleatorio,32,True,270.1864348165128,1.4242975999995906,37,257120,24,,,sem_exato
500,uniforme,0,2,aleatorio,32,False,305.4914490014989,0.00920510000014474,8,1024,0,,,sem_exato
500,cidade,1,0,completo,0,True,93.52537250916076,1.6468572000003405,29,304964,0,,,sem_exato
500,cidade,1,0,classico,8,True,93.50222806158644,1.493547299999591,34,232440,22,,,sem_exato
500,cidade,1,0,classico,8,False,102.038729838778,0.06848580000041693,12,384,0,,,sem_exato
500,cidade,1,0,classico,16,True,93.50222806158644,1.488026600000012,34,223012,21,,,sem_exato
500,cidade,1,0,classico,16,False,100.2311652921448,0.08286339999995107,13,832,0,,,sem_exato
500,cidade,1,0,classico,32,True,93.50222806158644,1.611033000000134,34,225188,21,,,sem_exato
500,cidade,1,0,classico,32,False,100.2116431574764,0.07005819999994856,13,1664,0,,,sem_exato
500,cidade,1,0,aprendido,8,True,93.50222806158644,2.52989290000005,36,243020,23,,,sem_exato
500,cidade,1,0,aprendido,8,False,103.63949137850821,0.26644299999952636,9,288,0,,,sem_exato
500,cidade,1,0,aprendido,16,True,93.50222806158644,2.521382800000538,37,233720,22,,,sem_exato
500,cidade,1,0,aprendido,16,False,102.3898185549708,0.33924889999980223,11,704,0,,,sem_exato
500,cidade,1,0,aprendido,32,True,93.50222806158644,2.6057565000000977,38,236216,22,,,sem_exato
500,cidade,1,0,aprendido,32,False,101.01612429913527,0.44228170000042155,14,1792,0,,,sem_exato
500,cidade,1,0,aleatorio,8,True,93.95755994063174,1.7231929999998101,41,264212,25,,,sem_exato
500,cidade,1,0,aleatorio,8,False,113.12864516617594,0.011239199999181437,11,352,0,,,sem_exato
500,cidade,1,0,aleatorio,16,True,93.50222806158644,1.8582211000002644,47,286940,27,,,sem_exato
500,cidade,1,0,aleatorio,16,False,110.17187430997103,0.009887000000162516,11,704,0,,,sem_exato
500,cidade,1,0,aleatorio,32,True,93.50222806158644,1.5197475999993912,44,236984,22,,,sem_exato
500,cidade,1,0,aleatorio,32,False,110.3291496189859,0.00887590000002092,8,1024,0,,,sem_exato
500,cidade,1,1,completo,0,True,93.95515278176127,2.0782597000006717,31,325996,0,,,sem_exato
500,cidade,1,1,classico,8,True,93.50222806158644,1.5982853999994404,38,222052,21,,,sem_exato
500,cidade,1,1,classico,8,False,100.32497960989043,0.07598739999957616,14,448,0,,,sem_exato
500,cidade,1,1,classico,16,True,93.50222806158644,1.3712506000001667,35,191528,18,,,sem_exato
500,cidade,1,1,classico,16,False,99.96084694173231,0.08673469999939698,14,896,0,,,sem_exato
500,cidade,1,1,classico,32,True,93.50222806158644,1.3615245000000868,35,193768,18,,,sem_exato
500,cidade,1,1,classico,32,False,99.96084694173231,0.0693386000002647,14,1792,0,,,sem_exato
500,cidade,1,1,aprendido,8,True,93.68693190820564,2.3527484000005643,33,221892,21,,,sem_exato
500,cidade,1,1,aprendido,8,False,103.44583476422005,0.3450625999994372,11,352,0,,,sem_exato
500,cidade,1,1,aprendido,16,True,93.50222806158644,2.8108405000002676,41,265524,25,,,sem_exato
500,cidade,1,1,aprendido,16,False,102.94365350923111,0.3942885999995269,13,832,0,,,sem_exato
500,cidade,1,1,aprendido,32,True,95.80733592333203,1.7864251000000877,30,161580,15,,,sem_exato
500,cidade,1,1,aprendido,32,False,102.94365350923111,0.37388390000069194,12,1536,0,,,sem_exato
500,cidade,1,1,aleatorio,8,True,93.82616110824094,1.625754799999413,39,274664,26,,,sem_exato
500,cidade,1,1,aleatorio,8,False,107.10760211485976,0.009999599999900965,11,352,0,,,sem_exato
500,cidade,1,1,aleatorio,16,True,93.50222806158644,1.4734781000006478,33,243980,23,,,sem_exato
500,cidade,1,1,aleatorio,16,False,106.05625634032013,0.006316299999525654,10,640,0,,,sem_exato
500,cidade,1,1,aleatorio,32,True,93.52537250916076,1.5345454999996946,38,225700,21,,,sem_exato
500,cidade,1,1,aleatorio,32,False,103.53628730381489,0.013317699999788601,14,1792,0,,,sem_exato
500,cidade,1,2,completo,0,True,93.89670393340236,1.4190939000000071,22,231352,0,,,sem_exato
500,cidade,1,2,classico,8,True,93.89670393340236,0.7577933000002304,22,105864,10,,,sem_exato
500,cidade,1,2,classico,8,False,97.12734563990331,0.07700930000009976,13,416,0,,,sem_exato
500,cidade,1,2,classico,16,True,93.89670393340236,0.7828276999998707,22,106568,10,,,sem_exato
500,cidade,1,2,classico,16,False,97.12734563990331,0.0676010999995924,13,832,0,,,sem_exato
500,cidade,1,2,classico,32,True,93.89670393340236,0.7186835000002247,23,108104,10,,,sem_exato
500,cidade,1,2,classico,32,False,97.12734563990331,0.07653620000019146,13,1664,0,,,sem_exato
500,cidade,1,2,aprendido,8,True,93.86177793619673,1.7746571999996377,29,148152,14,,,sem_exato
500,cidade,1,2,aprendido,8,False,98.89526682015844,0.3800777999995262,14,448,0,,,sem_exato
500,cidade,1,2,aprendido,16,True,93.89670393340236,1.353230199999416,24,117212,11,,,sem_exato
500,cidade,1,2,aprendido,16,False,98.37355865152287,0.3467615999998088,13,832,0,,,sem_exato
500,cidade,1,2,aprendido,32,True,93.89670393340236,1.377664100000402,24,118748,11,,,sem_exato
500,cidade,1,2,aprendido,32,False,98.18387394978758,0.44874350000009144,14,1792,0,,,sem_exato
500,cidade,1,2,aleatorio,8,True,93.71794751625583,1.458525699999882,35,232472,22,,,sem_exato
500,cidade,1,2,aleatorio,8,False,123.82556117722211,0.00600519999898097,6,192,0,,,sem_exato
500,cidade,1,2,aleatorio,16,True,93.80912842807003,1.6059415999989142,41,265524,25,,,sem_exato
500,cidade,1,2,aleatorio,16,False,104.46811048875978,0.015571500000078231,14,896,0,,,sem_exato
500,cidade,1,2,aleatorio,32,True,93.50222806158644,1.2424090999993496,36,193896,18,,,sem_exato
500,cidade,1,2,aleatorio,32,False,99.12491940062925,0.016925700001593214,18,2304,0,,,sem_exato
500,uniforme,2,0,completo,0,True,261.52126399053475,1.8532969999996567,28,294448,0,,,sem_exato
500,uniforme,2,0,classico,8,True,261.52126399053475,1.500547400000869,31,200796,19,,,sem_exato
500,uniforme,2,0,classico,8,False,280.6122366941256,0.06489849999888975,12,384,0,,,sem_exato
500,uniforme,2,0,classico,16,True,261.52126399053475,1.3710252000000764,31,201788,19,,,sem_exato
500,uniforme,2,0,classico,16,False,280.6122366941256,0.06703349999952479,12,768,0,,,sem_exato
500,uniforme,2,0,classico,32,True,261.52126399053475,1.3173532000000705,31,203772,19,,,sem_exato
500,uniforme,2,0,classico,32,False,280.6122366941256,0.060144299999592477,12,1536,0,,,sem_exato
500,uniforme,2,0,aprendido,8,True,260.7130504343237,2.1174167999997735,30,221796,21,,,sem_exato
500,uniforme,2,0,aprendido,8,False,284.8653894565457,0.2689210999997158,10,320,0,,,sem_exato
500,uniforme,2,0,aprendido,16,True,260.7948551771435,1.932372999999643,29,191144,18,,,sem_exato
500,uniforme,2,0,aprendido,16,False,281.032050070004,0.36566900000070746,12,768,0,,,sem_exato
500,uniforme,2,0,aprendido,32,True,262.0434618976507,2.019664900000862,30,193128,18,,,sem_exato
500,uniforme,2,0,aprendido,32,False,274.55488807472454,0.36667620000116585,13,1664,0,,,sem_exato
500,uniforme,2,0,aleatorio,8,True,259.7197614024568,1.621725899998637,39,274664,26,,,sem_exato
500,uniforme,2,0,aleatorio,8,False,297.1278465708439,0.012413200000082725,12,384,0,,,sem_exato
500,uniforme,2,0,aleatorio,16,True,262.51402668923686,1.117332300000271,33,191400,18,,,sem_exato
500,uniforme,2,0,aleatorio,16,False,300.3922990792295,0.007812800000465359,11,704,0,,,sem_exato
500,uniforme,2,0,aleatorio,32,True,260.6540510418778,1.3179625000011583,35,225316,21,,,sem_exato
500,uniforme,2,0,aleatorio,32,False,303.83236683662614,0.009040200000526966,8,1024,0,,,sem_exato
500,uniforme,2,1,completo,0,True,259.49622923106983,1.9194331999988208,31,325996,0,,,sem_exato
500,uniforme,2,1,classico,8,True,259.49622923106983,1.3574296000006143,34,200892,19,,,sem_exato
500,uniforme,2,1,classico,8,False,284.1996370053856,0.07558360000075481,14,448,0,,,sem_exato
500,uniforme,2,1,classico,16,True,259.49622923106983,1.2739357999998902,33,191400,18,,,sem_exato
500,uniforme,2,1,classico,16,False,281.5018420078304,0.08495179999954416,15,960,0,,,sem_exato
500,uniforme,2,1,classico,32,True,259.49622923106983,1.247804200000246,34,193640,18,,,sem_exato
500,uniforme,2,1,classico,32,False,276.7503534019427,0.08780599999954575,16,2048,0,,,sem_exato
500,uniforme,2,1,aprendido,8,True,259.49622923106983,1.9792464000001928,32,190312,18,,,sem_exato
500,uniforme,2,1,aprendido,8,False,282.03364522893713,0.4125404999995226,15,480,0,,,sem_exato
500,uniforme,2,1,aprendido,16,True,259.49622923106983,2.001003100000162,32,191336,18,,,sem_exato
500,uniforme,2,1,aprendido,16,False,281.41869258097836,0.3814576999993733,15,960,0,,,sem_exato
500,uniforme,2,1,aprendido,32,True,259.49622923106983,2.0925612000010005,33,214544,20,,,sem_exato
500,uniforme,2,1,aprendido,32,False,282.93270340276524,0.36569390000113344,13,1664,0,,,sem_exato
500,uniforme,2,1,aleatorio,8,True,262.06060084530776,1.3140461999992112,41,264212,25,,,sem_exato
500,uniforme,2,1,aleatorio,8,False,321.5344899220165,0.009328300000561285,13,416,0,,,sem_exato
500,uniforme,2,1,aleatorio,16,True,259.49622923106983,1.1154511999993701,37,223204,21,,,sem_exato
500,uniforme,2,1,aleatorio,16,False,315.5083172772029,0.015657399999327026,12,768,0,,,sem_exato
500,uniforme,2,1,aleatorio,32,True,259.7197614024568,1.1127632000006997,42,226212,21,,,sem_exato
500,uniforme,2,1,aleatorio,32,False,302.0269898168402,0.010170300000027055,12,1536,0,,,sem_exato
500,uniforme,2,2,completo,0,True,262.3085480276743,1.2808937999998307,24,252384,0,,,sem_exato
500,uniforme,2,2,classico,8,True,262.3085480276743,0.8235165999994933,27,158604,15,,,sem_exato
500,uniforme,2,2,classico,8,False,274.06311022958744,0.05078400000093097,12,384,0,,,sem_exato
500,uniforme,2,2,classico,16,True,262.3085480276743,0.7632049000003462,27,159468,15,,,sem_exato
500,uniforme,2,2,classico,16,False,271.94342633460076,0.05621470000005502,13,832,0,,,sem_exato
500,uniforme,2,2,classico,32,True,262.3085480276743,0.6732078000004549,24,139780,13,,,sem_exato
500,uniforme,2,2,classico,32,False,271.2990295236141,0.046764799999436946,12,1536,0,,,sem_exato
500,uniforme,2,2,aprendido,8,True,259.9041194353968,1.306381300000794,26,148056,14,,,sem_exato
500,uniforme,2,2,aprendido,8,False,273.21088045988034,0.3056903999986389,12,384,0,,,sem_exato
500,uniforme,2,2,aprendido,16,True,259.9041194353968,1.3185566000011022,26,159404,15,,,sem_exato
500,uniforme,2,2,aprendido,16,False,273.6561514180001,0.2958466000000044,11,704,0,,,sem_exato
500,uniforme,2,2,aprendido,32,True,262.3085480276743,1.419086800000514,26,161068,15,,,sem_exato
500,uniforme,2,2,aprendido,32,False,274.06311022958744,0.2703316999995877,11,1408,0,,,sem_exato
500,uniforme,2,2,aleatorio,8,True,260.87654880710846,1.0913634999997157,36,232504,22,,,sem_exato
500,uniforme,2,2,aleatorio,8,False,319.42398622049586,0.005286200001137331,9,288,0,,,sem_exato
500,uniforme,2,2,aleatorio,16,True,259.9503580481138,1.2651714999992691,40,254944,24,,,sem_exato
500,uniforme,2,2,aleatorio,16,False,311.5675593071844,0.005500200000824407,9,576,0,,,sem_exato
500,uniforme,2,2,aleatorio,32,True,260.7130504343237,0.965801599999395,40,204924,19,,,sem_exato
500,uniforme,2,2,aleatorio,32,False,289.59551904589586,0.01315009999962058,18,2304,0,,,sem_exato
500,cidade,3,0,completo,0,True,89.64160050132246,1.6533643000002485,32,336512,0,,,sem_exato
500,cidade,3,0,classico,8,True,89.72258283921553,1.1176227999985713,33,211376,20,,,sem_exato
500,cidade,3,0,classico,8,False,95.35170387377232,0.04632810000111931,11,352,0,,,sem_exato
500,cidade,3,0,classico,16,True,89.72258283921553,1.0826593000001594,35,212560,20,,,sem_exato
500,cidade,3,0,classico,16,False,94.49984001839053,0.05436639999970794,14,896,0,,,sem_exato
500,cidade,3,0,classico,32,True,89.72258283921553,1.0345983000006527,34,193640,18,,,sem_exato
500,cidade,3,0,classico,32,False,94.30842296985037,0.06578339999941818,14,1792,0,,,sem_exato
500,cidade,3,0,aprendido,8,True,89.97313220729262,2.0125492999995913,34,242956,23,,,sem_exato
500,cidade,3,0,aprendido,8,False,98.2516242623849,0.2489026000002923,10,320,0,,,sem_exato
500,cidade,3,0,aprendido,16,True,89.64160050132246,2.0833763999999064,35,233592,22,,,sem_exato
500,cidade,3,0,aprendido,16,False,98.26781423877772,0.3063408999987587,11,704,0,,,sem_exato
500,cidade,3,0,aprendido,32,True,89.49307286111227,1.944676700000855,34,204156,19,,,sem_exato
500,cidade,3,0,aprendido,32,False,97.31432537154419,0.29462469999998575,12,1536,0,,,sem_exato
500,cidade,3,0,aleatorio,8,True,89.64160050132246,1.3291375000007974,34,253472,24,,,sem_exato
500,cidade,3,0,aleatorio,8,False,126.42524697410371,0.004787099998793565,5,160,0,,,sem_exato
500,cidade,3,0,aleatorio,16,True,89.49307286111227,1.5607364999996207,37,275784,26,,,sem_exato
500,cidade,3,0,aleatorio,16,False,122.18072533903808,0.005227499999818974,5,320,0,,,sem_exato
500,cidade,3,0,aleatorio,32,True,89.49307286111227,1.050121799999033,34,193640,18,,,sem_exato
500,cidade,3,0,aleatorio,32,False,102.43518184217986,0.009438000000955071,13,1664,0,,,sem_exato
500,cidade,3,1,completo,0,True,89.72258283921553,1.2414506999994046,25,262900,0,,,sem_exato
500,cidade,3,1,classico,8,True,89.72258283921553,0.8248280000007071,27,158604,15,,,sem_exato
500,cidade,3,1,classico,8,False,96.04109417946299,0.046753099999477854,13,416,0,,,sem_exato
500,cidade,3,1,classico,16,True,89.72258283921553,0.7389022999996087,29,149080,14,,,sem_exato
500,cidade,3,1,classico,16,False,95.82607960097391,0.051751700000750134,13,832,0,,,sem_exato
500,cidade,3,1,classico,32,True,89.72258283921553,0.9953284000002895,32,172352,16,,,sem_exato
500,cidade,3,1,classico,32,False,95.20731452467072,0.07654790000015055,15,1920,0,,,sem_exato
500,cidade,3,1,aprendido,8,True,89.72258283921553,2.488782899999933,29,211248,20,,,sem_exato
500,cidade,3,1,aprendido,8,False,99.80127883794117,0.2736026000002312,8,256,0,,,sem_exato
500,cidade,3,1,aprendido,16,True,89.72258283921553,1.6292292999987694,27,191016,18,,,sem_exato
500,cidade,3,1,aprendido,16,False,99.80127883794117,0.19059400000151072,8,512,0,,,sem_exato
500,cidade,3,1,aprendido,32,True,89.72258283921553,2.249366199999713,32,203900,19,,,sem_exato
500,cidade,3,1,aprendido,32,False,98.6954868312992,0.3060619999996561,9,1152,0,,,sem_exato
500,cidade,3,1,aleatorio,8,True,90.01241774044189,2.215501000000586,49,359112,34,,,sem_exato
500,cidade,3,1,aleatorio,8,False,103.1331708118876,0.011208699999770033,14,448,0,,,sem_exato
500,cidade,3,1,aleatorio,16,True,89.49307286111227,1.589420300000711,36,244172,23,,,sem_exato
500,cidade,3,1,aleatorio,16,False,107.1860723210257,0.009567199998855358,9,576,0,,,sem_exato
500,cidade,3,1,aleatorio,32,True,89.72258283921553,1.7358583999994153,38,236216,22,,,sem_exato
500,cidade,3,1,aleatorio,32,False,97.92783602023596,0.01638679999996384,13,1664,0,,,sem_exato
500,cidade,3,2,completo,0,True,89.64160050132246,1.968906699999934,24,252384,0,,,sem_exato
500,cidade,3,2,classico,8,True,89.64160050132246,1.217620999999781,27,148088,14,,,sem_exato
500,cidade,3,2,classico,8,False,93.51461232030903,0.0785080999994534,13,416,0,,,sem_exato
500,cidade,3,2,classico,16,True,89.64160050132246,1.3800646999989112,25,148824,14,,,sem_exato
500,cidade,3,2,classico,16,False,93.66392190687598,0.08956649999890942,12,768,0,,,sem_exato
500,cidade,3,2,classico,32,True,89.64160050132246,1.4006186999995407,27,150680,14,,,sem_exato
500,cidade,3,2,classico,32,False,93.66392190687598,0.09780189999946742,12,1536,0,,,sem_exato
500,cidade,3,2,aprendido,8,True,89.64160050132246,2.6774659999991854,30,158700,15,,,sem_exato
500,cidade,3,2,aprendido,8,False,96.42660577987826,0.43472099999962666,12,384,0,,,sem_exato
500,cidade,3,2,aprendido,16,True,89.64160050132246,2.1350434999985737,29,149080,14,,,sem_exato
500,cidade,3,2,aprendido,16,False,94.9233296071144,0.46641079999972135,14,896,0,,,sem_exato
500,cidade,3,2,aprendido,32,True,89.68088603447173,2.188655599999038,29,161452,15,,,sem_exato
500,cidade,3,2,aprendido,32,False,95.62418720049206,0.4138626000003569,12,1536,0,,,sem_exato
500,cidade,3,2,aleatorio,8,True,89.64160050132246,1.7639414999994187,31,242860,23,,,sem_exato
500,cidade,3,2,aleatorio,8,False,111.50790977352862,0.005952700001216726,5,160,0,,,sem_exato
500,cidade,3,2,aleatorio,16,True,90.52106365984304,1.3524183999998058,33,191400,18,,,sem_exato
500,cidade,3,2,aleatorio,16,False,99.8599977313826,0.01708169999983511,14,896,0,,,sem_exato
500,cidade,3,2,aleatorio,32,True,90.52106365984304,1.335724600001413,39,183764,17,,,sem_exato
500,cidade,3,2,aleatorio,32,False,97.86795663431924,0.020368600000438164,17,2176,0,,,sem_exato
500,uniforme,4,0,completo,0,True,269.5824530459597,2.3587031999995816,31,325996,0,,,sem_exato
500,uniforme,4,0,classico,8,True,269.52840891546,2.247342700000445,32,242892,23,,,sem_exato
500,uniforme,4,0,classico,8,False,303.4993821878301,0.05938630000127887,9,288,0,,,sem_exato
500,uniforme,4,0,classico,16,True,269.5824530459597,1.9969267000014952,34,233528,22,,,sem_exato
500,uniforme,4,0,classico,16,False,303.4993821878301,0.06695190000027651,9,576,0,,,sem_exato
500,uniforme,4,0,classico,32,True,269.5824530459597,1.908205399999133,34,235704,22,,,sem_exato
500,uniforme,4,0,classico,32,False,303.4993821878301,0.05431160000080126,9,1152,0,,,sem_exato
500,uniforme,4,0,aprendido,8,True,269.52840891546,2.627116899999237,32,200828,19,,,sem_exato
500,uniforme,4,0,aprendido,8,False,299.7870497470044,0.2999286000012944,9,288,0,,,sem_exato
500,uniforme,4,0,aprendido,16,True,269.507905686899,2.6576447000006738,31,222820,21,,,sem_exato
500,uniforme,4,0,aprendido,16,False,297.6864384991499,0.3321857999999338,10,640,0,,,sem_exato
500,uniforme,4,0,aprendido,32,True,269.52840891546,2.9447299999992538,32,245964,23,,,sem_exato
500,uniforme,4,0,aprendido,32,False,301.10960510688335,0.2569430999992619,7,896,0,,,sem_exato
500,uniforme,4,0,aleatorio,8,True,271.5369295854024,1.7024394999989454,32,211344,20,,,sem_exato
500,uniforme,4,0,aleatorio,8,False,331.02729633516697,0.005790299999716808,5,160,0,,,sem_exato
500,uniforme,4,0,aleatorio,16,True,269.5157523852147,2.06982810000045,38,254816,24,,,sem_exato
500,uniforme,4,0,aleatorio,16,False,314.15502263705525,0.015347900000051595,11,704,0,,,sem_exato
500,uniforme,4,0,aleatorio,32,True,269.1840336062096,1.4085110000014538,39,173248,16,,,sem_exato
500,uniforme,4,0,aleatorio,32,False,297.9703267401802,0.022309500000119442,16,2048,0,,,sem_exato
500,uniforme,4,1,completo,0,True,269.6309995938868,2.233065299998998,27,283932,0,,,sem_exato
500,uniforme,4,1,classico,8,True,272.88544552567544,1.3433624999997846,26,148056,14,,,sem_exato
500,uniforme,4,1,classico,8,False,281.1613003289516,0.08583089999956428,13,416,0,,,sem_exato
500,uniforme,4,1,classico,16,True,271.77553278706455,1.3334395999991102,27,159468,15,,,sem_exato
500,uniforme,4,1,classico,16,False,280.94300307164286,0.0930740000003425,13,832,0,,,sem_exato
500,uniforme,4,1,classico,32,True,271.77553278706455,1.2907498000004125,27,161196,15,,,sem_exato
500,uniforme,4,1,classico,32,False,280.94300307164286,0.08539110000128858,13,1664,0,,,sem_exato
500,uniforme,4,1,aprendido,8,True,268.8518382613277,2.3152363000008336,28,169152,16,,,sem_exato
500,uniforme,4,1,aprendido,8,False,285.2215629141709,0.38119730000107666,11,352,0,,,sem_exato
500,uniforme,4,1,aprendido,16,True,268.8518382613277,2.090507200000502,27,148952,14,,,sem_exato
500,uniforme,4,1,aprendido,16,False,288.3630610711121,0.3831276999990223,11,704,0,,,sem_exato
500,uniforme,4,1,aprendido,32,True,268.8518382613277,3.0334141000003,29,171968,16,,,sem_exato
500,uniforme,4,1,aprendido,32,False,286.1014222622657,0.7576026000006095,12,1536,0,,,sem_exato
500,uniforme,4,1,aleatorio,8,True,268.8518382613277,2.973010300000169,39,274664,26,,,sem_exato
500,uniforme,4,1,aleatorio,8,False,346.60103407596,0.014159199999994598,5,160,0,,,sem_exato
500,uniforme,4,1,aleatorio,16,True,268.8518382613277,1.92882980000104,38,254816,24,,,sem_exato
500,uniforme,4,1,aleatorio,16,False,323.4390780167744,0.009912399998938781,9,576,0,,,sem_exato
500,uniforme,4,1,aleatorio,32,True,270.4593189681172,1.6732663999991928,36,204412,19,,,sem_exato
500,uniforme,4,1,aleatorio,32,False,316.8712876470967,0.015258999999787193,9,1152,0,,,sem_exato
500,uniforme,4,2,completo,0,True,269.6309995938868,2.210859500000879,26,273416,0,,,sem_exato
500,uniforme,4,2,classico,8,True,269.507905686899,1.8473480000011477,34,200892,19,,,sem_exato
500,uniforme,4,2,classico,8,False,297.6065702808223,0.08654670000032638,12,384,0,,,sem_exato
500,uniforme,4,2,classico,16,True,269.507905686899,2.0489450999994006,34,201980,19,,,sem_exato
500,uniforme,4,2,classico,16,False,297.6065702808223,0.11445479999929375,12,768,0,,,sem_exato
500,uniforme,4,2,classico,32,True,269.507905686899,1.7930899999992107,32,193384,18,,,sem_exato
500,uniforme,4,2,classico,32,False,301.1943838318274,0.07517210000150953,11,1408,0,,,sem_exato
500,uniforme,4,2,aprendido,8,True,269.507905686899,3.107189500000459,34,221924,21,,,sem_exato
500,uniforme,4,2,aprendido,8,False,304.14640575665385,0.3652596999982052,10,320,0,,,sem_exato
500,uniforme,4,2,aprendido,16,True,269.52840891546,3.1342021000000386,37,212688,20,,,sem_exato
500,uniforme,4,2,aprendido,16,False,303.33503031744874,0.5446885000001203,10,640,0,,,sem_exato
500,uniforme,4,2,aprendido,32,True,269.57695546338704,2.925797699999748,34,193640,18,,,sem_exato
500,uniforme,4,2,aprendido,32,False,300.52234690819,0.3987271999994846,11,1408,0,,,sem_exato
500,uniforme,4,2,aleatorio,8,True,272.702343549646,1.6412098999990121,31,200796,19,,,sem_exato
500,uniforme,4,2,aleatorio,8,False,324.28968850972126,0.013451999999233522,11,352,0,,,sem_exato
500,uniforme,4,2,aleatorio,16,True,272.64829941914616,1.903211700000611,42,223524,21,,,sem_exato
500,uniforme,4,2,aleatorio,16,False,316.28646125725425,0.021328999999241205,14,896,0,,,sem_exato
500,uniforme,4,2,aleatorio,32,True,269.2923204390472,1.5904654999994818,42,184148,17,,,sem_exato
500,uniforme,4,2,aleatorio,32,False,315.13125744016565,0.019136400000206777,12,1536,0,,,sem_exato
500,cidade,5,0,completo,0,True,90.39406139655514,2.4636979999995674,26,273416,0,,,sem_exato
500,cidade,5,0,classico,8,True,90.39406139655514,2.04446100000132,30,158700,15,,,sem_exato
500,cidade,5,0,classico,8,False,96.0925474809212,0.13911209999969287,13,416,0,,,sem_exato
500,cidade,5,0,classico,16,True,90.39406139655514,1.8008678999995027,30,159660,15,,,sem_exato
500,cidade,5,0,classico,16,False,96.0925474809212,0.09058750000076543,13,832,0,,,sem_exato
500,cidade,5,0,classico,32,True,90.39406139655514,1.5282092000015837,29,161452,15,,,sem_exato
500,cidade,5,0,classico,32,False,95.07852126438227,0.08688400000028196,12,1536,0,,,sem_exato
500,cidade,5,0,aprendido,8,True,90.19064858049794,2.448352600000362,30,148184,14,,,sem_exato
500,cidade,5,0,aprendido,8,False,96.19283386535884,0.47215569999934814,12,384,0,,,sem_exato
500,cidade,5,0,aprendido,16,True,90.39406139655514,2.775952600000892,30,180692,17,,,sem_exato
500,cidade,5,0,aprendido,16,False,95.63329015864247,0.5354895000000397,14,896,0,,,sem_exato
500,cidade,5,0,aprendido,32,True,90.39406139655514,2.7054288999988785,30,172096,16,,,sem_exato
500,cidade,5,0,aprendido,32,False,94.80303110011467,0.5445964999998978,14,1792,0,,,sem_exato
500,cidade,5,0,aleatorio,8,True,89.99494376266887,1.9704404000003706,37,222020,21,,,sem_exato
500,cidade,5,0,aleatorio,8,False,113.40301849329799,0.012453299999833689,9,288,0,,,sem_exato
500,cidade,5,0,aleatorio,16,True,90.3962173331717,1.9507266000000527,37,223204,21,,,sem_exato
500,cidade,5,0,aleatorio,16,False,99.61566147047822,0.02236339999944903,14,896,0,,,sem_exato
500,cidade,5,0,aleatorio,32,True,90.0158446793579,1.8277375000016036,37,215056,20,,,sem_exato
500,cidade,5,0,aleatorio,32,False,98.55966511343588,0.02299920000041311,16,2048,0,,,sem_exato
500,cidade,5,1,completo,0,True,90.02580340278871,2.714629399999467,29,304964,0,,,sem_exato
500,cidade,5,1,classico,8,True,90.11157626212496,1.3354759000012564,32,127216,12,,,sem_exato
500,cidade,5,1,classico,8,False,93.63895087927995,0.1278866000011476,16,512,0,,,sem_exato
500,cidade,5,1,classico,16,True,90.11157626212496,1.3430700000008073,32,128240,12,,,sem_exato
500,cidade,5,1,classico,16,False,93.63895087927995,0.114940999999817,16,1024,0,,,sem_exato
500,cidade,5,1,classico,32,True,90.11157626212496,1.3533654999991995,32,130288,12,,,sem_exato
500,cidade,5,1,classico,32,False,93.63895087927995,0.1302313000014692,16,2048,0,,,sem_exato
500,cidade,5,1,aprendido,8,True,91.28449079939183,2.546624900000097,29,158668,15,,,sem_exato
500,cidade,5,1,aprendido,8,False,95.94022241675532,0.5096899000000121,13,416,0,,,sem_exato
500,cidade,5,1,aprendido,16,True,89.97118233858492,3.1623085999999603,33,191400,18,,,sem_exato
500,cidade,5,1,aprendido,16,False,95.20592404352911,0.6840009999996255,14,896,0,,,sem_exato
500,cidade,5,1,aprendido,32,True,89.83033882713943,2.7075581999997667,28,150808,14,,,sem_exato
500,cidade,5,1,aprendido,32,False,95.54153152662428,0.551914300000135,14,1792,0,,,sem_exato
500,cidade,5,1,aleatorio,8,True,90.31650430638071,2.191592999999557,37,243052,23,,,sem_exato
500,cidade,5,1,aleatorio,8,False,108.73304002744285,0.018785600001137936,12,384,0,,,sem_exato
500,cidade,5,1,aleatorio,16,True,90.59915087161153,2.2100862999996025,43,244620,23,,,sem_exato
500,cidade,5,1,aleatorio,16,False,99.91949230282887,0.01919169999928272,15,960,0,,,sem_exato
500,cidade,5,1,aleatorio,32,True,89.93779267021179,2.1874659999994037,44,258016,24,,,sem_exato
500,cidade,5,1,aleatorio,32,False,99.49387863956325,0.01917670000148064,12,1536,0,,,sem_exato
500,cidade,5,2,completo,0,True,90.06449654622784,2.684092299999975,31,325996,0,,,sem_exato
500,cidade,5,2,classico,8,True,90.32591888891557,1.1441065999988496,27,127056,12,,,sem_exato
500,cidade,5,2,classico,8,False,94.48833614361159,0.10852099999829079,15,480,0,,,sem_exato
500,cidade,5,2,classico,16,True,90.32591888891557,1.220228500000303,27,127920,12,,,sem_exato
500,cidade,5,2,classico,16,False,94.48833614361159,0.11660859999938111,15,960,0,,,sem_exato
500,cidade,5,2,classico,32,True,90.32591888891557,1.155261599998994,28,129776,12,,,sem_exato
500,cidade,5,2,classico,32,False,94.48833614361159,0.11976630000026489,16,2048,0,,,sem_exato
500,cidade,5,2,aprendido,8,True,90.37342602624199,2.3797664000012446,29,158668,15,,,sem_exato
500,cidade,5,2,aprendido,8,False,98.76192226278249,0.5212458999994851,13,416,0,,,sem_exato
500,cidade,5,2,aprendido,16,True,90.37342602624199,2.223173799999131,28,127984,12,,,sem_exato
500,cidade,5,2,aprendido,16,False,98.90550546191545,0.5093533999988722,13,832,0,,,sem_exato
500,cidade,5,2,aprendido,32,True,90.37342602624199,1.8172341999998025,25,118876,11,,,sem_exato
500,cidade,5,2,aprendido,32,False,98.90550546191545,0.37753670000165584,11,1408,0,,,sem_exato
500,cidade,5,2,aleatorio,8,True,90.36555359765717,1.6699239000008674,37,243052,23,,,sem_exato
500,cidade,5,2,aleatorio,8,False,103.12604053569666,0.01401839999925869,12,384,0,,,sem_exato
500,cidade,5,2,aleatorio,16,True,90.02120792830667,1.4363267000007909,35,191528,18,,,sem_exato
500,cidade,5,2,aleatorio,16,False,107.06452889764024,0.015050199999677716,12,768,0,,,sem_exato
500,cidade,5,2,aleatorio,32,True,90.69165792547987,1.1978063999995356,41,152472,14,,,sem_exato
500,cidade,5,2,aleatorio,32,False,97.76978091897821,0.02035520000026736,14,1792,0,,,sem_exato
500,uniforme,6,0,completo,0,True,265.1675066815127,2.8712027999990823,34,357544,0,,,sem_exato
500,uniforme,6,0,classico,8,True,266.1191636344847,1.517789500001527,29,137636,13,,,sem_exato
500,uniforme,6,0,classico,8,False,282.0321570311691,0.1349445999985619,16,512,0,,,sem_exato
500,uniforme,6,0,classico,16,True,266.1191636344847,1.5898957999997947,30,138628,13,,,sem_exato
500,uniforme,6,0,classico,16,False,282.0321570311691,0.12404529999912484,17,1088,0,,,sem_exato
500,uniforme,6,0,classico,32,True,266.1191636344847,1.3148550000005343,30,140548,13,,,sem_exato
500,uniforme,6,0,classico,32,False,282.0321570311691,0.1394202999999834,17,2176,0,,,sem_exato
500,uniforme,6,0,aprendido,8,True,264.647413573487,3.089110900000378,34,221924,21,,,sem_exato
500,uniforme,6,0,aprendido,8,False,296.58236360551814,0.4381546000004164,11,352,0,,,sem_exato
500,uniforme,6,0,aprendido,16,True,265.9474408292967,2.416494600000078,32,159788,15,,,sem_exato
500,uniforme,6,0,aprendido,16,False,282.58068812748763,0.5623156000001472,15,960,0,,,sem_exato
500,uniforme,6,0,aprendido,32,True,265.9474408292967,2.276943900000333,29,150936,14,,,sem_exato
500,uniforme,6,0,aprendido,32,False,282.0558006155053,0.5742656999991596,15,1920,0,,,sem_exato
500,uniforme,6,0,aleatorio,8,True,262.7474631829177,2.432854099999531,42,306308,29,,,sem_exato
500,uniforme,6,0,aleatorio,8,False,328.09097897628044,0.011945999998715706,10,320,0,,,sem_exato
500,uniforme,6,0,aleatorio,16,True,262.7474631829177,2.2478439999995317,41,276040,26,,,sem_exato
500,uniforme,6,0,aleatorio,16,False,320.91269832687016,0.012946400000146241,10,640,0,,,sem_exato
500,uniforme,6,0,aleatorio,32,True,265.10477176596686,1.6857490000002144,48,216464,20,,,sem_exato
500,uniforme,6,0,aleatorio,32,False,318.06759901807504,0.01419000000169035,9,1152,0,,,sem_exato
500,uniforme,6,1,completo,0,True,264.66784260855013,1.9780193000005966,23,241868,0,,,sem_exato
500,uniforme,6,1,classico,8,True,263.57040820721795,1.5589407999996183,26,158572,15,,,sem_exato
500,uniforme,6,1,classico,8,False,277.6137991993161,0.08506390000002284,11,352,0,,,sem_exato
500,uniforme,6,1,classico,16,True,263.57040820721795,1.5405205999995815,26,159404,15,,,sem_exato
500,uniforme,6,1,classico,16,False,277.6137991993161,0.07927229999950214,11,704,0,,,sem_exato
500,uniforme,6,1,classico,32,True,265.65189563199374,1.3523080000013579,24,139780,13,,,sem_exato
500,uniforme,6,1,classico,32,False,275.0723558041512,0.0996938999996928,12,1536,0,,,sem_exato
500,uniforme,6,1,aprendido,8,True,263.6278100532895,2.296443299999737,27,148088,14,,,sem_exato
500,uniforme,6,1,aprendido,8,False,278.7850354286931,0.4749179999998887,13,416,0,,,sem_exato
500,uniforme,6,1,aprendido,16,True,263.6278100532895,2.3874971000004734,28,170048,16,,,sem_exato
500,uniforme,6,1,aprendido,16,False,283.53940012417956,0.4842066999990493,12,768,0,,,sem_exato
500,uniforme,6,1,aprendido,32,True,264.647413573487,2.4066146000004665,24,139780,13,,,sem_exato
500,uniforme,6,1,aprendido,32,False,275.1711409036591,0.6040322999997443,12,1536,0,,,sem_exato
500,uniforme,6,1,aleatorio,8,True,265.65189563199374,2.2143756999994366,38,232568,22,,,sem_exato
500,uniforme,6,1,aleatorio,8,False,316.4719676870281,0.010725099999035592,8,256,0,,,sem_exato
500,uniforme,6,1,aleatorio,16,True,264.66784260855013,1.7881200000010722,28,212112,20,,,sem_exato
500,uniforme,6,1,aleatorio,16,False,304.3886686630682,0.009689100001196493,8,512,0,,,sem_exato
500,uniforme,6,1,aleatorio,32,True,265.79580241636813,1.4234935000004043,31,172224,16,,,sem_exato
500,uniforme,6,1,aleatorio,32,False,300.2055435468669,0.012999000000490923,8,1024,0,,,sem_exato
500,uniforme,6,2,completo,0,True,265.0209699636696,2.257105799999408,26,273416,0,,,sem_exato
500,uniforme,6,2,classico,8,True,263.75667564258595,1.611237400000391,28,169152,16,,,sem_exato
500,uniforme,6,2,classico,8,False,287.01391201279773,0.08689570000024105,12,384,0,,,sem_exato
500,uniforme,6,2,classico,16,True,263.6170855164512,1.6254943999992975,32,170304,16,,,sem_exato
500,uniforme,6,2,classico,16,False,285.976909983517,0.10219839999990654,13,832,0,,,sem_exato
500,uniforme,6,2,classico,32,True,263.6170855164512,1.5952921000007336,32,172352,16,,,sem_exato
500,uniforme,6,2,classico,32,False,282.12800619201727,0.12590969999837398,17,2176,0,,,sem_exato
500,uniforme,6,2,aprendido,8,True,263.75667564258595,2.7220200000010664,31,190280,18,,,sem_exato
500,uniforme,6,2,aprendido,8,False,289.5996219611429,0.47771859999920707,13,416,0,,,sem_exato
500,uniforme,6,2,aprendido,16,True,263.6170855164512,2.6030680000003485,30,180692,17,,,sem_exato
500,uniforme,6,2,aprendido,16,False,285.56948169773625,0.4829597999996622,13,832,0,,,sem_exato
500,uniforme,6,2,aprendido,32,True,263.6170855164512,2.419668399999864,31,182740,17,,,sem_exato
500,uniforme,6,2,aprendido,32,False,285.56948169773625,0.513635900000736,13,1664,0,,,sem_exato
500,uniforme,6,2,aleatorio,8,True,263.6278100532895,1.8627790999998979,45,253824,24,,,sem_exato
500,uniforme,6,2,aleatorio,8,False,312.0695037877049,0.017943799999557086,14,448,0,,,sem_exato
500,uniforme,6,2,aleatorio,16,True,263.84729158778237,2.1482919999998558,43,276168,26,,,sem_exato
500,uniforme,6,2,aleatorio,16,False,339.19056814572747,0.007885899998655077,7,448,0,,,sem_exato
500,uniforme,6,2,aleatorio,32,True,264.9089699667666,1.9058067000005394,45,247628,23,,,sem_exato
500,uniforme,6,2,aleatorio,32,False,339.11369866481124,0.00666570000066713,5,640,0,,,sem_exato
500,cidade,7,0,completo,0,True,108.2524986397954,2.2606364999992365,25,262900,0,,,sem_exato
500,cidade,7,0,classico,8,True,108.2524986397954,0.7921185999985028,26,74444,7,,,sem_exato
500,cidade,7,0,classico,8,False,110.10639654072796,0.14288649999980407,20,640,0,,,sem_exato
500,cidade,7,0,classico,16,True,108.2524986397954,0.9465922999988834,26,75276,7,,,sem_exato
500,cidade,7,0,classico,16,False,110.10639654072796,0.16165619999992487,20,1280,0,,,sem_exato
500,cidade,7,0,classico,32,True,108.2524986397954,1.1044810999992478,26,76940,7,,,sem_exato
500,cidade,7,0,classico,32,False,110.10639654072796,0.17063819999930274,20,2560,0,,,sem_exato
500,cidade,7,0,aprendido,8,True,108.24595592929239,2.4374134999998205,29,116604,11,,,sem_exato
500,cidade,7,0,aprendido,8,False,110.84310219703812,0.7710610000012821,19,608,0,,,sem_exato
500,cidade,7,0,aprendido,16,True,108.24595592929239,2.2735279999997147,30,128112,12,,,sem_exato
500,cidade,7,0,aprendido,16,False,110.95411154180199,0.7890633999995771,19,1216,0,,,sem_exato
500,cidade,7,0,aprendido,32,True,108.24595592929239,2.521534599998631,33,151448,14,,,sem_exato
500,cidade,7,0,aprendido,32,False,113.28200507593704,0.7098598000011407,18,2304,0,,,sem_exato
500,cidade,7,0,aleatorio,8,True,107.90254145815294,2.039389100000335,36,221988,21,,,sem_exato
500,cidade,7,0,aleatorio,8,False,133.97799340248517,0.018415900000036345,13,416,0,,,sem_exato
500,cidade,7,0,aleatorio,16,True,108.91023517556681,2.2628322999989905,44,286748,27,,,sem_exato
500,cidade,7,0,aleatorio,16,False,134.17615667719733,0.01921559999937017,14,896,0,,,sem_exato
500,cidade,7,0,aleatorio,32,True,108.90370537945387,1.2487669000001915,39,162732,15,,,sem_exato
500,cidade,7,0,aleatorio,32,False,123.67448286092767,0.023191999998743995,17,2176,0,,,sem_exato
500,cidade,7,1,completo,0,True,107.90166626525652,2.4605143000007956,28,294448,0,,,sem_exato
500,cidade,7,1,classico,8,True,107.90166626525652,1.3144021999996767,28,127088,12,,,sem_exato
500,cidade,7,1,classico,8,False,113.41678685545489,0.12754600000153005,17,544,0,,,sem_exato
500,cidade,7,1,classico,16,True,107.90166626525652,1.2922383999994054,28,127984,12,,,sem_exato
500,cidade,7,1,classico,16,False,113.41678685545489,0.12097309999990102,17,1088,0,,,sem_exato
500,cidade,7,1,classico,32,True,107.90166626525652,1.4344459999992978,29,140420,13,,,sem_exato
500,cidade,7,1,classico,32,False,113.76495712720933,0.13716669999848818,17,2176,0,,,sem_exato
500,cidade,7,1,aprendido,8,True,107.90166626525652,3.3541750999993383,35,242988,23,,,sem_exato
500,cidade,7,1,aprendido,8,False,121.07386291532906,0.4932971999987785,12,384,0,,,sem_exato
500,cidade,7,1,aprendido,16,True,107.77237186669169,2.6678885000001173,32,180820,17,,,sem_exato
500,cidade,7,1,aprendido,16,False,117.55232905062941,0.543951499999821,15,960,0,,,sem_exato
500,cidade,7,1,aprendido,32,True,108.44538499491345,2.810630300000412,30,172096,16,,,sem_exato
500,cidade,7,1,aprendido,32,False,116.0690940976481,0.7469296999988728,15,1920,0,,,sem_exato
500,cidade,7,1,aleatorio,8,True,107.69419989548597,2.6660517000000254,45,285372,27,,,sem_exato
500,cidade,7,1,aleatorio,8,False,131.0192073306154,0.016879200000403216,15,480,0,,,sem_exato
500,cidade,7,1,aleatorio,16,True,107.82751157241451,1.9751513000010164,41,244492,23,,,sem_exato
500,cidade,7,1,aleatorio,16,False,128.33637194623796,0.01458710000042629,11,704,0,,,sem_exato
500,cidade,7,1,aleatorio,32,True,107.5078595263075,1.7735211999988678,39,215312,20,,,sem_exato
500,cidade,7,1,aleatorio,32,False,124.76266466565181,0.02105219999975816,12,1536,0,,,sem_exato
500,cidade,7,2,completo,0,True,107.72754276176376,2.2510355999984313,26,273416,0,,,sem_exato
500,cidade,7,2,classico,8,True,107.4898212575933,1.3367225000001781,30,137668,13,,,sem_exato
500,cidade,7,2,classico,8,False,111.39796983297468,0.12738290000015695,16,512,0,,,sem_exato
500,cidade,7,2,classico,16,True,107.62139037216221,1.4309092999992572,31,138692,13,,,sem_exato
500,cidade,7,2,classico,16,False,111.32813582855903,0.12258830000064336,16,1024,0,,,sem_exato
500,cidade,7,2,classico,32,True,107.4898212575933,1.602560999999696,31,172224,16,,,sem_exato
500,cidade,7,2,classico,32,False,111.74764357475736,0.12613899999996647,16,2048,0,,,sem_exato
500,cidade,7,2,aprendido,8,True,107.72754276176376,2.358249099999739,28,169152,16,,,sem_exato
500,cidade,7,2,aprendido,8,False,115.90513476613913,0.4770094000014069,13,416,0,,,sem_exato
500,cidade,7,2,aprendido,16,True,107.72754276176376,2.526154499999393,30,170176,16,,,sem_exato
500,cidade,7,2,aprendido,16,False,113.10098050566756,0.5456137000001036,14,896,0,,,sem_exato
500,cidade,7,2,aprendido,32,True,107.4898212575933,2.5692889999991166,31,151192,14,,,sem_exato
500,cidade,7,2,aprendido,32,False,112.55171503381816,0.6008846000004269,15,1920,0,,,sem_exato
500,cidade,7,2,aleatorio,8,True,107.7004530514887,1.8375048999987484,36,221988,21,,,sem_exato
500,cidade,7,2,aleatorio,8,False,129.46914267081607,0.013161200000467943,11,352,0,,,sem_exato
500,cidade,7,2,aleatorio,16,True,107.99173044950689,2.179265700000542,45,286812,27,,,sem_exato
500,cidade,7,2,aleatorio,16,False,124.37104094344733,0.020025499999974272,10,640,0,,,sem_exato
500,cidade,7,2,aleatorio,32,True,107.51504799033314,1.7165812000002916,43,215824,20,,,sem_exato
500,cidade,7,2,aleatorio,32,False,121.39991579833173,0.01735489999919082,11,1408,0,,,sem_exato
1000,uniforme,0,0,completo,0,True,462.9288656497481,19.50466349999988,40,1239040,0,,,sem_exato
1000,uniforme,0,0,classico,8,True,459.182869434881,19.614092199999504,57,1147936,37,,,sem_exato
1000,uniforme,0,0,classico,8,False,491.6159439767067,0.4569606000004569,18,576,0,,,sem_exato
1000,uniforme,0,0,classico,16,True,458.2527751149002,15.77668569999878,53,1025600,33,,,sem_exato
1000,uniforme,0,0,classico,16,False,490.4081304994264,0.3782437999998365,18,1152,0,,,sem_exato
1000,uniforme,0,0,classico,32,True,458.2527751149002,15.47424189999947,53,1028992,33,,,sem_exato
1000,uniforme,0,0,classico,32,False,490.4081304994264,0.48874719999912486,18,2304,0,,,sem_exato
1000,uniforme,0,0,aprendido,8,True,462.5382387224907,20.274777900000117,50,1054784,34,,,sem_exato
1000,uniforme,0,0,aprendido,8,False,496.81076837288276,1.4368376000002172,16,512,0,,,sem_exato
1000,uniforme,0,0,aprendido,16,True,461.77428110727044,17.57354959999975,41,808000,26,,,sem_exato
1000,uniforme,0,0,aprendido,16,False,494.5097969327299,1.3920846999990317,16,1024,0,,,sem_exato
1000,uniforme,0,0,aprendido,32,True,458.73470149460275,19.14492550000068,49,966528,31,,,sem_exato
1000,uniforme,0,0,aprendido,32,False,494.30441941797596,1.1804520999994565,17,2176,0,,,sem_exato
1000,uniforme,0,0,aleatorio,8,True,459.5671894586395,14.791946999999709,52,1147776,37,,,sem_exato
1000,uniforme,0,0,aleatorio,8,False,527.3027381013433,0.03176280000116094,15,480,0,,,sem_exato
1000,uniforme,0,0,aleatorio,16,True,458.0632540757805,16.07252089999929,65,1243200,40,,,sem_exato
1000,uniforme,0,0,aleatorio,16,False,524.6315348557304,0.04339660000005097,17,1088,0,,,sem_exato
1000,uniforme,0,0,aleatorio,32,True,458.2527751149002,16.347002900000007,60,998912,32,,,sem_exato
1000,uniforme,0,0,aleatorio,32,False,505.03688811420955,0.05902330000026268,23,2944,0,,,sem_exato
1000,uniforme,0,1,completo,0,True,461.3081229686535,18.424912200000108,38,1177088,0,,,sem_exato
1000,uniforme,0,1,classico,8,True,461.3081229686535,12.077812100000301,39,775648,25,,,sem_exato
1000,uniforme,0,1,classico,8,False,488.047178322271,0.32766329999867594,15,480,0,,,sem_exato
1000,uniforme,0,1,classico,16,True,461.3081229686535,11.741333400001167,39,776896,25,,,sem_exato
1000,uniforme,0,1,classico,16,False,488.047178322271,0.253224300000511,15,960,0,,,sem_exato
1000,uniforme,0,1,classico,32,True,461.3081229686535,11.368339399999968,39,779392,25,,,sem_exato
1000,uniforme,0,1,classico,32,False,488.047178322271,0.32819950000157405,15,1920,0,,,sem_exato
1000,uniforme,0,1,aprendido,8,True,459.9260714495921,14.33529129999988,40,837632,27,,,sem_exato
1000,uniforme,0,1,aprendido,8,False,490.36822835523424,0.9238779999996041,13,416,0,,,sem_exato
1000,uniforme,0,1,aprendido,16,True,461.3081229686535,15.230130800000552,39,869824,28,,,sem_exato
1000,uniforme,0,1,aprendido,16,False,491.443992997872,0.8468078000005335,12,768,0,,,sem_exato
1000,uniforme,0,1,aprendido,32,True,461.3081229686535,15.98147600000084,43,996736,32,,,sem_exato
1000,uniforme,0,1,aprendido,32,False,491.1098237820517,0.9576952000006713,12,1536,0,,,sem_exato
1000,uniforme,0,1,aleatorio,8,True,466.11017934315294,14.508022500000152,47,1054688,34,,,sem_exato
1000,uniforme,0,1,aleatorio,8,False,542.6552061079803,0.029054900000119233,13,416,0,,,sem_exato
1000,uniforme,0,1,aleatorio,16,True,459.00175364261656,16.21642830000019,64,1274112,41,,,sem_exato
1000,uniforme,0,1,aleatorio,16,False,519.1949427564716,0.03551250000055006,16,1024,0,,,sem_exato
1000,uniforme,0,1,aleatorio,32,True,460.1949520129282,13.843853000000308,61,1153920,37,,,sem_exato
1000,uniforme,0,1,aleatorio,32,False,529.0484033478244,0.02629000000160886,12,1536,0,,,sem_exato
1000,uniforme,0,2,completo,0,True,463.93152478014014,14.206527199999982,37,1146112,0,,,sem_exato
1000,uniforme,0,2,classico,8,True,462.18321692803585,9.392671399999017,41,651808,21,,,sem_exato
1000,uniforme,0,2,classico,8,False,490.9747001364635,0.41329159999986587,20,640,0,,,sem_exato
1000,uniforme,0,2,classico,16,True,462.18321692803585,9.267248300000574,41,653120,21,,,sem_exato
1000,uniforme,0,2,classico,16,False,490.9747001364635,0.36526669999875594,20,1280,0,,,sem_exato
1000,uniforme,0,2,classico,32,True,460.0293499911784,8.92532200000096,43,656000,21,,,sem_exato
1000,uniforme,0,2,classico,32,False,492.5209644275293,0.33053730000028736,18,2304,0,,,sem_exato
1000,uniforme,0,2,aprendido,8,True,459.95199392636914,13.406995700001062,48,930816,30,,,sem_exato
1000,uniforme,0,2,aprendido,8,False,503.36370688980804,1.1643477999987226,16,512,0,,,sem_exato
1000,uniforme,0,2,aprendido,16,True,462.51537849031314,8.640497500000492,37,528960,17,,,sem_exato
1000,uniforme,0,2,aprendido,16,False,492.76757543029566,1.2552801000001637,18,1152,0,,,sem_exato
1000,uniforme,0,2,aprendido,32,True,462.47201656708734,12.175013299998682,42,748800,24,,,sem_exato
1000,uniforme,0,2,aprendido,32,False,494.0807892415129,1.2840086999985942,17,2176,0,,,sem_exato
1000,uniforme,0,2,aleatorio,8,True,463.7753500979298,13.742796200000157,55,1054944,34,,,sem_exato
1000,uniforme,0,2,aleatorio,8,False,539.1786347061666,0.03606020000006538,18,576,0,,,sem_exato
1000,uniforme,0,2,aleatorio,16,True,461.05670149338596,15.314038299999083,57,1180736,38,,,sem_exato
1000,uniforme,0,2,aleatorio,16,False,580.2522557648784,0.012868800000433112,6,384,0,,,sem_exato
1000,uniforme,0,2,aleatorio,32,True,460.48693937540844,14.14383110000017,57,1060480,34,,,sem_exato
1000,uniforme,0,2,aleatorio,32,False,574.8364730132125,0.01740590000008524,7,896,0,,,sem_exato
1000,cidade,1,0,completo,0,True,164.8986916885548,17.291475799998807,42,1300992,0,,,sem_exato
1000,cidade,1,0,classico,8,True,164.8986916885548,7.854083500000343,45,559008,18,,,sem_exato
1000,cidade,1,0,classico,8,False,169.9467063277769,0.4436939999995957,24,768,0,,,sem_exato
1000,cidade,1,0,classico,16,True,164.8986916885548,7.596065400000953,45,560448,18,,,sem_exato
1000,cidade,1,0,classico,16,False,169.9467063277769,0.49310239999977057,24,1536,0,,,sem_exato
1000,cidade,1,0,classico,32,True,164.8986916885548,7.393900200000644,45,563328,18,,,sem_exato
1000,cidade,1,0,classico,32,False,169.9467063277769,0.440184600000066,24,3072,0,,,sem_exato
1000,cidade,1,0,aprendido,8,True,163.9266842347207,14.21087869999974,53,900000,29,,,sem_exato
1000,cidade,1,0,aprendido,8,False,178.20454870693925,1.3551181000002543,19,608,0,,,sem_exato
1000,cidade,1,0,aprendido,16,True,164.63250101971093,13.197642099999939,49,839488,27,,,sem_exato
1000,cidade,1,0,aprendido,16,False,179.24665687690836,1.1536864999998215,16,1024,0,,,sem_exato
1000,cidade,1,0,aprendido,32,True,163.87938558636264,14.669032300000254,53,905088,29,,,sem_exato
1000,cidade,1,0,aprendido,32,False,175.33659297758402,1.368905299999824,19,2432,0,,,sem_exato
1000,cidade,1,0,aleatorio,8,True,164.04438607517616,13.750666300000375,56,1147904,37,,,sem_exato
1000,cidade,1,0,aleatorio,8,False,202.92958076571335,0.028624300000956282,15,480,0,,,sem_exato
1000,cidade,1,0,aleatorio,16,True,163.4496940506479,12.197957099999257,63,1119168,36,,,sem_exato
1000,cidade,1,0,aleatorio,16,False,192.54948931402902,0.02420470000106434,15,960,0,,,sem_exato
1000,cidade,1,0,aleatorio,32,True,163.76483778045275,11.363172499999564,66,1123584,36,,,sem_exato
1000,cidade,1,0,aleatorio,32,False,190.19012029183378,0.026844799998798408,17,2176,0,,,sem_exato
1000,cidade,1,1,completo,0,True,164.62022332249563,11.76609660000031,39,1208064,0,,,sem_exato
1000,cidade,1,1,classico,8,True,164.35956663969137,8.016297699999996,48,744960,24,,,sem_exato
1000,cidade,1,1,classico,8,False,170.7555271135431,0.3494501000004675,22,704,0,,,sem_exato
1000,cidade,1,1,classico,16,True,163.7853880769154,9.493751499998325,50,901504,29,,,sem_exato
1000,cidade,1,1,classico,16,False,171.41657844601045,0.34975739999936195,22,1408,0,,,sem_exato
1000,cidade,1,1,classico,32,True,163.7853880769154,9.314243400000123,50,904704,29,,,sem_exato
1000,cidade,1,1,classico,32,False,171.41657844601045,0.3153828999984398,22,2816,0,,,sem_exato
1000,cidade,1,1,aprendido,8,True,164.35956663969137,11.482879200000752,45,930720,30,,,sem_exato
1000,cidade,1,1,aprendido,8,False,185.74512546189476,0.7959765000014158,14,448,0,,,sem_exato
1000,cidade,1,1,aprendido,16,True,164.47613358660607,10.240668700000242,40,838912,27,,,sem_exato
1000,cidade,1,1,aprendido,16,False,185.19140874672948,0.8717941000013525,14,896,0,,,sem_exato
1000,cidade,1,1,aprendido,32,True,164.51070968277284,10.563249999999243,41,872576,28,,,sem_exato
1000,cidade,1,1,aprendido,32,False,184.59803434062434,0.8397153999994771,14,1792,0,,,sem_exato
1000,cidade,1,1,aleatorio,8,True,163.51644542021197,12.135807900000145,59,1302880,42,,,sem_exato
1000,cidade,1,1,aleatorio,8,False,196.403252609703,0.025596100000257138,14,448,0,,,sem_exato
1000,cidade,1,1,aleatorio,16,True,164.01062840650033,11.562508400000297,60,1242880,40,,,sem_exato
1000,cidade,1,1,aleatorio,16,False,195.9092174872851,0.021159699999770964,13,832,0,,,sem_exato
1000,cidade,1,1,aleatorio,32,True,163.67982595948678,10.11877850000019,62,1092096,35,,,sem_exato
1000,cidade,1,1,aleatorio,32,False,193.3277310846472,0.02647430000070017,13,1664,0,,,sem_exato
1000,cidade,1,2,completo,0,True,164.65126469249066,13.489899399999558,47,1455872,0,,,sem_exato
1000,cidade,1,2,classico,8,True,163.65061787765023,7.049405499999921,46,651968,21,,,sem_exato
1000,cidade,1,2,classico,8,False,171.4739302134472,0.3653844999989815,24,768,0,,,sem_exato
1000,cidade,1,2,classico,16,True,163.65061787765023,7.6380721000005,51,653760,21,,,sem_exato
1000,cidade,1,2,classico,16,False,172.2392996586474,0.3573627000005217,23,1472,0,,,sem_exato
1000,cidade,1,2,classico,32,True,163.65061787765023,7.617194600001312,49,687744,22,,,sem_exato
1000,cidade,1,2,classico,32,False,172.02374698803396,0.39060779999999795,24,3072,0,,,sem_exato
1000,cidade,1,2,aprendido,8,True,163.59366976923098,12.61716929999966,52,930944,30,,,sem_exato
1000,cidade,1,2,aprendido,8,False,175.98765633680188,1.2657722999992984,19,608,0,,,sem_exato
1000,cidade,1,2,aprendido,16,True,163.7808398500992,10.314793199999258,46,746368,24,,,sem_exato
1000,cidade,1,2,aprendido,16,False,181.34672557497757,1.013341899999432,15,960,0,,,sem_exato
1000,cidade,1,2,aprendido,32,True,163.68979116454406,10.4166495999998,48,718592,23,,,sem_exato
1000,cidade,1,2,aprendido,32,False,174.58434240413368,1.4125220000005356,21,2688,0,,,sem_exato
1000,cidade,1,2,aleatorio,8,True,163.41821657435716,11.857471100000112,56,1209856,39,,,sem_exato
1000,cidade,1,2,aleatorio,8,False,199.53445494958146,0.01556469999923138,13,416,0,,,sem_exato
1000,cidade,1,2,aleatorio,16,True,163.4049430460218,12.631930999999895,65,1274176,41,,,sem_exato
1000,cidade,1,2,aleatorio,16,False,194.1627620003031,0.026146600001084153,13,832,0,,,sem_exato
1000,cidade,1,2,aleatorio,32,True,163.81998083697027,10.754041100000904,66,1123584,36,,,sem_exato
1000,cidade,1,2,aleatorio,32,False,187.08647078575547,0.02633160000004864,17,2176,0,,,sem_exato
1000,uniforme,2,0,completo,0,True,474.9876429082814,13.466540700001133,45,1393920,0,,,sem_exato
1000,uniforme,2,0,classico,8,True,475.51434532131714,8.22139259999858,48,775936,25,,,sem_exato
1000,uniforme,2,0,classico,8,False,494.2756566423035,0.3748176000008243,24,768,0,,,sem_exato
1000,uniforme,2,0,classico,16,True,475.51434532131714,9.114301999999952,51,839616,27,,,sem_exato
1000,uniforme,2,0,classico,16,False,500.7520369328849,0.41274110000085784,25,1600,0,,,sem_exato
1000,uniforme,2,0,classico,32,True,475.51434532131714,8.948886100000891,48,811520,26,,,sem_exato
1000,uniforme,2,0,classico,32,False,500.6273375569591,0.3766078999997262,23,2944,0,,,sem_exato
1000,uniforme,2,0,aprendido,8,True,475.6933154801268,12.444903500001601,46,930752,30,,,sem_exato
1000,uniforme,2,0,aprendido,8,False,519.5505109892281,1.0034562000000733,16,512,0,,,sem_exato
1000,uniforme,2,0,aprendido,16,True,476.24394772861535,11.7519110000012,48,901376,29,,,sem_exato
1000,uniforme,2,0,aprendido,16,False,515.5767928820358,1.1138350000001083,18,1152,0,,,sem_exato
1000,uniforme,2,0,aprendido,32,True,477.26339179970614,10.120528499999637,41,779648,25,,,sem_exato
1000,uniforme,2,0,aprendido,32,False,515.0103168631312,1.0665403000002698,17,2176,0,,,sem_exato
1000,uniforme,2,0,aleatorio,8,True,476.6265353662882,10.962765799999033,56,1116928,36,,,sem_exato
1000,uniforme,2,0,aleatorio,8,False,560.1272365535183,0.03035439999985101,17,544,0,,,sem_exato
1000,uniforme,2,0,aleatorio,16,True,477.79012175730645,12.221659799999543,60,1211904,39,,,sem_exato
1000,uniforme,2,0,aleatorio,16,False,559.2510666954696,0.03863000000092143,19,1216,0,,,sem_exato
1000,uniforme,2,0,aleatorio,32,True,478.9930029157841,10.01662690000012,54,998144,32,,,sem_exato
1000,uniforme,2,0,aleatorio,32,False,607.1498551389518,0.021507899999051006,9,1152,0,,,sem_exato
1000,uniforme,2,1,completo,0,True,475.42161833572834,14.665504099999453,47,1455872,0,,,sem_exato
1000,uniforme,2,1,classico,8,True,477.1170573175549,12.823165300000255,56,1178880,38,,,sem_exato
1000,uniforme,2,1,classico,8,False,509.14923291118214,0.3001968999997189,19,608,0,,,sem_exato
1000,uniforme,2,1,classico,16,True,476.0451536117119,8.976186100000632,48,808448,26,,,sem_exato
1000,uniforme,2,1,classico,16,False,508.01584854458724,0.2738725000017439,20,1280,0,,,sem_exato
1000,uniforme,2,1,classico,32,True,478.1194665977108,10.761605899999267,51,1028736,33,,,sem_exato
1000,uniforme,2,1,classico,32,False,510.5111528417273,0.28494320000027074,19,2432,0,,,sem_exato
1000,uniforme,2,1,aprendido,8,True,476.00798243914403,13.21824149999884,48,1054720,34,,,sem_exato
1000,uniforme,2,1,aprendido,8,False,519.0545093781697,0.9465862000015477,15,480,0,,,sem_exato
1000,uniforme,2,1,aprendido,16,True,476.96127472221707,10.967260199999146,41,838976,27,,,sem_exato
1000,uniforme,2,1,aprendido,16,False,516.7854303332585,0.9470707000000402,15,960,0,,,sem_exato
1000,uniforme,2,1,aprendido,32,True,476.96127472221707,10.891155999999683,41,841600,27,,,sem_exato
1000,uniforme,2,1,aprendido,32,False,516.7854303332585,0.9193133999997372,15,1920,0,,,sem_exato
1000,uniforme,2,1,aleatorio,8,True,476.0833033234046,11.775231300000087,55,1178848,38,,,sem_exato
1000,uniforme,2,1,aleatorio,8,False,610.6782357157806,0.014530999998896732,8,256,0,,,sem_exato
1000,uniforme,2,1,aleatorio,16,True,476.321283641497,11.67624909999904,57,1180736,38,,,sem_exato
1000,uniforme,2,1,aleatorio,16,False,605.023210693527,0.014862199999697623,8,512,0,,,sem_exato
1000,uniforme,2,1,aleatorio,32,True,477.3127141168961,8.202558999999383,56,812544,26,,,sem_exato
1000,uniforme,2,1,aleatorio,32,False,538.6592322428417,0.040522600000258535,18,2304,0,,,sem_exato
1000,uniforme,2,2,completo,0,True,475.3635404082271,12.425906899999973,42,1300992,0,,,sem_exato
1000,uniforme,2,2,classico,8,True,477.54169611612906,10.047993700000006,50,992832,32,,,sem_exato
1000,uniforme,2,2,classico,8,False,516.3166398717767,0.24470909999945434,15,480,0,,,sem_exato
1000,uniforme,2,2,classico,16,True,477.54169611612906,10.164587700000993,50,994432,32,,,sem_exato
1000,uniforme,2,2,classico,16,False,516.3166398717767,0.2333252000007633,15,960,0,,,sem_exato
1000,uniforme,2,2,classico,32,True,477.54169611612906,10.146156199998586,49,997504,32,,,sem_exato
1000,uniforme,2,2,classico,32,False,509.55628308185044,0.2597304000009899,17,2176,0,,,sem_exato
1000,uniforme,2,2,aprendido,8,True,476.87977305632387,13.119514900001377,49,1054752,34,,,sem_exato
1000,uniforme,2,2,aprendido,8,False,521.0785976401055,0.9479642999995121,15,480,0,,,sem_exato
1000,uniforme,2,2,aprendido,16,True,477.9100813581294,12.884984099999201,46,1025152,33,,,sem_exato
1000,uniforme,2,2,aprendido,16,False,523.0665655218643,0.825797399998919,13,832,0,,,sem_exato
1000,uniforme,2,2,aprendido,32,True,475.3635404082271,11.989198100000067,42,965632,31,,,sem_exato
1000,uniforme,2,2,aprendido,32,False,524.3721636248581,0.7125726999984181,11,1408,0,,,sem_exato
1000,uniforme,2,2,aleatorio,8,True,476.01542683970666,10.816474299999754,50,1085760,35,,,sem_exato
1000,uniforme,2,2,aleatorio,8,False,558.8677042423406,0.01761369999985618,11,352,0,,,sem_exato
1000,uniforme,2,2,aleatorio,16,True,478.09792943606783,9.310627500000919,53,963648,31,,,sem_exato
1000,uniforme,2,2,aleatorio,16,False,541.0136428910635,0.030375099999218946,17,1088,0,,,sem_exato
1000,uniforme,2,2,aleatorio,32,True,478.05133642516336,8.41189309999936,55,874368,28,,,sem_exato
1000,uniforme,2,2,aleatorio,32,False,542.0123653347343,0.033535399999891524,17,2176,0,,,sem_exato
1000,cidade,3,0,completo,0,True,219.6189000580803,12.726865599999655,42,1300992,0,,,sem_exato
1000,cidade,3,0,classico,8,True,220.40137175941157,7.35325229999944,46,806848,26,,,sem_exato
1000,cidade,3,0,classico,8,False,230.4000495147437,0.24003210000046238,18,576,0,,,sem_exato
1000,cidade,3,0,classico,16,True,220.40137175941157,7.046110600000247,46,808320,26,,,sem_exato
1000,cidade,3,0,classico,16,False,230.4000495147437,0.20202810000046156,18,1152,0,,,sem_exato
1000,cidade,3,0,classico,32,True,219.86573974904073,7.113052799999423,45,780160,25,,,sem_exato
1000,cidade,3,0,classico,32,False,230.34758127395656,0.24128079999900365,17,2176,0,,,sem_exato
1000,cidade,3,0,aprendido,8,True,219.30305164087423,10.240938400000232,41,899616,29,,,sem_exato
1000,cidade,3,0,aprendido,8,False,237.01272612876733,0.5648769999988872,11,352,0,,,sem_exato
1000,cidade,3,0,aprendido,16,True,219.30305164087423,9.568624699999418,42,870016,28,,,sem_exato
1000,cidade,3,0,aprendido,16,False,233.8562906493145,0.6614427000004071,13,832,0,,,sem_exato
1000,cidade,3,0,aprendido,32,True,219.79337043042983,9.241821600000549,42,872704,28,,,sem_exato
1000,cidade,3,0,aprendido,32,False,231.83566727121652,0.7770075999997061,15,1920,0,,,sem_exato
1000,cidade,3,0,aleatorio,8,True,219.78300146473447,9.02720219999901,51,1085792,35,,,sem_exato
1000,cidade,3,0,aleatorio,8,False,254.846753976692,0.02395280000018829,14,448,0,,,sem_exato
1000,cidade,3,0,aleatorio,16,True,219.23603175918112,11.139075400000365,63,1366976,44,,,sem_exato
1000,cidade,3,0,aleatorio,16,False,257.22748115113086,0.014180800000758609,12,768,0,,,sem_exato
1000,cidade,3,0,aleatorio,32,True,219.7315599973801,8.636238700000831,65,1030528,33,,,sem_exato
1000,cidade,3,0,aleatorio,32,False,241.18227271771462,0.025526199999148957,21,2688,0,,,sem_exato
1000,cidade,3,1,completo,0,True,219.74622981567524,7.239030099999582,31,960256,0,,,sem_exato
1000,cidade,3,1,classico,8,True,219.33180144274095,3.919170600000143,38,465856,15,,,sem_exato
1000,cidade,3,1,classico,8,False,225.4771965844108,0.2995320999998512,23,736,0,,,sem_exato
1000,cidade,3,1,classico,16,True,219.33180144274095,4.955231799998728,38,467072,15,,,sem_exato
1000,cidade,3,1,classico,16,False,225.80850996123044,0.34566309999900113,23,1472,0,,,sem_exato
1000,cidade,3,1,classico,32,True,220.0456980425633,4.511217000001125,36,438272,14,,,sem_exato
1000,cidade,3,1,classico,32,False,225.69836083059656,0.3237165999998979,23,2944,0,,,sem_exato
1000,cidade,3,1,aprendido,8,True,219.83001175304526,10.590981600000305,44,868736,28,,,sem_exato
1000,cidade,3,1,aprendido,8,False,240.97607899661278,0.9506251000002521,16,512,0,,,sem_exato
1000,cidade,3,1,aprendido,16,True,219.74622981567524,10.462111699998786,42,870016,28,,,sem_exato
1000,cidade,3,1,aprendido,16,False,244.62107261645855,0.8405009999987669,14,896,0,,,sem_exato
1000,cidade,3,1,aprendido,32,True,219.83001175304526,10.332870899999762,45,842112,27,,,sem_exato
1000,cidade,3,1,aprendido,32,False,233.41708728823622,1.1271910999985266,19,2432,0,,,sem_exato
1000,cidade,3,1,aleatorio,8,True,219.69921952736445,11.625409300000683,53,1271712,41,,,sem_exato
1000,cidade,3,1,aleatorio,8,False,282.3295793556106,0.01606279999941762,9,288,0,,,sem_exato
1000,cidade,3,1,aleatorio,16,True,219.30431944898532,9.26746439999988,55,994752,32,,,sem_exato
1000,cidade,3,1,aleatorio,16,False,273.2182533863091,0.011633600001005107,9,576,0,,,sem_exato
1000,cidade,3,1,aleatorio,32,True,219.46335085466836,9.57087649999994,51,1028736,33,,,sem_exato
1000,cidade,3,1,aleatorio,32,False,260.03636950735074,0.015517900001214002,9,1152,0,,,sem_exato
1000,cidade,3,2,completo,0,True,220.32622139790658,12.821414199999708,45,1393920,0,,,sem_exato
1000,cidade,3,2,classico,8,True,219.53025509477982,7.8119709999991755,48,775936,25,,,sem_exato
1000,cidade,3,2,classico,8,False,231.4065041767244,0.3025089000002481,20,640,0,,,sem_exato
1000,cidade,3,2,classico,16,True,219.53025509477982,7.863147399999434,48,777472,25,,,sem_exato
1000,cidade,3,2,classico,16,False,231.4065041767244,0.27072799999950803,20,1280,0,,,sem_exato
1000,cidade,3,2,classico,32,True,219.53025509477982,7.953129699999408,48,780544,25,,,sem_exato
1000,cidade,3,2,classico,32,False,231.4065041767244,0.310700199999701,20,2560,0,,,sem_exato
1000,cidade,3,2,aprendido,8,True,219.53025509477982,12.095403200000874,47,1054688,34,,,sem_exato
1000,cidade,3,2,aprendido,8,False,237.47764272558422,0.797602900000129,14,448,0,,,sem_exato
1000,cidade,3,2,aprendido,16,True,220.32622139790658,11.907289400000082,48,1056256,34,,,sem_exato
1000,cidade,3,2,aprendido,16,False,240.75011212826632,0.6479870999992272,12,768,0,,,sem_exato
1000,cidade,3,2,aprendido,32,True,219.53025509477982,11.367455999999947,45,996992,32,,,sem_exato
1000,cidade,3,2,aprendido,32,False,239.8913501404462,0.7012818000002881,12,1536,0,,,sem_exato
1000,cidade,3,2,aleatorio,8,True,219.5707828930549,11.307737899998756,58,1271872,41,,,sem_exato
1000,cidade,3,2,aleatorio,8,False,263.1509796368816,0.01506139999946754,14,448,0,,,sem_exato
1000,cidade,3,2,aleatorio,16,True,219.4614988055696,12.120036000000255,70,1367424,44,,,sem_exato
1000,cidade,3,2,aleatorio,16,False,262.9939226000063,0.01627120000011928,14,896,0,,,sem_exato
1000,cidade,3,2,aleatorio,32,True,220.07058509179387,11.747449399999823,70,1309952,42,,,sem_exato
1000,cidade,3,2,aleatorio,32,False,257.3758872268171,0.019846400000460562,13,1664,0,,,sem_exato
1000,uniforme,4,0,completo,0,True,444.30905588067253,12.27900839999893,44,1362944,0,,,sem_exato
1000,uniforme,4,0,classico,8,True,443.1311673268048,9.430892100001074,49,899872,29,,,sem_exato
1000,uniforme,4,0,classico,8,False,491.2307757678771,0.245941799999855,17,544,0,,,sem_exato
1000,uniforme,4,0,classico,16,True,443.1311673268048,9.017906999999468,49,901440,29,,,sem_exato
1000,uniforme,4,0,classico,16,False,489.89779649491095,0.26329679999980726,17,1088,0,,,sem_exato
1000,uniforme,4,0,classico,32,True,443.1311673268048,9.057251400001405,48,904448,29,,,sem_exato
1000,uniforme,4,0,classico,32,False,489.89779649491095,0.2644015000005311,17,2176,0,,,sem_exato
1000,uniforme,4,0,aprendido,8,True,443.1311673268048,13.989609700000074,57,1147936,37,,,sem_exato
1000,uniforme,4,0,aprendido,8,False,490.3973001970263,1.1822882999986177,20,640,0,,,sem_exato
1000,uniforme,4,0,aprendido,16,True,444.29483516917264,8.676675200000318,47,622528,20,,,sem_exato
1000,uniforme,4,0,aprendido,16,False,462.5716287877474,1.598465799999758,28,1792,0,,,sem_exato
1000,uniforme,4,0,aprendido,32,True,444.29483516917264,8.69678229999954,47,656512,21,,,sem_exato
1000,uniforme,4,0,aprendido,32,False,467.78498459884247,1.5782641999994667,26,3328,0,,,sem_exato
1000,uniforme,4,0,aleatorio,8,True,443.53558531988574,10.90180589999909,55,1178848,38,,,sem_exato
1000,uniforme,4,0,aleatorio,8,False,540.6785866357798,0.016156100000443985,13,416,0,,,sem_exato
1000,uniforme,4,0,aleatorio,16,True,443.31036972914154,12.46558659999937,59,1335744,43,,,sem_exato
1000,uniforme,4,0,aleatorio,16,False,532.4393213641002,0.018319400000109454,14,896,0,,,sem_exato
1000,uniforme,4,0,aleatorio,32,True,443.328007389223,8.625243200000114,55,936320,30,,,sem_exato
1000,uniforme,4,0,aleatorio,32,False,522.5617411187268,0.01913539999986824,14,1792,0,,,sem_exato
1000,uniforme,4,1,completo,0,True,444.38307835938053,11.705346700000518,42,1300992,0,,,sem_exato
1000,uniforme,4,1,classico,8,True,446.2240104810491,6.975924000000305,38,713664,23,,,sem_exato
1000,uniforme,4,1,classico,8,False,473.8772268217445,0.2213661999994656,16,512,0,,,sem_exato
1000,uniforme,4,1,classico,16,True,446.2240104810491,6.890314300000682,38,714880,23,,,sem_exato
1000,uniforme,4,1,classico,16,False,473.8772268217445,0.23664259999895876,16,1024,0,,,sem_exato
1000,uniforme,4,1,classico,32,True,444.3739340718,7.0506488000009995,39,717440,23,,,sem_exato
1000,uniforme,4,1,classico,32,False,473.8772268217445,0.24997219999931986,16,2048,0,,,sem_exato
1000,uniforme,4,1,aprendido,8,True,444.4478667586418,9.57423270000072,42,806720,26,,,sem_exato
1000,uniforme,4,1,aprendido,8,False,482.04843069306105,0.9211939999986498,16,512,0,,,sem_exato
1000,uniforme,4,1,aprendido,16,True,444.3739340718,8.589550400000007,39,714944,23,,,sem_exato
1000,uniforme,4,1,aprendido,16,False,472.770530321755,0.8891996000002109,16,1024,0,,,sem_exato
1000,uniforme,4,1,aprendido,32,True,446.2240104810491,9.086370999999417,40,779520,25,,,sem_exato
1000,uniforme,4,1,aprendido,32,False,482.1160374182248,0.8041017999985343,14,1792,0,,,sem_exato
1000,uniforme,4,1,aleatorio,8,True,445.6274553409487,11.56298489999972,66,1272128,41,,,sem_exato
1000,uniforme,4,1,aleatorio,8,False,683.0125130578225,0.0051836000002367655,4,128,0,,,sem_exato
1000,uniforme,4,1,aleatorio,16,True,445.82411508666667,12.249039999998786,65,1305152,42,,,sem_exato
1000,uniforme,4,1,aleatorio,16,False,544.980388429258,0.025955199998861644,13,832,0,,,sem_exato
1000,uniforme,4,1,aleatorio,32,True,443.35471319380395,10.089236800000435,66,1092608,35,,,sem_exato
1000,uniforme,4,1,aleatorio,32,False,498.0647289643561,0.027694900001733913,21,2688,0,,,sem_exato
1000,uniforme,4,2,completo,0,True,442.58185263150267,13.420994699999937,46,1424896,0,,,sem_exato
1000,uniforme,4,2,classico,8,True,445.91449226625065,8.349704799999017,47,806880,26,,,sem_exato
1000,uniforme,4,2,classico,8,False,484.477242696869,0.2786311999989266,20,640,0,,,sem_exato
1000,uniforme,4,2,classico,16,True,445.91449226625065,8.439502399998673,49,839488,27,,,sem_exato
1000,uniforme,4,2,classico,16,False,480.04564194082093,0.31309760000112874,22,1408,0,,,sem_exato
1000,uniforme,4,2,classico,32,True,447.65057783083785,7.237436100000195,44,718080,23,,,sem_exato
1000,uniforme,4,2,classico,32,False,481.8790662883199,0.3367039000004297,21,2688,0,,,sem_exato
1000,uniforme,4,2,aprendido,8,True,450.9746020524124,12.243685999999798,49,992800,32,,,sem_exato
1000,uniforme,4,2,aprendido,8,False,499.9876688131439,0.9754140000004554,17,544,0,,,sem_exato
1000,uniforme,4,2,aprendido,16,True,442.58185263150267,12.111162100000001,49,1025344,33,,,sem_exato
1000,uniforme,4,2,aprendido,16,False,511.4092668514718,0.6859850000000733,12,768,0,,,sem_exato
1000,uniforme,4,2,aprendido,32,True,442.58185263150267,13.556780400000207,51,1152640,37,,,sem_exato
1000,uniforme,4,2,aprendido,32,False,499.6766548506405,0.8309705000010581,14,1792,0,,,sem_exato
1000,uniforme,4,2,aleatorio,8,True,445.2440425876606,11.58339739999974,60,1240960,40,,,sem_exato
1000,uniforme,4,2,aleatorio,8,False,536.7274127714215,0.019384100000024773,13,416,0,,,sem_exato
1000,uniforme,4,2,aleatorio,16,True,444.81562042815,10.562388699998337,61,1211968,39,,,sem_exato
1000,uniforme,4,2,aleatorio,16,False,535.58012205041,0.01993899999979476,13,832,0,,,sem_exato
1000,uniforme,4,2,aleatorio,32,True,443.2435954796227,9.286755400000402,61,1030016,33,,,sem_exato
1000,uniforme,4,2,aleatorio,32,False,529.9960272472804,0.01991690000068047,10,1280,0,,,sem_exato
