instancia,familia,razao,m,n,metodo,objetivo,valida,seed_treino,seed_solver,orcamento,t_total,estouro_s,rotulo_melhor,rotulo_bound,rotulo_qualidade,trajetoria,t_parede_s,t_cpu_s,razao_cpu,contencao_suspeita,carga_sistema_pct,pico_mem_mb,nucleo,nos,certificado,fracao_final,estagios,run_id,t_adaptativa,obj_adaptativa,iteracoes,subproblemas,nos_scip_adaptativa,tentados,aceitos,t_selecao,t_sub,t_inferencia,repetidos,pulados,t_pl
clusters_m50_n200_r1.5_s4000,clusters,1.5,50,200,adaptativa:gnn,36901.48308163132,True,0,0,120.0,117.369334561,0.0,36901.48308163132,35115.09935709336,gap,"[[50.54673605800053, 51937.07188177617], [50.549872774001415, 50747.172161374714], [54.776135168998735, 49449.40931068489], [66.10350894699877, 45554.99141373599], [67.24667662700085, 45554.99141373599], [69.49865783399946, 42699.971432175815], [70.38635532999979, 41736.33535357144], [75.14918315199975, 36901.4830816313]]",117.369334561,117.358885628,0.9999109739095047,False,75.0,1114.30859375,1,327.0,False,1.0,4.0,9eff653b71fb65fbf4d0,,,,,,,,,,,,,
clusters_m50_n200_r1.5_s4000,clusters,1.5,50,200,adaptativa:pl,36520.35856266147,True,-1,0,120.0,117.366973951,0.0,36901.48308163132,35115.09935709336,gap,"[[0.26974079899446224, 48752.805228299], [16.418521126997803, 37342.81340017937], [28.79279433299962, 37342.813400179344], [44.999664945000404, 37108.839814285806], [48.85551547199793, 36520.35856266148], [50.37768240399964, 36520.35856266147], [67.18355470099777, 36520.35856266147]]",117.366973951,117.356533659,0.9999110457426945,False,75.0,926.61328125,2,1276.0,False,1.0,4.0,9eff653b71fb65fbf4d0,,,,,,,,,,,,,
clusters_m50_n200_r1.5_s4000,clusters,1.5,50,200,completo,36662.902752678405,True,-1,0,120.0,114.013524617,0.0,36901.48308163132,35115.09935709336,gap,"[[0.3852367219988082, 50502.176764423304], [2.3847604039983707, 42699.971432175815], [3.2748589479997463, 41736.33535357144], [7.9605889019985625, 36901.4830816313], [69.673000529001, 36718.185427058364], [97.71706206100134, 36662.902752678405]]",114.013524617,114.004109852,0.999917424138657,False,75.0,1102.71875,2,609.0,False,1.0,1.0,9eff653b71fb65fbf4d0,,,,,,,,,,,,,
clusters_m50_n200_r1.5_s4000,clusters,1.5,50,200,hibrido:rotacao,36001.94305080281,True,-1,0,120.0,119.981756541,0.0,36901.48308163132,35115.09935709336,gap,"[[25.66649513500306, 51937.07188177617], [25.669491612003185, 50747.172161374714], [29.917209053004626, 49449.40931068489], [33.59804222800449, 49449.40931068489], [35.86077806900357, 42699.971432175815], [36.758765238002525, 41736.33535357144], [41.64362002800408, 36901.4830816313], [58.685677749002934, 36901.48308163132], [59.50915233200067, 36891.598894356706], [60.84328132600058, 36750.13464200524], [60.863362345000496, 36716.12107094772], [60.87729670000044, 36711.743569716054], [60.89234138900065, 36704.58436946437], [60.933893435001664, 36683.43898462067], [61.78164809200098, 36465.722227954975], [61.93797802500194, 36278.92892770488], [61.9954327680025, 36255.854683021884], [62.37558304500271, 36255.72174616862], [62.46430841200345, 36247.082565591314], [62.630767028000264, 36235.83067770176], [62.9039749500007, 36072.31261835766], [63.41471684300268, 36060.23533494674], [63.677502952003124, 36058.19981139879], [64.03078569100035, 36050.64063826023], [64.51269940400016, 36048.64766472432], [65.31761536800332, 36038.16421618807], [65.41634792000332, 36034.72798097922], [65.4753356220026, 36021.949431114546], [65.89783727600297, 36007.35254542448], [67.17867664500227, 36003.943455694694], [73.08772489700277, 36001.94305080281]]",119.981756541,119.970729395,0.9999080931441754,False,75.0,1099.87890625,2,,,,,9eff653b71fb65fbf4d0,58.68549268800052,36901.48308163132,999.0,999.0,77.0,"{""interior"": 250, ""fronteira"": 250, ""liberacao"": 250, ""regret"": 249, ""abertura"": 0}","{""interior"": 1, ""fronteira"": 10, ""liberacao"": 8, ""regret"": 4, ""abertura"": 0}",0.6074942319428374,60.3844551700131,0.0,843.0,0.0,
clusters_m50_n200_r1.5_s4000,clusters,1.5,50,200,hibrido:rotacao,36018.9885480087,True,-1,1,120.0,119.983972184,0.0,36901.48308163132,35115.09935709336,gap,"[[25.431407480995404, 51937.07188177617], [25.434497633992578, 50747.172161374714], [33.79442967399518, 50747.17216137474], [34.060847753993585, 50502.176764423304], [36.0766557739953, 42715.37021093368], [36.98911496299479, 41711.055225418735], [42.12072146799255, 36901.4830816313], [58.69600686400008, 36901.48308163132], [59.863198819999525, 36877.04225504757], [60.43042694500036, 36739.26825105403], [60.99421837999762, 36557.25617347072], [61.634108005997405, 36548.20739776913], [61.966095571999176, 36546.73085356092], [61.97878970400052, 36545.76080099297], [62.02500079799938, 36538.60160074129], [62.343267123997066, 36505.65719824043], [62.35231167799793, 36498.30535755912], [62.78418546299872, 36498.26663663655], [62.84053320199746, 36495.4586486833], [63.03665167999861, 36337.283861953794], [63.07852945999912, 36336.8419820399], [63.19051370399757, 36327.36285831385], [63.266721279000194, 36325.230274171015], [63.424460674999864, 36323.87200123738], [63.53344532799747, 36311.0934513727], [63.54394144699836, 36310.42380772882], [63.6664888919986, 36281.98975393677], [65.32388427099795, 36256.164354335], [65.48727325599975, 36244.69958555625], [65.72959888299738, 36239.764028342266], [65.83419096799844, 36237.70382104995], [67.31507494999823, 36234.766990441494], [68.51122841499819, 36230.25043451909], [68.61710242999834, 36229.97339735344], [69.10181946099692, 36227.27382127169], [70.52891790699869, 36028.07125433025], [70.54832983799861, 36019.77312855566], [71.75620818300013, 36018.9885480087]]",119.983972184,119.97884611,0.9999572770103649,False,75.0,984.984375,3,,,,,9eff653b71fb65fbf4d0,58.69584745300017,36901.48308163132,630.0,630.0,74.0,"{""interior"": 158, ""fronteira"": 158, ""liberacao"": 157, ""regret"": 157, ""abertura"": 0}","{""interior"": 1, ""fronteira"": 12, ""liberacao"": 9, ""regret"": 8, ""abertura"": 0}",0.3807765549936448,60.74491576699802,0.0,469.0,0.0,
clusters_m50_n200_r1.5_s4000,clusters,1.5,50,200,hibrido:rotacao,35995.04114923888,True,-1,2,120.0,119.985424237,0.0,36901.48308163132,35115.09935709336,gap,"[[25.672665744998085, 51937.07188177617], [25.67565778399876, 50747.172161374714], [33.59901614899354, 50747.17216137474], [33.86395638799513, 50502.176764423304], [35.86330566199467, 42699.971432175815], [36.767992477994994, 41736.33535357144], [41.60424000399507, 36901.4830816313], [58.68612353699791, 36901.48308163132], [58.69913775299574, 36894.323881379634], [59.37142854099875, 36735.70602001272], [59.39345281199712, 36729.14276474245], [59.569990137995774, 36714.234099856025], [59.93556874199567, 36514.66808258934], [60.120079274998716, 36468.14299322416], [60.4829015649957, 36465.375324665365], [60.87132689699865, 36301.85726532126], [61.34496621199651, 36293.40928084895], [61.387211299996125, 36292.44859751137], [61.397685572996124, 36291.278848174385], [61.41600800299784, 36290.52025498793], [61.96415730899753, 36266.49023731498], [61.97453564799798, 36265.651665667065], [62.766368522996345, 36262.3591906601], [63.18211302099735, 36258.87639874385], [63.253165651996824, 36246.03291569754], [64.48281837399918, 36244.52342257546], [66.23684932999822, 36244.50621026548], [67.19692784899598, 36224.46262628801], [67.53012963299625, 36224.06811450966], [67.88821874599671, 36222.744988730956], [67.89801324799919, 36221.96388365594], [68.7990974739987, 36216.38970898525], [68.89126499499616, 36215.83753294611], [71.02536724399761, 36212.4499251481], [73.73443882099673, 36001.86411200134], [74.25415622799846, 35997.14378316476], [77.37514196799748, 35996.55414601826], [79.40715660999922, 35995.04114923888]]",119.985424237,119.974209204,0.9999065300383666,False,75.0,1147.83984375,1,,,,,9eff653b71fb65fbf4d0,58.685946893998334,36901.48308163132,494.0,494.0,71.0,"{""interior"": 124, ""fronteira"": 124, ""liberacao"": 123, ""regret"": 123, ""abertura"": 0}","{""interior"": 5, ""fronteira"": 8, ""liberacao"": 12, ""regret"": 5, ""abertura"": 0}",0.297846515004494,60.869384107980295,0.0,292.0,0.0,
clusters_m50_n200_r1.5_s4000,clusters,1.5,50,200,hibridopl:rotacao,36176.985309498385,True,-1,0,120.0,119.982379125,0.0,36901.48308163132,35115.09935709336,gap,"[[0.27205049699841766, 48752.805228299], [14.53477872899748, 48752.80522829899], [25.26280961199882, 48752.80522829899], [25.391865559999133, 40752.588578339324], [26.512702432999504, 40266.65484496764], [26.605637239001226, 40223.043601358426], [26.65794893600105, 39968.15039860664], [26.783373851998476, 39949.249767319016], [29.012944440000865, 36888.2764546598], [33.778068348998204, 36888.2764546598], [58.69392324699584, 36888.27645465982], [59.479829701998824, 36863.710941257996], [59.530759480996494, 36836.436545739736], [59.582048413998564, 36826.149045514045], [60.08791281199592, 36812.59353698827], [60.21406909299549, 36425.62770466082], [61.4427551949957, 36250.20521140646], [61.47011536699574, 36239.56868042994], [61.74236483399727, 36235.63845741644], [61.74975808999807, 36218.39316264647], [61.93914306699662, 36204.71938961033], [61.96215698899687, 36188.56217790084], [62.01329514899771, 36187.22650708392], [62.07013950599867, 36185.80444120516], [62.088258763997146, 36184.79878971296], [64.82381250599792, 36184.256613634054], [64.9169419639984, 36181.96388382712], [65.79367908999848, 36176.985309498385]]",119.982379125,119.97055989,0.9999014919100105,False,75.0,898.73828125,1,,,,,9eff653b71fb65fbf4d0,58.6937447579985,36888.27645465982,403.0,403.0,197.0,"{""interior"": 101, ""fronteira"": 101, ""liberacao"": 101, ""regret"": 100, ""abertura"": 0}","{""interior"": 3, ""fronteira"": 5, ""liberacao"": 3, ""regret"": 6, ""abertura"": 0}",0.2389204900173354,60.894872055087035,0.0,305.0,0.0,
clusters_m50_n200_r1.5_s4000,clusters,1.5,50,200,hibridopl:rotacao,36166.26972824445,True,-1,1,120.0,119.986924151,0.0,36901.48308163132,35115.09935709336,gap,"[[0.2546497460025421, 48752.805228299], [14.587634225998045, 48752.80522829899], [25.271526030999667, 48752.80522829899], [25.39408427300077, 40752.588578339324], [26.516070030000265, 40356.75400473428], [26.61021889100084, 40051.93303087768], [26.66202991499813, 39968.15039860664], [26.78439019399957, 38891.265647796296], [28.93656732099771, 36886.55137182533], [33.781242662000295, 36886.55137182533], [58.695243174995994, 36886.55137182535], [58.78517615799865, 36885.956349564134], [59.17140815499806, 36882.042497074945], [59.26579036599651, 36877.81135459335], [60.31007331899673, 36725.10021129403], [60.48531661299785, 36700.77383053056], [60.9897427079959, 36280.178454439745], [61.00647517899779, 36280.1454360033], [61.11721011999907, 36242.45682768003], [61.23597026799689, 36227.91070387895], [61.525516292997054, 36225.75674573678], [61.54126999499931, 36225.0899832594], [61.64085617299861, 36223.773499736344], [61.77511756599779, 36222.4720481992], [62.25617566799701, 36220.37144794154], [62.30545351699766, 36167.296280171555], [62.99623761499606, 36166.5050439556], [63.053226480999, 36166.47776982938], [63.137188840995805, 36166.26972824445]]",119.986924151,119.98117537,0.9999520882709455,False,75.0,947.4921875,3,,,,,9eff653b71fb65fbf4d0,58.695077373999084,36886.55137182535,562.0,562.0,184.0,"{""interior"": 141, ""fronteira"": 141, ""liberacao"": 140, ""regret"": 140, ""abertura"": 0}","{""interior"": 3, ""fronteira"": 8, ""liberacao"": 5, ""regret"": 2, ""abertura"": 0}",0.3292714469935163,60.82497322900235,0.0,477.0,0.0,
clusters_m50_n200_r1.5_s4000,clusters,1.5,50,200,hibridopl:rotacao,36195.11009109303,True,-1,2,120.0,119.98806256,0.0,36901.48308163132,35115.09935709336,gap,"[[0.27126226700056577, 48752.805228299], [14.533485944000859, 48752.80522829899], [25.263367436000408, 48752.80522829899], [25.392748874000972, 40752.588578339324], [26.518821092002327, 39317.46351877833], [26.788939368001593, 38891.265647796296], [28.91823758400278, 36886.55137182533], [33.77197619700382, 36886.55137182533], [58.694832057000895, 36886.55137182535], [59.33043444500072, 36882.63751933616], [59.49498278900137, 36489.19307313182], [59.58313239299969, 36488.59805087061], [60.08793596200121, 36478.31055064492], [60.45506399000078, 36296.573441065775], [60.476856388999295, 36287.15289736192], [60.61047478999899, 36281.24611505888], [60.626395780000166, 36279.4450630674], [60.68878390100144, 36244.36481018228], [60.7681709569988, 36239.31029685512], [61.27337563399851, 36236.07953865843], [61.28089502900184, 36220.111348978586], [61.63672434700129, 36217.00198943028], [62.99565726600122, 36212.77084694868], [65.95691055199859, 36209.45650493248], [67.49254379400008, 36208.16766468358], [71.21017176199894, 36195.11009109303]]",119.98806256,119.981696154,0.9999469413384617,False,75.0,896.48046875,3,,,,,9eff653b71fb65fbf4d0,58.69465837600001,36886.55137182535,322.0,322.0,226.0,"{""interior"": 81, ""fronteira"": 81, ""liberacao"": 80, ""regret"": 80, ""abertura"": 0}","{""interior"": 2, ""fronteira"": 7, ""liberacao"": 5, ""regret"": 3, ""abertura"": 0}",0.19230987301489222,60.962187435041415,0.0,234.0,0.0,
clusters_m50_n200_r1.5_s4000,clusters,1.5,50,200,kernel,36901.48308163132,True,-1,0,120.0,115.444079206,0.0,36901.48308163132,35115.09935709336,gap,"[[0.41294491900043795, 38180.026230246614], [3.295941598000354, 37958.08308612871], [3.30596447300195, 37862.89918573254], [3.3181967870004883, 37492.46660520669], [17.941650518001552, 37368.17349986985], [27.76347991000148, 37078.091732962595], [28.694776850006747, 37078.091732962595], [36.78963039700466, 36901.4830816313]]",115.444079206,115.434128896,0.9999138083991104,False,75.0,1114.234375,2,697.0,,0.5,2.0,9eff653b71fb65fbf4d0,,,,,,,,,,,,,0.0649503580025339
clusters_m50_n200_r1.5_s4001,clusters,1.5,50,200,adaptativa:gnn,42472.759864405234,True,0,0,120.0,117.367469001,0.0,39216.718438493415,37482.85888828688,gap,"[[0.34469408800214296, 53670.99383298631], [28.850255484001536, 53670.993832986336], [50.39872819700031, 53670.993832986336], [67.23516430499876, 53670.993832986336], [67.4880999800007, 50975.45695699192], [70.33736679199865, 46646.344866996515], [70.5443330929993, 45117.23716924306], [71.58686133000083, 44612.33118460364], [74.5422386470018, 43852.68370546117], [108.23759561900079, 42472.75986440524]]",117.367469001,117.356283946,0.9999047005520763,False,75.0,1300.5625,1,273.0,False,1.0,4.0,9eff653b71fb65fbf4d0,,,,,,,,,,,,,
clusters_m50_n200_r1.5_s4001,clusters,1.5,50,200,adaptativa:pl,39743.653256690544,True,-1,0,120.0,117.36936017,0.0,39216.718438493415,37482.85888828688,gap,"[[0.40033600500100874, 50910.990207337], [15.475994054999319, 39743.653256690544], [28.640100517000974, 39743.653256690515], [50.37321964300281, 39743.653256690515], [67.267435785001, 39743.653256690515]]",117.36936017,117.357983001,0.9999030652549905,False,75.1,1209.34375,2,640.0,False,1.0,4.0,9eff653b71fb65fbf4d0,,,,,,,,,,,,,
clusters_m50_n200_r1.5_s4001,clusters,1.5,50,200,completo,40524.74852657285,True,-1,0,120.0,114.013370283,0.0,39216.718438493415,37482.85888828688,gap,"[[0.3832287750010437, 50975.45695699192], [3.2544386179979483, 46646.344866996515], [3.4604023920001055, 45117.23716924306], [4.506093054998928, 44612.33118460364], [21.6092546439977, 44587.26259351341], [25.15846157299893, 42720.44629977081], [41.73748976299976, 42083.99434485083], [54.53805988900058, 40644.452288598965], [79.97792938699786, 40526.740268292975], [85.36393589799991, 40524.74852657285]]",114.013370283,114.003230338,0.9999110635447858,False,75.0,1209.34375,2,698.0,False,1.0,1.0,9eff653b71fb65fbf4d0,,,,,,,,,,,,,
clusters_m50_n200_r1.5_s4001,clusters,1.5,50,200,hibrido:rotacao,38907.18518808369,True,-1,0,120.0,119.954378772,0.0,39216.718438493415,37482.85888828688,gap,"[[0.6779465489962604, 53670.99383298631], [14.430507841992949, 53670.993832986336], [25.501269909993425, 53670.993832986336], [33.61792031299774, 53670.993832986336], [33.86978713799908, 50975.45695699192], [36.725304071998835, 46646.344866996515], [36.932114551997074, 45117.23716924306], [37.98009443999763, 44612.33118460364], [40.935221134997846, 43852.68370546117], [58.68796567699974, 43852.683705461204], [58.7165403479994, 43652.06262610359], [58.981598110996856, 42979.670869266665], [59.067501521996746, 41524.521213131666], [59.573032999000134, 41441.601331242935], [60.339369765999436, 41385.27194442543], [60.35680731699904, 41079.044109639086], [60.38561927099727, 40799.61610031127], [63.30990133699743, 40797.376145629794], [63.33449657899837, 40695.44185453133], [66.0319553219997, 40649.935639160954], [66.05147582899735, 40617.07133341967], [66.49664835599833, 40595.75199088144], [66.60330839299786, 40561.98879400716], [66.62228362899987, 40521.817631834754], [66.63531594599772, 40520.583761856935], [69.19117921399811, 40475.876171139585], [70.3692197959972, 40469.68312606113], [71.62991201499972, 40431.756495817004], [71.69463041299969, 40431.21503234955], [72.47892238299755, 40305.214028861876], [72.50952961799703, 40299.30930769648], [72.52716169999985, 40298.88303161749], [73.25811682999847, 40297.609385214026], [73.28155313999741, 40283.67854318528], [73.78477630099951, 40281.49325273752], [74.28739048699936, 40273.50872126885], [74.32407261899789, 40273.17807598152], [74.35329887599801, 40264.61913086151], [74.36870994499986, 40045.39365025187], [75.13937654199981, 40032.52014605902], [75.16653519199826, 39967.853315624176], [75.18696885299869, 39961.64730074444], [75.69098636599665, 39959.2879718283], [75.7875199859991, 39936.10534829702], [77.2498958239994, 39474.14404428043], [77.7324125749983, 39471.97351896791], [77.9597096749967, 38946.85934523322], [78.00800053399871, 38946.444739593964], [78.27719869799694, 38941.82519262121], [78.32876601499811, 38937.9213114101], [78.35740825799803, 38936.02861729407], [78.40998166499776, 38931.553424233025], [79.24588690399833, 38930.81703735546], [79.30438355899969, 38923.87729384142], [80.19442419099869, 38911.84724032985], [80.21205657399696, 38910.32779896179], [80.59048984099718, 38907.922260523854], [80.61533199899714, 38907.74478168681], [81.94764934799969, 38907.18518808369]]",119.954378772,119.943066373,0.9999056941554297,False,75.0,1299.99609375,1,,,,,9eff653b71fb65fbf4d0,58.68778459799796,43852.683705461204,560.0,560.0,85.0,"{""interior"": 140, ""fronteira"": 140, ""liberacao"": 140, ""regret"": 140, ""abertura"": 0}","{""interior"": 10, ""fronteira"": 16, ""liberacao"": 12, ""regret"": 11, ""abertura"": 0}",0.3422654280620918,60.77096024792991,0.0,410.0,0.0,
clusters_m50_n200_r1.5_s4001,clusters,1.5,50,200,hibrido:rotacao,38802.95017425659,True,-1,1,120.0,119.98225711,0.0,39216.718438493415,37482.85888828688,gap,"[[0.4808508410023933, 53670.99383298631], [14.422513970999717, 53670.993832986336], [25.275026000999787, 53670.993832986336], [33.855360662997555, 53670.993832986336], [34.1107551540008, 50975.45695699192], [36.97849736699936, 46635.66660949294], [37.18782930700036, 45117.23716924306], [37.86220193199915, 45076.982250460096], [38.32418133099782, 44657.60283916187], [51.567502166999475, 44446.80253722122], [58.6994088729989, 44446.802537221265], [58.717432375997305, 44445.68236617586], [59.22622182899795, 42865.60502153394], [59.269577614999434, 40784.44055559158], [59.31503666699791, 40730.04395875601], [59.40911249099736, 40652.29587932856], [59.91876604299978, 40594.02954427655], [60.059267467997415, 40325.23490804401], [60.339836347997334, 39668.48999059444], [60.38154678700084, 39662.97307887561], [60.74566362299811, 39164.223968813305], [60.89654022199829, 39155.34793460264], [61.94194356799926, 39153.64055490852], [62.44743090799966, 38868.01340383148], [62.69794469499902, 38857.26044506027], [63.31544198199845, 38850.76373002403], [63.43090237999786, 38847.91304646568], [63.44277227400016, 38847.193159111695], [63.462301051000395, 38845.36225053687], [63.74820615399949, 38843.4485094202], [65.49821577499824, 38832.623941710044], [75.58190937499967, 38806.43912632132], [75.63083051799913, 38802.95017425659]]",119.98225711,119.978413719,0.9999679670053508,False,75.0,1211.2890625,3,,,,,9eff653b71fb65fbf4d0,58.699230174999684,44446.802537221265,343.0,343.0,79.0,"{""interior"": 86, ""fronteira"": 86, ""liberacao"": 86, ""regret"": 85, ""abertura"": 0}","{""interior"": 4, ""fronteira"": 9, ""liberacao"": 8, ""regret"": 1, ""abertura"": 0}",0.21253271102250437,60.9722767799467,0.0,241.0,0.0,
clusters_m50_n200_r1.5_s4001,clusters,1.5,50,200,hibrido:rotacao,40195.4680192663,True,-1,2,120.0,119.985381836,0.0,39216.718438493415,37482.85888828688,gap,"[[0.47553012699791, 53670.99383298631], [14.423304564999853, 53670.993832986336], [25.272469745996204, 53670.993832986336], [33.85419770899898, 53670.993832986336], [34.1068682940022, 50975.45695699192], [36.95161261300018, 46655.15225518378], [37.157736220000515, 45117.23716924306], [56.31414503199994, 44756.24736905565], [56.541008080999745, 44643.77452310747], [58.6995703169996, 44643.77452310748], [58.72158000999843, 44583.10782073266], [59.224140140999225, 43934.51363840811], [59.3682026839997, 43004.10548457248], [59.408917157998076, 42290.95344556906], [59.41675516200121, 42227.62013490356], [59.92636743899857, 41685.777024742114], [59.95123346499895, 41564.66142792826], [59.96087380300014, 41486.66892460637], [59.965117766998446, 41436.54303887881], [60.186854903000494, 41192.23735633355], [60.20666423799776, 41176.80199687102], [60.24062642300123, 41167.46517665423], [60.27194520299963, 41163.2135155184], [60.46268819699981, 41095.31486314093], [60.5354199329995, 40704.90727748927], [61.04339392499969, 40683.10916262411], [61.28934707499866, 40662.23723948293], [61.796503704001225, 40605.2742522669], [61.892641251000896, 40603.037503294385], [61.977270806997694, 40595.663822303664], [62.04881701699924, 40590.385696385805], [63.0174497529988, 40307.29680458984], [67.39130523999847, 40294.12354549696], [67.72493351099911, 40289.97533259928], [68.70777735799857, 40284.789754420366], [69.69968919199891, 40247.88383553003], [70.41935601200021, 40231.48145233306], [70.66317117699873, 40208.8647814808], [70.95473663499797, 40202.45166193273], [71.4874108719996, 40201.66814605235], [77.27603304500008, 40199.825360033254], [77.47278410500076, 40198.234789276394], [79.70235935299934, 40198.148118267134], [85.52850814900012, 40195.4680192663]]",119.985381836,119.972433523,0.9998920842455817,False,75.1,1299.99609375,1,,,,,9eff653b71fb65fbf4d0,58.69937072399989,44643.77452310748,385.0,385.0,85.0,"{""interior"": 97, ""fronteira"": 96, ""liberacao"": 96, ""regret"": 96, ""abertura"": 0}","{""interior"": 10, ""fronteira"": 10, ""liberacao"": 5, ""regret"": 9, ""abertura"": 0}",0.23409730498678982,60.94863782704124,0.0,224.0,0.0,
clusters_m50_n200_r1.5_s4001,clusters,1.5,50,200,hibridopl:rotacao,39053.25037724071,True,-1,0,120.0,119.987824434,0.0,39216.718438493415,37482.85888828688,gap,"[[0.5830920740008878, 50910.990207337], [14.398982032998902, 50910.99020733701], [25.260973925000144, 50910.99020733701], [25.381926785998076, 43020.08966433526], [33.823505439002474, 43020.08966433525], [58.69817811699613, 43020.08966433525], [58.71846719199675, 42984.44499189986], [58.90660176799793, 42834.15604622831], [59.261421286995756, 42712.79045421355], [59.282281637995766, 42635.90916129364], [60.042346036996605, 42630.16808586529], [60.06697785499637, 41332.917957749305], [60.16606479499751, 41244.99245667043], [60.66918612099835, 41225.74003982506], [61.17244381499768, 40507.43573732654], [61.25937222599896, 40170.226370452874], [61.26991440699567, 40167.72310970982], [61.2912911209969, 40158.64852436831], [61.341779159996804, 40151.50949363486], [61.55430265199902, 40005.47313573919], [61.87244620999627, 39989.61457852707], [63.00000178799746, 39972.82952954036], [64.35262657399653, 39960.866541671145], [64.37109174799843, 39937.22924130767], [64.94395545399675, 39926.76515230979], [65.48537231499722, 39909.77407484535], [65.49585116099843, 39896.85062319155], [65.51884193099613, 39864.14686714953], [66.02364557799592, 39760.86899192058], [66.27582480999627, 39759.99043479636], [67.41277184499631, 39747.83953584675], [68.92775727499611, 39745.70399008603], [69.60033864899742, 39733.63032612786], [69.73029902499911, 39636.411376872624], [69.85609369699887, 39383.640795823405], [70.01348548799797, 39186.35250481114], [70.0227989529958, 39147.800549067215], [70.17937237399747, 39144.8396313369], [70.66609815199627, 39126.91193744923], [72.84414115399704, 39124.63269954788], [77.59672943799887, 39105.48759602244], [78.16167895699618, 39070.93570094827], [79.24194377299864, 39070.65310700373], [80.5868596989967, 39068.4758173607], [80.72340264199738, 39055.761946606945], [84.13775696499579, 39053.25037724071]]",119.987824434,119.975781582,0.9998996327164293,False,75.1,1209.34375,2,,,,,9eff653b71fb65fbf4d0,58.69800854799905,43020.08966433525,322.0,322.0,68.0,"{""interior"": 81, ""fronteira"": 81, ""liberacao"": 80, ""regret"": 80, ""abertura"": 0}","{""interior"": 7, ""fronteira"": 13, ""liberacao"": 14, ""regret"": 6, ""abertura"": 0}",0.1952422140093404,61.00338998304869,0.0,160.0,0.0,
clusters_m50_n200_r1.5_s4001,clusters,1.5,50,200,hibridopl:rotacao,39220.11172764372,True,-1,1,120.0,119.987857269,0.0,39216.718438493415,37482.85888828688,gap,"[[0.2746663489997445, 50910.990207337], [14.384161780995782, 50910.99020733701], [25.447584796998854, 50910.99020733701], [25.572986674997082, 43020.08966433526], [33.59744898799909, 43020.08966433525], [58.68725497700143, 43020.08966433525], [58.707294438001554, 43015.71260595315], [59.97038503400108, 42720.24022859009], [59.98914787900139, 42719.36761991811], [60.04329527200389, 41626.61572623629], [60.55177030300183, 41587.690356288615], [60.68640820600194, 40404.47848317081], [61.45777634600381, 40295.55621541939], [61.9646942540021, 40272.1081474724], [62.47048628700213, 40261.12890345734], [63.256068466002034, 40260.64878209164], [63.76104012600263, 40249.871903157895], [64.14622716300073, 40240.15894670737], [64.55661342000167, 40191.92140847971], [64.79819730800227, 40191.42940434153], [64.85133309600133, 40098.45806278106], [64.85975021900231, 40072.44127649423], [65.32650789700347, 40065.7597260625], [65.67213867500323, 39774.09236824625], [65.69633225900179, 39753.51406389188], [66.47654977400089, 39737.73267246936], [67.01768196600096, 39734.4274726162], [67.52823152700148, 39725.10913679383], [69.48625360500228, 39720.70953401088], [69.54727816000377, 39638.74438626575], [69.58408906800105, 39631.01939803025], [69.94162542600316, 39622.863289385736], [70.36928805200296, 39571.380643090604], [70.57388886600165, 39323.64440713514], [71.16942487100096, 39320.6266566184], [71.67343223600255, 39317.40682566653], [71.78827224600172, 39316.47982589841], [71.92577962600262, 39308.83580217913], [71.94880562300386, 39303.07851349183], [72.0611214970013, 39301.10656427262], [72.25281981400258, 39293.32140967072], [74.16297431100247, 39289.079939711795], [74.50605827700201, 39239.57423184984], [76.13332086900118, 39237.92569353974], [76.22599544900368, 39231.42224501958], [78.41406116600047, 39230.33422072431], [79.78943228500066, 39221.82817756547], [80.03007239000362, 39220.11172764372]]",119.987857269,119.982400495,0.9999545222814692,False,75.1,1211.2890625,3,,,,,9eff653b71fb65fbf4d0,58.68708473700099,43020.08966433525,534.0,534.0,81.0,"{""interior"": 134, ""fronteira"": 134, ""liberacao"": 133, ""regret"": 133, ""abertura"": 0}","{""interior"": 10, ""fronteira"": 19, ""liberacao"": 9, ""regret"": 4, ""abertura"": 0}",0.3272146080053062,60.826378338970244,0.0,353.0,0.0,
clusters_m50_n200_r1.5_s4001,clusters,1.5,50,200,hibridopl:rotacao,38468.22365890426,True,-1,2,120.0,119.982021458,0.0,39216.718438493415,37482.85888828688,gap,"[[0.27222264100055327, 50910.990207337], [13.35257086600177, 39373.478458559875], [14.381887976000144, 39373.47845855987], [25.44257064100384, 39373.47845855987], [33.60125382500337, 39373.47845855987], [58.68763476300228, 39373.47845855987], [58.7015070630041, 39367.57005894623], [59.204344793004566, 39241.09160170468], [59.273769084004016, 39234.33485141543], [59.30397838200224, 39219.55434586045], [59.925720759001706, 39180.57558712327], [59.99177177200181, 39154.17394306851], [60.067205457002274, 39035.839580367494], [60.07518461800282, 39034.87380821531], [60.58097473300222, 38938.05732904264], [60.61329284900421, 38929.9664966286], [60.63271406300191, 38880.24211543884], [61.04448165600479, 38874.121323032174], [61.33300256200164, 38860.612331541706], [61.365354667002975, 38856.74302153749], [61.382136714004446, 38810.212443211196], [61.88545279900427, 38767.10769229193], [62.17702684500182, 38764.69368982135], [62.21285104800336, 38756.00283423347], [62.584162557002855, 38742.276561246676], [63.09106623500338, 38721.65678321714], [63.21331562900377, 38659.584029378115], [69.05878046000362, 38632.555157103554], [69.23693077900316, 38631.54666854713], [69.33110087800378, 38629.47793730435], [70.24005631500404, 38627.78242555472], [70.3284984080019, 38627.635991942036], [71.39531162600179, 38622.45829499228], [71.616368994004, 38620.86647972758], [71.77220341700377, 38615.02077425475], [72.22759302200211, 38560.67099697103], [73.29993883200223, 38521.88979229586], [73.3438326530013, 38520.87850610784], [74.17651083700184, 38520.62514467859], [75.3550353530045, 38519.996192027436], [77.98432943100124, 38502.37863758231], [78.4965532990027, 38498.5760340235], [78.98449820800306, 38497.63199163588], [80.28566682600285, 38494.7604312028], [83.03544647500166, 38479.589472229774], [84.6235758080038, 38469.00282527144], [86.74260618800326, 38468.22365890426]]",119.982021458,119.971449735,0.9999118891074551,False,75.0,1209.34375,2,,,,,9eff653b71fb65fbf4d0,58.68747196000186,39373.47845855987,617.0,617.0,74.0,"{""interior"": 155, ""fronteira"": 154, ""liberacao"": 154, ""regret"": 154, ""abertura"": 0}","{""interior"": 7, ""fronteira"": 20, ""liberacao"": 8, ""regret"": 6, ""abertura"": 0}",0.3840968549666286,60.735383407012705,0.0,410.0,0.0,
clusters_m50_n200_r1.5_s4001,clusters,1.5,50,200,kernel,39743.653256690544,True,-1,0,120.0,115.439606952,0.0,39216.718438493415,37482.85888828688,gap,"[[0.2627459769937559, 50910.990207337], [15.323481368996, 39743.653256690544], [28.693315709999297, 39743.653256690515]]",115.439606952,115.427379024,0.9998940751071244,False,75.1,1294.58203125,1,839.0,,0.5,2.0,9eff653b71fb65fbf4d0,,,,,,,,,,,,,0.06478023999807192
clusters_m50_n200_r1.5_s4002,clusters,1.5,50,200,adaptativa:gnn,42509.05545312077,True,0,0,120.0,117.371760595,0.0,39599.91325349822,38177.896084283115,gap,"[[0.3821799200050009, 56654.5364703778], [28.85895009700471, 56654.53647037786], [50.40890426300393, 56654.53647037786], [67.24569394000355, 56654.53647037786], [67.50872197400167, 51872.84525297761], [70.40127650100112, 43745.312874901545], [93.14027404100125, 42509.05545312077]]",117.371760595,117.36789209,0.9999670405813086,False,75.0,1211.5390625,3,164.0,False,1.0,4.0,9eff653b71fb65fbf4d0,,,,,,,,,,,,,
clusters_m50_n200_r1.5_s4002,clusters,1.5,50,200,adaptativa:pl,42363.71914722829,True,-1,0,120.0,117.357824683,0.0,39599.91325349822,38177.896084283115,gap,"[[0.2838377490006678, 56016.62733740754], [28.506173485002364, 44618.56970740952], [28.639584721004212, 44618.56970740952], [32.013723314001254, 44131.120899331305], [32.04007403000287, 43707.16267261289], [32.1475560100007, 42791.749438975065], [50.68416461400193, 42791.749438975065], [54.45038147200103, 42520.0964292816], [54.47445058100129, 42444.37264628235], [54.475760989000264, 42363.719147228214], [67.00491703400257, 42363.719147228214]]",117.357824683,117.346805446,0.9999061056471542,False,75.0,1300.99609375,1,377.0,False,1.0,4.0,9eff653b71fb65fbf4d0,,,,,,,,,,,,,
clusters_m50_n200_r1.5_s4002,clusters,1.5,50,200,completo,41093.30555900748,True,-1,0,120.0,114.022558555,0.0,39599.91325349822,38177.896084283115,gap,"[[0.5903080120006052, 51872.84525297761], [3.4605723540007602, 43745.312874901545], [26.17081184700146, 42509.05545312077], [51.105010372000834, 41166.53036720581], [108.4741964269997, 41093.30555900744]]",114.022558555,114.010588395,0.9998950193702747,False,75.1,1300.99609375,1,348.0,False,1.0,1.0,9eff653b71fb65fbf4d0,,,,,,,,,,,,,
clusters_m50_n200_r1.5_s4002,clusters,1.5,50,200,hibrido:rotacao,40107.45401833906,True,-1,0,120.0,119.98192929,0.0,39599.91325349822,38177.896084283115,gap,"[[0.38221158000305877, 56654.5364703778], [14.602595753003698, 56654.53647037786], [25.293142494003405, 56654.53647037786], [33.83643995300372, 56654.53647037786], [34.10104249700089, 51872.84525297761], [36.97850305200336, 43745.312874901545], [58.698789859998215, 43745.31287490155], [58.722277072, 43686.62450097479], [58.73355677099971, 43565.82094319492], [59.1092305279999, 43110.1239645394], [60.13888207099808, 42685.802015679605], [60.1710098629992, 41954.678095520605], [60.359974251001404, 41921.19287092884], [60.8638754450003, 41355.90244756175], [60.890336984000896, 41354.04593135689], [60.92264922100003, 41346.396941201216], [60.986191097999836, 41345.36233254741], [61.041298184998595, 41326.35341859878], [61.16813054299928, 41301.64270184523], [61.243806136000785, 41294.16005232137], [62.00946751000083, 41268.634025815445], [62.04620584599979, 41255.678932548864], [62.077650483999605, 40600.95719210204], [62.231570092000766, 40598.10324576045], [62.36548127499918, 40597.336414823374], [62.50702870399982, 40596.10914105515], [63.58291734999875, 40587.234987537275], [63.81435334900016, 40587.00039187867], [63.85188625799856, 40586.91561717813], [63.907629653000185, 40467.758142696955], [64.62166785299996, 40154.52187443351], [64.66221923899866, 40154.45703247415], [65.69704360399919, 40151.047000223385], [65.79947864099813, 40150.29221031977], [66.57416151299913, 40147.60193483667], [67.26180013799967, 40146.80771338288], [67.27838195799995, 40136.34295623619], [67.32347609700082, 40125.60992304525], [67.36822567700074, 40123.83416354069], [68.137815176, 40110.43203918353], [68.16884616600146, 40109.12998573478], [70.77926818600099, 40108.991925059076], [70.92428844599999, 40108.29318650727], [73.05621047599925, 40108.21872581253], [73.71844510400115, 40108.105000329975], [76.38650062200031, 40107.45401833906]]",119.98192929,119.972586513,0.999922131798886,False,75.1,1209.7421875,2,,,,,9eff653b71fb65fbf4d0,58.69863094700122,43745.31287490155,319.0,319.0,40.0,"{""interior"": 80, ""fronteira"": 80, ""liberacao"": 80, ""regret"": 79, ""abertura"": 0}","{""interior"": 6, ""fronteira"": 10, ""liberacao"": 14, ""regret"": 9, ""abertura"": 0}",0.1992284810039564,60.99272511003073,0.0,189.0,0.0,
clusters_m50_n200_r1.5_s4002,clusters,1.5,50,200,hibrido:rotacao,39772.62137145262,True,-1,1,120.0,119.982910844,0.0,39599.91325349822,38177.896084283115,gap,"[[0.37567330400270293, 56654.5364703778], [14.653881343998364, 56654.53647037786], [25.297399386003235, 56654.53647037786], [33.82937601999947, 56654.53647037786], [34.095517084002495, 51872.84525297761], [36.99394785199911, 44507.76925185671], [37.42404701399937, 44405.22777177596], [43.55176302499967, 42875.268823766244], [58.697659903002204, 42875.268823766244], [58.71399501999986, 42807.58849653276], [59.21793640599935, 42605.947060048355], [59.583516688999225, 42549.62701262972], [60.087773710001784, 42409.561260511146], [60.09611602999939, 42074.99464584608], [60.60206110100262, 41988.9358326985], [60.64654114999939, 41976.124721760774], [60.68070374700255, 41912.91275337672], [60.701742913999624, 41839.463833434376], [61.21162288100095, 41651.19608875454], [61.33645042500211, 40921.19299976397], [61.352743702002044, 40918.72964067709], [61.39745160500024, 40904.84091738526], [61.4967626760008, 40886.29154507521], [61.57362152399946, 40846.33504126452], [62.0791475440019, 40828.760668309566], [62.47849976300131, 40249.88229066644], [62.49301108700092, 40244.57907359379], [62.83011741900191, 40155.08208192845], [62.89164200700179, 40133.48690233348], [63.158664873000816, 40083.640364110346], [63.66636251100135, 40078.50714244714], [63.73918716600019, 40064.68176570568], [63.757431673999235, 40060.51397545479], [63.867835222001304, 40055.85956445558], [64.37192325300202, 40051.44081860231], [64.43457609799952, 40037.88937460094], [65.20543262000137, 40031.79574301932], [65.32431687099961, 40031.1391983592], [65.48160608100079, 40022.55286771331], [65.84842139200191, 39968.96571219335], [66.12730874599947, 39936.60914755368], [66.88565785000173, 39891.07622341976], [66.94594912100001, 39890.93024530711], [68.98071881700162, 39887.07282436296], [69.19378025300102, 39876.210583846216], [70.45660676400075, 39872.15907376993], [70.50627216400244, 39871.99210464641], [72.05742277600075, 39865.79167808886], [73.14333412899941, 39863.843660858714], [74.68914441800007, 39825.40314154013], [74.80669801600015, 39825.3231384003], [74.84979648599983, 39820.35318326302], [75.16824253400046, 39819.497342719864], [75.48258475300099, 39818.70341801081], [76.94235950599978, 39817.29732115291], [80.09422604900101, 39815.412012946734], [83.9231407260013, 39815.31679839438], [84.2903085220023, 39812.024120332586], [84.72175142199922, 39809.31783045978], [86.48434956600249, 39805.93328479113], [86.58409718000257, 39803.23065758938], [87.49981585600108, 39802.87590867081], [88.59249841900237, 39798.55739626269], [88.70503568600179, 39797.46815913189], [89.47411762900083, 39796.85189179615], [90.71113245599918, 39792.598487974086], [91.18452795700068, 39792.146428013366], [94.88865100600015, 39783.29703614413], [95.07684568699915, 39773.072043411914], [95.37435452700083, 39772.92436796881], [95.42867674599984, 39772.62137145262]]",119.982910844,119.977607538,0.9999557994887547,False,75.1,1213.28125,3,,,,,9eff653b71fb65fbf4d0,58.69749120100096,42875.268823766244,422.0,422.0,40.0,"{""interior"": 106, ""fronteira"": 106, ""liberacao"": 105, ""regret"": 105, ""abertura"": 0}","{""interior"": 11, ""fronteira"": 27, ""liberacao"": 12, ""regret"": 12, ""abertura"": 0}",0.26380202300060773,60.90439396397778,0.0,168.0,0.0,
clusters_m50_n200_r1.5_s4002,clusters,1.5,50,200,hibrido:rotacao,40029.732131796,True,-1,2,120.0,119.983835752,0.0,39599.91325349822,38177.896084283115,gap,"[[0.3774049519961409, 56654.5364703778], [14.652073368997662, 56654.53647037786], [25.293683929998224, 56654.53647037786], [33.821721237996826, 56654.53647037786], [34.0832585859971, 51872.84525297761], [36.97509116699803, 44504.83989496664], [37.40252676399905, 44405.22777177596], [43.06086991600023, 43119.29719323091], [58.69746680499884, 43119.29719323091], [59.14475273299831, 42397.21118542265], [59.30514955999752, 42361.09018958159], [59.356032121999306, 42042.800418588944], [59.364605897997535, 42027.774262087914], [59.382327035000344, 42024.359487754795], [59.426508693999494, 41825.14009797126], [59.73112054000012, 41238.10108386291], [60.747889359998226, 41226.64360946465], [61.025806489997194, 41218.050062297276], [61.13489463299993, 41189.547823212975], [61.140262646997144, 41172.96382665869], [61.66228131599928, 41156.97218619411], [62.42143621399737, 41148.10218695268], [62.93093679699814, 41145.5953561166], [63.078674172997125, 41081.80472319122], [63.582668925999315, 41048.29625887715], [63.73857546799991, 41043.425007830076], [64.80295780499728, 41029.05680084469], [67.4791676629975, 41010.7448251233], [67.55429214700052, 41006.06313452282], [70.11306557900025, 41004.37954541805], [70.5766039859991, 41002.2734146186], [70.61303237500033, 40991.13597347388], [70.65017163299854, 40990.97117779716], [70.67812338799922, 40931.86805816071], [71.2795002669991, 40926.29545990408], [72.62257970199789, 40744.09381263533], [72.7183598829979, 40739.49270695745], [73.18229749999955, 40668.4054223842], [73.3538786680001, 40106.815588958736], [74.6563314499981, 40102.3800881007], [76.67690206599946, 40046.25730140191], [78.32346647599843, 40044.714125636645], [79.26279650499782, 40033.56683490591], [80.62438129200018, 40033.34018886505], [81.55883374499899, 40032.47691101428], [82.97495245800019, 40032.02623634688], [84.11271604699868, 40029.732131796]]",119.983835752,119.979677123,0.9999653400895717,False,75.0,1213.2890625,3,,,,,9eff653b71fb65fbf4d0,58.69730233399969,43119.29719323091,386.0,386.0,47.0,"{""interior"": 97, ""fronteira"": 97, ""liberacao"": 96, ""regret"": 96, ""abertura"": 0}","{""interior"": 7, ""fronteira"": 18, ""liberacao"": 8, ""regret"": 5, ""abertura"": 0}",0.2374407119859825,60.94159152694556,0.0,224.0,0.0,
clusters_m50_n200_r1.5_s4002,clusters,1.5,50,200,hibridopl:rotacao,40107.45401833906,True,-1,0,120.0,119.959834469,0.0,39599.91325349822,38177.896084283115,gap,"[[0.2893188999987615, 56016.62733740754], [14.542408728000737, 56016.62733740752], [25.267116719001933, 56016.62733740752], [25.393422586003, 44915.28365123289], [29.079155794002872, 44547.31438992409], [29.108424804002425, 44228.25874155143], [29.18151479000153, 44172.40210078016], [33.58914310600085, 44172.40210078016], [36.70997543300109, 43745.312874901545], [58.6867862600011, 43745.31287490155], [58.70970566200049, 43686.62450097479], [58.720682120001584, 43565.82094319492], [59.09463296600006, 43110.1239645394], [60.361414341001364, 42685.802015679605], [60.393463127998984, 41954.678095520605], [60.582360303000314, 41921.19287092884], [61.08490862200051, 41355.90244756175], [61.111105010000756, 41354.04593135689], [61.14295974400011, 41346.396941201216], [61.20606298200073, 41345.36233254741], [61.26140872900214, 41326.35341859878], [61.38885152700095, 41301.64270184523], [61.46266488300171, 41294.16005232137], [62.227043154001876, 41268.634025815445], [62.26372269800049, 41255.678932548864], [62.295221398999274, 40600.95719210204], [62.448030553001445, 40598.10324576045], [62.58198530400114, 40597.336414823374], [62.72425861800002, 40596.10914105515], [63.799476467000204, 40587.234987537275], [64.02973130300234, 40587.00039187867], [64.06724298900008, 40586.91561717813], [64.12314572300238, 40467.758142696955], [64.8370943910013, 40154.52187443351], [64.87695963900114, 40154.45703247415], [65.91056512499927, 40151.047000223385], [66.01222103500186, 40150.29221031977], [66.7869506720017, 40147.60193483667], [67.47540640499938, 40146.80771338288], [67.49147056800211, 40136.34295623619], [67.53617967299942, 40125.60992304525], [67.58141278200128, 40123.83416354069], [68.351459411002, 40110.43203918353], [68.3830498440002, 40109.12998573478], [71.0051726970014, 40108.991925059076], [71.15027061100045, 40108.29318650727], [73.28178861299966, 40108.21872581253], [73.94389026700082, 40108.105000329975], [76.60769993800204, 40107.45401833906]]",119.959834469,119.951479264,0.9999303499789159,False,75.0,1209.7421875,2,,,,,9eff653b71fb65fbf4d0,58.68660864300182,43745.31287490155,317.0,317.0,110.0,"{""interior"": 80, ""fronteira"": 79, ""liberacao"": 79, ""regret"": 79, ""abertura"": 0}","{""interior"": 6, ""fronteira"": 10, ""liberacao"": 14, ""regret"": 9, ""abertura"": 0}",0.1983481810129888,60.97968696095995,0.0,187.0,0.0,
clusters_m50_n200_r1.5_s4002,clusters,1.5,50,200,hibridopl:rotacao,40696.756226343525,True,-1,1,120.0,119.98265961,0.0,39599.91325349822,38177.896084283115,gap,"[[0.2922074000016437, 56016.62733740754], [3.3484959380002692, 52483.49680327676], [14.386294453001028, 52483.49680327676], [25.487736803002917, 52483.49680327676], [25.616539984002884, 44915.28365123289], [33.60098036600175, 44915.28365123287], [36.73069660100009, 44507.76925185671], [37.153680291001365, 44405.22777177596], [43.65252314800091, 44224.1028434612], [43.654701888001, 44223.90294125939], [58.68671607699798, 44223.902941259395], [58.70229260299675, 44179.87678982043], [59.20543621399702, 42612.67327382752], [59.70817992599768, 42232.4828585442], [59.7312409139995, 41944.53858240594], [60.492594959996495, 41629.742553821234], [60.52453596099804, 41604.76422059647], [60.55343955499848, 41574.57554406794], [61.058672397997725, 41489.81546105365], [61.563623650996306, 41060.720860789675], [61.583007249999355, 41060.40651498648], [62.632396160995995, 41034.565479372744], [62.65738463299931, 40985.6452431647], [62.690322247999575, 40976.340649068356], [63.19524675199864, 40929.7822429728], [63.23916109399943, 40928.643674118364], [63.274299020999024, 40917.65143310355], [63.77701108399924, 40877.19776235462], [63.79026036099822, 40876.56511657339], [63.955434875999345, 40875.38029555819], [64.09836062599788, 40874.0522105466], [64.29905192799924, 40871.444069148114], [64.38278038699718, 40870.91432712765], [66.21173791499677, 40849.31205172319], [67.51587303899942, 40823.83228538095], [67.55459554599656, 40822.960951587884], [67.8246599769991, 40814.14223397654], [67.83111916999769, 40811.4639233388], [68.7211916899978, 40796.95289859808], [70.10043774899896, 40769.375473417604], [70.59679460599727, 40768.69258462374], [71.71114989899797, 40766.967591037006], [72.919241769996, 40766.2199825905], [75.22204759299711, 40723.30340247696], [75.2416623029967, 40718.492286674635], [75.34569883399672, 40717.32448796499], [76.72819650499878, 40714.87949746058], [77.78392146899932, 40706.53816808683], [77.8583315989963, 40703.628923780794], [79.2330700579987, 40701.495493669674], [82.87129280999943, 40701.443497147346], [82.98312312099733, 40698.50768446214], [87.4155888139976, 40697.51395402066], [88.06500833299651, 40696.97195326019], [96.24704512099925, 40696.756226343525]]",119.98265961,119.974404918,0.9999312009583149,False,75.0,1209.7421875,2,,,,,9eff653b71fb65fbf4d0,58.686556752996694,44223.902941259395,342.0,342.0,116.0,"{""interior"": 86, ""fronteira"": 86, ""liberacao"": 85, ""regret"": 85, ""abertura"": 0}","{""interior"": 9, ""fronteira"": 21, ""liberacao"": 7, ""regret"": 7, ""abertura"": 0}",0.22376699305459624,60.965612813022744,0.0,131.0,0.0,
clusters_m50_n200_r1.5_s4002,clusters,1.5,50,200,hibridopl:rotacao,39950.337576812824,True,-1,2,120.0,119.983405728,0.0,39599.91325349822,38177.896084283115,gap,"[[0.29436559899841086, 56016.62733740754], [14.389569050999853, 56016.62733740752], [25.453182249999372, 56016.62733740752], [25.582810536998295, 44915.28365123289], [29.25746033299947, 43091.834927259784], [29.268305268000404, 42950.50627634807], [33.60054423799738, 42950.50627634807], [42.773149998996814, 42055.28515739847], [58.68686417799836, 42055.28515739847], [58.76868488799664, 41914.39973717182], [59.2722919379994, 41891.281800136254], [59.568862004998664, 41791.633179394885], [59.589848998999514, 41189.77324309117], [59.60650971999712, 41172.666094219974], [59.624230090998026, 41161.307458458745], [60.12949381099679, 41110.46422045768], [60.13940936899962, 41075.6191347417], [60.897541678998095, 41022.82887610208], [60.91607465499692, 41021.84926477308], [61.95286311499876, 40927.09168432096], [62.27494805999959, 40926.0788522354], [62.28063044599912, 40918.8190739322], [62.628129532997264, 40901.36828983966], [63.13599859199894, 40898.85680514718], [63.161133901998255, 40890.450134402665], [63.170367870996415, 40886.65318149861], [63.93431115399653, 40879.46959440816], [63.95112477299699, 40877.4896588214], [63.96246318499834, 40856.419123049476], [67.64128176199665, 40853.55738310877], [67.65019650899922, 40678.06296369147], [68.70059385699642, 40651.850724443844], [68.70644779799841, 40651.06809968057], [74.91045353499794, 40650.289996334344], [75.02862503399956, 40648.81506817263], [76.8143143189991, 40641.40772382743], [78.52518877499824, 40641.05519368934], [78.94573252699774, 40640.94021839404], [79.1930852229998, 40638.22564722519], [79.77560909699969, 40585.28046387928], [81.50357104099749, 40014.52338162368], [81.5104951079993, 40013.28089079373], [90.44249171899719, 40009.706475823165], [91.73198465699897, 39989.51035790795], [93.22440622299837, 39987.76551438065], [93.23856601199805, 39984.055480012124], [98.31764985199698, 39973.3615929741], [98.76018791099705, 39972.43963465758], [99.92418621499746, 39962.87417966105], [112.56247450999945, 39959.54379219589], [114.21348238899736, 39951.17858577432], [114.25957957899664, 39950.337576812824]]",119.983405728,119.979355196,0.999966240898269,False,75.0,1211.5390625,3,,,,,9eff653b71fb65fbf4d0,58.68670418599868,42055.28515739847,210.0,210.0,110.0,"{""interior"": 53, ""fronteira"": 53, ""liberacao"": 52, ""regret"": 52, ""abertura"": 0}","{""interior"": 6, ""fronteira"": 17, ""liberacao"": 14, ""regret"": 6, ""abertura"": 0}",0.12920805700923665,61.103165089003596,0.0,26.0,0.0,
clusters_m50_n200_r1.5_s4002,clusters,1.5,50,200,kernel,41219.523961062376,True,-1,0,120.0,115.452087175,0.0,39599.91325349822,38177.896084283115,gap,"[[0.2530532229975506, 43220.3716451023], [25.60376327799895, 42515.778507977484], [27.963428038998245, 42369.96682335196], [27.96501558700038, 42325.02879387225], [27.966926082997816, 41996.77919185398], [28.89178197799629, 41996.77919185398], [81.74959306399614, 41803.348738852714], [94.65005152299636, 41219.52396106237]]",115.452087175,115.441191226,0.9999056236291035,False,75.0,1300.99609375,1,512.0,,0.6,2.0,9eff653b71fb65fbf4d0,,,,,,,,,,,,,0.06630979499823297
clusters_m50_n200_r1.5_s4003,clusters,1.5,50,200,adaptativa:gnn,37969.83861856142,True,0,0,120.0,117.370140874,0.0,37717.96107440344,35694.694714429024,gap,"[[68.41279780600235, 50958.29316105935], [72.05014446200221, 42319.83897660388], [72.27711675300088, 40979.18523625719], [73.24591967200104, 40531.21240206813], [76.36173502200108, 39992.760433938725], [76.56822538599954, 37969.83861856143]]",117.370140874,117.358650378,0.9999021003475463,False,75.0,1300.99609375,1,283.0,False,1.0,4.0,9eff653b71fb65fbf4d0,,,,,,,,,,,,,
clusters_m50_n200_r1.5_s4003,clusters,1.5,50,200,adaptativa:pl,37345.71557844929,True,-1,0,120.0,117.37059821,0.0,37717.96107440344,35694.694714429024,gap,"[[0.4297824900022533, 38917.194394283986], [3.5791064690019994, 37345.715578449315], [28.634934017998603, 37345.715578449315], [50.37107912400097, 37345.715578449315], [67.270222363004, 37345.715578449315]]",117.37059821,117.36664283,0.9999663000780407,False,75.0,1214.0859375,3,1046.0,False,1.0,4.0,9eff653b71fb65fbf4d0,,,,,,,,,,,,,
clusters_m50_n200_r1.5_s4003,clusters,1.5,50,200,completo,37784.882165523886,True,-1,0,120.0,114.013106769,0.0,37717.96107440344,35694.694714429024,gap,"[[1.2968250300000363, 50958.29316105935], [4.954145998999593, 42319.83897660388], [5.18121839199739, 40979.18523625719], [6.163136556999234, 40531.21240206813], [9.318520815999364, 39992.760433938725], [9.523735865997878, 37969.83861856143], [71.39136560199768, 37807.364018147986], [71.3966245019983, 37792.56417632232], [71.40996840799926, 37784.88216552389]]",114.013106769,114.008247005,0.9999573753918499,False,75.1,1214.0859375,3,625.0,False,1.0,1.0,9eff653b71fb65fbf4d0,,,,,,,,,,,,,
clusters_m50_n200_r1.5_s4003,clusters,1.5,50,200,hibrido:rotacao,37096.787925492026,True,-1,0,120.0,119.984836317,0.0,37717.96107440344,35694.694714429024,gap,"[[34.94207594400359, 50958.29316105935], [38.59504537600151, 42319.83897660388], [38.8191933800008, 40979.18523625719], [39.787458409002284, 40531.21240206813], [42.89597072300239, 39992.760433938725], [43.0995093140009, 37969.83861856143], [58.69653399100207, 37969.83861856142], [58.80296917900341, 37968.946252265225], [59.08393979200264, 37968.729037411074], [59.11195976700401, 37967.229610085305], [59.60768703800204, 37960.05790360284], [59.65289175100406, 37169.236978038316], [59.680197391004185, 37167.564770220575], [59.72721372500382, 37151.02026971486], [60.084170021003956, 37147.80258391194], [60.451472574000945, 37147.68766954828], [60.464454644003126, 37143.543775569], [60.96939880600257, 37124.54504021676], [62.15652138200312, 37124.43573726301], [62.854079595002986, 37106.29210351706], [62.86131793700406, 37102.33458340788], [63.7244873180025, 37101.187731952254], [65.51720493800167, 37100.98693840031], [66.03985105500396, 37100.983751253276], [71.44374611300373, 37096.787925492026]]",119.984836317,119.980882179,0.9999670446856338,False,75.0,1214.0859375,3,,,,,9eff653b71fb65fbf4d0,58.69637671700184,37969.83861856142,362.0,362.0,71.0,"{""interior"": 91, ""fronteira"": 91, ""liberacao"": 90, ""regret"": 90, ""abertura"": 0}","{""interior"": 3, ""fronteira"": 7, ""liberacao"": 4, ""regret"": 4, ""abertura"": 0}",0.21662819497214514,60.97004645799461,0.0,249.0,0.0,
clusters_m50_n200_r1.5_s4003,clusters,1.5,50,200,hibrido:rotacao,36986.17753969954,True,-1,1,120.0,119.982717657,0.0,37717.96107440344,35694.694714429024,gap,"[[34.93491572899802, 50958.29316105935], [38.58604842099885, 42319.83897660388], [38.809966155997245, 40975.798484614126], [39.78123823199712, 40531.21240206813], [43.20227140299903, 39009.32792955292], [43.41911309299758, 37968.29110448688], [58.696983985999395, 37968.29110448686], [58.85691979699914, 37948.89498438149], [59.290376465996815, 37945.677298578565], [59.37065132999851, 37944.35656788464], [59.395690964000096, 37944.24755634354], [60.270671466998465, 37817.09488161798], [60.35190190599678, 37807.93086555841], [61.885918100997515, 37030.061670339695], [61.90610922199994, 37029.15930363161], [61.95188027999757, 37023.760935993174], [62.034850365998864, 37023.162801666505], [62.19561500499913, 37023.16219559602], [62.46920728499754, 37017.9697962605], [64.00758180499906, 37016.91534735591], [65.17836498199904, 37016.16421880925], [66.57035996999912, 37016.10051782634], [68.8818566029986, 37006.662515408156], [78.279457138, 36988.476448425936], [86.78933213399796, 36988.24754185727], [86.91598158600027, 36987.78392722003], [88.10272717399857, 36986.17753969954]]",119.982717657,119.975115703,0.9999366412584375,False,75.0,1209.7421875,2,,,,,9eff653b71fb65fbf4d0,58.69682605900016,37968.29110448686,425.0,425.0,88.0,"{""interior"": 107, ""fronteira"": 106, ""liberacao"": 106, ""regret"": 106, ""abertura"": 0}","{""interior"": 4, ""fronteira"": 8, ""liberacao"": 5, ""regret"": 3, ""abertura"": 0}",0.2627286749484483,60.89913828501085,0.0,263.0,0.0,
clusters_m50_n200_r1.5_s4003,clusters,1.5,50,200,hibrido:rotacao,36974.910773195705,True,-1,2,120.0,119.95432217,0.0,37717.96107440344,35694.694714429024,gap,"[[34.96783407800103, 50958.29316105935], [38.61718846500298, 42319.83897660388], [38.84168375000081, 40975.798484614126], [39.80940535600166, 40531.21240206813], [43.45622187800109, 37971.34719853534], [58.69847274900167, 37971.3471985353], [59.485537543001556, 37921.353154542085], [59.609947142002056, 37152.44055979075], [59.74892848700256, 37133.69965647303], [59.76606775400069, 37116.45463985906], [59.923507233001146, 37115.558184245325], [61.14632443800292, 37001.168177158375], [61.17935312700138, 37000.88623696224], [61.681913551001344, 36993.920005292544], [61.74293386300269, 36992.29409173932], [62.380837026001245, 36992.26167228588], [62.516100541000924, 36990.69658796696], [64.9339959200006, 36990.371758840825], [65.10695914700045, 36990.22674788857], [70.85902535900095, 36983.87115608146], [73.56645795800068, 36976.61203754666], [74.25582764900173, 36976.05367709569], [79.76517837500069, 36975.99809979206], [80.0496615330012, 36975.57382471187], [85.32262259300114, 36974.96976782892], [90.0758676430014, 36974.910773195705]]",119.95432217,119.945761541,0.9999286342597321,False,75.1,1209.7421875,2,,,,,9eff653b71fb65fbf4d0,58.698308192000695,37971.3471985353,369.0,369.0,72.0,"{""interior"": 93, ""fronteira"": 92, ""liberacao"": 92, ""regret"": 92, ""abertura"": 0}","{""interior"": 2, ""fronteira"": 9, ""liberacao"": 6, ""regret"": 3, ""abertura"": 0}",0.22776800197243574,60.918852181006514,0.0,191.0,0.0,
clusters_m50_n200_r1.5_s4003,clusters,1.5,50,200,hibridopl:rotacao,37272.53667501986,True,-1,0,120.0,119.982625818,0.0,37717.96107440344,35694.694714429024,gap,"[[0.21480529899781686, 38917.194394283986], [3.3325653039973986, 37345.715578449315], [14.53680674899806, 37345.715578449315], [25.261109873998066, 37345.715578449315], [33.78102125199803, 37345.715578449315], [58.697102270998585, 37345.71557844929], [58.925931497997226, 37345.69958952114], [59.35863814299955, 37335.90685646925], [59.55554449099873, 37335.86935009498], [59.57147291799993, 37330.379318711945], [60.0090176800004, 37314.208007235145], [60.250895310997294, 37313.78373215496], [60.29280369799744, 37308.775137276774], [60.634392644999025, 37306.324474371046], [61.06995105600072, 37299.81048465395], [61.799656260998745, 37293.04545176444], [64.15674350299741, 37282.95036015939], [65.80794790599975, 37277.75513498419], [70.03598171599879, 37275.07069509783], [71.04218854699866, 37272.53667501986]]",119.982625818,119.969169862,0.9998878507958276,False,75.1,1300.99609375,1,,,,,9eff653b71fb65fbf4d0,58.69694535599774,37345.71557844929,650.0,650.0,129.0,"{""interior"": 163, ""fronteira"": 163, ""liberacao"": 162, ""regret"": 162, ""abertura"": 0}","{""interior"": 3, ""fronteira"": 7, ""liberacao"": 3, ""regret"": 1, ""abertura"": 0}",0.40292654698714614,60.6995193489347,0.0,540.0,0.0,
clusters_m50_n200_r1.5_s4003,clusters,1.5,50,200,hibridopl:rotacao,36784.577759135806,True,-1,1,120.0,119.983126555,0.0,37717.96107440344,35694.694714429024,gap,"[[0.21611451899661915, 38917.194394283986], [3.32147692399667, 37354.77488050467], [14.370595947995753, 37354.77488050467], [23.882129388995963, 37034.23654830009], [25.435763152996515, 37034.23654830012], [33.5915111409995, 37034.23654830012], [58.68622128699644, 37034.23654830009], [58.755423543996585, 37018.601567444886], [59.25801208799385, 36931.34546171206], [59.52655018799487, 36907.3323315552], [59.5434230979954, 36904.56666376912], [59.95643552799447, 36865.38913535474], [60.00922819499465, 36865.07393538863], [60.031176202995994, 36859.52622912489], [60.11842338399583, 36850.02244721301], [60.160996709993924, 36845.117983302145], [60.181264717994054, 36844.8783083497], [60.927547950996086, 36810.91709248029], [60.96055421599522, 36800.057065127745], [61.21344312399742, 36796.79290639645], [61.820037692996266, 36795.80939288903], [62.23624154499703, 36795.70265052267], [62.726590447997296, 36792.98009192421], [62.82908800599398, 36790.425379752385], [68.96433952599546, 36786.68223223441], [73.80213194899625, 36784.73581551255], [81.4573778779959, 36784.577759135806]]",119.983126555,119.975786108,0.9999388210058301,False,75.0,1209.7421875,2,,,,,9eff653b71fb65fbf4d0,58.68606801099668,37034.23654830009,418.0,418.0,154.0,"{""interior"": 105, ""fronteira"": 105, ""liberacao"": 104, ""regret"": 104, ""abertura"": 0}","{""interior"": 3, ""fronteira"": 8, ""liberacao"": 8, ""regret"": 1, ""abertura"": 0}",0.24916118500186712,60.93013550292744,0.0,271.0,0.0,
clusters_m50_n200_r1.5_s4003,clusters,1.5,50,200,hibridopl:rotacao,37256.59800159294,True,-1,2,120.0,119.983434814,0.0,37717.96107440344,35694.694714429024,gap,"[[0.21063260400114814, 38917.194394283986], [1.7795591030007927, 38317.177020295814], [3.243853816999035, 37342.209706932335], [14.372063441001956, 37342.209706932335], [25.246822688000975, 37342.209706932335], [33.82844306399784, 37342.209706932335], [58.698603627999546, 37342.20970693231], [59.480401678996714, 37315.25233910492], [59.493377348997456, 37309.76230772189], [59.63368198899843, 37274.767321405125], [60.07419963799839, 37274.34304632494], [60.35507169399716, 37263.295363471385], [60.39308145099858, 37263.18044910772], [60.70121609599664, 37263.015356969394], [60.86634931499793, 37260.481336891426], [60.96275637599683, 37260.46534796327], [62.08646766699894, 37260.34077897181], [62.3384431409977, 37260.24813310912], [66.96177139099746, 37256.79879514488], [68.93767375799871, 37256.59800159294]]",119.983434814,119.971389024,0.9998996045577568,False,75.0,1300.99609375,1,,,,,9eff653b71fb65fbf4d0,58.69843785499688,37342.20970693231,666.0,666.0,179.0,"{""interior"": 167, ""fronteira"": 167, ""liberacao"": 166, ""regret"": 166, ""abertura"": 0}","{""interior"": 1, ""fronteira"": 6, ""liberacao"": 6, ""regret"": 0, ""abertura"": 0}",0.3972320079810743,60.7129212119944,0.0,543.0,0.0,
clusters_m50_n200_r1.5_s4003,clusters,1.5,50,200,kernel,37469.810709621685,True,-1,0,120.0,117.607813939,0.0,37717.96107440344,35694.694714429024,gap,"[[0.2181091539969202, 40485.93353574431], [1.1954518009988533, 39830.89602018703], [1.5232287529979658, 39622.09407410602], [2.8404503609963285, 37996.04645886887], [10.9922299869977, 37469.81070962168], [28.9299607009998, 37469.81070962168], [72.08792136000193, 37469.81070962168]]",117.607813939,117.595650252,0.9998965741595511,False,75.1,1300.99609375,1,1185.0,,0.48,3.0,9eff653b71fb65fbf4d0,,,,,,,,,,,,,0.06383178699979908
clusters_m50_n200_r3.0_s4000,clusters,3.0,50,200,adaptativa:gnn,23890.263002773772,True,0,0,120.0,117.364477842,0.0,26038.135176665528,23541.27455599916,gap,"[[0.24310037999748602, 32782.55842736303], [0.5138194719984313, 29881.71141852847], [0.760827275000338, 28541.112109512662], [2.037872893997701, 26896.77227019723], [3.327893865000078, 25378.273607456525], [11.78449845099749, 25342.940974881614], [11.785165302997484, 25342.254897823404], [11.802671498000564, 25339.295646623363], [17.19012043999828, 25014.874632657833], [22.182450402997347, 25013.23465777276], [28.96869697800139, 25013.23465777276], [31.48393321000185, 23921.960274485573], [33.42526095500216, 23904.130141468828], [43.82742461000089, 23899.978509786037], [43.88379787099984, 23897.06999229783], [49.34779354500279, 23890.263002773783], [50.42866175399831, 23890.263002773783], [67.18799208099881, 23890.263002773783]]",117.364477842,117.354053656,0.999911181081434,False,75.0,1206.36328125,2,2468.0,False,1.0,4.0,9eff653b71fb65fbf4d0,,,,,,,,,,,,,
clusters_m50_n200_r3.0_s4000,clusters,3.0,50,200,adaptativa:pl,23889.668454632698,True,-1,0,120.0,117.356531109,0.0,26038.135176665528,23541.27455599916,gap,"[[0.23208898500161013, 32900.524792400116], [0.4799105010024505, 31572.45456953586], [0.5488513820018852, 31522.153797231844], [0.6339718900017033, 30312.806919384002], [0.7748813270009123, 30119.860149991837], [1.7579599680029787, 27784.954390948486], [1.9102058250027767, 23909.59492693154], [15.57084678800311, 23899.412217007542], [17.785833770001773, 23896.24447314198], [19.04686932000186, 23889.66845463271], [24.451770644001954, 23889.668454632694], [25.571475755001302, 23889.668454632698], [26.723152479004057, 23889.668454632698], [26.988128834003874, 23889.668454632698], [28.311055156002112, 23889.668454632705], [28.82448916299836, 23889.66845463271], [50.410498134999216, 23889.66845463271], [67.01324209900122, 23889.66845463271]]",117.356531109,117.345649587,0.999907278087575,False,75.0,1148.88671875,1,125.0,False,1.0,4.0,9eff653b71fb65fbf4d0,,,,,,,,,,,,,
clusters_m50_n200_r3.0_s4000,clusters,3.0,50,200,completo,23934.728179436384,True,-1,0,120.0,114.019802619,0.0,26038.135176665528,23541.27455599916,gap,"[[0.5095241119997809, 62473.61146031486], [3.953607278999698, 32867.21648830651], [11.97846281999955, 29634.868358856686], [12.127652399998624, 26038.13517666554], [57.211317223998776, 25249.56908385281], [64.13224906100004, 25118.5821029075], [83.8119799619999, 24061.99813794406], [88.5626478669983, 23934.728179436384]]",114.019802619,114.015391529,0.9999613129482889,False,75.0,1004.6640625,3,355.0,False,1.0,1.0,9eff653b71fb65fbf4d0,,,,,,,,,,,,,
clusters_m50_n200_r3.0_s4000,clusters,3.0,50,200,hibrido:rotacao,23888.902734487958,True,-1,0,120.0,119.983290631,0.0,26038.135176665528,23541.27455599916,gap,"[[0.24736890799977118, 32782.55842736303], [0.5146960829988529, 29881.71141852847], [0.7626552250003442, 28541.112109512662], [2.0331228760005615, 26896.77227019723], [3.322246895997523, 25378.273607456525], [11.81838527599757, 25342.940974881614], [11.819028955000249, 25342.254897823404], [11.836565727000561, 25339.295646623363], [14.584700199000508, 25339.295646623363], [17.164965044001292, 23922.484686839118], [19.165250829999422, 23904.130141468828], [25.310626750000665, 23904.130141468828], [33.78263474800406, 23904.130141468828], [58.69586305499979, 23904.130141468813], [59.792411131002154, 23903.07456482885], [59.81144193500222, 23902.833834459856], [59.82434492500033, 23901.65234076777], [60.13791456800027, 23898.552824842373], [60.16954640499898, 23897.397999933357], [60.39325453499987, 23896.509734731517], [62.30101954800193, 23891.683089272337], [63.42627348099995, 23891.44235890334], [64.07029141000021, 23891.08854113126], [77.4490414009997, 23890.58641823478], [77.76487108999936, 23888.902734487958]]",119.983290631,119.971152699,0.9998988364801785,False,75.0,1148.890625,1,,,,,9eff653b71fb65fbf4d0,58.69569988500007,23904.130141468813,403.0,403.0,265.0,"{""interior"": 101, ""fronteira"": 101, ""liberacao"": 101, ""regret"": 100, ""abertura"": 0}","{""interior"": 2, ""fronteira"": 2, ""liberacao"": 5, ""regret"": 2, ""abertura"": 0}",0.35325577903495287,60.83764558895564,0.0,211.0,0.0,
clusters_m50_n200_r3.0_s4000,clusters,3.0,50,200,hibrido:rotacao,23888.902734487958,True,-1,1,120.0,119.984876253,0.0,26038.135176665528,23541.27455599916,gap,"[[0.24416202200154657, 32782.55842736303], [0.5130329320018063, 29881.71141852847], [0.7585365800041473, 28541.112109512662], [1.9947128930034523, 26896.77227019723], [5.461382723002316, 25425.61913991669], [7.546664201003296, 25410.61047678007], [14.423374122005043, 25410.61047678007], [16.99496229900251, 23916.56948442053], [18.872656864004966, 23901.55819252016], [25.519936754004448, 23901.55819252016], [33.625067091001256, 23901.55819252016], [58.68708086699917, 23901.558192520148], [59.357309818999056, 23900.214211156606], [60.94878241499828, 23899.860393384526], [73.92472229299892, 23898.678899692444], [75.64403318699988, 23896.257512381148], [77.93441311800052, 23889.404857384434], [82.49518694799917, 23888.902734487958]]",119.984876253,119.979194485,0.9999526459652464,False,75.0,1065.9453125,3,,,,,9eff653b71fb65fbf4d0,58.68692661800014,23901.558192520148,415.0,415.0,313.0,"{""interior"": 104, ""fronteira"": 104, ""liberacao"": 104, ""regret"": 103, ""abertura"": 0}","{""interior"": 0, ""fronteira"": 1, ""liberacao"": 3, ""regret"": 2, ""abertura"": 0}",0.35453014995800913,60.84507551394563,0.0,215.0,0.0,
clusters_m50_n200_r3.0_s4000,clusters,3.0,50,200,hibrido:rotacao,23888.902734487958,True,-1,2,120.0,119.983998307,0.0,26038.135176665528,23541.27455599916,gap,"[[0.2503653130006569, 32782.55842736303], [0.5202745599999616, 29881.71141852847], [0.7698913940002967, 28541.112109512662], [1.9936048109993862, 26896.77227019723], [6.292451126999367, 26208.33213348559], [6.297274620999815, 25847.83875691271], [6.332462530001067, 25824.20800476079], [13.987513318999845, 25476.124396362582], [14.428006981997896, 25476.124396362582], [17.056047340996884, 23914.123813117963], [18.687022210997384, 23904.20491004205], [19.365055296999344, 23902.215442438333], [25.306107318003342, 23902.215442438333], [32.65068620000238, 23900.672155540706], [33.825183676999586, 23900.672155540706], [58.69729148500119, 23900.672155540688], [58.73097770700042, 23899.917280127713], [58.95924431599997, 23890.643237819702], [59.667094895001355, 23889.404857384434], [63.24434676199962, 23888.902734487958]]",119.983998307,119.979234977,0.9999603002894785,False,75.0,1004.6640625,3,,,,,9eff653b71fb65fbf4d0,58.69713856399903,23900.672155540688,375.0,375.0,329.0,"{""interior"": 94, ""fronteira"": 94, ""liberacao"": 94, ""regret"": 93, ""abertura"": 0}","{""interior"": 1, ""fronteira"": 1, ""liberacao"": 2, ""regret"": 0, ""abertura"": 0}",0.32986594797330326,60.86224678001963,0.0,236.0,0.0,
clusters_m50_n200_r3.0_s4000,clusters,3.0,50,200,hibridopl:rotacao,23888.902734487958,True,-1,0,120.0,119.982046053,0.0,26038.135176665528,23541.27455599916,gap,"[[0.22866202000295743, 32900.524792400116], [0.4769136610048008, 31572.45456953586], [0.5450415670056827, 31522.153797231844], [0.6315008520032279, 30312.806919384002], [0.772956905002502, 30119.860149991837], [1.7512558970047394, 27784.954390948486], [1.9029752590031421, 23909.59492693154], [14.435419876004744, 23909.59492693154], [25.284434804005286, 23909.59492693154], [33.83192113100449, 23909.59492693154], [58.69737993799936, 23909.594926931524], [59.672594694999134, 23900.214211156606], [59.68444918900059, 23899.032717464524], [60.20218832699902, 23898.597273976666], [60.2269182050004, 23894.826050984688], [62.772949874000915, 23889.99940552551], [63.892774530999304, 23889.758675156514], [64.6860465719983, 23889.404857384434], [78.006542015999, 23888.902734487958]]",119.982046053,119.972029936,0.9999165198683512,False,75.0,1209.2578125,2,,,,,9eff653b71fb65fbf4d0,58.69716936600162,23909.594926931524,398.0,398.0,161.0,"{""interior"": 100, ""fronteira"": 100, ""liberacao"": 99, ""regret"": 99, ""abertura"": 0}","{""interior"": 2, ""fronteira"": 1, ""liberacao"": 4, ""regret"": 1, ""abertura"": 0}",0.34435300499171717,60.84555761696174,0.0,214.0,0.0,
clusters_m50_n200_r3.0_s4000,clusters,3.0,50,200,hibridopl:rotacao,23888.902734487958,True,-1,1,120.0,119.98471367,0.0,26038.135176665528,23541.27455599916,gap,"[[0.23286236700005247, 32900.524792400116], [0.48102889100118773, 31572.45456953586], [0.5492911350011127, 31522.153797231844], [0.633635904003313, 30312.806919384002], [0.7749560950032901, 30119.860149991837], [1.7833225250033138, 28761.574038525156], [1.9546210560001782, 23909.59492693154], [13.44952191199991, 23902.621872940486], [13.449961188001907, 23899.9164478649], [13.451639743001579, 23898.595651530097], [14.589433331999317, 23898.595651530097], [25.295699308997428, 23898.595651530097], [33.792245762000675, 23898.595651530097], [58.697718988001725, 23898.595651530086], [59.59053839899934, 23889.75705270993], [60.775463567999395, 23888.902734487958]]",119.98471367,119.974507651,0.9999149390060799,False,75.0,1209.2578125,2,,,,,9eff653b71fb65fbf4d0,58.69756689600035,23898.595651530086,419.0,419.0,255.0,"{""interior"": 105, ""fronteira"": 105, ""liberacao"": 105, ""regret"": 104, ""abertura"": 0}","{""interior"": 0, ""fronteira"": 0, ""liberacao"": 2, ""regret"": 0, ""abertura"": 0}",0.37008428101762547,60.815567583947995,0.0,274.0,0.0,
clusters_m50_n200_r3.0_s4000,clusters,3.0,50,200,hibridopl:rotacao,23888.902734487958,True,-1,2,120.0,119.983708306,0.0,26038.135176665528,23541.27455599916,gap,"[[0.4321158210004796, 32900.524792400116], [0.67976711600204, 31572.45456953586], [0.7489671310031554, 31522.153797231844], [0.8355411140000797, 30312.806919384002], [0.9776922140008537, 30101.415673480027], [1.9860998490003112, 28540.155643240614], [2.2159407180006383, 23916.78067312432], [10.48767693300033, 23903.220428213448], [14.446572050001123, 23903.220428213448], [25.29138219900051, 23903.220428213448], [33.80344857700402, 23903.220428213448], [58.69675913500032, 23903.220428213433], [58.71923173899995, 23898.91149834847], [59.19307511300212, 23898.88689601305], [59.783184675001394, 23894.0582240492], [59.79343413300012, 23892.073051096297], [60.0937690589999, 23890.92025269195], [60.517178647001856, 23890.263002773772], [61.35113900100259, 23889.497282629032], [62.5051011430005, 23888.902734487958]]",119.983708306,119.972340056,0.9999052517199167,False,75.0,1148.890625,1,,,,,9eff653b71fb65fbf4d0,58.69659968800261,23903.220428213433,387.0,387.0,405.0,"{""interior"": 97, ""fronteira"": 97, ""liberacao"": 97, ""regret"": 96, ""abertura"": 0}","{""interior"": 1, ""fronteira"": 1, ""liberacao"": 4, ""regret"": 2, ""abertura"": 0}",0.3387603930023033,60.852796564042364,0.0,237.0,0.0,
clusters_m50_n200_r3.0_s4000,clusters,3.0,50,200,kernel,23889.668454632698,True,-1,0,120.0,118.366983836,0.0,26038.135176665528,23541.27455599916,gap,"[[0.23309308299940312, 32900.524792400116], [0.4811854139989009, 31572.45456953586], [0.5496203199982119, 31522.153797231844], [0.6345329489995493, 30312.806919384002], [0.7755897079987335, 30119.860149991837], [1.7604645589963184, 27784.954390948486], [1.9117519239989633, 23909.59492693154], [15.571258053998463, 23899.412217007542], [17.788959226996667, 23896.24447314198], [19.04757928699837, 23889.66845463271], [24.46940364299735, 23889.668454632694], [25.592479597999045, 23889.668454632698], [26.75017721399854, 23889.668454632698], [27.015642553997168, 23889.668454632698], [28.335294735996285, 23889.668454632705], [28.83238222199725, 23889.66845463271], [57.64540395099539, 23889.66845463271], [87.28081953999572, 23889.66845463271]]",118.366983836,118.362075089,0.9999585294239921,False,75.0,1068.0859375,3,1456.0,,0.3,4.0,9eff653b71fb65fbf4d0,,,,,,,,,,,,,0.1409631709975656
clusters_m50_n200_r3.0_s4001,clusters,3.0,50,200,adaptativa:gnn,27860.663539271278,True,0,0,120.0,117.368634527,0.0,28723.6921572716,26490.79101566503,gap,"[[0.3699082730017835, 36984.238399897564], [0.909093431000656, 32764.64006562507], [1.0437665820027178, 32746.429603715253], [1.0874910160018771, 32734.80747463261], [1.359955900003115, 32716.456967721348], [2.038425784001447, 29638.876119210916], [6.135692949999793, 28576.21139442742], [10.09708108900304, 28221.181412280454], [17.06587023800239, 27918.622140332227], [25.22000684300292, 27913.933211383068], [28.680025369998475, 27913.933211383068], [41.743810789001145, 27876.519677067747], [50.40621515699968, 27876.519677067747], [53.84165267500066, 27860.66353927128], [67.24743246300204, 27860.66353927128]]",117.368634527,117.364735705,0.9999667813976391,False,75.0,1211.51953125,3,802.0,False,1.0,4.0,9eff653b71fb65fbf4d0,,,,,,,,,,,,,
clusters_m50_n200_r3.0_s4001,clusters,3.0,50,200,adaptativa:pl,27521.945192810566,True,-1,0,120.0,116.964828824,0.0,28723.6921572716,26490.79101566503,gap,"[[0.20524838799610734, 29776.1522067485], [0.3548822669981746, 29727.601106413356], [0.4000888659975317, 27927.29271465255], [0.42603466599757667, 27843.115385827437], [0.743089235998923, 27791.352901707414], [1.49945309299801, 27668.148728481574], [5.72701647699796, 27626.330660613276], [6.000730763997126, 27619.828468163323], [6.89394546299809, 27612.223359734344], [6.894907053996576, 27600.182045753656], [7.050526644998172, 27569.370544242563], [7.4815122979962325, 27557.818218843026], [7.948374034996959, 27527.502090509908], [10.223989083995548, 27523.26756463681], [13.118279935995815, 27522.5093571594], [14.058395028998348, 27522.29566961313], [14.16853402599736, 27522.202666487763], [14.567494404996978, 27521.945192810563], [15.332944744997803, 27521.945192810585], [40.1176055429969, 27521.945192810585], [59.16842183999688, 27521.945192810585]]",116.964828824,116.955002197,0.9999159864798778,False,75.0,1209.34375,2,1392.0,False,1.0,4.0,9eff653b71fb65fbf4d0,,,,,,,,,,,,,
clusters_m50_n200_r3.0_s4001,clusters,3.0,50,200,completo,27266.929419376225,True,-1,0,120.0,114.015781061,0.0,28723.6921572716,26490.79101566503,gap,"[[0.3949107240005105, 61148.85930998677], [3.943725455999811, 31955.535398613276], [10.412165822999668, 31486.764200036396], [10.652439108998806, 30932.993462972892], [56.958792400000675, 30455.222714453488], [56.960691591000796, 30454.102227034262], [56.962266037997324, 30448.31900851466], [64.38009512699864, 29951.078047130777], [68.34273766299884, 27982.72895840894], [96.07189073299742, 27266.929419376247]]",114.015781061,114.008539751,0.9999364885287579,False,75.0,1209.34375,2,378.0,False,1.0,1.0,9eff653b71fb65fbf4d0,,,,,,,,,,,,,
clusters_m50_n200_r3.0_s4001,clusters,3.0,50,200,hibrido:rotacao,27423.723487441603,True,-1,0,120.0,119.986002117,0.0,28723.6921572716,26490.79101566503,gap,"[[0.3735504709984525, 36984.238399897564], [0.9049213689977478, 32764.64006562507], [1.0398440019962436, 32746.429603715253], [1.0831518999984837, 32734.80747463261], [1.3561693179981376, 32716.456967721348], [2.0317093359990395, 29638.876119210916], [6.112187496997649, 28576.21139442742], [10.057031709999137, 28221.181412280454], [14.433210694998706, 28221.181412280454], [16.853535972997634, 27802.01195398514], [16.8600727799967, 27776.67478505066], [16.863382352999906, 27776.470571587124], [25.29090381700007, 27776.470571587124], [33.815220231997955, 27776.470571587124], [45.222122709998075, 27716.997459123413], [45.22682177100069, 27680.73306711988], [45.236561621000874, 27630.72139446701], [58.697214232997794, 27630.721394467004], [58.71520958999827, 27620.66768211325], [58.72469926999838, 27618.52434637304], [58.80968232399755, 27569.220694241507], [58.82169785299993, 27540.45732166642], [58.832863850999274, 27508.23720310694], [58.92933955699846, 27499.609259319695], [58.93927688199983, 27474.70366889271], [59.47526626299805, 27473.945461415275], [59.501685213999735, 27471.692904489897], [59.5240451919999, 27463.973549353217], [59.606038873000216, 27445.471715623837], [59.631347588998324, 27444.379735005572], [60.32407800600049, 27435.02497245065], [60.49662106899996, 27435.000129240572], [61.268043558997306, 27434.632811987776], [61.77132805599831, 27431.371287550122], [61.90150144299696, 27428.52973433458], [63.179456492998725, 27423.723487441603]]",119.986002117,119.973377297,0.9998947808929605,False,75.1,1300.99609375,1,,,,,9eff653b71fb65fbf4d0,58.69706740499896,27630.721394467004,342.0,342.0,212.0,"{""interior"": 86, ""fronteira"": 86, ""liberacao"": 85, ""regret"": 85, ""abertura"": 0}","{""interior"": 4, ""fronteira"": 6, ""liberacao"": 5, ""regret"": 3, ""abertura"": 0}",0.2694839290015807,60.93108947498331,0.0,215.0,0.0,
clusters_m50_n200_r3.0_s4001,clusters,3.0,50,200,hibrido:rotacao,27943.36346892217,True,-1,1,120.0,119.952627788,0.0,28723.6921572716,26490.79101566503,gap,"[[0.4542524910029897, 36984.238399897564], [0.9898480610027036, 32764.64006562507], [1.1255213340045884, 32746.429603715253], [1.1687448960037727, 32734.80747463261], [1.442000145001657, 32716.456967721348], [2.141623260002234, 30260.36825096558], [8.140267309001501, 28909.286863055342], [11.214663174003363, 28591.26579165993], [14.436767842002155, 28591.26579165993], [25.291686660002597, 28591.26579165993], [33.81414847800261, 28591.26579165993], [44.07679198900223, 28411.533759767528], [58.69813575199805, 28411.53375976751], [59.76180304100126, 28293.41657555526], [59.865365457000735, 28058.20201438576], [60.08316955600094, 28049.605967593146], [60.193245933998696, 28038.18979938396], [60.89912888099934, 28026.7011724818], [61.30739736399846, 28006.27540322484], [61.44338198100013, 28006.11114806428], [61.46019026199792, 28002.760863575382], [62.067547216000094, 27974.489734013117], [62.28743143999964, 27973.269478822076], [62.317860652998206, 27972.150426947308], [62.387418080001225, 27964.760255082063], [63.22806986900105, 27959.600050989844], [63.76025826000114, 27943.36346892217]]",119.952627788,119.94243569,0.9999150323074372,False,75.1,1209.34375,2,,,,,9eff653b71fb65fbf4d0,58.69798113900106,28411.53375976751,1486.0,1486.0,234.0,"{""interior"": 372, ""fronteira"": 372, ""liberacao"": 371, ""regret"": 371, ""abertura"": 0}","{""interior"": 3, ""fronteira"": 5, ""liberacao"": 4, ""regret"": 2, ""abertura"": 0}",1.2313456171432335,59.68301893299213,0.0,1185.0,0.0,
clusters_m50_n200_r3.0_s4001,clusters,3.0,50,200,hibrido:rotacao,27912.86700646522,True,-1,2,120.0,119.970761842,0.0,28723.6921572716,26490.79101566503,gap,"[[0.23899722299756831, 36984.238399897564], [0.7731388349966437, 32764.64006562507], [0.9081846719964233, 32746.429603715253], [0.9511060829972848, 32734.80747463261], [1.2238974529973348, 32716.456967721348], [1.9017154509965621, 29575.296166977743], [12.205746130995976, 28677.455252773976], [14.42147887199826, 28677.455252774], [25.50142710399814, 28677.455252774], [33.6212236609972, 28677.455252774], [58.68836733899661, 28677.45525277398], [58.77817521399629, 28540.242455469066], [59.28302497799814, 28139.27648576315], [59.467291108998324, 28086.905101641158], [59.984981118996075, 28085.452690275786], [60.03991035099898, 28074.22445417025], [60.08215923699754, 28066.503636832655], [60.12670284399792, 28053.993953426572], [60.686445356997865, 28051.311237017733], [61.36580047199823, 28039.77630333016], [61.40704777899737, 28035.747416347927], [61.68160790699767, 28029.311338781758], [62.18446431699704, 27964.168499322877], [62.37942104299873, 27963.79979140414], [62.882715259998804, 27961.706202534646], [63.501834482998675, 27952.446187097183], [63.86389358099768, 27951.28890882235], [64.37925994499892, 27923.931616746537], [65.33548755799711, 27923.77799543471], [65.66692240699922, 27923.412224124004], [65.7945987139974, 27922.06823867101], [65.8396570019977, 27921.251335757697], [67.79705280899725, 27913.389467918016], [74.68717609699888, 27912.86700646522]]",119.970761842,119.965764189,0.9999583427418208,False,75.1,1211.51953125,3,,,,,9eff653b71fb65fbf4d0,58.68817456599936,28677.45525277398,626.0,626.0,276.0,"{""interior"": 157, ""fronteira"": 157, ""liberacao"": 156, ""regret"": 156, ""abertura"": 0}","{""interior"": 1, ""fronteira"": 12, ""liberacao"": 9, ""regret"": 1, ""abertura"": 0}",0.4831651019558194,60.64512168106012,0.0,414.0,0.0,
clusters_m50_n200_r3.0_s4001,clusters,3.0,50,200,hibridopl:rotacao,27263.94107772984,True,-1,0,120.0,119.98365021,0.0,28723.6921572716,26490.79101566503,gap,"[[0.20570012199459597, 29776.1522067485], [0.35638439699687297, 29727.601106413356], [0.4020107649957936, 27927.29271465255], [0.4281909019955492, 27843.115385827437], [0.7479655369970715, 27791.352901707414], [1.5104107469960582, 27668.148728481574], [5.768910991995654, 27626.330660613276], [6.044833378993644, 27619.828468163323], [6.945042100996943, 27612.223359734344], [6.946007325994287, 27600.182045753656], [7.102700154995546, 27569.370544242563], [7.5364411039954575, 27557.818218843026], [8.005795605993626, 27527.502090509908], [10.293924758996582, 27523.26756463681], [13.219315493995964, 27522.5093571594], [14.176099445994623, 27522.29566961313], [14.288735557995096, 27522.202666487763], [14.579721385995072, 27522.202666487785], [25.292978743997082, 27522.202666487785], [33.61207992799609, 27522.202666487785], [58.68718863399772, 27522.202666487767], [59.64106571799857, 27521.945192810566], [61.93170572300005, 27513.90060931243], [64.80638499199995, 27497.33425110917], [68.07930366599976, 27346.214318100814], [68.1550327019977, 27330.095300785295], [68.20927650399972, 27301.81228067039], [70.8937249619994, 27286.526387943963], [71.0113868499975, 27284.323001958226], [71.06986697499815, 27274.238118057994], [71.32178279999789, 27271.96962181856], [72.22755730499921, 27264.373709734886], [75.20334785699742, 27263.94107772984]]",119.98365021,119.97960132,0.9999662546522554,False,75.0,1211.51953125,3,,,,,9eff653b71fb65fbf4d0,58.68704149999758,27522.202666487767,391.0,391.0,774.0,"{""interior"": 98, ""fronteira"": 98, ""liberacao"": 98, ""regret"": 97, ""abertura"": 0}","{""interior"": 2, ""fronteira"": 5, ""liberacao"": 5, ""regret"": 0, ""abertura"": 0}",0.3271675330470316,60.86319321696283,0.0,244.0,0.0,
clusters_m50_n200_r3.0_s4001,clusters,3.0,50,200,hibridopl:rotacao,27252.36678579605,True,-1,1,120.0,119.984979328,0.0,28723.6921572716,26490.79101566503,gap,"[[0.20624701499764342, 29776.1522067485], [0.35621295599776204, 29727.60110641336], [0.4012822589975258, 27957.44393509454], [0.4270448919960472, 27843.115385827437], [0.7108731589978561, 27825.37193869478], [0.7454481519962428, 27791.352901707418], [1.442751918995782, 27668.433473611498], [7.685993242997938, 27662.40477670188], [8.04324311199889, 27574.155846894337], [8.058533745996101, 27570.418594354516], [9.189373426997918, 27525.79535263328], [9.584992229996715, 27522.03364869471], [9.885264258999086, 27521.94519281055], [11.14206184700015, 27521.945192810585], [22.970025696999073, 27521.945192810585], [31.72090876099537, 27521.945192810585], [58.59355732299446, 27521.945192810566], [60.238761954995425, 27510.414009206208], [60.75305546299569, 27508.267721143966], [66.373713338995, 27500.7544014158], [69.28723481899578, 27328.48827175556], [69.29942037099681, 27317.15294382364], [69.47297893299401, 27290.23734703344], [69.54983794899454, 27262.25669982176], [69.989678412996, 27256.654795860333], [71.9440028009958, 27254.62172773285], [84.88985524699456, 27252.36678579605]]",119.984979328,119.980988431,0.9999667383615654,False,75.0,1211.51953125,3,,,,,9eff653b71fb65fbf4d0,58.593403601997124,27521.945192810566,335.0,335.0,673.0,"{""interior"": 84, ""fronteira"": 84, ""liberacao"": 84, ""regret"": 83, ""abertura"": 0}","{""interior"": 1, ""fronteira"": 4, ""liberacao"": 3, ""regret"": 2, ""abertura"": 0}",0.29367954103508964,61.006933273009054,0.0,163.0,0.0,
clusters_m50_n200_r3.0_s4001,clusters,3.0,50,200,hibridopl:rotacao,27245.936016123185,True,-1,2,120.0,119.982687354,0.0,28723.6921572716,26490.79101566503,gap,"[[0.2046023509974475, 29776.1522067485], [0.35496697399867116, 29727.601106413356], [0.4001607079990208, 27927.29271465255], [0.4259350819993415, 27843.115385827437], [0.7098299389981548, 27825.37193869478], [0.7437165769988496, 27791.352901707418], [1.4809930069968686, 27670.49569257409], [5.855198462999397, 27592.036310106443], [7.002453273998981, 27531.36046897932], [7.004321839998738, 27526.141663706298], [7.006055456997274, 27525.084270464973], [9.531502916997852, 27524.89246262892], [9.570730611998442, 27524.608071847873], [10.201704225997673, 27524.483081936178], [10.25664718599728, 27523.59656032517], [10.393674738999835, 27523.445935845197], [10.416323057997943, 27522.64609012315], [10.475260455998068, 27521.94519281056], [11.075342967003962, 27521.945192810585], [22.736012174998905, 27521.945192810585], [31.93877125400104, 27521.945192810585], [58.604137695001555, 27521.945192810566], [58.67053900600149, 27509.378712397986], [59.17671390000032, 27328.48827175556], [59.18899232200056, 27310.50700720417], [59.293165821, 27302.911461320444], [59.54484130600031, 27296.05268984641], [59.632555661999504, 27280.678304680936], [59.962724712000636, 27280.638499098994], [59.9697710190012, 27264.227644120885], [60.0577180399996, 27254.33338804573], [60.25757193900063, 27245.936016123185]]",119.982687354,119.970710888,0.9999001817156782,False,75.0,1300.99609375,1,,,,,9eff653b71fb65fbf4d0,58.60394869800075,27521.945192810566,459.0,459.0,667.0,"{""interior"": 115, ""fronteira"": 115, ""liberacao"": 115, ""regret"": 114, ""abertura"": 0}","{""interior"": 1, ""fronteira"": 2, ""liberacao"": 4, ""regret"": 3, ""abertura"": 0}",0.3854560870313435,60.8751040299685,0.0,322.0,0.0,
clusters_m50_n200_r3.0_s4001,clusters,3.0,50,200,kernel,27268.788949953367,True,-1,0,120.0,118.370790482,0.0,28723.6921572716,26490.79101566503,gap,"[[0.22151654599656467, 33054.53447985189], [0.4175518269985332, 31113.49945411517], [0.634947350998118, 31080.799511047622], [1.4803388619984617, 28494.872324223645], [7.468383813997207, 27691.647266061387], [13.521073095995234, 27673.63428429532], [20.178111893997993, 27671.050903266798], [28.88293149099991, 27671.050903266798], [57.64395038299699, 27671.050903266798], [87.28369813999598, 27671.050903266798], [99.79046311599814, 27341.32106993514], [102.0033504019957, 27311.72578947022], [102.0116258589951, 27309.955833768796], [102.01243365499613, 27308.880103073378], [113.57033194199539, 27269.734570249748], [116.80166067999744, 27268.788949953385]]",118.370790482,118.35883873,0.9998990312394525,False,75.0,1300.99609375,1,2505.0,,0.3,4.0,9eff653b71fb65fbf4d0,,,,,,,,,,,,,0.12677348799843458
clusters_m50_n200_r3.0_s4002,clusters,3.0,50,200,adaptativa:gnn,28020.416729833927,True,0,0,120.0,117.35712526,0.0,27299.07846710976,25669.52737537471,gap,"[[0.19586760500533273, 32057.73451935177], [0.4820319520040357, 30988.17492706943], [1.3537953450031637, 29251.650206645838], [11.249989230003848, 29172.89521240348], [12.125653930004773, 28796.32751779101], [12.776792575004947, 28495.85270985339], [13.789991985006054, 28230.010951204396], [16.029520271004003, 28142.87268557656], [17.462375715003873, 28020.41672983391], [28.637198895004985, 28020.41672983391], [50.65402907000316, 28020.41672983391], [67.01453789900188, 28020.41672983391]]",117.35712526,117.353408138,0.999968326405476,False,75.0,1213.2890625,3,2688.0,False,1.0,4.0,9eff653b71fb65fbf4d0,,,,,,,,,,,,,
clusters_m50_n200_r3.0_s4002,clusters,3.0,50,200,adaptativa:pl,26310.87481009833,True,-1,0,120.0,117.355587207,0.0,27299.07846710976,25669.52737537471,gap,"[[0.1935577890035347, 35000.10802245277], [0.5370008470017638, 31140.318316123186], [1.480648356002348, 30466.13660031332], [1.7093887310002174, 29549.137176188575], [6.4446325810022245, 28431.876100310994], [8.44009073900088, 27719.314179429206], [8.444880435999949, 27142.89197298129], [13.42767717300012, 26505.551263855403], [15.663209266000194, 26410.060260602535], [17.894255497001723, 26399.496755250773], [20.55278967800041, 26310.874810098336], [28.631835947999207, 26310.874810098336], [50.5581950060041, 26310.874810098336], [67.00440254099885, 26310.874810098336]]",117.355587207,117.344232936,0.9999032489950396,False,75.0,1300.99609375,1,2480.0,False,1.0,4.0,9eff653b71fb65fbf4d0,,,,,,,,,,,,,
clusters_m50_n200_r3.0_s4002,clusters,3.0,50,200,completo,27116.171135839235,True,-1,0,120.0,114.021706308,0.0,27299.07846710976,25669.52737537471,gap,"[[0.5782264750014292, 54674.76291452485], [4.794725804000336, 34437.166743569964], [5.687642017001053, 34409.104867053495], [5.8009387660022185, 33479.42594083951], [9.1582845740013, 30041.316968228468], [11.347187869003392, 28928.189227460156], [57.623393128000316, 28519.997494628165], [68.31400966700312, 27714.276613109367], [72.50427419400148, 27177.939332445716], [72.50631320400134, 27149.51015552525], [111.6323850230001, 27116.17113583922]]",114.021706308,114.014423853,0.9999361309768482,False,75.0,1209.7421875,2,773.0,False,1.0,1.0,9eff653b71fb65fbf4d0,,,,,,,,,,,,,
clusters_m50_n200_r3.0_s4002,clusters,3.0,50,200,hibrido:rotacao,26537.48407855707,True,-1,0,120.0,119.955503456,0.0,27299.07846710976,25669.52737537471,gap,"[[0.3254650530034269, 32057.73451935177], [0.6120995500023128, 30988.17492706943], [1.4830990210029995, 29251.650206645838], [11.349767978001182, 29172.89521240348], [12.22341004500413, 28796.32751779101], [12.873345770003652, 28495.85270985339], [13.87921091100361, 28230.010951204396], [14.396579385000223, 28230.010951204393], [25.27134904000195, 28230.010951204393], [33.85800647299766, 28230.010951204393], [58.699597841998184, 28230.0109512044], [58.72571843900005, 28219.76353465502], [59.23921430499831, 28199.119572413605], [59.24963243799721, 28177.485274361512], [59.26986228799797, 28106.58839150943], [60.21985111599861, 28088.05347673547], [61.448977228999865, 28084.44340621867], [61.479831693999586, 28069.699715754243], [65.52227096899878, 28014.549363348866], [66.07209255699854, 28010.73135490393], [66.59042695399694, 27913.121695618975], [68.38128649200007, 27905.667289878143], [68.38815730699935, 27904.77550519966], [70.43079760199907, 27903.238145357922], [72.92859054699875, 27893.33458592392], [74.97953466999752, 27639.75571302711], [75.30450389399994, 27620.22382487008], [75.89972214599766, 27560.539199351035], [77.2401364239995, 27555.87321842579], [78.19388203899871, 27549.813037770185], [80.23671896199812, 27402.35779351884], [80.24444435999976, 27377.096396422963], [80.74603152199779, 27375.30767088764], [81.26051389499844, 27364.256698642566], [82.0611955839995, 27288.99274344944], [82.46701054899677, 27288.899144057377], [83.48432828199657, 27287.716017884493], [83.55874956799744, 27287.691026965418], [84.87358973499795, 27285.640629136506], [85.37969487599912, 27262.33158597635], [85.39715528599845, 27259.54110445129], [86.22578275699925, 27249.215973095652], [87.11680148199957, 27246.855712169716], [87.62083400899792, 27244.934677748897], [88.56127703899983, 27244.870214915165], [97.09421225599726, 27176.1964060308], [98.00095707799846, 26592.722444115047], [99.44905713199842, 26552.689901641563], [100.87604960899989, 26544.63981392532], [101.41231932299706, 26542.23238302594], [101.82358852899779, 26538.78460527674], [102.35446280399992, 26537.48407855707]]",119.955503456,119.942793323,0.9998940429356402,False,75.1,1300.99609375,1,,,,,9eff653b71fb65fbf4d0,58.699417789997824,28230.0109512044,300.0,300.0,479.0,"{""interior"": 75, ""fronteira"": 75, ""liberacao"": 75, ""regret"": 75, ""abertura"": 0}","{""interior"": 3, ""fronteira"": 19, ""liberacao"": 15, ""regret"": 4, ""abertura"": 0}",0.20882319396696403,60.96125321198997,0.0,82.0,0.0,
clusters_m50_n200_r3.0_s4002,clusters,3.0,50,200,hibrido:rotacao,27826.670572117284,True,-1,1,120.0,119.988918435,0.0,27299.07846710976,25669.52737537471,gap,"[[0.18940923400077736, 32057.73451935177], [0.4754345689980255, 30987.66432083153], [0.6017598159996851, 30977.956900917736], [1.357175257999188, 29249.457279875354], [11.275453559999733, 29230.259084675316], [12.036468391997914, 28245.560536325196], [12.752629557999171, 28082.207692686967], [13.422753358998307, 28057.94743424285], [13.424068739997892, 28049.62675770619], [14.629541062997305, 28049.62675770619], [25.279713427000388, 28049.62675770619], [33.796688041999005, 28049.62675770619], [58.696705080001266, 28049.626757706224], [58.71736767300172, 28047.594848107074], [58.873958495001716, 28044.727195969517], [58.917478411003685, 28038.94419484988], [59.422338984004455, 28035.66024546889], [59.43501094100429, 28035.3031031437], [59.44116317600128, 27995.841340033832], [59.4666500600033, 27990.912738107287], [59.97510797400173, 27987.24345451292], [60.00333915200463, 27986.703305582116], [60.87897498000166, 27978.21972700271], [60.99675186400418, 27975.843131152873], [66.03315126400412, 27973.561274722997], [66.04074537700217, 27881.68721477217], [66.18163188300241, 27878.885390643172], [67.59903690600186, 27854.634365333248], [68.36570020300132, 27846.774070451975], [74.16961357200125, 27833.7405992248], [74.7008612660029, 27831.968284238756], [77.39791338200303, 27828.24911418983], [80.95119145500212, 27826.670572117284]]",119.988918435,119.985005744,0.999967391230365,False,75.0,1213.2890625,3,,,,,9eff653b71fb65fbf4d0,58.69652390000192,28049.626757706224,287.0,287.0,527.0,"{""interior"": 72, ""fronteira"": 72, ""liberacao"": 72, ""regret"": 71, ""abertura"": 0}","{""interior"": 2, ""fronteira"": 10, ""liberacao"": 6, ""regret"": 2, ""abertura"": 0}",0.2144470459970762,60.99644573500336,0.0,140.0,0.0,
clusters_m50_n200_r3.0_s4002,clusters,3.0,50,200,hibrido:rotacao,27478.769460956923,True,-1,2,120.0,119.983079398,0.0,27299.07846710976,25669.52737537471,gap,"[[0.3847108469999512, 32057.73451935177], [0.6722088029964652, 30988.17492706943], [0.7996202079993964, 30976.642216773645], [1.5648779419971106, 29249.457279875354], [1.5797269929971662, 29171.55803342565], [5.165405355997791, 28600.332211451758], [5.872205069998017, 28295.959328590867], [10.707925642996997, 28118.603386869814], [12.506378754998877, 28096.896137045125], [13.659036836997984, 28044.46285619657], [14.397724403999746, 28044.46285619657], [25.273737922998407, 28044.46285619657], [33.82416365000245, 28044.46285619657], [58.698316194000654, 28044.4628561966], [58.71214947499902, 28044.12910236107], [58.74930621800013, 28034.359389612415], [59.25324354300028, 28020.90971354114], [59.29062695399989, 27870.474103960732], [59.35352794899882, 27849.13055716944], [59.416276206000475, 27845.254872516278], [59.9271660710001, 27668.26063848956], [59.985271792000276, 27574.692257357052], [60.054231236001215, 27570.526459697106], [61.8794305650008, 27562.485189129373], [62.00784797099914, 27558.485392265757], [67.98012264800127, 27534.78818357597], [70.20068958000047, 27533.375809219127], [72.33662051300053, 27530.29175343866], [80.11623309700008, 27530.14610480587], [80.483419512002, 27521.286534092484], [81.79536425699916, 27521.177801102993], [86.72070816199994, 27486.550682723737], [88.28768501000013, 27485.61277581666], [88.86527734799893, 27481.737826143333], [93.01291201999993, 27479.211127631665], [97.96912933299973, 27478.769460956923]]",119.983079398,119.969610044,0.9998877395540473,False,75.1,1300.99609375,1,,,,,9eff653b71fb65fbf4d0,58.698161763000826,28044.4628561966,242.0,242.0,879.0,"{""interior"": 61, ""fronteira"": 61, ""liberacao"": 60, ""regret"": 60, ""abertura"": 0}","{""interior"": 3, ""fronteira"": 13, ""liberacao"": 6, ""regret"": 0, ""abertura"": 0}",0.18447902301704744,61.02822945799198,0.0,68.0,0.0,
clusters_m50_n200_r3.0_s4002,clusters,3.0,50,200,hibridopl:rotacao,26492.88959413714,True,-1,0,120.0,119.984813122,0.0,27299.07846710976,25669.52737537471,gap,"[[0.19244904599690926, 35000.10802245277], [0.5358325309971406, 31140.318316123186], [1.4756463389967394, 30466.13660031332], [1.7034511599995312, 29549.137176188575], [6.43347190899658, 28431.876100310994], [8.430779785998311, 27719.314179429206], [8.435523372998432, 27142.89197298129], [13.417389401998662, 26505.551263855403], [14.383488526000292, 26505.551263855403], [25.44485349000024, 26505.551263855403], [33.60199161499622, 26505.551263855403], [58.687348182997084, 26505.551263855396], [58.81214513399755, 26503.44771877327], [58.82693436599584, 26500.602642088495], [59.55404066399569, 26495.070768515394], [60.142960357996344, 26494.897118710895], [61.22723662799763, 26492.88959413714]]",119.984813122,119.97960951,0.9999566310780122,False,75.1,1213.2890625,3,,,,,9eff653b71fb65fbf4d0,58.687174372997106,26505.551263855396,543.0,543.0,483.0,"{""interior"": 136, ""fronteira"": 136, ""liberacao"": 136, ""regret"": 135, ""abertura"": 0}","{""interior"": 1, ""fronteira"": 1, ""liberacao"": 3, ""regret"": 0, ""abertura"": 0}",0.44802134604469757,60.71120461099417,0.0,434.0,0.0,
clusters_m50_n200_r3.0_s4002,clusters,3.0,50,200,hibridopl:rotacao,26834.58911598643,True,-1,1,120.0,119.983213253,0.0,27299.07846710976,25669.52737537471,gap,"[[0.19109205700078746, 35000.10802245277], [0.5336432060030347, 31140.318316123186], [1.4627416640032607, 28303.578876928772], [12.022037287002604, 27926.283737051755], [14.381140014000266, 27926.283737051755], [20.415546893000283, 27443.124583617606], [25.464337715999136, 27443.12458361759], [29.487398380999366, 27418.066625682102], [33.60238768399722, 27418.066625682102], [58.687193087997, 27418.066625682117], [58.7062736279986, 27406.506460832123], [58.7225843519991, 27389.58178468448], [58.951422703998105, 27132.772234880216], [58.95710809599768, 27128.00540975631], [58.973517109996465, 27116.053686870102], [59.403974956996535, 27035.285856831535], [60.007794049997756, 27022.291325862217], [60.541834336996544, 27012.41238307374], [62.612100144997385, 26885.908996096718], [63.78650397199817, 26871.876776086487], [64.80786180099676, 26870.003508808742], [64.83085868999842, 26865.307728424043], [64.95139559599556, 26864.5139328754], [65.16817925499709, 26858.31134556044], [66.06488054599686, 26855.706994546985], [66.1761768649958, 26847.818996375416], [66.45300387299721, 26841.093925176698], [70.43796542199561, 26839.019468739767], [73.46204453099563, 26834.58911598643]]",119.983213253,119.974017912,0.9999233614373987,False,75.1,1209.7421875,2,,,,,9eff653b71fb65fbf4d0,58.68703721499696,27418.066625682117,310.0,310.0,411.0,"{""interior"": 78, ""fronteira"": 78, ""liberacao"": 77, ""regret"": 77, ""abertura"": 0}","{""interior"": 3, ""fronteira"": 10, ""liberacao"": 5, ""regret"": 1, ""abertura"": 0}",0.21330427501743543,61.001969963013835,0.0,152.0,0.0,
clusters_m50_n200_r3.0_s4002,clusters,3.0,50,200,hibridopl:rotacao,26584.232866615283,True,-1,2,120.0,119.983666766,0.0,27299.07846710976,25669.52737537471,gap,"[[0.18661856700418866, 35000.10802245277], [0.5287660170033632, 31140.318316123186], [1.4665062290041533, 30434.235678140078], [1.6930331500043394, 29549.275231998723], [3.2079031570028747, 29270.54561375903], [7.207900335004524, 29118.00506200298], [7.683282771002268, 28006.096567591267], [14.64208884400432, 28006.096567591267], [20.4680966310043, 27467.4819144669], [25.276246113000525, 27467.481914466887], [33.59927626100398, 27467.481914466887], [58.6870028159974, 27467.4819144669], [58.72413640599916, 27364.167376854766], [59.23197940699902, 27071.61776288719], [59.455781932996615, 27023.667325269587], [59.69955404399661, 27013.754216704732], [59.78203302399561, 26996.35216088081], [59.993666287999076, 26995.732774533706], [61.29732554599832, 26830.084916280197], [61.31709761899765, 26811.264708607287], [62.34192987499773, 26769.62819826462], [62.37243942499845, 26767.015733162498], [63.35506167999847, 26710.430676124117], [65.33770858599746, 26662.66702288363], [66.13726867199875, 26658.448232046354], [66.96351022599629, 26657.39954190461], [66.97514588199556, 26649.454669741677], [69.29079849099799, 26640.491879002773], [69.3059190089989, 26639.205229476214], [69.94470713999908, 26634.427544982347], [70.45207631899757, 26611.40225664193], [70.51355077599874, 26608.800508596618], [71.28452578799624, 26604.649894844944], [73.47261868899659, 26585.8996549677], [74.05336248299864, 26584.701182303266], [76.29699272099606, 26584.232866615283]]",119.983666766,119.9723369,0.9999055715973234,False,75.0,1300.99609375,1,,,,,9eff653b71fb65fbf4d0,58.68683247199806,27467.4819144669,399.0,399.0,417.0,"{""interior"": 100, ""fronteira"": 100, ""liberacao"": 100, ""regret"": 99, ""abertura"": 0}","{""interior"": 3, ""fronteira"": 8, ""liberacao"": 9, ""regret"": 4, ""abertura"": 0}",0.25630827601708006,60.92972572105282,0.0,269.0,0.0,
clusters_m50_n200_r3.0_s4002,clusters,3.0,50,200,kernel,26869.360262467835,True,-1,0,120.0,117.610678379,0.0,27299.07846710976,25669.52737537471,gap,"[[0.19468844599759905, 36938.133092166536], [0.5944333039988123, 32179.046790394645], [1.8094059099967126, 31608.130284293347], [4.360781692997989, 27566.4813683467], [10.095792355998128, 27476.281084757848], [10.10676239699751, 27334.504568548044], [13.685616039998422, 27186.964586270475], [15.874321387000236, 27165.144857314244], [17.70061565299693, 26961.750987989843], [19.06702773699726, 26929.105859193496], [28.888243771998532, 26929.105859193496], [67.9668922139972, 26907.409505021304], [72.11164328499581, 26907.409505021304], [115.69839453699751, 26869.360262467813]]",117.610678379,117.602497367,0.9999304398876636,False,75.0,1209.7421875,2,3223.0,,0.34,3.0,9eff653b71fb65fbf4d0,,,,,,,,,,,,,0.0897370079983375
clusters_m50_n200_r3.0_s4003,clusters,3.0,50,200,adaptativa:gnn,24336.259714757638,True,0,0,120.0,117.357944028,0.0,25384.511473072605,24151.893193519747,gap,"[[0.21276671899977373, 32215.82268816798], [0.49342557999989367, 31977.096969041522], [0.5560532370000146, 31971.013204203657], [1.384428173998458, 26295.502628028942], [4.878421525998419, 26273.01006046062], [10.035849226998835, 24883.80489877792], [13.78747108099924, 24843.26458297969], [28.651154632996622, 24843.26458297969], [40.14840893499422, 24431.48156612397], [43.72484752099626, 24379.576502432898], [45.35365718499452, 24359.797138123286], [47.32064647999505, 24343.532574202214], [49.6760257959977, 24340.881028603293], [50.651271781000105, 24340.881028603293], [67.01821287299754, 24340.881028603293], [103.25669207699684, 24338.529605181167], [110.31324281299749, 24336.259714757653]]",117.357944028,117.353137302,0.9999590421761406,False,75.1,1214.0859375,3,5465.0,False,1.0,4.0,9eff653b71fb65fbf4d0,,,,,,,,,,,,,
clusters_m50_n200_r3.0_s4003,clusters,3.0,50,200,adaptativa:pl,24433.408138085666,True,-1,0,120.0,117.383121203,0.0,25384.511473072605,24151.893193519747,gap,"[[0.31864063299872214, 29679.612376205187], [0.5559135360017535, 28357.052976457126], [0.5885120480015757, 28338.57432157488], [1.3825847059997614, 28321.118644900904], [1.4120832560001872, 26295.502628028942], [3.9167402169987326, 26256.22166047568], [3.919420264999644, 26255.577048349005], [4.412049515001854, 25828.61863633964], [19.66761545099871, 25075.56355187393], [28.647380156002328, 25075.56355187391], [42.34407021200241, 24868.299072213347], [43.36954729400168, 24466.724159059657], [45.7045840690007, 24433.408138085648], [50.390295515000616, 24433.408138085648], [67.26285058600115, 24433.408138085648]]",117.383121203,117.368133076,0.9998723144618545,False,75.1,1214.0859375,3,6338.0,False,1.0,4.0,9eff653b71fb65fbf4d0,,,,,,,,,,,,,
clusters_m50_n200_r3.0_s4003,clusters,3.0,50,200,completo,24741.78641593571,True,-1,0,120.0,114.020220688,0.0,25384.511473072605,24151.893193519747,gap,"[[0.5182918460013752, 55635.32613071445], [3.4089529650009354, 32669.78491025687], [4.011172826001712, 31994.068955746465], [4.110953072999109, 31749.222503159803], [4.208914528000605, 30730.40430813011], [10.308601829001418, 26295.502628028942], [75.59268157900078, 25742.66905694668], [92.17738502499924, 25725.05990430994], [92.68745109099837, 24741.786415935712]]",114.020220688,114.013211556,0.9999385272896535,False,75.0,1209.7421875,2,649.0,False,1.0,1.0,9eff653b71fb65fbf4d0,,,,,,,,,,,,,
clusters_m50_n200_r3.0_s4003,clusters,3.0,50,200,hibrido:rotacao,24591.423520545446,True,-1,0,120.0,119.983916332,0.0,25384.511473072605,24151.893193519747,gap,"[[0.2070432319997053, 32215.82268816798], [0.48570661099802237, 31977.096969041522], [0.5473678539965476, 31971.013204203657], [1.3684164619990042, 26295.502628028942], [4.849172470996564, 26273.01006046062], [9.978765426996688, 24883.80489877792], [13.701766996997321, 24843.26458297969], [14.618751901994983, 24843.26458297969], [25.287746743000753, 24843.26458297969], [27.915383216997725, 24795.538155686627], [27.92466183400029, 24787.631311167836], [27.925572808999277, 24785.866210166314], [33.77621192999868, 24785.866210166314], [40.76936331399702, 24776.8462268048], [40.77276639799675, 24759.247857239843], [58.69525873599923, 24759.247857239854], [58.7694608899983, 24754.59116611607], [58.83449079899947, 24754.43447409471], [59.48597822199736, 24754.334932777896], [59.88147949099948, 24754.052269755794], [59.93033089600067, 24734.894503635445], [60.01358358399739, 24732.582137393878], [60.24085306399866, 24730.252332901604], [60.3676494379979, 24641.25044979831], [61.85133551399849, 24640.15856558502], [61.89837286799957, 24640.1312444431], [62.0874069959973, 24593.853706626687], [62.366980954997416, 24593.446913013388], [62.45518624199758, 24592.781827933664], [62.620666504997644, 24592.27431415555], [63.166509177997796, 24591.768404078754], [63.7790136980002, 24591.4332233462], [68.27737278899804, 24591.423520545446]]",119.983916332,119.979780358,0.9999655289298229,False,75.0,1214.0859375,3,,,,,9eff653b71fb65fbf4d0,58.69510144100059,24759.247857239854,1218.0,1218.0,874.0,"{""interior"": 305, ""fronteira"": 305, ""liberacao"": 304, ""regret"": 304, ""abertura"": 0}","{""interior"": 2, ""fronteira"": 7, ""liberacao"": 7, ""regret"": 1, ""abertura"": 0}",1.0717842689191457,59.93235075303892,0.0,788.0,0.0,
clusters_m50_n200_r3.0_s4003,clusters,3.0,50,200,hibrido:rotacao,24478.56035377918,True,-1,1,120.0,119.984454814,0.0,25384.511473072605,24151.893193519747,gap,"[[0.21060766799928388, 32215.82268816798], [0.48870035899744835, 31977.096969041522], [0.551000250998186, 31971.013204203657], [1.3383628629999293, 28347.046809983032], [1.3661338339989015, 26295.502628028942], [4.096985101998143, 26149.822628097663], [7.545244515997183, 24772.125064304164], [10.122651453999424, 24509.84791677178], [12.416435137998633, 24502.87665136556], [14.538908069996978, 24502.87665136556], [25.314498473999265, 24502.87665136556], [33.78601885899843, 24502.87665136556], [58.696091897996666, 24502.87665136559], [58.75037124299706, 24495.991215297865], [59.145917702997394, 24495.015512309157], [59.15297287899739, 24493.556959967707], [59.39327270999638, 24491.729622639235], [59.41152656899794, 24491.566605986278], [59.424489567998535, 24491.20401746499], [60.199330852996354, 24485.299703131277], [60.21064850399853, 24484.16796837696], [60.29792441799873, 24481.5110637155], [60.32674505199611, 24480.989554642398], [60.53947756499838, 24479.83417557783], [63.032446223998704, 24478.56035377918]]",119.984454814,119.980471531,0.9999668016743821,False,75.0,1214.0859375,3,,,,,9eff653b71fb65fbf4d0,58.69591470699743,24502.87665136559,915.0,915.0,1042.0,"{""interior"": 229, ""fronteira"": 229, ""liberacao"": 229, ""regret"": 228, ""abertura"": 0}","{""interior"": 2, ""fronteira"": 4, ""liberacao"": 4, ""regret"": 2, ""abertura"": 0}",0.7862392609458766,60.29828906200055,0.0,628.0,0.0,
clusters_m50_n200_r3.0_s4003,clusters,3.0,50,200,hibrido:rotacao,24358.994117797316,True,-1,2,120.0,119.985162837,0.0,25384.511473072605,24151.893193519747,gap,"[[0.21085177500208374, 32215.82268816798], [0.4881719000040903, 31977.096969041522], [0.5498450420018344, 31971.013204203657], [1.3647510210030305, 26295.502628028942], [5.078653391003172, 25059.322715057242], [9.210864936001599, 24692.462516327992], [11.404992197003594, 24540.054316602695], [12.513015918004385, 24429.926408108488], [13.692945740003779, 24387.076209217295], [14.419549256002938, 24387.076209217295], [25.45350471400525, 24387.076209217295], [33.61476108700299, 24387.076209217295], [58.6873059890022, 24387.07620921733], [58.703450247001456, 24378.10224217555], [58.818613049003034, 24377.379357290396], [58.87218403600127, 24368.403651538054], [59.15369890000147, 24365.904780264606], [59.23215361500115, 24364.12569597303], [59.343461814001785, 24363.315629616092], [59.550639027002035, 24362.98044888354], [60.06760123500135, 24362.10137746913], [60.29779979600062, 24361.137141316794], [61.463484345000325, 24359.988852041748], [67.04275689200222, 24359.6192109504], [73.2719366550009, 24358.994117797316]]",119.985162837,119.973681602,0.9999043112104152,False,75.0,1300.99609375,1,,,,,9eff653b71fb65fbf4d0,58.68715029800296,24387.07620921733,1431.0,1431.0,964.0,"{""interior"": 358, ""fronteira"": 358, ""liberacao"": 358, ""regret"": 357, ""abertura"": 0}","{""interior"": 2, ""fronteira"": 3, ""liberacao"": 7, ""regret"": 0, ""abertura"": 0}",1.2318557370344934,59.754030381929624,0.0,943.0,0.0,
clusters_m50_n200_r3.0_s4003,clusters,3.0,50,200,hibridopl:rotacao,24420.616279814683,True,-1,0,120.0,119.983402469,0.0,25384.511473072605,24151.893193519747,gap,"[[0.18383417499717325, 29679.612376205187], [0.42055952699593036, 28357.052976457126], [0.4531627039941668, 28338.57432157488], [1.2495516129965836, 28321.118644900904], [1.27884709299542, 26295.502628028942], [3.778853360996436, 26256.22166047568], [3.7815694589953637, 26255.577048349005], [4.273573370996019, 25828.61863633964], [14.388398716997472, 25828.6186363396], [21.094525935997808, 25034.350690571875], [22.617366144997504, 25021.738083771994], [22.61946452299526, 25021.210323645235], [22.62111724499846, 25003.5036023502], [25.57081937199837, 25003.5036023502], [27.769584494999435, 24982.59489419049], [27.77193047699984, 24981.699603113313], [27.77420706200064, 24965.03324800394], [33.61403273799806, 24965.03324800394], [41.04306235399781, 24948.37467538118], [41.045742914000584, 24948.333612019374], [41.05581904299834, 24942.935303661958], [58.68853431699972, 24942.93530366198], [58.70556073299667, 24939.767940241873], [58.83699834399886, 24934.77808359744], [58.89124499599711, 24934.613981921175], [58.90732414199738, 24934.44298684482], [59.668940415998804, 24490.576021240362], [59.73277384999892, 24490.213432719072], [59.959575774999394, 24488.547746099546], [59.97070907399757, 24479.118469296467], [60.17086355399806, 24425.62871160989], [60.523989055996935, 24423.48192652433], [61.004455232996406, 24423.265430099935], [61.16390646399668, 24422.559926402882], [61.34431762699751, 24422.15313278958], [61.554900039998756, 24421.825384263946], [61.56891452799755, 24421.714990335156], [61.648496449997765, 24420.616279814683]]",119.983402469,119.972045027,0.9999053415575297,False,75.0,1300.99609375,1,,,,,9eff653b71fb65fbf4d0,58.68834869499915,24942.93530366198,963.0,963.0,1789.0,"{""interior"": 241, ""fronteira"": 241, ""liberacao"": 241, ""regret"": 240, ""abertura"": 0}","{""interior"": 3, ""fronteira"": 4, ""liberacao"": 8, ""regret"": 1, ""abertura"": 0}",0.8388384579920967,60.23154448999776,0.0,658.0,0.0,
clusters_m50_n200_r3.0_s4003,clusters,3.0,50,200,hibridopl:rotacao,24341.019891175416,True,-1,1,120.0,119.982267056,0.0,25384.511473072605,24151.893193519747,gap,"[[0.36809274300321704, 29679.612376205187], [0.6082471200061264, 28357.052976457126], [0.6416039850046218, 28338.57432157488], [1.4225789520060061, 27915.264950452492], [1.4489094790042145, 26295.502628028942], [6.026027401003375, 25448.94309714272], [8.718858540003566, 24472.52390963539], [10.350538421003876, 24411.81311038733], [14.420338770003582, 24411.81311038733], [25.277010160003556, 24411.81311038733], [33.80074351500298, 24411.81311038733], [58.69585999600167, 24411.813110387357], [58.71171900000263, 24409.985773058885], [58.73178577500221, 24404.02467177193], [58.93014635300278, 24403.37947512626], [58.94722723400264, 24401.483616096506], [58.98351570000159, 24391.353532809266], [59.07152012500228, 24391.049186306478], [59.34092242600309, 24388.202271783903], [59.41129732800255, 24381.733798944144], [60.859387127002265, 24372.67195194129], [60.86663417800082, 24369.63947232399], [60.887554260003526, 24367.47708415097], [61.000102762001916, 24363.88233300842], [61.032817557003, 24362.506835170923], [61.174407142003474, 24360.103753538933], [61.601199163000274, 24359.0282845686], [61.63728055700267, 24357.95959665258], [61.73692384100286, 24342.83697456267], [62.063239036000596, 24341.18265295543], [68.13528492600017, 24341.019891175416]]",119.982267056,119.974084275,0.999931800080122,False,75.1,1209.7421875,2,,,,,9eff653b71fb65fbf4d0,58.69570458100134,24411.813110387357,1278.0,1278.0,1350.0,"{""interior"": 320, ""fronteira"": 320, ""liberacao"": 319, ""regret"": 319, ""abertura"": 0}","{""interior"": 2, ""fronteira"": 7, ""liberacao"": 9, ""regret"": 1, ""abertura"": 0}",1.1303876750098425,59.86511751000944,0.0,875.0,0.0,
clusters_m50_n200_r3.0_s4003,clusters,3.0,50,200,hibridopl:rotacao,24365.61793567067,True,-1,2,120.0,119.984750648,0.0,25384.511473072605,24151.893193519747,gap,"[[0.1836434270007885, 29679.612376205187], [0.42076928399910685, 28357.052976457126], [0.4527584450006543, 28338.57432157488], [1.2318138240007102, 28164.85135936744], [1.2566097499984608, 26295.502628028942], [4.8696591049993, 26064.39624828872], [6.889410700001463, 25627.780826356895], [8.573284558999148, 24836.41551254748], [11.60413265399984, 24605.346394998563], [14.386900106997928, 24605.346394998527], [25.262741186998028, 24605.346394998527], [33.84830929399686, 24605.346394998527], [58.69980317200316, 24605.34639499856], [58.765394161000586, 24594.448897688104], [59.104177883000375, 24510.221687974394], [59.18374084900279, 24500.624857913885], [59.29444371600039, 24474.085820926706], [59.32663903300272, 24458.028049365537], [59.3414065500001, 24454.345607713265], [59.51614929800053, 24451.503860782468], [59.528152892002254, 24448.034878614915], [59.53938571400067, 24441.28419243712], [59.66723252200245, 24409.586969975397], [59.929713991001336, 24403.749199630296], [60.30581889899986, 24397.074160981687], [60.31408924500283, 24395.97169887419], [60.40067858900147, 24383.711678227835], [60.631403748000594, 24380.546777951848], [60.74119099600284, 24379.897211848413], [61.11268527200082, 24369.568221999358], [61.38938707000125, 24368.352492193364], [61.75394038200102, 24367.94860845513], [62.30201295900042, 24365.61793567067]]",119.984750648,119.977230831,0.9999373268939645,False,75.0,1209.7421875,2,,,,,9eff653b71fb65fbf4d0,58.69964263200018,24605.34639499856,1383.0,1383.0,1512.0,"{""interior"": 346, ""fronteira"": 346, ""liberacao"": 346, ""regret"": 345, ""abertura"": 0}","{""interior"": 3, ""fronteira"": 7, ""liberacao"": 8, ""regret"": 2, ""abertura"": 0}",1.1881835230524302,59.8031652090358,0.0,963.0,0.0,
clusters_m50_n200_r3.0_s4003,clusters,3.0,50,200,kernel,24343.50543134413,True,-1,0,120.0,118.368390606,0.0,25384.511473072605,24151.893193519747,gap,"[[0.18667958399964846, 29679.612376205187], [0.423881357000937, 28357.052976457126], [0.4560108570003649, 28338.57432157488], [1.2491376629986917, 28321.118644900904], [1.278476169998612, 26295.502628028942], [3.7865914340000018, 26256.22166047568], [3.7892873239979963, 26255.577048349005], [4.283126809998066, 25828.61863633964], [19.518172411000705, 25075.56355187393], [28.653306889002124, 25075.56355187391], [57.83452792299795, 25075.56355187391], [59.73647399499896, 24502.67710652702], [71.75967234199925, 24363.08943552837], [75.04141035000066, 24359.790663129555], [87.29488993400082, 24359.790663129555], [101.28740196800209, 24354.16511558662], [103.66450087400153, 24350.10627644044], [106.21768066400182, 24344.240036304167], [108.57404374700127, 24343.50543134412]]",118.368390606,118.355622162,0.9998921296138722,False,75.1,1300.99609375,1,8974.0,,0.26,4.0,9eff653b71fb65fbf4d0,,,,,,,,,,,,,0.10544006200143485
uniforme_m50_n200_r1.5_s4000,uniforme,1.5,50,200,adaptativa:gnn,36665.58437650316,True,0,0,120.0,117.357748144,0.0,36677.61512079328,35659.49902915284,gap,"[[0.5786858829997072, 44262.806599096], [2.481590518000303, 41858.75807734683], [2.6184518949994526, 40127.2970277415], [13.67934122799852, 39026.54318143409], [28.669978802001424, 39026.54318143401], [50.589265433001856, 39026.54318143401], [67.01266075300009, 39026.54318143401], [76.97256898700289, 36665.58437650314]]",117.357748144,117.352978395,0.9999593571871016,False,75.0,1208.0859375,3,249.0,False,1.0,4.0,9eff653b71fb65fbf4d0,,,,,,,,,,,,,
uniforme_m50_n200_r1.5_s4000,uniforme,1.5,50,200,adaptativa:pl,36626.538564564034,True,-1,0,120.0,117.373225694,0.0,36677.61512079328,35659.49902915284,gap,"[[0.20971976500368328, 39177.69165025416], [2.8245598080029595, 36626.538564564], [28.62038032900091, 36626.538564564], [50.363673656000174, 36626.538564564], [67.31404070700228, 36626.538564564]]",117.373225694,117.36122151,0.9998977263858173,False,75.0,1289.33984375,1,869.0,False,1.0,4.0,9eff653b71fb65fbf4d0,,,,,,,,,,,,,
uniforme_m50_n200_r1.5_s4000,uniforme,1.5,50,200,completo,36649.294310561534,True,-1,0,120.0,114.01856783,0.0,36677.61512079328,35659.49902915284,gap,"[[1.4006077560006815, 59580.05118275918], [4.425681030003034, 42293.51072892558], [4.9564736830034235, 42146.4455960796], [5.115766407001502, 41388.36817801185], [5.282650754001224, 40722.50990260525], [10.339171177001845, 36677.61512079325], [84.68438234300265, 36649.294310561505]]",114.01856783,114.001504305,0.9998503443314124,False,75.1,1148.890625,1,383.0,False,1.0,1.0,9eff653b71fb65fbf4d0,,,,,,,,,,,,,
uniforme_m50_n200_r1.5_s4000,uniforme,1.5,50,200,hibrido:rotacao,36536.49413046201,True,-1,0,120.0,119.985323699,0.0,36677.61512079328,35659.49902915284,gap,"[[0.27709680200132425, 44262.806599096], [2.1809261070011416, 41858.75807734683], [2.317796168001223, 40127.2970277415], [13.315817144000903, 39026.54318143409], [14.611182754997571, 39026.54318143401], [25.27787343700038, 39026.54318143401], [33.77813338899796, 39026.54318143401], [43.74115486899973, 36665.58437650314], [58.695398912997916, 36665.58437650316], [58.75811302399961, 36660.90341577451], [58.92544541800089, 36657.398581203226], [58.932826375999866, 36647.50918683479], [59.78796960700129, 36644.94823676697], [60.1694063319992, 36640.09635873257], [61.33525326200106, 36623.479273155725], [63.55801746200086, 36596.15879914466], [63.61518784099826, 36592.9644980677], [64.091834259998, 36591.250103379236], [65.6148865469986, 36584.57142984255], [66.4220595480001, 36560.939240890686], [66.51371142599965, 36558.71333811859], [66.76863449899975, 36551.24334486329], [72.61670391000007, 36536.49413046201]]",119.985323699,119.97395125,0.9999052179995903,False,75.0,1291.8515625,1,,,,,9eff653b71fb65fbf4d0,58.69521743400037,36665.58437650316,418.0,418.0,57.0,"{""interior"": 105, ""fronteira"": 105, ""liberacao"": 104, ""regret"": 104, ""abertura"": 0}","{""interior"": 1, ""fronteira"": 3, ""liberacao"": 4, ""regret"": 6, ""abertura"": 0}",0.24621879002734204,60.927910376027285,0.0,310.0,0.0,
uniforme_m50_n200_r1.5_s4000,uniforme,1.5,50,200,hibrido:rotacao,36544.769888904164,True,-1,1,120.0,119.982772037,0.0,36677.61512079328,35659.49902915284,gap,"[[0.2787702640016505, 44262.806599096], [2.1909403530044074, 41023.46084889007], [2.3267570670032, 40136.647089631304], [4.9327498210041085, 39990.20035221417], [4.941633418002311, 39354.39045704589], [4.942685261001316, 39346.55365745258], [14.561727596006676, 39346.55365745258], [19.303013104006823, 39253.966002113186], [19.306408788004774, 38148.67708974586], [19.307400485005928, 38140.852445583856], [25.27512113800549, 38140.852445583856], [33.77683987000273, 38140.852445583856], [43.58039272500173, 36650.80476946326], [58.69404531299733, 36650.80476946328], [58.86245941299785, 36648.2404812568], [59.02201604199945, 36644.73564668551], [59.187245933997474, 36629.994374282665], [61.032296956997016, 36628.08291748261], [61.67883418400015, 36623.34969617544], [62.3869039429992, 36600.67406789676], [62.89066278699829, 36598.371562778695], [64.85777760199926, 36558.37285423357], [66.74833710500025, 36557.98451638749], [67.67577779099884, 36552.99313705423], [69.09295020699938, 36552.762563229575], [74.24085211599959, 36544.769888904164]]",119.982772037,119.971194107,0.999903503396334,False,75.0,1209.34375,2,,,,,9eff653b71fb65fbf4d0,58.693878355999914,36650.80476946328,546.0,546.0,70.0,"{""interior"": 137, ""fronteira"": 137, ""liberacao"": 136, ""regret"": 136, ""abertura"": 0}","{""interior"": 1, ""fronteira"": 7, ""liberacao"": 2, ""regret"": 2, ""abertura"": 0}",0.3214288229246449,60.82272519495382,0.0,427.0,0.0,
uniforme_m50_n200_r1.5_s4000,uniforme,1.5,50,200,hibrido:rotacao,36436.95276688808,True,-1,2,120.0,119.958295928,0.0,36677.61512079328,35659.49902915284,gap,"[[0.49342316400361597, 44262.806599096], [2.3994301870006893, 40955.36481895513], [2.662184837001405, 40577.82515531214], [14.41384950500651, 40577.8251553121], [16.69263604900698, 40572.60659163686], [19.16972520100535, 39245.37401183835], [19.17091797800458, 39244.86055076776], [19.186355852005363, 38591.19206276641], [25.273311793003813, 38591.19206276641], [33.804233053000644, 38591.19206276641], [43.7419141010032, 36662.94151159033], [58.6968523659998, 36662.941511590354], [58.90421032499944, 36658.260550861705], [58.94430304799971, 36654.09969576442], [61.34912845500003, 36595.40263088241], [61.370719562000886, 36582.26286802101], [61.597621703000186, 36581.088484245425], [61.898693799001194, 36448.9981173957], [62.60668872500173, 36441.70918854266], [64.38647809300164, 36441.21506349249], [64.56743964099951, 36440.05338959432], [70.45367479299966, 36436.95276688808]]",119.958295928,119.948662741,0.9999196955331394,False,75.1,1068.61328125,3,,,,,9eff653b71fb65fbf4d0,58.69670013400173,36662.941511590354,749.0,749.0,55.0,"{""interior"": 188, ""fronteira"": 187, ""liberacao"": 187, ""regret"": 187, ""abertura"": 0}","{""interior"": 2, ""fronteira"": 4, ""liberacao"": 4, ""regret"": 0, ""abertura"": 0}",0.4336090830001922,60.63310782404005,0.0,633.0,0.0,
uniforme_m50_n200_r1.5_s4000,uniforme,1.5,50,200,hibridopl:rotacao,36615.448333429005,True,-1,0,120.0,119.98466904,0.0,36677.61512079328,35659.49902915284,gap,"[[0.21181389300181763, 39177.69165025416], [2.8281865770004515, 36626.538564564], [14.532955585997115, 36626.538564564], [25.258719438003027, 36626.538564564], [33.58661742800177, 36626.538564564], [58.685653937001916, 36626.538564564034], [58.74786633000258, 36621.97808037745], [58.834524786001566, 36615.846275301854], [66.11495692400058, 36615.448333429005]]",119.98466904,119.970273417,0.9998800211467417,False,75.1,1209.34375,2,,,,,9eff653b71fb65fbf4d0,58.68549793700004,36626.538564564034,250.0,250.0,146.0,"{""interior"": 63, ""fronteira"": 63, ""liberacao"": 62, ""regret"": 62, ""abertura"": 0}","{""interior"": 1, ""fronteira"": 2, ""liberacao"": 0, ""regret"": 0, ""abertura"": 0}",0.1489097599805973,61.07666030901237,0.0,189.0,0.0,
uniforme_m50_n200_r1.5_s4000,uniforme,1.5,50,200,hibridopl:rotacao,36615.448333429005,True,-1,1,120.0,119.966437638,0.0,36677.61512079328,35659.49902915284,gap,"[[0.2103575940018345, 39177.69165025416], [2.874206354001217, 36618.012621635455], [14.371757659999275, 36618.012621635455], [25.438741989000846, 36618.012621635455], [33.59129421399848, 36618.012621635455], [58.68617166399781, 36618.012621635484], [59.455554939999274, 36617.21498884025], [62.07196717899933, 36615.448333429005]]",119.966437638,119.955015894,0.99990479217167,False,75.0,1148.890625,1,,,,,9eff653b71fb65fbf4d0,58.6860093159994,36618.012621635484,260.0,260.0,150.0,"{""interior"": 65, ""fronteira"": 65, ""liberacao"": 65, ""regret"": 65, ""abertura"": 0}","{""interior"": 0, ""fronteira"": 1, ""liberacao"": 1, ""regret"": 0, ""abertura"": 0}",0.15717290599786793,61.045546714980446,0.0,211.0,0.0,
uniforme_m50_n200_r1.5_s4000,uniforme,1.5,50,200,hibridopl:rotacao,36540.2806906949,True,-1,2,120.0,119.9831573,0.0,36677.61512079328,35659.49902915284,gap,"[[0.21527301300375257, 39177.69165025416], [2.9136252230018727, 36629.19016255588], [14.372190588001104, 36629.19016255588], [16.598241645002417, 36620.58647946515], [25.45545287999994, 36620.58647946515], [33.5949856690022, 36620.58647946515], [58.686524157998065, 36620.58647946517], [59.41134640099699, 36618.012621635484], [60.662304117999156, 36566.145086186574], [60.72787922899806, 36545.910119122665], [61.13319600899922, 36545.093107165914], [72.25475496699801, 36540.2806906949]]",119.9831573,119.97302514,0.9999155534807718,False,75.0,1209.34375,2,,,,,9eff653b71fb65fbf4d0,58.68636415999936,36620.58647946517,486.0,486.0,144.0,"{""interior"": 122, ""fronteira"": 122, ""liberacao"": 121, ""regret"": 121, ""abertura"": 0}","{""interior"": 1, ""fronteira"": 3, ""liberacao"": 0, ""regret"": 1, ""abertura"": 0}",0.27802290002364316,60.896262476999254,0.0,411.0,0.0,
uniforme_m50_n200_r1.5_s4000,uniforme,1.5,50,200,kernel,36624.45802058242,True,-1,0,120.0,117.606554076,0.0,36677.61512079328,35659.49902915284,gap,"[[0.35151255000164383, 41122.651983168966], [1.358314095003152, 39896.55926617577], [3.2898367180023342, 36697.20310263048], [26.34828103700056, 36682.66816153653], [28.694001906002086, 36682.66816153653], [38.25574579500244, 36639.38503639623], [72.07515268300267, 36639.38503639623], [88.89027778300078, 36628.78998933529], [88.89216741200289, 36627.78506238143], [88.89694960500128, 36624.458020582395]]",117.606554076,117.60156402,0.9999575699157313,False,75.0,1192.7890625,3,1170.0,,0.48,3.0,9eff653b71fb65fbf4d0,,,,,,,,,,,,,0.06860535899977549
uniforme_m50_n200_r1.5_s4001,uniforme,1.5,50,200,adaptativa:gnn,42124.27454367655,True,0,0,120.0,117.371257906,0.0,42125.65420921677,40984.68431729658,gap,"[[0.44565691000025254, 48933.455893230624], [3.081844504999026, 47307.1234102528], [6.391490024001541, 43395.52067433896], [28.685608032996242, 43395.52067433896], [50.401771073997224, 43395.52067433896], [67.26991278199785, 43395.52067433896], [76.6110804609998, 42124.274543676576]]",117.371257906,117.359692197,0.9999014604665031,False,75.0,1300.99609375,1,214.0,False,1.0,4.0,9eff653b71fb65fbf4d0,,,,,,,,,,,,,
uniforme_m50_n200_r1.5_s4001,uniforme,1.5,50,200,adaptativa:pl,42120.6226332495,True,-1,0,120.0,117.35679996,0.0,42125.65420921677,40984.68431729658,gap,"[[0.308087085999432, 57459.220278424866], [28.86991007600227, 57459.22027842484], [50.395027800004755, 57459.22027842484], [50.51802674800274, 48345.301072318776], [67.0017724270001, 48345.30107231879], [76.47548718100006, 42120.62263324955]]",117.35679996,117.344689677,0.9998968079991605,False,75.1,1300.99609375,1,321.0,False,1.0,4.0,9eff653b71fb65fbf4d0,,,,,,,,,,,,,
uniforme_m50_n200_r1.5_s4001,uniforme,1.5,50,200,completo,42103.846330188666,True,-1,0,120.0,114.025474552,0.0,42125.65420921677,40984.68431729658,gap,"[[0.6270513690033113, 62430.58817077485], [3.9064501780012506, 51031.82077279771], [4.15046375500242, 49283.22201956758], [9.711616334003338, 42125.6542092168], [76.60655177400258, 42103.8463301887]]",114.025474552,114.013479366,0.9998948025776948,False,75.1,1300.99609375,1,709.0,False,1.0,1.0,9eff653b71fb65fbf4d0,,,,,,,,,,,,,
uniforme_m50_n200_r1.5_s4001,uniforme,1.5,50,200,hibrido:rotacao,41825.81098605502,True,-1,0,120.0,119.982617934,0.0,42125.65420921677,40984.68431729658,gap,"[[0.326604286001384, 48933.455893230624], [2.9947738150003715, 47307.1234102528], [6.314258365000569, 43395.52067433896], [14.69109066099918, 43395.52067433896], [25.299565896002605, 43395.52067433896], [33.61447890599811, 43395.52067433896], [42.969475767000404, 42124.274543676576], [58.68640508899989, 42124.27454367655], [58.78667874299936, 42114.89025861548], [59.49860161600009, 42111.37361651074], [60.00597096499769, 42081.398948335845], [60.05255466899689, 42077.30055676113], [60.095288065000204, 42072.31150610911], [60.59957231199951, 42062.703053544006], [60.66617068899723, 42052.142140902506], [60.8014118209976, 42051.78414011191], [61.34941832199911, 42051.19402157026], [64.12828688399895, 42045.15541419343], [64.96730516000025, 42037.77420591371], [66.01990976399975, 42035.41137883642], [69.27578287199867, 42022.18603690814], [69.65398124099738, 42015.88670547177], [70.22421357299754, 41999.35092380182], [71.21359947000019, 41936.38417501695], [74.67545965699901, 41871.70581566582], [74.71989003899944, 41851.70728433164], [75.32601752799746, 41851.239414521646], [76.08308300999852, 41848.808939022434], [76.09538790899751, 41837.647720524226], [76.10628512499898, 41830.2165581794], [76.23801534599988, 41829.468837469176], [77.91787719700005, 41825.81098605502]]",119.982617934,119.971076878,0.9999038106002459,False,75.0,1300.99609375,1,,,,,9eff653b71fb65fbf4d0,58.686244307999004,42124.27454367655,386.0,386.0,42.0,"{""interior"": 97, ""fronteira"": 97, ""liberacao"": 96, ""regret"": 96, ""abertura"": 0}","{""interior"": 8, ""fronteira"": 10, ""liberacao"": 2, ""regret"": 4, ""abertura"": 0}",0.23475527798655094,60.94939138100017,0.0,255.0,0.0,
uniforme_m50_n200_r1.5_s4001,uniforme,1.5,50,200,hibrido:rotacao,42483.86169876376,True,-1,1,120.0,119.984082468,0.0,42125.65420921677,40984.68431729658,gap,"[[0.3270988350013795, 48933.455893230624], [2.8557378460027394, 46978.6217838015], [6.035601565003162, 43633.243931830446], [14.597954962002404, 43633.243931830446], [25.292066634003277, 43633.243931830446], [33.80614833000436, 43633.243931830446], [58.697096345997124, 43633.24393183038], [58.92169316400032, 43627.7147658206], [59.096274342999095, 43335.718087481466], [59.452441011999326, 42969.42428985013], [59.83265713899891, 42955.13560652506], [60.33982746399852, 42837.19213391646], [60.84304317900023, 42821.3986773406], [60.85301949699715, 42820.89105674625], [61.356480602000374, 42816.74151139094], [61.86400812099964, 42807.31439108551], [62.35860993599999, 42804.73220555516], [62.41524681900046, 42784.3947336478], [62.917990851998184, 42778.978020669274], [62.95103606599878, 42776.29667478967], [70.19560443400042, 42766.767370660724], [70.27282618199752, 42765.54401330022], [71.71745090799959, 42756.67792606281], [72.85514940699795, 42589.47006780841], [72.86477598899728, 42589.0141446635], [72.9473902039972, 42586.656721362924], [73.72442573700027, 42531.96594282545], [74.20197469499908, 42516.350574662225], [74.21710685200014, 42509.73921556675], [74.7218872409976, 42500.280238278254], [74.77431160799824, 42498.53127009859], [75.34660839199933, 42495.38016077591], [75.5914268719971, 42494.75802749769], [75.71588447699833, 42494.63349807592], [77.85320123299971, 42493.484983176735], [90.35568999399766, 42483.86169876376]]",119.984082468,119.976114871,0.9999335945499094,False,75.0,1209.34375,2,,,,,9eff653b71fb65fbf4d0,58.69692029699945,43633.24393183038,394.0,394.0,37.0,"{""interior"": 99, ""fronteira"": 99, ""liberacao"": 98, ""regret"": 98, ""abertura"": 0}","{""interior"": 12, ""fronteira"": 9, ""liberacao"": 5, ""regret"": 3, ""abertura"": 0}",0.23962966900580795,60.9391947009608,0.0,239.0,0.0,
uniforme_m50_n200_r1.5_s4001,uniforme,1.5,50,200,hibrido:rotacao,41972.29667624328,True,-1,2,120.0,119.98460739,0.0,42125.65420921677,40984.68431729658,gap,"[[0.4687639890034916, 48933.455893230624], [3.1296029690020077, 47138.36566728657], [6.3860673350027355, 43395.52067433896], [14.438982948999183, 43395.52067433896], [25.287864893001824, 43395.52067433896], [33.85635835300127, 43395.52067433896], [43.4481311060008, 42072.91540950466], [58.69992839000042, 42072.915409504654], [59.313773889000004, 42069.94418311077], [60.12796783500016, 42064.18671546451], [60.38834195600066, 42059.43236372041], [60.52788719199816, 42055.409647541055], [60.75493333999839, 42053.91475472132], [62.48748816399893, 42047.61542328496], [62.5232847269981, 42033.661580415384], [63.3119360769997, 42026.524838972684], [63.431813298000634, 42019.78083472721], [63.93558247799956, 42013.00932660013], [63.995096435999585, 41999.75974619012], [64.43492491899815, 41995.974397763464], [66.68084327199904, 41995.53128788047], [67.00114048999967, 41995.14993550166], [67.56097271600083, 41972.29667624328]]",119.98460739,119.97855116,0.9999495249421426,False,75.1,1211.5390625,3,,,,,9eff653b71fb65fbf4d0,58.69976159499856,42072.915409504654,630.0,630.0,33.0,"{""interior"": 158, ""fronteira"": 158, ""liberacao"": 157, ""regret"": 157, ""abertura"": 0}","{""interior"": 3, ""fronteira"": 6, ""liberacao"": 1, ""regret"": 5, ""abertura"": 0}",0.39622958894688054,60.70560979692891,0.0,531.0,0.0,
uniforme_m50_n200_r1.5_s4001,uniforme,1.5,50,200,hibridopl:rotacao,41833.58411559994,True,-1,0,120.0,119.98567646,0.0,42125.65420921677,40984.68431729658,gap,"[[0.3113103109972144, 57459.220278424866], [14.569788692995644, 57459.22027842484], [25.275437761996727, 57459.22027842484], [25.397174941994308, 48345.301072318776], [33.78906238899435, 48345.30107231879], [43.34041533999698, 42120.62263324955], [58.69745133300239, 42120.6226332495], [58.741607895000925, 42096.60114157841], [58.78903046900086, 42094.19877749581], [58.79903296500197, 42092.89042406698], [58.87680618000013, 42087.024215979276], [59.40398037600244, 42085.05981980886], [59.42300090200297, 42078.58696769452], [60.021895038000366, 42072.28763625815], [61.160512665999704, 42071.69751771651], [63.11535068699959, 42070.96253400505], [63.172407596000994, 42026.16399486132], [63.20830313500119, 42024.002500444716], [65.21108988100241, 42011.06019826069], [65.72737270700236, 42008.78849430211], [66.2307285349998, 41999.246013282704], [67.29323546500018, 41994.43022667164], [67.65407446500103, 41994.4095067224], [74.54853514299975, 41991.99741257846], [74.65097253000204, 41991.883953441466], [75.72323505399982, 41990.015541401284], [78.85997389800104, 41987.96220535618], [78.89942961900306, 41986.487561487316], [79.67105929300305, 41985.32158806248], [79.75116134900236, 41983.899828681904], [81.54659549200005, 41862.77584434848], [82.92929460600135, 41859.58332238984], [84.14970514800007, 41847.63033818384], [84.66285045300174, 41845.52138112416], [85.4780271080017, 41842.336138727595], [86.0763460670023, 41840.52388714363], [86.09317320600167, 41833.58411559994]]",119.98567646,119.980308054,0.9999552579427946,False,75.0,1211.5390625,3,,,,,9eff653b71fb65fbf4d0,58.697284977999516,42120.6226332495,327.0,327.0,71.0,"{""interior"": 82, ""fronteira"": 82, ""liberacao"": 82, ""regret"": 81, ""abertura"": 0}","{""interior"": 8, ""fronteira"": 10, ""liberacao"": 6, ""regret"": 6, ""abertura"": 0}",0.19933424097689567,60.998759133999556,0.0,163.0,0.0,
uniforme_m50_n200_r1.5_s4001,uniforme,1.5,50,200,hibridopl:rotacao,41696.58330556719,True,-1,1,120.0,119.985803889,0.0,42125.65420921677,40984.68431729658,gap,"[[0.3087600740036578, 57459.220278424866], [2.577393709001626, 55673.55482439417], [2.5926413600027445, 53853.54466345177], [14.555369181005517, 53853.54466345177], [25.276210250005533, 53853.54466345177], [25.39812101100324, 48345.301072318776], [29.518566878003185, 42140.71129540689], [33.60116715400363, 42140.71129540689], [58.68581229200208, 42140.71129540685], [59.195585413002846, 42134.9505008305], [59.3045978140035, 42134.05989835632], [59.40212779700232, 42123.98415464344], [59.409410034004395, 42117.545503241054], [59.42459531500208, 42102.59025238247], [59.93167866800286, 42057.28573971617], [60.432829628003674, 42056.69562117453], [60.64051024600485, 42055.57273012481], [62.74899432900202, 42043.236335166774], [62.784240510005475, 42038.91274059647], [63.419263750005484, 42038.50956067761], [64.07732172800388, 42029.12908202854], [65.54273993100287, 41998.77534359586], [65.80709687600392, 41990.671592370476], [67.03280871200332, 41958.68922371367], [67.31539016400347, 41921.40849159092], [67.45410317400456, 41913.655132010026], [68.19527473300332, 41912.25673902775], [69.87629146200561, 41882.00693928632], [70.37951180400341, 41837.29240047668], [71.7498461430041, 41829.59912826417], [71.91733455900248, 41818.82557727018], [74.33639930400386, 41818.13094418071], [78.07542682700296, 41801.66214828854], [82.64199589700365, 41792.931515735334], [84.30698658900292, 41791.970482629455], [87.28251567100233, 41780.37782175172], [88.55324711900539, 41776.99227531586], [91.96604649300207, 41765.23968897498], [93.10784810900441, 41696.58330556719]]",119.985803889,119.977908375,0.9999341962653573,False,75.0,1209.34375,2,,,,,9eff653b71fb65fbf4d0,58.68565205500272,42140.71129540685,590.0,590.0,70.0,"{""interior"": 148, ""fronteira"": 148, ""liberacao"": 147, ""regret"": 147, ""abertura"": 0}","{""interior"": 9, ""fronteira"": 12, ""liberacao"": 5, ""regret"": 4, ""abertura"": 0}",0.3697168090293417,60.75935791597658,0.0,333.0,0.0,
uniforme_m50_n200_r1.5_s4001,uniforme,1.5,50,200,hibridopl:rotacao,41972.29667624328,True,-1,2,120.0,119.98474225,0.0,42125.65420921677,40984.68431729658,gap,"[[0.47316948899970157, 57459.220278424866], [3.0750618720012426, 55486.276031091635], [11.898714463997749, 55130.10170548928], [14.41662070700113, 55130.10170548928], [17.175175946002128, 54274.63534439465], [25.28706312599752, 54274.63534439465], [25.407082013000036, 48345.301072318776], [33.83888589799972, 48345.30107231879], [43.37573226400127, 42072.91540950466], [58.69899903100304, 42072.915409504654], [59.315649904001475, 42069.94418311077], [60.1295310050009, 42064.18671546451], [60.389632052003435, 42059.43236372041], [60.52940763400329, 42055.409647541055], [60.75614469200082, 42053.91475472132], [62.498890303002554, 42047.61542328496], [62.53514883200114, 42033.661580415384], [63.32479003100161, 42026.524838972684], [63.44611832500232, 42019.78083472721], [63.94992188300239, 42013.00932660013], [64.0094723220027, 41999.75974619012], [64.44946191200142, 41995.974397763464], [66.69610728800399, 41995.53128788047], [66.85882898100317, 41995.14993550166], [67.42044579900175, 41972.29667624328]]",119.98474225,119.97497158,0.999918567396014,False,75.1,1209.34375,2,,,,,9eff653b71fb65fbf4d0,58.69883089600262,42072.915409504654,630.0,630.0,105.0,"{""interior"": 158, ""fronteira"": 158, ""liberacao"": 157, ""regret"": 157, ""abertura"": 0}","{""interior"": 3, ""fronteira"": 6, ""liberacao"": 1, ""regret"": 5, ""abertura"": 0}",0.39567964800153277,60.7128671540122,0.0,531.0,0.0,
uniforme_m50_n200_r1.5_s4001,uniforme,1.5,50,200,kernel,42120.6226332495,True,-1,0,120.0,115.442181638,0.0,42125.65420921677,40984.68431729658,gap,"[[0.4838741179992212, 58877.093406624655], [0.4866650589974597, 57546.615012769544], [22.491476315997716, 45800.15336150111], [28.716977891999704, 45800.15336150111], [38.228550092997466, 42120.62263324955]]",115.442181638,115.438165218,0.9999652083844656,False,75.0,1211.5390625,3,317.0,,0.56,2.0,9eff653b71fb65fbf4d0,,,,,,,,,,,,,0.08588127699840697
uniforme_m50_n200_r1.5_s4002,uniforme,1.5,50,200,adaptativa:gnn,38522.34725240676,True,0,0,120.0,117.370596869,0.0,38549.12369398371,37922.92495118895,gap,"[[0.44350789300006, 44799.12503878055], [1.6486533820025215, 43672.64749518455], [1.750481220002257, 42890.755215327954], [2.0768848879997677, 42825.518891045846], [4.290893429002608, 40272.84967752861], [28.676910241996666, 40272.84967752861], [50.39462645900494, 40272.84967752861], [67.26561792400389, 40272.84967752861], [76.7076163740021, 38522.347252406784]]",117.370596869,117.365371505,0.9999554797867661,False,75.1,1213.2890625,3,210.0,False,1.0,4.0,9eff653b71fb65fbf4d0,,,,,,,,,,,,,
uniforme_m50_n200_r1.5_s4002,uniforme,1.5,50,200,adaptativa:pl,38522.34725240676,True,-1,0,120.0,117.369668945,0.0,38549.12369398371,37922.92495118895,gap,"[[0.4338501769962022, 55405.38058841208], [2.487490858999081, 46005.500403089514], [2.48897910499727, 45870.07930121712], [28.632975061998877, 45870.07930121712], [50.36983824699564, 45870.07930121712], [50.487809817994275, 45696.23388644133], [51.10181838999415, 44550.79521038417], [51.191092172994104, 41972.24283573248], [54.44396751399472, 39730.47469078008], [67.25022024799546, 39730.47469078008], [76.58471501799431, 38522.347252406784]]",117.369668945,117.362362638,0.9999377496156744,False,75.0,1209.7421875,2,323.0,False,1.0,4.0,9eff653b71fb65fbf4d0,,,,,,,,,,,,,
uniforme_m50_n200_r1.5_s4002,uniforme,1.5,50,200,completo,38549.12369398371,True,-1,0,120.0,114.022721055,0.0,38549.12369398371,37922.92495118895,gap,"[[0.5567871220009692, 58992.9058230812], [3.664991458001168, 46229.72755878621], [3.870092946999648, 46165.568651135756], [4.022381275000953, 45543.44521291976], [4.157891414000915, 45483.7292946235], [4.446762236999348, 45131.66352180455], [9.714930984999228, 38549.12369398372]]",114.022721055,114.011314618,0.9998999634731178,False,75.0,1300.99609375,1,300.0,False,1.0,1.0,9eff653b71fb65fbf4d0,,,,,,,,,,,,,
uniforme_m50_n200_r1.5_s4002,uniforme,1.5,50,200,hibrido:rotacao,38435.15227852018,True,-1,0,120.0,119.984496319,0.0,38549.12369398371,37922.92495118895,gap,"[[0.2754016090002551, 44799.12503878055], [1.480358384000283, 43672.64749518455], [1.5809888130024774, 42890.755215327954], [1.9063810000006924, 42825.518891045846], [4.101503187001072, 40272.84967752861], [14.399080221002805, 40272.84967752861], [25.50007799400555, 40272.84967752861], [33.60636653300389, 40272.84967752861], [42.986786467001366, 38522.347252406784], [58.68748853800207, 38522.34725240676], [58.713103360001696, 38514.3760148603], [60.129439980002644, 38436.03315452394], [60.15904130200215, 38435.15227852018]]",119.984496319,119.976177789,0.9999306699594097,False,75.1,1209.7421875,2,,,,,9eff653b71fb65fbf4d0,58.68732996700055,38522.34725240676,682.0,682.0,53.0,"{""interior"": 171, ""fronteira"": 171, ""liberacao"": 170, ""regret"": 170, ""abertura"": 0}","{""interior"": 0, ""fronteira"": 2, ""liberacao"": 1, ""regret"": 0, ""abertura"": 0}",0.4158435110039136,60.69329518401719,0.0,639.0,0.0,
uniforme_m50_n200_r1.5_s4002,uniforme,1.5,50,200,hibrido:rotacao,38516.506946589194,True,-1,1,120.0,119.963736681,0.0,38549.12369398371,37922.92495118895,gap,"[[0.27064229600000544, 44799.12503878055], [1.5702964539996174, 42890.755215327954], [4.192243405999761, 40272.84967752861], [14.634784236994165, 40272.84967752861], [25.272748833995138, 40272.84967752861], [33.78176721099953, 40272.84967752861], [43.31039197199789, 38522.76711606974], [58.69533882699761, 38522.76711606972], [58.81317090799712, 38521.88624006597], [59.21161700199809, 38516.506946589194]]",119.963736681,119.951169792,0.9998952442684124,False,75.0,1300.99609375,1,,,,,9eff653b71fb65fbf4d0,58.69515404499907,38522.76711606972,492.0,492.0,50.0,"{""interior"": 123, ""fronteira"": 123, ""liberacao"": 123, ""regret"": 123, ""abertura"": 0}","{""interior"": 1, ""fronteira"": 1, ""liberacao"": 0, ""regret"": 0, ""abertura"": 0}",0.29918203300985624,60.83590352995452,0.0,454.0,0.0,
uniforme_m50_n200_r1.5_s4002,uniforme,1.5,50,200,hibrido:rotacao,38443.854698171504,True,-1,2,120.0,119.971075198,0.0,38549.12369398371,37922.92495118895,gap,"[[0.45703102400148055, 44799.12503878055], [1.7620959480009333, 43403.042103065134], [4.41453682500287, 40272.84967752861], [14.408977840001171, 40272.84967752861], [25.264390962998732, 40272.84967752861], [33.789212973995745, 40272.84967752861], [43.28220567199605, 38540.705406270026], [58.69595939500141, 38540.70540627001], [59.498888171001454, 38539.82453026626], [59.92179614700217, 38537.11671320983], [60.19547497500025, 38531.18004827208], [60.401681156999985, 38530.126921042924], [62.120119289000286, 38447.38727178489], [63.027408105001086, 38447.20393499627], [65.15998464600125, 38444.91122517281], [66.55522281999947, 38443.854698171504]]",119.971075198,119.95827484,0.9998933046321468,False,75.1,1300.99609375,1,,,,,9eff653b71fb65fbf4d0,58.69578969400027,38540.70540627001,702.0,702.0,49.0,"{""interior"": 176, ""fronteira"": 176, ""liberacao"": 175, ""regret"": 175, ""abertura"": 0}","{""interior"": 3, ""fronteira"": 2, ""liberacao"": 3, ""regret"": 0, ""abertura"": 0}",0.42770438298612135,60.65491833804845,0.0,610.0,0.0,
uniforme_m50_n200_r1.5_s4002,uniforme,1.5,50,200,hibridopl:rotacao,38435.15227852018,True,-1,0,120.0,119.984001356,0.0,38549.12369398371,37922.92495118895,gap,"[[0.25886502800130984, 55405.38058841208], [2.3085613660005038, 46005.500403089514], [2.3100731470003666, 45870.07930121712], [14.541127582000627, 45870.07930121712], [25.260606168001686, 45870.07930121712], [25.383961702002125, 45696.23388644133], [26.00043219500367, 44550.79521038417], [26.092124410002725, 41972.24283573248], [29.354395618003764, 39730.47469078008], [33.778414755000995, 39730.47469078008], [43.174747363998904, 38522.347252406784], [58.69518294100271, 38522.34725240676], [58.72086114600097, 38514.3760148603], [60.13930921900101, 38436.03315452394], [60.16918418200294, 38435.15227852018]]",119.984001356,119.974147759,0.9999178757426938,False,75.1,1209.7421875,2,,,,,9eff653b71fb65fbf4d0,58.69502870500219,38522.34725240676,682.0,682.0,71.0,"{""interior"": 171, ""fronteira"": 171, ""liberacao"": 170, ""regret"": 170, ""abertura"": 0}","{""interior"": 0, ""fronteira"": 2, ""liberacao"": 1, ""regret"": 0, ""abertura"": 0}",0.4117437620225246,60.69878161701854,0.0,639.0,0.0,
uniforme_m50_n200_r1.5_s4002,uniforme,1.5,50,200,hibridopl:rotacao,38516.087082926235,True,-1,1,120.0,119.983947742,0.0,38549.12369398371,37922.92495118895,gap,"[[0.3929545329992834, 55405.38058841208], [14.381788310005504, 55405.38058841202], [25.25129383800231, 55405.38058841202], [25.370508664003864, 45696.23388644133], [25.98466032700162, 44550.79521038417], [26.07449228400219, 42043.564452007544], [29.387696435002, 39723.67341115449], [33.8080907040021, 39723.67341115449], [43.251691825003945, 38522.347252406784], [58.69717213500189, 38522.34725240676], [58.81496571200478, 38521.46637640301], [59.212813849004306, 38516.087082926235]]",119.983947742,119.976181664,0.9999352740250163,False,75.0,1209.7421875,2,,,,,9eff653b71fb65fbf4d0,58.69700904700221,38522.34725240676,595.0,595.0,81.0,"{""interior"": 149, ""fronteira"": 149, ""liberacao"": 149, ""regret"": 148, ""abertura"": 0}","{""interior"": 1, ""fronteira"": 1, ""liberacao"": 0, ""regret"": 0, ""abertura"": 0}",0.35693111897126073,60.768775186938,0.0,557.0,0.0,
uniforme_m50_n200_r1.5_s4002,uniforme,1.5,50,200,hibridopl:rotacao,38435.41420536765,True,-1,2,120.0,119.982857673,0.0,38549.12369398371,37922.92495118895,gap,"[[0.2582930279968423, 55405.38058841208], [14.582930316995771, 55405.38058841202], [25.261704005995853, 55405.38058841202], [25.385206136998022, 45696.23388644133], [25.99843576299827, 44424.69767351851], [26.089039285998297, 41961.59196505607], [29.290585517996078, 38561.25310478032], [33.59177878599803, 38561.25310478032], [43.502491511997505, 38526.75864568631], [58.6872389429991, 38526.75864568631], [59.49449867099611, 38523.88229955154], [59.52469843999643, 38523.299866371024], [60.280836912996165, 38521.30380688546], [60.31586092699945, 38519.29900025476], [60.407646462997945, 38517.87083931974], [60.91573380999762, 38517.711829105734], [68.48417742899619, 38516.12979357558], [68.93684657799895, 38511.27901664311], [70.31749040599607, 38510.39814063936], [78.51870449899798, 38436.90605723546], [79.51071047499863, 38435.41420536765]]",119.982857673,119.979004291,0.9999678838954603,False,75.0,1213.2890625,3,,,,,9eff653b71fb65fbf4d0,58.687074646997644,38526.75864568631,650.0,650.0,61.0,"{""interior"": 163, ""fronteira"": 163, ""liberacao"": 162, ""regret"": 162, ""abertura"": 0}","{""interior"": 2, ""fronteira"": 6, ""liberacao"": 3, ""regret"": 0, ""abertura"": 0}",0.38775773406450753,60.730598866077344,0.0,507.0,0.0,
uniforme_m50_n200_r1.5_s4002,uniforme,1.5,50,200,kernel,38522.34725240676,True,-1,0,120.0,115.444351285,0.0,38549.12369398371,37922.92495118895,gap,"[[0.38588444600100047, 55405.38058841208], [2.441043353999703, 46005.500403089514], [2.4425571549982124, 45870.07930121712], [28.6951458049989, 45870.07930121712], [32.41644432999601, 45545.72123202155], [32.55388968499756, 45538.63784098931], [32.845381195998925, 45103.9411621544], [38.18672648199572, 38522.347252406784]]",115.444351285,115.439279531,0.9999560675429889,False,75.1,1213.2890625,3,349.0,,0.5,2.0,9eff653b71fb65fbf4d0,,,,,,,,,,,,,0.05624716899910709
uniforme_m50_n200_r1.5_s4003,uniforme,1.5,50,200,adaptativa:gnn,38119.069326792116,True,0,0,120.0,117.36913342,0.0,38690.321400133646,36651.8182244405,gap,"[[0.42132668799968087, 44781.58824400152], [1.4678513250000833, 44480.444077908396], [1.5673651969991624, 42855.24603384071], [1.6273844049974286, 42731.4754598696], [2.088380701999995, 42588.017037307865], [2.2060948180005653, 42223.7674736062], [21.957815551999374, 42059.629143615646], [28.66590016400005, 42059.62914361569], [29.9861209970004, 41538.23850709365], [50.38501112299855, 41538.23850709368], [55.67840192699805, 38119.06932679211], [67.23941784699855, 38119.06932679211]]",117.36913342,117.361367106,0.9999338300132777,False,75.1,1209.78125,2,252.0,False,1.0,4.0,9eff653b71fb65fbf4d0,,,,,,,,,,,,,
uniforme_m50_n200_r1.5_s4003,uniforme,1.5,50,200,adaptativa:pl,38102.39992830083,True,-1,0,120.0,117.356578552,0.0,38690.321400133646,36651.8182244405,gap,"[[0.24794326800110866, 52604.30687366423], [3.4268644790026883, 38102.3999283008], [28.872079147004115, 38102.3999283008], [50.38192368499949, 38102.3999283008], [66.99405726600526, 38102.3999283008]]",117.356578552,117.341595156,0.999872325896129,False,75.1,1300.99609375,1,188.0,False,1.0,4.0,9eff653b71fb65fbf4d0,,,,,,,,,,,,,
uniforme_m50_n200_r1.5_s4003,uniforme,1.5,50,200,completo,39312.366437215445,True,-1,0,120.0,114.022586638,0.0,38690.321400133646,36651.8182244405,gap,"[[0.5094493449978472, 60586.37953750212], [3.431349942999077, 47870.90516727711], [3.7068992519998574, 45809.29542936978], [4.151154743998632, 45700.26656485072], [4.675598740999703, 45543.5097152348], [4.987176055998134, 43622.166712879654], [5.35762177399738, 43530.83982606142], [9.883818487996905, 43367.774063547186], [52.14186494399837, 42200.041681632145], [60.16170590500042, 40262.47702532595], [66.32452507299968, 39417.939933383015], [96.17519264499788, 39312.36643721545]]",114.022586638,114.018643211,0.9999654153872818,False,75.0,1214.0859375,3,852.0,False,1.0,1.0,9eff653b71fb65fbf4d0,,,,,,,,,,,,,
uniforme_m50_n200_r1.5_s4003,uniforme,1.5,50,200,hibrido:rotacao,37749.66728018044,True,-1,0,120.0,119.984691485,0.0,38690.321400133646,36651.8182244405,gap,"[[0.4242652300017653, 44781.58824400152], [1.4718095600001107, 44480.444077908396], [1.5718097540011513, 42855.24603384071], [1.6315943610024988, 42731.4754598696], [2.094229409001855, 42588.017037307865], [2.2119688950006093, 42223.7674736062], [14.417748060001031, 42223.76747360618], [15.741205123002146, 41538.23850709365], [25.272512494000694, 41538.23850709368], [30.62017466999896, 38119.06932679211], [33.818178965004336, 38119.06932679211], [58.69797830799871, 38119.069326792116], [59.46959120899919, 38094.45878182902], [59.673246310998366, 38094.0027248693], [60.40452583899969, 38088.07268509342], [60.44668542499858, 38082.606564723865], [60.59458709399769, 38081.744249335374], [61.367721446997166, 37946.93839376897], [61.520818988996325, 37915.48098810252], [61.59804403199814, 37914.768054149405], [62.013930524997704, 37907.61912726751], [63.68026895199728, 37751.3072398651], [63.87591640699975, 37749.66728018044]]",119.984691485,119.979325665,0.9999552791282489,False,75.1,1214.0859375,3,,,,,9eff653b71fb65fbf4d0,58.697818579999876,38119.069326792116,299.0,299.0,56.0,"{""interior"": 75, ""fronteira"": 75, ""liberacao"": 75, ""regret"": 74, ""abertura"": 0}","{""interior"": 3, ""fronteira"": 3, ""liberacao"": 4, ""regret"": 1, ""abertura"": 0}",0.17761509498086525,61.02150774699476,0.0,226.0,0.0,
uniforme_m50_n200_r1.5_s4003,uniforme,1.5,50,200,hibrido:rotacao,38492.46720949543,True,-1,1,120.0,119.983394352,0.0,38690.321400133646,36651.8182244405,gap,"[[0.2958506640025007, 44781.58824400152], [1.3431941520029795, 44680.63838771847], [1.4434514690037759, 43090.544611751284], [1.5027303260030749, 42688.92946619322], [1.5669438340046327, 42335.19059090026], [8.340803065002547, 41020.989342779874], [14.568247691004217, 41020.98934277991], [25.27901601099802, 41020.98934277991], [33.78753685400443, 41020.98934277991], [58.695362378002756, 41020.9893427799], [58.71434806199977, 40989.241330050674], [58.726180323003064, 40987.12110724157], [59.21534138000061, 40845.509728105055], [59.226500110002235, 40832.67565414169], [59.23455273700165, 40827.23421511517], [59.38719334000052, 40820.65609943802], [59.468787632002204, 40813.5427237324], [59.5024857310018, 40133.448989165314], [59.53075300000273, 40132.203712945455], [59.80682680400059, 40105.3638681967], [59.84781103900241, 40104.96829919975], [59.87226728300084, 40033.602612592615], [60.7481340680024, 39860.85116184244], [60.801121245000104, 39854.09045353409], [60.90996327200264, 39553.63781519751], [60.94655983300254, 39527.143966685035], [61.45092727300289, 39441.77741754384], [61.956842342002346, 39312.38914008472], [61.99797999800285, 39301.468594834136], [62.0082244160003, 39270.22320831756], [62.117524414999934, 39238.10565448851], [62.13092379400041, 39211.99742389067], [62.21893245600222, 39056.53263764841], [62.22743906500182, 39027.21659119879], [62.349958620001416, 39024.14866389596], [62.61707044300056, 39022.25031948993], [62.741201308999734, 39021.76038051487], [63.646726093000325, 39014.53969667601], [63.673681747000956, 39007.44209497388], [64.17831589300113, 38997.19728643292], [64.57619710200015, 38996.69482047303], [65.05682386000262, 38987.23199445553], [66.12223291300324, 38985.67634225052], [66.55734095600201, 38589.9532142876], [66.5732938220026, 38554.32412488677], [66.61264358400149, 38538.49505469113], [66.75563513300222, 38538.03899773141], [66.76417321100234, 38537.282147623584], [66.81044317800115, 38534.12595149907], [66.90779675300291, 38529.07503912112], [67.0435912890025, 38527.84928275748], [67.25420501900226, 38513.11207190156], [67.34944521000216, 38512.07484913019], [67.96515954600181, 38509.429625151315], [70.64717842800019, 38494.81460583174], [71.54875349200302, 38492.46720949543]]",119.983394352,119.974340082,0.9999245373074425,False,75.1,1209.78125,2,,,,,9eff653b71fb65fbf4d0,58.69520328600265,41020.9893427799,583.0,583.0,48.0,"{""interior"": 146, ""fronteira"": 146, ""liberacao"": 146, ""regret"": 145, ""abertura"": 0}","{""interior"": 9, ""fronteira"": 10, ""liberacao"": 14, ""regret"": 13, ""abertura"": 0}",0.3498254539590562,60.78479697099465,0.0,439.0,0.0,
uniforme_m50_n200_r1.5_s4003,uniforme,1.5,50,200,hibrido:rotacao,37540.86030384665,True,-1,2,120.0,119.983956148,0.0,38690.321400133646,36651.8182244405,gap,"[[0.2893177910009399, 44781.58824400152], [1.3345866679992469, 44546.67385811066], [1.4345887470008165, 43100.677035121094], [1.5572295169986319, 42822.06924135311], [1.955143062001298, 42559.54521558225], [2.0738433049991727, 42252.337746667865], [14.618293233997974, 42252.33774666784], [18.446821898000053, 41854.607986442315], [18.44817807599975, 41723.74098775936], [18.4730673319973, 41503.04552121748], [25.28301646899854, 41503.04552121748], [30.462328238998452, 38121.35164328625], [33.602980667998054, 38121.35164328625], [58.68729624899788, 38121.35164328628], [60.154557504996774, 37759.94888505128], [60.16344389999722, 37759.36939519522], [60.232247331998224, 37756.26514875108], [62.970099016998574, 37754.2774573471], [67.99183838799945, 37750.8793980555], [75.65557936499681, 37745.346403927266], [76.05346625399761, 37741.40258963247], [80.884862005998, 37599.021485918085], [82.14200268999775, 37551.2368291164], [83.8026307149994, 37547.26982054493], [84.88357780299702, 37545.80353286497], [85.37324915999852, 37545.380003587205], [85.89222650599913, 37540.86030384665]]",119.983956148,119.976271067,0.9999359490948063,False,75.0,1210.34375,2,,,,,9eff653b71fb65fbf4d0,58.68712284999856,38121.35164328628,299.0,299.0,67.0,"{""interior"": 75, ""fronteira"": 75, ""liberacao"": 75, ""regret"": 74, ""abertura"": 0}","{""interior"": 1, ""fronteira"": 6, ""liberacao"": 4, ""regret"": 2, ""abertura"": 0}",0.17831996999302646,61.022577818050195,0.0,175.0,0.0,
uniforme_m50_n200_r1.5_s4003,uniforme,1.5,50,200,hibridopl:rotacao,37305.09663285895,True,-1,0,120.0,119.982364643,0.0,38690.321400133646,36651.8182244405,gap,"[[0.2539310899992415, 52604.30687366423], [3.4411546869996528, 38102.3999283008], [14.374955767998472, 38102.3999283008], [25.479778588000045, 38102.3999283008], [33.599650053001824, 38102.3999283008], [58.68682616099977, 38102.39992830083], [58.70449832500162, 38097.39398367485], [59.20821750400137, 37570.4399143217], [60.542954288001056, 37554.509044805236], [60.796315487001266, 37543.75732281816], [60.86206054899958, 37543.4117971436], [61.068667755000206, 37540.943369781395], [61.10022590200242, 37539.009795623366], [61.222701866001444, 37513.31488444157], [63.15842183300265, 37510.64003295082], [66.35708677500224, 37509.11381644859], [67.8468582860005, 37507.07000861127], [67.92856931300048, 37503.1004821306], [68.81552613500025, 37485.731701067765], [68.88534544200229, 37485.588545840656], [78.10351834000176, 37318.392305582645], [79.0535888020022, 37305.09663285895]]",119.982364643,119.97836615,0.9999666743274156,False,75.0,1214.0859375,3,,,,,9eff653b71fb65fbf4d0,58.68665086300098,38102.39992830083,491.0,491.0,60.0,"{""interior"": 123, ""fronteira"": 123, ""liberacao"": 123, ""regret"": 122, ""abertura"": 0}","{""interior"": 3, ""fronteira"": 7, ""liberacao"": 2, ""regret"": 4, ""abertura"": 0}",0.29375415097820223,60.85512964407826,0.0,363.0,0.0,
uniforme_m50_n200_r1.5_s4003,uniforme,1.5,50,200,hibridopl:rotacao,37298.48994635098,True,-1,1,120.0,119.984329549,0.0,38690.321400133646,36651.8182244405,gap,"[[0.48103233100118814, 52604.30687366423], [2.1398533980027423, 38073.49751683511], [14.388436557004752, 38073.49751683511], [25.26040308800293, 38073.49751683511], [33.79590554600145, 38073.49751683511], [58.69689650900182, 38073.49751683512], [58.84957810800188, 38073.45133872472], [59.14443998600473, 38071.134971530875], [59.64967553000315, 37512.52740394944], [59.6594904750018, 37501.65524159807], [61.28012735000448, 37498.17518402173], [62.96127988200169, 37337.316639589095], [63.80923045900272, 37316.95863755247], [64.67612875900159, 37316.77210286773], [67.43690240300202, 37316.36105072938], [67.95222336100414, 37313.036727035564], [70.72543608400156, 37312.27517511448], [76.57300892700368, 37303.16222865182], [81.65826375200413, 37300.53474248387], [82.6036390060035, 37298.91717669059], [91.77590329800296, 37298.57457076242], [92.44422332600152, 37298.48994635098]]",119.984329549,119.972936077,0.9999050419997109,False,75.0,1300.99609375,1,,,,,9eff653b71fb65fbf4d0,58.696718285002135,38073.49751683512,306.0,306.0,51.0,"{""interior"": 77, ""fronteira"": 77, ""liberacao"": 76, ""regret"": 76, ""abertura"": 0}","{""interior"": 0, ""fronteira"": 8, ""liberacao"": 5, ""regret"": 3, ""abertura"": 0}",0.18006700698970235,61.01666481498614,0.0,135.0,0.0,
uniforme_m50_n200_r1.5_s4003,uniforme,1.5,50,200,hibridopl:rotacao,37625.37110873827,True,-1,2,120.0,119.983524182,0.0,38690.321400133646,36651.8182244405,gap,"[[0.2509836019962677, 52604.30687366423], [1.8607748789945617, 38084.568193808525], [14.576052589996834, 38084.568193808525], [25.265396002996567, 38084.568193808525], [33.59177994299898, 38084.568193808525], [58.68577513499986, 38084.56819380854], [58.762310138998146, 38084.436877694985], [59.26753227700101, 37864.033433675555], [59.57407186599812, 37856.41232420938], [60.18332533699868, 37832.510076120125], [60.19741166200038, 37829.79657106642], [60.70117445299911, 37821.87181719554], [60.842383791998145, 37809.44825315182], [66.43996154900015, 37696.96255146052], [66.46840750499905, 37684.88223219526], [66.54649263199826, 37684.49603968713], [67.1205583919982, 37677.94121855295], [67.13265812199825, 37670.76140330209], [69.45017764099975, 37668.11675332005], [69.97753515400109, 37658.08299571414], [70.04672710899831, 37650.00806409062], [70.56545028300025, 37642.564299331396], [71.32942729500064, 37640.128511077026], [71.39413443300145, 37637.51846348093], [71.45951570300167, 37637.47228537053], [74.37036507599987, 37633.462764345866], [79.15558546999819, 37632.51557901176], [80.79171123899869, 37632.43105948668], [81.41949033399942, 37631.49978647796], [81.4335107199986, 37625.37110873827]]",119.983524182,119.976014509,0.9999374107982641,False,75.0,1209.78125,2,,,,,9eff653b71fb65fbf4d0,58.68562431600003,38084.56819380854,358.0,358.0,67.0,"{""interior"": 90, ""fronteira"": 90, ""liberacao"": 89, ""regret"": 89, ""abertura"": 0}","{""interior"": 7, ""fronteira"": 7, ""liberacao"": 4, ""regret"": 6, ""abertura"": 0}",0.21325076597713633,60.976051710011234,0.0,212.0,0.0,
uniforme_m50_n200_r1.5_s4003,uniforme,1.5,50,200,kernel,37484.28183892735,True,-1,0,120.0,117.608917871,0.0,38690.321400133646,36651.8182244405,gap,"[[0.21592287100065732, 39965.95956376413], [4.446970373999648, 37508.025281217066], [28.925834600002418, 37508.025281217066], [72.08739523099939, 37508.025281217066], [74.89087958099844, 37497.518585744896], [74.89676297799815, 37495.72012512906], [104.41950886099949, 37484.28183892736]]",117.608917871,117.597371291,0.9999018222409574,False,75.0,1300.99609375,1,941.0,,0.48,3.0,9eff653b71fb65fbf4d0,,,,,,,,,,,,,0.06415088100038702
uniforme_m50_n200_r3.0_s4000,uniforme,3.0,50,200,adaptativa:gnn,27165.028249388808,True,0,0,120.0,117.357746073,0.0,28408.7053752152,26423.999686563264,gap,"[[0.3288185550009075, 45385.888392531495], [1.29889908900077, 34265.826104368934], [1.3730100510001648, 31517.891788526544], [1.773111416001484, 31456.677148783423], [3.2341498370005866, 29455.917671765932], [28.367511142001604, 28752.680913946733], [28.877586227001302, 28752.680913946733], [32.787812272003066, 28051.87549476173], [50.447972576999746, 28051.87549476173], [67.0406838179988, 28051.87549476173], [75.45604292699863, 27246.335305034536], [77.08985404399937, 27165.0282493888]]",117.357746073,117.353348881,0.9999625317275839,False,75.0,1209.81640625,3,374.0,False,1.0,4.0,9eff653b71fb65fbf4d0,,,,,,,,,,,,,
uniforme_m50_n200_r3.0_s4000,uniforme,3.0,50,200,adaptativa:pl,26894.769674111674,True,-1,0,120.0,117.358529445,0.0,28408.7053752152,26423.999686563264,gap,"[[0.2624302429976524, 36089.47390471595], [0.38744677399881766, 32831.24067691757], [0.48074313099641586, 32749.203034882335], [0.5070346719985537, 31136.89754377671], [1.6333034389972454, 26929.360047632563], [14.604101540997362, 26921.662416047788], [16.31797694499619, 26916.896605612925], [17.921658127997944, 26916.556256621243], [19.333072789999278, 26894.769674111667], [28.853738670994062, 26894.769674111667], [50.432393659997615, 26894.769674111667], [67.02778749099525, 26894.769674111667]]",117.358529445,117.347980079,0.9999101099336376,False,75.0,1294.39453125,1,2195.0,False,1.0,4.0,9eff653b71fb65fbf4d0,,,,,,,,,,,,,
uniforme_m50_n200_r3.0_s4000,uniforme,3.0,50,200,completo,27006.026919828866,True,-1,0,120.0,114.023953427,0.0,28408.7053752152,26423.999686563264,gap,"[[0.5905243309971411, 79365.96991322935], [4.367816980997304, 38302.847465422696], [4.949489876998996, 37251.34564229963], [5.073700038999959, 37202.112044536465], [5.77468275299907, 36381.41088140864], [5.912500017999264, 36176.752388205525], [5.984852325997053, 36170.47445004706], [12.83159396499832, 33909.022460954664], [12.902333030997397, 28408.70537521519], [104.26492097499795, 27006.02691982886]]",114.023953427,114.019808296,0.9999636468401997,False,75.0,1209.81640625,3,249.0,False,1.0,1.0,9eff653b71fb65fbf4d0,,,,,,,,,,,,,
uniforme_m50_n200_r3.0_s4000,uniforme,3.0,50,200,hibrido:rotacao,27064.392951935162,True,-1,0,120.0,119.986552258,0.0,28408.7053752152,26423.999686563264,gap,"[[0.3197734630011837, 45385.888392531495], [1.29040384900145, 34265.826104368934], [1.363739374999568, 31517.891788526544], [1.7623080580015085, 31456.677148783423], [3.2243332819998614, 29455.917671765932], [14.687606976996904, 29455.917671765932], [19.197294076995604, 28051.87549476173], [25.333994332995644, 28051.87549476173], [33.808354262997454, 28051.87549476173], [42.22852896799668, 27246.335305034536], [43.86821643199801, 27165.0282493888], [58.69634287199733, 27165.028249388808], [58.888388393999776, 27103.927634869808], [58.89505454299797, 27087.86635023487], [58.9353304139986, 27084.448025306287], [59.51762769499692, 27083.100539800012], [59.52360402299746, 27082.760190808334], [60.01223546399706, 27079.188241279837], [60.932576223996875, 27078.653431705145], [61.7986733789985, 27076.87752783785], [62.58426917699762, 27074.349151819435], [64.05883813999753, 27073.209554963665], [64.15015689099891, 27072.262612974202], [64.21730186299828, 27068.897541975974], [64.28964913199889, 27065.362917653565], [68.59186783599944, 27065.339893924625], [71.04749245899802, 27064.392951935162]]",119.986552258,119.98108117,0.9999544024901371,False,75.1,1209.796875,3,,,,,9eff653b71fb65fbf4d0,58.69618237999748,27165.028249388808,1019.0,1019.0,86.0,"{""interior"": 255, ""fronteira"": 255, ""liberacao"": 255, ""regret"": 254, ""abertura"": 0}","{""interior"": 2, ""fronteira"": 5, ""liberacao"": 6, ""regret"": 2, ""abertura"": 0}",0.893337799996516,60.163980084922514,0.0,620.0,0.0,
uniforme_m50_n200_r3.0_s4000,uniforme,3.0,50,200,hibrido:rotacao,26897.515907952613,True,-1,1,120.0,119.962431166,0.0,28408.7053752152,26423.999686563264,gap,"[[0.3200181389984209, 45385.888392531495], [1.2904389169998467, 34265.826104368934], [1.3647533779985679, 31517.891788526544], [1.7664031829990563, 31456.677148783423], [3.1650700739992317, 29455.917671765932], [14.653556328998093, 29455.917671765932], [19.12603470299655, 28051.87549476173], [25.33576654800345, 28051.87549476173], [33.81707037700471, 28051.87549476173], [42.275956258003134, 27246.335305034536], [44.78097396200246, 27220.214600518906], [44.78276994900443, 27165.0282493888], [44.78940858600254, 27133.235066496032], [58.697444337998604, 27133.235066496032], [58.73812784599795, 27132.894717504354], [59.242798688999756, 27113.763747218887], [59.50483789899954, 27052.356201919345], [59.874999223000486, 26975.194302765412], [59.94899023099788, 26902.281718387472], [59.95603887700054, 26897.515907952613]]",119.962431166,119.957540536,0.9999592319866106,False,75.1,1209.81640625,3,,,,,9eff653b71fb65fbf4d0,58.69726219099903,27133.235066496032,1115.0,1115.0,67.0,"{""interior"": 279, ""fronteira"": 279, ""liberacao"": 279, ""regret"": 278, ""abertura"": 0}","{""interior"": 0, ""fronteira"": 1, ""liberacao"": 4, ""regret"": 1, ""abertura"": 0}",0.9889132790194708,60.019726793943846,0.0,792.0,0.0,
uniforme_m50_n200_r3.0_s4000,uniforme,3.0,50,200,hibrido:rotacao,26897.515907952613,True,-1,2,120.0,119.9589956,0.0,28408.7053752152,26423.999686563264,gap,"[[0.3268400829983875, 45385.888392531495], [1.297957986000256, 34265.826104368934], [1.3718093789975683, 31517.891788526544], [1.7708662090008147, 31477.894261600006], [3.173954052999761, 29455.917671765932], [14.60816365899882, 29455.917671765932], [19.54917608300093, 28054.09559624897], [25.331632650002575, 28054.09559624897], [33.63708567199865, 28054.09559624897], [41.986516716999176, 27246.335305034536], [43.276086619000125, 27220.214600518906], [43.2778412009975, 27165.0282493888], [43.28300084199873, 27133.235066496032], [58.68724615700194, 27133.235066496032], [58.70114013100101, 27132.894717504354], [59.28144647500085, 27059.737738452728], [59.289553308000905, 27034.629968671507], [59.39715744800196, 26898.930742340795], [59.40383917000145, 26897.58325683452], [61.904487563002476, 26897.515907952613]]",119.9589956,119.948854352,0.9999154607126437,False,75.0,1209.34375,2,,,,,9eff653b71fb65fbf4d0,58.68708785900162,27133.235066496032,1139.0,1139.0,79.0,"{""interior"": 285, ""fronteira"": 285, ""liberacao"": 285, ""regret"": 284, ""abertura"": 0}","{""interior"": 1, ""fronteira"": 0, ""liberacao"": 3, ""regret"": 2, ""abertura"": 0}",0.9901632340588549,60.03239302401562,0.0,805.0,0.0,
uniforme_m50_n200_r3.0_s4000,uniforme,3.0,50,200,hibridopl:rotacao,26897.36870159304,True,-1,0,120.0,119.96162817,0.0,28408.7053752152,26423.999686563264,gap,"[[0.2656976370017219, 36089.47390471595], [0.39008712700160686, 32831.24067691757], [0.4828982890030602, 32749.203034882335], [0.5092475200035551, 31136.89754377671], [1.6324670690009953, 26929.360047632563], [14.604891151004267, 26929.360047632563], [25.316303706000326, 26929.360047632563], [33.794778489002056, 26929.360047632563], [58.697524032999354, 26929.360047632563], [59.54296679300023, 26922.996466362587], [61.30612819599992, 26915.83154760167], [65.78283812800146, 26897.36870159304]]",119.96162817,119.949989425,0.999902979434528,False,75.1,1209.34375,2,,,,,9eff653b71fb65fbf4d0,58.697370792000584,26929.360047632563,863.0,863.0,204.0,"{""interior"": 216, ""fronteira"": 216, ""liberacao"": 216, ""regret"": 215, ""abertura"": 0}","{""interior"": 0, ""fronteira"": 2, ""liberacao"": 1, ""regret"": 0, ""abertura"": 0}",0.7477050850320666,60.33286457103168,0.0,580.0,0.0,
uniforme_m50_n200_r3.0_s4000,uniforme,3.0,50,200,hibridopl:rotacao,26894.860830314283,True,-1,1,120.0,119.9855808,0.0,28408.7053752152,26423.999686563264,gap,"[[0.42304712800250854, 36089.47390471595], [0.5490542360057589, 32831.24067691757], [0.6428171340048721, 30635.28374823596], [1.7982689540040155, 26929.360047632563], [14.456918649004365, 26929.360047632563], [16.746710280003754, 26919.687257592886], [25.30976037200162, 26919.687257592886], [33.8149586330037, 26919.687257592886], [58.69782514500184, 26919.687257592886], [58.880961253998976, 26913.32367632291], [60.64872648399978, 26894.860830314283]]",119.9855808,119.972922548,0.9998945018900137,False,75.1,1294.30859375,1,,,,,9eff653b71fb65fbf4d0,58.69763821000015,26919.687257592886,1151.0,1151.0,227.0,"{""interior"": 288, ""fronteira"": 288, ""liberacao"": 288, ""regret"": 287, ""abertura"": 0}","{""interior"": 0, ""fronteira"": 2, ""liberacao"": 0, ""regret"": 0, ""abertura"": 0}",0.9869725969729188,60.05858346095192,0.0,806.0,0.0,
uniforme_m50_n200_r3.0_s4000,uniforme,3.0,50,200,hibridopl:rotacao,26896.690849712148,True,-1,2,120.0,119.986041385,0.0,28408.7053752152,26423.999686563264,gap,"[[0.3826052000040363, 36089.47390471595], [0.507381264003925, 32831.24067691757], [0.6002215670050646, 30649.243665124377], [1.773380888003885, 26929.360047632563], [12.972039540007245, 26921.03065116344], [14.454015995004738, 26921.03065116344], [25.308831592003116, 26921.03065116344], [33.81477573500524, 26921.03065116344], [43.044127000004664, 26915.15369572078], [58.69696490500428, 26915.15369572077], [58.837456463003036, 26896.690849712148]]",119.986041385,119.976339024,0.9999191375856058,False,75.0,1209.34375,2,,,,,9eff653b71fb65fbf4d0,58.696808200002124,26915.15369572077,1183.0,1183.0,350.0,"{""interior"": 296, ""fronteira"": 296, ""liberacao"": 296, ""regret"": 295, ""abertura"": 0}","{""interior"": 0, ""fronteira"": 1, ""liberacao"": 0, ""regret"": 0, ""abertura"": 0}",1.0331021220590628,59.999279398009094,0.0,854.0,0.0,
uniforme_m50_n200_r3.0_s4000,uniforme,3.0,50,200,kernel,26894.769674111674,True,-1,0,120.0,118.377518938,0.0,28408.7053752152,26423.999686563264,gap,"[[0.4697957979988132, 36089.47390471595], [0.5948895080000511, 32831.24067691757], [0.6882957439993334, 32749.203034882335], [0.7151585659994453, 31136.89754377671], [1.848315081999317, 26929.360047632563], [14.80786795399763, 26921.662416047788], [16.521776355999464, 26916.896605612925], [18.119648986998072, 26916.556256621243], [19.5264114169986, 26894.769674111667], [28.72540548699908, 26894.769674111667], [57.65987403600229, 26894.769674111667], [87.49784596800237, 26894.769674111667]]",118.377518938,118.366744742,0.9999089844414999,False,75.0,1294.39453125,1,2644.0,,0.3,4.0,9eff653b71fb65fbf4d0,,,,,,,,,,,,,0.17095468600018648
uniforme_m50_n200_r3.0_s4001,uniforme,3.0,50,200,adaptativa:gnn,31285.743794809856,True,0,0,120.0,117.37040853,0.0,31736.821318739458,29462.125833038797,gap,"[[0.5112619369974709, 47708.82048952212], [1.722817046000273, 37299.32726637654], [1.7847188289997575, 37024.37673306945], [2.1946322259973385, 36062.21296673163], [3.668614352998702, 33195.29200645717], [24.337231202000112, 32178.890607417285], [27.705803254000784, 32148.814502187066], [27.73523219100025, 32095.376178668084], [28.75660063399846, 32095.376178668084], [32.52193900599741, 31480.158708639352], [32.9588213959978, 31285.74379480987], [50.46462438999879, 31285.74379480987], [67.26100002699604, 31285.74379480987]]",117.37040853,117.363187624,0.9999384776274494,False,75.0,1209.7421875,2,196.0,False,1.0,4.0,9eff653b71fb65fbf4d0,,,,,,,,,,,,,
uniforme_m50_n200_r3.0_s4001,uniforme,3.0,50,200,adaptativa:pl,30766.636482373317,True,-1,0,120.0,117.368210122,0.0,31736.821318739458,29462.125833038797,gap,"[[0.324149228996248, 39146.837102692174], [0.5759468819960603, 34196.17507866285], [1.9871844309964217, 33054.066996286885], [2.019019537994609, 32882.093884141934], [2.019603314995038, 32861.461053253726], [2.0223771119963203, 32743.756696805343], [4.884883063994494, 31414.926193294745], [19.733492693994776, 30920.336818270356], [24.963262691995624, 30798.7290057786], [28.667515406996245, 30766.63648237333], [28.892323027997918, 30766.63648237333], [50.462510250996274, 30766.63648237333], [67.2302566349972, 30766.63648237333]]",117.368210122,117.359954176,0.9999296577327761,False,75.1,1209.34375,2,765.0,False,1.0,4.0,9eff653b71fb65fbf4d0,,,,,,,,,,,,,
uniforme_m50_n200_r3.0_s4001,uniforme,3.0,50,200,completo,31353.851633569877,True,-1,0,120.0,114.024731617,0.0,31736.821318739458,29462.125833038797,gap,"[[0.622714007000468, 81712.53885991852], [4.758198206000088, 40306.73961790552], [5.418614317000902, 39198.75776747543], [5.559444802001963, 39174.029661731096], [5.670845716002077, 37364.646957446996], [11.69442403100038, 32560.39032882085], [64.93903634200251, 31611.103008948914], [70.32592323599965, 31526.43504845754], [94.83692353600054, 31353.8516335699]]",114.024731617,114.01975933,0.9999563929076658,False,75.1,1211.5390625,3,453.0,False,1.0,1.0,9eff653b71fb65fbf4d0,,,,,,,,,,,,,
uniforme_m50_n200_r3.0_s4001,uniforme,3.0,50,200,hibrido:rotacao,30327.31125009822,True,-1,0,120.0,119.984809522,0.0,31736.821318739458,29462.125833038797,gap,"[[0.3798073079997266, 47708.82048952212], [1.5933188539966068, 37299.32726637654], [1.6536316689998785, 37024.37673306945], [2.065407720998337, 36062.21296673163], [3.5476904259994626, 33195.29200645717], [14.496607847999258, 33195.29200645717], [18.318511528999807, 31480.158708639352], [18.75568183699943, 31285.74379480987], [25.566455180003686, 31285.74379480987], [33.667110366001, 31285.74379480987], [58.6902310009973, 31285.743794809856], [60.456860540998605, 30708.627969284134], [60.46368512399931, 30632.399842284103], [62.54759324399856, 30398.68044108725], [62.554601534997346, 30393.863720029854], [62.78869076299816, 30381.55662581687], [71.47950819399921, 30373.03364978615], [73.55213081499824, 30327.31125009822]]",119.984809522,119.980845059,0.9999669586257144,False,75.0,1211.5390625,3,,,,,9eff653b71fb65fbf4d0,58.69008334599857,31285.743794809856,423.0,423.0,41.0,"{""interior"": 106, ""fronteira"": 106, ""liberacao"": 106, ""regret"": 105, ""abertura"": 0}","{""interior"": 0, ""fronteira"": 2, ""liberacao"": 3, ""regret"": 2, ""abertura"": 0}",0.29016022696669097,60.890097239011084,0.0,300.0,0.0,
uniforme_m50_n200_r3.0_s4001,uniforme,3.0,50,200,hibrido:rotacao,30287.627572761034,True,-1,1,120.0,119.986736,0.0,31736.821318739458,29462.125833038797,gap,"[[0.37786859599873424, 47708.82048952212], [1.5899754109996138, 37299.32726637654], [1.6514819039985014, 37024.37673306945], [2.06248440499985, 36062.21296673163], [3.463212794998981, 35735.65794386776], [3.5967837319985847, 33204.0820725553], [14.496601599999849, 33204.0820725553], [18.309406525997474, 31480.158708639352], [18.742844642998534, 31285.74379480987], [25.552268396000727, 31285.74379480987], [33.666167205999955, 31285.74379480987], [58.6904290090024, 31285.743794809856], [59.92094426200492, 31283.085743733296], [61.20190491900212, 30705.96991820757], [61.212576751004235, 30646.758334049322], [61.33425617800458, 30624.925070150144], [61.35912127400297, 30319.20318493752], [65.29706896700372, 30303.54627926958], [69.85006095000426, 30287.627572761034]]",119.986736,119.979085857,0.9999362417609227,False,75.0,1209.7421875,2,,,,,9eff653b71fb65fbf4d0,58.690260898001725,31285.743794809856,287.0,287.0,39.0,"{""interior"": 72, ""fronteira"": 72, ""liberacao"": 72, ""regret"": 71, ""abertura"": 0}","{""interior"": 1, ""fronteira"": 2, ""liberacao"": 2, ""regret"": 2, ""abertura"": 0}",0.2150968969835958,61.009062098022696,0.0,165.0,0.0,
uniforme_m50_n200_r3.0_s4001,uniforme,3.0,50,200,hibrido:rotacao,30614.800686288363,True,-1,2,120.0,119.988524985,0.0,31736.821318739458,29462.125833038797,gap,"[[0.3708185859977675, 47708.82048952212], [1.5757788909977535, 37299.32726637654], [1.6352622819977114, 37024.37673306945], [2.0447976340001333, 36062.21296673163], [3.57252913299817, 33190.620204226776], [14.707622034999076, 33190.620204226776], [18.51868258399918, 31480.158708639352], [18.99164536799799, 31285.74379480987], [25.358608317998005, 31285.74379480987], [33.65870695199919, 31285.74379480987], [58.68903410300118, 31285.743794809856], [59.923923311002, 31065.725355426628], [60.461464226002136, 30996.10457169853], [61.029797926003084, 30832.20443941024], [63.07128365400422, 30730.909230150275], [63.96308579200195, 30728.25117907371], [65.25291696700151, 30704.244957892282], [65.9108425700033, 30694.053139186104], [68.58863435800231, 30684.047817445273], [78.40002917000311, 30683.941882433563], [88.35895271600384, 30622.749706684503], [88.88721489800446, 30619.573192445885], [90.53661005200411, 30614.800686288363]]",119.988524985,119.976803542,0.9999023119669029,False,75.0,1300.99609375,1,,,,,9eff653b71fb65fbf4d0,58.68888824100213,31285.743794809856,259.0,259.0,40.0,"{""interior"": 65, ""fronteira"": 65, ""liberacao"": 65, ""regret"": 64, ""abertura"": 0}","{""interior"": 2, ""fronteira"": 5, ""liberacao"": 3, ""regret"": 2, ""abertura"": 0}",0.19088792300317436,61.0367400980067,0.0,104.0,0.0,
uniforme_m50_n200_r3.0_s4001,uniforme,3.0,50,200,hibridopl:rotacao,30196.846693454263,True,-1,0,120.0,119.984505135,0.0,31736.821318739458,29462.125833038797,gap,"[[0.4549709149978298, 39146.837102692174], [0.7073202259998652, 34196.17507866285], [2.121919501998491, 33054.066996286885], [2.154554320997704, 32882.093884141934], [2.1551175879976654, 32861.461053253726], [2.157839535997482, 32743.756696805343], [5.028128096997534, 31414.926193294745], [14.483162938999158, 31414.92619329474], [16.6882020669982, 30733.418507654165], [16.699228042998584, 30731.052185774664], [25.338584011999046, 30731.052185774664], [30.061051893000695, 30692.07568040967], [30.070164918000955, 30688.212824554168], [33.864852678001625, 30688.212824554168], [44.725011385999096, 30669.60454080939], [44.736149578999175, 30663.75071496614], [44.74061364299996, 30655.48873403397], [58.69986777200029, 30655.488734033956], [59.75281962000008, 30653.141495606906], [60.60304885200094, 30387.037113624196], [61.11940959099957, 30367.99019607713], [61.159008578000794, 30361.669562035066], [62.03203995399963, 30287.29784997392], [62.04189835500074, 30274.05377418467], [62.05172318499899, 30271.4689895419], [62.83333818299798, 30242.240087127946], [63.85661520699796, 30239.779083542373], [63.92427556899929, 30234.642185144177], [64.0314098150011, 30232.704080023304], [65.3314272960015, 30214.663498538634], [66.35373824799899, 30209.98942535949], [66.37543711299804, 30209.974719231446], [66.53202256399891, 30196.846693454263]]",119.984505135,119.979759983,0.9999604519600706,False,75.1,1211.5390625,3,,,,,9eff653b71fb65fbf4d0,58.6997217499993,30655.488734033956,251.0,251.0,156.0,"{""interior"": 63, ""fronteira"": 63, ""liberacao"": 63, ""regret"": 62, ""abertura"": 0}","{""interior"": 3, ""fronteira"": 3, ""liberacao"": 4, ""regret"": 5, ""abertura"": 0}",0.17462663504920783,61.04067089898672,0.0,162.0,0.0,
uniforme_m50_n200_r3.0_s4001,uniforme,3.0,50,200,hibridopl:rotacao,30288.98341005667,True,-1,1,120.0,119.988492746,0.0,31736.821318739458,29462.125833038797,gap,"[[0.3221571650065016, 39146.837102692174], [0.5722891650075326, 34196.17507866285], [3.8321369040058926, 33967.435105260374], [6.047300230005931, 31538.580228109113], [12.776960678005707, 31479.76578972786], [12.77755688700563, 31416.81890156245], [12.778233651006303, 31367.490013115406], [14.632083085001796, 31367.490013115406], [22.959339834003913, 30810.24343428762], [25.34363515300356, 30810.243434287637], [33.65127484000186, 30810.243434287637], [58.68915774099878, 30810.24343428761], [58.93371269999989, 30798.467450869153], [59.43889412099816, 30753.022364572513], [59.446364399998856, 30669.617731166345], [59.50448027400125, 30572.536340861854], [59.974578545999975, 30560.81211782575], [59.98316611499831, 30543.54796381166], [60.1741146150016, 30534.84903868512], [60.20137859700117, 30505.459408822004], [60.322703506000835, 30448.309521179985], [60.358407550000265, 30446.53129640236], [61.52457045199844, 30441.05211509331], [63.833408685000904, 30372.93469973], [63.8802162159991, 30369.289578053707], [65.17166137399909, 30365.977934869537], [65.22575121499904, 30363.519163882323], [65.23405907699998, 30361.3862061064], [65.30826911099939, 30356.718185370486], [75.03190961699875, 30317.90642900103], [81.78315517599913, 30288.98341005667]]",119.988492746,119.979656722,0.9999263594049914,False,75.1,1209.7421875,2,,,,,9eff653b71fb65fbf4d0,58.688987655001256,30810.24343428761,295.0,295.0,186.0,"{""interior"": 74, ""fronteira"": 74, ""liberacao"": 74, ""regret"": 73, ""abertura"": 0}","{""interior"": 3, ""fronteira"": 5, ""liberacao"": 7, ""regret"": 4, ""abertura"": 0}",0.19901952103464282,61.02108104703075,0.0,156.0,0.0,
uniforme_m50_n200_r3.0_s4001,uniforme,3.0,50,200,hibridopl:rotacao,30211.894367671535,True,-1,2,120.0,119.982152517,0.0,31736.821318739458,29462.125833038797,gap,"[[0.5644242360031058, 39146.837102692174], [0.8163691650042892, 34196.17507866285], [2.2454003800012288, 33079.17614133862], [6.486642693002068, 31501.857959708792], [9.580003657003545, 31136.298311319533], [14.181425752001815, 30685.272177021146], [14.488778158003697, 30685.27217702116], [25.340915969998605, 30685.27217702116], [33.8690593570027, 30685.27217702116], [58.70034330800263, 30685.272177021146], [58.719010546999925, 30681.00613936887], [58.751356701002805, 30584.630661953932], [59.264789406999625, 30500.231619736835], [59.27250480600196, 30458.081951049116], [59.286993526002334, 30454.799660351106], [59.82244604600055, 30427.786651908256], [60.021789829002955, 30414.717406614727], [61.05326783599958, 30407.796895098712], [61.285983931000374, 30404.079418334262], [62.55210304600041, 30372.665112473787], [62.67461773800096, 30366.896391289556], [62.68659479000053, 30341.986137492364], [62.69360093599971, 30340.13657577658], [62.708769925000524, 30328.847935126047], [62.771603252000205, 30314.22114032315], [62.788140165001096, 30289.442222764417], [62.898493511002016, 30287.1311780904], [63.47304715700011, 30239.955539563212], [69.24757654399946, 30235.264625193508], [69.29870492800183, 30234.29976895261], [69.35833300300146, 30232.87914238213], [72.81304245900174, 30232.666064067198], [76.34950403000039, 30221.799330077545], [80.80369387800238, 30219.425879476024], [93.49334691100012, 30216.518866545204], [106.88713279300282, 30211.894367671535]]",119.982152517,119.97011685,0.9998996878556726,False,75.0,1300.99609375,1,,,,,9eff653b71fb65fbf4d0,58.70018646600147,30685.272177021146,395.0,395.0,314.0,"{""interior"": 99, ""fronteira"": 99, ""liberacao"": 99, ""regret"": 98, ""abertura"": 0}","{""interior"": 5, ""fronteira"": 12, ""liberacao"": 4, ""regret"": 5, ""abertura"": 0}",0.2599031039608235,60.914843904043664,0.0,160.0,0.0,
uniforme_m50_n200_r3.0_s4001,uniforme,3.0,50,200,kernel,30798.729005778587,True,-1,0,120.0,117.611865324,0.0,31736.821318739458,29462.125833038797,gap,"[[0.32225857700177585, 39146.837102692174], [0.5727345529994636, 34196.17507866285], [1.9797950249994756, 33054.066996286885], [2.011648931998934, 32882.093884141934], [2.012211040000693, 32861.461053253726], [2.014967622999393, 32743.756696805343], [4.863661335999495, 31414.926193294745], [19.71342895700218, 30920.336818270356], [24.96608014600133, 30798.7290057786], [28.93379317400104, 30798.7290057786], [72.15472534699802, 30798.7290057786]]",117.611865324,117.598239051,0.9998841420211944,False,75.1,1300.99609375,1,832.0,,0.36,3.0,9eff653b71fb65fbf4d0,,,,,,,,,,,,,0.20951709300061339
uniforme_m50_n200_r3.0_s4002,uniforme,3.0,50,200,adaptativa:gnn,30600.333266359965,True,0,0,120.0,117.367763557,0.0,29666.217477831164,28113.99508776579,gap,"[[0.3518416139995679, 44105.870566728176], [1.2041494459990645, 37970.8502592641], [3.0326179299991054, 32952.35399962767], [11.254513782998401, 31993.51007766259], [13.160312093998073, 31406.230981694443], [28.24260347299787, 30618.863740105244], [28.889372507997905, 30618.86374010527], [33.6966707199972, 30600.33326635998], [50.45601700900079, 30600.33326635998], [67.22966930700204, 30600.33326635998]]",117.367763557,117.363327234,0.9999622015205406,False,75.1,1214.0859375,3,324.0,False,1.0,4.0,9eff653b71fb65fbf4d0,,,,,,,,,,,,,
uniforme_m50_n200_r3.0_s4002,uniforme,3.0,50,200,adaptativa:pl,28745.745360906192,True,-1,0,120.0,117.368173475,0.0,29666.217477831164,28113.99508776579,gap,"[[0.29221187999428366, 40613.86291958612], [0.5803975049966539, 32233.059890433775], [0.9708318159937335, 32193.556246128966], [1.0395638499940105, 32189.938497785308], [1.120576325996808, 32158.795081920853], [2.2629093209943676, 30334.232669172263], [21.07174535199374, 30218.5060346439], [24.148518873993453, 29982.823977235275], [28.996511105993704, 29982.823977235275], [32.37061162499231, 29950.69927239106], [47.43387077899388, 29916.430863797334], [50.45115175099272, 29916.430863797334], [55.41798264199315, 28998.632901994977], [55.42113355199399, 28783.519694218707], [55.42304091199185, 28778.991945844708], [67.22002216999317, 28778.991945844708], [77.94368450899492, 28758.366203980688], [77.95522209199407, 28754.317687209536], [77.97649967499456, 28745.745360906207]]",117.368173475,117.364200876,0.9999661526725484,False,75.0,1214.0859375,3,548.0,False,1.0,4.0,9eff653b71fb65fbf4d0,,,,,,,,,,,,,
uniforme_m50_n200_r3.0_s4002,uniforme,3.0,50,200,completo,28907.369867201116,True,-1,0,120.0,114.021185099,0.0,29666.217477831164,28113.99508776579,gap,"[[0.5199633509982959, 76309.62072899297], [4.0860774149987265, 38016.54411187327], [4.816166599997814, 35950.17923755626], [13.239809468999738, 34568.119108833314], [13.386420225997426, 32357.144964936695], [56.14243173700015, 30685.68071135128], [56.145327591999376, 30681.661533057322], [61.429098054999486, 29789.210804096983], [78.69839219699861, 29450.294834377746], [92.28735947300083, 28907.369867201116]]",114.021185099,114.009864068,0.9999007111617884,False,75.0,1300.99609375,1,213.0,False,1.0,1.0,9eff653b71fb65fbf4d0,,,,,,,,,,,,,
uniforme_m50_n200_r3.0_s4002,uniforme,3.0,50,200,hibrido:rotacao,30142.398767147984,True,-1,0,120.0,119.986861271,0.0,29666.217477831164,28113.99508776579,gap,"[[0.3478979049978079, 44105.870566728176], [1.202022240999213, 37970.8502592641], [3.0192255369984196, 32952.35399962767], [11.195870594998269, 31993.51007766259], [13.094699125998886, 31406.230981694443], [14.475417920002656, 31406.230981694465], [19.423865637003473, 31246.68071745129], [25.493815122998058, 31246.68071745129], [30.70621731999927, 31199.296243384757], [30.764069834996917, 30820.248040361847], [30.771352353996917, 30814.847870830137], [30.772720603996277, 30812.36008314256], [33.64815718400132, 30812.36008314256], [46.0677752599986, 30781.439830776028], [46.07170224600122, 30780.609698596567], [58.68951297500098, 30780.609698596563], [58.71918390499923, 30778.70714163205], [59.22858106199783, 30535.124811849782], [59.23622232299749, 30479.362409225403], [60.00168613400092, 30248.51096801333], [60.517596680998395, 30234.862372981694], [60.552524569000525, 30224.656160792205], [67.1303079270001, 30219.878682888255], [68.81382997900073, 30217.976231036562], [68.82536735999747, 30208.076097918543], [73.91653974699875, 30207.561096772915], [74.46890563799752, 30193.96169219194], [76.90769002399975, 30185.0791374488], [76.99544806300037, 30167.522816510293], [77.05169914699945, 30163.487738741595], [97.91188770299777, 30157.388130422343], [109.94830425699911, 30147.568737356527], [111.24549510699944, 30142.398767147984]]",119.986861271,119.979511216,0.9999387428346559,False,75.0,1209.7421875,2,,,,,9eff653b71fb65fbf4d0,58.68935798799794,30780.609698596563,183.0,183.0,68.0,"{""interior"": 46, ""fronteira"": 46, ""liberacao"": 46, ""regret"": 45, ""abertura"": 0}","{""interior"": 3, ""fronteira"": 5, ""liberacao"": 3, ""regret"": 6, ""abertura"": 0}",0.12921034297687584,61.11119904600491,0.0,46.0,0.0,
uniforme_m50_n200_r3.0_s4002,uniforme,3.0,50,200,hibrido:rotacao,30120.511449710215,True,-1,1,120.0,119.984982244,0.0,29666.217477831164,28113.99508776579,gap,"[[0.561199260999274, 44105.870566728176], [1.4066867619985715, 37970.8502592641], [3.412187517998973, 32955.93782796664], [14.490898288000608, 32955.93782796664], [19.52746445199955, 31514.492220092892], [25.33607368400044, 31514.492220092892], [30.6014318430025, 31208.30945780424], [33.84991401500156, 31208.30945780424], [58.69924831300159, 31208.309457804236], [59.760426559001644, 30807.454314691444], [61.051174907999666, 30701.56939643091], [61.07344779300183, 30699.074955874978], [62.74842808299945, 30348.34729379739], [62.77054479399885, 30341.932474163295], [65.25516984099886, 30341.895549756635], [66.0577254000018, 30200.218568850014], [66.66465979200075, 30176.389557792638], [68.70431653700143, 30149.494588340072], [68.83419841100113, 30132.048915850894], [69.11391522900158, 30130.838918920428], [70.71235132799848, 30126.30901597381], [70.9917829090009, 30124.58116701858], [74.42685229899871, 30124.502093591786], [74.44828930299991, 30122.16392383886], [87.8062783480018, 30120.511449710215]]",119.984982244,119.970933078,0.9998829089629615,False,75.1,1300.99609375,1,,,,,9eff653b71fb65fbf4d0,58.69907203800176,31208.309457804236,763.0,763.0,55.0,"{""interior"": 191, ""fronteira"": 191, ""liberacao"": 191, ""regret"": 190, ""abertura"": 0}","{""interior"": 1, ""fronteira"": 6, ""liberacao"": 8, ""regret"": 1, ""abertura"": 0}",0.5924635530136584,60.51401941401491,0.0,502.0,0.0,
uniforme_m50_n200_r3.0_s4002,uniforme,3.0,50,200,hibrido:rotacao,30095.163511611445,True,-1,2,120.0,119.982828373,0.0,29666.217477831164,28113.99508776579,gap,"[[0.3474102289947041, 44105.870566728176], [1.1971087769961741, 37970.8502592641], [3.022285937997367, 32952.35399962767], [13.12853588899452, 31914.877414463037], [14.475489880998794, 31914.87741446305], [18.60713270799897, 31501.778999060272], [25.32474606699543, 31501.778999060272], [31.50980091299425, 31202.346477999843], [33.87283276499511, 31202.346477999843], [58.70013633400231, 31202.34647799984], [58.71706708000056, 31194.010072207304], [58.7260899210014, 31175.254483725235], [59.24784372100112, 31171.823276046838], [59.753046521000215, 31039.420880860187], [60.26550423200024, 30718.86284415173], [60.36849826100297, 30716.804118018226], [61.20348574300078, 30701.357459028644], [61.9680323850007, 30698.234564647464], [62.005566486001044, 30697.618516679304], [62.77426383900092, 30626.860675107324], [64.10934032300065, 30567.51870977418], [64.6143746960006, 30458.25255701803], [64.6359981750029, 30454.45134484389], [67.00668622700323, 30135.599209834687], [69.73208613300085, 30101.550917735432], [77.25493631300196, 30095.163511611445]]",119.982828373,119.978934702,0.9999675480979003,False,75.0,1214.0859375,3,,,,,9eff653b71fb65fbf4d0,58.69997251300083,31202.34647799984,179.0,179.0,53.0,"{""interior"": 45, ""fronteira"": 45, ""liberacao"": 45, ""regret"": 44, ""abertura"": 0}","{""interior"": 5, ""fronteira"": 6, ""liberacao"": 4, ""regret"": 1, ""abertura"": 0}",0.11756335802056128,61.107947436008544,0.0,88.0,0.0,
uniforme_m50_n200_r3.0_s4002,uniforme,3.0,50,200,hibridopl:rotacao,29469.528819554733,True,-1,0,120.0,119.986949687,0.0,29666.217477831164,28113.99508776579,gap,"[[0.4297455399973842, 40613.86291958612], [0.7212690239975927, 32233.059890433775], [1.1161999219984864, 32193.556246128966], [1.1851186969979608, 32189.938497785308], [1.2666369029975613, 32158.795081920853], [2.4099053729987645, 30334.232669172263], [14.468937743000424, 30334.232669172266], [25.32455621799818, 30334.232669172266], [33.83330081399981, 30334.232669172266], [58.69852968899795, 30334.23266917227], [59.72875657699842, 29941.822598640632], [59.736330560997885, 29941.324835392974], [59.803550755998, 29935.423670645017], [60.32766417199673, 29916.335769876783], [62.69001621999632, 29568.292007451495], [62.706856170996616, 29558.476721574505], [62.712330078997184, 29542.199036841426], [62.779979067996464, 29541.781947394742], [65.11837956899763, 29526.862706264597], [65.15144313399651, 29469.528819554733]]",119.986949687,119.979189067,0.9999353211326711,False,75.1,1209.7421875,2,,,,,9eff653b71fb65fbf4d0,58.69837385599749,30334.23266917227,239.0,239.0,108.0,"{""interior"": 60, ""fronteira"": 60, ""liberacao"": 60, ""regret"": 59, ""abertura"": 0}","{""interior"": 3, ""fronteira"": 2, ""liberacao"": 2, ""regret"": 3, ""abertura"": 0}",0.16732440401392523,61.052883336993546,0.0,164.0,0.0,
uniforme_m50_n200_r3.0_s4002,uniforme,3.0,50,200,hibridopl:rotacao,29632.381563215615,True,-1,1,120.0,119.993316709,0.0,29666.217477831164,28113.99508776579,gap,"[[0.29743543900258373, 40613.86291958612], [0.5859060020047764, 32233.059890433775], [1.9917795470028068, 31783.56003800435], [2.0168687910045264, 30366.960966304396], [14.459704444001545, 30366.960966304396], [25.533289536004304, 30366.960966304396], [33.649034713005676, 30366.960966304396], [58.689659353000025, 30366.960966304392], [58.704462926001725, 30364.29048160583], [58.756124006999016, 30362.340286286046], [59.306612369000504, 30195.82592099716], [59.810881682999025, 30097.354390934], [59.823118987998896, 30090.7142579511], [60.619121951000125, 30079.80935104207], [60.629831392001506, 30070.375866387618], [60.642024274002324, 30046.28296956603], [61.15358198600006, 30044.543077279344], [62.76814889700108, 30005.671849895618], [64.04980846699982, 29910.64258291479], [64.43343611900127, 29904.211481791284], [64.46590189700146, 29862.123545027367], [64.6538702220023, 29860.76949684087], [66.73005036299946, 29855.388026435696], [67.56073170699892, 29842.785636290144], [70.61193013199954, 29840.37131761307], [70.63136694400237, 29840.00303978601], [71.0643450259995, 29839.57133365273], [71.10865611100235, 29824.4784294618], [77.14486536000186, 29652.873417654177], [78.99811144400155, 29644.52086453705], [79.15107518600053, 29632.381563215615]]",119.993316709,119.98583851,0.9999376782040442,False,75.0,1209.7421875,2,,,,,9eff653b71fb65fbf4d0,58.68950087900157,30366.960966304392,351.0,351.0,99.0,"{""interior"": 88, ""fronteira"": 88, ""liberacao"": 88, ""regret"": 87, ""abertura"": 0}","{""interior"": 5, ""fronteira"": 8, ""liberacao"": 7, ""regret"": 3, ""abertura"": 0}",0.28269518995148246,60.93104299399056,0.0,165.0,0.0,
uniforme_m50_n200_r3.0_s4002,uniforme,3.0,50,200,hibridopl:rotacao,29389.178740019495,True,-1,2,120.0,119.986276281,0.0,29666.217477831164,28113.99508776579,gap,"[[0.29918394500055, 40613.86291958612], [0.5889762980004889, 32233.059890433775], [0.9652005130010366, 32225.89038041275], [2.2685414440020395, 31756.5300910844], [2.4179178310005227, 30348.784397031384], [14.461218311000266, 30348.784397031388], [25.318199856999854, 30348.784397031388], [33.87230391200137, 30348.784397031388], [58.700765284003865, 30348.784397031388], [59.733008535004046, 30035.941983204462], [63.110570788001496, 29881.40227754013], [65.72520647500278, 29879.309368432005], [71.1353879490016, 29722.625311594635], [71.63899879100427, 29720.257148144665], [73.51999190800416, 29715.262409169445], [74.10132150400386, 29710.629941623483], [74.3130219420018, 29710.148070567906], [76.35892623300242, 29705.201896721635], [77.64160081100272, 29700.01657195465], [78.93660566700419, 29414.226080716027], [78.95718439600387, 29412.060928751016], [81.06717565700455, 29394.749185220586], [88.80621437500304, 29389.178740019495]]",119.986276281,119.982300788,0.9999668671024452,False,75.0,1214.0859375,3,,,,,9eff653b71fb65fbf4d0,58.700569300002826,30348.784397031388,215.0,215.0,105.0,"{""interior"": 54, ""fronteira"": 54, ""liberacao"": 54, ""regret"": 53, ""abertura"": 0}","{""interior"": 0, ""fronteira"": 7, ""liberacao"": 7, ""regret"": 0, ""abertura"": 0}",0.1463266590035346,61.07584579299146,0.0,84.0,0.0,
uniforme_m50_n200_r3.0_s4002,uniforme,3.0,50,200,kernel,29012.067431313975,True,-1,0,120.0,117.609984127,0.0,29666.217477831164,28113.99508776579,gap,"[[0.4514069250035391, 44479.39378848287], [1.0137971500043932, 34514.535962573216], [1.1754804980009794, 34437.3964282353], [3.130493391003256, 30672.91341521617], [15.507352426004218, 30514.145699144206], [15.508466322004097, 30375.441013513777], [28.303137323004194, 30344.5506081041], [28.76502617499864, 30344.5506081041], [72.13124989000426, 30344.5506081041], [98.93940256100177, 29102.18528570579], [114.52632821100269, 29012.067431313993]]",117.609984127,117.598912409,0.9999058607304288,False,75.0,1300.99609375,1,577.0,,0.4,3.0,9eff653b71fb65fbf4d0,,,,,,,,,,,,,0.1856154150009388
uniforme_m50_n200_r3.0_s4003,uniforme,3.0,50,200,adaptativa:gnn,28155.152253372835,True,0,0,120.0,117.360196499,0.0,28662.34712000328,26610.51548832873,gap,"[[0.30070005000015954, 41115.110543654584], [0.726463805000094, 33452.49462878287], [0.8194816790019104, 32888.23043117659], [0.8603671759992721, 32868.24448813474], [0.9377320390012756, 31015.882210367046], [2.2102985130004527, 29703.61412090346], [17.392362402999424, 29255.862449049957], [17.401622374, 29251.140770910457], [17.414781482999388, 28580.602718698858], [23.19903420400078, 28426.6033452403], [28.584454478001135, 28209.606583872275], [28.71434587100157, 28209.606583872275], [50.66240379500232, 28209.606583872275], [54.2841555360028, 28155.152253372835], [67.04732459300067, 28155.152253372835]]",117.360196499,117.356512793,0.9999686119646193,False,75.0,1222.1640625,3,594.0,False,1.0,4.0,9eff653b71fb65fbf4d0,,,,,,,,,,,,,
uniforme_m50_n200_r3.0_s4003,uniforme,3.0,50,200,adaptativa:pl,27154.47295029912,True,-1,0,120.0,117.370610996,0.0,28662.34712000328,26610.51548832873,gap,"[[0.40183610299936845, 35115.207918484455], [0.5864069249983004, 34007.42618177799], [0.6773766810001689, 33998.69169072356], [0.7261387049984478, 32300.003054816694], [0.7580546799981676, 32188.058928102142], [0.7937117670007865, 32172.85299640494], [0.9193764900010137, 32106.38456303176], [1.0275194249989, 30403.98001907071], [1.7820884569991904, 28489.986140584613], [4.304276948998449, 27489.531800135293], [4.319570397998177, 27479.652482556725], [4.32553361600003, 27404.321486680074], [5.0263139470007445, 27376.53516812625], [5.033493152997835, 27289.143360743863], [5.035069347999524, 27196.323856960676], [12.093235737000214, 27154.472950299118], [28.698113782997098, 27154.472950299118], [50.42887435800003, 27154.472950299118], [67.27405357299722, 27154.472950299118]]",117.370610996,117.365585003,0.9999571784371117,False,75.1,1222.1640625,3,1852.0,False,1.0,4.0,9eff653b71fb65fbf4d0,,,,,,,,,,,,,
uniforme_m50_n200_r3.0_s4003,uniforme,3.0,50,200,completo,27243.976371302924,True,-1,0,120.0,114.022575255,0.0,28662.34712000328,26610.51548832873,gap,"[[0.5229743019990565, 76448.23794567405], [4.714590555999166, 35261.944248609834], [5.357340144000773, 34053.718933079756], [5.479902234001202, 32285.685030951954], [10.576148896001541, 29948.156278116083], [10.6259276210003, 28760.437336672298], [69.41847422100182, 28701.60777117556], [110.69665030100077, 27243.97637130292]]",114.022575255,114.015786202,0.9999404586943873,False,72.6,1210.34375,2,323.0,False,1.0,1.0,9eff653b71fb65fbf4d0,,,,,,,,,,,,,
uniforme_m50_n200_r3.0_s4003,uniforme,3.0,50,200,hibrido:rotacao,27965.913772743286,True,-1,0,120.0,119.9699134,0.0,28662.34712000328,26610.51548832873,gap,"[[0.43640726200464997, 41115.110543654584], [0.859671320002235, 33452.49462878287], [0.9533565750025446, 32888.23043117659], [0.9948053460029769, 32868.24448813474], [1.0730972770033986, 31015.882210367046], [2.3509386020014063, 29703.61412090346], [14.477410235005664, 29703.61412090346], [17.605283694003447, 28635.049250647375], [25.324829985005636, 28635.049250647375], [33.83517920400482, 28635.049250647375], [58.699026701004186, 28635.049250647367], [58.72971941900323, 28626.566362955153], [58.88063081100336, 28199.034290132273], [60.1735577310028, 28194.751045005545], [60.72023066500333, 28181.33626919931], [60.89971021200472, 28175.064746161006], [60.92834183500236, 28155.773918230967], [61.6104117390023, 28148.690579065005], [61.64614673100368, 28142.650632122415], [66.63270660500348, 28034.416536037235], [66.65992300700236, 28027.38810024046], [66.92984111300393, 28020.09614937072], [66.97533684300288, 27989.042725154744], [67.4788035230049, 27984.01554676534], [67.58214007300194, 27965.913772743286]]",119.9699134,119.96449762,0.9999548571817174,False,29.6,1300.99609375,1,,,,,9eff653b71fb65fbf4d0,58.6988586280022,28635.049250647367,791.0,791.0,101.0,"{""interior"": 198, ""fronteira"": 198, ""liberacao"": 198, ""regret"": 197, ""abertura"": 0}","{""interior"": 0, ""fronteira"": 6, ""liberacao"": 7, ""regret"": 1, ""abertura"": 0}",0.681403248989227,60.40069156096433,0.0,547.0,0.0,
uniforme_m50_n200_r3.0_s4003,uniforme,3.0,50,200,hibrido:rotacao,27808.869206467134,True,-1,1,120.0,119.982390539,0.0,28662.34712000328,26610.51548832873,gap,"[[0.2986613449975266, 41115.110543654584], [0.7203319029977138, 33452.49462878287], [0.8133300709996547, 32888.23043117659], [0.8536307239992311, 32868.24448813475], [0.9309595449994958, 30964.54399764705], [2.193537215000106, 29703.61412090346], [8.70464322299813, 28812.93433012121], [12.324737094997545, 28791.63645486352], [14.615044514997862, 28791.63645486352], [17.543190975997277, 28635.049250647375], [25.32729729899438, 28635.049250647375], [33.810994574996585, 28635.049250647375], [58.697064944000886, 28635.049250647367], [58.7138067220003, 28633.54481034274], [58.86261122600263, 28614.6828432237], [59.36905147100333, 28197.96948323107], [59.375720209001884, 28197.57600650542], [59.38940826300313, 28190.653185714473], [59.84091828200326, 28176.960524133705], [59.89922931000183, 28165.293461299654], [59.91313185600302, 28136.65522896431], [60.204978929999925, 28130.81375338715], [60.214153987002646, 28129.309313082522], [60.289164035002614, 28122.09018471436], [62.509624065001844, 28122.064611940303], [64.80714643700048, 27808.869206467134]]",119.982390539,119.971331013,0.9999078237568837,False,75.0,1300.99609375,1,,,,,9eff653b71fb65fbf4d0,58.69690964500114,28635.049250647367,2163.0,2163.0,133.0,"{""interior"": 541, ""fronteira"": 541, ""liberacao"": 541, ""regret"": 540, ""abertura"": 0}","{""interior"": 4, ""fronteira"": 4, ""liberacao"": 3, ""regret"": 2, ""abertura"": 0}",1.8601730799673533,58.94657817800908,0.0,1639.0,0.0,
uniforme_m50_n200_r3.0_s4003,uniforme,3.0,50,200,hibrido:rotacao,27869.935801704458,True,-1,2,120.0,119.980152233,0.0,28662.34712000328,26610.51548832873,gap,"[[0.29449460600153543, 41115.110543654584], [0.7190824110002723, 33452.49462878287], [0.8124617460016452, 32888.23043117659], [0.8538399240023864, 32868.24448813475], [0.9324088510002184, 31015.882210367046], [2.347286221000104, 29704.017383908893], [9.177070527999604, 28996.700099306952], [14.460085034002987, 28996.700099306956], [17.44476799500262, 28635.049250647375], [25.311679292004555, 28635.049250647375], [33.91810289400382, 28635.049250647375], [58.703520636001485, 28635.049250647367], [58.7193237850006, 28632.16644817577], [59.48141556400151, 28096.99957861766], [59.4898263790019, 28084.454718551384], [59.53155415400033, 28077.531897760433], [59.7446287260027, 28075.514907288452], [59.80317850800202, 28069.197800235692], [60.271347109999624, 28035.00257673725], [73.30301515000247, 27880.510354828362], [74.19638016200042, 27876.065534575522], [75.95805193900014, 27869.935801704458]]",119.980152233,119.975350037,0.9999599750799559,False,75.0,1222.1640625,3,,,,,9eff653b71fb65fbf4d0,58.703291246001754,28635.049250647367,955.0,955.0,124.0,"{""interior"": 239, ""fronteira"": 239, ""liberacao"": 239, ""regret"": 238, ""abertura"": 0}","{""interior"": 1, ""fronteira"": 3, ""liberacao"": 5, ""regret"": 1, ""abertura"": 0}",0.8251143909728853,60.221199581010296,0.0,648.0,0.0,
uniforme_m50_n200_r3.0_s4003,uniforme,3.0,50,200,hibridopl:rotacao,27090.476671538712,True,-1,0,120.0,119.985061408,0.0,28662.34712000328,26610.51548832873,gap,"[[0.2666304449994641, 35115.207918484455], [0.4493519509996986, 34007.42618177799], [0.5406624149982235, 33998.69169072356], [0.5891274439964036, 32300.003054816694], [0.6207486299972516, 32188.058928102142], [0.6564094419991306, 32172.85299640494], [0.7809450349996041, 32106.38456303176], [0.8882252819967107, 30403.98001907071], [1.6413669159992423, 28489.986140584613], [4.1630975769985525, 27489.531800135293], [4.178162702999543, 27479.652482556725], [4.183989008997742, 27404.321486680074], [4.88529041899892, 27376.53516812625], [4.892435772999306, 27289.143360743863], [4.894029964998481, 27196.323856960676], [11.940371791999496, 27154.472950299118], [14.441266742000153, 27154.472950299118], [25.49188559600225, 27154.472950299118], [33.6395247449982, 27154.472950299118], [58.689570917998935, 27154.47295029912], [59.278054989998054, 27111.751170741227], [59.30397485499998, 27102.613402619638], [59.81083308199959, 27093.624349917474], [59.824397383999894, 27091.030083597667], [60.78460263799934, 27090.476671538712]]",119.985061408,119.973123808,0.9999005076143653,False,75.0,1300.99609375,1,,,,,9eff653b71fb65fbf4d0,58.689419068999996,27154.47295029912,1431.0,1431.0,399.0,"{""interior"": 358, ""fronteira"": 358, ""liberacao"": 358, ""regret"": 357, ""abertura"": 0}","{""interior"": 1, ""fronteira"": 2, ""liberacao"": 2, ""regret"": 0, ""abertura"": 0}",1.219080859053065,59.7604477839559,0.0,1021.0,0.0,
uniforme_m50_n200_r3.0_s4003,uniforme,3.0,50,200,hibridopl:rotacao,26927.514611531748,True,-1,1,120.0,119.972698737,0.0,28662.34712000328,26610.51548832873,gap,"[[0.262946416001796, 35115.207918484455], [0.446373921000486, 34007.42618177799], [0.5375491750019137, 33998.69169072356], [0.5863381620001746, 32300.003054816694], [0.6187302290018124, 32188.058928102142], [0.6544726739994076, 32172.85299640494], [0.7792738470016047, 32106.38456303176], [0.8870715880002535, 30403.98001907071], [1.6674530419986695, 28489.986140584613], [4.38673338100125, 27344.164260753118], [4.387474063001719, 27342.884584141757], [4.392334698000923, 27101.879079064536], [7.230939217999548, 27090.39574700592], [7.232404330999998, 26994.068938241024], [7.233850177999557, 26965.78232153586], [11.058890271000564, 26930.42540651577], [14.440481683002872, 26930.42540651577], [25.501573392000864, 26930.42540651577], [33.63976253800138, 26930.42540651577], [58.688461661000474, 26930.425406515773], [59.013775300001726, 26927.514611531748]]",119.972698737,119.95828568,0.9998798638594303,False,75.1,1300.99609375,1,,,,,9eff653b71fb65fbf4d0,58.68830609200086,26930.425406515773,1114.0,1114.0,511.0,"{""interior"": 279, ""fronteira"": 279, ""liberacao"": 278, ""regret"": 278, ""abertura"": 0}","{""interior"": 0, ""fronteira"": 0, ""liberacao"": 1, ""regret"": 0, ""abertura"": 0}",0.9477510069482378,60.08741173098679,0.0,801.0,0.0,
uniforme_m50_n200_r3.0_s4003,uniforme,3.0,50,200,hibridopl:rotacao,27082.430385573593,True,-1,2,120.0,119.953342652,0.0,28662.34712000328,26610.51548832873,gap,"[[0.2597204410012637, 35115.207918484455], [0.44306807099928847, 34007.42618177799], [0.5331861550002941, 34000.2850959996], [0.581068879000668, 32300.003054816694], [0.6125938760014833, 32188.058928102142], [0.6475416140019661, 32172.85299640494], [0.7724765220009431, 32106.38456303176], [0.8797545839988743, 30403.98001907071], [1.6462038270001358, 28489.986140584613], [8.202807590001612, 27533.679491339753], [14.326305147002131, 27440.977824245296], [14.671235423000326, 27440.977824245296], [16.43201105800108, 27113.15514747273], [16.43287654100277, 27108.255354529145], [16.436860582001827, 27088.411574597314], [25.31855775800068, 27088.411574597314], [33.811266513999726, 27088.411574597314], [58.698614131000795, 27088.411574597318], [58.7864139930025, 27083.838452556247], [60.888095783004246, 27082.430385573593]]",119.953342652,119.944317975,0.9999247651061615,False,75.1,1210.34375,2,,,,,9eff653b71fb65fbf4d0,58.6984533850009,27088.411574597318,950.0,950.0,245.0,"{""interior"": 238, ""fronteira"": 238, ""liberacao"": 237, ""regret"": 237, ""abertura"": 0}","{""interior"": 0, ""fronteira"": 0, ""liberacao"": 2, ""regret"": 0, ""abertura"": 0}",0.8143974889680976,60.22787823395993,0.0,662.0,0.0,
uniforme_m50_n200_r3.0_s4003,uniforme,3.0,50,200,kernel,26922.21603955824,True,-1,0,120.0,118.367442713,0.0,28662.34712000328,26610.51548832873,gap,"[[0.271112867998454, 37162.769960817015], [0.4737749519990757, 32295.533985345337], [0.7417523609983618, 32287.672525873764], [0.7825613009990775, 32277.555378448375], [0.8613588509979309, 32274.10829933307], [1.6634521810010483, 30437.198065632954], [1.722351073000027, 28767.713598702965], [14.498787542001082, 28516.153839338116], [16.722882075999223, 27561.03636224677], [20.267967642997974, 27366.952998165478], [26.85196296799768, 27320.557287415242], [28.879067203004524, 27320.557287415242], [57.67461558499781, 27320.557287415242], [62.38956255999801, 26941.125389800727], [62.391397671999584, 26922.216039558236], [87.29970428999877, 26922.216039558236]]",118.367442713,118.36013834,0.9999382906918273,False,75.0,1210.34375,2,2291.0,,0.32,4.0,9eff653b71fb65fbf4d0,,,,,,,,,,,,,0.17057143199781422
