t_atributos,t_inferencia,t_pl,t_reparo,t_montagem,t_solver,t_validacao,instancia,familia,razao,m,n,metodo,objetivo,valida,seed_treino,seed_solver,orcamento,t_total,estouro_s,t_score,estagios,fracao_final,fallback,certificado,motivo,nos,rotulo_melhor,rotulo_bound,rotulo_qualidade,trajetoria,run_id,iteracoes,t_inicial,t_selecao,t_sub,tentados,aceitos,uniao_viavel,sobrecarga,soma_subproblemas,custo_uniao,t_heuristica
0.0018105000017385464,0.009820100000069942,0.060112899998785,0.017590100000234088,0.4406678999985161,59.00863250000111,0.013527600000088569,clusters_m30_n150_r1.5_s1000,clusters,1.5,30,150,adaptativa:gnn,26366.605188897534,True,0,0,60.0,59.55357460000232,0.0,0.07179760000144597,4.0,1.0,True,False,,169.0,27277.85521775824,26022.480292234733,gap,"[[0.38601310000012745, 32282.23154775915], [1.5955831999999646, 28005.470805110446], [12.180147999999463, 27078.708410447813], [14.643016099998931, 27078.70841044781], [16.20511859999897, 26632.941061306854], [25.630609700001514, 26632.941061306854], [28.784665700004552, 26584.39556207665], [34.69986300000164, 26584.39556207665], [39.910426800001005, 26366.605188897527]]",81dbbcb06942419706f3,,,,,,,,,,,
,0.0,0.0836979000014253,,,,,clusters_m30_n150_r1.5_s1000,clusters,1.5,30,150,clns:aleatorio,26900.150943517976,True,-1,0,60.0,60.019231400001445,0.019231400001444854,,,,,,,,27277.85521775824,26022.480292234733,gap,"[[0.08652860000074725, 29539.523500400195], [2.793663500000548, 28480.950998212742], [2.824300799999037, 27692.265312115007], [3.0222092000003613, 27596.936593384147], [3.0915763000011793, 27052.327115132466], [3.1436940999992657, 27045.003344225206], [3.394273999998404, 27028.252759600386], [3.862120400001004, 26991.387216891373], [5.023284399998374, 26976.65804489822], [5.113179500000115, 26967.515111997578], [5.1690238999981375, 26967.247492002534], [5.335209100001521, 26963.99142137424], [6.016957399999228, 26959.325793351116], [6.0548606000011205, 26955.07850903931], [6.480446099998517, 26928.02961276725], [8.511496800001623, 26925.8280102824], [9.547623499998735, 26919.223510210155], [9.990037100000336, 26910.240006032072], [11.1487589999997, 26902.319016781585], [14.522707600001013, 26901.836628359997], [20.021336300000257, 26900.150943517976]]",81dbbcb06942419706f3,273.0,0.0028292999995755963,0.3161287000257289,56.97063359995809,"{""interior"": 92, ""fronteira"": 71, ""liberacao"": 62, ""regret"": 48}","{""interior"": 3, ""fronteira"": 9, ""liberacao"": 7, ""regret"": 1}",,,,,
,0.0,0.09208969999963301,,,,,clusters_m30_n150_r1.5_s1000,clusters,1.5,30,150,clns:alns,27539.864290701327,True,-1,0,60.0,59.96448939999755,0.0,,,,,,,,27277.85521775824,26022.480292234733,gap,"[[0.09432960000049206, 29539.523500400195], [0.1584675000012794, 27949.873099251447], [0.9622525999984646, 27934.749937928045], [1.996406800000841, 27874.83542142643], [2.963192399998661, 27826.314029906054], [3.0181056000001263, 27825.415555403037], [3.2122127000002365, 27749.24147875148], [3.825618700000632, 27692.198441256263], [3.9616864999989048, 27661.986058290924], [4.151946099998895, 27656.27474051134], [5.43010299999878, 27651.95465315585], [5.666044300000067, 27643.66053796106], [5.8842971999984, 27641.21100876049], [7.701954100000876, 27636.90108981138], [12.570178400001168, 27580.0349962662], [17.139792999998463, 27563.62965187324], [18.182420099998126, 27558.94744986348], [20.573386699998082, 27558.0024271809], [21.50553790000049, 27545.29926677123], [23.005521399998543, 27543.506620524422], [23.60924420000083, 27541.342932139298], [24.965809499997704, 27539.864290701327]]",81dbbcb06942419706f3,293.0,0.0022384000003512483,0.3610859000145865,59.41599969996605,"{""interior"": 50, ""fronteira"": 70, ""liberacao"": 100, ""regret"": 73}","{""interior"": 2, ""fronteira"": 3, ""liberacao"": 12, ""regret"": 4}",,,,,
,1.5880842999613378,0.0970128000008117,,,,,clusters_m30_n150_r1.5_s1000,clusters,1.5,30,150,clns:aprendido,27394.092924889617,True,-1,0,60.0,60.240016200001264,0.24001620000126422,,,,,,,,27277.85521775824,26022.480292234733,gap,"[[0.09819580000112182, 29539.523500400195], [0.216843099999096, 28344.86820136004], [0.250659799999994, 27556.182515262306], [0.9419682000007015, 27514.83343954], [0.9871945999984746, 27504.171037428834], [1.0999617999987095, 27501.725006924178], [2.94546039999841, 27464.859464215162], [3.8273546999989776, 27464.232940457114], [4.943375799997739, 27459.64576350197], [4.9749484999993, 27459.49438939261], [5.0362113999981375, 27452.52245048886], [5.495383599998604, 27451.464881999815], [5.671084699999483, 27447.87576983358], [11.331983600000967, 27444.312814428333], [11.507674500000576, 27427.47691804525], [13.387100500000088, 27426.24792809914], [13.40574689999994, 27418.393274322316], [13.591077900000528, 27412.404718212856], [13.615605200000573, 27398.759916524767], [14.668536400000448, 27397.835289524854], [31.661755500001163, 27394.092924889617]]",81dbbcb06942419706f3,306.0,0.0011822000014944933,1.9102718999565695,58.08842889998414,"{""interior"": 36, ""fronteira"": 8, ""liberacao"": 252, ""regret"": 10}","{""interior"": 5, ""fronteira"": 4, ""liberacao"": 5, ""regret"": 6}",,,,,
,0.0,0.08137250000072527,,,,,clusters_m30_n150_r1.5_s1000,clusters,1.5,30,150,clns:dual,26920.911916234912,True,-1,0,60.0,59.999841599998035,0.0,,,,,,,,27277.85521775824,26022.480292234733,gap,"[[0.08431900000141468, 29539.523500400195], [0.2297708000005514, 28480.950998212742], [0.30330120000144234, 27747.666195640133], [0.47260450000248966, 27722.29230221523], [1.6108472000014444, 27706.68372674816], [2.0355002000032982, 27702.125397530708], [5.002064500000415, 27558.839414232814], [6.145581600001606, 27552.377050238836], [7.328765100002784, 27046.45576419017], [10.409360100002232, 26992.26693633148], [10.852396300000692, 26952.581325636893], [11.280607800003054, 26946.187070708103], [12.11044160000165, 26930.861052222423], [12.613045900001453, 26930.276379744537], [15.253957300003094, 26927.943245414855], [19.5777448000008, 26927.7918713055], [25.171144900003128, 26924.20275913926], [25.552061700000195, 26920.911916234912]]",81dbbcb06942419706f3,384.0,0.0029448999994201586,0.4815875999738637,59.32160339995244,"{""interior"": 112, ""fronteira"": 101, ""liberacao"": 79, ""regret"": 92}","{""interior"": 2, ""fronteira"": 5, ""liberacao"": 7, ""regret"": 3}",,,,,
,0.0,0.06090300000141724,,,,,clusters_m30_n150_r1.5_s1000,clusters,1.5,30,150,clns:rotacao,27451.194950337034,True,-1,0,60.0,60.04251999999906,0.0425199999990582,,,,,,,,27277.85521775824,26022.480292234733,gap,"[[0.06221210000148858, 29539.523500400195], [0.526254100001097, 29498.07090114203], [0.6263958000017738, 29436.159305205616], [0.7232724999994389, 29410.92021504726], [0.9051398000010522, 29349.714781981696], [0.9442401999986032, 29265.915729741573], [1.44859500000166, 28756.827319859938], [1.5371405000005325, 28750.151636107308], [1.8147733000005246, 28738.33575209038], [2.1412898000016867, 28738.184377981026], [2.933526600001642, 28313.63430526742], [3.1601655000013125, 27731.340251250946], [3.5338239000011527, 27680.167968013615], [4.0421482999990985, 27644.95437664933], [4.514712200001668, 27635.411044510412], [5.042240099999617, 27610.70936892199], [5.22316900000078, 27603.026829787646], [8.050688100000116, 27580.879105734763], [10.054461399999127, 27580.031590557468], [10.309150400000362, 27573.21494656536], [10.614087900001323, 27568.590502385236], [10.793585999999777, 27553.292822589458], [10.903252899999643, 27545.65788534217], [11.237004099999467, 27536.18355305821], [13.055099100001826, 27508.07267748301], [13.55908030000137, 27489.436777558105], [14.107468999998673, 27488.370611113885], [15.189220600001136, 27470.83585588989], [15.540472799999407, 27470.185933805118], [18.086159900001803, 27463.860726820458], [18.918482799999765, 27451.194950337034]]",81dbbcb06942419706f3,353.0,0.0013078000010864343,0.3814177999520325,59.08476440006052,"{""interior"": 89, ""fronteira"": 88, ""liberacao"": 88, ""regret"": 88}","{""interior"": 7, ""fronteira"": 10, ""liberacao"": 8, ""regret"": 5}",,,,,
,,,,0.13879199999792036,56.85252179999952,0.003641700001026038,clusters_m30_n150_r1.5_s1000,clusters,1.5,30,150,completo,26968.697636945806,True,-1,0,60.0,56.99504150000212,0.0,0.0,1.0,1.0,False,False,,221.0,27277.85521775824,26022.480292234733,gap,"[[0.3584244999983639, 36940.34159249648], [1.8822763999996823, 30290.81396525601], [2.2226726000008057, 29690.23014056254], [2.4933182999993733, 29223.01167532484], [6.900939600000129, 27380.869182230777], [55.2837428999992, 26968.697636945803]]",81dbbcb06942419706f3,,,,,,,,,,,
,,,,,,,clusters_m30_n150_r1.5_s1000,clusters,1.5,30,150,ingenua,35142.74312764495,True,-1,0,60.0,42.09058709999954,0.0,,,,,,,,27277.85521775824,26022.480292234733,gap,"[[42.0905167000019, 35142.74312764495]]",81dbbcb06942419706f3,,,,,,,False,1162.9045845675719,28322.261021372815,18145.43270122163,
,,,,,,,clusters_m30_n150_r1.5_s1000,clusters,1.5,30,150,lns,26710.385388509956,True,-1,0,60.0,60.07054209999842,0.07054209999841987,0.0,1.0,1.0,False,False,,0.0,27277.85521775824,26022.480292234733,gap,"[[0.6540426999999909, 30063.401491478515], [2.2083861000028264, 29506.371722347238], [4.253009900003235, 28679.845546856275], [8.322282400000404, 28672.8492678757], [13.46166980000271, 28506.106979356497], [13.49852010000177, 27861.365795149984], [14.271296700000676, 27712.836030114286], [14.35792720000245, 27698.523344921203], [17.54972770000313, 27664.346730649737], [19.20611690000078, 27598.678778467634], [21.238871700003074, 27548.901585856693], [23.259389600003487, 27545.626917223228], [26.05335820000255, 27525.482371497605], [28.226155300002574, 27277.85521775824], [29.473395100001653, 27081.133412772582], [31.42732210000031, 26754.89562803378], [33.02215620000061, 26752.608221010672], [34.51461680000284, 26747.027599358833], [37.9591760000003, 26744.24541466149], [44.67490550000002, 26715.966433567817], [59.97273700000005, 26710.385388509956]]",81dbbcb06942419706f3,,,,,,,,,,,60.07053430000087
,,,,0.19853129999683006,50.77239049999844,0.0028445000025385525,clusters_m30_n150_r1.5_s1000,clusters,1.5,30,150,warm_classico,27317.865847445075,True,-1,0,60.0,57.33007279999947,0.0,6.356195299998944,2.0,1.0,False,False,,202.0,27277.85521775824,26022.480292234733,gap,"[[0.4064101000003575, 30063.401491478515], [2.248750700000528, 29506.371722347238], [3.4272449999989476, 28679.845546856275], [6.567402899996523, 28679.84554685629], [12.781972599997971, 27372.66638603287], [57.255959999998595, 27317.865847445086]]",81dbbcb06942419706f3,,,,,,,,,,,6.356183799998689
0.0018865999991248827,0.010237200000119628,0.07521880000058445,0.017844599999079946,0.5751514000003226,58.30655470000056,0.0075930000020889565,clusters_m30_n150_r1.5_s1001,clusters,1.5,30,150,adaptativa:gnn,30268.493972787554,True,0,0,60.0,58.99576199999865,0.0,0.08738209999864921,4.0,1.0,True,False,,467.0,30662.669013905543,29146.167867210683,gap,"[[0.23250439999901573, 31474.755014830294], [1.399771199998213, 31392.795772438836], [1.4013618999997561, 31359.754917469956], [5.257603499998368, 30849.498667552347], [9.923022999999375, 30640.539133762493], [15.052412199998798, 30640.53913376251], [16.210493300000962, 30407.983583894267], [16.359753400000045, 30407.98358389426], [19.062804599998344, 30268.493972787554], [26.3744678999974, 30268.493972787546], [34.11431939999966, 30268.493972787546]]",81dbbcb06942419706f3,,,,,,,,,,,
,0.0,0.07771049999792012,,,,,clusters_m30_n150_r1.5_s1001,clusters,1.5,30,150,clns:aleatorio,30949.509260305567,True,-1,0,60.0,60.01495999999679,0.01495999999679043,,,,,,,,30662.669013905543,29146.167867210683,gap,"[[0.07980490000045393, 35475.60791835238], [0.1901185999995505, 35384.627683331215], [0.9712598999976763, 32849.775804824836], [1.1259291999995185, 32725.66264061439], [1.1516071999976703, 32643.33913150111], [1.9963776000004145, 32628.268136676546], [2.994228799998382, 32619.622262015255], [3.203482900000381, 32531.248117650637], [3.2480431999974826, 31675.861113370203], [3.8283912999977474, 31191.40199261416], [3.993244399996911, 31152.386323147053], [4.153262099996937, 31115.004782312473], [4.173710299997765, 31097.250436091515], [8.001745199999277, 31040.555131181278], [8.994660099997418, 31031.006950108283], [9.724156199998106, 31030.43767891212], [10.00355579999814, 30992.216933054406], [10.127928499998234, 30979.878832652583], [12.423543400000199, 30968.25438889376], [15.99826050000047, 30953.06074241334], [21.723534400000062, 30949.509260305567]]",81dbbcb06942419706f3,244.0,0.002093700000841636,0.20521520001420868,59.66592550000496,"{""interior"": 85, ""fronteira"": 52, ""liberacao"": 61, ""regret"": 46}","{""interior"": 7, ""fronteira"": 5, ""liberacao"": 5, ""regret"": 3}",,,,,
,0.0,0.07638090000182274,,,,,clusters_m30_n150_r1.5_s1001,clusters,1.5,30,150,clns:alns,30670.736372770425,True,-1,0,60.0,60.0203494999987,0.020349499998701504,,,,,,,,30662.669013905543,29146.167867210683,gap,"[[0.07753030000094441, 35475.60791835238], [0.2096674999993411, 32966.909169665894], [1.0303182999996352, 32894.02083713768], [2.028382899999997, 32235.475353716705], [2.867420900001889, 32179.560458664517], [2.9935416000007535, 32168.47363361019], [3.0169341000000713, 32148.543756122584], [4.024737100000493, 32067.213364524177], [4.7954872000009345, 32064.431196497455], [4.885280099999363, 31221.271267289016], [5.599001099999441, 31213.921057367676], [9.273540199999843, 31206.07172386808], [9.68919570000071, 31203.62514469511], [9.710056200001418, 31201.383960245676], [9.941420300001482, 31182.734369507096], [12.025356800000736, 31181.54190148341], [13.01978329999838, 31181.487950904975], [13.306550099998276, 31134.03436199647], [15.773780200001056, 30706.583469323603], [16.301567099999374, 30701.080530515028], [16.66027430000031, 30700.347975340992], [17.005021699998906, 30698.648104463617], [17.70356080000056, 30693.831174326035], [19.951485000001412, 30689.141548495005], [19.969282599999133, 30688.75807318904], [22.03315300000031, 30675.42636620081], [23.484473600001365, 30674.792158305623], [33.01911720000135, 30673.597089288272], [35.02457190000132, 30673.27258200237], [35.40390580000167, 30671.990540768922], [37.17514289999963, 30670.736372770425]]",81dbbcb06942419706f3,264.0,0.0011487999981909525,0.25646270003562677,59.618191800000204,"{""interior"": 53, ""fronteira"": 70, ""liberacao"": 83, ""regret"": 58}","{""interior"": 4, ""fronteira"": 10, ""liberacao"": 10, ""regret"": 6}",,,,,
,3.6901834000236704,0.06960320000143838,,,,,clusters_m30_n150_r1.5_s1001,clusters,1.5,30,150,clns:aprendido,30595.999409176075,True,-1,0,60.0,60.14606649999769,0.14606649999768706,,,,,,,,30662.669013905543,29146.167867210683,gap,"[[0.07073099999979604, 35475.60791835238], [0.13910630000100355, 33168.25490110869], [0.16888340000150492, 31900.007201953424], [1.1462498000000778, 31787.99262332108], [1.165778099999443, 31694.202717383654], [2.1467185000001336, 31398.275209849726], [3.1459997999991174, 31388.592412207465], [3.177227899999707, 31381.18274929226], [4.144055799999478, 30672.10082960233], [4.9642687999985355, 30668.910454252764], [5.024957199999335, 30666.877818748617], [5.604948200001672, 30659.042555827735], [29.99526590000096, 30658.737745865692], [47.577561900001456, 30655.380431118567], [48.14307479999843, 30641.2864017829], [49.75557209999897, 30633.075750319073], [49.78713720000087, 30623.106523273498], [50.57335759999842, 30618.22980050346], [51.07878290000008, 30614.625786949055], [54.14569549999942, 30610.62777188834], [58.845670800001244, 30595.999409176075]]",81dbbcb06942419706f3,937.0,0.0011273000018263701,4.481636699958472,55.40636399998766,"{""interior"": 253, ""fronteira"": 11, ""liberacao"": 665, ""regret"": 8}","{""interior"": 9, ""fronteira"": 4, ""liberacao"": 7, ""regret"": 0}",,,,,
,0.0,0.08361990000048536,,,,,clusters_m30_n150_r1.5_s1001,clusters,1.5,30,150,clns:dual,30639.90578922261,True,-1,0,60.0,60.01445699999749,0.014456999997491948,,,,,,,,30662.669013905543,29146.167867210683,gap,"[[0.0853726999994251, 35475.60791835238], [0.1963902000024973, 35451.12208515646], [0.23239509999984875, 35438.400434318064], [0.3643152000004193, 35412.47699111874], [0.9998578000013367, 35309.13758707634], [1.0459178000019165, 35308.39870621566], [4.018093700000463, 34682.099063987196], [4.074736900001881, 34669.37434475306], [4.086922800001048, 34642.06536818336], [5.674474400002509, 34582.22508991306], [6.673308600002201, 34580.08093062222], [7.653536000001623, 34466.57132046691], [8.991543300002377, 31805.96375676133], [9.096648599999753, 31800.90200308412], [9.10535130000062, 31790.39183610212], [9.922109200000705, 31688.592153322395], [17.39769080000042, 30944.842156395527], [19.09076140000252, 30943.609398071014], [25.33480419999978, 30748.001604675614], [25.60811130000002, 30738.19656078577], [25.68410539999968, 30709.988280899546], [26.015822299999854, 30708.626341942407], [26.59592049999992, 30705.869691870314], [32.005919999999605, 30666.274523170956], [32.11662079999951, 30665.13821982166], [36.01561190000211, 30657.429266279676], [42.00836849999905, 30657.131319394517], [42.10343660000217, 30656.884267211128], [42.241229100000055, 30648.258209936484], [46.002346500001295, 30639.90578922261]]",81dbbcb06942419706f3,285.0,0.0017520000001240987,0.3062524000451958,59.537333999986004,"{""interior"": 82, ""fronteira"": 61, ""liberacao"": 59, ""regret"": 83}","{""interior"": 6, ""fronteira"": 6, ""liberacao"": 10, ""regret"": 7}",,,,,
,0.0,0.0833515999984229,,,,,clusters_m30_n150_r1.5_s1001,clusters,1.5,30,150,clns:rotacao,30556.076016958363,True,-1,0,60.0,59.984361899998476,0.0,,,,,,,,30662.669013905543,29146.167867210683,gap,"[[0.08463869999832241, 35475.60791835238], [0.14020410000011907, 35313.36728838131], [0.2686863999988418, 35291.45469725903], [0.34097900000051595, 32424.951620057363], [0.9839243999995233, 32324.903359588934], [1.0648763999997755, 30669.38767931538], [1.2071164000008139, 30649.984736647235], [1.9843935999997484, 30616.085638502595], [2.9915379000012763, 30602.300279034513], [3.1824422999998205, 30592.174500540237], [3.3561305000002903, 30588.265677023785], [3.6629165000013018, 30585.318961871726], [3.6879755000009027, 30583.44468753581], [3.700711199999205, 30580.67840007138], [5.9858233999984805, 30575.767355968987], [6.0938787999984925, 30573.883696972032], [9.606821299999865, 30570.94098507989], [14.991749699998763, 30568.858297702285], [23.33242479999899, 30566.806511851115], [23.607892600000923, 30556.076016958363]]",81dbbcb06942419706f3,178.0,0.0012863000010838732,0.16588529998261947,59.676816199986206,"{""interior"": 45, ""fronteira"": 45, ""liberacao"": 44, ""regret"": 44}","{""interior"": 5, ""fronteira"": 5, ""liberacao"": 4, ""regret"": 5}",,,,,
,,,,0.10421419999693171,56.88140310000017,0.0054310000014083926,clusters_m30_n150_r1.5_s1001,clusters,1.5,30,150,completo,30845.41625585283,True,-1,0,60.0,56.99115990000064,0.0,0.0,1.0,1.0,False,False,,381.0,30662.669013905543,29146.167867210683,gap,"[[0.30788659999961965, 42918.59357803229], [6.436519999999291, 31388.026581962004], [19.462530999997398, 30845.41625585281]]",81dbbcb06942419706f3,,,,,,,,,,,
,,,,,,,clusters_m30_n150_r1.5_s1001,clusters,1.5,30,150,ingenua,38767.56394988301,True,-1,0,60.0,21.85578600000008,0.0,,,,,,,,30662.669013905543,29146.167867210683,gap,"[[21.855747900001006, 38767.56394988301]]",81dbbcb06942419706f3,,,,,,,False,1117.6434055249895,28660.44223352341,20232.707098518247,
,,,,,,,clusters_m30_n150_r1.5_s1001,clusters,1.5,30,150,lns,30331.496427753973,True,-1,0,60.0,60.00977240000066,0.00977240000065649,0.0,1.0,1.0,False,False,,0.0,30662.669013905543,29146.167867210683,gap,"[[0.7939345999984653, 33122.58856517625], [1.6122671000011906, 32913.903698080605], [2.3226565000004484, 32791.32170275964], [2.4265876999998, 31555.181718726482], [3.4667781999996805, 31508.10371949977], [4.268134999998438, 31503.380336072656], [6.834021099999518, 31396.094493895234], [8.426073800001177, 31371.223866003053], [9.070291899999575, 31292.200012770045], [10.292549500001769, 31272.452628747305], [11.417263899998943, 30971.020432812627], [12.53973380000025, 30924.72384336337], [14.991459699998813, 30839.821795887714], [15.036342600000353, 30817.960530190714], [18.11557190000167, 30779.19243315314], [19.231337100001838, 30753.089500343645], [19.83195279999927, 30747.023136739917], [20.562818499998684, 30691.29904597213], [21.37255119999827, 30640.991820216506], [21.978089200001705, 30639.17914548188], [22.59317210000154, 30597.584748424855], [23.209333800001332, 30480.460889175854], [23.810502200001793, 30476.266218898993], [26.30426979999902, 30475.611684482996], [33.96671739999874, 30429.28122647879], [35.28205679999883, 30418.92185357851], [36.03610820000176, 30362.812089251594], [59.74461159999919, 30331.496427753973]]",81dbbcb06942419706f3,,,,,,,,,,,60.009765400001925
,,,,0.13939119999849936,51.75444939999943,0.0025865999996312894,clusters_m30_n150_r1.5_s1001,clusters,1.5,30,150,warm_classico,31228.455526965347,True,-1,0,60.0,57.90424340000027,0.0,6.007729600001767,2.0,1.0,False,False,,289.0,30662.669013905543,29146.167867210683,gap,"[[0.7016169000016816, 33122.58856517625], [1.5033072000005632, 32913.903698080605], [2.1951151000030222, 32791.32170275964], [2.3060570000016014, 31555.181718726482], [3.361880700002075, 31508.10371949977], [4.130587100000412, 31503.380336072656], [5.9716628000023775, 31396.094493895234], [6.1663088999994216, 31396.09449389524], [51.63698790000126, 31228.455526965343]]",81dbbcb06942419706f3,,,,,,,,,,,6.007718900000327
0.001617699999769684,0.009733999999298248,0.04993309999917983,0.010700699996959884,0.4442424000008032,58.478010700000596,0.007522199997765711,clusters_m30_n150_r1.5_s1002,clusters,1.5,30,150,adaptativa:gnn,24121.212422604523,True,0,0,60.0,59.002682299997105,0.0,0.06133149999732268,4.0,1.0,True,False,,719.0,24694.558819610807,23317.636319302655,gap,"[[0.23378889999366947, 31728.190099788295], [1.5418690999940736, 30888.930716262068], [1.5462189999961993, 30819.1402727481], [1.554394599996158, 30710.044509422623], [7.116666699996131, 26217.32084640931], [7.163747799993871, 25570.691265962163], [7.210082299996429, 24927.349129085906], [7.32936229999541, 24471.732258898377], [13.232169499995507, 24142.18831468293], [15.23396049999792, 24142.18831468293], [24.206398399997852, 24121.212422604534], [26.073619199993118, 24121.212422604534], [35.10909499999616, 24121.212422604534]]",81dbbcb06942419706f3,,,,,,,,,,,
,0.0,0.07862620000014431,,,,,clusters_m30_n150_r1.5_s1002,clusters,1.5,30,150,clns:aleatorio,24834.156906133278,True,-1,0,60.0,60.03378539999903,0.03378539999903296,,,,,,,,24694.558819610807,23317.636319302655,gap,"[[0.08009200000014971, 28776.571901700074], [0.11739469999884022, 28720.531597207995], [0.21805849999873317, 27067.283486193923], [1.064352900000813, 27038.69320649689], [1.2009176999999909, 25842.207857449368], [1.5020896999994875, 25493.71502043922], [2.033338699999149, 25295.53657163943], [3.035405599999649, 25265.781949661075], [3.157007199999498, 25252.39835894917], [5.04289979999885, 25121.846860981346], [5.068698200000654, 25091.620270255633], [5.163479599999846, 25090.286970411988], [5.200792899999215, 25084.745443900953], [5.2207484999999, 25069.141593243075], [5.288518199999089, 25032.4522307497], [5.810542700000951, 25011.267416218234], [6.286161500000162, 24981.406715840432], [7.072136399998271, 24974.083973349574], [10.652567299999646, 24971.07187551139], [11.039928499998496, 24962.114013732316], [11.0769552999991, 24958.723584052615], [13.076521399998455, 24955.141543484162], [13.420147599998018, 24953.12960650018], [14.072119000000384, 24945.644392130784], [16.123737900001288, 24942.256841696126], [20.07215619999988, 24907.522504913904], [20.19727839999905, 24880.46270691405], [20.287086600001203, 24878.865382130523], [24.589688500000193, 24877.65821659322], [24.793971299997793, 24860.024467641993], [25.03237050000098, 24859.902356775914], [25.05872929999896, 24845.57851208212], [25.5358942999992, 24841.544957206097], [26.306827899999917, 24841.167898570453], [30.250049300000683, 24834.156906133278]]",81dbbcb06942419706f3,259.0,0.001465100001951214,0.2208787000126904,59.66623139998046,"{""interior"": 94, ""fronteira"": 53, ""liberacao"": 63, ""regret"": 49}","{""interior"": 6, ""fronteira"": 6, ""liberacao"": 13, ""regret"": 9}",,,,,
,0.0,0.06579779999810853,,,,,clusters_m30_n150_r1.5_s1002,clusters,1.5,30,150,clns:alns,23908.53427548148,True,-1,0,60.0,59.99568999999974,0.0,,,,,,,,24694.558819610807,23317.636319302655,gap,"[[0.06772360000104527, 28776.571901700074], [0.2564716999986558, 27948.70753415678], [2.0237911000003805, 26777.965778117847], [2.9979190999983985, 25157.245496716077], [3.9983604999979434, 25064.951819761714], [4.0186772999986715, 25051.35494624351], [4.038945299998886, 25047.11928955836], [4.588782799997716, 25041.602566677193], [4.994189900000492, 24820.868478689044], [6.0021027000002505, 24811.095242547126], [7.0019836999999825, 24790.997897819285], [7.025144799998088, 24788.382412271283], [7.635247899997921, 24772.22956276527], [8.044014600000082, 24112.222842016596], [8.627418699998088, 24029.871816747345], [8.758730300000025, 24026.10073365407], [10.899853399998392, 24021.248619112255], [14.124152699998376, 23989.774779364998], [15.001167700000224, 23977.574497495214], [19.004376599998068, 23977.30987697811], [19.06208830000105, 23974.112866465115], [19.694476500000746, 23953.84333631708], [27.00338969999939, 23932.644791428975], [30.30951659999846, 23930.698074747466], [31.0538360999999, 23913.88934547238], [31.363721699999587, 23910.572315397483], [31.937275000000227, 23908.53427548148]]",81dbbcb06942419706f3,223.0,0.0019251999983680435,0.19259869998859358,59.67521759999727,"{""interior"": 39, ""fronteira"": 56, ""liberacao"": 60, ""regret"": 68}","{""interior"": 2, ""fronteira"": 7, ""liberacao"": 10, ""regret"": 7}",,,,,
,2.3475986999801535,0.06316940000033355,,,,,clusters_m30_n150_r1.5_s1002,clusters,1.5,30,150,clns:aprendido,24146.93544353411,True,-1,0,60.0,60.001839200001996,0.0018392000019957777,,,,,,,,24694.558819610807,23317.636319302655,gap,"[[0.06426120000105584, 28776.571901700074], [0.11565260000134003, 26109.920135467764], [0.2742264000007708, 25282.05576792447], [2.0012658999985433, 24901.172960245305], [2.1654588999990665, 24847.13186436181], [2.3428528000004007, 24840.964855874536], [2.43214799999987, 24835.302346497196], [2.9965343000003486, 24690.090071432154], [3.706141499998921, 24598.131779281095], [3.751325799999904, 24596.446559010557], [3.7938821999996435, 24573.010448487472], [3.9634622000012314, 24555.173753519943], [4.2414011000000755, 24554.119542032546], [12.504106799999136, 24519.11319512891], [12.576217599998927, 24510.496617289336], [13.025553700001183, 24491.38184950249], [17.005703499999072, 24438.407921374932], [17.77309030000106, 24408.302767314588], [28.000717499999155, 24280.376415328054], [38.1347151000009, 24262.4071037123], [38.63079730000027, 24241.604905626475], [38.943299999999, 24236.759201643246], [39.08184759999858, 24236.391215116913], [39.75940339999943, 24209.012734362674], [39.988671299997804, 24207.693331919036], [40.37251009999818, 24201.958720341838], [40.55099899999914, 24180.706756594584], [40.99684730000081, 24162.047417079702], [41.99785350000093, 24158.692906693323], [42.49310859999969, 24155.3132572697], [50.99821399999928, 24148.384668238163], [55.0001803999985, 24146.93544353411]]",81dbbcb06942419706f3,587.0,0.0010913000005530193,2.8207460999874456,56.99251020000156,"{""interior"": 126, ""fronteira"": 17, ""liberacao"": 439, ""regret"": 5}","{""interior"": 6, ""fronteira"": 7, ""liberacao"": 15, ""regret"": 3}",,,,,
,0.0,0.059104199997818796,,,,,clusters_m30_n150_r1.5_s1002,clusters,1.5,30,150,clns:dual,24171.201434047216,True,-1,0,60.0,59.99720179999713,0.0,,,,,,,,24694.558819610807,23317.636319302655,gap,"[[0.060297599997284124, 28776.571901700074], [0.1128564999999071, 26109.920135467764], [0.2145935999978974, 26109.698795692675], [0.31169039999804227, 26107.678281447297], [0.4645803999992495, 26090.55831188253], [0.7624518999982683, 26075.895794345808], [2.3463132999968366, 25957.706444709056], [2.615476499999204, 25946.148591681624], [2.9937872999980755, 25943.505230250033], [6.007509199997003, 25856.911997355914], [6.057554499999242, 25855.49040644915], [6.5193631000001915, 25852.938595708492], [7.6353413999968325, 25173.808631754415], [8.087721500000043, 25170.1707710531], [10.38723249999748, 25051.8524486677], [10.99723019999874, 25051.39094237349], [13.995858999998745, 25038.007529234586], [14.019908199999918, 25020.588895523466], [14.064835099998163, 25020.14684752588], [14.454347599999892, 25015.202681171686], [14.467142399997101, 25014.53422755841], [18.175564599998324, 25011.199112770548], [25.023346499998297, 24995.565717548034], [40.61028499999884, 24174.573872134748], [48.9167329999982, 24171.201434047216]]",81dbbcb06942419706f3,234.0,0.0011927999985346105,0.22902260001501418,59.64850889999798,"{""interior"": 66, ""fronteira"": 33, ""liberacao"": 33, ""regret"": 102}","{""interior"": 6, ""fronteira"": 4, ""liberacao"": 5, ""regret"": 9}",,,,,
,0.0,0.05539969999881578,,,,,clusters_m30_n150_r1.5_s1002,clusters,1.5,30,150,clns:rotacao,24328.76866701338,True,-1,0,60.0,60.00031140000283,0.000311400002829032,,,,,,,,24694.558819610807,23317.636319302655,gap,"[[0.05721640000047046, 28776.571901700074], [0.09444760000042152, 28721.898774068788], [1.0030473000006168, 27360.460979356492], [1.5444545999998809, 26127.683787930102], [1.5926407999977528, 26074.158191216276], [1.9935957999987295, 25780.502468820567], [2.0922620999990613, 25775.200728793854], [2.39068319999933, 25766.321088910263], [2.9971680999988166, 24855.29021972808], [3.0613520000006247, 24802.894299094867], [3.9997057000000495, 24722.167249129317], [4.926023799998802, 24707.475374455014], [5.012987300000532, 24676.6026643035], [5.025143999999273, 24676.1550437846], [6.996462899998733, 24459.164467076178], [7.013267999998789, 24454.35288677323], [7.214545299997553, 24453.448140526227], [7.5866654999990715, 24432.989436555563], [7.607988499999919, 24428.618235313734], [8.75134529999923, 24402.714929227317], [8.775970299997425, 24396.80487792309], [8.803617899997334, 24381.182597186846], [8.99488189999829, 24373.72323036589], [9.042444999999134, 24367.88499828882], [9.999225799998385, 24351.214901431704], [15.088481999999203, 24350.32906594887], [15.940973400000075, 24349.478478578538], [16.282189699999435, 24349.332296564953], [19.98699470000065, 24346.521536178894], [23.27539849999812, 24345.68649849801], [24.999256699997204, 24342.049923423678], [26.174359399999958, 24333.51522514074], [27.9366114000004, 24331.0010212527], [46.584222299999965, 24328.76866701338]]",81dbbcb06942419706f3,219.0,0.0018157999984396156,0.1855788999419019,59.69270740002321,"{""interior"": 55, ""fronteira"": 55, ""liberacao"": 55, ""regret"": 54}","{""interior"": 7, ""fronteira"": 6, ""liberacao"": 11, ""regret"": 9}",,,,,
,,,,0.344500600000174,56.655596000000514,0.0033575000015844125,clusters_m30_n150_r1.5_s1002,clusters,1.5,30,150,completo,24296.965553295893,True,-1,0,60.0,57.003535799998645,0.0,0.0,1.0,1.0,False,False,,318.0,24694.558819610807,23317.636319302655,gap,"[[0.5621233000019856, 33690.20637015987], [2.2370899000015925, 31105.70423208399], [2.382425100000546, 28782.523092509684], [2.449828900000284, 28040.17782323301], [2.6832608000004257, 27211.292702838447], [5.678963199999998, 25224.86683392675], [29.98214730000109, 25156.829803139502], [52.54660629999853, 24296.965553295897]]",81dbbcb06942419706f3,,,,,,,,,,,
,,,,,,,clusters_m30_n150_r1.5_s1002,clusters,1.5,30,150,ingenua,34030.91502949274,True,-1,0,60.0,38.07484949999707,0.0,,,,,,,,24694.558819610807,23317.636319302655,gap,"[[38.074787800000195, 34030.91502949274]]",81dbbcb06942419706f3,,,,,,,False,972.0904589987815,26103.15524236728,17351.766862566605,
,,,,,,,clusters_m30_n150_r1.5_s1002,clusters,1.5,30,150,lns,23929.721652602515,True,-1,0,60.0,60.008064499998,0.008064499997999519,0.0,1.0,1.0,False,False,,0.0,24694.558819610807,23317.636319302655,gap,"[[0.6121657000003324, 25929.177739619154], [8.479941899997357, 25625.8950639802], [9.620853699998406, 24875.822170368057], [10.012038299999404, 24798.069384650087], [10.792406599997776, 24764.251625452147], [15.272959199999605, 24754.281940543737], [17.118386599999212, 24694.558819610807], [20.438093999997363, 24605.420988063826], [20.55284219999885, 24509.428289740932], [21.77999540000019, 24481.154637510743], [22.86993849999999, 24466.367298940135], [27.411242099999072, 24443.137477856806], [36.48586409999916, 23988.354219277386], [38.178324799999245, 23975.723154077885], [40.64222599999994, 23972.91981020283], [45.69285409999793, 23941.527904698454], [50.44404500000019, 23939.166274913197], [53.03262259999974, 23933.943910373546], [59.32765389999986, 23929.721652602515]]",81dbbcb06942419706f3,,,,,,,,,,,60.0080592000013
,,,,0.10793080000075861,51.86757109999962,0.0027578000008361414,clusters_m30_n150_r1.5_s1002,clusters,1.5,30,150,warm_classico,25068.387759311485,True,-1,0,60.0,57.9882202000008,0.0,6.009873399998469,2.0,1.0,False,False,,288.0,24694.558819610807,23317.636319302655,gap,"[[0.5324316999976872, 25929.177739619154], [6.13000639999882, 25929.177739619172], [11.427641300000687, 25226.04116599866], [49.604886799999804, 25068.3877593115]]",81dbbcb06942419706f3,,,,,,,,,,,6.00986660000126
0.001897499998449348,0.012449900001229253,0.05020230000081938,0.015966800001478987,0.3066906000021845,58.920478,0.007731100002274616,clusters_m30_n150_r1.5_s1003,clusters,1.5,30,150,adaptativa:gnn,28267.454093308785,True,0,0,60.0,59.31640360000165,0.0,0.06459979999999632,4.0,1.0,True,False,,239.0,28256.51254102623,27356.04420619351,gap,"[[0.24366809999992256, 31000.836689422893], [4.650586499999918, 28588.10755135362], [14.396606600002997, 28588.107551353605], [25.39144280000255, 28588.107551353605], [34.42331300000296, 28588.107551353605], [41.43168570000489, 28267.454093308763]]",81dbbcb06942419706f3,,,,,,,,,,,
,0.0,0.0519626999994216,,,,,clusters_m30_n150_r1.5_s1003,clusters,1.5,30,150,clns:aleatorio,28351.667843189178,True,-1,0,60.0,59.997299500002555,0.0,,,,,,,,28256.51254102623,27356.04420619351,gap,"[[0.053052800001751166, 32067.998732079384], [0.19464240000161226, 32026.898818383856], [0.9970336000005773, 30197.510827870457], [1.1186233000007633, 30125.657575161968], [1.1313442000027862, 30101.109063402364], [1.153279800000746, 30068.637078517357], [1.9966253000020515, 30049.385264525215], [2.7718664000021818, 30045.665435341434], [2.796460900000966, 30023.093937174188], [2.854308600002696, 29996.243214457434], [2.9953088000002026, 29915.185632320885], [3.066986199999519, 29855.98899122327], [3.4520880000018224, 29847.32028925646], [3.510400999999547, 29423.93435041811], [3.6401339000003645, 29401.763544854264], [3.992383200002223, 29387.222631160177], [4.06963370000085, 29332.717180447173], [5.997931699999754, 29014.642614448974], [6.44606670000212, 28980.05226258273], [6.921946599999501, 28979.062061992983], [6.938400200000615, 28972.694771024464], [7.2259870000016235, 28953.4801037815], [7.353336899999704, 28934.972639087977], [7.993515100002696, 28893.4646525833], [8.408355100000335, 28877.981503932428], [10.035926600001403, 28861.77269926948], [10.404631000001245, 28851.359312864828], [11.25114670000039, 28523.188854109303], [11.658249399999477, 28521.573565015642], [11.928552800000034, 28517.381587939162], [12.004399800000101, 28509.93193220934], [12.073320700001204, 28507.50889011946], [13.162578200001008, 28363.155307540554], [14.339109000000462, 28354.1870280106], [16.702873199999885, 28351.667843189178]]",81dbbcb06942419706f3,556.0,0.001089599998522317,0.47014470006979536,59.35527240001829,"{""interior"": 196, ""fronteira"": 126, ""liberacao"": 136, ""regret"": 98}","{""interior"": 11, ""fronteira"": 8, ""liberacao"": 9, ""regret"": 6}",,,,,
,0.0,0.052063399998587556,,,,,clusters_m30_n150_r1.5_s1003,clusters,1.5,30,150,clns:alns,28404.55193880142,True,-1,0,60.0,59.97051389999979,0.0,,,,,,,,28256.51254102623,27356.04420619351,gap,"[[0.05316029999812599, 32067.998732079384], [0.1293578000004345, 30293.66588687797], [0.9752650000009453, 30255.364548795886], [1.9725160999987565, 29679.932058615035], [1.996969199997693, 29657.441810147], [3.453969499998493, 29596.58851443479], [3.4847975999982737, 29595.917657775943], [3.6410307999976794, 28444.15737370533], [3.9859925999990082, 28421.72133815415], [4.3154462999991665, 28421.19132014294], [4.459115900001052, 28420.779311250066], [7.527180199998838, 28414.04816450589], [8.61006659999839, 28411.814658336603], [10.978838499999256, 28410.934783257057], [24.039883099998406, 28407.73002859547], [25.644533099999535, 28404.55193880142]]",81dbbcb06942419706f3,240.0,0.0010963999993691687,0.2251521999751276,59.62687050000022,"{""interior"": 48, ""fronteira"": 63, ""liberacao"": 63, ""regret"": 66}","{""interior"": 1, ""fronteira"": 5, ""liberacao"": 6, ""regret"": 3}",,,,,
,0.8030494999984512,0.05074229999809177,,,,,clusters_m30_n150_r1.5_s1003,clusters,1.5,30,150,clns:aprendido,28278.88529754019,True,-1,0,60.0,60.206359200001316,0.2063592000013159,,,,,,,,28256.51254102623,27356.04420619351,gap,"[[0.05188759999873582, 32067.998732079384], [0.10693410000021686, 30239.652275681947], [0.12278689999948256, 29028.88436960422], [0.19460789999720873, 28999.496988931365], [0.3846529999973427, 28997.92481912842], [0.729062200000044, 28950.496823645713], [1.5489613999998255, 28390.449185503974], [3.5504048999973747, 28361.32124168148], [6.547285499997088, 28347.57871483628], [6.848510599997098, 28339.942452186777], [32.14735579999979, 28326.161475097175], [45.065988299997116, 28278.88529754019]]",81dbbcb06942419706f3,195.0,0.0011448000004747882,0.9700057000191009,59.12315310003396,"{""interior"": 7, ""fronteira"": 3, ""liberacao"": 183, ""regret"": 2}","{""interior"": 3, ""fronteira"": 0, ""liberacao"": 7, ""regret"": 1}",,,,,
,0.0,0.059585300001344876,,,,,clusters_m30_n150_r1.5_s1003,clusters,1.5,30,150,clns:dual,28506.13656976308,True,-1,0,60.0,59.96525430000111,0.0,,,,,,,,28256.51254102623,27356.04420619351,gap,"[[0.06146210000224528, 32067.998732079384], [0.19593150000218884, 32026.898818383856], [0.9958454000006896, 32000.39374252559], [1.04819900000075, 31999.842314790352], [1.2470444999999017, 31987.47146608911], [1.2804950999998255, 31987.09699927614], [1.666029800002434, 31984.594436824103], [2.029053700000077, 31982.79055514682], [2.5463859000010416, 31982.202219847375], [2.571179500002472, 30865.11731721148], [2.796433800001978, 30863.545147408535], [3.064184800001385, 30842.992389625593], [3.781400500000018, 30835.11652756841], [4.945766600001662, 30828.385380824227], [5.411143600002106, 30825.180626162644], [5.911396100000275, 30823.169810355983], [6.335577400001057, 30822.002536368593], [9.973825100001704, 30111.071765018707], [16.005717200001527, 29830.697121279467], [16.05577330000233, 29776.400991316408], [16.1079032000016, 29773.739368538107], [16.263527999999496, 29764.085279455256], [16.390507899999648, 29758.81228807681], [16.752926500001195, 29730.88920705472], [16.870465399999375, 29728.20363716683], [19.4650212000015, 29727.602267534145], [19.544123400002718, 29724.604177368856], [22.197416000002704, 29724.467765406855], [38.085155900000245, 28513.69985932913], [42.00489910000033, 28508.571743399043], [46.25766339999973, 28507.898570512763], [49.99841759999981, 28506.13656976308]]",81dbbcb06942419706f3,257.0,0.0018759000013233162,0.2833706000164966,59.54924309999478,"{""interior"": 63, ""fronteira"": 28, ""liberacao"": 65, ""regret"": 101}","{""interior"": 8, ""fronteira"": 4, ""liberacao"": 6, ""regret"": 13}",,,,,
,0.0,0.049982799999270355,,,,,clusters_m30_n150_r1.5_s1003,clusters,1.5,30,150,clns:rotacao,28237.075545438816,True,-1,0,60.0,59.9600629000015,0.0,,,,,,,,28256.51254102623,27356.04420619351,gap,"[[0.05198929999824031, 32067.998732079384], [0.2749952999984089, 32003.333649243963], [0.5065020000001823, 31705.590705292023], [0.7057616999991296, 31640.432770537052], [0.7354178999994474, 31630.824910605123], [0.9498094999980822, 29841.320808638782], [1.0186570000005304, 29786.64108154532], [1.0801518999978725, 29761.023232039], [1.3761238000006415, 29755.107457805687], [1.4056063999996695, 29753.313427469522], [1.541918099999748, 29736.89549015425], [1.6204619999989518, 29726.242395032063], [1.7490585999985342, 29724.436248584818], [1.775492699998722, 29719.017665006762], [2.2305018000006385, 29634.916990524525], [2.346653699998569, 29602.560857236946], [2.6032563999979175, 29305.789813246076], [2.653407400001015, 29305.34177621945], [3.1168188999981794, 29272.72168576876], [3.160005400000955, 29267.092320114498], [3.351884899999277, 29224.03211194257], [4.283275300000241, 28842.960419743675], [4.349303300001338, 28842.6017352905], [4.840298499999335, 28842.258729529007], [4.863084299999173, 28831.220264031777], [5.425365799997962, 28824.635598624416], [5.572123699999793, 28817.25836759875], [5.651962299998559, 28667.6705905194], [5.824976500000048, 28666.024968108966], [6.257170799999585, 28665.576931082338], [6.788699900000211, 28663.864984156786], [7.200562499998341, 28244.768961056965], [9.748193100000208, 28237.992403851145], [17.015164399999776, 28237.075545438816]]",81dbbcb06942419706f3,615.0,0.00200570000015432,0.5418761000219092,59.234572000044864,"{""interior"": 154, ""fronteira"": 154, ""liberacao"": 154, ""regret"": 153}","{""interior"": 7, ""fronteira"": 7, ""liberacao"": 10, ""regret"": 9}",,,,,
,,,,0.12235879999934696,56.878242200000386,0.002565100003266707,clusters_m30_n150_r1.5_s1003,clusters,1.5,30,150,completo,28256.51254102623,True,-1,0,60.0,57.00324919999912,0.0,0.0,1.0,1.0,False,False,,371.0,28256.51254102623,27356.04420619351,gap,"[[0.3134040000004461, 38334.101398562634], [2.4469772999982524, 31630.20684261656], [6.526447899999766, 28256.51254102622]]",81dbbcb06942419706f3,,,,,,,,,,,
,,,,,,,clusters_m30_n150_r1.5_s1003,clusters,1.5,30,150,ingenua,34838.099140325925,True,-1,0,60.0,32.447493899999245,0.0,,,,,,,,28256.51254102623,27356.04420619351,gap,"[[32.44746969999687, 34838.099140325925]]",81dbbcb06942419706f3,,,,,,,False,946.9885867674932,29824.00944319396,20948.13863481524,
,,,,,,,clusters_m30_n150_r1.5_s1003,clusters,1.5,30,150,lns,28293.354258397798,True,-1,0,60.0,60.01315389999945,0.013153899999451824,0.0,1.0,1.0,False,False,,0.0,28256.51254102623,27356.04420619351,gap,"[[0.6674397999995563, 30596.163593272362], [6.9257719999986875, 30526.605185415534], [7.012981199997739, 29552.659245611605], [10.87322139999742, 29202.995020031984], [14.90624409999873, 28635.72349665747], [16.558497999998508, 28563.438230587548], [19.124191599999904, 28526.93617779247], [20.221559499997966, 28351.885147936115], [30.869232099998044, 28329.11790388088], [32.07951189999949, 28307.639779454705], [37.077101899998524, 28295.8108549127], [39.50758560000031, 28293.354258397798]]",81dbbcb06942419706f3,,,,,,,,,,,60.01314809999894
,,,,0.10254690000147093,50.997857499998645,0.004328700000769459,clusters_m30_n150_r1.5_s1003,clusters,1.5,30,150,warm_classico,28284.209860425217,True,-1,0,60.0,57.36500899999737,0.0,6.26014479999867,2.0,1.0,False,False,,248.0,28256.51254102623,27356.04420619351,gap,"[[0.6689464999981283, 30596.163593272362], [6.3806459000006726, 30596.163593272362], [13.37802979999833, 28284.209860425206]]",81dbbcb06942419706f3,,,,,,,,,,,6.260121499999514
0.0018567999977676664,0.01141049999932875,0.06518669999786653,0.007726700005150633,0.34723619999567745,58.55685619999713,0.010221000000456115,clusters_m30_n150_r3.0_s1000,clusters,3.0,30,150,adaptativa:gnn,18587.13840667097,True,0,0,60.0,59.001765900000464,0.0,0.07849789999818313,4.0,1.0,True,False,,629.0,19141.927883609125,17935.58570279922,gap,"[[0.16509279999445425, 20672.636905303258], [0.31993129999682424, 20568.656168313883], [0.6910484999971231, 20549.87342570384], [0.7789084999967599, 18862.840031101136], [0.8181496999968658, 18829.79604461491], [0.8565858999972988, 18828.43817633225], [1.183242599996447, 18763.72215886751], [3.750250599994615, 18631.670343142803], [6.8075590999978886, 18608.652206839895], [7.452613699995709, 18606.200247812332], [7.454055099995458, 18600.156212617923], [7.468673999996099, 18594.760750899997], [11.781814699996175, 18587.138406670965], [15.088561199998367, 18587.13840667096], [26.118873599996732, 18587.13840667096], [34.14679719999549, 18587.13840667096]]",81dbbcb06942419706f3,,,,,,,,,,,
,0.0,0.07648770000014338,,,,,clusters_m30_n150_r3.0_s1000,clusters,3.0,30,150,clns:aleatorio,18504.159028935206,True,-1,0,60.0,59.98004399999991,0.0,,,,,,,,19141.927883609125,17935.58570279922,gap,"[[0.07759639999858337, 24184.292535946533], [0.20398969999951078, 20816.936081410284], [0.9775015999985044, 19890.56622284426], [1.0624881999974605, 19885.556493832075], [1.9802467999979854, 19883.85011744217], [5.011077999999543, 19875.879880612767], [5.094226299999718, 19865.59039255896], [5.142235899998923, 19828.466659485322], [5.18737919999694, 19819.633268066314], [6.106108599997242, 19810.8505549262], [7.987653199998022, 18596.9031824536], [8.977881299997534, 18552.82969701399], [9.174513399997522, 18549.359661458784], [9.237928099999408, 18546.36543695337], [9.976207100000465, 18523.614445948246], [9.990782099997887, 18522.307972385333], [10.012279200000194, 18514.235119224195], [11.375814299997728, 18513.340525139673], [11.63952529999733, 18511.64515047881], [12.43195939999714, 18507.70875376518], [14.164047700000083, 18504.159028935206]]",81dbbcb06942419706f3,445.0,0.0011077999988629017,0.9173646999988705,58.86920059997283,"{""interior"": 185, ""fronteira"": 94, ""liberacao"": 105, ""regret"": 61}","{""interior"": 3, ""fronteira"": 3, ""liberacao"": 8, ""regret"": 6}",,,,,
,0.0,0.07881930000075954,,,,,clusters_m30_n150_r3.0_s1000,clusters,3.0,30,150,clns:alns,18502.481557092087,True,-1,0,60.0,59.99708440000177,0.0,,,,,,,,19141.927883609125,17935.58570279922,gap,"[[0.08006459999887738, 24184.292535946533], [0.5744126999998116, 19657.414868664964], [0.713920500002132, 18898.124947910637], [0.9685518000005686, 18697.235788394635], [0.983884900000703, 18688.147239925172], [1.6193028999987291, 18679.885093331446], [2.9986073000000033, 18502.481557092087]]",81dbbcb06942419706f3,373.0,0.001244600000063656,0.6382112000283087,59.18300610001097,"{""interior"": 89, ""fronteira"": 102, ""liberacao"": 87, ""regret"": 95}","{""interior"": 0, ""fronteira"": 4, ""liberacao"": 1, ""regret"": 1}",,,,,
,7.737178500028676,0.0844704000010097,,,,,clusters_m30_n150_r3.0_s1000,clusters,3.0,30,150,clns:aprendido,18507.17547578083,True,-1,0,60.0,60.003449899999396,0.0034498999993957113,,,,,,,,19141.927883609125,17935.58570279922,gap,"[[0.08661480000228039, 24184.292535946533], [0.16976500000237138, 22219.233440824904], [0.2751785000000382, 19675.884381048098], [0.2962981000018772, 18932.065835024023], [0.8684762000011688, 18892.813955589576], [0.8901146999996854, 18892.309035913007], [0.9719031999993604, 18884.762125466194], [1.981836300001305, 18698.430017882012], [2.6239324000016495, 18691.57500128589], [4.1126824999992095, 18691.068603772215], [13.974908799998957, 18685.466929063285], [39.710804800000915, 18517.3706771681], [39.74236319999909, 18511.541753814974], [39.97509759999957, 18510.627148332424], [40.01568000000043, 18508.429425458602], [40.06934530000217, 18507.542584289502], [46.50814209999953, 18507.256347190185], [50.82126540000172, 18507.17547578083]]",81dbbcb06942419706f3,1643.0,0.00214350000169361,10.832660800017038,48.707059399966965,"{""interior"": 1535, ""fronteira"": 30, ""liberacao"": 45, ""regret"": 33}","{""interior"": 1, ""fronteira"": 5, ""liberacao"": 8, ""regret"": 3}",,,,,
,0.0,0.06674550000025192,,,,,clusters_m30_n150_r3.0_s1000,clusters,3.0,30,150,clns:dual,18510.41746741166,True,-1,0,60.0,60.002861799999664,0.002861799999664072,,,,,,,,19141.927883609125,17935.58570279922,gap,"[[0.0689509999974689, 24184.292535946533], [0.16210789999968256, 22468.30781651699], [0.3756646000001638, 21661.834559299517], [1.0798515999995288, 20811.533791725764], [1.1137104000008549, 20803.404681441854], [1.1542754999973113, 20756.469315099326], [1.1651079000002937, 20016.376567875464], [1.20741039999848, 20016.034834812683], [1.2420024999992165, 20013.48854120184], [1.3862558000000718, 20006.37994353689], [1.412276600000041, 20004.375574853315], [2.4692924999981187, 19810.785983356353], [2.593969699999434, 19794.853735198856], [2.7902651999975205, 19772.86672395743], [4.917955900000379, 19772.44920436913], [5.016402499997639, 19767.729229310356], [5.844355499997619, 19767.470512386608], [5.985117299998819, 19765.56371547352], [10.145671599999332, 19764.668995720487], [10.395320899999206, 19761.40215689476], [10.428894199998467, 19760.450607961622], [10.863908600000286, 19760.060296762826], [15.07898369999748, 18587.6998555796], [15.107060199999978, 18530.517508318877], [15.161671300000307, 18526.228578439168], [15.901400399998238, 18515.96211356223], [18.83807009999873, 18511.220056554248], [23.397893999997905, 18510.623665599396], [27.40359719999833, 18510.41746741166]]",81dbbcb06942419706f3,430.0,0.002204200001870049,0.8367454000217549,58.98755270001493,"{""interior"": 101, ""fronteira"": 86, ""liberacao"": 80, ""regret"": 163}","{""interior"": 2, ""fronteira"": 7, ""liberacao"": 8, ""regret"": 11}",,,,,
,0.0,0.09787299999879906,,,,,clusters_m30_n150_r3.0_s1000,clusters,3.0,30,150,clns:rotacao,18502.481557092087,True,-1,0,60.0,60.002982599999086,0.002982599999086233,,,,,,,,19141.927883609125,17935.58570279922,gap,"[[0.09998709999854327, 24184.292535946533], [0.15656200000012177, 24115.396408820794], [0.22146970000176225, 24094.2511037273], [1.0004006000017398, 21047.864444588038], [1.020714999998745, 21021.171115737307], [1.0331054999987828, 20281.078368513445], [1.0757052000008116, 20278.19034183982], [1.9999735999990662, 20089.94383564919], [2.042710099998658, 20077.07515177421], [3.0021994000017003, 19324.43343701379], [3.0175692000011622, 19315.710504020662], [3.052466600001935, 19301.929500926835], [3.375048000001698, 19023.954392522486], [3.3896012000004703, 19013.59495878819], [3.52165800000148, 19003.977348690903], [3.663298499999655, 18578.81518501014], [3.679799500001536, 18576.497624231863], [3.694220800000039, 18568.981181926432], [4.15524060000098, 18553.03610282972], [4.185888799998793, 18552.945257353684], [4.207733399998688, 18550.91114799296], [4.999538700001722, 18546.161266589323], [6.3904098000020895, 18545.33723152175], [6.635601099998894, 18525.16158140124], [6.91457580000133, 18520.089906841516], [6.9677840000003926, 18516.17013562405], [8.095468800001981, 18512.353343025883], [8.13937530000112, 18505.00019464497], [9.066200799999933, 18503.51653803995], [9.645861799999693, 18502.98887850844], [16.318571700001485, 18502.481557092087]]",81dbbcb06942419706f3,423.0,0.002113000002282206,0.6991598000240629,59.09951059997911,"{""interior"": 106, ""fronteira"": 106, ""liberacao"": 106, ""regret"": 105}","{""interior"": 5, ""fronteira"": 7, ""liberacao"": 13, ""regret"": 5}",,,,,
,,,,0.14295990000027814,56.85075990000041,0.0033121999986178707,clusters_m30_n150_r3.0_s1000,clusters,3.0,30,150,completo,19246.752690161327,True,-1,0,60.0,56.99714319999839,0.0,0.0,1.0,1.0,False,False,,163.0,19141.927883609125,17935.58570279922,gap,"[[0.41522599999734666, 29469.42882471813], [2.3091215999993437, 24594.3160546143], [6.992077499999141, 20460.920892049646], [7.481880399998772, 19942.048965059617], [7.602563000000373, 19246.752690161335]]",81dbbcb06942419706f3,,,,,,,,,,,
,,,,,,,clusters_m30_n150_r3.0_s1000,clusters,3.0,30,150,ingenua,25316.483081720806,True,-1,0,60.0,0.9176994999979797,0.0,,,,,,,,19141.927883609125,17935.58570279922,gap,"[[0.9176550999982283, 25316.483081720806]]",81dbbcb06942419706f3,,,,,,,False,707.2595360876186,23084.56672933521,16749.956309323286,
,,,,,,,clusters_m30_n150_r3.0_s1000,clusters,3.0,30,150,lns,18964.741265357734,True,-1,0,60.0,60.01748620000217,0.017486200002167607,0.0,1.0,1.0,False,False,,0.0,19141.927883609125,17935.58570279922,gap,"[[1.187020900000789, 20708.43403458607], [1.754229199999827, 20704.861048126768], [1.8067216000017652, 20622.96581141561], [2.4240457999985665, 20593.661388540328], [3.25986180000109, 19690.987158347685], [7.745760300000256, 19671.447501105245], [8.382013599999482, 19608.760613421913], [8.553127700000914, 19599.23320339618], [11.656753899998876, 19548.120771835784], [12.302658299999166, 19400.968266196927], [13.746686999998929, 19236.478513815466], [15.90793770000164, 19201.93823974254], [17.534095700000762, 19038.05560377916], [18.838027699999657, 19035.353150654177], [19.965177900001436, 19006.517892167572], [20.33090710000033, 19006.270592940313], [20.502725199999986, 19000.501686728363], [27.537301299998944, 18977.295525628546], [40.15335440000126, 18974.724086663748], [59.41196370000034, 18964.741265357734]]",81dbbcb06942419706f3,,,,,,,,,,,60.01748039999802
,,,,0.18433729999742354,51.80484179999985,0.0035008000013476703,clusters_m30_n150_r3.0_s1000,clusters,3.0,30,150,warm_classico,19098.4282531415,True,-1,0,60.0,58.075571299999865,0.0,6.082762499998353,2.0,1.0,False,False,,162.0,19141.927883609125,17935.58570279922,gap,"[[0.9842556000003242, 20708.43403458607], [1.5472582000002149, 20704.861048126768], [1.5948615999986941, 20622.96581141561], [2.072113399997761, 20593.661388540328], [2.8501198000012664, 19690.987158347685], [6.280391899996175, 19690.98715834769], [12.258439099998213, 19123.560677035664], [12.260514599998714, 19122.009067484167], [12.27566559999832, 19111.128449975316], [50.18290589999742, 19098.428253141505]]",81dbbcb06942419706f3,,,,,,,,,,,6.082752999998775
0.002449800002068514,0.010986400000547292,0.10011490000033518,0.005000799999834271,0.25304489999689395,58.6281755999953,0.007229300004837569,clusters_m30_n150_r3.0_s1001,clusters,3.0,30,150,adaptativa:gnn,20207.63116995436,True,0,0,60.0,59.007952700001624,0.0,0.11360599999898113,4.0,1.0,True,False,,42.0,20233.17136246442,19345.2801136219,gap,"[[0.1955299000001105, 22749.81935556292], [0.4202459000007366, 22466.8569314406], [1.0969565000013972, 22431.65410855169], [1.1300090000004275, 22431.054454350287], [1.8975357000017539, 20370.109113511044], [3.362282599999162, 20295.00314314949], [3.534632800001418, 20294.229551744782], [4.133760600001551, 20257.811671328447], [4.46970230000079, 20246.163046546164], [5.943794599999819, 20236.001364089927], [5.944231299999956, 20233.15750927309], [5.958425299999362, 20232.48923384857], [8.221115700001974, 20226.98091516822], [10.495464700001321, 20226.288907634993], [10.677291600000899, 20213.931617661878], [12.702038300001732, 20207.754211803767], [13.05195140000069, 20207.631169954362], [15.053360899997642, 20207.63116995434], [26.079218299997592, 20207.63116995434], [35.10657889999857, 20207.63116995434]]",81dbbcb06942419706f3,,,,,,,,,,,
,0.0,0.1235562999972899,,,,,clusters_m30_n150_r3.0_s1001,clusters,3.0,30,150,clns:aleatorio,20363.35170971375,True,-1,0,60.0,60.015757699999085,0.015757699999085162,,,,,,,,20233.17136246442,19345.2801136219,gap,"[[0.12467999999716994, 24846.42679914988], [0.6068654999980936, 22115.136839067305], [0.6228088999996544, 22104.33817254722], [0.7354329999980109, 22090.377501400104], [0.7609510999973281, 22079.089957010612], [0.8192619999972521, 22067.116422738567], [1.8113404999967315, 22046.374038643644], [1.8321773999996367, 22039.367000596536], [2.8125102999983937, 22029.3693868787], [2.8764981999993324, 20685.4699227166], [2.8933896999988065, 20676.06804417947], [2.9028148999968835, 20671.927250524655], [2.9520352999970783, 20656.747064881165], [4.80774819999715, 20509.823753253], [4.8227970999978425, 20448.326658938633], [5.98193899999751, 20403.672353367303], [6.844360299997788, 20403.56923069968], [7.8585962999968615, 20388.383540695802], [9.807807699999103, 20382.23106189509], [9.830633399997168, 20378.042523046213], [14.145213499999954, 20372.935296571977], [16.697891099996923, 20364.119051154536], [18.70914449999691, 20363.35170971375]]",81dbbcb06942419706f3,280.0,0.0011231999997107778,0.34499040005903225,59.47276139998212,"{""interior"": 106, ""fronteira"": 60, ""liberacao"": 70, ""regret"": 44}","{""interior"": 3, ""fronteira"": 6, ""liberacao"": 6, ""regret"": 7}",,,,,
,0.0,0.11071859999719891,,,,,clusters_m30_n150_r3.0_s1001,clusters,3.0,30,150,clns:alns,20343.236886638366,True,-1,0,60.0,59.98059569999896,0.0,,,,,,,,20233.17136246442,19345.2801136219,gap,"[[0.11197879999963334, 24846.42679914988], [0.1714966999970784, 23608.87512501148], [0.47042769999825396, 21765.35140617691], [0.6942834999972547, 21752.20724021423], [0.9738376999994216, 21750.79189454334], [1.6647419999972044, 21750.203080366937], [1.6815129999995406, 21738.229546094888], [1.9729378999982146, 21729.139048093988], [2.0675406999980623, 20385.239583931885], [8.974229099996592, 20384.037325667094], [11.834944999998697, 20353.93934367287], [13.935379599999578, 20351.291743332567], [15.349556599998323, 20343.492042942147], [21.96198419999928, 20343.236886638366]]",81dbbcb06942419706f3,289.0,0.0012592999992193654,0.3534033999821986,59.43709420002051,"{""interior"": 60, ""fronteira"": 77, ""liberacao"": 88, ""regret"": 64}","{""interior"": 2, ""fronteira"": 5, ""liberacao"": 6, ""regret"": 0}",,,,,
,7.565546200072276,0.1024031000015384,,,,,clusters_m30_n150_r3.0_s1001,clusters,3.0,30,150,clns:aprendido,20343.236886638366,True,-1,0,60.0,59.96391489999951,0.0,,,,,,,,20233.17136246442,19345.2801136219,gap,"[[0.10350180000023101, 24846.42679914988], [0.14857600000323146, 23549.619656890594], [0.1652009999997972, 23487.402912700934], [0.23202870000022813, 22131.529914266783], [0.5135252000000037, 22095.545848351776], [0.5300173000032373, 20928.112930800373], [3.6779943000001367, 20885.506558126388], [4.2866733000009845, 20443.52950902689], [4.327871800000139, 20437.513939931516], [4.69975020000129, 20432.835350361063], [4.71522140000161, 20425.83035199647], [4.7592532000016945, 20411.540024019407], [5.203515799999877, 20382.613843424486], [7.995666900002107, 20357.281366160456], [8.010925300000963, 20357.235669284622], [19.30047410000043, 20356.244386447645], [30.583892900001956, 20351.28389776674], [32.72059060000174, 20343.236886638366]]",81dbbcb06942419706f3,1986.0,0.0010981999985233415,9.77882009993482,49.722174599977734,"{""interior"": 1906, ""fronteira"": 31, ""liberacao"": 29, ""regret"": 20}","{""interior"": 4, ""fronteira"": 4, ""liberacao"": 4, ""regret"": 5}",,,,,
,0.0,0.14523660000122618,,,,,clusters_m30_n150_r3.0_s1001,clusters,3.0,30,150,clns:dual,21699.109885072517,True,-1,0,60.0,60.37661829999706,0.3766182999970624,,,,,,,,20233.17136246442,19345.2801136219,gap,"[[0.14643839999916963, 24846.42679914988], [0.19275959999868064, 24838.03474067826], [0.24537100000088685, 24809.521263811435], [0.2710851999981969, 23609.395707027496], [0.43122109999967506, 22302.041753931982], [0.47281440000006114, 22301.21259046996], [0.5113944000004267, 22236.13201536721], [0.5306381000009424, 22229.142578762232], [0.7560854000003019, 22221.752800025817], [1.4791731000004802, 21762.88801903747], [1.5020920999995724, 21762.63601667183], [1.5430689999993774, 21754.70437898657], [1.597626599999785, 21749.295742246963], [1.6219921999982034, 21748.551994184574], [2.265858200000366, 21744.56442524042], [4.000287499999104, 21744.148298879565], [4.478953699999693, 21740.295728327652], [4.936428900000465, 21710.217392158564], [8.792681099999754, 21703.84036328953], [21.944358400000056, 21699.66022991181], [22.033455400000094, 21699.365041376295], [26.665991699999722, 21699.109885072517]]",81dbbcb06942419706f3,498.0,0.0012009999991278164,0.6984294999529084,59.42398040002445,"{""interior"": 160, ""fronteira"": 115, ""liberacao"": 83, ""regret"": 140}","{""interior"": 4, ""fronteira"": 6, ""liberacao"": 5, ""regret"": 6}",,,,,
,0.0,0.10688750000190339,,,,,clusters_m30_n150_r3.0_s1001,clusters,3.0,30,150,clns:rotacao,19994.784377775788,True,-1,0,60.0,60.02386969999861,0.023869699998613214,,,,,,,,20233.17136246442,19345.2801136219,gap,"[[0.10802500000136206, 24846.42679914988], [0.16075629999977536, 24785.63766826993], [0.18441440000242437, 24692.887748209898], [0.7168904000027396, 22870.879823747946], [0.7831974000000628, 20850.08527284766], [0.8815873000021384, 20741.248046323457], [0.8951611000011326, 20737.68414178034], [1.0229894000003696, 20720.234205422654], [2.024855400002707, 20702.690999460414], [3.027213600002142, 20605.617337060434], [6.022912399999768, 20509.749408626194], [6.054137400002219, 20504.959302682706], [6.0687722000002395, 20473.17709987479], [7.026571800000966, 20454.945895713292], [8.033284600001934, 20318.143866168033], [8.092826700001751, 20316.57929300411], [9.022697200001858, 20294.402266291418], [10.024059300001682, 20070.03008046486], [10.315824299999804, 20051.19372115788], [10.33922689999963, 20049.91391718617], [12.855265199999849, 20034.66167185827], [14.801179000001866, 20002.151630583503], [15.022197100002813, 20001.801267769395], [15.492984500000603, 19998.71819423302], [15.842351700001018, 19998.427751970787], [16.21368419999999, 19997.281156515404], [17.02366439999969, 19994.836728236325], [21.27834740000253, 19994.784377775788]]",81dbbcb06942419706f3,370.0,0.0011369000021659303,0.5940861999661138,59.22986350001156,"{""interior"": 93, ""fronteira"": 93, ""liberacao"": 92, ""regret"": 92}","{""interior"": 5, ""fronteira"": 9, ""liberacao"": 8, ""regret"": 5}",,,,,
,,,,0.2012734999989334,56.21483850000004,0.00437919999967562,clusters_m30_n150_r3.0_s1001,clusters,3.0,30,150,completo,20240.801552881618,True,-1,0,60.0,56.42059950000112,0.0,0.0,1.0,1.0,False,False,,504.0,20233.17136246442,19345.2801136219,gap,"[[0.39884969999911846, 44280.18681926374], [1.3636635999973805, 25358.369999585226], [1.3684252999992168, 23267.905136538942], [5.187752300000284, 22219.86254595911], [5.23798479999823, 21987.55028118514], [40.97993049999786, 20760.151813639575], [40.986089099998935, 20753.01626572993], [41.00230779999765, 20736.618736540684], [43.09360960000049, 20285.61784401002], [43.11257249999835, 20247.518323951594], [43.13222449999739, 20247.25519098413], [50.75773449999906, 20247.071177334674], [56.29158429999734, 20240.80155288161]]",81dbbcb06942419706f3,,,,,,,,,,,
,,,,,,,clusters_m30_n150_r3.0_s1001,clusters,3.0,30,150,ingenua,27258.85204749742,True,-1,0,60.0,11.189069500000187,0.0,,,,,,,,20233.17136246442,19345.2801136219,gap,"[[11.189041700003145, 27258.85204749742]]",81dbbcb06942419706f3,,,,,,,False,555.3102160056259,25071.84371773657,19316.38646383837,
,,,,,,,clusters_m30_n150_r3.0_s1001,clusters,3.0,30,150,lns,20138.280149748065,True,-1,0,60.0,60.003338800001075,0.00333880000107456,0.0,1.0,1.0,False,False,,0.0,20233.17136246442,19345.2801136219,gap,"[[1.4188503000004857, 22607.129278104483], [6.447835099999793, 20748.874193498283], [7.6125290999989375, 20268.990383317796], [11.683338599999843, 20245.35399846749], [12.256355500001519, 20233.17136246442], [31.294182400000864, 20210.802402898265], [41.63978280000083, 20202.120384279984], [43.09250719999909, 20180.67214787601], [44.366536800000176, 20177.08963694395], [44.7844010000008, 20138.280149748065]]",81dbbcb06942419706f3,,,,,,,,,,,60.003332299998874
,,,,0.1361983999995573,51.8508959000028,0.002462199998262804,clusters_m30_n150_r3.0_s1001,clusters,3.0,30,150,warm_classico,20254.43750186569,True,-1,0,60.0,57.993446000000404,0.0,6.003796000000875,2.0,1.0,False,False,,290.0,20233.17136246442,19345.2801136219,gap,"[[1.442965300000651, 22607.129278104483], [6.157415699999547, 22607.129278104454], [10.989485199999763, 22540.747963696183], [11.061337399998592, 22219.86254595911], [47.8802872999986, 20693.97675789847], [47.884994500000175, 20303.92692852441], [47.88650899999993, 20254.82837090008], [56.556698100001086, 20254.43750186568]]",81dbbcb06942419706f3,,,,,,,,,,,6.003786699999182
0.0020895000016025733,0.011211699998966651,0.12258709999878192,0.004657900004531257,0.5277590999976383,58.286424099991564,0.007228700000268873,clusters_m30_n150_r3.0_s1002,clusters,3.0,30,150,adaptativa:gnn,17479.349962119984,True,0,0,60.0,58.96295910000117,0.0,0.13595460000215098,4.0,1.0,True,False,,1312.0,17224.69038246585,16548.505569414705,gap,"[[0.21805880000101752, 19941.950146509847], [0.29710590000104276, 18299.564887130884], [2.418618100000458, 17853.455941536373], [2.4404458999997587, 17708.267527219134], [3.547532399999909, 17671.995046962307], [3.8700424000016937, 17638.832329723806], [3.8808964999989257, 17638.77218328883], [12.467852000001585, 17630.82864985988], [15.016297900001518, 17630.82864985988], [18.567949500000395, 17497.57693673331], [18.608449100000144, 17483.27824929247], [18.618339700002252, 17479.349962119988], [26.302867200003675, 17479.349962119988], [34.08780730000217, 17479.349962119988]]",81dbbcb06942419706f3,,,,,,,,,,,
,0.0,0.11514850000094157,,,,,clusters_m30_n150_r3.0_s1002,clusters,3.0,30,150,clns:aleatorio,17231.189341222038,True,-1,0,60.0,59.98764849999861,0.0,,,,,,,,17224.69038246585,16548.505569414705,gap,"[[0.11628099999870756, 29453.342667083907], [0.14821699999811244, 28493.349200173212], [0.20313360000000102, 23501.94932825049], [1.0037962999995216, 22759.242569817467], [1.016783300001407, 22637.350248520506], [1.1824153999987175, 18487.79055542702], [1.1990521000006993, 18486.284799239096], [1.3976062000001548, 18366.004527353165], [2.008124600000883, 18343.217633067416], [2.016891899998882, 18280.390667844644], [2.070858399998542, 18277.596797873655], [2.0969461999993655, 18272.695098436394], [3.0236871000015526, 18217.84798221168], [4.0267093000002205, 18217.71752455816], [4.984863800000312, 17725.62559155038], [4.99717149999924, 17714.623125821923], [5.020016400001623, 17679.829039950037], [5.345464199999697, 17663.412231205893], [6.011524500001542, 17647.784646106396], [9.98471040000004, 17244.91494744314], [11.732383200000186, 17243.450796229416], [11.912238799999614, 17240.90400013396], [15.158122900000308, 17236.633854041043], [15.188545799999702, 17234.4696676052], [21.03631310000128, 17231.189341222038]]",81dbbcb06942419706f3,460.0,0.001132000001234701,0.6763443999698211,59.09782700001597,"{""interior"": 174, ""fronteira"": 103, ""liberacao"": 109, ""regret"": 74}","{""interior"": 5, ""fronteira"": 5, ""liberacao"": 10, ""regret"": 4}",,,,,
,0.0,0.12277779999931226,,,,,clusters_m30_n150_r3.0_s1002,clusters,3.0,30,150,clns:alns,17534.389478960504,True,-1,0,60.0,60.30587419999938,0.3058741999993799,,,,,,,,17224.69038246585,16548.505569414705,gap,"[[0.12393900000097346, 29453.342667083907], [0.2968951000002562, 25443.302202023595], [0.5217785999993794, 25436.125410774173], [0.5302378999986104, 25408.13108639852], [1.3047638999996707, 24303.782207729928], [1.398310099997616, 20420.515286214235], [1.4430040000006557, 20420.354027901743], [2.4619915999974182, 20318.545123023672], [2.539156599999842, 20167.389135512065], [2.6351541000003635, 18650.553514976687], [2.680821099998866, 18567.960875891156], [2.6953194999987318, 18521.6770353036], [2.747549399999116, 18515.615244709614], [3.719226699999126, 17986.283586425176], [6.430489200000011, 17983.15463430861], [6.452452599998651, 17971.41016140763], [6.618074699999852, 17951.171742385523], [7.340140100001008, 17937.90442900694], [11.087220599998545, 17586.93045205917], [11.297953699999198, 17581.30950100698], [11.36960089999775, 17570.723146318436], [16.310629799998424, 17561.275691597213], [17.395488099999056, 17542.100665759914], [17.47855399999753, 17538.031331814058], [17.53680600000007, 17537.95356805186], [18.297884499999782, 17535.77468254498], [20.61510679999992, 17535.075715637726], [22.396333000000595, 17534.630210154242], [22.989253499999904, 17534.389478960504]]",81dbbcb06942419706f3,266.0,0.0011607000014919322,0.42466870000134804,59.6846164000126,"{""interior"": 57, ""fronteira"": 83, ""liberacao"": 57, ""regret"": 69}","{""interior"": 2, ""fronteira"": 11, ""liberacao"": 10, ""regret"": 5}",,,,,
,2.09249450000425,0.12316510000164271,,,,,clusters_m30_n150_r3.0_s1002,clusters,3.0,30,150,clns:aprendido,17043.72125193035,True,-1,0,60.0,59.98875559999942,0.0,,,,,,,,17224.69038246585,16548.505569414705,gap,"[[0.124257999999827, 29453.342667083907], [0.3693094000009296, 25260.961378106218], [0.4130808000008983, 20314.726170940026], [0.979005799999868, 20314.140825589813], [1.906330000001617, 19714.917437790817], [1.9178121000004467, 19506.038156456285], [2.0059911999996984, 19483.133939285857], [2.984394600000087, 19469.65385940313], [3.0064353000016126, 19434.359349659244], [3.1275072999997064, 19261.133020825167], [3.9534173000029114, 19212.61079348148], [4.284194300002127, 19212.037637846282], [4.354186700002174, 19101.815859281032], [5.980442700001731, 18695.6057888939], [6.983761900002719, 18503.402321479658], [7.979837099999713, 17455.06807134626], [8.818145400000503, 17359.520437662402], [8.973045400001865, 17352.823713350066], [9.381183500001498, 17260.744547245667], [9.49130420000074, 17243.93010296177], [10.579889399999956, 17189.428302696964], [12.203311100001883, 17075.410402299745], [43.76991940000153, 17059.125786366763], [44.33501750000141, 17058.54288722319], [44.98002660000202, 17046.29979446729], [46.36514580000221, 17044.916907617702], [47.806061000002956, 17043.72125193035]]",81dbbcb06942419706f3,531.0,0.001092499998776475,2.8572620999148057,56.89018039999064,"{""interior"": 89, ""fronteira"": 396, ""liberacao"": 38, ""regret"": 8}","{""interior"": 3, ""fronteira"": 9, ""liberacao"": 12, ""regret"": 2}",,,,,
,0.0,0.12199820000023465,,,,,clusters_m30_n150_r3.0_s1002,clusters,3.0,30,150,clns:dual,17772.859415953128,True,-1,0,60.0,59.95897960000002,0.0,,,,,,,,17224.69038246585,16548.505569414705,gap,"[[0.12313200000062352, 29453.342667083907], [0.15934760000163806, 28505.044724419928], [0.1692231000015454, 27303.11356553352], [0.32242369999949005, 24328.57988534084], [0.3495684000008623, 23375.486722788857], [0.3819714000019303, 22483.36391719188], [0.48565960000269115, 22434.403447535726], [0.5621331000002101, 22433.066418231265], [0.5712786000003689, 22405.07209385561], [0.5897963999996136, 22378.162383560342], [0.9140671000022849, 18197.063510332242], [0.9860227999997733, 18197.056259471996], [1.4580715000010969, 18194.322374813742], [15.647022900000593, 18178.54875900903], [25.99667430000045, 18177.782698926505], [26.077170200002, 18177.65221600041], [42.26846830000068, 18158.05953963987], [43.45441120000032, 18157.75887235919], [59.61423130000185, 17772.859415953128]]",81dbbcb06942419706f3,208.0,0.0011334000009810552,0.33728970000811387,59.43818469998587,"{""interior"": 45, ""fronteira"": 21, ""liberacao"": 35, ""regret"": 107}","{""interior"": 2, ""fronteira"": 4, ""liberacao"": 6, ""regret"": 6}",,,,,
,0.0,0.13692129999981262,,,,,clusters_m30_n150_r3.0_s1002,clusters,3.0,30,150,clns:rotacao,17100.431663427997,True,-1,0,60.0,59.961881499999436,0.0,,,,,,,,17224.69038246585,16548.505569414705,gap,"[[0.13789720000204397, 29453.342667083907], [0.16893100000015693, 29425.348342708257], [0.21993970000039553, 27547.603353915416], [0.93316810000033, 25006.48789115702], [0.9427075000021432, 24972.574677490014], [0.9501538000004075, 24965.081825896683], [0.9697545000017271, 23770.643518603607], [1.0177760000005946, 22341.994932811805], [1.026414100000693, 22324.7407828406], [1.076690599998983, 20495.691537616385], [1.9666935000022931, 20493.36066443394], [1.9831004000006942, 20478.897333107143], [2.9278072000015527, 19399.657794180042], [2.9452377000015986, 19386.038001695975], [3.31838400000197, 18474.505258087076], [4.945113100002345, 18470.52018243481], [5.929174699998839, 17718.737328207128], [6.313040200002433, 17702.827863869716], [6.385272700001224, 17701.830878116914], [6.923876000000746, 17679.080578257628], [7.926715500001592, 17538.652143763244], [7.9544901000008394, 17534.16269860815], [9.003678799999761, 17525.07545389201], [9.923591400001897, 17524.818391435096], [9.936161800000264, 17522.400239104314], [11.710258800001611, 17503.155113573834], [11.76385239999945, 17500.06937630336], [15.923106800000824, 17487.087699129585], [17.97661270000026, 17482.23306737214], [18.923860499999137, 17473.57163685777], [18.985084700001607, 17469.783600691513], [19.146664300002158, 17461.42933676487], [20.927251299999625, 17437.472489495864], [20.951044500001444, 17434.27214022335], [21.551591800001916, 17433.621711142136], [24.295882400001574, 17432.740770837336], [24.97054500000013, 17431.859129697288], [25.353992799999105, 17382.67243429632], [25.723632199998974, 17140.4882886327], [26.467041200001404, 17140.057130819554], [26.960009000002174, 17139.386621226327], [36.929322500000126, 17117.70294321866], [36.95265819999986, 17101.164129066776], [37.92474240000229, 17100.750380738344], [38.200734699999884, 17100.431663427997]]",81dbbcb06942419706f3,246.0,0.0009754999991855584,0.40129119997800444,59.36075430001438,"{""interior"": 62, ""fronteira"": 62, ""liberacao"": 61, ""regret"": 61}","{""interior"": 7, ""fronteira"": 13, ""liberacao"": 16, ""regret"": 8}",,,,,
,,,,0.11682389999987208,56.878691900001286,0.0025021000001288485,clusters_m30_n150_r3.0_s1002,clusters,3.0,30,150,completo,17046.725523325942,True,-1,0,60.0,56.99809879999884,0.0,0.0,1.0,1.0,False,False,,568.0,17224.69038246585,16548.505569414705,gap,"[[0.31445739999981015, 41726.56891918094], [1.4769460999996227, 22875.345632910685], [1.6697473999993235, 22296.37787749571], [3.941129099999671, 20187.50339790844], [4.603063499998825, 20126.833956066926], [4.612664299998869, 18272.33129130935], [4.614229599999817, 18266.856619593], [35.37342189999981, 18172.221637063853], [35.454271399998106, 17224.69038246585], [42.92509869999776, 17220.35953758057], [51.78331839999737, 17046.725523325946]]",81dbbcb06942419706f3,,,,,,,,,,,
,,,,,,,clusters_m30_n150_r3.0_s1002,clusters,3.0,30,150,ingenua,20141.735928502163,True,-1,0,60.0,0.6968213000000105,0.0,,,,,,,,17224.69038246585,16548.505569414705,gap,"[[0.6967980000008538, 20141.735928502163]]",81dbbcb06942419706f3,,,,,,,False,134.80946796808553,21831.809726221803,20310.955716613535,
,,,,,,,clusters_m30_n150_r3.0_s1002,clusters,3.0,30,150,lns,17713.48788322343,True,-1,0,60.0,60.0109134000013,0.010913400001300033,0.0,1.0,1.0,False,False,,0.0,17224.69038246585,16548.505569414705,gap,"[[2.0042183000005025, 20729.200280715904], [2.491663900000276, 20530.2783052081], [4.423204000002443, 19302.117392375018], [5.405175899999449, 19235.921438638758], [7.878759999999602, 19207.388288911847], [12.461907299999439, 19093.65850930241], [14.203014700000494, 18201.92944576411], [14.409222000002046, 17922.593953496056], [15.021491700001206, 17849.238872004884], [15.77680600000167, 17846.739258449405], [15.981314500000735, 17799.59234010274], [16.879731200002425, 17792.560157450713], [17.151942299999064, 17770.012825873047], [19.441192500002217, 17768.356395357394], [19.682637400001113, 17713.48788322343]]",81dbbcb06942419706f3,,,,,,,,,,,60.010908199998084
,,,,0.18008000000190805,51.81088209999871,0.002744400000665337,clusters_m30_n150_r3.0_s1002,clusters,3.0,30,150,warm_classico,17630.880266307155,True,-1,0,60.0,57.99581969999781,0.0,6.002023199998803,2.0,1.0,False,False,,213.0,17224.69038246585,16548.505569414705,gap,"[[1.8962318999983836, 20729.200280715904], [2.342881299999135, 20530.2783052081], [4.421759000000748, 19302.117392375018], [5.3420009999972535, 19235.921438638758], [6.196048999998311, 19235.921438638772], [10.741370199997618, 18760.631547480487], [10.756095799999457, 18482.813009904792], [10.757986000000528, 18335.327044877027], [42.75586800000019, 17732.83330994153], [53.63102380000055, 17661.962271148648], [53.69044869999925, 17646.940905736094], [53.7129208999977, 17645.997685324248], [57.61247630000071, 17630.880266307155]]",81dbbcb06942419706f3,,,,,,,,,,,6.002014199999394
0.0019959999990533106,0.010482300000148825,0.11433019999822136,0.007072400003380608,0.33124129999850993,58.51080910000019,0.011227499995584367,clusters_m30_n150_r3.0_s1003,clusters,3.0,30,150,adaptativa:gnn,19355.888539380176,True,0,0,60.0,58.988344600002165,0.0,0.1268487000015739,4.0,1.0,True,False,,1383.0,19522.31398102543,18809.487890687284,gap,"[[0.21651159999964875, 22412.13036391203], [0.353058400000009, 22199.370089556953], [0.43225389999861363, 22151.884436697856], [0.6143118999971193, 22114.88801643242], [0.9990333999994618, 20769.4045224754], [3.0780532999997376, 19757.15205248683], [3.0787652999970305, 19621.56081484845], [3.0893771999981254, 19614.500515812164], [5.98343179999938, 19587.36807915384], [8.669963799999095, 19583.375665459185], [10.718741900000168, 19575.204452383616], [15.050265699999727, 19575.204452383616], [16.396879799998715, 19355.88853938014], [26.12007629999789, 19355.88853938014], [34.11439149999933, 19355.88853938014]]",81dbbcb06942419706f3,,,,,,,,,,,
,0.0,0.17313710000235005,,,,,clusters_m30_n150_r3.0_s1003,clusters,3.0,30,150,clns:aleatorio,19661.767978853364,True,-1,0,60.0,59.95066650000081,0.0,,,,,,,,19522.31398102543,18809.487890687284,gap,"[[0.17507889999978943, 22828.034235989104], [0.9949969000008423, 20952.750838898624], [1.056366100001469, 20804.74115277149], [1.1364446000006865, 20747.261414034285], [1.1571947000011278, 20741.124908569363], [1.2012238000024809, 20730.74007868486], [3.3472646000009263, 20728.65803772078], [3.9960614000010537, 20726.506473694], [6.032338400000299, 20664.84231272327], [6.2996959000010975, 19867.194836028037], [6.473167500000272, 19860.75644456835], [6.503108799999609, 19851.833199939167], [6.536359800000355, 19843.401736959033], [7.857940100002452, 19813.354970350472], [7.906475100000534, 19812.456423769396], [7.915799400001561, 19805.771636666155], [7.932982700000139, 19788.48522614208], [8.006239800000913, 19780.306343818283], [8.872395599999436, 19769.76019879136], [10.998689700001705, 19713.502760500312], [11.044066100002965, 19686.952077126356], [11.747771599999396, 19682.326351521653], [21.085963400000765, 19676.34759166406], [24.530515000002197, 19671.700529823313], [26.055812000002334, 19667.102318533005], [27.150108600002568, 19666.975500215114], [29.72479089999979, 19661.767978853364]]",81dbbcb06942419706f3,217.0,0.0019410999993851874,0.29946710000149324,59.4038311999866,"{""interior"": 74, ""fronteira"": 57, ""liberacao"": 51, ""regret"": 35}","{""interior"": 5, ""fronteira"": 5, ""liberacao"": 7, ""regret"": 9}",,,,,
,0.0,0.13898089999929653,,,,,clusters_m30_n150_r3.0_s1003,clusters,3.0,30,150,clns:alns,19655.665492908407,True,-1,0,60.0,59.99023920000036,0.0,,,,,,,,19522.31398102543,18809.487890687284,gap,"[[0.1408445999986725, 22828.034235989104], [0.3481458999995084, 22816.955868395955], [1.3254669999987527, 21931.791205323723], [1.3352725999975519, 21907.32293034702], [1.3801980999996886, 21874.311466586514], [1.3966531000005489, 21818.28840736136], [1.7565520999996806, 21783.027650731492], [1.8543274000003294, 21741.2776366677], [2.3320113999980094, 21730.195377100077], [2.3438843000003544, 21694.224445744745], [3.272073799998907, 20226.379051554883], [4.360989900000277, 20167.89488715416], [4.38611149999997, 20155.824997074516], [5.36916249999922, 20149.530757664164], [5.401212699998723, 20120.96645155466], [5.425120899999456, 20114.79460233343], [5.738725100000011, 20105.40724356599], [5.940063699999882, 20073.424441128813], [6.361032400000113, 20049.40378855506], [6.542055999998411, 20037.081453716404], [6.732729899998958, 19993.020691510035], [6.996862699998019, 19985.487146459174], [7.018755999997666, 19983.008532816464], [7.3605419999985315, 19965.196626331657], [8.347909199997957, 19667.549428585677], [12.430967899999814, 19659.397158491403], [13.613445499999216, 19655.665492908407]]",81dbbcb06942419706f3,208.0,0.0018630000013217796,0.2628833000162558,59.52009950001229,"{""interior"": 48, ""fronteira"": 54, ""liberacao"": 60, ""regret"": 46}","{""interior"": 6, ""fronteira"": 9, ""liberacao"": 4, ""regret"": 7}",,,,,
,4.719446999984939,0.1333902999976999,,,,,clusters_m30_n150_r3.0_s1003,clusters,3.0,30,150,clns:aprendido,19798.915974935415,True,-1,0,60.0,59.97024930000043,0.0,,,,,,,,19522.31398102543,18809.487890687284,gap,"[[0.13447359999918262, 22828.034235989104], [0.4866973999996844, 22823.87056657989], [0.782630199999403, 22822.782371213114], [0.8065753999981098, 22821.386373742618], [0.8691168999976071, 20951.719475544352], [1.0014713999989908, 20753.418213592166], [5.593347399997583, 20748.134343510446], [6.615055999998731, 20747.483807400455], [10.663323499997205, 20680.78150151552], [11.01925459999984, 20652.864953155644], [11.082230299998628, 20641.65731097233], [11.70906660000037, 20112.087635415133], [12.188648499999545, 20110.41467495576], [14.012381799999275, 19932.622705409227], [14.249004799999966, 19877.608453917495], [15.048797999999806, 19863.514301849915], [15.979015299999446, 19862.366105845154], [24.778828599999542, 19861.996424553057], [42.63780670000051, 19848.340717166026], [52.01111049999963, 19839.362956644083], [52.43731509999998, 19830.395308240255], [55.00070339999729, 19803.956333863694], [58.28583839999919, 19798.915974935415]]",81dbbcb06942419706f3,1024.0,0.0010827999976754654,5.967229300025792,53.64811079997162,"{""interior"": 478, ""fronteira"": 54, ""liberacao"": 65, ""regret"": 427}","{""interior"": 5, ""fronteira"": 5, ""liberacao"": 9, ""regret"": 3}",,,,,
,0.0,0.16838380000262987,,,,,clusters_m30_n150_r3.0_s1003,clusters,3.0,30,150,clns:dual,20079.20643200358,True,-1,0,60.0,60.33923800000048,0.33923800000047777,,,,,,,,19522.31398102543,18809.487890687284,gap,"[[0.17013320000114618, 22828.034235989104], [0.3013522000001103, 22811.604482488947], [0.3488939000017126, 22809.204575758085], [0.37736320000112755, 22805.848452123973], [0.4012585000018589, 22791.026411404597], [0.41644060000180616, 22790.778428524576], [0.46413220000249567, 22784.39477217863], [0.4806246000007377, 22782.35293157022], [0.494529200001125, 22690.8339449488], [0.5320761000002676, 22667.36211419963], [0.578975200001878, 22609.661425072984], [0.6120938000021852, 22561.410439901265], [0.6486639000031573, 22539.11749042224], [0.7036715000031109, 22532.737502807213], [0.7971923000004608, 20757.206821570882], [0.9206067000013718, 20748.687353607733], [0.9333602000006067, 20735.359600603755], [0.956143700001121, 20730.290256147215], [0.9823028000027989, 20722.169542746], [1.4314044000020658, 20707.309465772767], [2.8503508000030706, 20700.983846108837], [5.141495900003065, 20114.16348507155], [6.3401741000016045, 20095.232430525826], [8.615084300003218, 20092.592442179004], [38.3488111000006, 20079.20643200358]]",81dbbcb06942419706f3,247.0,0.0017488000012235716,0.3746064999977534,59.71882229999028,"{""interior"": 62, ""fronteira"": 38, ""liberacao"": 50, ""regret"": 97}","{""interior"": 6, ""fronteira"": 1, ""liberacao"": 3, ""regret"": 14}",,,,,
,0.0,0.1423106000002008,,,,,clusters_m30_n150_r3.0_s1003,clusters,3.0,30,150,clns:rotacao,19658.602120250624,True,-1,0,60.0,59.973391999999876,0.0,,,,,,,,19522.31398102543,18809.487890687284,gap,"[[0.1434068999988085, 22828.034235989104], [0.17343429999891669, 22781.32466487883], [0.33502429999862215, 22071.362413045994], [1.11670089999825, 22051.66283590102], [1.1487621999986004, 22037.488523564072], [1.996400199997879, 20566.5812496869], [2.0146815000007336, 20562.511338454806], [2.073320799998328, 20548.805121943595], [2.4258067999980995, 20539.184202843357], [3.3097219000010227, 20529.926764322438], [3.980233300000691, 20131.603358097465], [4.373837899998762, 20119.835439974966], [4.612862800000585, 20107.167935768986], [4.800754600000801, 20106.904530021722], [5.22228339999856, 20106.402333646332], [7.377993599999172, 20105.62088890407], [20.98221199999898, 19814.63861941242], [21.002541999998357, 19786.44341690425], [21.112427600000956, 19783.83897401776], [21.70933149999837, 19729.529264929857], [21.741060199998174, 19725.845987302848], [22.395421199998964, 19724.022804243177], [23.67345039999782, 19710.897118514556], [23.976449599998887, 19698.523113286017], [24.902553699997952, 19697.521841056958], [25.336961699998938, 19695.15638911924], [25.784285300000192, 19676.665854356397], [25.938438199998927, 19669.74076463884], [26.706289300000208, 19658.602120250624]]",81dbbcb06942419706f3,463.0,0.0010958000020764302,0.5203833999912604,59.20446460002495,"{""interior"": 116, ""fronteira"": 116, ""liberacao"": 116, ""regret"": 115}","{""interior"": 2, ""fronteira"": 8, ""liberacao"": 9, ""regret"": 9}",,,,,
,,,,0.3425953000005393,56.651050500000565,0.0043147999967914075,clusters_m30_n150_r3.0_s1003,clusters,3.0,30,150,completo,19436.739102783453,True,-1,0,60.0,56.99806349999926,0.0,0.0,1.0,1.0,False,False,,342.0,19522.31398102543,18809.487890687284,gap,"[[0.559714900002291, 40562.59550612529], [2.1610194000022602, 26065.32378212799], [2.3639534000030835, 25867.996131796037], [2.46223370000007, 22877.255477505754], [6.5269894000011845, 20610.104344385425], [49.445755100001406, 19620.381720322122], [49.45443240000168, 19436.739102783427]]",81dbbcb06942419706f3,,,,,,,,,,,
,,,,,,,clusters_m30_n150_r3.0_s1003,clusters,3.0,30,150,ingenua,22750.523835936896,True,-1,0,60.0,6.704449299999396,0.0,,,,,,,,19522.31398102543,18809.487890687284,gap,"[[6.704419200003031, 22750.523835936896]]",81dbbcb06942419706f3,,,,,,,False,181.75668218822227,24391.17676017914,22365.77346122181,
,,,,,,,clusters_m30_n150_r3.0_s1003,clusters,3.0,30,150,lns,19108.824160035623,True,-1,0,60.0,60.01170119999733,0.011701199997332878,0.0,1.0,1.0,False,False,,0.0,19522.31398102543,18809.487890687284,gap,"[[2.4668141000001924, 23679.97049830597], [3.656225499998982, 22150.191929199507], [4.221036799997819, 22132.490403092896], [6.472024299997429, 21185.365613391994], [9.611579699998401, 21181.370460091715], [10.731415199999901, 21170.776352444056], [11.945669499997166, 20989.5753163022], [12.634516799997073, 20841.43511678028], [13.539633599997615, 20837.384444543946], [13.794047399998817, 20829.94280598867], [15.745892799997819, 19983.618473958566], [15.951127099997393, 19969.4736046284], [18.935012499998265, 19897.73715534708], [19.176198699999077, 19797.56889250296], [19.398614999998244, 19797.46444052302], [25.485031199998048, 19781.76523321766], [27.155906899999536, 19758.010866238314], [28.123021600000357, 19557.33562342535], [29.148989299999812, 19522.31398102543], [31.068866399997205, 19301.16083453208], [31.39921979999781, 19285.974047987263], [31.901040799999464, 19278.57997648545], [35.85982589999912, 19263.216832367005], [36.031830699997954, 19251.97404604535], [40.39860419999968, 19246.46526768108], [41.17317529999855, 19189.424604248663], [42.47316339999816, 19183.915825884393], [49.23371529999713, 19155.465936628196], [56.779059000000416, 19108.824160035623]]",81dbbcb06942419706f3,,,,,,,,,,,60.01169409999784
,,,,0.14572960000077728,51.86700639999981,0.005688099998224061,clusters_m30_n150_r3.0_s1003,clusters,3.0,30,150,warm_classico,20666.901689206894,True,-1,0,60.0,58.039470900002925,0.0,6.02090600000156,2.0,1.0,False,False,,86.0,19522.31398102543,18809.487890687284,gap,"[[1.6166210000046703, 23679.97049830597], [2.062444900002447, 22150.191929199507], [2.3889232000037737, 22132.490403092896], [4.472154000002774, 21185.365613391994], [6.185100400001829, 21185.36561339199], [14.125483700001496, 20666.901689206865]]",81dbbcb06942419706f3,,,,,,,,,,,6.020896999998513
0.0017765999982657377,0.008975799999461742,0.04952129999946919,0.009369499999593245,0.8348393000051146,58.088215599997056,0.006668299993179971,uniforme_m30_n150_r1.5_s1000,uniforme,1.5,30,150,adaptativa:gnn,26276.759377890223,True,0,0,60.0,59.00040589999844,0.0,0.06040450000000419,4.0,1.0,True,False,,1013.0,27431.180539516565,25845.86026947139,gap,"[[0.1817845000005036, 27893.385218894182], [1.0076270999998087, 27842.68461371872], [1.0081972999978461, 27840.834024686857], [1.0110437000003003, 27764.547765786414], [4.037906400000793, 27214.154731500636], [4.038474299999507, 27183.036689923116], [4.237948499998311, 26511.51526227184], [5.305667099997663, 26487.802043014613], [8.894053599997278, 26359.116835511624], [11.19314250000025, 26348.162294370744], [14.667744599999423, 26281.804612201162], [15.046296800002892, 26281.804612201162], [22.294416100005037, 26277.30506831091], [22.299516000002768, 26276.75937789021], [26.657337800003006, 26276.75937789021], [34.113789000002726, 26276.75937789021]]",81dbbcb06942419706f3,,,,,,,,,,,
,0.0,0.06472700000085752,,,,,uniforme_m30_n150_r1.5_s1000,uniforme,1.5,30,150,clns:aleatorio,26730.45376335133,True,-1,0,60.0,59.99992460000067,0.0,,,,,,,,27431.180539516565,25845.86026947139,gap,"[[0.06618439999874681, 34124.26295330577], [0.27768859999923734, 31625.374304775985], [0.3258215999994718, 31623.470077293416], [0.40448189999733586, 31419.09338153202], [0.4157286999979988, 31415.42797974264], [0.5717804999985674, 31178.74193663511], [0.6373882999978377, 31172.257032365622], [0.6517676999974356, 31085.571281114848], [0.6673282999981893, 29819.148297016138], [0.7300293999978749, 28603.0205332124], [0.950543299997662, 28573.53325366063], [0.9774311000001035, 28550.78152090287], [1.0764054999999644, 28546.736683061652], [1.1203915000005509, 27585.91627534097], [1.6439523999979428, 27547.126682677652], [2.171815300000162, 27538.562521172193], [2.7716375999989395, 27515.335455219363], [2.92612999999983, 26921.236467623377], [3.4921928999974625, 26919.822297709554], [3.6521625999994285, 26910.255428680546], [3.7542982999984815, 26874.2072150825], [3.8818876999976055, 26853.449503141404], [4.067909699999291, 26844.399714586034], [5.434203699998761, 26836.820285657675], [6.746407799997542, 26739.626340006045], [8.829581999998481, 26730.45376335133]]",81dbbcb06942419706f3,462.0,0.0014566999998351093,0.38372130004427163,59.43585639999219,"{""interior"": 151, ""fronteira"": 131, ""liberacao"": 97, ""regret"": 83}","{""interior"": 8, ""fronteira"": 6, ""liberacao"": 8, ""regret"": 3}",,,,,
,0.0,0.054635599997709505,,,,,uniforme_m30_n150_r1.5_s1000,uniforme,1.5,30,150,clns:alns,27291.815995511104,True,-1,0,60.0,59.95370650000041,0.0,,,,,,,,27431.180539516565,25845.86026947139,gap,"[[0.0565900999972655, 34124.26295330577], [0.09665429999949993, 31197.567790617635], [0.7625102999991213, 30560.16927223764], [0.7891525999984879, 30495.70557010833], [1.022429299999203, 30441.439502345638], [1.222788600000058, 30427.0350411156], [1.762148599998909, 30137.70443009232], [1.7874847999992198, 29995.742749236335], [1.8736281999990752, 29878.582699080394], [1.8927452999996603, 29821.988896715146], [1.9635522999997193, 28573.366327206706], [2.7603105999987747, 28568.192938941353], [2.8458132999985537, 27959.904444317173], [2.863197399998171, 27943.332169893147], [3.372276399997645, 27939.475505410577], [3.979343799997878, 27933.969847183846], [4.295552899999166, 27914.5080950187], [7.76380959999733, 27905.805812670857], [8.489295799998217, 27410.651873754352], [8.893280999996932, 27410.154481931946], [8.960770099998626, 27398.194095837825], [9.57760849999977, 27386.434031016637], [9.613541399998212, 27379.477231746634], [9.792288399999961, 27358.475159932423], [12.438368600000103, 27349.810035221803], [12.759384999997565, 27338.101764248975], [13.319491999998718, 27334.698885256315], [13.520617299996957, 27328.674875564997], [14.27780999999959, 27323.651824261946], [14.73876819999714, 27313.277620027708], [14.79849749999994, 27310.39313314003], [15.59125739999945, 27292.902818856193], [17.87101029999758, 27291.815995511104]]",81dbbcb06942419706f3,203.0,0.0019537999978638254,0.18933460002881475,59.64681210001072,"{""interior"": 39, ""fronteira"": 53, ""liberacao"": 53, ""regret"": 58}","{""interior"": 2, ""fronteira"": 12, ""liberacao"": 10, ""regret"": 8}",,,,,
,3.8368118000107643,0.0497179000012693,,,,,uniforme_m30_n150_r1.5_s1000,uniforme,1.5,30,150,clns:aprendido,26739.136341943497,True,-1,0,60.0,59.96121940000012,0.0,,,,,,,,27431.180539516565,25845.86026947139,gap,"[[0.05164850000073784, 34124.26295330577], [0.09056130000317353, 31101.086141273183], [0.11579360000177985, 28564.289482630295], [0.14754720000200905, 28536.221454895065], [0.16688470000008238, 27652.91552744445], [0.8061198000032164, 27145.21477667264], [0.9699012000019138, 27134.148886402145], [1.0489389000031224, 27123.347635217815], [1.0929826999999932, 27109.04537784338], [1.2694611000006262, 27105.18882875899], [1.3421815000001516, 27102.791505048648], [1.9893604000026244, 27029.752090912207], [2.657104800000525, 27003.914716983214], [2.8373820000015257, 26983.689602987644], [2.8547327000014775, 26965.376246883505], [2.916721100002178, 26953.2517553736], [3.4572186000004876, 26771.69498029331], [3.9286953000009817, 26755.12270586929], [4.51229080000121, 26752.777657356128], [12.931326000001718, 26743.75444350578], [13.028148800000054, 26739.136341943497]]",81dbbcb06942419706f3,907.0,0.0019296999998914544,4.584314300063852,55.13874389999546,"{""interior"": 79, ""fronteira"": 745, ""liberacao"": 72, ""regret"": 11}","{""interior"": 4, ""fronteira"": 7, ""liberacao"": 7, ""regret"": 2}",,,,,
,0.0,0.04926490000070771,,,,,uniforme_m30_n150_r1.5_s1000,uniforme,1.5,30,150,clns:dual,26461.484999427445,True,-1,0,60.0,60.03159819999928,0.03159819999928004,,,,,,,,27431.180539516565,25845.86026947139,gap,"[[0.050519799999165116, 34124.26295330577], [0.09517110000160756, 31197.567790617635], [0.13333399999828544, 28466.65724088574], [0.1596480000007432, 28452.385248057344], [0.28253160000167554, 28439.307806545654], [0.3862647999994806, 28387.17630666525], [2.0336372999991, 28351.602529555854], [3.759409300000698, 28344.988223976477], [5.289818900000682, 28290.98569778916], [5.307629300001281, 28285.753079617607], [5.618191099998512, 28254.378808054993], [5.721835600001214, 28248.575207808382], [5.776863399998547, 28010.374394612456], [6.026160800000071, 27948.925474300384], [6.049682799999573, 27947.253009348133], [7.035145699999703, 27943.637672387216], [8.031877299999906, 27938.476646857045], [8.046414799999184, 27906.688832197804], [9.413341200001014, 27102.48310409294], [9.961409200001071, 27094.930373270203], [11.060753900001146, 27084.938579359783], [12.552464100001089, 27083.124755233577], [18.85617859999911, 27033.32308388744], [23.03467399999863, 27027.692698509578], [23.0482935, 27015.345286430776], [23.11146269999881, 27004.363522365074], [25.00408310000057, 26993.59468889486], [27.14916760000051, 26993.08000770546], [32.670450300000084, 26992.92266938238], [34.03597179999997, 26850.114477846902], [36.37329079999836, 26845.750130458], [39.23244469999918, 26841.084077364405], [43.03720930000054, 26814.735067423135], [43.07147719999921, 26756.203017498145], [43.089004400000704, 26705.57175283904], [43.206289199999446, 26642.086364658047], [43.62669620000088, 26612.16171776165], [45.18103020000126, 26583.479226477582], [45.26026400000046, 26583.066329651294], [45.44745289999992, 26572.350688316317], [45.506473199999164, 26570.763760887356], [45.853521699998964, 26554.33045648258], [46.029269899998326, 26543.261440002894], [46.62306779999926, 26532.257232403255], [49.05692060000001, 26528.636078858603], [51.05730409999887, 26520.13643011643], [53.73955729999943, 26513.94299281689], [59.122749699999986, 26461.484999427445]]",81dbbcb06942419706f3,360.0,0.0012544000019261148,0.37157129999104654,59.5211254000169,"{""interior"": 96, ""fronteira"": 77, ""liberacao"": 55, ""regret"": 132}","{""interior"": 3, ""fronteira"": 13, ""liberacao"": 11, ""regret"": 20}",,,,,
,0.0,0.052811400000791764,,,,,uniforme_m30_n150_r1.5_s1000,uniforme,1.5,30,150,clns:rotacao,26201.417563495725,True,-1,0,60.0,59.96529519999967,0.0,,,,,,,,27431.180539516565,25845.86026947139,gap,"[[0.05408440000246628, 34124.26295330577], [0.09967990000222926, 33123.211514864954], [0.23863970000093104, 29457.96948138421], [0.5439700999995694, 28541.194901016337], [0.6223213000012038, 28485.37043016315], [0.6834202999998524, 28387.633610006935], [1.0054753000003984, 27736.488064991987], [1.0479980999989493, 27733.05807179514], [1.0871936000003188, 27639.48571079921], [1.399789700000838, 27638.769175920184], [1.6259078000002773, 26558.660164538545], [1.6685558999997738, 26546.384390725278], [1.832934900001419, 26544.341311710694], [3.9990518000013253, 26541.057169653504], [4.039046199999575, 26538.39711373982], [6.999469700000191, 26523.807612737724], [7.518470400002116, 26484.344292618058], [7.715437200000451, 26472.48701296442], [8.228117500002554, 26458.178560794644], [8.41204800000196, 26431.62131358801], [10.502664200001163, 26422.976181351136], [43.00251750000098, 26266.928833641603], [43.99886980000156, 26262.648482737328], [47.878959400000895, 26248.42530546947], [48.41783430000214, 26235.023499336792], [48.439540899998974, 26233.65701227163], [49.32535160000043, 26230.686718974895], [50.06739970000126, 26224.11984916166], [50.24800510000205, 26213.86082636129], [51.88650580000103, 26205.52109490336], [52.24475109999912, 26201.417563495725]]",81dbbcb06942419706f3,300.0,0.001272199999220902,0.26476470002671704,59.56973190001008,"{""interior"": 75, ""fronteira"": 75, ""liberacao"": 75, ""regret"": 75}","{""interior"": 4, ""fronteira"": 12, ""liberacao"": 8, ""regret"": 6}",,,,,
,,,,0.11266539999996894,56.88869180000256,0.0037943999996059574,uniforme_m30_n150_r1.5_s1000,uniforme,1.5,30,150,completo,27408.12312079405,True,-1,0,60.0,57.00525600000037,0.0,0.0,1.0,1.0,False,False,,258.0,27431.180539516565,25845.86026947139,gap,"[[0.3111204999986512, 40319.71127025529], [1.5941075000009732, 30314.457697085083], [1.9396545000017795, 30287.796055790335], [2.5877308000017365, 30265.531354928324], [2.6851686000009067, 28512.145532122922], [6.065911400000914, 27434.203395519962], [49.83652250000159, 27414.737426373413], [49.83920539999963, 27408.123120794033]]",81dbbcb06942419706f3,,,,,,,,,,,
,,,,,,,uniforme_m30_n150_r1.5_s1000,uniforme,1.5,30,150,ingenua,35808.19830224914,True,-1,0,60.0,30.18710850000207,0.0,,,,,,,,27431.180539516565,25845.86026947139,gap,"[[30.18708279999919, 35808.19830224914]]",81dbbcb06942419706f3,,,,,,,False,949.5235045736632,29796.057047464805,22133.988938342358,
,,,,,,,uniforme_m30_n150_r1.5_s1000,uniforme,1.5,30,150,lns,26505.636321406077,True,-1,0,60.0,60.081716500000766,0.08171650000076625,0.0,1.0,1.0,False,False,,0.0,27431.180539516565,25845.86026947139,gap,"[[1.0537767999994685, 30228.80862317379], [2.8120679000021482, 29707.956780774977], [3.9630028999999922, 29696.561300996807], [4.34579130000202, 29439.718628082715], [5.922871400001895, 29002.54989796754], [7.917996700001822, 28625.999675739935], [8.24295070000153, 27753.43221338442], [9.685415100000682, 27688.29979197382], [10.23130300000048, 27684.353136681755], [10.710958499999833, 27511.18461995191], [12.388403700002527, 27408.80231125177], [14.681210800001281, 27320.22877343188], [23.770720399999846, 27013.28973353307], [23.818633800001408, 27005.20646784756], [35.85511260000203, 26553.817189108937], [55.99042760000157, 26516.41968515425], [57.46421199999895, 26505.636321406077]]",81dbbcb06942419706f3,,,,,,,,,,,60.08171070000026
,,,,0.0994780000000901,51.85930039999948,0.002495400000043446,uniforme_m30_n150_r1.5_s1000,uniforme,1.5,30,150,warm_classico,27333.119460548565,True,-1,0,60.0,57.99121019999802,0.0,6.029803099998389,2.0,1.0,False,False,,203.0,27431.180539516565,25845.86026947139,gap,"[[0.998693399997137, 30228.80862317379], [2.764541599997756, 29707.956780774977], [3.9638021999962803, 29696.561300996807], [4.348892599995452, 29439.718628082715], [6.143756699999358, 29439.71862808271], [8.583944999998494, 28512.145532122922], [11.70099819999814, 27434.203395519962], [57.72594919999756, 27333.119460548547]]",81dbbcb06942419706f3,,,,,,,,,,,6.02979459999915
0.0017679999982647132,0.012431600000127219,0.08919620000233408,0.02074699999866425,0.2982333000036306,58.4994211000012,0.009258100002625724,uniforme_m30_n150_r1.5_s1001,uniforme,1.5,30,150,adaptativa:gnn,28675.354336761226,True,0,0,60.0,58.932104999999865,0.0,0.10344350000013947,4.0,1.0,True,False,,83.0,28660.901022073343,28187.080580505582,gap,"[[0.2888680000032764, 31774.557147394313], [0.977322800001275, 30776.65009025037], [4.100757500003965, 30662.795844165383], [4.649092200001178, 28703.920090703647], [14.987342900003569, 28703.920090703647], [18.201947200002905, 28675.354336761233], [25.98279040000125, 28675.354336761233], [35.04089120000208, 28675.354336761233]]",81dbbcb06942419706f3,,,,,,,,,,,
,0.0,0.05969790000017383,,,,,uniforme_m30_n150_r1.5_s1001,uniforme,1.5,30,150,clns:aleatorio,28606.152235590307,True,-1,0,60.0,59.96421629999895,0.0,,,,,,,,28660.901022073343,28187.080580505582,gap,"[[0.06083340000259341, 32772.324317773506], [0.26069160000042757, 30340.309649164657], [0.3699367000008351, 30201.295965149184], [0.3905787000003329, 30191.522624453457], [0.46437490000243997, 30188.897949721533], [0.4973515000019688, 30137.69188824883], [0.9930997000010393, 30076.083585998997], [1.0424493999998958, 29555.70068679972], [1.1436804000004486, 29549.639542998837], [2.992890699999407, 29430.111410153404], [3.2463505000014266, 29424.7310059711], [5.0850083000004815, 29423.38097348556], [5.218285500002821, 29419.32271744539], [5.410349900001165, 29355.299528160765], [5.992675400000735, 29354.14071764642], [6.991894700000557, 29299.006906213173], [9.84350110000014, 29217.332814251153], [9.917891100001725, 29211.28358125461], [12.994265400000586, 29203.656399630683], [13.430825400002504, 29186.76576271574], [13.881142300000647, 29181.437527419977], [18.99828030000208, 28667.87628563771], [19.01399230000243, 28652.136006376757], [19.041837500000838, 28648.229433595174], [19.572433600002114, 28613.159388574662], [19.961131700001715, 28612.545927703577], [20.20012940000015, 28606.152235590307]]",81dbbcb06942419706f3,530.0,0.0011349999986123294,0.43832470001871116,59.34836340001857,"{""interior"": 170, ""fronteira"": 150, ""liberacao"": 118, ""regret"": 92}","{""interior"": 3, ""fronteira"": 8, ""liberacao"": 11, ""regret"": 4}",,,,,
,0.0,0.05798950000098557,,,,,uniforme_m30_n150_r1.5_s1001,uniforme,1.5,30,150,clns:alns,29500.08752663895,True,-1,0,60.0,59.99910019999879,0.0,,,,,,,,28660.901022073343,28187.080580505582,gap,"[[0.05910250000306405, 32772.324317773506], [0.2290978000019095, 31251.491484336533], [0.3189719000001787, 31017.978572093947], [1.0038087000029918, 30498.002345236782], [1.0209232000015618, 30491.587613021187], [1.8280938000025344, 30295.69839767679], [2.402802900000097, 29559.098730283324], [3.626168000002508, 29546.889557488063], [3.9983943000006548, 29545.472068211286], [5.143927400000393, 29542.83130144789], [6.999459900001966, 29532.03572670099], [7.7609190000002855, 29528.198356381312], [9.51902920000066, 29522.869458673], [12.970751900000323, 29517.94385506071], [14.19538360000297, 29500.6033208408], [26.214106499999616, 29500.271242938943], [31.64200560000245, 29500.08752663895]]",81dbbcb06942419706f3,223.0,0.001112099998863414,0.21567419996426906,59.66227860001527,"{""interior"": 54, ""fronteira"": 64, ""liberacao"": 55, ""regret"": 50}","{""interior"": 3, ""fronteira"": 6, ""liberacao"": 6, ""regret"": 1}",,,,,
,7.118712599931314,0.0800253999987035,,,,,uniforme_m30_n150_r1.5_s1001,uniforme,1.5,30,150,clns:aprendido,29243.230539454475,True,-1,0,60.0,59.95086309999897,0.0,,,,,,,,28660.901022073343,28187.080580505582,gap,"[[0.08120599999892875, 32772.324317773506], [0.23322120000011637, 30340.309649164657], [0.9991893000005803, 29750.26175760769], [1.0314388000006147, 29688.292472907906], [1.0646425999984785, 29673.35019197109], [2.0020967999989807, 29493.573076090353], [2.7952790999988792, 29472.7117573278], [2.8579586000014388, 29353.798121696775], [2.9305682000012894, 29347.75844253208], [2.9557512999999744, 29345.06859532096], [5.379903100001684, 29343.651106044184], [5.638667100000021, 29340.992421250794], [7.559056400001282, 29314.604844100613], [8.00073329999941, 29304.4334076005], [13.504257699998561, 29296.904466597945], [14.356556800001272, 29290.573883657304], [18.651126299999305, 29287.162577360068], [27.960699600000225, 29275.499166529404], [45.31078809999963, 29260.787056036956], [47.00991319999957, 29243.230539454475]]",81dbbcb06942419706f3,1707.0,0.0011799999992945231,8.531585900054779,51.039641399955144,"{""interior"": 1637, ""fronteira"": 26, ""liberacao"": 32, ""regret"": 12}","{""interior"": 3, ""fronteira"": 4, ""liberacao"": 8, ""regret"": 4}",,,,,
,0.0,0.06723250000140979,,,,,uniforme_m30_n150_r1.5_s1001,uniforme,1.5,30,150,clns:dual,28593.188939635867,True,-1,0,60.0,60.033316100001684,0.03331610000168439,,,,,,,,28660.901022073343,28187.080580505582,gap,"[[0.06848679999893648, 32772.324317773506], [0.1510152000009839, 30403.390971879962], [0.1777217999988352, 30402.827317031748], [0.2691962999997486, 29253.09017848091], [0.8513509000003978, 29248.747713225617], [3.2107175000019197, 29244.664878335683], [5.487587399999029, 29243.658623331256], [10.858168200000364, 29230.384895721687], [10.870305799999187, 29212.719438309134], [13.784857900001953, 29171.996412943306], [14.02366339999935, 29168.781506851523], [14.49414969999998, 29168.399712624512], [16.97676760000104, 29135.22774574282], [21.11623250000048, 29116.19651356708], [33.8148156999996, 28593.188939635867]]",81dbbcb06942419706f3,215.0,0.0012537000002339482,0.22274499999912223,59.68017019999024,"{""interior"": 50, ""fronteira"": 37, ""liberacao"": 56, ""regret"": 72}","{""interior"": 4, ""fronteira"": 1, ""liberacao"": 6, ""regret"": 3}",,,,,
,0.0,0.0641646000003675,,,,,uniforme_m30_n150_r1.5_s1001,uniforme,1.5,30,150,clns:rotacao,29193.865809441544,True,-1,0,60.0,59.99632289999863,0.0,,,,,,,,28660.901022073343,28187.080580505582,gap,"[[0.06621009999798844, 32772.324317773506], [0.1299760999972932, 31491.05136995991], [1.0013945999999123, 30414.315382490906], [1.6265572999982396, 29998.690790774046], [1.7283771000002162, 29957.35539784912], [1.763057399999525, 29955.937908572345], [2.0499624999974912, 29422.499757686935], [2.080020699999295, 29403.699081960916], [2.2652960999985225, 29401.058315197522], [2.9104182999981276, 29392.009680804404], [2.9272458999985247, 29370.599086205984], [3.3584221999990405, 29352.114730364483], [3.373088199998165, 29314.623019681647], [5.143649599998753, 29311.84186036193], [5.746141699997679, 29306.723215365084], [5.835967499999242, 29304.525815665555], [6.0311804999983, 29300.25606814391], [7.253004799997143, 29299.563827524136], [7.893260900000314, 29286.641508200504], [8.047849399998086, 29285.23437504892], [8.982777399996849, 29260.7309207425], [9.99432220000017, 29245.797760611837], [10.017354499999783, 29242.28990128154], [10.992597299999034, 29239.64619573643], [11.926259399999253, 29237.951270600017], [14.90044449999914, 29233.00126049432], [16.525432599999476, 29229.96099619334], [16.995772299997043, 29207.756121588624], [19.38033379999979, 29197.27711573878], [21.11895949999962, 29193.865809441544]]",81dbbcb06942419706f3,246.0,0.0020447999995667487,0.2179966999683529,59.64359350002633,"{""interior"": 62, ""fronteira"": 62, ""liberacao"": 61, ""regret"": 61}","{""interior"": 8, ""fronteira"": 7, ""liberacao"": 6, ""regret"": 8}",,,,,
,,,,0.2254252999991877,56.77044730000125,0.00225979999959236,uniforme_m30_n150_r1.5_s1001,uniforme,1.5,30,150,completo,28574.760027300814,True,-1,0,60.0,56.998207900000125,0.0,0.0,1.0,1.0,False,False,,223.0,28660.901022073343,28187.080580505582,gap,"[[0.44978289999926346, 42619.42892189611], [2.7250329999988026, 33592.91105641808], [2.8455674999968323, 32745.898533709365], [3.1928035999990243, 32261.672103510857], [3.506978999997955, 31406.123040285904], [8.528287299999647, 28660.90102207335], [56.58723349999855, 28574.760027300836]]",81dbbcb06942419706f3,,,,,,,,,,,
,,,,,,,uniforme_m30_n150_r1.5_s1001,uniforme,1.5,30,150,ingenua,36461.05950529389,True,-1,0,60.0,18.127885300000344,0.0,,,,,,,,28660.901022073343,28187.080580505582,gap,"[[18.127864000001864, 36461.05950529389]]",81dbbcb06942419706f3,,,,,,,False,1090.2397626918187,29953.885638608663,21548.049852588236,
,,,,,,,uniforme_m30_n150_r1.5_s1001,uniforme,1.5,30,150,lns,28914.92277514009,True,-1,0,60.0,60.06236290000015,0.06236290000015288,0.0,1.0,1.0,False,False,,0.0,28660.901022073343,28187.080580505582,gap,"[[0.9219286999978067, 30989.28002070049], [5.197254399998201, 30899.54805599085], [6.45750009999756, 30654.160086734748], [8.158411500000511, 30592.09287806756], [10.243895799998427, 30583.54239283354], [10.802611899998737, 29904.372593997992], [17.764213499998732, 29768.046736901946], [18.751856200000475, 29753.179604803452], [19.441792699999496, 29738.663967757027], [20.76022390000071, 29654.641164768276], [20.903552699997817, 29470.45945008887], [21.63392770000064, 29392.351050129582], [23.236849799999618, 29390.77624049718], [23.770461699998123, 29319.76748291061], [24.483254299997498, 29198.738477723324], [29.602360699998826, 29171.60961026315], [34.13836209999863, 29139.98230789977], [36.433621799998946, 29125.902422144158], [39.22439630000008, 29005.376182579144], [40.16215799999918, 28943.007990374397], [49.89837269999771, 28939.84293846727], [53.51640789999874, 28914.92277514009]]",81dbbcb06942419706f3,,,,,,,,,,,60.062356100002944
,,,,0.12076040000101784,51.85955460000332,0.002355500000703614,uniforme_m30_n150_r1.5_s1001,uniforme,1.5,30,150,warm_classico,28613.286005742648,True,-1,0,60.0,57.99950270000045,0.0,6.016748599999119,2.0,1.0,False,False,,161.0,28660.901022073343,28187.080580505582,gap,"[[0.952705400002742, 30989.28002070049], [5.2142970000022615, 30899.54805599085], [6.147917399997823, 30899.54805599084], [14.601541299998644, 28613.28600574266]]",81dbbcb06942419706f3,,,,,,,,,,,6.016738999998779
0.0019609999981184956,0.009766499999386724,0.04894350000176928,0.011872700000822078,0.45738340000389144,58.49986590000117,0.007763400000840193,uniforme_m30_n150_r1.5_s1002,uniforme,1.5,30,150,adaptativa:gnn,26325.528472697988,True,0,0,60.0,59.03861020000113,0.0,0.06071240000164835,4.0,1.0,True,False,,141.0,26337.69752859981,25604.72441154976,gap,"[[0.23224100000152248, 36285.738564848434], [1.7554466000037792, 27647.917358600553], [3.178862000000663, 26533.886306633976], [15.291760399999475, 26533.886306633976], [17.74541379999937, 26524.67754995977], [17.748270899999625, 26506.026694308486], [26.102517300001637, 26506.026694308486], [29.512521200002084, 26377.297452385115], [35.16022289999819, 26377.297452385115], [39.450401399997645, 26325.528472698003]]",81dbbcb06942419706f3,,,,,,,,,,,
,0.0,0.06082609999793931,,,,,uniforme_m30_n150_r1.5_s1002,uniforme,1.5,30,150,clns:aleatorio,26059.575415819327,True,-1,0,60.0,59.99827789999836,0.0,,,,,,,,26337.69752859981,25604.72441154976,gap,"[[0.061956900000950554, 33701.33984197592], [0.2924277999991318, 30791.795692077587], [0.8098418999979913, 29432.692261796557], [0.9971440999979677, 29358.858913662276], [1.0094356999979937, 29347.092348694296], [1.020876099999441, 29337.212939038156], [1.5591146999977354, 29206.07696859016], [1.9966997999981686, 29200.595787643768], [2.0169420999991416, 29179.210510283956], [2.035829199998261, 28809.659873289787], [2.9991186000006564, 28338.02809205742], [3.0329808999995294, 28271.316173594234], [3.997666899998876, 28247.187016415402], [4.023620100000699, 28131.558553851995], [4.050639999997657, 28079.032960054778], [4.53086699999767, 27851.51034504106], [5.011017400000128, 27848.92635716235], [5.244174600000406, 27533.243498155825], [5.413511399998242, 27464.729489976326], [5.5808982999988075, 27446.67723250796], [5.603112900000269, 27437.15271059459], [5.668494400000782, 27402.4641736466], [5.997198099998059, 27351.320229955683], [6.0738515999983065, 27274.261193745304], [8.03112119999787, 27273.233068147656], [8.67863369999759, 26750.470052665176], [8.697451199997886, 26747.773238328708], [9.147072600000683, 26594.445462196316], [10.001639399997657, 26478.11605544226], [10.167598500000167, 26452.33639525159], [10.36130029999913, 26449.7218739409], [11.628184900000633, 26449.40691134707], [12.248525499999232, 26411.068598043406], [12.996817799998098, 26323.513167285033], [14.685236799999984, 26310.78133803598], [15.06445149999854, 26303.870867522823], [16.598777600000176, 26288.894363847663], [16.611111700000038, 26287.816798967942], [18.025762999997823, 26276.95518767095], [18.182374100000743, 26275.263492939986], [18.4719671999992, 26269.791490934447], [19.285921799997595, 26077.118996078192], [19.710759999998118, 26074.00232390751], [19.780177199998434, 26059.575415819327]]",81dbbcb06942419706f3,949.0,0.0011302999992039986,0.7553443999677256,58.99775349990523,"{""interior"": 332, ""fronteira"": 243, ""liberacao"": 223, ""regret"": 151}","{""interior"": 12, ""fronteira"": 11, ""liberacao"": 13, ""regret"": 7}",,,,,
,0.0,0.06802959999913583,,,,,uniforme_m30_n150_r1.5_s1002,uniforme,1.5,30,150,clns:alns,26753.335805656272,True,-1,0,60.0,60.00673630000165,0.0067363000016484875,,,,,,,,26337.69752859981,25604.72441154976,gap,"[[0.06989400000020396, 33701.33984197592], [0.18939010000030976, 31416.416216195365], [0.5078561999980593, 28720.77742458815], [0.6898995000010473, 28714.906405861315], [0.7924158999994688, 28653.43782095665], [0.8708475999992515, 28438.31624202714], [0.883679899998242, 28340.561013302417], [0.999244999999064, 28252.705281778657], [1.018357199998718, 28237.41229317961], [1.0607965999988664, 27464.834405367597], [2.0524179999993066, 27449.035382382783], [6.0032967000006465, 27325.791704298386], [6.997639099998196, 27307.151093065077], [7.0169805000005, 27269.588417987827], [7.092682599999534, 27245.86502961284], [8.000187300000107, 27232.867285717984], [10.062471400000504, 27205.676646826432], [11.075681700000132, 27196.078821079052], [11.088704699999653, 27195.258182557194], [12.03278280000086, 27187.805826532283], [13.083311099999264, 27187.07221053136], [13.133909600001061, 27154.262710418654], [13.78106889999981, 27136.1372281655], [14.17496409999876, 27134.63459819301], [14.226991399998951, 27126.747152819247], [14.609658299999865, 27004.934438234646], [14.998103699999774, 26977.413061102743], [15.228926600000705, 26974.490275637574], [15.331938399998762, 26953.11031540013], [15.414349399998173, 26896.608538634893], [15.439345700000558, 26895.958192384667], [15.49666729999808, 26885.72783917227], [15.579847799999698, 26872.758762681748], [16.013559600000008, 26866.6163911885], [16.07269620000079, 26859.400024194132], [21.11136179999812, 26839.450097661917], [21.640126300000702, 26837.866806161168], [32.12859390000085, 26833.800307382073], [33.00190269999803, 26831.349618405395], [33.04361829999834, 26821.556749527208], [41.70234530000016, 26821.082337972584], [44.002541400001064, 26808.969169478558], [44.82091429999855, 26807.17435338247], [44.84799500000008, 26794.685743889204], [48.206531100000575, 26788.104987026512], [51.473515400000906, 26773.862762314435], [52.15499769999951, 26756.198988258784], [52.46895510000104, 26755.726891770293], [55.018812599999364, 26753.335805656272]]",81dbbcb06942419706f3,235.0,0.0018638000001374166,0.23277560000497033,59.63406579997536,"{""interior"": 43, ""fronteira"": 76, ""liberacao"": 64, ""regret"": 52}","{""interior"": 6, ""fronteira"": 19, ""liberacao"": 14, ""regret"": 9}",,,,,
,5.145446300120966,0.06053460000111954,,,,,uniforme_m30_n150_r1.5_s1002,uniforme,1.5,30,150,clns:aprendido,26325.086789295394,True,-1,0,60.0,59.95172720000119,0.0,,,,,,,,26337.69752859981,25604.72441154976,gap,"[[0.061625599999388214, 33701.33984197592], [0.10007160000168369, 31268.034763209274], [0.12073840000084601, 29088.24696598693], [0.41990549999900395, 29072.079356522605], [0.4439434000014444, 27867.0550194641], [0.4729382000004989, 27072.437432735158], [0.49632349999956205, 27050.442605316268], [0.6609859999989567, 27032.08865918953], [1.2331914999995206, 26543.265485733507], [1.7011234999990847, 26479.95721199367], [2.143506399999751, 26461.536597172264], [2.2176747000012256, 26441.306135160343], [2.2445238000000245, 26435.99393929581], [2.2644073000010394, 26432.733048830713], [2.6481710000007297, 26356.132898142616], [2.7946826000006695, 26355.426619212434], [2.994398300001194, 26343.03153177696], [6.969927900001494, 26342.963289707128], [10.43856389999928, 26334.559928118564], [39.055676899999526, 26328.90868391704], [53.009261800001696, 26325.086789295394]]",81dbbcb06942419706f3,1283.0,0.001090400000975933,6.181519600067986,53.459793599959085,"{""interior"": 39, ""fronteira"": 1204, ""liberacao"": 30, ""regret"": 10}","{""interior"": 4, ""fronteira"": 5, ""liberacao"": 8, ""regret"": 3}",,,,,
,0.0,0.05723249999937252,,,,,uniforme_m30_n150_r1.5_s1002,uniforme,1.5,30,150,clns:dual,26373.168078232702,True,-1,0,60.0,59.9955286000004,0.0,,,,,,,,26337.69752859981,25604.72441154976,gap,"[[0.058376499997393694, 33701.33984197592], [0.09909559999869089, 31268.034763209274], [0.14119619999837596, 31261.472590657286], [0.28873919999750797, 31247.529957764356], [0.47073729999829084, 31229.81955996479], [0.5146654999989551, 31227.842761497985], [0.7169060999985959, 31196.00618309494], [1.066048900000169, 28909.994652479825], [1.161482999999862, 28890.523870313093], [1.2313630999997258, 28881.410990978307], [1.2674369999986084, 28879.953171053745], [1.4168461999979627, 28875.116839884544], [1.5768705999980739, 27834.172067762538], [1.6743686999980127, 27833.173032056322], [1.8999923999981547, 27832.39728010813], [1.9805015999991156, 27831.295455442916], [2.5747378999985813, 27818.362772051885], [4.37265330000082, 27786.43263688209], [8.000037499998143, 27742.22429635701], [8.327045199999702, 27741.88494339616], [9.998891600000206, 27451.799347785494], [10.029189500000939, 27378.932291852037], [10.083257599999342, 27349.8411395828], [10.26361689999976, 27215.995391573364], [10.30419350000011, 27204.984902796794], [10.315033799997764, 27169.469503016306], [10.32766509999783, 27141.628746320275], [10.336300899998605, 27139.857352084386], [10.379919799997879, 27131.52363796211], [10.389182700000674, 27129.22872552077], [10.70516139999745, 27124.442422390395], [10.724562200000946, 27122.548525347782], [11.022278199998254, 27105.094037524454], [15.265672800000175, 27095.528186571457], [26.78601619999972, 27080.244331236165], [28.966903900000034, 27007.690554181223], [29.012820699997974, 26994.801317693138], [29.12333899999794, 26986.991718145255], [29.203493099998013, 26979.17283183176], [38.33049359999859, 26413.395686432505], [38.40031760000056, 26413.21821081594], [38.514064200000576, 26378.956178444245], [38.631526599998324, 26378.349343627757], [39.14550959999906, 26376.56879571243], [47.166300999997475, 26373.168078232702]]",81dbbcb06942419706f3,455.0,0.0011434999978519045,0.4502014999779931,59.38714270001947,"{""interior"": 125, ""fronteira"": 86, ""liberacao"": 73, ""regret"": 171}","{""interior"": 8, ""fronteira"": 11, ""liberacao"": 6, ""regret"": 19}",,,,,
,0.0,0.0676045999971393,,,,,uniforme_m30_n150_r1.5_s1002,uniforme,1.5,30,150,clns:rotacao,26716.98639328684,True,-1,0,60.0,59.99182819999987,0.0,,,,,,,,26337.69752859981,25604.72441154976,gap,"[[0.07035790000009001, 33701.33984197592], [0.11624849999861908, 33667.016771118964], [0.2883994999974675, 31376.10291536644], [0.4299377999996068, 28339.484968861518], [0.45370919999913895, 28288.80850142789], [0.4785757999998168, 28285.47443785134], [0.6545682999967539, 28241.516598185375], [0.9907762999973784, 28075.815812801997], [1.0102346999992733, 28073.047057770982], [1.5154641999979503, 28042.298540233143], [1.6020905999976094, 28026.876313515117], [1.9982542999969155, 28004.01062476905], [2.090692999998282, 27963.19149969353], [2.1053805999981705, 27939.991533158507], [2.353645499999402, 27767.79945467096], [2.4193293999996968, 27767.275582146976], [2.9930884999994305, 27442.267895387646], [3.1116896999992605, 27379.090420073022], [3.2680392999973265, 27356.599179837092], [3.3261242999979004, 27351.141758490336], [4.037653899998986, 27339.645088501184], [4.0512294999971346, 27325.11456755853], [4.106136499998684, 27283.75133078518], [4.742650599997432, 27033.307166681858], [4.991130999998859, 26990.53660507565], [5.7145900999967125, 26962.137786298223], [5.735791999999492, 26933.8283010267], [6.058326899998065, 26820.73344712283], [6.43024179999702, 26802.96459336997], [7.172351699999126, 26795.78111256348], [7.991356499998801, 26773.159003567576], [10.25539839999692, 26771.443883818723], [15.787256399999023, 26771.25707135472], [15.902016799998819, 26761.13104096947], [18.009884899998724, 26736.52654678255], [19.014734999997017, 26731.984475995007], [19.850824799999828, 26731.01876469006], [20.051348499997403, 26729.502329713752], [21.011334399998304, 26728.77721131577], [23.99711699999898, 26727.964066561894], [24.78152179999961, 26721.47141344315], [30.728040399997553, 26720.15940328549], [31.115961499999685, 26716.98639328684]]",81dbbcb06942419706f3,315.0,0.0027520000003278255,0.2883627000373963,59.5493767000371,"{""interior"": 79, ""fronteira"": 79, ""liberacao"": 79, ""regret"": 78}","{""interior"": 7, ""fronteira"": 15, ""liberacao"": 9, ""regret"": 11}",,,,,
,,,,0.20243290000144043,56.78810769999836,0.0031302999996114522,uniforme_m30_n150_r1.5_s1002,uniforme,1.5,30,150,completo,26337.69752859981,True,-1,0,60.0,56.99375609999697,0.0,0.0,1.0,1.0,False,False,,550.0,26337.69752859981,25604.72441154976,gap,"[[0.39948070000173175, 40454.67418796326], [1.5278784000001906, 32220.852451021234], [1.6381279000015638, 31067.38712873788], [1.9126017000016873, 29988.30587970804], [2.024034099998971, 29000.577314365357], [6.5185745999988285, 26337.697528599823]]",81dbbcb06942419706f3,,,,,,,,,,,
,,,,,,,uniforme_m30_n150_r1.5_s1002,uniforme,1.5,30,150,ingenua,32904.335026779285,True,-1,0,60.0,24.229027500001393,0.0,,,,,,,,26337.69752859981,25604.72441154976,gap,"[[24.229001800002152, 32904.335026779285]]",81dbbcb06942419706f3,,,,,,,False,675.8086631135485,28639.14808700299,22471.066146730675,
,,,,,,,uniforme_m30_n150_r1.5_s1002,uniforme,1.5,30,150,lns,26970.205201542136,True,-1,0,60.0,60.01273500000025,0.012735000000247965,0.0,1.0,1.0,False,False,,0.0,26337.69752859981,25604.72441154976,gap,"[[0.9402458000004117, 29169.346697961217], [3.610396399999445, 29159.249923878713], [5.908699299998261, 29109.677939064186], [11.813463899998169, 29069.250591049775], [12.142261900000449, 28773.626329447747], [12.813664199999039, 28744.365477568266], [14.565484799997648, 27990.85083109812], [14.87921009999991, 27948.005910141866], [15.319535799997539, 27908.747972481156], [22.247000899998966, 27861.513587099966], [25.827149400000053, 27723.64471299427], [26.659630300000572, 27520.502485301557], [27.5062582999999, 27432.26143606153], [29.39644749999934, 27315.571897815084], [34.411417499999516, 27275.06835845824], [46.808941699997376, 27248.936843655894], [55.7195135999973, 27120.169177285177], [57.06888640000034, 27033.238660047686], [59.56704929999978, 26970.205201542136]]",81dbbcb06942419706f3,,,,,,,,,,,60.01272880000033
,,,,0.10497929999837652,50.86122199999954,0.0024883000005502254,uniforme_m30_n150_r1.5_s1002,uniforme,1.5,30,150,warm_classico,26325.528472697988,True,-1,0,60.0,57.770208800000546,0.0,6.801438999998936,2.0,1.0,False,False,,501.0,26337.69752859981,25604.72441154976,gap,"[[0.9581201000000874, 29169.346697961217], [3.856590299998061, 29159.249923878713], [5.86991240000134, 29109.677939064186], [6.919764099999156, 29109.677939064186], [8.683857799998805, 28989.9540051994], [12.906435699998838, 26337.697528599823], [45.375231399997574, 26325.528472698003]]",81dbbcb06942419706f3,,,,,,,,,,,6.801431299998512
0.00684220000039204,0.017181499999423977,0.09441819999847212,0.018575699996290496,0.6611845000006724,58.19064309999885,0.007200600000942359,uniforme_m30_n150_r1.5_s1003,uniforme,1.5,30,150,adaptativa:gnn,27918.08161907115,True,0,0,60.0,58.99701509999795,0.0,0.11849939999956405,4.0,1.0,True,False,,295.0,28058.374119760447,26674.374569087995,gap,"[[0.3805097000004025, 29967.11191904703], [2.730458499998349, 27965.07964083812], [15.083617100000993, 27965.07964083812], [26.081042299996625, 27965.07964083812], [35.419915699996636, 27965.07964083812], [58.525240199996915, 27918.081619071163]]",81dbbcb06942419706f3,,,,,,,,,,,
,0.0,0.1039892000007967,,,,,uniforme_m30_n150_r1.5_s1003,uniforme,1.5,30,150,clns:aleatorio,27838.597556109624,True,-1,0,60.0,59.98785130000033,0.0,,,,,,,,28058.374119760447,26674.374569087995,gap,"[[0.10604679999960354, 38407.74058948451], [0.3412050000006275, 35933.67220398225], [0.5337309999995341, 34605.586294393725], [0.9976029999997991, 33689.03305266196], [1.0128547999993316, 33634.4814082012], [1.0466237000000547, 33500.15335213818], [1.1525270999991335, 32881.67288815776], [1.9935215000004973, 30743.410947656692], [2.0042347999988124, 30720.45651423868], [2.032112299999426, 30680.589492121813], [2.5260826000012457, 29873.171763215272], [2.9849337999985437, 29742.475247843962], [3.001901200001157, 29712.62324294429], [4.035950499997853, 29184.962442885495], [4.751618599999347, 29182.815772032023], [5.332616299998335, 28946.53354778756], [6.289633299998968, 28936.37680348919], [8.588073599999916, 28906.92788569976], [8.679128899999341, 28905.485170175543], [9.123481499998888, 28872.657205354713], [9.281591099999787, 28870.61311053973], [15.247093400001177, 28864.568335237138], [15.403691399998934, 28863.03792725534], [16.287705800001277, 28855.074475284055], [17.084704000000784, 28842.277320958558], [18.93247490000067, 28819.665270916717], [20.128390199999558, 28818.648402096685], [21.360917599999084, 28730.498353041403], [23.049626199997874, 28720.97860144725], [23.435220200000913, 28709.209502196274], [23.989990499998385, 28703.64867232366], [24.25059870000041, 28694.08539469001], [30.006894199999806, 28689.69500339515], [31.076864200000273, 28687.54833254168], [36.98774860000049, 28402.583999902417], [37.01348180000059, 28349.364982440406], [37.08993779999946, 28333.613838822544], [37.17221319999953, 27913.7999935468], [39.10534420000113, 27906.4240246099], [41.033934999999474, 27895.878612396355], [41.454061500000535, 27854.486606526734], [41.52474309999889, 27850.19679360241], [41.98355430000083, 27846.17736007672], [42.35033990000011, 27846.06662052317], [42.7033565999991, 27842.01244276068], [43.180676299998595, 27838.597556109624]]",81dbbcb06942419706f3,232.0,0.002056499997706851,0.3632685999691603,59.29842039998039,"{""interior"": 71, ""fronteira"": 67, ""liberacao"": 52, ""regret"": 42}","{""interior"": 10, ""fronteira"": 15, ""liberacao"": 11, ""regret"": 9}",,,,,
,0.0,0.39949309999792604,,,,,uniforme_m30_n150_r1.5_s1003,uniforme,1.5,30,150,clns:alns,28165.563125567514,True,-1,0,60.0,60.067326099997445,0.06732609999744454,,,,,,,,28058.374119760447,26674.374569087995,gap,"[[0.4027046999981394, 38407.74058948451], [3.335834800000157, 36193.400373166674], [3.9287976999985403, 33260.67184205071], [5.012036799998896, 33196.7459274119], [5.077758299998095, 31826.627466689897], [6.0101313999984995, 31708.368659638276], [6.603544400000828, 30827.097862148894], [6.852375099999335, 28912.263612704508], [7.010080500000186, 28892.412072681527], [7.2190030999990995, 28578.470048414107], [8.187021499998082, 28577.971185428672], [8.35894879999978, 28575.8245145752], [9.964332299998205, 28525.94928304146], [10.973373699998774, 28518.919635447215], [11.06794649999938, 28503.13519494804], [11.141440899998997, 28477.417910626922], [12.938600599998608, 28474.805575701484], [12.980524599999626, 28426.178573737037], [13.206589199999144, 28402.777673305223], [13.29959659999804, 28344.911658893598], [17.02875900000072, 28292.325244031046], [17.525273999999627, 28264.135206701732], [18.211137999998755, 28243.389389990938], [20.196046500001103, 28234.176024769997], [20.225629599997774, 28232.029353916525], [20.48426339999787, 28224.963460666037], [21.28838089999772, 28222.128070057148], [21.74006340000051, 28218.686212167824], [23.215008299997862, 28211.445419616266], [23.331040099998063, 28200.83277522761], [24.215932399998565, 28195.723069207103], [24.928026300000056, 28187.38663220058], [25.233230599998933, 28175.382782098503], [26.981789400000707, 28170.33091341055], [29.28863260000071, 28165.563125567514]]",81dbbcb06942419706f3,274.0,0.0032106999969983008,0.41393919998881756,56.61278020001555,"{""interior"": 55, ""fronteira"": 85, ""liberacao"": 63, ""regret"": 71}","{""interior"": 4, ""fronteira"": 18, ""liberacao"": 5, ""regret"": 7}",,,,,
,7.23392689996399,0.06690769999840995,,,,,uniforme_m30_n150_r1.5_s1003,uniforme,1.5,30,150,clns:aprendido,27853.332664418595,True,-1,0,60.0,59.951538999997865,0.0,,,,,,,,28058.374119760447,26674.374569087995,gap,"[[0.06805089999761549, 38407.74058948451], [0.12092629999824567, 35085.573721338464], [0.1532281999971019, 32701.47372487384], [0.5206889000000956, 31094.969542028484], [0.5442320000001928, 30506.980726922608], [0.5826498999995238, 29331.56622867967], [0.6625620999984676, 29135.300299018334], [0.7023742999990645, 28619.18899940568], [1.5969130999983463, 28214.513525514943], [1.712811800000054, 28212.84387535821], [1.7835725999975693, 28193.05664400851], [5.786603599997761, 28166.121172512434], [7.078277099997649, 28103.980662816495], [9.31929129999844, 28068.187527389724], [10.243725099997391, 28053.28175221417], [20.748054499999853, 28038.86955718347], [24.772888799998327, 27969.38841671228], [25.424812199998996, 27947.350837313898], [25.565140299997438, 27943.373308918628], [34.00656919999892, 27894.02739674879], [37.05135149999842, 27891.73575700736], [37.42603439999948, 27878.836794040646], [39.24825359999886, 27859.06252116996], [39.344000199998845, 27853.332664418595]]",81dbbcb06942419706f3,1247.0,0.0011427000026742462,8.725352300076338,50.85146699998586,"{""interior"": 892, ""fronteira"": 22, ""liberacao"": 324, ""regret"": 9}","{""interior"": 1, ""fronteira"": 5, ""liberacao"": 11, ""regret"": 6}",,,,,
,0.0,0.11094280000179424,,,,,uniforme_m30_n150_r1.5_s1003,uniforme,1.5,30,150,clns:dual,27566.465549199325,True,-1,0,60.0,60.056884000001446,0.05688400000144611,,,,,,,,28058.374119760447,26674.374569087995,gap,"[[0.11322520000248915, 38407.74058948451], [0.39753750000090804, 38323.931800988335], [0.4274206000009144, 35302.52556841775], [0.4595030000018596, 35290.32623561419], [0.5417828999998164, 35267.57984233801], [0.5671316000007209, 35264.23200736162], [0.6864655999997922, 35259.023288719625], [0.8787269000022206, 35256.56422386048], [1.2130407000004197, 34405.68225940573], [1.5299003000000084, 34400.385088240844], [1.9021256000014546, 33294.994220406435], [2.2959092000019155, 33265.953191515866], [4.049050400000851, 32626.520769712253], [4.2588930999991135, 30092.59376662226], [4.289854099999502, 30050.6724919052], [4.953089000002365, 29947.528391216176], [7.05525789999956, 29771.72138656211], [7.0890471000020625, 29759.41568501525], [7.114206000002014, 29756.266407746924], [7.130693099999917, 29752.636669551677], [7.142386200001056, 29744.24942224163], [7.276301900001272, 29736.594845226096], [7.294220499999938, 29734.448174372625], [7.641844600002514, 29719.692612919782], [9.041948199999752, 27786.703750084955], [9.428099400000065, 27781.440170928097], [12.089764399999694, 27719.718363421372], [12.434742900000856, 27712.683203329034], [13.06218269999954, 27662.534666889245], [15.086213400001725, 27645.11924022827], [17.445869400002266, 27635.33477299202], [19.42331109999941, 27617.51318416578], [25.873199900001055, 27585.75759253977], [32.043236600002274, 27577.005123706327], [36.78076190000138, 27575.853686431125], [45.05777909999961, 27569.60504234433], [51.22179519999918, 27566.465549199325]]",81dbbcb06942419706f3,276.0,0.00228150000111782,0.4040395000083663,59.23872809999375,"{""interior"": 70, ""fronteira"": 44, ""liberacao"": 11, ""regret"": 151}","{""interior"": 10, ""fronteira"": 7, ""liberacao"": 7, ""regret"": 12}",,,,,
,0.0,0.07948970000143163,,,,,uniforme_m30_n150_r1.5_s1003,uniforme,1.5,30,150,clns:rotacao,27417.340490288967,True,-1,0,60.0,59.97663119999925,0.0,,,,,,,,28058.374119760447,26674.374569087995,gap,"[[0.08145180000065011, 38407.74058948451], [0.14464740000039455, 36613.90874777854], [0.20536550000178977, 36609.81852501262], [0.22814220000145724, 34723.910121589186], [0.24833960000250954, 34693.5213098475], [0.4253720000015164, 33822.430226103126], [0.7735755000030622, 31596.236821840313], [0.8024852000016836, 31563.641075559182], [1.0594766000031086, 31550.64070883848], [1.9726905000025, 30825.59170748115], [2.0187670000013895, 30794.968375171175], [2.371905300002254, 30180.68999838102], [2.4643479000005755, 30170.376404060575], [3.2616041000001132, 28563.85005924853], [3.3358246000025247, 28444.36754284698], [3.4479276000020036, 28437.169567018893], [3.6093070000024454, 28424.627846278312], [4.175164800002676, 28396.881395240736], [4.292082900003152, 28396.477269782645], [4.975797500002955, 28158.747091849633], [5.111535600000934, 28154.2465441433], [5.26411089999965, 28141.79236956598], [5.315097100003186, 28138.061147444972], [5.3681447000017215, 28056.439616353477], [5.528704300002573, 27927.661603709803], [5.752636299999722, 27879.728670284014], [5.812018399999943, 27869.015184430522], [5.941755200001353, 27865.951109544403], [6.075461399999767, 27864.316239716747], [6.972671499999706, 27862.643833856604], [7.03010980000181, 27837.337130783173], [7.757430000001477, 27790.989724079063], [8.96827580000172, 27767.981447679143], [9.979708400001982, 27751.379431108802], [10.638052300000709, 27746.14469192165], [10.671278400001029, 27731.63473669888], [10.908762099999876, 27716.317659330045], [11.000928200002818, 27711.48898010578], [11.277596900003118, 27705.537933535717], [14.978598100002273, 27548.727329104215], [15.975969500002975, 27520.194337207828], [16.07494410000072, 27519.50682888056], [16.175838200000726, 27518.849947604038], [16.738468499999726, 27517.398078754486], [16.879169200001343, 27499.688590074256], [19.821035000000848, 27497.20061248846], [20.976481100002275, 27419.391846667597], [25.280142499999783, 27418.413772875665], [25.618865200001892, 27417.340490288967]]",81dbbcb06942419706f3,442.0,0.0019609999981184956,0.5154045000199403,59.26117640002485,"{""interior"": 111, ""fronteira"": 111, ""liberacao"": 110, ""regret"": 110}","{""interior"": 7, ""fronteira"": 14, ""liberacao"": 11, ""regret"": 16}",,,,,
,,,,0.37818269999843324,56.478848099999595,0.003467600003205007,uniforme_m30_n150_r1.5_s1003,uniforme,1.5,30,150,completo,28992.72674954032,True,-1,0,60.0,56.86059260000184,0.0,0.0,1.0,1.0,False,False,,175.0,28058.374119760447,26674.374569087995,gap,"[[0.6124524000006204, 41681.26610695658], [2.3805052999996406, 32256.48617397054], [2.751210700000229, 31633.077884614646], [9.021209800001088, 29081.58809111107], [30.594537900000432, 28992.726749540332]]",81dbbcb06942419706f3,,,,,,,,,,,
,,,,,,,uniforme_m30_n150_r1.5_s1003,uniforme,1.5,30,150,ingenua,34282.30682807048,True,-1,0,60.0,26.977111199998035,0.0,,,,,,,,28058.374119760447,26674.374569087995,gap,"[[26.977075399998284, 34282.30682807048]]",81dbbcb06942419706f3,,,,,,,False,801.5807943940109,30244.391239949116,23259.553161991746,
,,,,,,,uniforme_m30_n150_r1.5_s1003,uniforme,1.5,30,150,lns,28003.27132792235,True,-1,0,60.0,60.027825199998915,0.027825199998915195,0.0,1.0,1.0,False,False,,0.0,28058.374119760447,26674.374569087995,gap,"[[1.2501563999976497, 28094.998127161613], [8.257170900000347, 28066.20588865744], [10.674007999998139, 28064.095947950875], [15.639331799997308, 28058.374119760447], [43.23392999999851, 28007.283849611948], [44.50061780000033, 28003.27132792235]]",81dbbcb06942419706f3,,,,,,,,,,,60.027817700000014
,,,,0.33535140000094543,50.70740320000186,0.00562290000016219,uniforme_m30_n150_r1.5_s1003,uniforme,1.5,30,150,warm_classico,28094.998127161613,True,-1,0,60.0,57.059477899998456,0.0,6.010979700000462,2.0,1.0,False,False,,131.0,28058.374119760447,26674.374569087995,gap,"[[1.3086528000021644, 28094.998127161613], [6.367642100001831, 28094.9981271616]]",81dbbcb06942419706f3,,,,,,,,,,,6.010968499998853
0.002531599999201717,0.010804500001540873,0.14175059999979567,0.005043899996962864,0.5137358999963908,58.16379899999811,0.009706299999379553,uniforme_m30_n150_r3.0_s1000,uniforme,3.0,30,150,adaptativa:gnn,20315.52467688504,True,0,0,60.0,58.848539500002516,0.0,0.15514389999952982,4.0,1.0,True,False,,900.0,20315.52467688504,20273.15563802302,gap,"[[0.24081740000110585, 25408.672234550886], [0.3675148000002082, 21206.002644044147], [0.6192733000025328, 21176.643871602693], [1.1121359000026132, 20979.27702122759], [5.530242700002418, 20800.891281366046], [7.215288800001872, 20770.2041063411], [7.21593220000068, 20757.570390949248], [7.218336600002658, 20747.09190927832], [8.940426299999672, 20740.34664024738], [9.763812799999869, 20481.7566960284], [11.592771100000391, 20458.546127792244], [14.897562500002095, 20458.546127792244], [15.816254800003662, 20332.28088395231], [19.374020800001745, 20332.091742912384], [19.608364500003518, 20317.65420952739], [24.626166200003354, 20315.524676885034], [24.785472099996696, 20315.524676885034], [33.20041199999832, 20315.524676885034]]",81dbbcb06942419706f3,,,,,,,,,,,
,0.0,0.16231390000029933,,,,,uniforme_m30_n150_r3.0_s1000,uniforme,3.0,30,150,clns:aleatorio,20942.90961914337,True,-1,0,60.0,60.007659000002604,0.007659000002604444,,,,,,,,20315.52467688504,20273.15563802302,gap,"[[0.1641711000011128, 25064.679963697003], [0.7467157999999472, 21002.52100777125], [1.0158590999999433, 20993.59271212043], [2.995718099999067, 20972.500873200945], [3.3357467999994697, 20946.13331262311], [4.552716399997735, 20945.44188276067], [18.801408999999694, 20945.07920963085], [28.163607099999354, 20944.05564924769], [40.74078770000051, 20942.90961914337]]",81dbbcb06942419706f3,385.0,0.0018564999991212972,0.6133514999928593,59.14341139998578,"{""interior"": 121, ""fronteira"": 128, ""liberacao"": 90, ""regret"": 46}","{""interior"": 1, ""fronteira"": 1, ""liberacao"": 6, ""regret"": 0}",,,,,
,0.0,0.13296210000044084,,,,,uniforme_m30_n150_r3.0_s1000,uniforme,3.0,30,150,clns:alns,20315.52467688504,True,-1,0,60.0,59.96145719999913,0.0,,,,,,,,20315.52467688504,20273.15563802302,gap,"[[0.13410210000074585, 25064.679963697003], [0.2117483000001812, 25052.99143142471], [0.23455900000044494, 25030.946822183923], [0.2514173000017763, 22809.878498835184], [0.27452220000122907, 22805.853859482253], [0.39378560000113794, 21404.847563408563], [0.5490992000013648, 20330.17201293595], [0.7372198999983084, 20318.206220772023], [2.281640699999116, 20315.52467688504]]",81dbbcb06942419706f3,899.0,0.0011395000001357403,1.5319111000062549,58.11851099999694,"{""interior"": 210, ""fronteira"": 246, ""liberacao"": 226, ""regret"": 217}","{""interior"": 1, ""fronteira"": 2, ""liberacao"": 4, ""regret"": 1}",,,,,
,10.077169599953777,0.15165759999945294,,,,,uniforme_m30_n150_r3.0_s1000,uniforme,3.0,30,150,clns:aprendido,20315.52467688504,True,-1,0,60.0,60.00997509999797,0.009975099997973302,,,,,,,,20315.52467688504,20273.15563802302,gap,"[[0.1527901000008569, 25064.679963697003], [0.24469780000072205, 20336.71647383086], [0.28408349999881466, 20329.767415676317], [0.30444359999819426, 20323.50724055987], [0.43174379999982193, 20318.04449842702], [0.6827456999999413, 20315.52467688504]]",81dbbcb06942419706f3,2429.0,0.0011320999983581714,13.774208200025896,45.608457700072904,"{""interior"": 47, ""fronteira"": 2327, ""liberacao"": 37, ""regret"": 18}","{""interior"": 0, ""fronteira"": 4, ""liberacao"": 1, ""regret"": 0}",,,,,
,0.0,0.20835189999706927,,,,,uniforme_m30_n150_r3.0_s1000,uniforme,3.0,30,150,clns:dual,20317.654209527398,True,-1,0,60.0,59.97849960000167,0.0,,,,,,,,20315.52467688504,20273.15563802302,gap,"[[0.21049479999783216, 25064.679963697003], [0.2637615999992704, 22848.111494587945], [0.41767110000000685, 20336.71647383086], [0.7986461000000418, 20332.69183447793], [2.451882099998329, 20330.17201293595], [21.6484470999967, 20327.341818310702], [43.05542389999755, 20317.654209527398]]",81dbbcb06942419706f3,959.0,0.0021421999990707263,1.6778776998908143,57.90008910002871,"{""interior"": 116, ""fronteira"": 310, ""liberacao"": 332, ""regret"": 201}","{""interior"": 0, ""fronteira"": 2, ""liberacao"": 3, ""regret"": 1}",,,,,
,0.0,0.1573372000020754,,,,,uniforme_m30_n150_r3.0_s1000,uniforme,3.0,30,150,clns:rotacao,21025.706479666514,True,-1,0,60.0,60.435754900001484,0.4357549000014842,,,,,,,,20315.52467688504,20273.15563802302,gap,"[[0.1587394000016502, 25064.679963697003], [0.19816640000135521, 25057.55024925412], [0.3484131000004709, 21167.991725105596], [0.8541661999988719, 21159.60201734679], [1.440563000000111, 21156.449464144636], [1.5996913999988465, 21114.713654605846], [1.9474527000020316, 21069.73121425553], [2.3113594000024023, 21032.813637936033], [2.4436539000016637, 21025.706479666514]]",81dbbcb06942419706f3,511.0,0.001401500001520617,0.8158207000014954,59.35186559997965,"{""interior"": 128, ""fronteira"": 128, ""liberacao"": 128, ""regret"": 127}","{""interior"": 1, ""fronteira"": 1, ""liberacao"": 4, ""regret"": 2}",,,,,
,,,,0.12236099999790895,56.86986160000015,0.002866599999833852,uniforme_m30_n150_r3.0_s1000,uniforme,3.0,30,150,completo,20314.25754884102,True,-1,0,60.0,56.99522280000019,0.0,0.0,1.0,1.0,False,False,,26.0,20315.52467688504,20273.15563802302,gap,"[[0.34685199999876204, 53114.689096888695], [1.812167000000045, 28306.398023125468], [1.9101575999993656, 26118.5103661175], [2.8530924000006053, 25794.093243638712], [2.9804724999994505, 24692.387353833514], [7.259527599999274, 20317.654209527387], [22.6644415999981, 20315.52467688504], [47.764746699998796, 20314.257548841026]]",81dbbcb06942419706f3,,,,,,,,,,,
,,,,,,,uniforme_m30_n150_r3.0_s1000,uniforme,3.0,30,150,ingenua,26291.39669294859,True,-1,0,60.0,4.576704200000677,0.0,,,,,,,,20315.52467688504,20273.15563802302,gap,"[[4.576676200002112, 26291.39669294859]]",81dbbcb06942419706f3,,,,,,,False,295.69771311389866,26518.542629134346,22368.542073970602,
,,,,,,,uniforme_m30_n150_r3.0_s1000,uniforme,3.0,30,150,lns,20391.045896818112,True,-1,0,60.0,60.07028799999898,0.07028799999898183,0.0,1.0,1.0,False,False,,0.0,20315.52467688504,20273.15563802302,gap,"[[1.853019200003473, 24503.20064339564], [2.291665800003102, 23400.252516079578], [5.996423900000082, 23125.463788061898], [6.2780159000030835, 22834.5448323113], [7.458424000000377, 22818.083175396932], [8.583438700003171, 22451.79677730627], [8.712855100002344, 22336.453399906317], [11.19225870000082, 21959.761378809773], [11.310414600000513, 21957.971092343058], [11.62947770000028, 21755.033537798612], [12.602763900002174, 21742.365525268866], [14.568654900002002, 21540.379839028046], [14.877403800001048, 21396.81013038042], [15.049556500001927, 21393.8165814989], [16.191982700001972, 21307.36093607461], [16.37476120000065, 21250.435941157717], [18.255970900001557, 21222.707341512403], [20.53315520000251, 21163.823489497434], [23.082640300002822, 21160.158087708052], [37.758845100001054, 20617.53075002713], [38.103650500001095, 20591.26484042473], [38.59442690000287, 20450.6246509829], [44.50606400000106, 20407.832887777902], [48.031334200000856, 20391.045896818112]]",81dbbcb06942419706f3,,,,,,,,,,,60.07028099999661
,,,,0.22828890000164392,51.71498050000082,0.0026627000006556045,uniforme_m30_n150_r3.0_s1000,uniforme,3.0,30,150,warm_classico,20312.878324676574,True,-1,0,60.0,57.98820210000122,0.0,6.042187400002149,2.0,1.0,False,False,,674.0,20315.52467688504,20273.15563802302,gap,"[[1.8208097000024281, 24503.20064339564], [2.255402900002082, 23400.252516079578], [5.9903747999996995, 23125.463788061898], [6.282332900002075, 23125.463788061898], [13.286977400002797, 20317.654209527387], [52.338618400000996, 20312.878324676578]]",81dbbcb06942419706f3,,,,,,,,,,,6.042179000000033
0.00199849999989965,0.008930799998779548,0.1529768000000331,0.00811279999834369,0.4852235000071232,58.332140000002255,0.006963399995584041,uniforme_m30_n150_r3.0_s1001,uniforme,3.0,30,150,adaptativa:gnn,21367.359898393996,True,0,0,60.0,58.99758329999895,0.0,0.16396380000151112,4.0,1.0,True,False,,207.0,22172.178295266058,21077.5413209808,gap,"[[0.2655590000031225, 26953.750031938675], [0.5380579000011494, 24740.850287056925], [0.7457216000038898, 24425.68604440559], [1.3460702000011224, 22453.379423045502], [4.986548700002459, 22149.117734762996], [4.987715400002344, 22146.920335063467], [4.990205700003571, 21439.283531995534], [8.12899820000166, 21403.01380008141], [8.984436800001276, 21380.74094424245], [9.084434400003374, 21377.458067585365], [9.34423720000268, 21368.480458241233], [11.21515360000194, 21367.359898394], [12.06380320000244, 21367.359898393992], [12.210715099998197, 21367.359898394], [13.260237599999527, 21367.35989839399], [24.296724100000574, 21367.359898394], [33.11998390000008, 21367.359898394], [37.31131269999969, 21367.35989839399]]",81dbbcb06942419706f3,,,,,,,,,,,
,0.0,0.13194790000125067,,,,,uniforme_m30_n150_r3.0_s1001,uniforme,3.0,30,150,clns:aleatorio,22012.63949956454,True,-1,0,60.0,60.3218377000012,0.32183770000119694,,,,,,,,22172.178295266058,21077.5413209808,gap,"[[0.13397950000216952, 27138.303435603353], [0.9201063000000431, 26781.489524786713], [0.9499600000017381, 26774.35285656487], [0.9690808000013931, 26333.07224614565], [0.9829593000031309, 26221.283902651092], [0.998203300001478, 26128.937298674402], [1.0614174000002095, 25444.970828831734], [1.1851080000014917, 22467.863880019562], [1.2417400000013004, 22464.326665594454], [1.7576213000029384, 22446.84590663026], [3.9318519000007655, 22438.914974089814], [3.987090700000408, 22436.686841869585], [4.929363500003092, 22374.029418844082], [5.734908300000825, 22166.388547405244], [5.848892700003489, 22047.663765025318], [6.4041061000025366, 22045.02429482992], [6.48741880000307, 22042.12656994488], [7.930846300001576, 22020.02998959823], [9.836289700000634, 22020.02562544022], [10.26356940000187, 22012.63949956454]]",81dbbcb06942419706f3,741.0,0.0020307000013417564,1.0932650999675388,58.94928480002636,"{""interior"": 269, ""fronteira"": 215, ""liberacao"": 150, ""regret"": 107}","{""interior"": 2, ""fronteira"": 6, ""liberacao"": 9, ""regret"": 2}",,,,,
,0.0,0.14662619999944582,,,,,uniforme_m30_n150_r3.0_s1001,uniforme,3.0,30,150,clns:alns,22036.10503521093,True,-1,0,60.0,59.99876249999943,0.0,,,,,,,,22172.178295266058,21077.5413209808,gap,"[[0.14776269999856595, 27138.303435603353], [0.2070252999983495, 27134.929469061877], [0.2651854999967327, 25411.57474258823], [0.2903882999999041, 25134.04585031813], [1.0348704999996698, 24849.133795813468], [4.005226599998423, 23182.382309199664], [4.997696200000064, 22291.114394433233], [5.2367643999969005, 22290.267027219244], [6.026763699999719, 22287.409567579496], [6.0611998999993375, 22274.583381546887], [6.101460699999734, 22270.354744234584], [6.320292499996867, 22129.885091364446], [6.355730799998128, 22106.710377270418], [6.372955599999841, 22083.626424185313], [6.401708299999882, 22077.932941291365], [6.4641574999986915, 22070.1643021222], [6.545728599998256, 22066.837350470476], [7.995149499998661, 22053.930957880337], [8.273201499996503, 22052.563382449003], [8.287222299997666, 22050.905772908358], [8.300985399997444, 22049.085365664396], [10.137061099998391, 22038.513041443286], [10.959424699998635, 22036.10503521093]]",81dbbcb06942419706f3,485.0,0.0011360999997123145,0.7719717000109085,58.970650499999465,"{""interior"": 128, ""fronteira"": 111, ""liberacao"": 140, ""regret"": 106}","{""interior"": 4, ""fronteira"": 3, ""liberacao"": 8, ""regret"": 7}",,,,,
,9.867128499976388,0.13717110000288812,,,,,uniforme_m30_n150_r3.0_s1001,uniforme,3.0,30,150,clns:aprendido,21995.8555885425,True,-1,0,60.0,59.952866799998446,0.0,,,,,,,,22172.178295266058,21077.5413209808,gap,"[[0.13829530000293744, 27138.303435603353], [0.21182540000154404, 23482.689346626354], [0.2867465000017546, 22044.507118347425], [0.31488530000206083, 22033.826948153604], [0.4916590000029828, 22028.206064897866], [0.82953980000093, 22002.23481839469], [5.8247762999999395, 22000.07267585797], [5.841120500001125, 21995.8555885425]]",81dbbcb06942419706f3,2372.0,0.0011235999991185963,12.885894299983192,46.51383530007661,"{""interior"": 2283, ""fronteira"": 42, ""liberacao"": 29, ""regret"": 18}","{""interior"": 1, ""fronteira"": 5, ""liberacao"": 1, ""regret"": 0}",,,,,
,0.0,0.14803179999944405,,,,,uniforme_m30_n150_r3.0_s1001,uniforme,3.0,30,150,clns:dual,22017.853035652595,True,-1,0,60.0,59.97274319999997,0.0,,,,,,,,22172.178295266058,21077.5413209808,gap,"[[0.14916250000169384, 27138.303435603353], [0.2202407000004314, 23485.815381050146], [0.2504454000008991, 23478.41261250843], [0.27300800000011805, 23206.702413115316], [0.3003430999997363, 23179.84265701243], [0.31602059999931953, 23148.995088594682], [0.34255380000104196, 23133.452003143095], [0.6902372000004107, 23124.38195920264], [0.9282789999997476, 23111.86287497046], [2.982953099999577, 22345.926762166666], [3.0276869000008446, 22331.513582356492], [3.1199128000007477, 22329.30226952141], [3.249397299998236, 22316.040048834617], [3.9588523999991594, 22184.4797542402], [4.022116100000858, 22177.344897364095], [4.044446700001572, 22157.332865841352], [4.129152000001341, 22146.420587697194], [4.152889900000446, 22132.541873918366], [4.50978860000032, 22104.125757538288], [4.815961600001174, 22096.74020417063], [5.287296999998944, 22073.65934330659], [5.949727499999426, 22070.51980684967], [6.28491700000086, 22070.251339422335], [6.8742622999998275, 22056.058595592513], [7.632844299998396, 22049.264418766885], [7.6594235000011395, 22048.52757043738], [9.246486000000004, 22040.59663789693], [9.879696100000729, 22036.273303988877], [10.699971000001824, 22033.568028252386], [11.834676200000104, 22029.063582827683], [13.441899900000863, 22024.336329394715], [14.784097499999916, 22018.634297867764], [16.323764100001426, 22017.853035652595]]",81dbbcb06942419706f3,532.0,0.00112989999979618,0.9373369000022649,58.76849160007623,"{""interior"": 119, ""fronteira"": 122, ""liberacao"": 110, ""regret"": 181}","{""interior"": 3, ""fronteira"": 10, ""liberacao"": 10, ""regret"": 9}",,,,,
,0.0,0.16264740000042366,,,,,uniforme_m30_n150_r3.0_s1001,uniforme,3.0,30,150,clns:rotacao,22031.877757823095,True,-1,0,60.0,59.97259880000274,0.0,,,,,,,,22172.178295266058,21077.5413209808,gap,"[[0.16384180000022752, 27138.303435603353], [0.23019159999967087, 27130.900667061636], [0.820165500001167, 26161.97730647751], [0.8362357000005431, 26020.027823970242], [0.8478181999998924, 25735.115769465585], [0.9350475999999617, 23684.89367617083], [2.466691699999501, 23064.5677138586], [2.484884500001499, 23063.833865436136], [2.4944279000010283, 23048.967790777308], [2.5080372000011266, 23035.9766759993], [3.4660483000006934, 22997.67393145524], [4.067714100001467, 22473.44805983265], [4.096664900000178, 22459.102539103413], [4.196974300000875, 22103.149871447567], [4.488131099999009, 22085.841571376], [5.007937499998661, 22074.185619473516], [7.190285799999401, 22059.524604461083], [7.817315000000235, 22057.9681460857], [8.426611899998534, 22031.877757823095]]",81dbbcb06942419706f3,551.0,0.001193800002511125,0.9002551999910793,58.79265740001938,"{""interior"": 138, ""fronteira"": 138, ""liberacao"": 138, ""regret"": 137}","{""interior"": 3, ""fronteira"": 6, ""liberacao"": 7, ""regret"": 2}",,,,,
,,,,0.324139299998933,56.67474960000254,0.002133899997716071,uniforme_m30_n150_r3.0_s1001,uniforme,3.0,30,150,completo,22052.784271165554,True,-1,0,60.0,57.00109370000064,0.0,0.0,1.0,1.0,False,False,,237.0,22172.178295266058,21077.5413209808,gap,"[[0.51785849999942, 52373.38399981733], [2.7793405999982497, 26625.382236321468], [2.887584299998707, 25930.522638186456], [3.1230396999999357, 25621.08470391059], [6.040726199997152, 23920.110202935288], [7.006876499999635, 22172.178295266083], [41.36689579999802, 22052.784271165558]]",81dbbcb06942419706f3,,,,,,,,,,,
,,,,,,,uniforme_m30_n150_r3.0_s1001,uniforme,3.0,30,150,ingenua,28440.404150731847,True,-1,0,60.0,6.056305699999939,0.0,,,,,,,,22172.178295266058,21077.5413209808,gap,"[[6.056277200001205, 28440.404150731847]]",81dbbcb06942419706f3,,,,,,,False,418.14222895702585,27444.160662952665,24434.825440030778,
,,,,,,,uniforme_m30_n150_r3.0_s1001,uniforme,3.0,30,150,lns,22501.64991690922,True,-1,0,60.0,60.01462680000259,0.014626800002588425,0.0,1.0,1.0,False,False,,0.0,22172.178295266058,21077.5413209808,gap,"[[1.5779453000031936, 23278.970434208404], [2.2199205000033544, 22670.125763131746], [3.8941573000010976, 22611.5350377796], [4.986680600002728, 22501.64991690922]]",81dbbcb06942419706f3,,,,,,,,,,,60.014619999998104
,,,,0.1120176000003994,51.403658799998084,0.0028265000000828877,uniforme_m30_n150_r3.0_s1001,uniforme,3.0,30,150,warm_classico,21762.65664716738,True,-1,0,60.0,57.602618599998095,0.0,6.084031899998081,2.0,1.0,False,False,,210.0,22172.178295266058,21077.5413209808,gap,"[[1.6528018999997585, 23278.970434208404], [2.315038300002925, 22670.125763131746], [4.0052728000009665, 22611.5350377796], [5.192613400002301, 22501.64991690922], [6.2074697999960335, 22501.64991690923], [12.626701099998172, 22172.178295266083], [52.72796649999873, 21945.590885056514], [52.800127199996496, 21769.526696903275], [52.80209509999622, 21762.656647167376]]",81dbbcb06942419706f3,,,,,,,,,,,6.084025000000111
0.0015281999985745642,0.00828420000107144,0.1275482999990345,0.0055354000032821205,0.3211682000037399,50.77215690000594,0.007747199997538701,uniforme_m30_n150_r3.0_s1002,uniforme,3.0,30,150,adaptativa:gnn,19269.794631460514,True,0,0,60.0,51.24521259999892,0.0,0.13740260000122362,4.0,1.0,True,True,,293.0,20469.52760237707,19182.2644885139,gap,"[[0.2331315999981598, 25216.13808280527], [0.3721356999994896, 23478.777309513313], [0.41359920000104466, 20701.712301112297], [0.6868047999996634, 20650.066109231168], [3.4117957999987993, 20101.09941567046], [5.351127399997495, 20090.438011749095], [7.939369299998361, 19584.242551959327], [9.442017099998338, 19441.37698282819], [10.855777000000671, 19406.434185985552], [10.91456019999896, 19283.257997585893], [11.301158999998734, 19283.25799758589], [11.599567400000524, 19270.575500362473], [11.609127600000647, 19270.575500362476], [12.294667199999822, 19269.794631460543], [12.402118100002554, 19269.79463146053], [13.58534640000289, 19269.794631460514], [20.225413600004686, 19269.79463146053], [22.531779100005224, 19269.794631460514], [23.72370700000465, 19269.794631460514], [24.961329000005207, 19269.794631460514], [29.691660300002695, 19269.79463146053], [33.517273000001296, 19269.794631460514], [36.364624699999695, 19269.794631460514], [38.019693400001415, 19269.794631460514]]",81dbbcb06942419706f3,,,,,,,,,,,
,0.0,0.11137779999990016,,,,,uniforme_m30_n150_r3.0_s1002,uniforme,3.0,30,150,clns:aleatorio,21130.587595900688,True,-1,0,60.0,59.98512720000144,0.0,,,,,,,,20469.52760237707,19182.2644885139,gap,"[[0.11248089999935473, 33554.968442763886], [0.17849690000002738, 31737.424662919424], [0.19659189999947557, 31510.289179880383], [0.2361109999983455, 29996.88397826138], [0.26143519999823184, 27560.27253862899], [0.2926123999968695, 22749.68959662737], [0.30846959999689716, 22743.196943508625], [0.32780859999911627, 22737.8910768721], [0.9831686999968952, 22483.785008043935], [1.9846648999991885, 22483.114106128643], [1.9976376999984495, 22446.981618052603], [2.0575705999981437, 22440.983022680488], [2.067363399997703, 22402.760123965858], [2.9824344999979076, 21669.537730292053], [4.201817999997729, 21636.114216407856], [5.982596699999704, 21272.948113706298], [5.994589099998848, 21270.162684745344], [6.640992499997083, 21261.785821074427], [6.688308400000096, 21249.233369813668], [7.094709999997576, 21206.80290205809], [7.276622999997926, 21206.476879033096], [8.535663299997395, 21204.420190137742], [8.71119219999673, 21167.903463066017], [9.080561199996737, 21139.747081509297], [9.315811699998449, 21130.587595900688]]",81dbbcb06942419706f3,583.0,0.0011027000000467524,0.7814637999508705,58.96797919996243,"{""interior"": 212, ""fronteira"": 156, ""liberacao"": 131, ""regret"": 84}","{""interior"": 6, ""fronteira"": 3, ""liberacao"": 12, ""regret"": 3}",,,,,
,0.0,0.1160983000008855,,,,,uniforme_m30_n150_r3.0_s1002,uniforme,3.0,30,150,clns:alns,19787.41329578183,True,-1,0,60.0,59.99643100000321,0.0,,,,,,,,20469.52760237707,19182.2644885139,gap,"[[0.11739519999900949, 33554.968442763886], [0.17120879999856697, 28903.40508618732], [0.18838559999858262, 28754.254928825358], [0.22141009999904782, 28712.14385564941], [0.27178009999988717, 28058.616455758332], [1.2788541999980225, 26626.25062519541], [1.3029295999986061, 24495.196878523464], [1.315501500001119, 24466.17142876717], [2.1769419999982347, 23943.08895201494], [3.2726621000001614, 22572.21322069811], [3.295168600001489, 22560.24985435208], [3.3278876000003947, 22546.28923475317], [3.3449985000006563, 22211.738564728854], [3.999018700000306, 22004.759979746348], [4.697214799998619, 21954.741431374696], [6.276654299999791, 21551.919836228728], [7.271988699998474, 21493.951836516848], [7.761536400001205, 21486.559601164638], [9.347534699998505, 21458.637226895713], [9.385138300000108, 21455.36925576233], [9.513935399998445, 21446.125640420105], [14.2833810000011, 21398.421312562998], [14.31539210000119, 21371.197458512626], [14.635503000001336, 21363.31795466231], [14.651997299999493, 21355.807482499637], [14.893475299999409, 20680.50511845816], [15.277069399999164, 20099.052138492287], [16.27380439999979, 20049.91308543337], [16.51711290000094, 20006.729706096234], [17.01735969999936, 19915.415255690044], [17.057689699999173, 19913.222409768794], [17.16963939999914, 19841.472700376922], [17.377299299998413, 19834.672339859233], [19.271790099999635, 19832.236536878205], [19.38204169999881, 19818.76538570434], [19.426647799999046, 19817.566838216808], [20.960327199998574, 19813.50017574711], [22.783988999999565, 19805.127228840756], [23.206582499999058, 19802.1515604476], [23.643111500001396, 19795.27633847658], [25.272896700000274, 19795.162274867427], [25.806327499998588, 19787.41329578183]]",81dbbcb06942419706f3,562.0,0.0012962000000698026,0.8877769000464468,58.87118420003026,"{""interior"": 124, ""fronteira"": 143, ""liberacao"": 161, ""regret"": 134}","{""interior"": 4, ""fronteira"": 10, ""liberacao"": 21, ""regret"": 6}",,,,,
,0.5776352000066254,0.11352049999914016,,,,,uniforme_m30_n150_r3.0_s1002,uniforme,3.0,30,150,clns:aprendido,19922.73746928102,True,-1,0,60.0,60.05969180000102,0.059691800001019146,,,,,,,,20469.52760237707,19182.2644885139,gap,"[[0.11466409999775351, 33554.968442763886], [0.1736944999975094, 31283.68513201479], [0.20741649999763467, 28903.40508618732], [0.2364103999971121, 27071.50467249759], [0.30376799999794457, 24094.56172430132], [0.35221199999796227, 22750.042862281836], [2.432649299997138, 20124.009059170632], [5.005747499999416, 20108.986281762307], [6.142017899997882, 20027.59309273669], [6.254425699997228, 20004.051140566233], [6.456371399999625, 19925.998252900754], [6.597711599999457, 19922.73746928102]]",81dbbcb06942419706f3,146.0,0.0011430000013206154,0.8030926999927033,59.09581799998705,"{""interior"": 13, ""fronteira"": 16, ""liberacao"": 42, ""regret"": 75}","{""interior"": 1, ""fronteira"": 6, ""liberacao"": 4, ""regret"": 0}",,,,,
,0.0,0.13051740000082646,,,,,uniforme_m30_n150_r3.0_s1002,uniforme,3.0,30,150,clns:dual,19885.455048698237,True,-1,0,60.0,59.965563399997336,0.0,,,,,,,,20469.52760237707,19182.2644885139,gap,"[[0.1318767000011576, 33554.968442763886], [0.18466959999932442, 31987.22009673704], [0.21139499999844702, 29058.286764462686], [0.2597728000000643, 28896.129792761403], [0.2974826999998186, 28887.96569082224], [1.0062609000015073, 27127.87470064534], [1.0403594999988854, 27095.349801001707], [1.0818288000009488, 27091.908351179485], [1.1507234999990033, 27088.492451905047], [1.2648302000015974, 27060.87723536156], [1.3698141999993823, 26123.280785973504], [1.39919910000026, 26104.39799783811], [1.4145048999998835, 24425.915793756794], [1.4269892000011168, 24424.081062071014], [1.4429053999992902, 24416.710326127148], [1.4603185999985726, 24412.643663657447], [2.3044852999992145, 22087.797683815632], [2.3194264999983716, 22061.414314230304], [2.3310673000014503, 21976.695035719964], [2.3409186999997473, 21967.053427050327], [2.355251599998155, 21958.016757382804], [2.3695092000016302, 21953.993930086224], [3.759105400000408, 21502.54120517212], [3.8833326999993005, 21497.48586990724], [4.97275929999887, 21493.596178003536], [5.2565069000011135, 21482.764798913056], [5.813123899999482, 20426.805463215205], [8.614019500000722, 20420.819374298735], [13.008145899999363, 20264.337719521645], [16.297474399998464, 20253.378160061704], [19.247365499999432, 20212.541202244454], [22.998672500001703, 20206.14239128936], [31.001182700001664, 20060.063599717032], [31.032258399998682, 20059.570322768057], [31.10864969999966, 20049.733289352465], [31.179942700000538, 20039.113103339092], [31.294959599999856, 20038.919136761127], [31.607118299998547, 19996.598350208646], [31.959574199998315, 19994.228578802817], [32.18519699999888, 19944.132962538075], [32.233080099998915, 19938.653727115554], [35.95470220000061, 19932.636932329504], [36.33947790000093, 19927.572393917362], [46.206106000001455, 19906.54061718689], [46.261374000001524, 19904.571974326995], [46.72981399999844, 19894.79606264238], [51.197237600001245, 19893.69319980063], [52.145349099999294, 19890.913326922047], [59.61326790000021, 19885.455048698237]]",81dbbcb06942419706f3,461.0,0.0013585999986389652,0.7846174999904179,58.94393869994019,"{""interior"": 69, ""fronteira"": 42, ""liberacao"": 78, ""regret"": 272}","{""interior"": 6, ""fronteira"": 2, ""liberacao"": 22, ""regret"": 18}",,,,,
,0.0,0.14657870000155526,,,,,uniforme_m30_n150_r3.0_s1002,uniforme,3.0,30,150,clns:rotacao,20148.426375197745,True,-1,0,60.0,59.975238200000604,0.0,,,,,,,,20469.52760237707,19182.2644885139,gap,"[[0.14879590000055032, 33554.968442763886], [0.19624520000070333, 33449.80792817176], [0.23407100000258652, 30119.736654834982], [0.37455920000138576, 26527.74446613187], [0.5786748000027728, 26480.43514441701], [0.9883015000013984, 25519.085615924218], [1.0035052000021096, 25506.62409291471], [1.0402840000024298, 25105.877909378807], [1.9988540000013018, 25104.87182029776], [2.0813062000015634, 22520.211505063555], [2.1243833000007726, 22511.342562654187], [2.3852114000001166, 21488.186397472673], [2.4004748000006657, 21454.193750310344], [2.433025500002259, 21422.351832032524], [2.5308186000002024, 21388.58795880517], [3.0065040000008594, 21367.51663284172], [3.9950110999998287, 21206.11332206914], [4.011511200002133, 21111.28101487642], [4.038012100001652, 21068.476961189575], [4.9915276000028825, 20739.122698939595], [5.008559000001696, 20718.812834187785], [5.046918399999413, 20688.24226232974], [7.984933400002774, 20671.23951687986], [8.565252800002781, 20636.14691152869], [10.069779400000698, 20624.593819360533], [11.991362700002355, 20457.644376850094], [12.00683349999963, 20436.640528998552], [12.017622900002607, 20427.266832957375], [12.368145000000368, 20371.943092392306], [12.389440300001297, 20370.36051703897], [12.406471500002226, 20359.865627875406], [13.012002300001768, 20342.89864146399], [13.026550200000202, 20333.52494542281], [13.171854899999744, 20317.11202377158], [13.183582300000126, 20291.264336767606], [13.204789700001129, 20257.822897044247], [14.291418000000704, 20213.076768720173], [15.898734100002912, 20184.343820890925], [16.05136169999969, 20175.650878226013], [16.182858300002408, 20174.31270163114], [16.233920900001976, 20172.339345388533], [16.38568330000271, 20169.148871543097], [16.52855450000061, 20162.626310595006], [22.630967000000965, 20151.585231472116], [45.99710380000033, 20148.426375197745]]",81dbbcb06942419706f3,383.0,0.0022157000021252315,0.5722155999865208,59.15991479998411,"{""interior"": 96, ""fronteira"": 96, ""liberacao"": 96, ""regret"": 95}","{""interior"": 5, ""fronteira"": 13, ""liberacao"": 17, ""regret"": 9}",,,,,
,,,,0.13812770000004093,56.857429100000445,0.003998600001068553,uniforme_m30_n150_r3.0_s1002,uniforme,3.0,30,150,completo,19934.606445487978,True,-1,0,60.0,56.99965819999852,0.0,0.0,1.0,1.0,False,False,,355.0,20469.52760237707,19182.2644885139,gap,"[[0.33447890000024927, 54738.431783648324], [2.312501799999154, 28876.46104001791], [2.62524680000206, 26353.088605430934], [2.626987100000406, 24148.617250439867], [5.481141899999784, 21720.115344313945], [6.118313200000557, 20628.446668924353], [6.163227100001677, 20484.203709115634], [6.164991900001041, 20479.038328219554], [6.168044300000474, 20473.905397400024], [33.94515369999863, 20469.527602377082], [45.05249929999991, 20341.79628716915], [47.51304100000198, 20096.571153718443], [47.6000724000005, 20057.672936898056], [47.72766440000123, 19992.903360695273], [55.65789700000096, 19934.606445487985]]",81dbbcb06942419706f3,,,,,,,,,,,
,,,,,,,uniforme_m30_n150_r3.0_s1002,uniforme,3.0,30,150,ingenua,24198.29071569583,True,-1,0,60.0,4.489731400000892,0.0,,,,,,,,20469.52760237707,19182.2644885139,gap,"[[4.489707799999451, 24198.29071569583]]",81dbbcb06942419706f3,,,,,,,False,164.71620734860062,25702.622592096446,23993.370161334708,
,,,,,,,uniforme_m30_n150_r3.0_s1002,uniforme,3.0,30,150,lns,19885.598839228667,True,-1,0,60.0,60.016642099999444,0.016642099999444326,0.0,1.0,1.0,False,False,,0.0,20469.52760237707,19182.2644885139,gap,"[[1.6786897999991197, 22972.510858833237], [1.8586643999988155, 22952.87644270331], [9.660968799998955, 22908.77278248353], [10.71110779999799, 22691.91704402835], [11.260769399999845, 22259.585729839564], [11.734007299997756, 21960.4711434217], [13.497759899997618, 21886.941347404307], [14.808003300000564, 21451.448354246917], [14.998836700000538, 20706.26482207645], [17.268744900000456, 20616.20813520043], [17.38802769999893, 20613.35901382997], [18.413006499999028, 20471.584849780247], [22.619420600000012, 20260.85219665875], [23.01149609999993, 20250.46095557783], [25.315420099999756, 20225.470260682217], [27.819932799997332, 20140.098877861736], [29.632997400000022, 20086.13638622348], [33.362516699999105, 20036.56839706656], [33.71288409999761, 19942.383532439577], [35.2002399999983, 19930.5600298625], [35.69491819999894, 19912.40498310059], [40.54772410000078, 19885.598839228667]]",81dbbcb06942419706f3,,,,,,,,,,,60.016637799999444
,,,,0.17807040000116103,51.815273699998215,0.0026556999982858542,uniforme_m30_n150_r3.0_s1002,uniforme,3.0,30,150,warm_classico,19934.850333404982,True,-1,0,60.0,58.046571500002756,0.0,6.050484500003222,2.0,1.0,False,False,,276.0,20469.52760237707,19182.2644885139,gap,"[[1.6749460000028193, 22972.510858833237], [1.8579396000022825, 22952.87644270331], [6.240536300003441, 22952.876442703324], [11.361123500006215, 21720.115344313945], [12.020806500004255, 20628.446668924353], [12.098374700006389, 19944.188033255625], [49.455965100005415, 19934.850333404986]]",81dbbcb06942419706f3,,,,,,,,,,,6.0504767000020365
0.001815700001316145,0.009019400000397582,0.13287539999873843,0.007160799996199785,0.35947549999764306,58.46017690000372,0.010763200007204432,uniforme_m30_n150_r3.0_s1003,uniforme,3.0,30,150,adaptativa:gnn,20413.253955355867,True,0,0,60.0,58.982516100000794,0.0,0.14375120000113384,4.0,1.0,True,False,,578.0,21229.47300315747,20063.219966013352,gap,"[[0.22152340000320692, 22020.633263243642], [0.31611270000212244, 21960.934928326962], [0.6969558000018878, 21738.28228201262], [0.7078049000010651, 21718.538274725925], [3.443773599999986, 20840.221444016075], [9.441847600002802, 20685.18913190889], [10.460551300002408, 20668.374627760517], [10.463832500001445, 20666.277525054502], [10.46587090000321, 20662.182048348724], [14.759623800000554, 20653.42385805075], [14.762758500000928, 20650.32072233424], [14.764717800000653, 20645.890365800606], [15.04907860000094, 20645.890365800606], [25.067886400000134, 20413.253955355853], [26.156694700002845, 20413.253955355853], [34.11855790000118, 20413.253955355853]]",81dbbcb06942419706f3,,,,,,,,,,,
,0.0,0.18027210000218474,,,,,uniforme_m30_n150_r3.0_s1003,uniforme,3.0,30,150,clns:aleatorio,20381.574038274834,True,-1,0,60.0,59.983781899998576,0.0,,,,,,,,21229.47300315747,20063.219966013352,gap,"[[0.18245870000100695, 25625.458280613813], [0.9928075999996508, 24041.632881203077], [1.028020199999446, 24036.697486157078], [1.0857016000009025, 24025.994584198903], [1.473200700002053, 24015.879516720015], [1.532223400001385, 24008.374088218217], [1.722573300001386, 24000.321377412787], [1.757496500002162, 23951.500219816895], [1.9483297000006132, 20662.584699912608], [2.27889050000158, 20650.452222130378], [2.934007899999415, 20566.930445832564], [3.3297999999995227, 20468.70675497927], [3.4870528999999806, 20460.00493930871], [3.6109337999987474, 20402.191867394933], [3.716227799999615, 20390.607759957136], [3.940213500001846, 20390.334084407634], [4.002980100001878, 20381.574038274834]]",81dbbcb06942419706f3,759.0,0.0021858999971300364,1.0709237999653851,58.56714110001121,"{""interior"": 279, ""fronteira"": 226, ""liberacao"": 170, ""regret"": 84}","{""interior"": 1, ""fronteira"": 8, ""liberacao"": 6, ""regret"": 1}",,,,,
,0.0,0.15003119999892078,,,,,uniforme_m30_n150_r3.0_s1003,uniforme,3.0,30,150,clns:alns,21101.982594614718,True,-1,0,60.0,59.991980499999045,0.0,,,,,,,,21229.47300315747,20063.219966013352,gap,"[[0.1511882999984664, 25625.458280613813], [0.2185615999987931, 25620.52288556781], [0.26151690000187955, 25599.404454338874], [0.3768920000002254, 24094.389553126934], [0.3888635000002978, 24081.310539240796], [0.40157259999978123, 24063.498280307307], [0.4243916999985231, 24056.138035378997], [0.9944107000010263, 22631.94117736171], [1.0195409000007203, 22567.298409216724], [1.0328030999990006, 22545.66768412965], [1.055538600001455, 22542.626232966173], [1.0909792999991623, 21564.809756071918], [2.065865799999301, 21476.088130484895], [2.0751697000014246, 21461.227038013385], [11.068666499999381, 21453.72160951159], [11.117869500001689, 21428.81533768758], [11.400317899999209, 21369.899642358556], [11.702947500001756, 21363.293219940333], [14.958986900001037, 21361.154097600105], [15.988611400000082, 21299.381282182385], [16.55103180000151, 21250.310475886054], [18.98924640000041, 21242.410576883987], [19.02417609999975, 21240.39285245994], [20.491946199999802, 21228.336166744484], [21.277015600000595, 21225.7033910003], [21.30533529999957, 21219.153714055985], [23.055408299998817, 21189.813021860256], [25.20777960000123, 21189.407720996183], [25.406063200000062, 21121.296097631806], [30.24725269999908, 21119.499825146864], [30.26970540000184, 21119.168773752073], [36.64978250000058, 21115.153949279207], [36.6793488000003, 21108.435407610275], [36.712149599999975, 21106.612687686364], [36.8979662999991, 21104.621707123988], [38.0350698000002, 21103.55623869491], [45.08488159999979, 21101.982594614718]]",81dbbcb06942419706f3,290.0,0.0011564999986148905,0.2861082999734208,59.485370999973384,"{""interior"": 50, ""fronteira"": 92, ""liberacao"": 50, ""regret"": 98}","{""interior"": 4, ""fronteira"": 13, ""liberacao"": 5, ""regret"": 14}",,,,,
,7.828606900107843,0.30140599999867845,,,,,uniforme_m30_n150_r3.0_s1003,uniforme,3.0,30,150,clns:aprendido,20798.413974643987,True,-1,0,60.0,59.95284130000073,0.0,,,,,,,,21229.47300315747,20063.219966013352,gap,"[[0.3036477999994531, 25625.458280613813], [0.4416349999992235, 21347.72001093708], [0.49425999999948544, 21329.485385870903], [0.5663228999983403, 21289.00204834218], [0.6152669000002788, 21192.251167179526], [0.6661218000008375, 21189.99435683733], [0.7373278999984905, 21185.05896179133], [0.8228123000008054, 21180.526246119643], [1.362283300000854, 21027.537704351682], [1.507611500001076, 20974.577119243062], [7.340070700000069, 20968.444133404206], [8.79205340000044, 20939.231112086156], [15.848573200000828, 20936.978909554786], [35.094082399999024, 20835.725019843656], [37.276936999998725, 20822.527135132674], [37.33318209999925, 20815.10392235149], [37.996663300000364, 20813.31168929813], [39.47837499999878, 20811.514272899316], [41.64858579999782, 20809.801147936392], [41.666831899998215, 20803.588158875446], [49.20299669999804, 20801.31312387354], [52.15975089999847, 20798.413974643987]]",81dbbcb06942419706f3,1557.0,0.0022408000004361384,10.464195200001996,48.813372299944604,"{""interior"": 990, ""fronteira"": 514, ""liberacao"": 27, ""regret"": 26}","{""interior"": 5, ""fronteira"": 9, ""liberacao"": 6, ""regret"": 1}",,,,,
,0.0,0.12598459999935585,,,,,uniforme_m30_n150_r3.0_s1003,uniforme,3.0,30,150,clns:dual,21008.84209846286,True,-1,0,60.0,60.01439870000104,0.014398700001038378,,,,,,,,21229.47300315747,20063.219966013352,gap,"[[0.12783940000008442, 25625.458280613813], [0.21333080000113114, 21347.72001093708], [0.2327590999993845, 21323.577707781165], [0.258807500002149, 21319.720947582653], [0.2716135000009672, 21311.272395004027], [0.30045130000144127, 21308.99898960688], [0.3375636000018858, 21305.082915701707], [0.354729499998939, 21302.360287312833], [0.368984000000637, 21300.94299933027], [0.41995220000171685, 21295.96756434728], [0.43232590000116033, 21254.489906582887], [0.45304550000219024, 21236.84411170659], [0.48337610000089626, 21216.888935253046], [0.5142286000009335, 21210.684315275255], [0.5325771999996505, 21201.982499604695], [0.5840363999996043, 21193.53394702607], [2.029375099999015, 21184.452952797797], [8.068188600002031, 21177.537424753325], [10.03353319999951, 21177.073193992153], [17.642756900000677, 21176.250958734985], [22.171843899999658, 21158.6907488493], [26.004714599999716, 21055.44936209218], [26.088646100000915, 21039.486827947483], [32.076001199999155, 21029.970566410717], [32.6288624000008, 21027.105841655277], [40.41183979999914, 21020.21389026707], [47.13666279999961, 21009.55728733158], [52.183274700000766, 21008.84209846286]]",81dbbcb06942419706f3,156.0,0.0018541999997978564,0.3062879000135581,59.5276745999945,"{""interior"": 46, ""fronteira"": 16, ""liberacao"": 35, ""regret"": 59}","{""interior"": 5, ""fronteira"": 3, ""liberacao"": 5, ""regret"": 14}",,,,,
,0.0,0.14181679999819607,,,,,uniforme_m30_n150_r3.0_s1003,uniforme,3.0,30,150,clns:rotacao,20958.709315155473,True,-1,0,60.0,60.045467500000086,0.04546750000008615,,,,,,,,21229.47300315747,20063.219966013352,gap,"[[0.14291279999815742, 25625.458280613813], [0.1842359000002034, 25618.358183137945], [0.22637000000031549, 25597.86674772957], [0.30373820000022533, 24028.985095535056], [0.7626625999982934, 21209.889410129334], [0.830789999999979, 21209.002768829887], [4.051101400000334, 21204.14827638572], [5.050642499998503, 21202.963405965176], [5.066056899999239, 21162.24788468321], [5.706504499998118, 21160.248731338936], [8.125904599997739, 21155.89007485437], [9.090807799999311, 21148.07166519305], [9.470078999998805, 21141.44504945785], [9.519882199998392, 21141.358273843704], [10.075290099997801, 21136.299239239903], [10.170917999999801, 20985.72359084662], [10.254031399999803, 20976.39425147297], [10.264062399997783, 20971.939756096413], [11.726699899998493, 20968.601109192976], [11.929778499998065, 20961.958024060026], [27.62491609999779, 20958.709315155473]]",81dbbcb06942419706f3,483.0,0.001095500003430061,0.8362777999973332,58.952245800021046,"{""interior"": 121, ""fronteira"": 121, ""liberacao"": 121, ""regret"": 120}","{""interior"": 2, ""fronteira"": 8, ""liberacao"": 7, ""regret"": 3}",,,,,
,,,,0.3188644000001659,56.68042890000288,0.0025614999976824038,uniforme_m30_n150_r3.0_s1003,uniforme,3.0,30,150,completo,20967.07310197014,True,-1,0,60.0,57.00195099999837,0.0,0.0,1.0,1.0,False,False,,429.0,21229.47300315747,20063.219966013352,gap,"[[0.6918842999984918, 55207.09605851657], [2.2913866999988386, 26947.460506578584], [3.7076239999987592, 24945.564746390097], [7.386143199997605, 21462.341126486626], [8.30452890000015, 21358.18616728967], [8.321017800000845, 21358.04120263123], [8.325292400000762, 21229.473003157465], [49.75526700000046, 21219.678679515542], [54.233377599997766, 21147.27370229572], [54.355170499999076, 21147.160778116773], [56.42076979999911, 20972.172017946883], [56.4391171999996, 20967.073101970145]]",81dbbcb06942419706f3,,,,,,,,,,,
,,,,,,,uniforme_m30_n150_r3.0_s1003,uniforme,3.0,30,150,ingenua,26658.005689249854,True,-1,0,60.0,12.913473700002214,0.0,,,,,,,,21229.47300315747,20063.219966013352,gap,"[[12.913438399998995, 26658.005689249854]]",81dbbcb06942419706f3,,,,,,,False,368.3941783550512,26085.41364768054,22353.022364489574,
,,,,,,,uniforme_m30_n150_r3.0_s1003,uniforme,3.0,30,150,lns,21347.867374790265,True,-1,0,60.0,60.14958719999777,0.14958719999776804,0.0,1.0,1.0,False,False,,0.0,21229.47300315747,20063.219966013352,gap,"[[1.8237550000012561, 22679.7219037503], [1.9827403999988746, 22626.605338469606], [5.404947800001537, 22580.948672104405], [5.786946300002455, 22485.55607256332], [5.959828099999868, 22461.438117342106], [12.111701800000446, 22450.58616082783], [15.340026000001671, 22311.147966189343], [17.984981400000834, 22112.655232316312], [18.839107499999955, 22099.403626780528], [19.000565199999983, 21587.296404189103], [20.745874799999, 21514.459276534304], [21.598867200002132, 21469.696690725417], [28.675160800001322, 21412.503112955135], [30.716645000000426, 21387.956024449908], [31.198715900001844, 21365.433584675146], [31.429348800000298, 21365.379799165927], [33.263341100002435, 21347.867374790265]]",81dbbcb06942419706f3,,,,,,,,,,,60.14958189999743
,,,,0.17482659999950556,51.798349400000006,0.005170999997062609,uniforme_m30_n150_r3.0_s1003,uniforme,3.0,30,150,warm_classico,21220.38087889726,True,-1,0,60.0,58.00957990000097,0.0,6.03110419999939,2.0,1.0,False,False,,384.0,21229.47300315747,20063.219966013352,gap,"[[2.050112299999455, 22679.7219037503], [2.254374199997983, 22626.605338469606], [6.217055699999037, 22626.6053384696], [11.849394000000757, 21462.341126486626], [45.89730309999868, 21255.92615044344], [45.926898300000175, 21236.78225600574], [57.0439054999988, 21220.38087889726]]",81dbbcb06942419706f3,,,,,,,,,,,6.031095700000151
