instancia,familia,razao,m,n,metodo,objetivo,valida,seed_treino,seed_solver,orcamento,t_total,estouro_s,rotulo_melhor,rotulo_bound,rotulo_qualidade,trajetoria,t_parede_s,t_cpu_s,razao_cpu,contencao_suspeita,carga_sistema_pct,pico_mem_mb,nucleo,nos,certificado,fracao_final,estagios,run_id,t_adaptativa,obj_adaptativa,iteracoes,subproblemas,nos_scip_adaptativa,tentados,aceitos,t_selecao,t_sub,t_inferencia,repetidos,pulados,t_pl
clusters_m30_n150_r1.5_s2000,clusters,1.5,30,150,adaptativa:gnn,28088.0944676464,True,0,0,60.0,59.2178668,0.0,27851.298437855334,26839.878600691205,gap,"[[0.1986512000003131, 29441.50830385307], [0.5180550999939442, 29146.077649245108], [0.701912499993341, 29109.11537673823], [0.7730560999916634, 29091.041386389577], [0.9536326999950688, 29043.982379688605], [1.0049627999978838, 28959.273288976772], [1.057466199999908, 28879.695410341414], [2.606813799997326, 28633.93115253761], [12.835391399989021, 28101.309459919885], [14.450124499984668, 28101.309459919885], [16.593082799983677, 28088.094467646417], [25.29137739998987, 28088.094467646417], [34.33524309999484, 28088.094467646417]]",59.2178668,58.59375,0.9894606672998224,False,54.9,575.88671875,2,336.0,False,1.0,4.0,f87a27db44006f4d588c,,,,,,,,,,,,,
clusters_m30_n150_r1.5_s2000,clusters,1.5,30,150,adaptativa:pl,27649.70643252186,True,-1,0,60.0,59.1836921,0.0,27851.298437855334,26839.878600691205,gap,"[[0.18715730002440978, 29131.682963507792], [0.753987700023572, 28710.447901634605], [1.463790300025721, 28512.04632224513], [1.464810600024066, 28496.237378692487], [8.98707740001555, 28239.247808112777], [10.595751300017582, 27883.15393953499], [11.189830800023628, 27832.805136197272], [14.237127500004135, 27832.805136197272], [19.41039270001056, 27671.56303778926], [19.413437200011685, 27665.96394879541], [19.420301000005566, 27665.104240401597], [23.015786000003573, 27649.706432521896], [25.248783900009585, 27649.706432521896], [34.4983479000075, 27649.706432521896]]",59.1836921,59.140625,0.9992723147463117,False,47.3,534.65234375,6,812.0,False,1.0,4.0,f87a27db44006f4d588c,,,,,,,,,,,,,
clusters_m30_n150_r1.5_s2000,clusters,1.5,30,150,completo,28651.089911166415,True,-1,0,60.0,57.000391,0.0,27851.298437855334,26839.878600691205,gap,"[[0.30487739999080077, 37012.03904546988], [1.7304268999869237, 33613.63391312234], [1.921646699993289, 30925.140263571077], [1.9989977999939583, 30452.923000998944], [5.556981499990798, 28651.08991116644]]",57.000391,56.640625,0.9936883590851158,False,48.2,711.83984375,2,425.0,False,1.0,1.0,f87a27db44006f4d588c,,,,,,,,,,,,,
clusters_m30_n150_r1.5_s2000,clusters,1.5,30,150,hibrido:rotacao,28065.872813133108,True,-1,0,60.0,59.9850474,0.0,27851.298437855334,26839.878600691205,gap,"[[0.21722560001944657, 29441.50830385307], [0.5347931000287645, 29146.077649245108], [0.7012312000151724, 29109.11537673823], [0.7667275000276277, 29091.041386389577], [0.9271484000200871, 29043.982379688605], [0.9818553000222892, 28959.273288976772], [1.0395720000233268, 28879.695410341414], [2.543848600020283, 28633.93115253761], [8.063919600012014, 28633.93115253761], [14.068136700021569, 28633.93115253761], [18.110127600026317, 28633.93115253761], [23.29293670001789, 28593.132410702758], [30.002934500022093, 28593.132410702736], [32.966934300013236, 28572.498547131436], [33.01831930001208, 28568.27353021754], [34.00200040001073, 28555.417387298316], [35.52607370002079, 28207.4819543878], [38.01731460001611, 28205.33055031189], [38.40389340001275, 28199.962113648675], [41.190299800015055, 28140.360729498945], [41.411034100019606, 28139.457083608424], [41.47808560001431, 28130.03795010979], [43.10073160001775, 28076.283462195883], [43.14773330002208, 28065.872813133108]]",59.9850474,59.796875,0.9968630115644453,False,54.7,681.484375,6,,,,,f87a27db44006f4d588c,30.002524000010453,28593.132410702736,69.0,69.0,89.0,"{""interior"": 18, ""fronteira"": 17, ""liberacao"": 17, ""regret"": 17, ""abertura"": 0}","{""interior"": 2, ""fronteira"": 3, ""liberacao"": 3, ""regret"": 3, ""abertura"": 0}",0.06591010002011899,29.36630259999947,0.0,10.0,0.0,
clusters_m30_n150_r1.5_s2000,clusters,1.5,30,150,hibrido:rotacao,28147.188653574267,True,-1,1,60.0,59.9998888,0.0,27851.298437855334,26839.878600691205,gap,"[[0.44041809998452663, 29441.50830385307], [0.7893116999912309, 29117.189242517557], [0.9597543999843765, 29106.541185916925], [1.0261492999852635, 29091.041386389577], [1.231473099993309, 29025.695443047083], [1.283302999989246, 28959.273288976772], [1.3397248999826843, 28879.695410341414], [2.998578799990355, 28614.577475211394], [7.138185500007239, 28614.577475211394], [13.091668499997468, 28614.577475211394], [17.10592529999849, 28614.577475211394], [30.00052850000793, 28614.57747521137], [30.031773700000485, 28610.614372494223], [30.088582500000484, 28609.852259593295], [33.00081660000433, 28580.931796264136], [33.38880600000266, 28563.253536004515], [33.409407500003, 28559.835397565075], [34.00391420000233, 28158.03017160503], [34.40058560000034, 28157.973902834743], [35.68146720000368, 28156.510905122333], [35.99563940000371, 28155.47008255959], [36.997163000007276, 28151.767520768335], [37.036641300001065, 28149.875242955037], [46.01003670001228, 28147.934286857497], [47.18191350001143, 28147.188653574267]]",59.9998888,59.8125,0.9968768475450908,False,48.0,613.12109375,4,,,,,f87a27db44006f4d588c,30.00033640000038,28614.57747521137,90.0,90.0,67.0,"{""interior"": 23, ""fronteira"": 23, ""liberacao"": 22, ""regret"": 22, ""abertura"": 0}","{""interior"": 3, ""fronteira"": 6, ""liberacao"": 2, ""regret"": 2, ""abertura"": 0}",0.0631747000006726,29.91160399999353,0.0,28.0,0.0,
clusters_m30_n150_r1.5_s2000,clusters,1.5,30,150,hibrido:rotacao,27991.037178225404,True,-1,2,60.0,60.0186513,0.018651300000001925,27851.298437855334,26839.878600691205,gap,"[[0.22777740001038183, 29441.50830385307], [0.5470255000109319, 29146.077649245108], [0.7184587000083411, 29106.541185916925], [0.7850022000056924, 29091.041386389577], [0.9479666000115685, 29043.982379688605], [0.999433200006024, 28959.273288976765], [1.0561879000160843, 28879.69541034143], [2.6633827000041492, 28662.41601872847], [8.152063700006693, 28662.41601872847], [10.568489500001306, 28651.408547672225], [14.10675020000781, 28651.408547672225], [17.120697599995765, 28649.137564214914], [18.313135300006252, 28649.137564214914], [30.0139891999861, 28649.13756421489], [30.595106299995678, 28639.288028180126], [31.012944299989613, 28378.427815773393], [31.60868939998909, 28113.407689936], [31.67485769999621, 28112.83232648485], [32.30888879999111, 28102.718426008087], [33.45111469998665, 28101.88803225727], [34.206816699996125, 28081.45756989198], [34.95970699998725, 28009.183357006947], [35.73947029998817, 28006.65594996949], [36.45444829999178, 28002.980761341794], [39.01636919999146, 27998.606258187287], [39.66809789999388, 27997.541515260316], [44.7103603999858, 27992.67045665379], [45.28711709998606, 27991.037178225404]]",60.0186513,60.015625,0.9999495773408024,False,48.0,681.484375,6,,,,,f87a27db44006f4d588c,30.01379729999462,28649.13756421489,130.0,130.0,62.0,"{""interior"": 33, ""fronteira"": 33, ""liberacao"": 32, ""regret"": 32, ""abertura"": 0}","{""interior"": 3, ""fronteira"": 7, ""liberacao"": 4, ""regret"": 0, ""abertura"": 0}",0.09690579990274273,29.876190300085,0.0,30.0,0.0,
clusters_m30_n150_r1.5_s2000,clusters,1.5,30,150,hibridopl:rotacao,27740.388819010554,True,-1,0,60.0,60.1916572,0.19165720000000164,27851.298437855334,26839.878600691205,gap,"[[0.19335960000171326, 29131.682963507792], [0.7646495000080904, 28710.447901634605], [1.4697610000002896, 28512.04632224513], [1.4708124000026146, 28496.237378692487], [7.2399562999926275, 28496.237378692487], [8.565352199992049, 28393.694534333077], [8.568113699991954, 28332.415062307588], [8.570300799998222, 28302.976963906585], [13.254201699994155, 28302.976963906585], [17.428473000007216, 28302.976963906585], [29.19001950000529, 28302.976963906553], [30.16367780001019, 28233.052119690205], [31.19243650000135, 28101.18459765869], [31.406630500001484, 28087.198298377632], [31.463365900010103, 27985.50683766997], [31.525821800009, 27981.329302504822], [32.186121600010665, 27936.492463018672], [32.31525560001319, 27904.837675363444], [32.365895800001454, 27873.811277242963], [32.468585000009625, 27840.383404120144], [32.64769970001362, 27829.76380519491], [32.67383340001106, 27822.386299948645], [34.713927100005094, 27799.338413794623], [34.76494820001244, 27790.790137288193], [34.80451050000556, 27786.963353854928], [35.062249800001155, 27786.24628344003], [35.1049081000092, 27782.38576980315], [35.36886260000756, 27780.01477671617], [35.58987710000656, 27779.49777147731], [35.84470740001416, 27772.73410769852], [38.19554360001348, 27746.49354452522], [40.53892470001301, 27745.052176276607], [40.793092000007164, 27744.135968263123], [41.09359720001521, 27744.030925024228], [44.18556390001322, 27740.388819010554]]",60.1916572,59.9375,0.9957775344321306,False,47.2,494.83984375,4,,,,,f87a27db44006f4d588c,29.18979040000704,28302.976963906553,134.0,134.0,45.0,"{""interior"": 34, ""fronteira"": 34, ""liberacao"": 33, ""regret"": 33, ""abertura"": 0}","{""interior"": 4, ""fronteira"": 7, ""liberacao"": 8, ""regret"": 5, ""abertura"": 0}",0.0982687000214355,30.68678429996362,0.0,40.0,0.0,
clusters_m30_n150_r1.5_s2000,clusters,1.5,30,150,hibridopl:rotacao,27606.7149553555,True,-1,1,60.0,59.9938552,0.0,27851.298437855334,26839.878600691205,gap,"[[0.18578910001087934, 29131.682963507792], [1.6374814000009792, 28478.488790579886], [1.638447500008624, 28397.228905993677], [1.6438862000068184, 27978.89766796143], [7.1497927000018535, 27917.448732047917], [7.151090200000908, 27850.226370055643], [8.213518900010968, 27850.226370055643], [9.630156400002306, 27816.22254572006], [9.631039300002158, 27800.794659160765], [9.926629499997944, 27800.794659160725], [12.736355200002436, 27629.06245810775], [14.056771600007778, 27629.062458107783], [18.10625860001892, 27629.062458107783], [30.00161740000476, 27629.062458107757], [30.995892400009325, 27627.00191406368], [32.360690900008194, 27624.067747469748], [32.82306800001243, 27621.82408187958], [33.28499460000603, 27621.756193902387], [33.99261860000843, 27620.953927069957], [42.08486560000165, 27619.545516379454], [44.305184400000144, 27608.909663429935], [44.31387710000854, 27607.69054639509], [44.970810200000415, 27606.7149553555]]",59.9938552,59.515625,0.9920286802972449,False,54.7,554.90625,4,,,,,f87a27db44006f4d588c,30.00126080001064,27629.062458107757,194.0,194.0,110.0,"{""interior"": 49, ""fronteira"": 49, ""liberacao"": 48, ""regret"": 48, ""abertura"": 0}","{""interior"": 2, ""fronteira"": 5, ""liberacao"": 0, ""regret"": 2, ""abertura"": 0}",0.1597333999670809,29.777117099933093,0.0,102.0,0.0,
clusters_m30_n150_r1.5_s2000,clusters,1.5,30,150,hibridopl:rotacao,27606.173834812605,True,-1,2,60.0,59.9686225,0.0,27851.298437855334,26839.878600691205,gap,"[[0.20471250000991859, 29131.682963507792], [1.541061100011575, 28786.881446216466], [1.550529700019979, 28773.900535383233], [1.5594852000067476, 28261.93423057821], [5.386261000006925, 28008.36577536228], [7.239407900007791, 28008.36577536228], [8.593848800010164, 27788.369247381026], [8.594880200005719, 27786.07503832802], [8.60342290000699, 27778.00822614268], [8.901049400010379, 27778.008226142643], [12.316381800003, 27618.071892338176], [13.251441300002625, 27618.07189233822], [17.460684300007415, 27618.07189233822], [29.19132319999335, 27618.07189233818], [29.926992699998664, 27616.661295960806], [30.19120479999401, 27614.400153033115], [31.756592799996724, 27613.330238194514], [32.341243699993356, 27612.68187512657], [36.18518570000015, 27611.805106837397], [36.98021029999654, 27611.528177410226], [38.42613350000465, 27606.173834812605]]",59.9686225,59.875,0.9984388085619276,False,47.2,528.6875,2,,,,,f87a27db44006f4d588c,29.191142800002126,27618.07189233818,225.0,225.0,102.0,"{""interior"": 57, ""fronteira"": 56, ""liberacao"": 56, ""regret"": 56, ""abertura"": 0}","{""interior"": 1, ""fronteira"": 4, ""liberacao"": 2, ""regret"": 0, ""abertura"": 0}",0.17221819995029364,30.377018300059717,0.0,139.0,0.0,
clusters_m30_n150_r1.5_s2000,clusters,1.5,30,150,kernel,27835.62389298972,True,-1,0,60.0,57.9957258,0.0,27851.298437855334,26839.878600691205,gap,"[[0.188300399997388, 29441.50830385307], [0.5120190000016009, 29146.077649245108], [0.6829886000050465, 29109.11537673823], [0.7492626000021119, 29091.041386389577], [0.911505500000203, 29043.982379688605], [0.9697853999969084, 28959.273288976772], [1.0196565999940503, 28879.695410341414], [2.4077198000013595, 28633.93115253761], [12.861336799993296, 28101.309459919885], [15.566683399985777, 28101.309459919885], [19.98226249999425, 27923.163895950987], [19.984376499982318, 27903.24177119438], [20.001375999985612, 27835.62389298976]]",57.9957258,57.578125,0.9927994555764315,False,45.1,788.5390625,2,369.0,,0.5333333333333333,2.0,f87a27db44006f4d588c,,,,,,,,,,,,,0.05087629999616183
clusters_m30_n150_r1.5_s2001,clusters,1.5,30,150,adaptativa:gnn,28018.726754206327,True,0,0,60.0,58.9973141,0.0,28090.131828767077,26562.995451132047,gap,"[[0.23517420000280254, 28613.155762201295], [1.9640554999932647, 28031.51770913507], [15.263696900001378, 28031.51770913507], [16.74044409999624, 28018.72675420634], [26.069376600004034, 28018.72675420634], [35.10641010000836, 28018.72675420634]]",58.9973141,58.96875,0.9995158406711264,False,41.2,805.64453125,6,350.0,False,1.0,4.0,f87a27db44006f4d588c,,,,,,,,,,,,,
clusters_m30_n150_r1.5_s2001,clusters,1.5,30,150,adaptativa:pl,26881.255763730846,True,-1,0,60.0,58.9825347,0.0,28090.131828767077,26562.995451132047,gap,"[[0.3874260000011418, 36358.11157553519], [2.1089262000023155, 26881.255763730835], [15.045611400011694, 26881.255763730835], [26.04839899999206, 26881.255763730835], [35.093272399986745, 26881.255763730835]]",58.9825347,58.921875,0.9989715650521204,False,44.2,790.57421875,4,244.0,False,1.0,4.0,f87a27db44006f4d588c,,,,,,,,,,,,,
clusters_m30_n150_r1.5_s2001,clusters,1.5,30,150,completo,28061.562354153168,True,-1,0,60.0,56.9984669,0.0,28090.131828767077,26562.995451132047,gap,"[[0.2760068999923533, 34220.94610963671], [1.583752499995171, 31860.383519300496], [2.4589714000030654, 31625.036622772088], [2.549138000002131, 31018.322291401833], [2.6712383999984013, 30838.600634017133], [2.758097900004941, 30801.635299884823], [5.318753500003368, 28106.94041248103], [20.055824700000812, 28090.131828767073], [45.315964099994744, 28061.562354153168]]",56.9984669,56.96875,0.9994786368543537,False,40.3,869.3515625,4,383.0,False,1.0,1.0,f87a27db44006f4d588c,,,,,,,,,,,,,
clusters_m30_n150_r1.5_s2001,clusters,1.5,30,150,hibrido:rotacao,27212.233367080193,True,-1,0,60.0,60.0024268,0.0024268000000020606,28090.131828767077,26562.995451132047,gap,"[[0.21166340001218487, 28613.155762201295], [1.922051100016688, 28031.51770913507], [8.068588100009947, 28031.51770913507], [9.534140100018703, 28018.72675420634], [14.19184280000627, 28018.72675420634], [18.11168329999782, 28018.72675420634], [30.005879000003915, 28018.726754206327], [31.007067400001688, 27223.08323391457], [31.679883099990548, 27219.762499426466], [33.13311809999868, 27219.37560226408], [33.557753599990974, 27214.434602145222], [35.93849030000274, 27212.711047576242], [43.04492610000307, 27212.233367080193]]",60.0024268,59.96875,0.9994387427009869,False,40.4,805.64453125,6,,,,,f87a27db44006f4d588c,30.005681900001946,28018.726754206327,202.0,202.0,65.0,"{""interior"": 51, ""fronteira"": 51, ""liberacao"": 50, ""regret"": 50, ""abertura"": 0}","{""interior"": 2, ""fronteira"": 2, ""liberacao"": 2, ""regret"": 0, ""abertura"": 0}",0.14893349999329075,29.80506879996392,0.0,120.0,0.0,
clusters_m30_n150_r1.5_s2001,clusters,1.5,30,150,hibrido:rotacao,27209.47481436766,True,-1,1,60.0,60.0011148,0.001114800000003413,28090.131828767077,26562.995451132047,gap,"[[0.2125075000221841, 28613.155762201295], [1.8900722000107635, 28054.892076918466], [8.067490300018108, 28054.892076918466], [9.740657800008194, 28017.38011234949], [14.06560710001213, 28017.38011234949], [18.10415070000454, 28017.38011234949], [30.00361289999273, 28017.380112349478], [30.262934099999256, 28015.656557780498], [30.41526999999769, 28011.879966005534], [30.72048019999056, 28002.969992238948], [30.996899799996754, 27664.919449431996], [32.00351999999839, 27216.75549862495], [33.77701769999112, 27216.477092033147], [35.16338779999933, 27209.47481436766]]",60.0011148,59.90625,0.9984189493759206,False,40.4,821.06640625,2,,,,,f87a27db44006f4d588c,30.003426700001,28017.380112349478,247.0,247.0,71.0,"{""interior"": 62, ""fronteira"": 62, ""liberacao"": 62, ""regret"": 61, ""abertura"": 0}","{""interior"": 0, ""fronteira"": 4, ""liberacao"": 1, ""regret"": 2, ""abertura"": 0}",0.18006359989522025,29.767424799967557,0.0,192.0,0.0,
clusters_m30_n150_r1.5_s2001,clusters,1.5,30,150,hibrido:rotacao,26898.500096357824,True,-1,2,60.0,59.9976913,0.0,28090.131828767077,26562.995451132047,gap,"[[0.2105909999954747, 28613.155762201295], [2.1670328000036534, 28018.576214216308], [8.060852400012664, 28018.576214216308], [14.257573900002171, 28018.576214216308], [18.114982900005998, 28018.576214216308], [30.000125400008983, 28018.5762142163], [30.04876420000801, 28010.14705645527], [30.346834700001637, 28001.237082688684], [30.75351110000338, 26987.986709627978], [30.810426200012444, 26957.831573876658], [31.339543100009905, 26957.444676714273], [32.19009630000801, 26955.721122145293], [33.920836800010875, 26952.0106495003], [36.48865050000313, 26945.457924434442], [39.00055190001149, 26915.518374520267], [39.17585300000792, 26900.766737440048], [41.78637580000213, 26898.500096357824]]",59.9976913,59.953125,0.9992571997516178,False,40.0,805.64453125,6,,,,,f87a27db44006f4d588c,29.99993400000676,28018.5762142163,118.0,118.0,77.0,"{""interior"": 30, ""fronteira"": 30, ""liberacao"": 29, ""regret"": 29, ""abertura"": 0}","{""interior"": 2, ""fronteira"": 4, ""liberacao"": 3, ""regret"": 2, ""abertura"": 0}",0.08623260002059396,29.882597900170367,0.0,54.0,0.0,
clusters_m30_n150_r1.5_s2001,clusters,1.5,30,150,hibridopl:rotacao,26880.174963515292,True,-1,0,60.0,59.9720146,0.0,28090.131828767077,26562.995451132047,gap,"[[0.6979924999905052, 36358.11157553519], [2.4463297999900533, 26881.255763730835], [7.058278099997551, 26881.255763730835], [13.068093600013526, 26881.255763730835], [17.109781099992688, 26881.255763730835], [30.004950899994583, 26881.255763730846], [35.16275589998986, 26880.174963515292]]",59.9720146,59.921875,0.999163950046794,False,40.0,872.32421875,4,,,,,f87a27db44006f4d588c,30.00476769999659,26881.255763730846,148.0,148.0,45.0,"{""interior"": 37, ""fronteira"": 37, ""liberacao"": 37, ""regret"": 37, ""abertura"": 0}","{""interior"": 1, ""fronteira"": 0, ""liberacao"": 0, ""regret"": 0, ""abertura"": 0}",0.10236319998512045,29.832269500067923,0.0,103.0,0.0,
clusters_m30_n150_r1.5_s2001,clusters,1.5,30,150,hibridopl:rotacao,26879.248509420206,True,-1,1,60.0,59.9977511,0.0,28090.131828767077,26562.995451132047,gap,"[[0.22408509999513626, 36358.11157553519], [1.8521138000069186, 26886.112856568292], [8.057372800001758, 26886.112856568292], [14.066500400018413, 26886.112856568292], [18.337579000013648, 26886.112856568292], [29.999877900001593, 26886.112856568303], [30.02863289999368, 26885.140278357125], [30.88483300000371, 26882.469279124016], [32.941683800003375, 26881.254376400164], [33.39860069999122, 26879.248509420206]]",59.9977511,59.96875,0.9995166302158283,False,40.0,821.06640625,2,,,,,f87a27db44006f4d588c,29.999704400004703,26886.112856568303,170.0,170.0,19.0,"{""interior"": 43, ""fronteira"": 43, ""liberacao"": 42, ""regret"": 42, ""abertura"": 0}","{""interior"": 1, ""fronteira"": 3, ""liberacao"": 0, ""regret"": 0, ""abertura"": 0}",0.12296320003224537,29.838247700157808,0.0,127.0,0.0,
clusters_m30_n150_r1.5_s2001,clusters,1.5,30,150,hibridopl:rotacao,26875.638098511543,True,-1,2,60.0,60.0261389,0.02613889999999941,28090.131828767077,26562.995451132047,gap,"[[0.45309609999821987, 36358.11157553519], [1.8678878999926383, 26906.108429762167], [7.09505979999085, 26906.108429762167], [8.810619999989285, 26891.144555270526], [13.094795499986503, 26891.144555270526], [17.13131319999229, 26891.144555270526], [30.027221199998166, 26891.144555270534], [30.872557800001232, 26883.607513347808], [31.39705430000322, 26882.92832074205], [35.20845640001062, 26878.567654400213], [37.02473080001073, 26877.898575063395], [41.782718600006774, 26875.638098511543]]",60.0261389,59.96875,0.9990439348415262,False,41.2,872.32421875,4,,,,,f87a27db44006f4d588c,30.027009199999156,26891.144555270534,107.0,107.0,40.0,"{""interior"": 27, ""fronteira"": 27, ""liberacao"": 27, ""regret"": 26, ""abertura"": 0}","{""interior"": 1, ""fronteira"": 1, ""liberacao"": 3, ""regret"": 0, ""abertura"": 0}",0.07910280002397485,29.893034599954262,0.0,47.0,0.0,
clusters_m30_n150_r1.5_s2001,clusters,1.5,30,150,kernel,28031.517709135056,True,-1,0,60.0,57.9972272,0.0,28090.131828767077,26562.995451132047,gap,"[[0.19111460000567604, 28613.155762201295], [1.926071599998977, 28031.51770913507], [15.410011199986911, 28031.51770913507]]",57.9972272,57.9375,0.9989701714567485,False,44.2,821.06640625,2,327.0,,0.5666666666666667,2.0,f87a27db44006f4d588c,,,,,,,,,,,,,0.04784959999960847
clusters_m30_n150_r1.5_s2002,clusters,1.5,30,150,adaptativa:gnn,29299.213663271086,True,0,0,60.0,59.0088241,0.0,29009.10939121093,27916.065860321607,gap,"[[0.36035960000299383, 39303.65885775509], [10.069040300004417, 35775.838038592665], [10.983857800005353, 30501.920898644443], [11.006390800015652, 29882.803228516164], [14.99814010001137, 29515.02539204979], [15.071039800008293, 29515.02539204979], [20.32422450001468, 29501.07636207042], [21.95599720001337, 29485.084158906837], [26.36008140000922, 29485.084158906837], [34.11040170000342, 29485.084158906837], [39.16831429999729, 29299.213663271083]]",59.0088241,58.96875,0.9993208795360489,False,40.7,821.06640625,2,535.0,False,1.0,4.0,f87a27db44006f4d588c,,,,,,,,,,,,,
clusters_m30_n150_r1.5_s2002,clusters,1.5,30,150,adaptativa:pl,28311.540833701478,True,-1,0,60.0,58.995952,0.0,29009.10939121093,27916.065860321607,gap,"[[0.24255349999293685, 38294.20907788756], [2.9701912000018638, 28326.65831598598], [15.064801299988176, 28326.65831598598], [17.388307599991094, 28311.54083370148], [17.595987199994852, 28311.540833701474], [21.46941999999399, 28311.540833701474], [26.062298899982125, 28311.54083370148], [35.103380499975174, 28311.54083370148]]",58.995952,58.96875,0.9995389175175952,False,40.1,845.22265625,6,289.0,False,1.0,4.0,f87a27db44006f4d588c,,,,,,,,,,,,,
clusters_m30_n150_r1.5_s2002,clusters,1.5,30,150,completo,29180.5031164452,True,-1,0,60.0,57.0032473,0.0,29009.10939121093,27916.065860321607,gap,"[[0.4905157000030158, 34800.17647946364], [1.309973399998853, 33786.50275571327], [1.4270278999902075, 32337.87959840595], [1.5117621999961557, 32136.353364878836], [1.9404844999953639, 30461.377544381055], [2.2712071999994805, 30454.516327452602], [5.869050099994638, 29235.897251037208], [43.992580799997086, 29180.5031164452]]",57.0032473,56.96875,0.9993948186878119,False,40.4,805.64453125,6,320.0,False,1.0,1.0,f87a27db44006f4d588c,,,,,,,,,,,,,
clusters_m30_n150_r1.5_s2002,clusters,1.5,30,150,hibrido:rotacao,28768.28568343685,True,-1,0,60.0,59.9956976,0.0,29009.10939121093,27916.065860321607,gap,"[[0.24453800001356285, 39303.65885775509], [8.215290599997388, 39303.658857755116], [14.061600300017744, 39303.658857755116], [14.174008300018613, 31396.90334154157], [16.561998300006962, 31110.46156870829], [18.106954799994128, 31110.46156870829], [19.66128220000246, 30461.377544381055], [19.980474099997082, 30454.516327452602], [23.368634600003134, 29242.18670494181], [30.00516030001745, 29242.186704941807], [30.032006800014642, 29234.1103280904], [31.001793000017642, 29187.574709804005], [31.048446100016008, 28995.627035138867], [31.064947000020766, 28973.341149305834], [31.615107100020396, 28968.64543285703], [31.684099600010086, 28965.313031697915], [32.13057100001606, 28962.588850296124], [32.9908733000193, 28962.423831240845], [33.85052100001485, 28929.0377070932], [34.99833380001655, 28894.906545979396], [35.009935600013705, 28841.040782825883], [35.05094560001453, 28812.982733034325], [35.81268160001491, 28811.44198674156], [36.10452950000763, 28797.1116361115], [37.17801450000843, 28785.76497304377], [37.375957900017966, 28781.038867281284], [47.209052200007136, 28778.226056802207], [55.26151020001271, 28774.383415314198], [57.724126200017054, 28768.28568343685]]",59.9956976,59.890625,0.9982486644175632,False,40.4,872.32421875,4,,,,,f87a27db44006f4d588c,30.004977600008715,29242.186704941807,127.0,127.0,119.0,"{""interior"": 32, ""fronteira"": 32, ""liberacao"": 32, ""regret"": 31, ""abertura"": 0}","{""interior"": 4, ""fronteira"": 7, ""liberacao"": 5, ""regret"": 3, ""abertura"": 0}",0.09060999991197605,29.868979299950297,0.0,23.0,0.0,
clusters_m30_n150_r1.5_s2002,clusters,1.5,30,150,hibrido:rotacao,28893.441172848634,True,-1,1,60.0,59.9956096,0.0,29009.10939121093,27916.065860321607,gap,"[[0.24920689999999013, 39303.65885775509], [8.061547199991765, 39303.658857755116], [14.061065800007782, 39303.658857755116], [14.163591300006374, 31396.90334154157], [17.707125500004622, 31031.31967752097], [18.360998699994525, 31031.31967752097], [19.907843599983607, 30460.70707430567], [20.231008099988685, 30457.375036514513], [23.75489129999187, 29248.206497171013], [29.991137499993783, 29248.206497171006], [30.138138799986336, 29061.903244660214], [30.72715869998501, 29035.09585639235], [31.359409699987737, 28993.5895420658], [31.562501899985364, 28991.149167112588], [31.992354799993336, 28983.45634094564], [32.45358679998026, 28982.60251471634], [34.15917569998419, 28980.332760647718], [34.512252899992745, 28974.39306477066], [34.99854309998045, 28916.69788088997], [36.9890083999926, 28909.410121611465], [37.05780529999174, 28907.736186493523], [39.4195170999883, 28903.760927785355], [40.989145999992616, 28894.22875373393], [41.14942429999064, 28893.441172848634]]",59.9956096,59.921875,0.9987710000699784,False,40.4,821.06640625,2,,,,,f87a27db44006f4d588c,29.990948099992238,29248.206497171006,178.0,178.0,112.0,"{""interior"": 45, ""fronteira"": 45, ""liberacao"": 44, ""regret"": 44, ""abertura"": 0}","{""interior"": 2, ""fronteira"": 8, ""liberacao"": 3, ""regret"": 1, ""abertura"": 0}",0.12849699999787845,29.836466800086782,0.0,91.0,0.0,
clusters_m30_n150_r1.5_s2002,clusters,1.5,30,150,hibrido:rotacao,28780.3031502347,True,-1,2,60.0,60.0162837,0.016283700000002455,29009.10939121093,27916.065860321607,gap,"[[0.23911389999557287, 39303.65885775509], [1.4659814000042388, 31554.870502183905], [1.4836266999918735, 31548.511554987155], [1.4927958000043873, 30466.936466207942], [6.659915299998829, 30132.1259779797], [6.660858400005964, 30101.31189982059], [8.067355699982727, 30101.31189982059], [9.349156199983554, 29697.664819545724], [9.35003789998882, 29636.190412099557], [9.36464299999352, 29535.908270295116], [14.054579499992542, 29535.908270295116], [18.32829719998699, 29535.908270295116], [23.473927099985303, 29200.66754488182], [29.993658299994422, 29200.667544881824], [30.00910899999144, 29197.97619464851], [30.994522799999686, 29010.43308999762], [31.467063899995992, 29003.938170261845], [31.495597699991777, 29003.91832105479], [32.276029200002085, 28819.572387616518], [32.356638199999, 28811.362937670838], [33.245720599996275, 28797.336510582012], [38.85598690000188, 28792.660643340263], [40.84667729999637, 28789.36482082856], [41.566477799991844, 28784.430031167576], [42.02191519999178, 28781.60057482217], [44.61989089999406, 28780.3031502347]]",60.0162837,59.984375,0.9994683326252005,False,39.9,821.06640625,2,,,,,f87a27db44006f4d588c,29.99348239999381,29200.667544881824,114.0,114.0,176.0,"{""interior"": 29, ""fronteira"": 29, ""liberacao"": 28, ""regret"": 28, ""abertura"": 0}","{""interior"": 4, ""fronteira"": 4, ""liberacao"": 3, ""regret"": 1, ""abertura"": 0}",0.08442769997054711,29.91067790002853,0.0,37.0,0.0,
clusters_m30_n150_r1.5_s2002,clusters,1.5,30,150,hibridopl:rotacao,28290.285308863095,True,-1,0,60.0,59.9980002,0.0,29009.10939121093,27916.065860321607,gap,"[[0.4092590999935055, 38294.20907788756], [3.189214699988952, 28326.65831598598], [7.0645248999935575, 28326.65831598598], [9.359580299991649, 28311.54083370148], [9.563472499983618, 28311.540833701474], [13.06538729998283, 28311.54083370148], [17.104158299975097, 28311.54083370148], [29.997608399993624, 28311.540833701478], [30.129330499999924, 28308.325241267103], [30.45636509999167, 28302.52771480003], [37.455418799989275, 28301.541145215648], [40.995870200000354, 28298.77712558918], [41.623778999986826, 28297.560428360277], [43.951457699993625, 28290.285308863095]]",59.9980002,59.96875,0.999512480417639,False,39.9,872.32421875,4,,,,,f87a27db44006f4d588c,29.997425599998678,28311.540833701478,191.0,191.0,45.0,"{""interior"": 48, ""fronteira"": 48, ""liberacao"": 48, ""regret"": 47, ""abertura"": 0}","{""interior"": 0, ""fronteira"": 5, ""liberacao"": 1, ""regret"": 0, ""abertura"": 0}",0.1333377000701148,29.82664059997478,0.0,107.0,0.0,
clusters_m30_n150_r1.5_s2002,clusters,1.5,30,150,hibridopl:rotacao,28293.047107731414,True,-1,1,60.0,60.0031459,0.0031458999999998127,29009.10939121093,27916.065860321607,gap,"[[0.24910490000911523, 38294.20907788756], [3.729854500008514, 28313.9505286657], [8.073168799994164, 28313.9505286657], [14.072127200008254, 28313.9505286657], [18.349004799994873, 28313.9505286657], [30.006331999989925, 28313.95052866569], [30.460425799989025, 28303.353900932714], [31.09455959998013, 28302.666873675058], [31.182756699985475, 28302.588645529988], [31.998646399981226, 28297.466809149795], [36.0015031999792, 28295.24770198291], [39.153449399993406, 28293.047107731414]]",60.0031459,59.984375,0.9996871680689662,False,40.7,872.32421875,4,,,,,f87a27db44006f4d588c,30.006136899988633,28313.95052866569,170.0,170.0,78.0,"{""interior"": 43, ""fronteira"": 43, ""liberacao"": 42, ""regret"": 42, ""abertura"": 0}","{""interior"": 1, ""fronteira"": 3, ""liberacao"": 1, ""regret"": 1, ""abertura"": 0}",0.12462129998311866,29.833355899958406,0.0,97.0,0.0,
clusters_m30_n150_r1.5_s2002,clusters,1.5,30,150,hibridopl:rotacao,28285.122381220346,True,-1,2,60.0,59.9939085,0.0,29009.10939121093,27916.065860321607,gap,"[[0.2500290999887511, 38294.20907788756], [3.1516175999859115, 28328.118685294692], [8.061266399992746, 28328.118685294692], [10.39377670000249, 28315.419834723532], [10.618238999988534, 28315.41983472353], [14.071862299999339, 28315.419834723532], [18.327046000005794, 28315.419834723532], [29.99596620000375, 28315.41983472353], [30.993564100004733, 28307.613704074858], [34.99522330000764, 28304.06046509561], [36.060665900004096, 28299.59979698421], [36.75190330001351, 28290.919907687417], [37.70368650001183, 28285.122381220346]]",59.9939085,59.9375,0.9990597628757593,False,40.3,821.06640625,2,,,,,f87a27db44006f4d588c,29.99577580000914,28315.41983472353,158.0,158.0,45.0,"{""interior"": 40, ""fronteira"": 40, ""liberacao"": 39, ""regret"": 39, ""abertura"": 0}","{""interior"": 0, ""fronteira"": 5, ""liberacao"": 0, ""regret"": 0, ""abertura"": 0}",0.11899749994336162,29.843119500015746,0.0,98.0,0.0,
clusters_m30_n150_r1.5_s2002,clusters,1.5,30,150,kernel,29247.471582632166,True,-1,0,60.0,58.1768008,0.0,29009.10939121093,27916.065860321607,gap,"[[0.2100027999986196, 30144.45231291459], [1.7179068999976153, 29971.8009848527], [2.462922899998375, 29342.53753399113], [8.802239700002247, 29309.62032149007], [8.80361410000478, 29291.413378790996], [8.813213999994332, 29269.752294509282], [14.296327000003657, 29269.752294509282], [19.48802680001245, 29247.471582632166]]",58.1768008,58.140625,0.9993781748136278,False,41.3,805.64453125,6,369.0,,0.6,2.0,f87a27db44006f4d588c,,,,,,,,,,,,,0.05475809999916237
clusters_m30_n150_r1.5_s2003,clusters,1.5,30,150,adaptativa:gnn,27929.710650208315,True,0,0,60.0,58.9934476,0.0,29167.159540909925,27451.584011385658,gap,"[[0.40392810000048485, 38480.70472689463], [6.977096399990842, 30100.695564274618], [11.545487700001104, 29633.61420020164], [12.42746909998823, 28594.63514829921], [15.426442500000121, 28594.635148299196], [26.105228900007205, 28594.635148299196], [28.292313099998864, 27929.710650208304], [34.175395599988406, 27929.710650208304]]",58.9934476,58.96875,0.9995813501159068,False,63.5,928.76953125,6,435.0,False,1.0,4.0,f87a27db44006f4d588c,,,,,,,,,,,,,
clusters_m30_n150_r1.5_s2003,clusters,1.5,30,150,adaptativa:pl,27913.7616142223,True,-1,0,60.0,58.9938913,0.0,29167.159540909925,27451.584011385658,gap,"[[0.5114740999997593, 38985.44539222836], [1.7671560999879148, 27943.898194970323], [14.181621900002938, 38985.44539222836], [15.390082900004927, 27943.898194970323], [25.18793589998677, 31210.276795105663], [25.672665699996287, 30768.33624862651], [26.531099799991352, 30604.793809573937], [28.368381099993712, 27913.761614222283], [34.1399231999967, 27913.761614222283]]",58.9938913,58.890625,0.9982495424911901,False,58.5,872.32421875,4,234.0,False,1.0,4.0,f87a27db44006f4d588c,,,,,,,,,,,,,
clusters_m30_n150_r1.5_s2003,clusters,1.5,30,150,completo,29167.159540909925,True,-1,0,60.0,57.0040251,0.0,29167.159540909925,27451.584011385658,gap,"[[0.5977707999991253, 39117.84534913864], [2.6884387000027345, 33213.65596999722], [2.9598758000065573, 33201.0210813824], [3.300071300007403, 33184.07026350966], [3.7700637000089046, 32075.554399159228], [8.495820399999502, 29167.159540909903]]",57.0040251,56.40625,0.9895134580592977,False,74.4,872.32421875,4,186.0,False,1.0,1.0,f87a27db44006f4d588c,,,,,,,,,,,,,
clusters_m30_n150_r1.5_s2003,clusters,1.5,30,150,hibrido:rotacao,27910.81177422285,True,-1,0,60.0,59.9981826,0.0,29167.159540909925,27451.584011385658,gap,"[[0.23981430000276305, 38480.70472689463], [5.139101200009463, 30100.695564274618], [8.114223999989918, 30100.69556427461], [14.362101599996095, 30100.69556427461], [15.32310839999991, 29434.705338019292], [17.370767399988836, 27926.02867101567], [18.106149200015352, 27926.02867101567], [30.010421499988297, 27926.028671015676], [32.28266529999382, 27923.69185210212], [32.315151699993294, 27922.28083712478], [32.37712429999374, 27915.56983590604], [33.63180529999954, 27914.71209489605], [37.55359209999733, 27914.092195502228], [41.605025199998636, 27910.81177422285]]",59.9981826,58.5625,0.9760712318642798,False,72.9,872.32421875,4,,,,,f87a27db44006f4d588c,30.009946799997124,27926.028671015676,86.0,86.0,98.0,"{""interior"": 22, ""fronteira"": 22, ""liberacao"": 21, ""regret"": 21, ""abertura"": 0}","{""interior"": 1, ""fronteira"": 2, ""liberacao"": 2, ""regret"": 1, ""abertura"": 0}",0.1067737000703346,29.83875639998587,0.0,24.0,0.0,
clusters_m30_n150_r1.5_s2003,clusters,1.5,30,150,hibrido:rotacao,27920.739472526177,True,-1,1,60.0,60.024925,0.024925000000003195,29167.159540909925,27451.584011385658,gap,"[[0.2422975000081351, 38480.70472689463], [5.254925200002617, 28337.92588091413], [8.113807000001543, 28337.92588091411], [14.414531500005978, 28337.92588091411], [17.060360400006175, 27930.360173174544], [18.347604699985823, 39117.84534913864], [19.689776199986227, 32104.660391300975], [24.31554059998598, 29167.75721585448], [30.02374299999792, 27930.36014211869], [30.736040899995714, 27928.861327479462], [33.83052819999284, 27927.38368707565], [34.27872519999801, 27925.430908782895], [43.543233799995505, 27920.739472526177]]",60.024925,59.671875,0.9941182766992211,False,59.4,821.06640625,2,,,,,f87a27db44006f4d588c,30.023541499991552,27930.36014211869,107.0,107.0,110.0,"{""interior"": 27, ""fronteira"": 27, ""liberacao"": 27, ""regret"": 26, ""abertura"": 0}","{""interior"": 0, ""fronteira"": 3, ""liberacao"": 1, ""regret"": 0, ""abertura"": 0}",0.09500890003982931,29.872626900076284,0.0,45.0,0.0,
clusters_m30_n150_r1.5_s2003,clusters,1.5,30,150,hibrido:rotacao,28032.899223846114,True,-1,2,60.0,60.0396637,0.039663699999998414,29167.159540909925,27451.584011385658,gap,"[[0.5108036000165157, 38480.70472689463], [5.360728500018013, 28356.53813454742], [7.143199300015112, 28356.538134547416], [13.476808200008236, 28356.538134547416], [17.312194600017392, 28356.538134547416], [30.07231830000819, 28356.538134547416], [30.20824600000924, 28333.15102944011], [31.06567530000757, 28237.988504031586], [31.39162330000545, 28236.415371979674], [31.599278599998797, 28201.846347832667], [31.80938530000276, 28174.00494517052], [32.089423800003715, 28170.14325853769], [32.11525410000468, 28164.3892500117], [32.21535589999985, 28151.272700830305], [33.39924189999874, 28115.760380864846], [33.87169240000367, 28107.3798680287], [38.42087560000073, 28093.865114148397], [38.431332699998165, 28087.08775866085], [39.571040700000594, 28087.062388490667], [42.06676000000152, 28049.99851249297], [45.85149220000312, 28047.11095864332], [51.93138350000663, 28038.956540071697], [56.066703700009384, 28037.782022937543], [58.18992650001019, 28032.899223846114]]",60.0396637,59.46875,0.9904910576639356,False,72.4,821.06640625,2,,,,,f87a27db44006f4d588c,30.071952600002987,28356.538134547416,155.0,155.0,101.0,"{""interior"": 39, ""fronteira"": 39, ""liberacao"": 39, ""regret"": 38, ""abertura"": 0}","{""interior"": 5, ""fronteira"": 8, ""liberacao"": 3, ""regret"": 2, ""abertura"": 0}",0.18368020000343677,29.737058300102944,0.0,27.0,0.0,
clusters_m30_n150_r1.5_s2003,clusters,1.5,30,150,hibridopl:rotacao,27924.11704851198,True,-1,0,60.0,60.0268509,0.026850899999999456,29167.159540909925,27451.584011385658,gap,"[[0.3836233999900287, 38985.44539222836], [1.8301661999867065, 27943.898194970323], [7.39855319999333, 38985.44539222836], [9.418693499988876, 27943.898194970323], [13.59260109999741, 31210.276795105663], [14.215581099997507, 30768.33624862651], [15.382075200002873, 30604.793809573937], [17.49606579997635, 39117.84534913864], [18.99613539998245, 33213.65596999722], [19.20183999997971, 33201.0210813824], [19.419886699979543, 33184.07026350966], [19.6892115999799, 32075.554399159228], [23.11922979998053, 29167.159540909903], [30.029702799991355, 27943.898172367582], [30.0887676999846, 27932.412616166792], [32.04965709998214, 27929.784326584122], [33.848238499995205, 27928.92658557413], [34.1136942999874, 27928.855218641085], [43.011738399989554, 27924.340873524478], [45.016697399987606, 27924.11704851198]]",60.0268509,59.90625,0.9979908841094978,False,75.7,928.76953125,6,,,,,f87a27db44006f4d588c,30.029404699991574,27943.898172367582,79.0,79.0,19.0,"{""interior"": 20, ""fronteira"": 20, ""liberacao"": 20, ""regret"": 19, ""abertura"": 0}","{""interior"": 1, ""fronteira"": 2, ""liberacao"": 2, ""regret"": 1, ""abertura"": 0}",0.08465819995035417,29.87753110002086,0.0,18.0,0.0,
clusters_m30_n150_r1.5_s2003,clusters,1.5,30,150,hibridopl:rotacao,27905.25571864821,True,-1,1,60.0,60.0239742,0.023974199999997836,29167.159540909925,27451.584011385658,gap,"[[0.2835924000100931, 38985.44539222836], [1.5875992000073893, 29867.872158819682], [8.25244370001019, 29867.872158819693], [13.52917970000999, 29207.329184115453], [14.209653999991133, 29207.329184115453], [17.01857369999925, 27913.761614222283], [18.56053550001525, 27913.761614222283], [29.097839400012163, 27913.7616142223], [32.0895651000028, 27911.424795308747], [32.726289200014435, 27909.947154904934], [40.12350990000414, 27905.25571864821]]",60.0239742,59.15625,0.9855437063012732,False,73.8,821.06640625,2,,,,,f87a27db44006f4d588c,29.09752140000637,27913.7616142223,107.0,107.0,90.0,"{""interior"": 27, ""fronteira"": 27, ""liberacao"": 27, ""regret"": 26, ""abertura"": 0}","{""interior"": 0, ""fronteira"": 2, ""liberacao"": 1, ""regret"": 0, ""abertura"": 0}",0.12505099999543745,30.759842599989497,0.0,48.0,0.0,
clusters_m30_n150_r1.5_s2003,clusters,1.5,30,150,hibridopl:rotacao,27915.581820887164,True,-1,2,60.0,59.9578625,0.0,29167.159540909925,27451.584011385658,gap,"[[0.40162360001704656, 38985.44539222836], [8.044981200015172, 38985.445392228336], [14.068931900008465, 38985.445392228336], [14.189589400004479, 31210.276795105663], [14.651459000000614, 30828.504037560822], [14.708243300003232, 30813.375100802128], [14.853393100012909, 30795.840556530573], [14.926443200005451, 30788.438915997005], [15.111955800006399, 30784.107395759438], [15.59041290001187, 30770.805580607906], [17.29644420000841, 30096.05357123725], [17.6454822000087, 29156.5231808447], [18.48476550000487, 29156.5231808447], [28.980593100000988, 29156.52318084471], [29.68078380000952, 27944.558998956465], [29.97667590000492, 27935.02009050498], [30.196882800009917, 27929.65326131188], [30.55824250000296, 27924.952813667507], [32.05680900000152, 27924.14309690727], [34.9862509000086, 27920.339882570355], [35.3865564000007, 27918.862242166542], [35.43824100001075, 27915.581820887164]]",59.9578625,59.375,0.9902787978807617,False,66.9,928.76953125,6,,,,,f87a27db44006f4d588c,28.980388900003163,29156.52318084471,142.0,142.0,37.0,"{""interior"": 36, ""fronteira"": 36, ""liberacao"": 35, ""regret"": 35, ""abertura"": 0}","{""interior"": 1, ""fronteira"": 4, ""liberacao"": 2, ""regret"": 1, ""abertura"": 0}",0.16022589983185753,30.776372599910246,0.0,82.0,0.0,
clusters_m30_n150_r1.5_s2003,clusters,1.5,30,150,kernel,27943.898172367582,True,-1,0,60.0,58.0000249,0.0,29167.159540909925,27451.584011385658,gap,"[[0.28602919999684673, 38985.44539222836], [1.5472990999987815, 27943.898194970323], [15.588851099993917, 39117.84534913864], [17.326109400004498, 33213.65596999722], [17.495191299996804, 33201.0210813824], [17.757369500002824, 33184.07026350966], [18.087532899997314, 32075.554399159228], [21.790764599994873, 29167.159540909903]]",58.0000249,57.921875,0.9986525885094921,False,55.9,928.76953125,6,347.0,,0.5333333333333333,2.0,f87a27db44006f4d588c,,,,,,,,,,,,,0.07045739999739453
clusters_m30_n150_r1.5_s2004,clusters,1.5,30,150,adaptativa:gnn,26438.746465395667,True,0,0,60.0,59.2007573,0.0,27189.798569341638,25430.701681512764,gap,"[[25.339082900012727, 30417.070080056616], [25.874214500014205, 29100.39369456349], [25.928371300018625, 28916.827499549236], [25.964146500016795, 28644.77074383269], [26.012705700020888, 28426.959121927142], [27.701660400009132, 28385.27311504364], [27.70538480002142, 28233.837194364805], [30.98823590001848, 27224.849486258772], [32.90495140002167, 26438.746465395667], [34.484058700007154, 26438.74646539567]]",59.2007573,59.015625,0.9968728052064969,False,45.7,523.49609375,2,389.0,False,1.0,4.0,f87a27db44006f4d588c,,,,,,,,,,,,,
clusters_m30_n150_r1.5_s2004,clusters,1.5,30,150,adaptativa:pl,25887.711454882407,True,-1,0,60.0,59.0041713,0.0,27189.798569341638,25430.701681512764,gap,"[[0.3985691000125371, 33710.37307900431], [6.983369400011725, 26549.49593437659], [10.87292750000779, 26070.75445745319], [14.167166500003077, 25985.364835403016], [15.062571500006015, 25985.364835403016], [16.163327500005835, 25957.568824465056], [16.453640300009283, 25957.56882446504], [20.573153000004822, 25887.71145488241], [26.073470300005283, 25887.711454882417], [35.13514450000366, 25887.711454882417]]",59.0041713,58.375,0.9893368335468852,False,60.7,605.8125,6,631.0,False,1.0,4.0,f87a27db44006f4d588c,,,,,,,,,,,,,
clusters_m30_n150_r1.5_s2004,clusters,1.5,30,150,completo,26719.88757675232,True,-1,0,60.0,56.995848,0.0,27189.798569341638,25430.701681512764,gap,"[[0.26213709999865387, 34503.53482106977], [0.974429499998223, 32304.916433220456], [1.1194973000092432, 31883.82294999089], [1.205425300009665, 30648.139926463144], [1.5356658999953652, 29589.267202358562], [4.6134516000020085, 27197.16260563597], [32.86913020000793, 27002.836684788417], [32.90580999999656, 26719.887576752342]]",56.995848,55.1875,0.9682722853776998,False,60.5,581.61328125,2,384.0,False,1.0,1.0,f87a27db44006f4d588c,,,,,,,,,,,,,
clusters_m30_n150_r1.5_s2004,clusters,1.5,30,150,hibrido:rotacao,26307.9019258898,True,-1,0,60.0,60.1419333,0.14193329999999804,27189.798569341638,25430.701681512764,gap,"[[13.875785299998824, 30417.070080056616], [14.44578619999811, 29100.39369456349], [14.50564139999915, 28916.827499549236], [14.542195200003334, 28644.77074383269], [14.58662839999306, 28426.959121927142], [16.183121199996094, 28385.27311504364], [16.18680310000491, 28233.837194364805], [17.684150700006285, 28233.837194364805], [22.377341800005524, 27187.929261947484], [29.575304900019546, 27187.929261947476], [30.574404100014362, 27187.240354580197], [32.570441800009576, 27131.80650786363], [33.577386900011334, 26324.233439734817], [33.598661600015475, 26321.46785424445], [34.386532100019394, 26309.03036935593], [35.32565040001646, 26307.9019258898]]",60.1419333,60.140625,0.9999782464591972,False,39.7,937.80078125,6,,,,,f87a27db44006f4d588c,29.57511410000734,27187.929261947476,190.0,190.0,80.0,"{""interior"": 48, ""fronteira"": 48, ""liberacao"": 47, ""regret"": 47, ""abertura"": 0}","{""interior"": 0, ""fronteira"": 4, ""liberacao"": 1, ""regret"": 1, ""abertura"": 0}",0.13684459996875376,30.38984429994889,0.0,135.0,0.0,
clusters_m30_n150_r1.5_s2004,clusters,1.5,30,150,hibrido:rotacao,26339.952597127176,True,-1,1,60.0,59.9974896,0.0,27189.798569341638,25430.701681512764,gap,"[[14.275119399986579, 30417.070080056616], [15.552007699981914, 29109.343716728075], [15.678038699988974, 28879.116585974993], [15.749135799982469, 28644.77074383269], [15.841146699982346, 28426.959121927142], [18.481407699975534, 28426.959121927157], [26.824179199975333, 27198.256413901465], [28.99786750000203, 27198.25641390146], [30.004174000001512, 27142.822567184892], [30.40004520000366, 26390.461465503995], [31.33153220001259, 26389.04814284047], [31.951572500009206, 26388.975972087093], [34.67603970000346, 26365.100468131568], [34.789417000007234, 26364.79222147661], [35.0008080000116, 26356.673622534585], [35.172779000015, 26355.951943442633], [35.21396470001491, 26355.938848740814], [37.90911490000144, 26340.80050340722], [40.500161100004334, 26339.952597127176]]",59.9974896,59.40625,0.9901455943583346,False,51.5,861.62109375,2,,,,,f87a27db44006f4d588c,28.997636600004626,27198.25641390146,102.0,102.0,64.0,"{""interior"": 26, ""fronteira"": 26, ""liberacao"": 25, ""regret"": 25, ""abertura"": 0}","{""interior"": 1, ""fronteira"": 5, ""liberacao"": 3, ""regret"": 2, ""abertura"": 0}",0.1156608000601409,30.842893499997444,0.0,36.0,0.0,
clusters_m30_n150_r1.5_s2004,clusters,1.5,30,150,hibrido:rotacao,26403.882451961457,True,-1,2,60.0,60.1940322,0.19403220000000232,27189.798569341638,25430.701681512764,gap,"[[13.368516899994574, 30417.070080056616], [13.893604099997901, 29113.03551316552], [13.944449299990083, 28803.401707280937], [13.976914799990482, 28699.197181667834], [14.016763699997682, 28426.959121927142], [14.302222599988454, 28418.27549317403], [17.42935409999336, 28418.27549317403], [22.40994800000044, 27187.107404810617], [22.449839499997324, 27075.014092522197], [22.451336600002833, 27048.45761244386], [29.20062429999234, 27048.457612443854], [29.46672719999333, 27039.868789023985], [29.979928000000655, 27008.06900703127], [30.029262900003232, 26973.367256252128], [30.803634600000805, 26972.25594210595], [32.1972381999949, 26472.42250956078], [33.30272269999841, 26420.08378012143], [40.01830219999829, 26419.82934701282], [40.393579900002806, 26415.643171046624], [41.35880400000315, 26415.15560846115], [42.50415149999026, 26403.882451961457]]",60.1940322,59.96875,0.9962573997493392,False,45.7,494.53515625,4,,,,,f87a27db44006f4d588c,29.20042399999511,27048.457612443854,222.0,222.0,79.0,"{""interior"": 56, ""fronteira"": 56, ""liberacao"": 55, ""regret"": 55, ""abertura"": 0}","{""interior"": 1, ""fronteira"": 4, ""liberacao"": 5, ""regret"": 0, ""abertura"": 0}",0.1572496000881074,30.613957700072206,0.0,140.0,0.0,
clusters_m30_n150_r1.5_s2004,clusters,1.5,30,150,hibridopl:rotacao,26307.9019258898,True,-1,0,60.0,60.2367757,0.2367757000000026,27189.798569341638,25430.701681512764,gap,"[[0.21905990000232123, 33710.37307900431], [7.834391800017329, 33710.373079004305], [12.570112400004291, 33710.373079004305], [12.765951299996232, 30436.525097461938], [13.79528730000311, 28929.581101307194], [13.871139000009862, 28634.086672483016], [14.17444030000479, 28354.975285015244], [14.278665999998339, 28313.63306920019], [16.430238400003873, 28188.394643280924], [17.56283799999801, 28188.394643280924], [23.389848000006168, 27187.929261947484], [29.433961000002455, 27187.929261947476], [30.42675159999635, 27187.240354580197], [32.42927300000156, 27131.80650786363], [33.43002569999953, 26335.500464175966], [33.45417130000715, 26332.734878685595], [33.77491770000779, 26323.65181154916], [33.82007319999684, 26314.487269245852], [34.422466800009715, 26311.13285149377], [36.28311060000851, 26310.00440802764], [47.42738140000438, 26308.96769223874], [51.4280063000042, 26307.9019258898]]",60.2367757,60.09375,0.9976256083042638,False,53.0,937.80078125,6,,,,,f87a27db44006f4d588c,29.433686999997008,27187.929261947476,122.0,122.0,37.0,"{""interior"": 31, ""fronteira"": 31, ""liberacao"": 30, ""regret"": 30, ""abertura"": 0}","{""interior"": 1, ""fronteira"": 6, ""liberacao"": 1, ""regret"": 2, ""abertura"": 0}",0.17038149996369611,30.581743999980972,0.0,39.0,0.0,
clusters_m30_n150_r1.5_s2004,clusters,1.5,30,150,hibridopl:rotacao,26339.952597127176,True,-1,1,60.0,60.2040928,0.20409279999999796,27189.798569341638,25430.701681512764,gap,"[[0.2206302999984473, 33710.37307900431], [6.402727599997888, 32401.387839588995], [6.4055122999998275, 32353.44128373685], [7.396525900010602, 32353.44128373685], [13.27157029999944, 32353.44128373685], [13.376948799996171, 30436.525097461938], [13.839435500005493, 28484.430667019413], [14.009303400001954, 28354.975285015244], [14.053636700002244, 28311.711998701638], [17.31758020001871, 28311.71199870166], [21.94615000001795, 27198.256413901465], [30.204719200002728, 27198.25641390146], [31.201882300010766, 27142.822567184892], [31.493325400006142, 26390.461465503995], [32.27245290001156, 26389.04814284047], [32.77753550000489, 26388.975972087093], [34.957104200002505, 26365.100468131568], [35.050326500000665, 26364.79222147661], [35.20016690000193, 26356.673622534585], [35.343541200010804, 26355.951943442633], [35.37825840000005, 26355.938848740814], [37.448666900003445, 26340.80050340722], [39.5226260000054, 26339.952597127176]]",60.2040928,60.140625,0.9989457892802929,False,40.1,1003.26171875,4,,,,,f87a27db44006f4d588c,30.20448800000304,27198.25641390146,162.0,162.0,98.0,"{""interior"": 41, ""fronteira"": 41, ""liberacao"": 40, ""regret"": 40, ""abertura"": 0}","{""interior"": 1, ""fronteira"": 5, ""liberacao"": 3, ""regret"": 2, ""abertura"": 0}",0.11198259990487713,29.850678299888386,0.0,93.0,0.0,
clusters_m30_n150_r1.5_s2004,clusters,1.5,30,150,hibridopl:rotacao,25914.60464067534,True,-1,2,60.0,60.1719446,0.17194460000000333,27189.798569341638,25430.701681512764,gap,"[[0.23459549999097362, 33710.37307900431], [5.728518299991265, 32585.957265398123], [6.6476241999916965, 26959.62563064761], [7.237238699992304, 26959.625630647617], [12.334779800003162, 26286.210225607727], [13.26570950000314, 26286.210225607727], [17.42100709999795, 26286.210225607727], [29.182662599996547, 26286.21022560771], [29.380431999990833, 26283.973172748367], [29.594827900000382, 26166.113987749002], [29.640911499998765, 26139.351500571982], [30.169676999998046, 26120.679128851527], [30.18163310000091, 26118.553564771355], [30.71461239999917, 26110.042072845765], [30.80454820000159, 26068.77745831882], [31.52011159999529, 26009.6241588801], [31.566240000000107, 26006.237448694388], [32.00790060000145, 25997.29941070539], [32.198880399999325, 25975.8099981129], [32.21096480000415, 25973.430551401445], [33.17170559999067, 25972.430069711147], [33.24567789999128, 25963.09148239584], [33.27114409999922, 25959.62186722221], [34.07206750000478, 25958.05572980906], [34.45415819999471, 25939.36672811672], [34.889472099996055, 25938.41345072222], [35.33670469999197, 25938.24720028678], [37.337260999993305, 25919.499984807233], [38.58972799999174, 25915.355843148744], [40.58088310000312, 25914.60464067534]]",60.1719446,60.109375,0.9989601532671756,False,45.7,476.1875,6,,,,,f87a27db44006f4d588c,29.18247679999331,26286.21022560771,174.0,174.0,133.0,"{""interior"": 44, ""fronteira"": 44, ""liberacao"": 43, ""regret"": 43, ""abertura"": 0}","{""interior"": 5, ""fronteira"": 4, ""liberacao"": 7, ""regret"": 6, ""abertura"": 0}",0.131201099982718,30.643057399982354,0.0,65.0,0.0,
clusters_m30_n150_r1.5_s2004,clusters,1.5,30,150,kernel,25875.93089401528,True,-1,0,60.0,58.0022242,0.0,27189.798569341638,25430.701681512764,gap,"[[0.3493542000069283, 28251.19817180947], [1.4098431000020355, 27246.567803726437], [1.6754308000090532, 27202.402144209744], [6.248832500001299, 25892.759807944673], [6.254769300008775, 25876.00306476867], [6.262119200007874, 25875.930894015288], [15.237439799995627, 25875.930894015288]]",58.0022242,57.453125,0.9905331354517264,False,52.4,1003.26171875,4,255.0,,0.5333333333333333,2.0,f87a27db44006f4d588c,,,,,,,,,,,,,0.056646400000317954
clusters_m30_n150_r1.5_s2005,clusters,1.5,30,150,adaptativa:gnn,24683.34693296298,True,0,0,60.0,58.996825,0.0,24682.834489532044,24617.321946508717,gap,"[[26.174925499988603, 29063.02433756255], [26.600919699994847, 27717.21483313816], [26.962493699989864, 27455.11051787226], [33.25439249999181, 27322.57763454292], [34.785376100000576, 27315.07720033485], [35.42421800000011, 27315.077200334847], [38.56730549999338, 26920.757655923215], [41.62924289998773, 24683.346932962973]]",58.996825,58.125,0.9852225098554033,False,51.2,750.55078125,4,691.0,False,1.0,4.0,f87a27db44006f4d588c,,,,,,,,,,,,,
clusters_m30_n150_r1.5_s2005,clusters,1.5,30,150,adaptativa:pl,24683.34693296298,True,-1,0,60.0,59.0024185,0.0,24682.834489532044,24617.321946508717,gap,"[[26.162133699996048, 28554.805808286994], [26.697516000000178, 27077.002789984857], [27.454863599996315, 26963.009217935298], [29.91868849999446, 26528.016785539396], [35.11822909998591, 26528.01678553939], [41.887624299983145, 24683.346932962973]]",59.0024185,58.421875,0.9901606829896303,False,51.0,811.44921875,2,630.0,False,1.0,4.0,f87a27db44006f4d588c,,,,,,,,,,,,,
clusters_m30_n150_r1.5_s2005,clusters,1.5,30,150,completo,24682.834489532044,True,-1,0,60.0,57.0039414,0.0,24682.834489532044,24617.321946508717,gap,"[[0.3018574999878183, 33544.30720055803], [1.7222046999959275, 28556.970205697824], [2.132727599993814, 28451.437887588378], [3.0104151999985334, 27501.923056221487], [3.5592369999940274, 26920.757655923215], [6.44719309998618, 24683.346932962973], [31.915132399997674, 24682.83448953204]]",57.0039414,56.75,0.9955451957572885,False,47.2,811.44921875,2,1151.0,False,1.0,1.0,f87a27db44006f4d588c,,,,,,,,,,,,,
clusters_m30_n150_r1.5_s2005,clusters,1.5,30,150,hibrido:rotacao,24669.16099072987,True,-1,0,60.0,60.0175974,0.017597399999999652,24682.834489532044,24617.321946508717,gap,"[[14.166442999994615, 29063.02433756255], [14.540998899989063, 27717.21483313816], [14.73826569999801, 27455.11051787226], [18.11764270000276, 27455.110517872257], [21.518150299991248, 26920.757655923215], [24.37463019999268, 24683.346932962973], [30.01789029999054, 24683.34693296298], [32.01515389999258, 24674.71347549751], [33.34067189999041, 24671.227712742377], [36.64679779998551, 24669.16099072987]]",60.0175974,59.53125,0.9918965866501014,False,49.4,750.55078125,4,,,,,f87a27db44006f4d588c,30.017514099992695,24683.34693296298,186.0,186.0,115.0,"{""interior"": 47, ""fronteira"": 47, ""liberacao"": 46, ""regret"": 46, ""abertura"": 0}","{""interior"": 0, ""fronteira"": 2, ""liberacao"": 1, ""regret"": 0, ""abertura"": 0}",0.15418819994374644,29.79706219995569,0.0,124.0,0.0,
clusters_m30_n150_r1.5_s2005,clusters,1.5,30,150,hibrido:rotacao,24669.308061258216,True,-1,1,60.0,59.969892,0.0,24682.834489532044,24617.321946508717,gap,"[[14.197992399989744, 29063.02433756255], [14.642807099982747, 27804.501836837913], [14.871677599992836, 27487.505672918596], [18.107170499977656, 27487.505672918593], [21.15559349997784, 26920.757655923215], [24.232427099981578, 24683.346932962973], [29.99958599997626, 24683.34693296298], [30.74566479997884, 24675.419929308096], [30.84881129997666, 24674.860546025855], [32.18178819998866, 24672.79382401335], [32.539488499984145, 24669.308061258216]]",59.969892,59.8125,0.9973754830173781,False,48.9,870.15234375,6,,,,,f87a27db44006f4d588c,29.999293299988494,24683.34693296298,342.0,342.0,97.0,"{""interior"": 86, ""fronteira"": 86, ""liberacao"": 85, ""regret"": 85, ""abertura"": 0}","{""interior"": 0, ""fronteira"": 2, ""liberacao"": 2, ""regret"": 0, ""abertura"": 0}",0.2816344998573186,29.614963899890427,0.0,302.0,0.0,
clusters_m30_n150_r1.5_s2005,clusters,1.5,30,150,hibrido:rotacao,24672.61999734982,True,-1,2,60.0,59.9769514,0.0,24682.834489532044,24617.321946508717,gap,"[[14.378274500006228, 29063.02433756255], [14.77063719999569, 27717.21483313816], [14.974627600007807, 27284.22650052659], [18.178738300004625, 27284.226500526587], [21.38760000001639, 26872.998389674034], [24.68188220000593, 24683.346932962973], [29.996863499996834, 24683.34693296298], [30.99387669999851, 24681.280210950477], [32.99532590000308, 24676.544616922547], [33.34885320000467, 24673.058854167415], [33.429399400003604, 24672.61999734982]]",59.9769514,59.390625,0.9902241380011189,False,51.7,750.55078125,4,,,,,f87a27db44006f4d588c,29.99666970000544,24683.34693296298,274.0,274.0,116.0,"{""interior"": 69, ""fronteira"": 69, ""liberacao"": 68, ""regret"": 68, ""abertura"": 0}","{""interior"": 0, ""fronteira"": 2, ""liberacao"": 1, ""regret"": 1, ""abertura"": 0}",0.24337800007197075,29.67618299998867,0.0,237.0,0.0,
clusters_m30_n150_r1.5_s2005,clusters,1.5,30,150,hibridopl:rotacao,24669.16099072987,True,-1,0,60.0,59.9938376,0.0,24682.834489532044,24617.321946508717,gap,"[[14.349247599981027, 28554.805808286994], [14.837505099974805, 27077.002789984857], [15.48547069997585, 26963.009217935298], [17.31347929997719, 26528.016785539396], [18.108480199982296, 26528.01678553939], [23.833963299985044, 24683.346932962973], [29.997028100013267, 24683.34693296298], [31.994477300002472, 24674.71347549751], [32.72694360000605, 24671.227712742377], [35.288490500010084, 24669.16099072987]]",59.9938376,59.703125,0.9951542923135159,False,49.0,811.44921875,2,,,,,f87a27db44006f4d588c,29.996806600000127,24683.34693296298,186.0,186.0,108.0,"{""interior"": 47, ""fronteira"": 47, ""liberacao"": 46, ""regret"": 46, ""abertura"": 0}","{""interior"": 0, ""fronteira"": 2, ""liberacao"": 1, ""regret"": 0, ""abertura"": 0}",0.16592729999683797,29.787295900008758,0.0,124.0,0.0,
clusters_m30_n150_r1.5_s2005,clusters,1.5,30,150,hibridopl:rotacao,24669.308061258216,True,-1,1,60.0,59.9771106,0.0,24682.834489532044,24617.321946508717,gap,"[[13.21823700000823, 28554.805808286994], [13.764436200013733, 27390.112426862943], [13.813124300009804, 27090.361731867844], [14.471851800015429, 26996.884967733356], [17.18497450000723, 26996.884967733346], [20.32821330000297, 26920.757655923215], [23.30603140000312, 24683.346932962973], [30.059555300002103, 24683.34693296298], [30.812191000004532, 24675.419929308096], [30.9277987999958, 24674.860546025855], [32.09204509999836, 24672.79382401335], [32.38007240000297, 24669.308061258216]]",59.9771106,59.890625,0.9985580232336168,False,47.4,870.15234375,6,,,,,f87a27db44006f4d588c,30.05936460000521,24683.34693296298,366.0,366.0,81.0,"{""interior"": 92, ""fronteira"": 92, ""liberacao"": 91, ""regret"": 91, ""abertura"": 0}","{""interior"": 0, ""fronteira"": 2, ""liberacao"": 2, ""regret"": 0, ""abertura"": 0}",0.28234589989006054,29.55921239980671,0.0,326.0,0.0,
clusters_m30_n150_r1.5_s2005,clusters,1.5,30,150,hibridopl:rotacao,24672.61999734982,True,-1,2,60.0,59.969287,0.0,24682.834489532044,24617.321946508717,gap,"[[14.417557199994917, 28554.805808286994], [14.920820500003174, 27377.35643729656], [14.974648700008402, 27077.002789984857], [15.692674100006116, 26986.785753635166], [18.16462429999956, 26986.785753635155], [21.426875599994673, 26920.757655923215], [24.334625299990876, 24683.346932962973], [30.034348599991063, 24683.34693296298], [30.97594579998986, 24681.280210950477], [33.0290004999988, 24676.544616922547], [33.315607799988356, 24673.058854167415], [33.39359669999976, 24672.61999734982]]",59.969287,59.734375,0.9960827948479695,False,51.1,870.15234375,6,,,,,f87a27db44006f4d588c,30.03415939999104,24683.34693296298,270.0,270.0,98.0,"{""interior"": 68, ""fronteira"": 68, ""liberacao"": 67, ""regret"": 67, ""abertura"": 0}","{""interior"": 0, ""fronteira"": 2, ""liberacao"": 1, ""regret"": 1, ""abertura"": 0}",0.22717289996217005,29.64782770012971,0.0,233.0,0.0,
clusters_m30_n150_r1.5_s2005,clusters,1.5,30,150,kernel,25844.118107349062,True,-1,0,60.0,58.9977606,0.0,24682.834489532044,24617.321946508717,gap,"[[15.266090000004624, 32091.445842918583], [16.492950500003644, 28556.970205697824], [16.77782320001279, 28459.347238340946], [19.919439000004786, 27421.025995392938], [19.92157930000394, 27313.169049277836], [37.06945290000294, 27313.169049277836], [37.87895579999895, 27222.586566741702], [39.795692300001974, 27170.169532676013], [45.552584200006095, 27104.95853230849], [45.55873879999854, 26869.702209749077], [45.56766359999892, 26229.507819368962], [48.40041859999474, 26190.111243227515], [58.289170200005174, 25844.118107349073]]",58.9977606,58.84375,0.9973895517654614,False,46.1,750.55078125,4,858.0,,0.5666666666666667,3.0,f87a27db44006f4d588c,,,,,,,,,,,,,0.05336249999527354
clusters_m30_n150_r1.5_s2006,clusters,1.5,30,150,adaptativa:gnn,29670.549591292158,True,0,0,60.0,59.0101131,0.0,29345.929855157457,28402.63115052376,gap,"[[0.40374640001391526, 36871.52846275996], [13.628309900013846, 34108.23852762896], [15.102896600001259, 34108.23852762896], [26.202975600011996, 34108.23852762896], [34.39359970000805, 34108.23852762896], [36.43583440000657, 33432.48700552113], [36.86367300001439, 33335.13062310723], [37.054624800017336, 32586.280228342348], [40.52033560001291, 29670.549591292154]]",59.0101131,58.171875,0.9857950094320358,False,65.7,878.3515625,2,127.0,False,1.0,4.0,f87a27db44006f4d588c,,,,,,,,,,,,,
clusters_m30_n150_r1.5_s2006,clusters,1.5,30,150,adaptativa:pl,29583.373714947586,True,-1,0,60.0,59.0059952,0.0,29345.929855157457,28402.63115052376,gap,"[[0.22806870001659263, 30977.582716964214], [0.9540053000091575, 30891.045049322573], [1.7094148000178393, 29669.87414213158], [15.282323000021279, 29669.87414213158], [26.08920109999599, 29669.87414213158], [27.991420000005746, 29601.93501342657], [34.47350620001089, 29601.93501342657], [39.95081310001842, 29583.373714947586]]",59.0059952,57.390625,0.9726236258786124,False,68.5,914.203125,4,238.0,False,1.0,4.0,f87a27db44006f4d588c,,,,,,,,,,,,,
clusters_m30_n150_r1.5_s2006,clusters,1.5,30,150,completo,29655.40008173272,True,-1,0,60.0,56.9909593,0.0,29345.929855157457,28402.63115052376,gap,"[[0.4542109000030905, 36188.61764597106], [2.319872000007308, 33432.48700552113], [2.6767143000033684, 33335.13062310723], [2.863067199999932, 32586.280228342348], [5.82715029999963, 29670.549591292154], [48.480384399998, 29655.400081732725]]",56.9909593,56.5625,0.9924819777511623,False,49.1,914.203125,4,295.0,False,1.0,1.0,f87a27db44006f4d588c,,,,,,,,,,,,,
clusters_m30_n150_r1.5_s2006,clusters,1.5,30,150,hibrido:rotacao,29528.059615261438,True,-1,0,60.0,59.9514821,0.0,29345.929855157457,28402.63115052376,gap,"[[0.36048920000030193, 36871.52846275996], [8.093112200003816, 36871.52846275994], [14.485579800006235, 36871.52846275994], [18.111783500004094, 36871.52846275994], [18.301391700006207, 36188.61764597106], [20.01001300000644, 33432.48700552113], [20.31318330000795, 33335.13062310723], [20.48508589999983, 32586.280228342348], [23.509955100002117, 29670.549591292154], [30.00710399998934, 29670.549591292158], [30.038337299993145, 29670.022589052052], [30.99521029999596, 29668.377720154225], [31.45652219999465, 29664.894251428475], [31.474565399999847, 29649.689496208084], [31.527407299989136, 29623.814968978513], [32.47660470000119, 29592.646025952337], [32.58540479998919, 29581.542245232493], [32.65579910000088, 29569.551941292706], [33.05817379998916, 29565.93272902479], [33.996564799992484, 29543.396166192128], [34.07055279999622, 29542.735336363352], [34.825531800001045, 29541.98763711828], [35.362928899994586, 29540.648388255286], [36.995347799995216, 29529.87206335231], [38.10364269999263, 29529.655181060865], [45.002619199993205, 29528.059615261438]]",59.9514821,59.21875,0.9877779151685059,False,51.1,914.203125,4,,,,,f87a27db44006f4d588c,30.00668819999555,29670.549591292158,219.0,219.0,35.0,"{""interior"": 55, ""fronteira"": 55, ""liberacao"": 55, ""regret"": 54, ""abertura"": 0}","{""interior"": 3, ""fronteira"": 6, ""liberacao"": 4, ""regret"": 3, ""abertura"": 0}",0.17216989991720766,29.719950100014103,0.0,114.0,0.0,
clusters_m30_n150_r1.5_s2006,clusters,1.5,30,150,hibrido:rotacao,29520.523179563766,True,-1,1,60.0,59.9993844,0.0,29345.929855157457,28402.63115052376,gap,"[[0.3263386000035098, 36871.52846275996], [3.7283508999971673, 36228.559114868825], [8.291200799983926, 36228.559114868825], [11.468572699988727, 35230.24162748111], [13.085059400007594, 35230.24162748111], [17.121063700004015, 35230.24162748111], [18.99653489999764, 33432.48700552112], [19.312760000000708, 33301.45050650006], [19.47499550000066, 32586.280228342344], [20.01066980000178, 32562.14449217693], [22.6263534000027, 29670.549591292154], [30.002351599978283, 29670.549591292158], [33.01111019997916, 29649.343566604584], [33.04124489998503, 29645.860097878838], [34.005131199985044, 29616.93399277188], [34.184586799980025, 29615.28912387405], [36.91786939998565, 29578.72062516438], [36.97540949998074, 29568.014851173284], [39.009271699978854, 29561.84264133757], [39.051150899991626, 29557.263874902048], [39.12808009998116, 29555.76043158545], [40.00011729999096, 29555.652054240574], [40.251704099981, 29541.757118574133], [40.47283749998314, 29541.21143469142], [40.71862869997858, 29535.75780457078], [45.99814739997964, 29534.811347379145], [48.041226599991205, 29529.38572679561], [50.72282929997891, 29524.811660761487], [51.586024799980805, 29520.523179563766]]",59.9993844,59.75,0.9958435506881634,False,51.8,870.15234375,6,,,,,f87a27db44006f4d588c,30.00212359998841,29670.549591292158,138.0,138.0,24.0,"{""interior"": 35, ""fronteira"": 35, ""liberacao"": 34, ""regret"": 34, ""abertura"": 0}","{""interior"": 1, ""fronteira"": 7, ""liberacao"": 7, ""regret"": 2, ""abertura"": 0}",0.11753480005427264,29.837136700123665,0.0,42.0,0.0,
clusters_m30_n150_r1.5_s2006,clusters,1.5,30,150,hibrido:rotacao,29515.95375141449,True,-1,2,60.0,60.0311288,0.031128799999997625,29345.929855157457,28402.63115052376,gap,"[[0.3552019000053406, 36871.52846275996], [3.8448663000017405, 36153.841686707325], [3.846151700010523, 36146.64210538551], [3.86384679999901, 35786.57106727147], [8.275578400003724, 35786.57106727147], [11.616139299992938, 35593.48766771164], [14.115599600001588, 35593.48766771164], [18.163204799988307, 35593.48766771164], [20.1386926999985, 33432.487005521136], [20.486777599988272, 33335.13062310722], [20.68662319998839, 32586.280228342344], [24.08884460000263, 29670.549591292154], [30.034639100005734, 29670.549591292158], [30.06075950000377, 29663.514087490526], [31.038975999996183, 29614.915050103114], [31.401150000005146, 29560.631000380592], [31.54806460000691, 29550.190840143812], [32.02922810000018, 29542.220379971564], [32.145177900005365, 29540.195677856944], [33.03120620000118, 29537.2404735821], [33.731929200002924, 29524.816422030544], [34.74639990000287, 29522.43646213248], [35.23638370000117, 29520.11706024953], [35.691975900001125, 29518.4721913517], [36.51031769999827, 29515.95375141449]]",60.0311288,59.296875,0.987768782385448,False,51.8,878.3515625,2,,,,,f87a27db44006f4d588c,30.03444469999522,29670.549591292158,222.0,222.0,23.0,"{""interior"": 56, ""fronteira"": 56, ""liberacao"": 55, ""regret"": 55, ""abertura"": 0}","{""interior"": 2, ""fronteira"": 6, ""liberacao"": 2, ""regret"": 2, ""abertura"": 0}",0.19966389989713207,29.741059000167297,0.0,163.0,0.0,
clusters_m30_n150_r1.5_s2006,clusters,1.5,30,150,hibridopl:rotacao,29534.06622501219,True,-1,0,60.0,60.3422593,0.34225930000000204,29345.929855157457,28402.63115052376,gap,"[[0.23998930002562702, 30977.582716964214], [0.9761532000266016, 30891.045049322573], [1.789551300025778, 29669.87414213158], [7.416931300016586, 29669.87414213158], [13.421263800017186, 29669.87414213158], [15.60736240001279, 29601.93501342657], [17.610760600015055, 29601.93501342657], [22.81596530000388, 29583.373714947586], [29.35018449999916, 29583.373714947586], [30.487675700002, 29551.099055389594], [31.052218900003936, 29545.344371044033], [31.339523999995436, 29537.24995820374], [33.6355995000049, 29535.60508930591], [36.16992539999774, 29535.15363187981], [36.345814000000246, 29534.06622501219]]",60.3422593,59.703125,0.9894081808103595,False,65.5,870.15234375,6,,,,,f87a27db44006f4d588c,29.349820899995393,29583.373714947586,154.0,154.0,73.0,"{""interior"": 39, ""fronteira"": 39, ""liberacao"": 38, ""regret"": 38, ""abertura"": 0}","{""interior"": 1, ""fronteira"": 2, ""liberacao"": 2, ""regret"": 1, ""abertura"": 0}",0.163012200006051,30.775936800026102,0.0,89.0,0.0,
clusters_m30_n150_r1.5_s2006,clusters,1.5,30,150,hibridopl:rotacao,29481.137189514797,True,-1,1,60.0,59.9919563,0.0,29345.929855157457,28402.63115052376,gap,"[[0.26708819999475963, 30977.582716964214], [1.2394757999863941, 30785.870375085924], [2.051528199983295, 29669.87414213158], [8.093994200011366, 29669.87414213158], [10.108478200010723, 29653.656835140737], [14.061881799992989, 29653.656835140737], [15.780466499985778, 29601.93501342657], [18.326937899997574, 29601.93501342657], [29.99344839999685, 29601.935013426577], [30.226216600000043, 29601.010949916352], [30.9941902999999, 29598.0467856726], [31.139467500004685, 29596.740280422375], [31.151492499993765, 29585.568079590295], [34.50438679999206, 29535.576310767163], [34.56225160000031, 29534.879095784097], [34.87167350000527, 29524.475792607434], [35.457456300006015, 29510.588992550067], [35.5699586999981, 29510.335946746], [35.633300500005134, 29510.1606271076], [39.501525700005004, 29509.067805931933], [41.60240879999765, 29504.801869721014], [43.08950370000093, 29503.036786720193], [43.74255290000292, 29481.137189514797]]",59.9919563,59.796875,0.9967482090594869,False,52.2,870.15234375,6,,,,,f87a27db44006f4d588c,29.993247099992004,29601.935013426577,295.0,295.0,72.0,"{""interior"": 74, ""fronteira"": 74, ""liberacao"": 74, ""regret"": 73, ""abertura"": 0}","{""interior"": 1, ""fronteira"": 4, ""liberacao"": 4, ""regret"": 5, ""abertura"": 0}",0.24625550005293917,29.68998790004116,0.0,196.0,0.0,
clusters_m30_n150_r1.5_s2006,clusters,1.5,30,150,hibridopl:rotacao,29524.756332706194,True,-1,2,60.0,59.9526728,0.0,29345.929855157457,28402.63115052376,gap,"[[0.2827877000090666, 30977.582716964214], [1.6108931000198936, 30722.6331285043], [2.0472445000195876, 29669.87414213158], [8.074445400008699, 29669.87414213158], [10.125536300009117, 29647.91331367605], [14.05750180000905, 29647.913313676054], [15.94793120000395, 29600.348457756565], [18.12399949999235, 29600.348457756565], [23.830560300004436, 29597.99837054388], [29.986258799995994, 29597.998370543894], [30.365682500007097, 29557.843435895782], [30.694019500006107, 29556.82419787216], [31.28612040000735, 29555.17932897433], [32.92222490000131, 29525.02360573107], [33.50812290000613, 29524.756332706194]]",59.9526728,59.71875,0.9960982089859387,False,52.2,878.3515625,2,,,,,f87a27db44006f4d588c,29.986066700002993,29597.998370543894,373.0,373.0,77.0,"{""interior"": 94, ""fronteira"": 93, ""liberacao"": 93, ""regret"": 93, ""abertura"": 0}","{""interior"": 0, ""fronteira"": 3, ""liberacao"": 2, ""regret"": 0, ""abertura"": 0}",0.2967314000125043,29.593910800045705,0.0,306.0,0.0,
clusters_m30_n150_r1.5_s2006,clusters,1.5,30,150,kernel,29599.82197556179,True,-1,0,60.0,58.000745,0.0,29345.929855157457,28402.63115052376,gap,"[[0.4291241000028094, 30977.582716964214], [1.2415720999997575, 30891.045049322573], [1.9684220000053756, 29669.87414213158], [14.127703000005567, 29669.87414213158], [19.96732170000905, 29599.821975561776]]",58.000745,57.78125,0.9962156520575727,False,53.5,870.15234375,6,373.0,,0.5666666666666667,2.0,f87a27db44006f4d588c,,,,,,,,,,,,,0.06944099999964237
clusters_m30_n150_r1.5_s2007,clusters,1.5,30,150,adaptativa:gnn,26976.8646811286,True,0,0,60.0,58.9976138,0.0,27787.828705417225,26096.205329013814,gap,"[[0.2519786000048043, 34978.137895229294], [1.5721150000026682, 28367.796536466776], [1.6130892999935895, 27069.483404832434], [1.7825158999912674, 27069.483404832426], [4.947360899997875, 27069.483404832426], [6.8216136999981245, 26976.8646811286], [15.074162199991406, 26976.86468112861], [26.336217599993688, 26976.86468112861], [34.11997169998358, 26976.86468112861]]",58.9976138,58.609375,0.9934194152103148,False,51.8,870.15234375,6,358.0,False,1.0,4.0,f87a27db44006f4d588c,,,,,,,,,,,,,
clusters_m30_n150_r1.5_s2007,clusters,1.5,30,150,adaptativa:pl,27034.677743165787,True,-1,0,60.0,58.9989796,0.0,27787.828705417225,26096.205329013814,gap,"[[0.2808365999808302, 28040.55224630723], [1.9870495999784907, 27084.78779097232], [4.202391799990437, 27037.712359754674], [5.341369899979327, 27034.677743165787], [15.067866299985326, 27034.677743165783], [26.075362899980973, 27034.677743165783], [35.47137139998085, 27034.677743165783]]",58.9989796,58.515625,0.9918074074623487,False,50.4,878.3515625,2,299.0,False,1.0,4.0,f87a27db44006f4d588c,,,,,,,,,,,,,
clusters_m30_n150_r1.5_s2007,clusters,1.5,30,150,completo,27787.828705417225,True,-1,0,60.0,56.9976716,0.0,27787.828705417225,26096.205329013814,gap,"[[0.2913611999974819, 34930.140517293694], [1.2272570000059204, 33896.30574166074], [1.4387457999982871, 31687.3995006307], [1.6389997999940533, 30971.564240956854], [2.5352223999943817, 30034.322014054844], [5.324185599994962, 28451.6309036863], [29.191567700007, 27835.649435100062], [29.226908199998434, 27787.82870541723]]",56.9976716,56.53125,0.9918168306369904,False,49.4,878.3515625,2,483.0,False,1.0,1.0,f87a27db44006f4d588c,,,,,,,,,,,,,
clusters_m30_n150_r1.5_s2007,clusters,1.5,30,150,hibrido:rotacao,26689.91168307604,True,-1,0,60.0,59.9917045,0.0,27787.828705417225,26096.205329013814,gap,"[[0.3529664999805391, 34978.137895229294], [1.7057755999849178, 28367.796536466776], [1.759518599981675, 27069.483404832434], [1.9482163999928162, 27069.483404832426], [5.272590499982471, 27069.483404832426], [6.901119699992705, 26976.8646811286], [8.275736599985976, 26976.86468112861], [13.058760399988387, 26976.86468112861], [17.118470899993554, 26976.86468112861], [29.994985199999064, 26976.8646811286], [30.99269070000446, 26966.40140286401], [31.391715799996746, 26963.69290994775], [31.419173500005854, 26960.053230731024], [33.41768690000754, 26960.02108091351], [33.992929100000765, 26701.31955763902], [35.61044899999979, 26699.598868527282], [36.657998800001224, 26698.720858587956], [37.09543380000105, 26691.831015842796], [39.99466530000791, 26689.91168307604]]",59.9917045,59.28125,0.9881574543360407,False,49.9,914.203125,4,,,,,f87a27db44006f4d588c,29.99480190000031,26976.8646811286,106.0,106.0,63.0,"{""interior"": 27, ""fronteira"": 27, ""liberacao"": 26, ""regret"": 26, ""abertura"": 0}","{""interior"": 2, ""fronteira"": 4, ""liberacao"": 2, ""regret"": 1, ""abertura"": 0}",0.08303329999034759,29.87966930003313,0.0,41.0,0.0,
clusters_m30_n150_r1.5_s2007,clusters,1.5,30,150,hibrido:rotacao,26549.405415992882,True,-1,1,60.0,60.0028503,0.00285029999999864,27787.828705417225,26096.205329013814,gap,"[[0.2832442000071751, 34978.137895229294], [6.61497860000236, 27439.28588463284], [8.180759599985322, 27439.285884632838], [9.542732599991723, 27068.098216222126], [9.702825799991842, 27068.098216222115], [13.882084299984854, 26965.164094005282], [14.076406500011217, 26965.164094005286], [18.166148500007694, 26965.164094005286], [30.00902509999287, 26965.164094005282], [30.710098299998208, 26702.185919907293], [33.00319789999048, 26698.513113265806], [34.996065299987094, 26697.27071368284], [35.76040319999447, 26696.787434558857], [38.00163590000011, 26694.60055624428], [38.35276879998855, 26552.737350214502], [38.81267479999224, 26551.239360703592], [39.648729299995466, 26549.405415992882]]",60.0028503,59.359375,0.9892759211140342,False,50.5,914.203125,4,,,,,f87a27db44006f4d588c,30.008783099998254,26965.164094005282,98.0,98.0,106.0,"{""interior"": 25, ""fronteira"": 25, ""liberacao"": 24, ""regret"": 24, ""abertura"": 0}","{""interior"": 2, ""fronteira"": 5, ""liberacao"": 1, ""regret"": 0, ""abertura"": 0}",0.07919139998557512,29.88438539992785,0.0,45.0,0.0,
clusters_m30_n150_r1.5_s2007,clusters,1.5,30,150,hibrido:rotacao,26701.66293382077,True,-1,2,60.0,59.9986126,0.0,27787.828705417225,26096.205329013814,gap,"[[0.23290209998958744, 34978.137895229294], [1.421632999990834, 28185.267663706218], [1.4765462999930605, 27069.483404832434], [1.6351685999979964, 27069.483404832426], [4.6234380999958375, 26973.333276617344], [4.759682599993539, 26973.333276617344], [8.055473399988841, 26973.333276617348], [14.092770300005213, 26973.333276617348], [18.604435800007195, 26973.333276617348], [28.9981187999947, 26973.333276617348], [29.999127300005057, 26888.559026955838], [31.196873900000355, 26857.56324886086], [31.245333600003505, 26857.205387353195], [31.63862889999291, 26851.983769505456], [31.683193899996695, 26851.693898691126], [34.01013330000569, 26720.515668158005], [36.00165019999258, 26717.34641106928], [41.624308700003894, 26714.615555703633], [43.26289159999578, 26714.088946664517], [46.26222940000298, 26712.19953300013], [49.01527139999962, 26705.41282977184], [49.45136379999167, 26702.37125041581], [53.42229899999802, 26701.66293382077]]",59.9986126,59.65625,0.9942938247208736,False,49.5,870.15234375,6,,,,,f87a27db44006f4d588c,28.997924700001022,26973.333276617348,102.0,102.0,89.0,"{""interior"": 26, ""fronteira"": 26, ""liberacao"": 25, ""regret"": 25, ""abertura"": 0}","{""interior"": 2, ""fronteira"": 6, ""liberacao"": 3, ""regret"": 2, ""abertura"": 0}",0.08095490001142025,30.891205600069952,0.0,13.0,0.0,
clusters_m30_n150_r1.5_s2007,clusters,1.5,30,150,hibridopl:rotacao,26691.03216163464,True,-1,0,60.0,59.9970292,0.0,27787.828705417225,26096.205329013814,gap,"[[0.2166608000115957, 28040.55224630723], [2.0516339000168955, 27084.78779097232], [4.308581400007824, 27037.712359754674], [5.606844500012812, 27034.677743165787], [8.094943700009026, 27034.677743165783], [14.515606800006935, 27034.677743165783], [18.146879100007936, 27034.677743165783], [30.0004409999965, 27034.677743165787], [33.87682770000538, 26691.03216163464]]",59.9970292,59.203125,0.9867676081535051,False,51.7,878.3515625,2,,,,,f87a27db44006f4d588c,30.000206400000025,27034.677743165787,138.0,138.0,63.0,"{""interior"": 35, ""fronteira"": 35, ""liberacao"": 34, ""regret"": 34, ""abertura"": 0}","{""interior"": 0, ""fronteira"": 0, ""liberacao"": 1, ""regret"": 0, ""abertura"": 0}",0.11257400008616969,29.841717100091046,0.0,99.0,0.0,
clusters_m30_n150_r1.5_s2007,clusters,1.5,30,150,hibridopl:rotacao,26692.524551367933,True,-1,1,60.0,60.0025339,0.0025339000000030865,27787.828705417225,26096.205329013814,gap,"[[0.2541127000004053, 28040.55224630723], [1.7222675000084564, 27127.300181445313], [8.345342599990545, 27127.300181445313], [9.824634099990362, 27102.602660199944], [12.026627300001564, 27038.167038415177], [13.070613699994283, 27038.16703841517], [17.112440299999435, 27038.16703841517], [30.00264109999989, 27038.167038415177], [33.99987529999635, 26701.036310358988], [35.00252959999489, 26700.397510685383], [42.52066929999273, 26698.65789793215], [42.93715079998947, 26694.23647718336], [46.40505899999698, 26692.524551367933]]",60.0025339,59.359375,0.9892811376754207,False,49.6,914.203125,4,,,,,f87a27db44006f4d588c,30.0024512999953,27038.167038415177,130.0,130.0,48.0,"{""interior"": 33, ""fronteira"": 33, ""liberacao"": 32, ""regret"": 32, ""abertura"": 0}","{""interior"": 1, ""fronteira"": 2, ""liberacao"": 2, ""regret"": 0, ""abertura"": 0}",0.10574990005989093,29.855918800007203,0.0,55.0,0.0,
clusters_m30_n150_r1.5_s2007,clusters,1.5,30,150,hibridopl:rotacao,26690.159621683422,True,-1,2,60.0,59.9984021,0.0,27787.828705417225,26096.205329013814,gap,"[[0.28290769999148324, 28040.55224630723], [2.1095487999991747, 27076.358700692697], [4.044860099995276, 27036.97142359814], [8.067047099990305, 27036.971423598134], [14.06706510001095, 27036.971423598134], [18.122595200009528, 27036.971423598134], [29.997266099991975, 27036.97142359814], [33.03267549999873, 27036.478252913734], [36.99502589998883, 26699.34752485754], [56.57708899999852, 26698.65789793215], [56.9959128999908, 26691.120999037903], [58.68517179999617, 26690.159621683422]]",59.9984021,59.03125,0.9838803690406949,False,50.1,878.3515625,2,,,,,f87a27db44006f4d588c,29.99705150000227,27036.97142359814,90.0,90.0,87.0,"{""interior"": 23, ""fronteira"": 23, ""liberacao"": 22, ""regret"": 22, ""abertura"": 0}","{""interior"": 2, ""fronteira"": 2, ""liberacao"": 1, ""regret"": 0, ""abertura"": 0}",0.06920639997406397,29.906974100042135,0.0,37.0,0.0,
clusters_m30_n150_r1.5_s2007,clusters,1.5,30,150,kernel,27308.188055757724,True,-1,0,60.0,57.9945008,0.0,27787.828705417225,26096.205329013814,gap,"[[0.45841409999411553, 29441.266620092912], [1.530624999999418, 28893.715776398945], [3.21229699999094, 27994.98414846886], [14.109534999995958, 27994.984148468855], [18.86908649999532, 27358.913735145907], [18.87153199999011, 27337.0937108886], [46.377296199993, 27308.188055757728]]",57.9945008,57.609375,0.9933592703672346,False,49.9,870.15234375,6,422.0,,0.5666666666666667,2.0,f87a27db44006f4d588c,,,,,,,,,,,,,0.0642877999925986
clusters_m30_n150_r3.0_s2000,clusters,3.0,30,150,adaptativa:gnn,18965.061899066382,True,0,0,60.0,59.0022285,0.0,20943.885708773705,18639.58816220854,gap,"[[0.17576799998641945, 20834.931299256572], [0.8970416999945883, 20502.402894813174], [0.940997099984088, 20406.86414320086], [0.9527237999864155, 20355.124950269816], [2.2695432999898912, 19964.372372986654], [2.3273832999984734, 19001.410359009336], [6.065509199994267, 18996.19679016581], [9.44635759999801, 18967.869231446108], [12.377541199995903, 18965.061899066393], [15.044398199985153, 18965.061899066393], [16.916260799989686, 18965.06189906638], [26.081081599986646, 18965.061899066393], [35.126981899986276, 18965.061899066393]]",59.0022285,58.5,0.991487974051692,False,48.2,788.5390625,2,1053.0,False,1.0,4.0,f87a27db44006f4d588c,,,,,,,,,,,,,
clusters_m30_n150_r3.0_s2000,clusters,3.0,30,150,adaptativa:pl,18964.677427869843,True,-1,0,60.0,58.9948645,0.0,20943.885708773705,18639.58816220854,gap,"[[0.16093659999023657, 21496.164192201675], [0.24403519999759737, 21138.579203266007], [0.525766399994609, 21106.437279602447], [1.4438208999927156, 20924.040956318902], [3.2882224999921164, 19905.821506913344], [4.583937000003061, 19890.4019959293], [5.476322599992272, 19718.468787321945], [7.220292799989693, 19364.44419147627], [7.864826099990751, 19203.01538398773], [9.214217399989138, 19116.685823424275], [9.535119499996654, 19072.739010205376], [9.546067399991443, 19050.252415929855], [9.546508300001733, 19031.534508714092], [11.105214199997135, 18995.08808530234], [12.42533800000092, 18984.974747568263], [13.44094369999948, 18966.2054621235], [14.094807699992089, 18964.677427869847], [15.036387999993167, 18964.677427869847], [26.126905199998873, 18964.677427869847], [34.44951740000397, 18964.677427869847]]",58.9948645,58.9375,0.9990276357020873,False,45.5,681.484375,6,1586.0,False,1.0,4.0,f87a27db44006f4d588c,,,,,,,,,,,,,
clusters_m30_n150_r3.0_s2000,clusters,3.0,30,150,completo,20206.991693435444,True,-1,0,60.0,56.9995236,0.0,20943.885708773705,18639.58816220854,gap,"[[0.6038956999982474, 38879.51137991613], [2.3899435000057565, 24243.898154731975], [2.487429600005271, 24199.894450396707], [5.5295659999974305, 22717.82335291875], [5.787635200002114, 22430.366289708072], [5.861054199995124, 22385.628647233414], [5.863292900001397, 22257.154647012874], [5.894740600007935, 20943.885708773727], [34.655492899997625, 20819.67809973235], [34.674218300002394, 20817.44966950608], [34.697430500003975, 20791.624868142793], [43.646329900002456, 20788.21348237002], [44.46838020000723, 20375.66750595946], [46.931903400007286, 20361.250168750663], [52.44364919999498, 20304.346497429684], [55.50078519999806, 20206.99169343549]]",56.9995236,56.875,0.9978153571795818,False,47.8,676.30078125,4,735.0,False,1.0,1.0,f87a27db44006f4d588c,,,,,,,,,,,,,
clusters_m30_n150_r3.0_s2000,clusters,3.0,30,150,hibrido:rotacao,18945.760456185235,True,-1,0,60.0,59.9954481,0.0,20943.885708773705,18639.58816220854,gap,"[[0.18090780000784434, 20834.931299256572], [0.8956671000050846, 20502.402894813174], [0.9371704000077443, 20406.86414320086], [0.9486495000019204, 20355.124950269816], [2.232748900001752, 19964.372372986654], [2.293011200003093, 19001.410359009336], [5.736342800009879, 18996.19679016581], [8.043596300005447, 18996.19679016581], [14.151221600011922, 18996.19679016581], [16.23075470000913, 18980.224091326512], [16.25783980000415, 18978.39374160441], [18.377083100014715, 18978.39374160441], [29.994465700001456, 18978.3937416044], [30.03699809999671, 18964.71512931087], [30.77896039999905, 18961.855519612764], [33.995376599996234, 18960.139718788298], [36.87420199999178, 18945.760456185235]]",59.9954481,59.953125,0.9992945614819069,False,45.8,725.234375,6,,,,,f87a27db44006f4d588c,29.99427349999314,18978.3937416044,203.0,203.0,450.0,"{""interior"": 51, ""fronteira"": 51, ""liberacao"": 51, ""regret"": 50, ""abertura"": 0}","{""interior"": 1, ""fronteira"": 2, ""liberacao"": 1, ""regret"": 0, ""abertura"": 0}",0.28064120006456506,29.678487600031076,0.0,112.0,0.0,
clusters_m30_n150_r3.0_s2000,clusters,3.0,30,150,hibrido:rotacao,18959.58786938919,True,-1,1,60.0,59.9963465,0.0,20943.885708773705,18639.58816220854,gap,"[[0.18246490000456106, 20834.931299256572], [0.894902700005332, 20287.83209537741], [2.223305400009849, 19659.352657097344], [2.953136700001778, 19535.24906856061], [2.968642000007094, 19534.487939759074], [3.0416609000094468, 19320.93005164236], [5.568752700011828, 19134.906743241405], [7.257126700002118, 19081.841077799843], [8.038812400001916, 19081.841077799843], [9.583081700009643, 19038.238605777755], [9.604978100003791, 19009.543330288547], [9.611478899998474, 18985.80031499106], [13.094136100000469, 18980.163438247564], [14.078264999989187, 18980.163438247564], [18.0977807000163, 18980.163438247564], [29.99882749999233, 18980.163438247564], [30.17582269999548, 18969.570054617318], [30.59167969999544, 18967.40347207139], [33.44714200000453, 18963.092122556794], [34.01923469999747, 18961.02402000099], [34.14349180000136, 18960.901989016013], [34.69043519999832, 18960.775994334457], [34.7321563000005, 18959.58786938919]]",59.9963465,59.890625,0.9982378677008275,False,45.9,790.57421875,4,,,,,f87a27db44006f4d588c,29.998613000003388,18980.163438247564,171.0,171.0,665.0,"{""interior"": 43, ""fronteira"": 43, ""liberacao"": 43, ""regret"": 42, ""abertura"": 0}","{""interior"": 1, ""fronteira"": 2, ""liberacao"": 3, ""regret"": 1, ""abertura"": 0}",0.2233628001267789,29.73797369998647,0.0,89.0,0.0,
clusters_m30_n150_r3.0_s2000,clusters,3.0,30,150,hibrido:rotacao,18941.7719398173,True,-1,2,60.0,60.0008551,0.000855100000002551,20943.885708773705,18639.58816220854,gap,"[[0.1998254999925848, 20834.931299256572], [0.9455971999996109, 20158.972946341135], [0.9802407999959541, 20006.81315038145], [0.980765699991025, 20004.50457938078], [0.9818076999945333, 19979.297616585445], [2.0471610999957193, 19208.916686556553], [2.6053455999935977, 19126.836872964202], [2.972896099992795, 19098.437155966523], [2.974921200002427, 19072.013667606232], [2.9786040999897523, 19016.180401121426], [5.875263499998255, 19013.734942875137], [8.432103400002234, 19013.734942875137], [9.699743799996213, 19010.17425468439], [9.702674799991655, 18992.4370702451], [9.703234599990537, 18988.148397745266], [13.082211500004632, 18988.148397745266], [17.100270299997646, 18988.148397745266], [29.99970420000318, 18988.148397745255], [30.99785640000482, 18984.22350767135], [31.827278299999307, 18978.354798215783], [31.88636089999636, 18962.232085955693], [33.15088210000249, 18953.803992952195], [33.303269199997885, 18950.499280150383], [36.00163909999537, 18948.734442114233], [36.136633899994195, 18947.104988656803], [36.490917300005094, 18943.506869801575], [37.610729599997285, 18941.7719398173]]",60.0008551,59.828125,0.9971212060276121,False,45.9,676.30078125,4,,,,,f87a27db44006f4d588c,29.999519899996812,18988.148397745255,147.0,147.0,515.0,"{""interior"": 37, ""fronteira"": 37, ""liberacao"": 37, ""regret"": 36, ""abertura"": 0}","{""interior"": 2, ""fronteira"": 3, ""liberacao"": 4, ""regret"": 0, ""abertura"": 0}",0.20328690005408134,29.764303200208815,0.0,61.0,0.0,
clusters_m30_n150_r3.0_s2000,clusters,3.0,30,150,hibridopl:rotacao,19056.468762915196,True,-1,0,60.0,59.9688993,0.0,20943.885708773705,18639.58816220854,gap,"[[0.16526960000919644, 21496.164192201675], [0.2494548999966355, 21138.579203266007], [0.5628620000061346, 21106.437279602447], [1.572501500006183, 20924.040956318902], [3.4279325999959838, 19905.821506913344], [4.706892100002733, 19890.4019959293], [5.600924800004577, 19718.468787321945], [7.453098500001943, 19364.44419147627], [8.539088099991204, 19364.444191476283], [13.065918999986025, 19364.444191476283], [14.458194899998489, 19355.62682054827], [14.459546699989005, 19352.472442521565], [17.10690369999793, 19352.472442521565], [20.86661539999477, 19206.2542629038], [29.997346900010598, 19206.254262903793], [30.043409500009147, 19205.815613805415], [30.41860760000418, 19190.025583278708], [30.452654100008658, 19187.979524285576], [30.657632900009048, 19147.140387364292], [30.684187600010773, 19145.83989927749], [31.99942849999934, 19105.461176282657], [32.73770369999693, 19098.313930101864], [37.22847420000471, 19095.175955181927], [37.99738040000375, 19082.102116175607], [38.782681600001524, 19075.507057252562], [39.18899670000246, 19063.153348332482], [39.33631120000791, 19056.468762915196]]",59.9688993,59.515625,0.9924415104280562,False,46.0,821.06640625,2,,,,,f87a27db44006f4d588c,29.99712620000355,19206.254262903793,179.0,179.0,356.0,"{""interior"": 45, ""fronteira"": 45, ""liberacao"": 45, ""regret"": 44, ""abertura"": 0}","{""interior"": 0, ""fronteira"": 6, ""liberacao"": 5, ""regret"": 1, ""abertura"": 0}",0.2428068000735948,29.690375400081393,0.0,80.0,0.0,
clusters_m30_n150_r3.0_s2000,clusters,3.0,30,150,hibridopl:rotacao,18958.351860215174,True,-1,1,60.0,60.0366647,0.03666470000000288,20943.885708773705,18639.58816220854,gap,"[[0.1613194000092335, 21496.164192201675], [0.244539999999688, 21138.579203266007], [0.5147053999971831, 21106.437279602447], [1.4346723000053316, 20924.040956318902], [2.0433376000000862, 19303.903787381638], [3.4047527000075206, 19274.41908582378], [3.4052659000008134, 19271.087578864], [6.100347400002647, 19025.91861516792], [8.18065380002372, 19025.91861516792], [14.11282380000921, 19025.91861516792], [18.288753500004532, 19025.91861516792], [21.33540169999469, 19018.17707488833], [30.031342000016593, 19018.17707488832], [30.052794100018218, 19015.317465190215], [30.06979740000679, 19013.601664365753], [30.82804560000659, 19006.636304539796], [30.852966600010404, 19001.58399534057], [30.881348800015985, 18973.15248117254], [32.469880700009526, 18962.64053271501], [33.05574260001595, 18958.351860215174]]",60.0366647,59.609375,0.9928828541336341,False,47.3,821.06640625,2,,,,,f87a27db44006f4d588c,30.03114830001141,19018.17707488832,151.0,151.0,406.0,"{""interior"": 38, ""fronteira"": 38, ""liberacao"": 38, ""regret"": 37, ""abertura"": 0}","{""interior"": 3, ""fronteira"": 2, ""liberacao"": 1, ""regret"": 1, ""abertura"": 0}",0.20822649990441278,29.761948399973335,0.0,81.0,0.0,
clusters_m30_n150_r3.0_s2000,clusters,3.0,30,150,hibridopl:rotacao,18957.60891246675,True,-1,2,60.0,60.0048745,0.004874499999999671,20943.885708773705,18639.58816220854,gap,"[[0.1697647999972105, 21496.164192201675], [0.26087649998953566, 21138.579203266007], [0.5906312999868533, 21106.437279602447], [1.4340058999950998, 20924.040956318902], [3.611324599987711, 19846.263328687357], [5.057797699992079, 19799.347509257845], [6.035347899989574, 19095.751746913174], [6.037507099987124, 18971.360406714208], [6.05221189999429, 18965.838842932964], [8.041792200005148, 18965.838842932964], [14.071187099994859, 18965.838842932964], [15.639064299990423, 18965.83884293296], [18.15148039998894, 18965.838842932964], [30.00022759998683, 18965.83884293296], [31.33818359998986, 18963.216029372164], [32.130712199999834, 18962.394846778996], [32.189764700000524, 18961.29540556253], [44.990792099997634, 18958.264588358645], [45.401981699993485, 18957.60891246675]]",60.0048745,59.9375,0.9988771828862003,False,48.0,725.234375,6,,,,,f87a27db44006f4d588c,30.000017699989257,18965.83884293296,163.0,163.0,344.0,"{""interior"": 41, ""fronteira"": 41, ""liberacao"": 41, ""regret"": 40, ""abertura"": 0}","{""interior"": 0, ""fronteira"": 3, ""liberacao"": 2, ""regret"": 0, ""abertura"": 0}",0.23118500017153565,29.736117799999192,0.0,71.0,0.0,
clusters_m30_n150_r3.0_s2000,clusters,3.0,30,150,kernel,18948.335388132695,True,-1,0,60.0,59.9986884,0.0,20943.885708773705,18639.58816220854,gap,"[[0.17219139999360777, 22887.524349185394], [0.25850319999153726, 22522.519632519194], [1.8601282999879913, 19404.607508810495], [4.3912134999991395, 19253.75617039468], [4.391678599989973, 19242.081453929535], [4.394800399997621, 19238.259199868975], [5.912781199993333, 19216.11496083587], [8.366981199986185, 19078.914778990034], [10.42141259998607, 18991.321311899934], [12.337128999992274, 18966.156807137548], [15.060738099986338, 18966.156807137548], [18.645386899996083, 18966.156807137544], [30.31855060000089, 18966.156807137548], [43.07757150000543, 18964.93307235951], [44.041720299996086, 18964.93307235951], [51.359969899989665, 18956.689654257676], [51.369825100002345, 18953.028786936917], [54.26804369999445, 18949.42725856504], [56.617877299999236, 18948.3353881327]]",59.9986884,59.890625,0.9981989039613739,False,47.6,790.57421875,4,1963.0,,0.3,4.0,f87a27db44006f4d588c,,,,,,,,,,,,,0.08819059999950696
clusters_m30_n150_r3.0_s2001,clusters,3.0,30,150,adaptativa:gnn,19614.929865453138,True,0,0,60.0,58.998024,0.0,20287.03690748319,18685.943705416877,gap,"[[0.35789300000760704, 20719.155638961893], [0.3943155000160914, 20675.224895504605], [4.8535830000037095, 20648.004386533157], [4.8541552000097, 20593.313117911202], [4.854506500007119, 20589.460141893403], [5.935338800016325, 20116.64131032677], [7.905847900008666, 19750.641063028113], [9.633486700011417, 19668.795422619572], [11.589323600011994, 19650.35561703701], [13.026229100010823, 19649.287856101117], [15.044055800011847, 19649.287856101117], [25.144595100005972, 19636.15945390326], [26.063941100001102, 19636.15945390326], [35.10535090000485, 19636.15945390326], [37.98207250001724, 19625.44354037959], [37.98398260000977, 19624.744480057292], [37.98805230001744, 19614.929865453127]]",58.998024,58.9375,0.9989741351337462,False,40.2,821.06640625,2,227.0,False,1.0,4.0,f87a27db44006f4d588c,,,,,,,,,,,,,
clusters_m30_n150_r3.0_s2001,clusters,3.0,30,150,adaptativa:pl,19874.21174608904,True,-1,0,60.0,59.0004047,0.0,20287.03690748319,18685.943705416877,gap,"[[0.178249099990353, 22783.942858483482], [0.2927045999967959, 21131.201260013473], [1.142720999996527, 20767.47052140238], [2.6740340999967884, 20655.351277695994], [5.742272199990111, 20204.492549236413], [8.514374799997313, 20055.403486921707], [8.519722800003365, 19985.405080778866], [8.520443499990506, 19984.46371294346], [13.164451299991924, 19897.378445925166], [15.048836100002518, 19897.378445925166], [26.06691850000061, 19897.378445925166], [35.494292200004566, 19897.378445925166], [38.47037000001001, 19879.983854247123], [38.47222750000947, 19874.21174608902]]",59.0004047,59.0,0.9999931407250161,False,40.2,805.64453125,6,729.0,False,1.0,4.0,f87a27db44006f4d588c,,,,,,,,,,,,,
clusters_m30_n150_r3.0_s2001,clusters,3.0,30,150,completo,19606.20128266171,True,-1,0,60.0,57.0057912,0.0,20287.03690748319,18685.943705416877,gap,"[[0.2697684000013396, 38369.70726557785], [1.4478782000078354, 25244.758317757893], [1.5610672000038903, 23986.48040076253], [3.8334348000062164, 21002.896810983788], [4.367972300009569, 20982.070237530424], [4.41768779999984, 20691.526534544028], [4.419609300006414, 20680.09091366534], [34.52265980000084, 19761.087078082823], [34.542351600000984, 19672.888932978094], [34.55201400000078, 19646.097734705705], [42.49810140000773, 19635.115019572666], [50.722338699997636, 19606.201282661707]]",57.0057912,57.015625,1.000172505280481,False,39.9,805.64453125,6,546.0,False,1.0,1.0,f87a27db44006f4d588c,,,,,,,,,,,,,
clusters_m30_n150_r3.0_s2001,clusters,3.0,30,150,hibrido:rotacao,19564.96962372081,True,-1,0,60.0,59.9606761,0.0,20287.03690748319,18685.943705416877,gap,"[[0.1805593999888515, 20719.155638961893], [0.2158857999893371, 20675.224895504605], [4.7776969999977155, 20648.004386533157], [4.778278799989494, 20593.313117911202], [4.778620699988096, 20589.460141893403], [5.872312599996803, 20116.64131032677], [7.834641599998577, 19750.641063028113], [8.040424699996947, 19750.641063028113], [14.059350700001232, 19750.641063028113], [18.398791600004188, 19750.641063028113], [21.455224600009387, 19674.624525085233], [21.462267700000666, 19663.47981384574], [30.000867700000526, 19663.47981384576], [30.029830100000254, 19654.82745155388], [30.101063399997656, 19652.57586537863], [30.379296699989936, 19652.556954916094], [30.47257099999115, 19631.48045898569], [30.523554300001706, 19627.832210240387], [30.997309500002302, 19590.772941206214], [31.24738570000045, 19582.872450464132], [31.997256399990874, 19571.043731627746], [32.51975359999051, 19570.39603877325], [32.64510899999004, 19570.192642004182], [33.059049299990875, 19569.509764189424], [34.42988830000104, 19567.554896252976], [39.62811639999563, 19566.454328936048], [39.67589759999828, 19564.96962372081]]",59.9606761,59.9375,0.9996134783410155,False,39.9,821.06640625,2,,,,,f87a27db44006f4d588c,30.000695700000506,19663.47981384576,262.0,262.0,366.0,"{""interior"": 66, ""fronteira"": 66, ""liberacao"": 65, ""regret"": 65, ""abertura"": 0}","{""interior"": 1, ""fronteira"": 5, ""liberacao"": 8, ""regret"": 0, ""abertura"": 0}",0.3535869999905117,29.55697030002193,0.0,135.0,0.0,
clusters_m30_n150_r3.0_s2001,clusters,3.0,30,150,hibrido:rotacao,19606.00461032451,True,-1,1,60.0,59.9920638,0.0,20287.03690748319,18685.943705416877,gap,"[[0.17487989999062847, 20719.155638961893], [0.2102351999928942, 20675.224895504605], [1.7445882999891182, 20626.266317700396], [1.745002800002112, 20619.33385001521], [1.7480472999886842, 20619.27258843309], [4.436870699995779, 20582.793278585443], [4.43962509999983, 20569.813372571833], [4.440219999989495, 20562.651879889414], [5.488291199988453, 19682.549148859394], [8.045635199989192, 19682.549148859394], [14.065286500001093, 19682.549148859394], [18.10320870000578, 19682.549148859394], [20.866992700000992, 19672.402524550263], [29.998393500005477, 19672.40252455027], [30.157430999999633, 19664.324992327736], [30.570932400005404, 19664.02345670822], [31.000481299997773, 19655.083803979414], [31.396720999997342, 19654.725759290995], [31.601060500004678, 19652.06802193375], [31.85736490000272, 19648.787090471647], [32.5324227999954, 19636.936590588506], [32.641725399997085, 19635.214195761208], [34.944545000005746, 19612.872239705826], [35.991687699992326, 19606.011926480227], [37.296747800006415, 19606.00461032451]]",59.9920638,59.96875,0.9996113852645956,False,39.9,805.64453125,6,,,,,f87a27db44006f4d588c,29.998199800000293,19672.40252455027,483.0,483.0,351.0,"{""interior"": 121, ""fronteira"": 121, ""liberacao"": 121, ""regret"": 120, ""abertura"": 0}","{""interior"": 3, ""fronteira"": 5, ""liberacao"": 3, ""regret"": 0, ""abertura"": 0}",0.6565594000567216,29.252489999926183,0.0,275.0,0.0,
clusters_m30_n150_r3.0_s2001,clusters,3.0,30,150,hibrido:rotacao,19564.692426738202,True,-1,2,60.0,59.9978093,0.0,20287.03690748319,18685.943705416877,gap,"[[0.1796279999834951, 20719.155638961893], [0.21367539999482688, 20675.224895504605], [1.5495896999927936, 20658.882946429403], [1.549978299983195, 20594.616623631326], [1.576555899984669, 20583.34977275428], [3.858859499989194, 19876.796602074588], [6.489883299989742, 19703.943187895256], [8.04051310000068, 19703.943187895246], [10.323078200002783, 19693.107524815965], [14.05942989999312, 19693.107524815965], [18.289864499980467, 19693.107524815965], [29.998919499994372, 19693.10752481598], [30.05783550000342, 19658.62264995478], [30.66528709999693, 19654.003388668785], [30.730552699998952, 19637.25294254063], [30.882278499993845, 19601.373088572658], [30.93195850000484, 19599.07833366222], [31.17598139999609, 19574.833846948983], [31.448911300001782, 19571.177257621668], [31.566779400003725, 19571.08557858105], [32.470831600003294, 19564.692426738202]]",59.9978093,59.984375,0.9997760868245568,False,39.9,872.32421875,4,,,,,f87a27db44006f4d588c,29.99873110000044,19693.10752481598,479.0,479.0,364.0,"{""interior"": 120, ""fronteira"": 120, ""liberacao"": 120, ""regret"": 119, ""abertura"": 0}","{""interior"": 1, ""fronteira"": 4, ""liberacao"": 4, ""regret"": 0, ""abertura"": 0}",0.6257087000703905,29.289146799885202,0.0,307.0,0.0,
clusters_m30_n150_r3.0_s2001,clusters,3.0,30,150,hibridopl:rotacao,19855.30858141044,True,-1,0,60.0,59.998165,0.0,20287.03690748319,18685.943705416877,gap,"[[0.26277259999187663, 22783.942858483482], [0.37889279999944847, 21131.201260013473], [1.2113672999985283, 20767.47052140238], [2.7156772000016645, 20655.351277695994], [5.725520599997253, 20204.492549236413], [8.046557599998778, 20204.4925492364], [14.066744599986123, 20204.4925492364], [18.344971099999384, 20204.4925492364], [21.294054099998903, 20023.72203699993], [21.328770399995847, 19934.694180412615], [21.353018800000427, 19902.368724365828], [30.002310999989277, 19902.368724365846], [30.644381199992495, 19899.62248470529], [30.877538599990658, 19897.871399301395], [31.07907140000316, 19864.79679215964], [31.110245699994266, 19861.53118200569], [32.05391989999043, 19859.02468400153], [33.42360379999445, 19856.16675998467], [35.30645829999412, 19855.701326475726], [35.60276719999092, 19855.573562149868], [41.47938389999035, 19855.30858141044]]",59.998165,59.921875,0.9987284611121023,False,41.2,821.06640625,2,,,,,f87a27db44006f4d588c,30.00211020000279,19902.368724365846,227.0,227.0,147.0,"{""interior"": 57, ""fronteira"": 57, ""liberacao"": 57, ""regret"": 56, ""abertura"": 0}","{""interior"": 1, ""fronteira"": 3, ""liberacao"": 5, ""regret"": 0, ""abertura"": 0}",0.3159638999059098,29.633364000022993,0.0,103.0,0.0,
clusters_m30_n150_r3.0_s2001,clusters,3.0,30,150,hibridopl:rotacao,19861.667056353243,True,-1,1,60.0,59.9997985,0.0,20287.03690748319,18685.943705416877,gap,"[[0.21838940000452567, 22783.942858483482], [0.35765840001113247, 21131.201260013473], [1.1841785000142409, 20767.47052140238], [2.6850105000048643, 20655.351277695994], [7.640951300010784, 20555.462233578273], [7.644987400009995, 20520.922295829292], [7.645594200002961, 20515.150187671188], [7.7190494000096805, 20035.649732516016], [8.05084340000758, 20035.649732516005], [14.065837800008012, 20035.649732516005], [18.100872199996957, 20035.649732516005], [21.001747299989802, 20020.98895705996], [29.999625800002832, 20020.98895705997], [30.02569609999773, 20020.306876168303], [30.334828399994876, 20018.359262311023], [30.552767900007893, 19979.33112244238], [30.60041810000257, 19968.371083563045], [31.072227299999213, 19914.703188789943], [31.23670019999554, 19889.312223415167], [31.27551819999644, 19888.543783767567], [31.623993900007918, 19888.41601944171], [31.635073700002977, 19879.370690206983], [32.27812630000699, 19870.88045699141], [33.9702227999951, 19869.890439583], [36.8079349000036, 19861.667056353243]]",59.9997985,60.0,1.0000033583446117,False,40.1,872.32421875,4,,,,,f87a27db44006f4d588c,29.99943510000594,20020.98895705997,283.0,283.0,134.0,"{""interior"": 71, ""fronteira"": 71, ""liberacao"": 71, ""regret"": 70, ""abertura"": 0}","{""interior"": 2, ""fronteira"": 3, ""liberacao"": 6, ""regret"": 1, ""abertura"": 0}",0.3746838998195017,29.56971919989155,0.0,153.0,0.0,
clusters_m30_n150_r3.0_s2001,clusters,3.0,30,150,hibridopl:rotacao,19953.545772730624,True,-1,2,60.0,60.0014972,0.001497200000002863,20287.03690748319,18685.943705416877,gap,"[[0.17955290000827517, 22783.942858483482], [0.29249990000971593, 21131.201260013473], [1.1221331000124337, 20767.47052140238], [2.617975600005593, 20655.351277695994], [3.98277380001673, 20314.394364021406], [5.5947753000073135, 20183.241165901818], [5.597583400012809, 20126.662836935062], [6.13099120001425, 20113.411935679043], [6.133750700013479, 20097.613069952466], [6.1351032000093255, 20089.712508255736], [7.995121500003734, 20078.802303572018], [8.04809130000649, 20078.802303572018], [14.073081300011836, 20078.802303572018], [18.110789500002284, 20078.802303572018], [30.00170690000232, 20078.80230357203], [30.022821299993666, 19977.922002406343], [30.058039800002007, 19963.106815393425], [30.55378409998957, 19958.291150479457], [30.792299199994886, 19957.60935220481], [31.05217399999674, 19953.545772730624]]",60.0014972,60.0,0.99997504728932,False,40.2,872.32421875,4,,,,,f87a27db44006f4d588c,30.00150909999502,20078.80230357203,175.0,175.0,204.0,"{""interior"": 44, ""fronteira"": 44, ""liberacao"": 44, ""regret"": 43, ""abertura"": 0}","{""interior"": 1, ""fronteira"": 3, ""liberacao"": 1, ""regret"": 0, ""abertura"": 0}",0.2241362000349909,29.738462600042112,0.0,99.0,0.0,
clusters_m30_n150_r3.0_s2001,clusters,3.0,30,150,kernel,19883.798646002775,True,-1,0,60.0,59.0372424,0.0,20287.03690748319,18685.943705416877,gap,"[[0.23006449999229517, 22783.942858483482], [0.36301580000144895, 21131.201260013473], [1.185525900000357, 20767.47052140238], [2.748524099995848, 20655.351277695994], [5.827235799995833, 20204.492549236413], [8.532951799992588, 20055.403486921707], [8.537979899992933, 19985.405080778866], [8.53871039999649, 19984.46371294346], [12.958851599993068, 19897.378445925166], [15.018587099999422, 19883.79864600276], [15.110371499991743, 19883.79864600276], [37.11393299998599, 19883.79864600276]]",59.0372424,59.0,0.999369171077679,False,40.1,821.06640625,2,797.0,,0.3333333333333333,3.0,f87a27db44006f4d588c,,,,,,,,,,,,,0.10083529999246821
clusters_m30_n150_r3.0_s2002,clusters,3.0,30,150,adaptativa:gnn,19153.092752711113,True,0,0,60.0,58.999418,0.0,19674.070686876174,18813.828555330045,gap,"[[0.1595610000222223, 21938.450756783503], [0.3537722000182839, 20786.93441169445], [0.7985640000115382, 20769.909791698945], [2.5537067000113893, 20503.597801294127], [4.533900000009453, 20139.879965308835], [5.962108200023067, 20075.321556755065], [5.962715100016794, 20013.73878410594], [5.963540000011562, 19840.764170556737], [8.358419000011054, 19264.786229040652], [9.971651800020481, 19231.888989060782], [11.3085217000189, 19183.973974746856], [12.8712693000125, 19172.423636578227], [14.248381200013682, 19162.582994220185], [15.037252599999192, 19162.582994220185], [24.385534600005485, 19154.54026682596], [25.250215199994273, 19153.092752711113], [26.229916700016474, 19153.092752711105], [34.10791540000355, 19153.092752711105]]",58.999418,58.96875,0.9994801982622947,False,39.8,821.06640625,2,579.0,False,1.0,4.0,f87a27db44006f4d588c,,,,,,,,,,,,,
clusters_m30_n150_r3.0_s2002,clusters,3.0,30,150,adaptativa:pl,19153.624460492872,True,-1,0,60.0,59.0460079,0.0,19674.070686876174,18813.828555330045,gap,"[[0.14965709998796228, 22135.36622670118], [1.6152129999827594, 21303.45563653501], [1.907769699988421, 20452.16050558271], [4.794351699980325, 20436.174604634776], [5.836748199988506, 19526.44803747507], [7.90060579997953, 19199.055794787928], [8.676291699986905, 19198.920834999368], [10.191601099984837, 19165.829884558727], [12.290925599983893, 19162.40386774053], [13.787502999985009, 19154.16474593012], [15.01157579998835, 19153.624460492858], [15.093177099974127, 19153.624460492858], [26.128019600000698, 19153.624460492858], [34.34755839998252, 19153.624460492858]]",59.0460079,59.015625,0.9994854368469507,False,40.2,928.76953125,6,1616.0,False,1.0,4.0,f87a27db44006f4d588c,,,,,,,,,,,,,
clusters_m30_n150_r3.0_s2002,clusters,3.0,30,150,completo,19931.873895704863,True,-1,0,60.0,57.0008115,0.0,19674.070686876174,18813.828555330045,gap,"[[0.443829600000754, 40853.48804471469], [1.8000653000053717, 25567.099454135034], [3.824454900008277, 22108.397618279578], [4.573360800000955, 22043.680585045484], [32.94563129999733, 20573.822005508075], [39.92715980000503, 19960.80557364685], [48.21833650000917, 19931.873895704855]]",57.0008115,57.0,0.9999857633605795,False,40.2,872.32421875,4,584.0,False,1.0,1.0,f87a27db44006f4d588c,,,,,,,,,,,,,
clusters_m30_n150_r3.0_s2002,clusters,3.0,30,150,hibrido:rotacao,19285.378517728546,True,-1,0,60.0,59.9544462,0.0,19674.070686876174,18813.828555330045,gap,"[[0.16293440001027193, 21938.450756783503], [0.36071459999948274, 20786.93441169445], [0.8126645000011194, 20769.909791698945], [2.436081000007107, 20503.597801294127], [4.373671200009994, 20139.879965308835], [5.770608500009985, 20075.321556755065], [5.771089000001666, 20013.73878410594], [5.771675900003174, 19840.764170556737], [8.045338000010815, 19840.764170556737], [10.248865500005195, 19828.23390836389], [10.254767200007336, 19796.55146482219], [10.26190100000531, 19786.63707057992], [14.065411800009315, 19786.63707057992], [18.273230399994645, 19786.63707057992], [30.000274799996987, 19786.637070579927], [30.049732799991034, 19761.635904126615], [30.240231799994945, 19741.67876496724], [30.390012399991974, 19322.1178410714], [31.43804249999812, 19315.534161977524], [31.729125400001067, 19306.312573563642], [32.218043999993824, 19304.589073081188], [33.9818910999893, 19301.563039394605], [35.41888119999203, 19285.378517728546]]",59.9544462,59.9375,0.9997173487360141,False,39.7,928.76953125,6,,,,,f87a27db44006f4d588c,30.000086399988504,19786.637070579927,163.0,163.0,284.0,"{""interior"": 41, ""fronteira"": 41, ""liberacao"": 41, ""regret"": 40, ""abertura"": 0}","{""interior"": 0, ""fronteira"": 3, ""liberacao"": 5, ""regret"": 0, ""abertura"": 0}",0.2188319999841042,29.697703800178715,0.0,82.0,0.0,
clusters_m30_n150_r3.0_s2002,clusters,3.0,30,150,hibrido:rotacao,19167.146195496713,True,-1,1,60.0,59.9993996,0.0,19674.070686876174,18813.828555330045,gap,"[[0.1652268999896478, 21938.450756783503], [0.36429349999525584, 20786.93441169445], [0.8155770999874221, 20769.909791698945], [2.598951499981922, 20503.597801294127], [3.5121288999944227, 20159.013628104633], [5.7049466999887954, 19181.708369221506], [8.036409700012882, 19181.70836922149], [14.072777599998517, 19181.70836922149], [18.338904700009152, 19181.70836922149], [29.993570200007525, 19181.708369221506], [32.83473510001204, 19174.344134905885], [33.4374031000043, 19172.397643161967], [34.43721230000665, 19167.684083496733], [35.80151620000834, 19167.146195496713]]",59.9993996,59.984375,0.9997495874942055,False,40.3,821.06640625,2,,,,,f87a27db44006f4d588c,29.993378300001496,19181.708369221506,239.0,239.0,309.0,"{""interior"": 60, ""fronteira"": 60, ""liberacao"": 60, ""regret"": 59, ""abertura"": 0}","{""interior"": 0, ""fronteira"": 1, ""liberacao"": 3, ""regret"": 0, ""abertura"": 0}",0.32783509978617076,29.62939700014249,0.0,124.0,0.0,
clusters_m30_n150_r3.0_s2002,clusters,3.0,30,150,hibrido:rotacao,19339.831212238198,True,-1,2,60.0,60.0039299,0.003929900000002817,19674.070686876174,18813.828555330045,gap,"[[0.1648369000176899, 21938.450756783503], [0.3633823000272969, 20786.93441169445], [0.822273200028576, 20769.909791698945], [2.507607400024426, 20503.597801294127], [5.184413600029075, 19997.483548761098], [6.907874100026675, 19914.660641807328], [6.922844000029727, 19904.067678077736], [7.5354886000277475, 19877.39569935327], [7.535946000018157, 19876.27594413152], [7.537242100021103, 19872.456589527123], [8.044182900004671, 19872.456589527123], [14.066674000016064, 19872.456589527123], [18.110372100025415, 19872.456589527123], [30.001336899993476, 19872.456589527126], [30.70213619999413, 19871.802408199437], [33.020537499993225, 19761.60654238859], [33.04665789999126, 19756.689037438562], [34.024988599994686, 19745.264301945554], [34.033464499996626, 19739.654722406965], [36.00445199999376, 19736.065618169057], [43.000909199996386, 19350.66005206514], [43.01795859998674, 19340.597639785814], [44.39658369998506, 19339.831212238198]]",60.0039299,60.0,0.9999345059564174,False,40.8,928.76953125,6,,,,,f87a27db44006f4d588c,30.001140599997598,19872.456589527126,147.0,147.0,180.0,"{""interior"": 37, ""fronteira"": 37, ""liberacao"": 37, ""regret"": 36, ""abertura"": 0}","{""interior"": 2, ""fronteira"": 0, ""liberacao"": 4, ""regret"": 3, ""abertura"": 0}",0.2074675001349533,29.760468899956322,0.0,50.0,0.0,
clusters_m30_n150_r3.0_s2002,clusters,3.0,30,150,hibridopl:rotacao,19161.191136777325,True,-1,0,60.0,59.9812378,0.0,19674.070686876174,18813.828555330045,gap,"[[0.14817390000098385, 22135.36622670118], [1.6118121000035899, 21303.45563653501], [1.898832399994717, 20452.16050558271], [4.73750960000325, 20436.174604634776], [5.739454900001874, 19526.44803747507], [7.7469698000059, 19199.055794787928], [8.027131100010592, 19199.055794787928], [14.057293999998365, 19199.055794787928], [18.264148200003547, 19199.055794787928], [21.6623746999976, 19179.31322979981], [21.66968110000016, 19179.308310863216], [29.97610889999487, 19179.308310863224], [29.99440159999358, 19177.82231846333], [30.978353599988623, 19173.09459231619], [31.017367899985402, 19172.810991500854], [31.11566819998552, 19163.41524370196], [35.04498259999673, 19161.191136777325]]",59.9812378,59.96875,0.9997918048966972,False,39.7,821.06640625,2,,,,,f87a27db44006f4d588c,29.975931199995102,19179.308310863224,315.0,315.0,448.0,"{""interior"": 79, ""fronteira"": 79, ""liberacao"": 79, ""regret"": 78, ""abertura"": 0}","{""interior"": 1, ""fronteira"": 2, ""liberacao"": 2, ""regret"": 0, ""abertura"": 0}",0.42157099983887747,29.526200200023595,0.0,190.0,0.0,
clusters_m30_n150_r3.0_s2002,clusters,3.0,30,150,hibridopl:rotacao,19551.166984284646,True,-1,1,60.0,60.0030842,0.003084200000003534,19674.070686876174,18813.828555330045,gap,"[[0.4100046000094153, 22135.36622670118], [1.8112645000073826, 21290.16117951347], [2.0272209999966435, 20452.16050558271], [7.052150700008497, 20452.16050558271], [8.926076300005661, 20433.109302334728], [8.92919380000967, 20432.286253637158], [13.06596890000219, 20432.286253637158], [17.10979810002027, 20432.286253637158], [29.999192900009803, 20432.286253637165], [31.032349500004784, 20425.559294043756], [31.063107800015132, 20424.783627078985], [32.00299790001009, 20256.821999573272], [32.01562250001007, 20235.816850562314], [32.045487700001104, 20210.824069644226], [32.92600560000574, 20148.604383448466], [35.0042184000049, 19558.501068528287], [38.79394580000371, 19553.667380415623], [41.12872970000899, 19551.166984284646]]",60.0030842,60.0,0.9999485993088335,False,39.7,872.32421875,4,,,,,f87a27db44006f4d588c,29.99902080000902,20432.286253637165,99.0,99.0,257.0,"{""interior"": 25, ""fronteira"": 25, ""liberacao"": 25, ""regret"": 24, ""abertura"": 0}","{""interior"": 0, ""fronteira"": 2, ""liberacao"": 5, ""regret"": 2, ""abertura"": 0}",0.12572929997986648,29.853531100117834,0.0,36.0,0.0,
clusters_m30_n150_r3.0_s2002,clusters,3.0,30,150,hibridopl:rotacao,19160.802754514003,True,-1,2,60.0,59.9969608,0.0,19674.070686876174,18813.828555330045,gap,"[[0.1498590000119293, 22135.36622670118], [1.5675146000139648, 21290.16117951347], [1.7302418000035686, 20452.16050558271], [3.6931549000146333, 20232.948036996237], [4.352099400013685, 20194.06879421623], [7.269566000017221, 19628.424490327125], [8.60853299999144, 19628.424490327114], [10.226429200003622, 19581.321072439125], [10.227082500001416, 19567.595074401084], [10.23130929999752, 19401.603296667756], [13.094380700000329, 19401.603296667756], [17.117614800008596, 19401.603296667756], [20.413033400007407, 19380.43243473392], [29.999663199996576, 19380.43243473393], [30.017471299986937, 19379.462117070074], [30.375334599986672, 19363.68515343839], [30.6018589999876, 19291.36838532313], [30.703248599995277, 19220.87625913705], [31.020651699989685, 19212.59184385556], [31.035865899990313, 19199.965620604784], [32.001645199998165, 19178.8503401272], [32.05065289999766, 19176.626233202565], [32.57796719999169, 19170.116861425555], [35.01488409999001, 19167.780931203124], [37.27017419999174, 19163.031565231242], [38.679902899995795, 19160.802754514003]]",59.9969608,60.0,1.0000506558992235,False,39.6,928.76953125,6,,,,,f87a27db44006f4d588c,29.999473999996553,19380.43243473393,274.0,274.0,262.0,"{""interior"": 69, ""fronteira"": 69, ""liberacao"": 68, ""regret"": 68, ""abertura"": 0}","{""interior"": 2, ""fronteira"": 5, ""liberacao"": 5, ""regret"": 0, ""abertura"": 0}",0.37633940008527134,29.568443700132775,0.0,139.0,0.0,
clusters_m30_n150_r3.0_s2002,clusters,3.0,30,150,kernel,19150.243946057515,True,-1,0,60.0,58.99706,0.0,19674.070686876174,18813.828555330045,gap,"[[0.16039079999609385, 24439.582314615865], [1.49105649998819, 23353.777793960868], [1.5843707999883918, 22556.25573616056], [1.6975008999870624, 20447.879752781428], [5.512564599994221, 19191.613049061125], [5.513390999985859, 19180.509373548015], [8.564224599991576, 19171.336971684283], [10.227944199985359, 19169.667432593535], [11.644416799987084, 19166.93159731566], [12.857407399991644, 19154.46363356556], [14.286988099993323, 19151.233363465923], [14.811036799990688, 19150.36009909324], [15.063253400003305, 19150.360099093232], [37.07143329999235, 19150.360099093232], [47.757889299988165, 19150.24394605752]]",58.99706,59.0,1.0000498329916778,False,39.8,872.32421875,4,164.0,,0.3333333333333333,3.0,f87a27db44006f4d588c,,,,,,,,,,,,,0.0727508999989368
clusters_m30_n150_r3.0_s2003,clusters,3.0,30,150,adaptativa:gnn,19352.68636273047,True,0,0,60.0,58.9981048,0.0,20294.712375592168,19293.945109944903,gap,"[[0.23244669998530298, 30162.14391472144], [6.223614899994573, 19763.002742016964], [10.441696199995931, 19386.296387147897], [12.597564299983787, 19364.33070461086], [12.606738999995287, 19360.340869057836], [12.610385199994198, 19354.429552966805], [14.076996699994197, 19352.686362730474], [15.057735799986403, 19352.686362730474], [16.384153699982562, 19352.686362730463], [17.928180099988822, 19352.686362730463], [26.639777299991692, 19352.686362730474], [28.29719989998557, 19352.686362730463], [29.265778199987835, 19352.686362730466], [30.683931699983077, 19352.686362730466], [34.111193599994294, 19352.686362730474], [37.45271989998582, 19352.686362730463], [38.6991308999859, 19352.686362730463], [40.186556099986774, 19352.686362730463], [40.80352319999656, 19352.686362730463], [41.91498789998877, 19352.686362730463], [46.876773599986336, 19352.686362730463], [53.22699049998482, 19352.686362730463]]",58.9981048,58.703125,0.9950001817685507,False,59.9,872.32421875,4,969.0,False,1.0,4.0,f87a27db44006f4d588c,,,,,,,,,,,,,
clusters_m30_n150_r3.0_s2003,clusters,3.0,30,150,adaptativa:pl,19340.161493964675,True,-1,0,60.0,58.9960656,0.0,20294.712375592168,19293.945109944903,gap,"[[0.21719470000243746, 30162.14391472144], [5.31921400000283, 19763.002742016964], [8.477947099992889, 19386.296387147897], [10.29363210000156, 19364.33070461086], [10.301212899998063, 19360.340869057836], [10.304740399995353, 19354.429552966805], [11.729505399998743, 19352.686362730474], [14.00542139999743, 19351.571961466558], [14.014852499996778, 19345.620000273666], [15.054473800002597, 19345.620000273666], [16.490349800005788, 19345.62000027366], [17.490374800006975, 19345.62000027366], [18.497815200011246, 19345.62000027366], [23.701012700010324, 19345.62000027366], [26.402686299989, 19345.620000273666], [28.090843499987386, 19345.62000027366], [29.262631099991268, 19345.62000027366], [30.230986799986567, 19345.62000027366], [34.106308999995235, 19345.620000273666], [37.36393289999978, 19345.62000027366], [38.898242199997185, 19345.62000027366], [40.24787500000093, 19345.62000027366], [40.902161099991645, 19345.62000027366], [41.37536229999387, 19345.62000027366], [41.76326500000141, 19345.62000027366], [42.05338569999731, 19345.62000027366], [49.982954499995685, 19342.34078262023], [54.54738570000336, 19341.423201723257], [57.09101039999223, 19340.161493964675]]",58.9960656,59.0,1.0000666891929146,False,44.9,1003.26171875,4,1708.0,False,1.0,4.0,f87a27db44006f4d588c,,,,,,,,,,,,,
clusters_m30_n150_r3.0_s2003,clusters,3.0,30,150,completo,19347.12623579645,True,-1,0,60.0,57.0156539,0.0,20294.712375592168,19293.945109944903,gap,"[[0.46179030000348575, 35880.69547821518], [1.9660476999997627, 24941.61201113922], [2.0511824999994133, 23732.156716362286], [2.3154439000063576, 23693.731924745265], [2.420045899998513, 23620.14523600236], [6.414870400010841, 21621.281235592363], [7.726894200008246, 20294.712375592168], [55.28260200000659, 19347.126235796448]]",57.0156539,56.484375,0.9906818765784602,False,59.0,821.06640625,2,264.0,False,1.0,1.0,f87a27db44006f4d588c,,,,,,,,,,,,,
clusters_m30_n150_r3.0_s2003,clusters,3.0,30,150,hibrido:rotacao,19329.99877627894,True,-1,0,60.0,59.9987131,0.0,20294.712375592168,19293.945109944903,gap,"[[0.2744895999931032, 30162.14391472144], [5.6049015000025975, 19763.002742016964], [8.060013700000127, 19763.002742016957], [10.556526000000304, 19348.29274381313], [10.699212999999872, 19348.292743813123], [14.070112200002768, 19348.29274381313], [15.586009899998317, 19348.292743813116], [16.92159840000386, 19348.292743813123], [17.890919700002996, 19348.292743813123], [18.105522600002587, 19348.29274381313], [21.40517960001307, 19348.292743813126], [22.794731600006344, 19348.292743813126], [23.789602200005902, 19348.292743813126], [29.997063199989498, 19348.29274381313], [35.98580189999484, 19337.54963123156], [38.72511129999475, 19329.99877627894]]",59.9987131,59.703125,0.9950734259998654,False,56.7,1003.26171875,4,,,,,f87a27db44006f4d588c,29.99686169999768,19348.29274381313,130.0,130.0,210.0,"{""interior"": 33, ""fronteira"": 33, ""liberacao"": 32, ""regret"": 32, ""abertura"": 0}","{""interior"": 0, ""fronteira"": 2, ""liberacao"": 0, ""regret"": 0, ""abertura"": 0}",0.24745439997059293,29.71861310004897,0.0,61.0,0.0,
clusters_m30_n150_r3.0_s2003,clusters,3.0,30,150,hibrido:rotacao,19992.292432900973,True,-1,1,60.0,60.0019566,0.001956599999999753,20294.712375592168,19293.945109944903,gap,"[[0.44308680000540335, 30162.14391472144], [7.07228340000438, 30162.143914721448], [7.157911900008912, 27710.327102056024], [7.317559300005087, 26302.33396438382], [7.363618400006089, 26238.573044109424], [7.743443600003957, 25161.251194097724], [8.025957999998354, 23881.48811022194], [8.992310700006783, 21350.43706741443], [9.355700800006161, 20331.138821875324], [13.143061999988277, 20331.138821875324], [15.321847899991553, 20292.525760396387], [17.29913869999291, 20292.525760396387], [29.999945300005493, 20292.525760396387], [30.284268400006113, 20203.22622844342], [30.995918300002813, 19992.292432900973]]",60.0019566,59.5625,0.9926759621702069,False,57.2,1003.26171875,4,,,,,f87a27db44006f4d588c,29.99973470000259,20292.525760396387,163.0,163.0,83.0,"{""interior"": 41, ""fronteira"": 41, ""liberacao"": 41, ""regret"": 40, ""abertura"": 0}","{""interior"": 1, ""fronteira"": 0, ""liberacao"": 1, ""regret"": 0, ""abertura"": 0}",0.23673210002016276,29.72629100008635,0.0,103.0,0.0,
clusters_m30_n150_r3.0_s2003,clusters,3.0,30,150,hibrido:rotacao,19400.663564770166,True,-1,2,60.0,60.0003349,0.00033489999999858355,20294.712375592168,19293.945109944903,gap,"[[0.23333240000647493, 30162.14391472144], [7.425172100003692, 20077.07674527763], [8.216625100001693, 20077.076745277638], [14.078132700000424, 20077.076745277638], [18.13038930001494, 20077.076745277638], [30.001931800012244, 20077.076745277634], [30.21181340001931, 20043.194624428317], [30.284837700019125, 19745.032748112953], [30.784319800019148, 19724.653439510723], [30.880016200011596, 19636.888002407424], [31.122522600009688, 19592.654002222847], [32.00022880001052, 19564.207930793356], [33.07847750000656, 19536.10303119989], [34.00278070001514, 19535.27540407481], [34.4764722000109, 19522.421832896343], [34.49069730001793, 19450.918509892537], [34.516939400011324, 19404.298834689813], [34.86047500000859, 19404.052166218233], [34.9514632000064, 19403.735888836676], [46.0202346000151, 19400.663564770166]]",60.0003349,59.9375,0.9989527575120252,False,61.1,928.76953125,6,,,,,f87a27db44006f4d588c,30.001721200009342,20077.076745277634,175.0,175.0,154.0,"{""interior"": 44, ""fronteira"": 44, ""liberacao"": 44, ""regret"": 43, ""abertura"": 0}","{""interior"": 1, ""fronteira"": 7, ""liberacao"": 2, ""regret"": 4, ""abertura"": 0}",0.2841312999953516,29.671856399945682,0.0,70.0,0.0,
clusters_m30_n150_r3.0_s2003,clusters,3.0,30,150,hibridopl:rotacao,19342.845077709953,True,-1,0,60.0,59.9915505,0.0,20294.712375592168,19293.945109944903,gap,"[[0.3926126999867847, 30162.14391472144], [7.279310299985809, 19763.002742016964], [8.722096899989992, 19763.002742016957], [13.09929519999423, 19763.002742016957], [17.126818799981265, 19763.002742016957], [23.551132499982486, 19763.00274201695], [29.99462549999589, 19763.00274201695], [30.021486299985554, 19760.252929582362], [30.667573899991112, 19734.584656332023], [31.025770499996725, 19727.73564607632], [31.03759939999145, 19684.902401770312], [31.12550479998754, 19669.418064927362], [32.0360767999955, 19665.80690395067], [32.088444699998945, 19650.576596618404], [32.93260149999696, 19573.665675520188], [32.94659649999812, 19535.535512242168], [33.99149249999027, 19356.112576153366], [34.01798289999715, 19352.95437216734], [34.42792219998955, 19349.243952501824], [35.17369109998981, 19347.825523585787], [41.340076799999224, 19342.86192987865], [42.98813839998911, 19342.845077709953]]",59.9915505,59.984375,0.9998803914894648,False,57.2,928.76953125,6,,,,,f87a27db44006f4d588c,29.994422099989606,19763.00274201695,139.0,139.0,112.0,"{""interior"": 35, ""fronteira"": 35, ""liberacao"": 35, ""regret"": 34, ""abertura"": 0}","{""interior"": 3, ""fronteira"": 3, ""liberacao"": 5, ""regret"": 4, ""abertura"": 0}",0.2223423000978073,29.73886309993395,0.0,41.0,0.0,
clusters_m30_n150_r3.0_s2003,clusters,3.0,30,150,hibridopl:rotacao,19339.725592055453,True,-1,1,60.0,59.9962418,0.0,20294.712375592168,19293.945109944903,gap,"[[0.30174039998382796, 30162.14391472144], [8.046572299979744, 30162.143914721448], [8.111412599973846, 27643.50145846505], [8.305908199981786, 25540.579737862834], [8.343382199978805, 25504.6808917268], [8.377833499980625, 23900.716148411324], [8.563117799974862, 22170.01776527814], [9.75802169997769, 21359.573200108694], [10.306179399980465, 19346.45620344647], [10.43790109998372, 19346.456203446465], [11.579117899978883, 19346.456203446458], [14.073407299991231, 19346.45620344647], [15.74028479999106, 19346.45620344646], [17.64625459999661, 19346.45620344646], [18.506156599978567, 19346.45620344647], [22.531519099982688, 19346.45620344646], [24.02787769997667, 19346.45620344646], [24.836004999975557, 19346.45620344646], [28.997467699999106, 19346.456203446465], [30.42592880000302, 19346.246528597876], [30.449092900002142, 19345.689580859518], [30.814815199992154, 19345.248015326208], [31.983075399999507, 19339.752367957288], [35.43587309999566, 19339.725592055453]]",59.9962418,59.5625,0.9927705171692938,False,58.9,821.06640625,2,,,,,f87a27db44006f4d588c,28.99727019999409,19346.456203446465,175.0,175.0,104.0,"{""interior"": 44, ""fronteira"": 44, ""liberacao"": 44, ""regret"": 43, ""abertura"": 0}","{""interior"": 0, ""fronteira"": 3, ""liberacao"": 1, ""regret"": 1, ""abertura"": 0}",0.29855529984342866,30.653765700029908,0.0,76.0,0.0,
clusters_m30_n150_r3.0_s2003,clusters,3.0,30,150,hibridopl:rotacao,19342.340782620235,True,-1,2,60.0,59.9875887,0.0,20294.712375592168,19293.945109944903,gap,"[[0.2953587000083644, 30162.14391472144], [7.124522099999012, 20077.07674527763], [7.874111600001925, 20026.72175678524], [8.052143399996567, 20026.72175678524], [9.692959399995743, 19342.340782620235], [9.818534199992428, 19342.340782620235], [14.053659900004277, 19342.34078262024], [15.798174200012, 19342.34078262023], [17.077029600011883, 19342.34078262023], [18.109717900006217, 19342.34078262024], [22.03064590001304, 19342.34078262023], [24.121840900013922, 19342.34078262023], [25.490382300005876, 19342.34078262023], [26.479061500009266, 19342.34078262023], [28.014333600003738, 19342.34078262023], [29.984059700014768, 19342.340782620235]]",59.9875887,59.390625,0.9900485464920846,False,54.8,861.62109375,2,,,,,f87a27db44006f4d588c,29.983861800006707,19342.340782620235,183.0,183.0,155.0,"{""interior"": 46, ""fronteira"": 46, ""liberacao"": 46, ""regret"": 45, ""abertura"": 0}","{""interior"": 0, ""fronteira"": 0, ""liberacao"": 0, ""regret"": 0, ""abertura"": 0}",0.2833963999146363,29.676964500089525,0.0,112.0,0.0,
clusters_m30_n150_r3.0_s2003,clusters,3.0,30,150,kernel,19340.020171791035,True,-1,0,60.0,58.9967002,0.0,20294.712375592168,19293.945109944903,gap,"[[0.22938390000490472, 30162.14391472144], [5.29353429999901, 19763.002742016964], [8.354698399998597, 19386.296387147897], [10.149457099993015, 19364.33070461086], [10.15799479999987, 19360.340869057836], [10.162168099996052, 19354.429552966805], [11.674606300002779, 19352.686362730474], [14.10160189999442, 19351.571961466558], [14.112594599995646, 19345.620000273666], [15.06014580000192, 19345.620000273666], [16.51270079999813, 19345.62000027366], [17.474319300003117, 19345.62000027366], [18.50382610000088, 19345.62000027366], [23.836136700003408, 19345.62000027366], [29.994408700003987, 19344.158639669873], [30.05882639999618, 19344.158639669877], [31.1064064999955, 19344.158639669873], [32.00348319999466, 19344.15863966987], [34.19584630000463, 19343.71721757178], [34.292709600005765, 19343.71721757178], [40.51175960000546, 19340.02017179103], [45.50362750000204, 19340.020171791035], [46.22815399999672, 19340.02017179103], [46.98453419998987, 19340.02017179103]]",58.9967002,59.0,1.0000559319417666,False,44.7,928.76953125,6,1926.0,,0.26666666666666666,4.0,f87a27db44006f4d588c,,,,,,,,,,,,,0.12607739999657497
clusters_m30_n150_r3.0_s2004,clusters,3.0,30,150,adaptativa:gnn,18974.793735590374,True,0,0,60.0,58.9956799,0.0,19292.32824946208,17946.46003006045,gap,"[[0.21137560000352096, 19802.222800970936], [0.28869030000350904, 19375.233483036893], [2.5687156000058167, 18975.64929833502], [2.7358007000002544, 18975.649298335018], [3.5440052000049036, 18975.64929833502], [4.48239370000374, 18974.793735590374], [4.640429000006407, 18974.793735590374], [15.282091199987917, 18974.793735590378], [26.07850820000749, 18974.793735590378], [35.15176040001097, 18974.793735590378]]",58.9956799,57.03125,0.9667021398290555,False,60.7,613.375,4,637.0,False,1.0,4.0,f87a27db44006f4d588c,,,,,,,,,,,,,
clusters_m30_n150_r3.0_s2004,clusters,3.0,30,150,adaptativa:pl,18302.929031150165,True,-1,0,60.0,58.9967536,0.0,19292.32824946208,17946.46003006045,gap,"[[0.2185050000116462, 20892.48866635938], [0.3464032000192674, 20521.646485136087], [1.2330454000184545, 20487.171163159313], [3.0604430000094, 18592.144355750752], [5.631426900014048, 18569.510364199494], [5.984874900008435, 18478.41951440949], [5.985382000013487, 18465.4717839529], [9.844687700009672, 18446.357030749776], [14.018882800010033, 18440.10750812756], [15.053747999991174, 18440.10750812756], [22.315408900001785, 18371.952410063615], [22.332530300001963, 18327.10156007911], [23.414637299996684, 18316.809888269298], [23.439420199996675, 18309.109108086708], [23.455463899997994, 18308.16904729176], [25.420287599990843, 18306.02578978544], [26.08010980000836, 18306.025789785443], [28.3562906000152, 18306.02578978543], [35.7541360000032, 18306.025789785443], [38.617231600001105, 18306.02578978543], [40.73344699999143, 18306.02578978543], [55.94252670000424, 18303.793414783533], [57.245157199999085, 18302.929031150168]]",58.9967536,58.140625,0.9854885472884731,False,53.6,811.44921875,2,791.0,False,1.0,4.0,f87a27db44006f4d588c,,,,,,,,,,,,,
clusters_m30_n150_r3.0_s2004,clusters,3.0,30,150,completo,19948.429243705566,True,-1,0,60.0,56.9988513,0.0,19292.32824946208,17946.46003006045,gap,"[[0.30611999999382533, 44002.44436980256], [1.501614699998754, 28295.753817054752], [1.7472466999897733, 26952.512927332657], [4.63703679999162, 23817.54535469519], [4.756351099989843, 23209.937356015147], [4.7916129999939585, 23203.40721995056], [4.793302999998559, 23064.14638929899], [27.998718899994856, 21329.83887104531], [39.81718430000183, 20945.204283234278], [39.90482909999264, 19948.61859971738], [39.92614660000254, 19948.429243705596]]",56.9988513,56.0,0.9824759398265277,False,53.1,620.9296875,4,241.0,False,1.0,1.0,f87a27db44006f4d588c,,,,,,,,,,,,,
clusters_m30_n150_r3.0_s2004,clusters,3.0,30,150,hibrido:rotacao,18971.958530766424,True,-1,0,60.0,59.9984687,0.0,19292.32824946208,17946.46003006045,gap,"[[0.2024496999947587, 19802.222800970936], [0.3033562000055099, 19375.233483036893], [2.7782636000047205, 18975.64929833502], [2.9412049999955343, 18975.649298335018], [3.7388800000044284, 18975.64929833502], [4.734848599997349, 18974.793735590374], [4.892421399999876, 18974.793735590374], [8.104862799998955, 18974.793735590378], [14.305218599984073, 18974.793735590378], [18.115360399984638, 18974.793735590378], [29.999275399997714, 18974.793735590374], [30.020163099994534, 18971.958530766424]]",59.9984687,59.53125,0.9922128229249291,False,49.0,750.55078125,4,,,,,f87a27db44006f4d588c,29.999082599999383,18974.793735590374,207.0,207.0,100.0,"{""interior"": 52, ""fronteira"": 52, ""liberacao"": 52, ""regret"": 51, ""abertura"": 0}","{""interior"": 1, ""fronteira"": 0, ""liberacao"": 0, ""regret"": 0, ""abertura"": 0}",0.3015933998976834,29.65314029995352,0.0,131.0,0.0,
clusters_m30_n150_r3.0_s2004,clusters,3.0,30,150,hibrido:rotacao,18972.31763503852,True,-1,1,60.0,59.9954268,0.0,19292.32824946208,17946.46003006045,gap,"[[0.23899749999691267, 19802.222800970936], [0.3279621999972733, 19375.233483036893], [3.2514362999936566, 18975.649298335025], [3.471648799997638, 18975.649298335018], [4.333150699996622, 18975.64929833502], [8.05042620000313, 18975.64929833502], [14.055342199993902, 18975.64929833502], [18.269386200001463, 18975.64929833502], [29.997053900005994, 18975.649298335018], [30.03638070001034, 18972.81409351107], [31.104064500003005, 18972.31763503852]]",59.9954268,59.484375,0.9914818207443772,False,46.9,811.44921875,2,,,,,f87a27db44006f4d588c,29.996749500001897,18975.649298335018,143.0,143.0,95.0,"{""interior"": 36, ""fronteira"": 36, ""liberacao"": 36, ""regret"": 35, ""abertura"": 0}","{""interior"": 0, ""fronteira"": 2, ""liberacao"": 0, ""regret"": 0, ""abertura"": 0}",0.19772159996500704,29.764315899985377,0.0,80.0,0.0,
clusters_m30_n150_r3.0_s2004,clusters,3.0,30,150,hibrido:rotacao,18972.31763503852,True,-1,2,60.0,60.2450158,0.24501579999999734,19292.32824946208,17946.46003006045,gap,"[[0.17251689999829978, 19802.222800970936], [0.24154339999950025, 19375.233483036893], [2.9146409000095446, 18975.649298335025], [3.086962900008075, 18975.649298335018], [3.9931185000023106, 18975.64929833502], [7.299340000012307, 18975.64929833502], [13.79411820002133, 18975.64929833502], [17.406672600016464, 18975.64929833502], [29.253844899998512, 18975.649298335018], [31.26083159999689, 18972.81409351107], [31.723830899994937, 18972.31763503852]]",60.2450158,59.984375,0.9956736537199149,False,49.7,789.0859375,6,,,,,f87a27db44006f4d588c,29.253622899996117,18975.649298335018,155.0,155.0,69.0,"{""interior"": 39, ""fronteira"": 39, ""liberacao"": 39, ""regret"": 38, ""abertura"": 0}","{""interior"": 0, ""fronteira"": 2, ""liberacao"": 0, ""regret"": 0, ""abertura"": 0}",0.22641109995311126,30.729501399910077,0.0,76.0,0.0,
clusters_m30_n150_r3.0_s2004,clusters,3.0,30,150,hibridopl:rotacao,18302.215185473236,True,-1,0,60.0,60.0082871,0.008287099999996883,19292.32824946208,17946.46003006045,gap,"[[0.16990960002294742, 20892.48866635938], [0.2658063000126276, 20521.646485136087], [0.9468753000110155, 20487.171163159313], [2.709910400022636, 18592.144355750752], [5.003125900009763, 18569.510364199494], [5.351313500010292, 18478.41951440949], [5.351728300011018, 18465.4717839529], [8.043080900009954, 18465.4717839529], [14.064690300016082, 18465.4717839529], [18.116346399998292, 18465.4717839529], [20.93377689999761, 18458.54467092997], [20.935627500002738, 18454.7012365507], [20.9489792999957, 18452.38731836538], [30.003713600017363, 18452.38731836537], [30.412466700014193, 18443.45675130452], [32.65451180000673, 18439.402818148123], [33.266165500011994, 18435.07410810512], [39.00984950001293, 18344.245651877416], [39.02515720001247, 18338.222330982786], [39.035155700010364, 18330.016000081276], [39.535332900006324, 18307.07552129995], [41.62920790001226, 18302.215185473236]]",60.0082871,59.421875,0.9902278147179442,False,48.9,811.44921875,2,,,,,f87a27db44006f4d588c,30.003515400007018,18452.38731836537,199.0,199.0,334.0,"{""interior"": 50, ""fronteira"": 50, ""liberacao"": 50, ""regret"": 49, ""abertura"": 0}","{""interior"": 1, ""fronteira"": 2, ""liberacao"": 4, ""regret"": 1, ""abertura"": 0}",0.30042589994263835,29.473279300058493,0.0,92.0,0.0,
clusters_m30_n150_r3.0_s2004,clusters,3.0,30,150,hibridopl:rotacao,18302.215185473236,True,-1,1,60.0,59.9904267,0.0,19292.32824946208,17946.46003006045,gap,"[[0.1907299000013154, 20892.48866635938], [0.2876430000032997, 20521.646485136087], [1.0266908000048716, 20487.171163159313], [1.8141942000074778, 18935.330774444035], [2.0217542000027606, 18608.569270266704], [2.55612320000364, 18510.1659376105], [6.052001300005941, 18478.189235825477], [7.732064299998456, 18442.494176017837], [8.037883200013312, 18442.49417601785], [14.585096400012844, 18442.49417601785], [18.12098760000663, 18442.49417601785], [29.995265599995037, 18442.494176017837], [31.01984330000414, 18435.81742611056], [31.03374410000106, 18432.792296496416], [31.465773699994315, 18430.873055070253], [31.552850899999612, 18427.368679415085], [35.99958909999987, 18403.90091447994], [36.41832139999315, 18335.493801085908], [36.520171199998, 18312.647100034286], [36.83932389999973, 18312.60499747569], [37.03657810000004, 18305.169525527752], [37.07166319999669, 18302.215185473236]]",59.9904267,59.5625,0.9928667501876596,False,52.8,762.08203125,6,,,,,f87a27db44006f4d588c,29.995078799998737,18442.494176017837,243.0,243.0,279.0,"{""interior"": 61, ""fronteira"": 61, ""liberacao"": 61, ""regret"": 60, ""abertura"": 0}","{""interior"": 2, ""fronteira"": 2, ""liberacao"": 5, ""regret"": 1, ""abertura"": 0}",0.3769992001034552,29.562857300028554,0.0,133.0,0.0,
clusters_m30_n150_r3.0_s2004,clusters,3.0,30,150,hibridopl:rotacao,18224.768686589792,True,-1,2,60.0,59.9963475,0.0,19292.32824946208,17946.46003006045,gap,"[[0.26692050001292955, 20892.48866635938], [0.40975690001505427, 20521.646485136087], [1.3087202000024263, 20487.171163159313], [2.8200167000031797, 18869.709392554625], [4.065559300011955, 18814.092276564836], [5.573660100009874, 18646.960780843277], [5.631280600005994, 18638.62395405437], [5.734121200002846, 18589.960500007397], [6.2291809000162175, 18521.774839713027], [6.959714900003746, 18474.74125570807], [6.9613753000157885, 18439.329101125197], [6.963251000008313, 18437.9103651196], [8.351292899998953, 18437.9103651196], [13.09162269999797, 18437.9103651196], [17.106616400007624, 18437.9103651196], [30.000925999993342, 18437.910365119584], [30.507725599993137, 18437.851281474523], [30.725556199991843, 18435.322886429167], [32.629882199995336, 18434.655718168044], [34.00393299998541, 18301.826956803467], [34.100849199996446, 18292.14888503698], [34.99529309998616, 18255.41849915625], [35.70177769998554, 18253.08324030208], [36.58867399999872, 18246.873318772745], [37.79743179999059, 18227.70060301683], [39.2041554999887, 18227.54705925708], [39.230677599989576, 18227.352550590316], [40.024160599990864, 18226.10400543181], [42.17157719998795, 18224.768686589792]]",59.9963475,59.5,0.991727038050108,False,46.9,750.55078125,4,,,,,f87a27db44006f4d588c,30.000727399994503,18437.910365119584,339.0,339.0,247.0,"{""interior"": 85, ""fronteira"": 85, ""liberacao"": 85, ""regret"": 84, ""abertura"": 0}","{""interior"": 1, ""fronteira"": 3, ""liberacao"": 7, ""regret"": 2, ""abertura"": 0}",0.44230140012223274,29.49172000006365,0.0,160.0,0.0,
clusters_m30_n150_r3.0_s2004,clusters,3.0,30,150,kernel,18224.768686589792,True,-1,0,60.0,47.7508679,0.0,19292.32824946208,17946.46003006045,gap,"[[0.18622090001008473, 23935.48865472467], [2.6857905000069877, 22235.37032262906], [2.8153167000127723, 21962.484745358794], [4.48657630001253, 20519.197736309143], [5.767336500008241, 19849.841062360516], [11.657199500012212, 18702.483830386733], [12.192701200008742, 18325.352418043425], [12.193469500009087, 18319.505169283842], [13.73633840000548, 18312.442541144563], [14.66448270001274, 18306.01477074087], [15.080426700005773, 18306.014770740876], [17.264059300010558, 18306.01477074086], [29.133703300001798, 18283.198161000193], [30.92144510000071, 18230.855988639487], [31.85694360001071, 18227.772670338214], [37.072240800000145, 18227.772670338225], [38.711261600008584, 18227.772670338207], [40.15675150000607, 18227.772670338207], [40.989187300001504, 18227.772670338207], [41.589552700010245, 18227.772670338207], [42.393450800009305, 18227.772670338207], [46.48427630000515, 18224.768686589785]]",47.7508679,47.703125,0.9990001668639829,False,46.6,762.08203125,6,808.0,,0.36666666666666664,3.0,f87a27db44006f4d588c,,,,,,,,,,,,,0.09513280000828672
clusters_m30_n150_r3.0_s2005,clusters,3.0,30,150,adaptativa:gnn,18299.09221845835,True,0,0,60.0,59.0040385,0.0,18792.90768306567,17724.06460872428,gap,"[[0.26253360000555404, 20870.6458293984], [0.4242494999925839, 20784.309278340963], [2.173302399998647, 19821.92648149052], [2.226841499999864, 19665.081166399108], [3.3983746000012616, 19628.546584867792], [4.545381300005829, 18780.05086289203], [5.520125299997744, 18766.65049859077], [6.1345052999968175, 18739.28063400639], [6.136664999998175, 18724.25674424149], [6.156731900002342, 18717.928796347893], [10.236993300000904, 18664.241237284623], [12.344517499994254, 18623.087913136438], [13.256415600000764, 18619.894358991878], [15.051476799999364, 18619.89435899187], [21.799799400003394, 18435.353947272914], [21.802826600003755, 18394.25076849092], [25.958069100001012, 18369.501508741392], [25.960511099998257, 18361.69851435805], [25.96454060000542, 18349.278975207053], [26.075257500007865, 18349.278975207053], [35.34022040000127, 18349.278975207053], [40.41859739999927, 18322.02323570471], [40.441626800005906, 18319.013741828716], [40.48269930000242, 18299.09221845834]]",59.0040385,58.703125,0.9949001202688863,False,63.0,870.15234375,6,1083.0,False,1.0,4.0,f87a27db44006f4d588c,,,,,,,,,,,,,
clusters_m30_n150_r3.0_s2005,clusters,3.0,30,150,adaptativa:pl,18338.993739235084,True,-1,0,60.0,59.0812024,0.0,18792.90768306567,17724.06460872428,gap,"[[0.1614457000105176, 20430.829158152217], [0.2198423000081675, 20408.899375273217], [1.2391171000053873, 19539.09997919708], [1.3122584000084316, 18392.68438465353], [2.2513687000027858, 18392.684384653527], [3.6326707000116585, 18381.398882018046], [5.358501500013517, 18362.01551532344], [8.002004000009038, 18338.993739235084], [8.496295799996005, 18338.993739235084], [21.162416000006488, 18338.993739235084], [31.458586400010972, 18338.993739235084]]",59.0812024,58.65625,0.9928073163250313,False,48.2,870.15234375,6,536.0,False,1.0,4.0,f87a27db44006f4d588c,,,,,,,,,,,,,
clusters_m30_n150_r3.0_s2005,clusters,3.0,30,150,completo,18194.312723515453,True,-1,0,60.0,57.0017308,0.0,18792.90768306567,17724.06460872428,gap,"[[0.5296916999941459, 37815.24441773526], [2.84725370000524, 24300.45607508725], [3.001636899993173, 24297.313309505735], [7.440365599992219, 21348.60672179895], [7.531826399994316, 19345.717644612032], [7.5588865000027, 19344.646358502287], [7.564672499996959, 19343.477773757386], [35.343763600001694, 18811.347164518018], [35.34841659999802, 18799.228567042606], [35.351413800002774, 18792.90768306567], [43.890826300004846, 18194.312723515453]]",57.0017308,56.34375,0.9884568277003968,False,64.0,870.15234375,6,279.0,False,1.0,1.0,f87a27db44006f4d588c,,,,,,,,,,,,,
clusters_m30_n150_r3.0_s2005,clusters,3.0,30,150,hibrido:rotacao,18302.950837432712,True,-1,0,60.0,60.0003474,0.0003474000000025512,18792.90768306567,17724.06460872428,gap,"[[0.19143969999277033, 20870.6458293984], [0.30019939999328926, 20784.309278340963], [1.6601261999894632, 19821.92648149052], [1.6952056999871274, 19665.081166399108], [2.6935226999921724, 19628.546584867792], [3.6563902999914717, 18780.05086289203], [4.579377099988051, 18766.65049859077], [5.090262099984102, 18739.28063400639], [5.0923255999950925, 18724.25674424149], [5.107513599985396, 18717.928796347893], [8.053995299997041, 18717.928796347893], [12.318933699993067, 18508.736164400067], [14.08153169999423, 18508.736164400063], [18.290113299997756, 18508.736164400063], [30.000881199986907, 18508.73616440007], [30.02707099998952, 18477.110947204765], [30.993905399984214, 18370.58531896928], [31.091907799986075, 18343.97325548802], [31.11112529998354, 18325.766196838216], [31.157346699983464, 18320.164877998926], [31.661740699986694, 18311.96570260747], [31.71726029999263, 18310.093720980254], [32.72088469998562, 18306.697798906353], [35.05192429998715, 18305.50743262037], [37.30600379999669, 18304.772700954054], [37.4761787999887, 18302.950837432712]]",60.0003474,58.171875,0.969525636446565,False,63.2,914.203125,4,,,,,f87a27db44006f4d588c,30.000600999992457,18508.73616440007,187.0,187.0,347.0,"{""interior"": 47, ""fronteira"": 47, ""liberacao"": 47, ""regret"": 46, ""abertura"": 0}","{""interior"": 1, ""fronteira"": 4, ""liberacao"": 5, ""regret"": 1, ""abertura"": 0}",0.38104339998972137,29.567448300149408,0.0,82.0,0.0,
clusters_m30_n150_r3.0_s2005,clusters,3.0,30,150,hibrido:rotacao,18288.205587489225,True,-1,1,60.0,59.9967121,0.0,18792.90768306567,17724.06460872428,gap,"[[0.1730628999939654, 20870.6458293984], [0.27589000000443775, 20784.309278340963], [1.5762945000024047, 19790.688280320264], [1.6093388000008417, 19665.081166399108], [2.4234015999973053, 19628.402505151458], [3.0528976999921724, 18862.224307597906], [4.255108700002893, 18802.022579154862], [5.169366400004947, 18640.452462669204], [7.430511400001706, 18626.10607282338], [7.468793099993491, 18623.66005054661], [8.066839699982665, 18623.66005054661], [12.805819999994128, 18393.031555738387], [14.094907200007583, 18393.03155573838], [18.132849300003727, 18393.03155573838], [22.15765810001176, 18358.671497043983], [30.002839200009475, 18358.671497043986], [30.042477800001507, 18337.536692735604], [30.52255310000328, 18329.73378952965], [30.68362860000343, 18323.23426462692], [32.16702270001406, 18320.697056109788], [33.277989500013064, 18318.05071053903], [33.30395870000939, 18309.086103672915], [33.5257469000062, 18308.18427329529], [33.90726260001247, 18302.46149065191], [34.52874650001468, 18290.027451010566], [35.983480600014445, 18288.205587489225]]",59.9967121,59.515625,0.991981442263067,False,60.2,870.15234375,6,,,,,f87a27db44006f4d588c,30.00253870000597,18358.671497043986,179.0,179.0,441.0,"{""interior"": 45, ""fronteira"": 45, ""liberacao"": 45, ""regret"": 44, ""abertura"": 0}","{""interior"": 2, ""fronteira"": 3, ""liberacao"": 5, ""regret"": 0, ""abertura"": 0}",0.35643839990370907,29.591218400018988,0.0,79.0,0.0,
clusters_m30_n150_r3.0_s2005,clusters,3.0,30,150,hibrido:rotacao,18321.993621655572,True,-1,2,60.0,60.0050805,0.005080499999998267,18792.90768306567,17724.06460872428,gap,"[[0.2223313999857055, 20870.6458293984], [0.3499112999852514, 20784.309278340963], [1.7210024999803863, 19907.923951377423], [1.7584498999931384, 19665.081166399108], [3.336250399981509, 18808.51403702841], [4.283424699984607, 18766.952483472378], [5.018212399983895, 18742.415490243402], [5.020250799992937, 18723.0336296465], [5.0313583999814, 18721.788706437004], [7.05744869998307, 18708.35159354018], [8.044080699997721, 18708.35159354018], [13.00149729999248, 18447.387141141124], [14.069664499998908, 18447.387141141113], [18.3811321999965, 18447.387141141113], [30.001336100001936, 18447.387141141124], [30.029347699994105, 18446.58015899164], [30.360448099992936, 18377.31285070393], [30.69553569999698, 18347.70969257129], [30.71961359999841, 18343.341600068336], [31.044288699995377, 18341.45482626574], [31.99982879999152, 18338.99696096172], [32.35801840000204, 18337.107154059104], [35.73608339999919, 18332.099259445502], [37.65710679999029, 18331.44942514134], [37.95930399998906, 18324.750507371253], [40.76123119999829, 18321.993621655572]]",60.0050805,58.84375,0.9806461304555704,False,61.1,878.3515625,2,,,,,f87a27db44006f4d588c,30.00113779999083,18447.387141141124,191.0,191.0,436.0,"{""interior"": 48, ""fronteira"": 48, ""liberacao"": 48, ""regret"": 47, ""abertura"": 0}","{""interior"": 3, ""fronteira"": 3, ""liberacao"": 4, ""regret"": 1, ""abertura"": 0}",0.39338640005735215,29.558647699886933,0.0,79.0,0.0,
clusters_m30_n150_r3.0_s2005,clusters,3.0,30,150,hibridopl:rotacao,18361.817096174913,True,-1,0,60.0,60.003227,0.0032270000000025334,18792.90768306567,17724.06460872428,gap,"[[0.15901809999195393, 20430.829158152217], [0.21669719999772497, 20408.899375273217], [1.212044199986849, 19539.09997919708], [1.2805537999956869, 18392.68438465353], [2.2206765999872005, 18392.684384653527], [3.593130499997642, 18381.398882018046], [5.357126099988818, 18362.01551532344], [8.05025499999465, 18362.015515323437], [14.074313299992355, 18362.015515323437], [18.659676200011745, 18362.015515323437], [29.005059799994342, 18362.015515323445], [30.224293199993554, 18361.817096174913]]",60.003227,59.15625,0.9858844758466074,False,49.2,914.203125,4,,,,,f87a27db44006f4d588c,29.00486849999288,18362.015515323445,411.0,411.0,161.0,"{""interior"": 103, ""fronteira"": 103, ""liberacao"": 103, ""regret"": 102, ""abertura"": 0}","{""interior"": 0, ""fronteira"": 0, ""liberacao"": 1, ""regret"": 0, ""abertura"": 0}",0.6349654999794438,30.28133219992742,0.0,272.0,0.0,
clusters_m30_n150_r3.0_s2005,clusters,3.0,30,150,hibridopl:rotacao,18367.63731122436,True,-1,1,60.0,59.9965592,0.0,18792.90768306567,17724.06460872428,gap,"[[0.20683319999079686, 20430.829158152217], [0.2815532999957213, 20408.899375273217], [1.5856869999988703, 19559.196921026127], [1.6653409999998985, 18392.68438465353], [2.647778599988669, 18392.684384653527], [4.68392669998866, 18375.912757543985], [6.102331299989601, 18367.63731122436], [8.048626000003424, 18367.63731122436], [14.141950400007772, 18367.63731122436], [18.37078989998554, 18367.63731122436], [29.99670230000629, 18367.63731122436]]",59.9965592,57.5,0.9583882937073498,False,63.8,914.203125,4,,,,,f87a27db44006f4d588c,29.99652369999967,18367.63731122436,291.0,291.0,51.0,"{""interior"": 73, ""fronteira"": 73, ""liberacao"": 73, ""regret"": 72, ""abertura"": 0}","{""interior"": 0, ""fronteira"": 0, ""liberacao"": 0, ""regret"": 0, ""abertura"": 0}",0.5366490000160411,29.394412500128965,0.0,194.0,0.0,
clusters_m30_n150_r3.0_s2005,clusters,3.0,30,150,hibridopl:rotacao,18338.993739235084,True,-1,2,60.0,59.9910267,0.0,18792.90768306567,17724.06460872428,gap,"[[0.2218637000041781, 20430.829158152217], [0.2889959000021918, 20408.899375273217], [1.3445306000066921, 19593.70706208773], [1.4323078000015812, 18392.68438465353], [2.315668499999447, 18392.684384653527], [4.082513500005007, 18350.748535459872], [5.597831000006408, 18338.993739235084], [7.479614299998502, 18338.993739235084], [13.476492599991616, 18338.993739235084], [17.129250699988916, 18338.993739235084], [29.995739199992386, 18338.993739235084]]",59.9910267,59.171875,0.9863454295573841,False,48.3,878.3515625,2,,,,,f87a27db44006f4d588c,29.995548399994732,18338.993739235084,279.0,279.0,90.0,"{""interior"": 70, ""fronteira"": 70, ""liberacao"": 70, ""regret"": 69, ""abertura"": 0}","{""interior"": 0, ""fronteira"": 0, ""liberacao"": 0, ""regret"": 0, ""abertura"": 0}",0.43401900012395345,29.500627699904726,0.0,185.0,0.0,
clusters_m30_n150_r3.0_s2005,clusters,3.0,30,150,kernel,18125.72620166339,True,-1,0,60.0,59.9937994,0.0,18792.90768306567,17724.06460872428,gap,"[[0.3262836000067182, 22756.84745344705], [1.0024285000108648, 20404.876865063638], [2.3612856000108877, 19293.553772678217], [2.486661400005687, 19269.743927150794], [4.480098500003805, 18551.383958272345], [5.946735100005753, 18504.43068540404], [7.551796400002786, 18432.478373134767], [8.124917499997537, 18349.85737458215], [10.537216400000034, 18334.64186345052], [14.728973100005533, 18312.10797573125], [15.082675600002403, 18312.10797573125], [25.427760799997486, 18304.316250665895], [25.4507256999932, 18301.3557618796], [27.877343699990888, 18184.416055739508], [28.8038935999939, 18172.712460395596], [30.357991699987906, 18172.712460395596], [44.095963699990534, 18172.712460395596], [57.37260349999997, 18150.520529118156], [57.37525059998734, 18138.101018227993], [57.376631799997995, 18125.72620166339]]",59.9937994,59.421875,0.9904669414886232,False,63.7,878.3515625,2,1098.0,,0.3333333333333333,4.0,f87a27db44006f4d588c,,,,,,,,,,,,,0.18265570000221487
clusters_m30_n150_r3.0_s2006,clusters,3.0,30,150,adaptativa:gnn,18695.71540689132,True,0,0,60.0,59.0662736,0.0,19284.723181064805,18486.51649428277,gap,"[[0.18020939998677932, 20112.84124815907], [5.167547299992293, 20097.60547827789], [5.168177399988053, 20072.790675550947], [5.175117599996156, 20061.397609989188], [8.060720800000126, 20040.8814105445], [10.883505099991453, 19984.67923081575], [12.062744799986831, 18695.715406891315], [15.154519300005632, 18695.71540689131], [26.13168309998582, 18695.71540689131], [35.681209599992144, 18695.71540689131]]",59.0662736,58.1875,0.9851222441092001,False,52.7,914.203125,4,1344.0,False,1.0,4.0,f87a27db44006f4d588c,,,,,,,,,,,,,
clusters_m30_n150_r3.0_s2006,clusters,3.0,30,150,adaptativa:pl,19165.983168386676,True,-1,0,60.0,58.9993767,0.0,19284.723181064805,18486.51649428277,gap,"[[0.15119020000565797, 19807.435774137237], [0.22272520000115037, 19391.619098647778], [0.465718100007507, 19391.126972869173], [0.7530216000013752, 19376.2714994718], [1.1610445999976946, 19326.32134830503], [1.2968656000011833, 19321.529271528572], [1.9959810000000289, 19284.0776507369], [2.40706830000272, 19284.077650736883], [2.6137216000061017, 19283.62109407131], [2.624202300008619, 19283.621094071314], [2.861510000002454, 19283.621094071314], [3.0551074000104563, 19283.62109407132], [10.856864400018821, 19202.06934667219], [10.874020100018242, 19174.268121508725], [17.095961200000602, 19174.268121508725], [28.383278600013, 19174.268121508725], [34.4127606000111, 19165.983168386665]]",58.9993767,58.703125,0.9949787316990418,False,48.1,870.15234375,6,360.0,False,1.0,4.0,f87a27db44006f4d588c,,,,,,,,,,,,,
clusters_m30_n150_r3.0_s2006,clusters,3.0,30,150,completo,19284.723181064805,True,-1,0,60.0,57.006182,0.0,19284.723181064805,18486.51649428277,gap,"[[0.5281433000054676, 28778.627158625866], [1.790255600004457, 26054.645993675287], [1.9167179000069154, 24442.99067882911], [1.9899548000103096, 23549.98531496719], [2.142572700002347, 21938.00275932909], [5.125964800012298, 19392.887380789576], [7.746943200007081, 19284.723181064805]]",57.006182,56.171875,0.9853646223842881,False,52.7,878.3515625,2,199.0,False,1.0,1.0,f87a27db44006f4d588c,,,,,,,,,,,,,
clusters_m30_n150_r3.0_s2006,clusters,3.0,30,150,hibrido:rotacao,18660.792317065374,True,-1,0,60.0,60.0003639,0.0003639000000035253,19284.723181064805,18486.51649428277,gap,"[[0.16679230000590906, 20112.84124815907], [5.082224600002519, 20097.60547827789], [5.0828570000012405, 20072.790675550947], [5.090482200001134, 20061.397609989188], [8.055838100015535, 20061.397609989188], [11.422703800009913, 18710.31498985066], [12.342475800018292, 18661.4956787046], [14.23465070000384, 18661.495678704585], [18.143380300010904, 18661.495678704585], [30.000624600012088, 18661.495678704596], [30.71107830000983, 18660.952689839425], [39.276670900013414, 18660.792317065374]]",60.0003639,59.921875,0.9986918596005382,False,49.1,878.3515625,2,,,,,f87a27db44006f4d588c,30.000439000010374,18661.495678704596,243.0,243.0,273.0,"{""interior"": 61, ""fronteira"": 61, ""liberacao"": 61, ""regret"": 60, ""abertura"": 0}","{""interior"": 0, ""fronteira"": 0, ""liberacao"": 2, ""regret"": 0, ""abertura"": 0}",0.38182509984471835,29.565267099882476,0.0,135.0,0.0,
clusters_m30_n150_r3.0_s2006,clusters,3.0,30,150,hibrido:rotacao,19110.511212719444,True,-1,1,60.0,60.0014537,0.001453699999999003,19284.723181064805,18486.51649428277,gap,"[[0.18118410001625307, 20112.84124815907], [1.5426950000110082, 20070.14635717833], [1.5430735000118148, 20069.972894407674], [5.008753000001889, 20022.768613680444], [8.059154700007639, 20022.768613680444], [11.043680200004019, 20002.758101116196], [14.067751700000372, 20002.758101116196], [15.59686160000274, 19391.98052641452], [16.57997950000572, 19288.460953530703], [18.382963500000187, 19288.460953530703], [25.39875610001036, 19286.436061450324], [29.99996130001091, 19286.436061450328], [30.02420460000576, 19286.050464059175], [32.30092340000556, 19171.8658801863], [33.00146600000153, 19157.109884513528], [33.05022390000522, 19141.265197794353], [33.31522610000684, 19119.515546669605], [33.991348200012, 19113.785584014193], [38.52470610001183, 19110.709238336924], [41.407162100003916, 19110.577476628623], [53.287652400002116, 19110.511212719444]]",60.0014537,59.546875,0.9924238718902906,False,52.7,870.15234375,6,,,,,f87a27db44006f4d588c,29.999778800003696,19286.436061450328,127.0,127.0,226.0,"{""interior"": 32, ""fronteira"": 32, ""liberacao"": 32, ""regret"": 31, ""abertura"": 0}","{""interior"": 1, ""fronteira"": 2, ""liberacao"": 4, ""regret"": 2, ""abertura"": 0}",0.20083250000607222,29.766049899946665,0.0,25.0,0.0,
clusters_m30_n150_r3.0_s2006,clusters,3.0,30,150,hibrido:rotacao,19110.511212719444,True,-1,2,60.0,60.0435315,0.04353150000000028,19284.723181064805,18486.51649428277,gap,"[[0.1640237999963574, 20112.84124815907], [1.5773696999967797, 20061.936705476328], [1.5778767000010703, 20057.65037892154], [6.213565500002005, 20033.5036547599], [8.095500999988872, 20033.5036547599], [11.754715099988971, 19998.860424315717], [14.54070439998759, 19998.860424315717], [16.202866099993116, 19391.98052641452], [16.701438399992185, 19288.460953530703], [18.265975999980583, 19288.460953530703], [25.560833399984404, 19286.436061450324], [30.04565939999884, 19286.436061450328], [30.45311699999729, 19286.050464059175], [30.4642967999971, 19285.918702350875], [31.04660529999819, 19173.967131155543], [31.925963100002264, 19141.45120056307], [33.55887629999779, 19134.58406807562], [33.68675269999949, 19134.51780416644], [38.360455200003344, 19127.22790762429], [39.04377459999523, 19122.127599231742], [39.410827899992, 19121.940150693183], [41.0415864999959, 19120.720542785006], [42.38729489999241, 19117.892400836587], [42.825404499992146, 19112.250368512487], [44.81914360000519, 19110.511212719444]]",60.0435315,59.390625,0.98912611427594,False,53.4,914.203125,4,,,,,f87a27db44006f4d588c,30.04548000000068,19286.436061450328,183.0,183.0,183.0,"{""interior"": 46, ""fronteira"": 46, ""liberacao"": 46, ""regret"": 45, ""abertura"": 0}","{""interior"": 2, ""fronteira"": 4, ""liberacao"": 5, ""regret"": 2, ""abertura"": 0}",0.24917560009635054,29.708243500004755,0.0,57.0,0.0,
clusters_m30_n150_r3.0_s2006,clusters,3.0,30,150,hibridopl:rotacao,19110.511212719444,True,-1,0,60.0,59.999029,0.0,19284.723181064805,18486.51649428277,gap,"[[0.3543650999927195, 19807.435774137237], [0.430126699997345, 19391.619098647778], [0.678634099996998, 19391.126972869173], [0.99062809998577, 19376.2714994718], [1.5109116999956314, 19326.32134830503], [1.650925299996743, 19321.529271528572], [2.339777099987259, 19284.0776507369], [2.760663899985957, 19284.077650736883], [2.928250599987223, 19283.62109407131], [2.9387605999945663, 19283.621094071314], [3.1592844999977387, 19283.621094071314], [3.3441357999836328, 19283.62109407132], [10.116018999979133, 19283.62109407132], [15.128417599989916, 19283.62109407132], [30.006092299998272, 19283.62109407132], [30.546555799999624, 19118.360558593275], [32.99839249999786, 19113.53271783579], [35.61621859998559, 19110.511212719444]]",59.999029,59.15625,0.9859534560134298,False,53.4,878.3515625,2,,,,,f87a27db44006f4d588c,30.00588479998987,19283.62109407132,219.0,219.0,70.0,"{""interior"": 55, ""fronteira"": 55, ""liberacao"": 55, ""regret"": 54, ""abertura"": 0}","{""interior"": 0, ""fronteira"": 0, ""liberacao"": 3, ""regret"": 0, ""abertura"": 0}",0.33191560006525833,29.611717700056033,0.0,122.0,0.0,
clusters_m30_n150_r3.0_s2006,clusters,3.0,30,150,hibridopl:rotacao,19110.511212719444,True,-1,1,60.0,59.996349,0.0,19284.723181064805,18486.51649428277,gap,"[[0.17198329999519046, 19807.435774137237], [0.2536478999827523, 19391.619098647778], [0.5209150999871781, 19391.126972869177], [0.8374140999949304, 19363.01289531834], [1.3719183999928646, 19357.235195438378], [1.3763061999925412, 19295.542740518795], [1.9273596999846632, 19284.077650736905], [2.426772399994661, 19284.077650736897], [2.9188444999890635, 19284.077650736897], [3.3626788999827113, 19284.077650736894], [3.766812099987874, 19284.077650736894], [3.999349699995946, 19283.62109407132], [4.008913899990148, 19283.621094071317], [4.076121399994008, 19283.62109407132], [11.10701809998136, 19283.62109407132], [16.1063368999894, 19283.62109407132], [29.998762499992154, 19283.62109407132], [31.71198269999877, 19174.9532081038], [32.02279589998943, 19147.24255515781], [33.75192559999414, 19127.386356319385], [33.97211160000006, 19110.511212719444]]",59.996349,59.921875,0.9987586911330221,False,49.2,870.15234375,6,,,,,f87a27db44006f4d588c,29.998571899996023,19283.62109407132,143.0,143.0,55.0,"{""interior"": 36, ""fronteira"": 36, ""liberacao"": 36, ""regret"": 35, ""abertura"": 0}","{""interior"": 0, ""fronteira"": 2, ""liberacao"": 1, ""regret"": 1, ""abertura"": 0}",0.20621930004563183,29.756022300032782,0.0,66.0,0.0,
clusters_m30_n150_r3.0_s2006,clusters,3.0,30,150,hibridopl:rotacao,19110.511212719444,True,-1,2,60.0,59.9935021,0.0,19284.723181064805,18486.51649428277,gap,"[[0.16143489998648874, 19807.435774137237], [0.23640499998873565, 19391.619098647778], [0.5686701999948127, 19391.126972869173], [1.3002950999944005, 19344.418211348147], [1.5009540999890305, 19324.813735475844], [2.3570919999910984, 19284.0776507369], [2.8621306999848457, 19284.07765073689], [3.057309099996928, 19283.621094071314], [3.0698869999905583, 19283.621094071317], [3.2528671999898506, 19283.62109407132], [10.089461399998982, 19283.62109407132], [15.116773499990813, 19283.62109407132], [29.99086510001507, 19283.62109407132], [31.468450800006394, 19141.384936653893], [34.52405420001014, 19134.51780416644], [39.520770800008904, 19127.22790762429], [40.39489940000931, 19126.76036962019], [40.60417470001266, 19124.450936709807], [40.991399800012005, 19121.940150693183], [42.00701430000481, 19120.720542785006], [42.324466600010055, 19117.892400836587], [42.74757530000352, 19112.250368512487], [44.70119340000383, 19110.511212719444]]",59.9935021,59.6875,0.9948994126148871,False,48.3,878.3515625,2,,,,,f87a27db44006f4d588c,29.990665800010902,19283.62109407132,179.0,179.0,55.0,"{""interior"": 45, ""fronteira"": 45, ""liberacao"": 45, ""regret"": 44, ""abertura"": 0}","{""interior"": 1, ""fronteira"": 3, ""liberacao"": 3, ""regret"": 3, ""abertura"": 0}",0.26809640011924785,29.691467000026023,0.0,56.0,0.0,
clusters_m30_n150_r3.0_s2006,clusters,3.0,30,150,kernel,19283.62109407132,True,-1,0,60.0,51.9327529,0.0,19284.723181064805,18486.51649428277,gap,"[[0.14769630000228062, 19807.435774137237], [0.2156583000032697, 19391.619098647778], [0.45254209999984596, 19391.126972869173], [0.7471175999962725, 19376.2714994718], [1.1575906999933068, 19326.32134830503], [1.2793033000052674, 19321.529271528572], [1.9315992000047117, 19284.0776507369], [2.2849356999940937, 19284.077650736883], [2.478015400003642, 19283.62109407131], [2.490311699992162, 19283.621094071314], [2.7859405999915907, 19283.621094071314], [3.2063646000024164, 19283.62109407132], [21.067762199993012, 19283.62109407132], [40.05663000000641, 19283.62109407132]]",51.9327529,51.75,0.996480970297263,False,49.3,914.203125,4,1498.0,,0.26666666666666666,4.0,f87a27db44006f4d588c,,,,,,,,,,,,,0.07338739999977406
clusters_m30_n150_r3.0_s2007,clusters,3.0,30,150,adaptativa:gnn,18248.5699211202,True,0,0,60.0,58.9983788,0.0,19472.002919328952,17796.884723056464,gap,"[[0.1855292999825906, 21059.151527923128], [1.280170599988196, 19101.02812556046], [3.6856581999891205, 19077.806525646665], [3.853358299980755, 18890.699179908566], [4.929588499988313, 18867.229256000235], [5.125861999986228, 18478.656086498344], [15.286013699995237, 18478.656086498333], [21.897926299992832, 18466.17518709826], [21.90144769998733, 18457.896068338894], [21.90338069999416, 18449.895558086555], [25.039468599992688, 18248.56992112019], [26.091771599982167, 18248.56992112019], [34.15518049997627, 18248.56992112019]]",58.9983788,58.328125,0.9886394539369953,False,49.4,878.3515625,2,1324.0,False,1.0,4.0,f87a27db44006f4d588c,,,,,,,,,,,,,
clusters_m30_n150_r3.0_s2007,clusters,3.0,30,150,adaptativa:pl,18171.857059291775,True,-1,0,60.0,59.0005,0.0,19472.002919328952,17796.884723056464,gap,"[[0.17193030001362786, 21472.455265637713], [0.2675827000057325, 19887.08754907293], [1.9830623000161722, 19817.990063334448], [2.067469700006768, 19689.21246604713], [2.122965300019132, 19052.456191848683], [4.96131830001832, 18375.170614041846], [6.54287370001839, 18363.676795071377], [8.287860400014324, 18255.07108480258], [11.044392600015271, 18250.66024144927], [12.345911700016586, 18199.035102268022], [12.825424800015753, 18180.740477723768], [14.197324900014792, 18172.3611979393], [15.212526899995282, 18172.3611979393], [26.117219500010833, 18172.3611979393], [34.12328840000555, 18172.3611979393], [51.274640100004035, 18172.278195861214], [56.904961399995955, 18171.899568100416], [56.929453699995065, 18171.857059291775]]",59.0005,58.78125,0.9962839297972051,False,50.2,870.15234375,6,1006.0,False,1.0,4.0,f87a27db44006f4d588c,,,,,,,,,,,,,
clusters_m30_n150_r3.0_s2007,clusters,3.0,30,150,completo,18943.433369655675,True,-1,0,60.0,57.002407,0.0,19472.002919328952,17796.884723056464,gap,"[[0.4195768999925349, 34530.33217219665], [1.8277252999978373, 21857.9172390564], [1.9900064999965252, 21853.425428125942], [2.1314737999928184, 21853.385226857605], [5.412754699995276, 19849.346759600758], [42.023208099999465, 19059.06805628454], [54.68365779999294, 18943.433369655675]]",57.002407,56.46875,0.9906379918307661,False,50.6,878.3515625,2,315.0,False,1.0,1.0,f87a27db44006f4d588c,,,,,,,,,,,,,
clusters_m30_n150_r3.0_s2007,clusters,3.0,30,150,hibrido:rotacao,18428.309490194453,True,-1,0,60.0,60.0026879,0.002687899999997967,19472.002919328952,17796.884723056464,gap,"[[0.18713109999953303, 21059.151527923128], [1.32225749999634, 19101.02812556046], [3.6066102999902796, 19077.806525646665], [3.7584168999892427, 18890.699179908566], [4.586025600001449, 18867.229256000235], [4.73277999999118, 18478.656086498344], [8.241877300009946, 18478.656086498333], [14.07133540000359, 18478.656086498333], [15.228168100002222, 18467.762882235016], [18.11361310000939, 18467.762882235016], [30.00235349999275, 18467.76288223503], [30.03680180000083, 18463.85912981539], [30.12819319999835, 18454.87569006967], [31.444162400002824, 18446.011317713906], [33.06653539999388, 18444.538769202903], [33.17052529999637, 18442.8122564683], [33.44371520000277, 18431.895624137498], [34.2154925000068, 18429.899649983756], [36.650660800005426, 18429.859448715408], [39.80176200000278, 18428.782769745416], [43.273322900000494, 18428.309490194453]]",60.0026879,59.875,0.9978719636658144,False,45.7,878.3515625,2,,,,,f87a27db44006f4d588c,30.002152200002456,18467.76288223503,215.0,215.0,367.0,"{""interior"": 54, ""fronteira"": 54, ""liberacao"": 54, ""regret"": 53, ""abertura"": 0}","{""interior"": 1, ""fronteira"": 4, ""liberacao"": 5, ""regret"": 0, ""abertura"": 0}",0.3191340999910608,29.63217299997632,0.0,78.0,0.0,
clusters_m30_n150_r3.0_s2007,clusters,3.0,30,150,hibrido:rotacao,18527.165400061156,True,-1,1,60.0,59.9699572,0.0,19472.002919328952,17796.884723056464,gap,"[[0.22457519998715725, 21059.151527923128], [1.408591699990211, 19101.02812556046], [3.483333899988793, 19077.806525646665], [4.925379899985273, 19006.373363182556], [4.934061999985715, 19003.698862774196], [4.938706299988553, 19000.57086125387], [5.795681299990974, 18989.04159307593], [5.796821599986288, 18987.962792480823], [5.837913899988052, 18986.49602424114], [8.312640999996802, 18986.49602424114], [13.06422559999919, 18986.49602424114], [17.140309399997932, 18986.49602424114], [29.998328799993033, 18986.496024241133], [30.09425259999989, 18984.209809434535], [30.486244300002, 18709.449930982562], [30.498755199994775, 18704.04954473216], [30.60536659999343, 18628.39211796577], [30.76583479999681, 18547.504980693164], [30.8591305000009, 18532.293798425337], [31.605247799991048, 18532.17405735687], [32.71058829998947, 18528.15030362836], [35.09067340000183, 18527.165400061156]]",59.9699572,59.359375,0.9898185320032211,False,50.7,914.203125,4,,,,,f87a27db44006f4d588c,29.998114000001806,18986.496024241133,230.0,230.0,261.0,"{""interior"": 58, ""fronteira"": 58, ""liberacao"": 57, ""regret"": 57, ""abertura"": 0}","{""interior"": 0, ""fronteira"": 5, ""liberacao"": 3, ""regret"": 1, ""abertura"": 0}",0.3076623000233667,29.61286899985862,0.0,123.0,0.0,
clusters_m30_n150_r3.0_s2007,clusters,3.0,30,150,hibrido:rotacao,18380.973629796386,True,-1,2,60.0,60.0027055,0.002705499999997585,19472.002919328952,17796.884723056464,gap,"[[0.2289281999983359, 21059.151527923128], [1.497225700004492, 19101.02812556046], [1.577169700001832, 19087.837873902496], [1.5796785999991698, 19080.751478780065], [1.5808276000025216, 19077.806525646665], [5.933300799995777, 18667.704388562834], [7.36191819999658, 18611.67418752851], [8.071775199990952, 18611.67418752851], [14.072050599992508, 18611.67418752851], [15.225423800002318, 18409.945218689223], [18.372494399984134, 18409.945218689223], [30.000186300007044, 18409.945218689238], [30.04187169999932, 18402.842136494874], [31.05497430000105, 18391.61978886505], [31.95030690000567, 18387.461554989968], [34.04116670000076, 18386.32790470276], [34.647603200006415, 18380.973629796386]]",60.0027055,58.96875,0.9827681853445759,False,51.4,914.203125,4,,,,,f87a27db44006f4d588c,29.999992199998815,18409.945218689238,139.0,139.0,307.0,"{""interior"": 35, ""fronteira"": 35, ""liberacao"": 35, ""regret"": 34, ""abertura"": 0}","{""interior"": 0, ""fronteira"": 2, ""liberacao"": 3, ""regret"": 0, ""abertura"": 0}",0.19222739998076577,29.775971200084314,0.0,66.0,0.0,
clusters_m30_n150_r3.0_s2007,clusters,3.0,30,150,hibridopl:rotacao,18208.75122898582,True,-1,0,60.0,59.9959249,0.0,19472.002919328952,17796.884723056464,gap,"[[0.23054109999793582, 21472.455265637713], [0.3476024999981746, 19887.08754907293], [2.098066499995184, 19817.990063334448], [2.1926261999906274, 19689.21246604713], [2.238254700001562, 19052.456191848683], [5.219833499999368, 18375.170614041846], [6.794111800001701, 18363.676795071377], [8.057697999989614, 18363.676795071377], [9.518000499985646, 18272.63779990241], [9.518830799977877, 18268.214948218705], [9.520949099984136, 18265.678467217418], [14.26247329999751, 18265.678467217418], [18.113962999996147, 18265.678467217418], [30.029299300003913, 18265.67846721741], [30.06912800000282, 18265.614156145653], [30.23232260000077, 18265.52140169515], [30.27984750000178, 18265.07866258659], [30.708387100006803, 18264.8861616703], [30.90724919999775, 18264.159133278514], [33.35346890000801, 18239.774948032846], [38.56152099999599, 18226.62587599171], [38.57148909999523, 18212.446493493644], [39.68137459999707, 18209.984602774497], [40.8946059000009, 18208.75122898582]]",59.9959249,59.515625,0.9919944579435928,False,50.6,870.15234375,6,,,,,f87a27db44006f4d588c,30.029076599996188,18265.67846721741,191.0,191.0,176.0,"{""interior"": 48, ""fronteira"": 48, ""liberacao"": 48, ""regret"": 47, ""abertura"": 0}","{""interior"": 1, ""fronteira"": 1, ""liberacao"": 7, ""regret"": 1, ""abertura"": 0}",0.28558270004577935,29.63451710008667,0.0,76.0,0.0,
clusters_m30_n150_r3.0_s2007,clusters,3.0,30,150,hibridopl:rotacao,18225.764531933663,True,-1,1,60.0,60.0028421,0.00284210000000229,19472.002919328952,17796.884723056464,gap,"[[0.1968157999945106, 21472.455265637713], [0.29140419999021105, 19887.08754907293], [1.0761525999987498, 19836.587108365784], [1.1558324999932665, 19811.044342272962], [2.087862300002598, 19054.896487118036], [4.600549199996749, 18426.59297993204], [5.6495244999969145, 18260.53534446668], [8.04556670000602, 18260.535344466683], [14.089518100008718, 18260.535344466683], [18.104928200002178, 18260.535344466683], [29.99752279999666, 18260.53534446668], [30.35170119999384, 18258.842431702127], [30.558210799994413, 18254.96190445764], [30.792494199995417, 18251.561571760525], [30.92833769999561, 18250.703836853798], [31.008329400006915, 18227.71865010839], [32.02025230000436, 18226.865261543622], [32.33045829999901, 18226.74943550087], [33.20197890000418, 18225.764531933663]]",60.0028421,59.84375,0.9973485905928446,False,45.6,870.15234375,6,,,,,f87a27db44006f4d588c,29.99731370000518,18260.53534446668,203.0,203.0,209.0,"{""interior"": 51, ""fronteira"": 51, ""liberacao"": 51, ""regret"": 50, ""abertura"": 0}","{""interior"": 1, ""fronteira"": 2, ""liberacao"": 3, ""regret"": 2, ""abertura"": 0}",0.2968062999570975,29.663467700127512,0.0,105.0,0.0,
clusters_m30_n150_r3.0_s2007,clusters,3.0,30,150,hibridopl:rotacao,18267.497649750305,True,-1,2,60.0,59.9734988,0.0,19472.002919328952,17796.884723056464,gap,"[[0.17320820000895765, 21472.455265637713], [0.26468690001638606, 19887.08754907293], [2.0075923000113107, 19804.647246819415], [2.1433538000128465, 19030.70954552469], [3.679988800009596, 18944.76249867409], [3.819570300009218, 18939.409338705645], [5.489143700018758, 18570.076646519854], [6.504527700017206, 18497.577120643855], [6.505213700016611, 18467.231664580002], [7.276327300016419, 18448.54550633053], [8.036506699994789, 18448.54550633053], [9.393280299991602, 18435.458657973795], [14.278537499994854, 18435.458657973795], [18.10639820000506, 18435.458657973795], [29.997121699998388, 18435.4586579738], [30.136717499990482, 18434.91839777975], [30.153347699990263, 18376.99342620097], [30.85303469999053, 18364.35711941534], [30.890031599992653, 18352.66753278765], [30.903276500001084, 18347.645555644303], [31.109960200003115, 18332.07457518993], [31.136060799995903, 18324.663103388], [31.152223199998843, 18313.026264554555], [33.952092099993024, 18277.5800254149], [34.16083589999471, 18267.70552792995], [35.57507469999837, 18267.497649750305]]",59.9734988,59.5,0.9921048661579838,False,46.5,914.203125,4,,,,,f87a27db44006f4d588c,29.99685209999734,18435.4586579738,207.0,207.0,347.0,"{""interior"": 52, ""fronteira"": 52, ""liberacao"": 52, ""regret"": 51, ""abertura"": 0}","{""interior"": 3, ""fronteira"": 3, ""liberacao"": 4, ""regret"": 1, ""abertura"": 0}",0.3049586998677114,29.62726540006406,0.0,97.0,0.0,
clusters_m30_n150_r3.0_s2007,clusters,3.0,30,150,kernel,18183.36621479595,True,-1,0,60.0,59.0214525,0.0,19472.002919328952,17796.884723056464,gap,"[[0.19287899999471847, 23350.32525061213], [0.3193274999939604, 21857.917239056405], [1.5585026999906404, 19183.924137342823], [6.678004099987447, 18530.7437964704], [6.9529313999955775, 18232.71631088261], [8.982697199986433, 18230.608738110386], [11.301812199992128, 18219.22884083455], [13.41828019998502, 18214.96063566027], [15.095765599995502, 18214.960635660267], [37.088480999998865, 18214.960635660267], [58.88813959999243, 18183.366214795948]]",59.0214525,58.296875,0.9877234891838692,False,50.2,914.203125,4,1131.0,,0.3333333333333333,3.0,f87a27db44006f4d588c,,,,,,,,,,,,,0.09103209999739192
uniforme_m30_n150_r1.5_s2000,uniforme,1.5,30,150,adaptativa:gnn,28319.56207053646,True,0,0,60.0,58.9963817,0.0,28875.1707011701,27627.755483287794,gap,"[[0.671633700010716, 38187.428405991275], [2.080830100007006, 30030.43518270382], [2.14714390001609, 29974.890873618002], [2.1522241000056965, 29962.353092862853], [7.199750800005859, 28681.503974074138], [14.06360069999937, 28681.503974074138], [23.354054900002666, 28630.80023514958], [23.355083100002958, 28605.592118849156], [23.362559700006386, 28598.856174480195], [25.059620100000757, 28598.856174480195], [28.47114860000147, 28319.562070536464], [34.14434960001381, 28319.562070536464]]",58.9963817,58.453125,0.9907916946031963,False,54.6,790.57421875,4,319.0,False,1.0,4.0,f87a27db44006f4d588c,,,,,,,,,,,,,
uniforme_m30_n150_r1.5_s2000,uniforme,1.5,30,150,adaptativa:pl,28821.86022982791,True,-1,0,60.0,59.0013634,0.0,28875.1707011701,27627.755483287794,gap,"[[0.21974179999961052, 30226.86364279674], [1.949057999998331, 29770.579603296774], [2.174982500000624, 28884.93204210976], [12.472447099993587, 28821.860229827915], [15.066844499990111, 28821.860229827915], [26.073459500010358, 28821.860229827915], [35.142539999986184, 28821.860229827915]]",59.0013634,58.828125,0.9970638237827568,False,52.4,795.7578125,6,430.0,False,1.0,4.0,f87a27db44006f4d588c,,,,,,,,,,,,,
uniforme_m30_n150_r1.5_s2000,uniforme,1.5,30,150,completo,28838.789016733852,True,-1,0,60.0,56.9976583,0.0,28875.1707011701,27627.755483287794,gap,"[[0.6401971999875968, 42714.26039750191], [1.5812331999914022, 34317.06118973714], [2.2352107999904547, 34224.17231947637], [2.53039759999956, 34189.34748571571], [2.6461635999876307, 32682.836239438497], [2.859646099997917, 31672.726302630403], [5.387653699988732, 28875.17070117012], [50.71158079999441, 28838.789016733874]]",56.9976583,56.875,0.9978480115910305,False,50.3,725.234375,6,308.0,False,1.0,1.0,f87a27db44006f4d588c,,,,,,,,,,,,,
uniforme_m30_n150_r1.5_s2000,uniforme,1.5,30,150,hibrido:rotacao,28065.55202952485,True,-1,0,60.0,59.9958201,0.0,28875.1707011701,27627.755483287794,gap,"[[0.8239009999961127, 38187.428405991275], [2.1338022999989334, 30030.43518270382], [2.195797099993797, 29974.890873618002], [2.2012728999980027, 29962.353092862853], [6.754578299995046, 28681.503974074138], [7.132387500008917, 28681.503974074138], [13.065553500011447, 28681.503974074138], [16.743471600013436, 28323.703244415858], [17.122526999999536, 28323.703244415854], [30.001931000006152, 28323.703244415847], [30.1997221000056, 28314.283717138704], [30.594731699995464, 28307.138215518833], [33.00778369999898, 28205.828026418727], [33.07302250000066, 28187.18105561012], [33.26042079999752, 28183.82610834149], [33.424050100002205, 28182.295469756093], [33.45645539999532, 28177.560987484037], [33.52432009999757, 28162.950363341202], [34.629355800003395, 28066.008712549483], [39.05800600000657, 28065.55202952485]]",59.9958201,59.734375,0.9956422780859695,False,54.6,805.64453125,6,,,,,f87a27db44006f4d588c,30.001560400007293,28323.703244415847,342.0,342.0,67.0,"{""interior"": 86, ""fronteira"": 86, ""liberacao"": 85, ""regret"": 85, ""abertura"": 0}","{""interior"": 0, ""fronteira"": 5, ""liberacao"": 3, ""regret"": 2, ""abertura"": 0}",0.28561660017294344,29.634940200165147,0.0,253.0,0.0,
uniforme_m30_n150_r1.5_s2000,uniforme,1.5,30,150,hibrido:rotacao,28290.902615901978,True,-1,1,60.0,59.9887105,0.0,28875.1707011701,27627.755483287794,gap,"[[0.24486370000522584, 38187.428405991275], [8.314388200000394, 38187.42840599126], [13.077524899999844, 38187.42840599126], [13.170299499994144, 31745.16028790598], [13.738467799994396, 31426.66666508005], [13.795895499992184, 31360.171671210723], [13.971591599998646, 31199.722508206563], [14.17111819999991, 31113.228056544445], [15.530191700003343, 31096.314992387055], [15.654621099994984, 28325.607343920605], [17.1083520000102, 28325.607343920605], [30.006952200012165, 28325.607343920597], [30.03833390001091, 28322.201598296284], [30.37280300000566, 28320.538067320296], [30.636240100007853, 28314.97786550361], [31.44480310000654, 28293.01511704077], [32.21269100000791, 28291.97357145838], [41.087486300006276, 28290.902615901978]]",59.9887105,59.5625,0.992895154830841,False,52.2,821.06640625,2,,,,,f87a27db44006f4d588c,30.006755100010196,28325.607343920597,222.0,222.0,44.0,"{""interior"": 56, ""fronteira"": 56, ""liberacao"": 55, ""regret"": 55, ""abertura"": 0}","{""interior"": 2, ""fronteira"": 3, ""liberacao"": 1, ""regret"": 0, ""abertura"": 0}",0.18759999993199017,29.744585299820756,0.0,145.0,0.0,
uniforme_m30_n150_r1.5_s2000,uniforme,1.5,30,150,hibrido:rotacao,28020.77377532267,True,-1,2,60.0,59.9971737,0.0,28875.1707011701,27627.755483287794,gap,"[[0.3696312999963993, 38187.428405991275], [7.061329399992246, 38187.42840599126], [13.062017799980822, 38187.42840599126], [13.174069599990617, 31745.16028790598], [13.76139269999112, 31223.908918099853], [13.824082399980398, 31186.9478467267], [15.767065499981982, 28325.607343920605], [17.117664799981867, 28325.607343920605], [30.001046899997164, 28325.607343920597], [30.01947110000765, 28324.199207490175], [30.9088391999976, 28302.983177268623], [31.02433870000823, 28302.08242614157], [33.946450500006904, 28297.444676594154], [36.15276040000026, 28295.130787978822], [36.487299400003394, 28290.088873104796], [40.00504560000263, 28175.21757871918], [40.10061350000615, 28147.271132343332], [40.11954759999935, 28140.542484836413], [41.000694900008966, 28083.08795556267], [41.01875590000418, 28076.52531837899], [41.4114402999985, 28076.181644798802], [41.47563369999989, 28073.64948922752], [41.53639870000188, 28062.268715519764], [41.86927850000211, 28057.595854139938], [42.419456700008595, 28052.20247135328], [42.49531250000291, 28037.840678174594], [44.43318550000549, 28031.453092424345], [44.519690300003276, 28028.608495734326], [45.88992990000406, 28027.64736876703], [46.01308530000097, 28021.08735141441], [48.41469420000794, 28020.77377532267]]",59.9971737,59.375,0.9896299498521212,False,50.5,790.57421875,4,,,,,f87a27db44006f4d588c,30.000858800005517,28325.607343920597,326.0,326.0,47.0,"{""interior"": 82, ""fronteira"": 82, ""liberacao"": 81, ""regret"": 81, ""abertura"": 0}","{""interior"": 2, ""fronteira"": 9, ""liberacao"": 4, ""regret"": 7, ""abertura"": 0}",0.2496105999161955,29.68111320004391,0.0,161.0,0.0,
uniforme_m30_n150_r1.5_s2000,uniforme,1.5,30,150,hibridopl:rotacao,28110.54383103596,True,-1,0,60.0,59.9844324,0.0,28875.1707011701,27627.755483287794,gap,"[[0.23386179999215528, 30226.86364279674], [1.9261549999937415, 29770.579603296774], [2.176696399998036, 28884.93204210976], [8.055057600009604, 28884.93204210976], [9.97640070001944, 28883.41355511045], [14.058776599995326, 28883.41355511045], [16.783556999987923, 28870.63143203562], [18.318493800004944, 28870.63143203562], [29.990336200004094, 28870.63143203561], [30.008085000008577, 28861.443047295783], [30.993523500001174, 28837.073033667046], [31.21147480000218, 28797.653207002124], [31.362399600009667, 28786.733875575577], [31.446509200002765, 28784.312653244677], [31.488284799997928, 28780.26056334057], [31.657111799999257, 28776.000271819645], [31.824713599999086, 28538.62012063144], [32.150749799999176, 28499.462238102435], [32.28168050000386, 28417.311420094476], [32.46875800000271, 28401.292586191506], [32.8061352000077, 28394.40178451583], [32.84727949999797, 28367.079588331704], [33.19988140001078, 28364.99150910064], [33.41399709999678, 28356.89323192837], [33.994287000008626, 28300.708356933075], [34.419794000001275, 28225.396848407483], [34.751151400007075, 28200.559146883545], [34.797342300007585, 28191.149795925423], [35.35604880000756, 28190.761667948616], [35.861859900003765, 28189.330397763915], [35.926665100007085, 28188.689522913322], [35.98856090000481, 28170.31584346963], [36.16214410000248, 28161.348933847272], [36.99409639999794, 28148.426504709925], [37.98954770001001, 28129.358306545204], [38.43699500001094, 28127.22109704328], [38.67698109999765, 28125.063801955566], [39.11216590000549, 28122.51938820706], [40.15071020000323, 28117.265821796507], [40.27339450000727, 28110.54383103596]]",59.9844324,59.53125,0.9924449997796428,False,50.6,821.06640625,2,,,,,f87a27db44006f4d588c,29.990146500000264,28870.63143203561,239.0,239.0,75.0,"{""interior"": 60, ""fronteira"": 60, ""liberacao"": 60, ""regret"": 59, ""abertura"": 0}","{""interior"": 6, ""fronteira"": 10, ""liberacao"": 8, ""regret"": 7, ""abertura"": 0}",0.19910450011957437,29.742905799867003,0.0,118.0,0.0,
uniforme_m30_n150_r1.5_s2000,uniforme,1.5,30,150,hibridopl:rotacao,28455.874210123497,True,-1,1,60.0,59.9959435,0.0,28875.1707011701,27627.755483287794,gap,"[[0.23619790001248475, 30226.86364279674], [1.9840965000039432, 28880.33865091901], [8.065283500007354, 28880.33865091901], [14.248275000005378, 28880.33865091901], [18.12088989999029, 28880.33865091901], [29.99714250001125, 28880.338650919002], [30.02362269999867, 28858.368143104344], [30.78862430001027, 28691.070853613095], [30.83946580000338, 28683.9435640178], [30.91366220000782, 28630.000171182972], [32.85128760000225, 28625.974989491653], [35.51325760000327, 28603.409070020803], [41.96470130000671, 28589.142843091042], [42.586869400009164, 28588.69765495472], [44.696051899998565, 28574.928903281063], [47.00337020000734, 28511.65452703151], [47.014808400010224, 28507.727444568518], [47.04436210000131, 28505.941697817296], [47.613907899998594, 28484.369807078798], [48.00893190001079, 28468.308607043356], [50.507250900001964, 28455.874210123497]]",59.9959435,59.9375,0.9990258758077536,False,47.8,725.234375,6,,,,,f87a27db44006f4d588c,29.996940600001835,28880.338650919002,207.0,207.0,62.0,"{""interior"": 52, ""fronteira"": 52, ""liberacao"": 52, ""regret"": 51, ""abertura"": 0}","{""interior"": 4, ""fronteira"": 6, ""liberacao"": 2, ""regret"": 3, ""abertura"": 0}",0.16543510000337847,29.787700599976233,0.0,76.0,0.0,
uniforme_m30_n150_r1.5_s2000,uniforme,1.5,30,150,hibridopl:rotacao,28514.46851136104,True,-1,2,60.0,59.9779237,0.0,28875.1707011701,27627.755483287794,gap,"[[0.3999309000064386, 30226.86364279674], [2.3344415000028675, 28879.827317950763], [7.100207000010414, 28879.827317950763], [13.087206399999559, 28879.827317950763], [17.116733600007137, 28879.827317950763], [21.668629500010866, 28868.26060703842], [30.017647200002102, 28868.260607038403], [31.18030579999322, 28868.099802011766], [31.207187899999553, 28845.480891608873], [32.017711199994665, 28840.2820327233], [32.65064989999519, 28828.938575782802], [32.67228769999929, 28813.393711291246], [33.163876000005985, 28652.521630710187], [34.013223799993284, 28652.143105977102], [34.24843540000438, 28640.594739382715], [34.2775030000048, 28637.567275204005], [35.16834770000423, 28637.290485219874], [35.45010699999693, 28604.32704160527], [35.51755279999634, 28602.692394446683], [35.54046540000127, 28588.022799246228], [35.959765999999945, 28578.632146476888], [36.128088900004514, 28568.992553349846], [42.40961740000057, 28566.366389292816], [44.179155699996045, 28561.79523855592], [59.020805699998164, 28521.766175051656], [59.2873319999926, 28514.46851136104]]",59.9779237,59.359375,0.9896870604742192,False,54.7,821.06640625,2,,,,,f87a27db44006f4d588c,30.0174485000025,28868.260607038403,143.0,143.0,48.0,"{""interior"": 36, ""fronteira"": 36, ""liberacao"": 36, ""regret"": 35, ""abertura"": 0}","{""interior"": 5, ""fronteira"": 6, ""liberacao"": 4, ""regret"": 4, ""abertura"": 0}",0.12437059998046607,29.799375600079657,0.0,45.0,0.0,
uniforme_m30_n150_r1.5_s2000,uniforme,1.5,30,150,kernel,28821.86022982791,True,-1,0,60.0,58.0060245,0.0,28875.1707011701,27627.755483287794,gap,"[[0.2143635000247741, 30226.86364279674], [2.165544300019974, 29770.579603296774], [2.472465500017279, 28884.93204210976], [12.349812700020266, 28821.860229827915], [15.112689200002933, 28821.860229827915]]",58.0060245,57.46875,0.9907376086427023,False,52.6,790.57421875,4,423.0,,0.5666666666666667,2.0,f87a27db44006f4d588c,,,,,,,,,,,,,0.060937600006582215
uniforme_m30_n150_r1.5_s2001,uniforme,1.5,30,150,adaptativa:gnn,26619.464380591824,True,0,0,60.0,58.0022239,0.0,27708.29421884008,25847.91547910817,gap,"[[0.22834879998117685, 38199.21002528583], [1.5478956999868387, 26656.787742424956], [4.9004676999902586, 26619.46438059182], [5.757671199986362, 26619.46438059181], [9.784061999991536, 26619.46438059181], [21.107865399986622, 26619.46438059181]]",58.0022239,58.0,0.9999616583666889,False,39.7,805.64453125,6,142.0,False,1.0,4.0,f87a27db44006f4d588c,,,,,,,,,,,,,
uniforme_m30_n150_r1.5_s2001,uniforme,1.5,30,150,adaptativa:pl,26619.464380591824,True,-1,0,60.0,58.0016774,0.0,27708.29421884008,25847.91547910817,gap,"[[0.22217960000853054, 38199.21002528583], [1.5042912000062643, 26656.787742424956], [4.856148100006976, 26619.46438059182], [6.00123690001783, 26619.46438059181], [9.99814970002626, 26619.46438059181], [21.108276000013575, 26619.46438059181]]",58.0016774,57.96875,0.9994323026250962,False,39.8,805.64453125,6,136.0,False,1.0,4.0,f87a27db44006f4d588c,,,,,,,,,,,,,
uniforme_m30_n150_r1.5_s2001,uniforme,1.5,30,150,completo,27495.375594673602,True,-1,0,60.0,57.0057033,0.0,27708.29421884008,25847.91547910817,gap,"[[0.2728692999953637, 40833.839872274075], [1.7454627999977674, 31498.953068281196], [1.918360700001358, 31350.436756004936], [2.0074661999969976, 30791.99633307733], [2.1027860999893164, 29076.884840722643], [6.0749959999957355, 28149.58379693004], [6.1227363999933, 27740.689419145318], [6.124613599997247, 27738.28558164723], [6.148019200001727, 27708.294218840067], [50.33645350000006, 27495.37559467359]]",57.0057033,56.984375,0.9996258567342331,False,40.0,821.06640625,2,321.0,False,1.0,1.0,f87a27db44006f4d588c,,,,,,,,,,,,,
uniforme_m30_n150_r1.5_s2001,uniforme,1.5,30,150,hibrido:rotacao,26396.74745082486,True,-1,0,60.0,59.9895321,0.0,27708.29421884008,25847.91547910817,gap,"[[0.6457427999848733, 38199.21002528583], [1.987207899990608, 26656.787742424956], [5.4340441999956965, 26619.46438059182], [6.284631799993804, 26619.46438059181], [10.245099399995524, 26619.46438059181], [15.104908899986185, 26619.46438059181], [29.99131449998822, 26619.464380591824], [31.85546899998735, 26482.00565270128], [35.20920159999514, 26472.33327525627], [36.951210199986235, 26452.808218811515], [37.11776559999271, 26442.01274123099], [37.677450199989835, 26436.0693686894], [38.21539389999816, 26411.025651130447], [39.30039429999306, 26403.073190459523], [39.62471939998795, 26396.74745082486]]",59.9895321,59.90625,0.9986117227942173,False,40.9,821.06640625,2,,,,,f87a27db44006f4d588c,29.991122699997504,26619.464380591824,203.0,203.0,27.0,"{""interior"": 51, ""fronteira"": 51, ""liberacao"": 51, ""regret"": 50, ""abertura"": 0}","{""interior"": 0, ""fronteira"": 4, ""liberacao"": 2, ""regret"": 2, ""abertura"": 0}",0.1444982000393793,29.811475399998017,0.0,128.0,0.0,
uniforme_m30_n150_r1.5_s2001,uniforme,1.5,30,150,hibrido:rotacao,26430.125326483565,True,-1,1,60.0,59.9951717,0.0,27708.29421884008,25847.91547910817,gap,"[[0.23186240000359248, 38199.21002528583], [1.1916588000021875, 27317.87874471546], [1.5353013999992982, 26656.787742424956], [4.932809699996142, 26619.464380591824], [5.994195200008107, 26619.46438059181], [8.838576900001499, 26619.464380591806], [9.414940400005435, 26619.46438059181], [14.104127799990238, 26619.46438059181], [29.99583350001194, 26619.464380591824], [30.99782730001607, 26564.423933096165], [35.29823560001387, 26485.53581711766], [35.74708400001691, 26453.03794871621], [36.6978466000146, 26444.393265261337], [45.78628770001524, 26438.9231095071], [47.22982170002069, 26438.82353896328], [48.64968790001876, 26430.125326483565]]",59.9951717,59.96875,0.9995596028938442,False,40.9,805.64453125,6,,,,,f87a27db44006f4d588c,29.995645800008788,26619.464380591824,163.0,163.0,34.0,"{""interior"": 41, ""fronteira"": 41, ""liberacao"": 41, ""regret"": 40, ""abertura"": 0}","{""interior"": 0, ""fronteira"": 3, ""liberacao"": 2, ""regret"": 2, ""abertura"": 0}",0.12244009993446525,29.838790799985873,0.0,73.0,0.0,
uniforme_m30_n150_r1.5_s2001,uniforme,1.5,30,150,hibrido:rotacao,26430.224897027387,True,-1,2,60.0,60.0023903,0.0023903000000018437,27708.29421884008,25847.91547910817,gap,"[[0.24791900000127498, 38199.21002528583], [0.5747979000007035, 27045.977312152343], [1.5183435000071768, 26656.787742424956], [5.0134260000049835, 26619.464380591824], [6.057928700000048, 26619.46438059181], [8.836313199994038, 26619.46438059181], [9.346536900018691, 26619.46438059181], [14.108128500010935, 26619.46438059181], [29.999727000002167, 26619.464380591824], [32.078490700005204, 26568.30201805907], [36.75771170000371, 26470.23601015546], [36.818430800005444, 26464.874363038976], [36.84148649999406, 26464.776517954644], [41.26998349999485, 26444.393265261337], [41.293335299997125, 26438.9231095071], [44.78275389999908, 26430.224897027387]]",60.0023903,59.984375,0.9996997569611823,False,40.2,872.32421875,4,,,,,f87a27db44006f4d588c,29.999545900005614,26619.464380591824,135.0,135.0,33.0,"{""interior"": 34, ""fronteira"": 34, ""liberacao"": 34, ""regret"": 33, ""abertura"": 0}","{""interior"": 1, ""fronteira"": 1, ""liberacao"": 2, ""regret"": 3, ""abertura"": 0}",0.09625260002212599,29.874917200082564,0.0,56.0,0.0,
uniforme_m30_n150_r1.5_s2001,uniforme,1.5,30,150,hibridopl:rotacao,26396.74745082486,True,-1,0,60.0,59.9922763,0.0,27708.29421884008,25847.91547910817,gap,"[[0.223665900004562, 38199.21002528583], [1.5172880000027362, 26656.787742424956], [4.832468199994764, 26619.46438059182], [5.804234899987932, 26619.46438059181], [9.71535810000205, 26619.46438059181], [14.106684099984705, 26619.46438059181], [29.9974302000046, 26619.464380591824], [31.84524360000796, 26482.00565270128], [35.08918600001198, 26472.33327525627], [36.84279290000268, 26452.808218811515], [37.120878300003824, 26442.01274123099], [37.704727700009244, 26436.0693686894], [38.23446390000754, 26411.025651130447], [39.31930720001401, 26403.073190459523], [39.6439076000097, 26396.74745082486]]",59.9922763,59.953125,0.9993473943244924,False,40.9,872.32421875,4,,,,,f87a27db44006f4d588c,29.997245200007455,26619.464380591824,207.0,207.0,29.0,"{""interior"": 52, ""fronteira"": 52, ""liberacao"": 52, ""regret"": 51, ""abertura"": 0}","{""interior"": 0, ""fronteira"": 4, ""liberacao"": 2, ""regret"": 2, ""abertura"": 0}",0.14816399989649653,29.799772999904235,0.0,132.0,0.0,
uniforme_m30_n150_r1.5_s2001,uniforme,1.5,30,150,hibridopl:rotacao,26430.125326483565,True,-1,1,60.0,60.0072537,0.0072536999999996965,27708.29421884008,25847.91547910817,gap,"[[0.2138880000129575, 38199.21002528583], [1.1784768000070471, 27317.87874471546], [1.553002300002845, 26656.787742424956], [4.9569506000116235, 26619.464380591824], [5.907392399996752, 26619.46438059181], [8.779282400006196, 26619.464380591806], [9.35374760000559, 26619.46438059181], [14.241170000008424, 26619.46438059181], [29.00771670001268, 26619.464380591824], [29.99903940000513, 26564.423933096165], [34.215880200004904, 26485.53581711766], [34.663920400009374, 26453.03794871621], [35.70808830001624, 26444.393265261337], [44.57447680001496, 26438.9231095071], [46.198478600010276, 26438.82353896328], [47.58980960001645, 26430.125326483565]]",60.0072537,59.953125,0.999097964051636,False,39.7,821.06640625,2,,,,,f87a27db44006f4d588c,29.007530400005635,26619.464380591824,171.0,171.0,32.0,"{""interior"": 43, ""fronteira"": 43, ""liberacao"": 43, ""regret"": 42, ""abertura"": 0}","{""interior"": 0, ""fronteira"": 3, ""liberacao"": 2, ""regret"": 2, ""abertura"": 0}",0.12293829994450789,30.838044699979946,0.0,81.0,0.0,
uniforme_m30_n150_r1.5_s2001,uniforme,1.5,30,150,hibridopl:rotacao,26430.224897027387,True,-1,2,60.0,60.0011079,0.0011079000000009387,27708.29421884008,25847.91547910817,gap,"[[0.21990379999624565, 38199.21002528583], [0.5432478999864543, 27045.977312152343], [1.5294724999839673, 26656.787742424956], [5.130539499994484, 26619.464380591824], [6.126682399990386, 26619.46438059181], [8.953280199988512, 26619.46438059181], [9.461287199999788, 26619.46438059181], [14.276196899983916, 26619.46438059181], [29.003862300000037, 26619.464380591824], [31.089800900008413, 26568.30201805907], [35.79095019999659, 26470.23601015546], [35.85194560000673, 26464.874363038976], [35.87481670000125, 26464.776517954644], [40.263105899997754, 26444.393265261337], [40.286764999997104, 26438.9231095071], [43.86890200000198, 26430.224897027387]]",60.0011079,59.984375,0.9997211234827882,False,40.1,805.64453125,6,,,,,f87a27db44006f4d588c,29.003673900006106,26619.464380591824,135.0,135.0,25.0,"{""interior"": 34, ""fronteira"": 34, ""liberacao"": 34, ""regret"": 33, ""abertura"": 0}","{""interior"": 1, ""fronteira"": 1, ""liberacao"": 2, ""regret"": 3, ""abertura"": 0}",0.1017546999064507,30.862656499957666,0.0,56.0,0.0,
uniforme_m30_n150_r1.5_s2001,uniforme,1.5,30,150,kernel,27049.356257902105,True,-1,0,60.0,58.0009985,0.0,27708.29421884008,25847.91547910817,gap,"[[0.18765279999934137, 28620.680110407255], [0.6680148000014015, 28579.707386323375], [0.781039099994814, 28380.140082018654], [0.8322505999967689, 28371.604534858587], [3.0817736000026343, 28176.792433841292], [9.793815099998028, 27188.92067165217], [9.796504900004948, 27072.45727813843], [15.120100600004662, 27072.45727813843], [55.96536640000704, 27049.356257902084]]",58.0009985,58.0,0.9999827847791275,False,39.5,872.32421875,4,390.0,,0.5333333333333333,2.0,f87a27db44006f4d588c,,,,,,,,,,,,,0.050070199999026954
uniforme_m30_n150_r1.5_s2002,uniforme,1.5,30,150,adaptativa:gnn,28849.19818017182,True,0,0,60.0,58.9997638,0.0,28914.525206844904,27915.47993535511,gap,"[[0.2319224000093527, 30523.96879742021], [0.6092370000114897, 30351.854813416587], [0.7269737000169698, 30276.217540294063], [0.9312990000180434, 30239.92952204222], [3.3585271000192733, 28902.09233680041], [15.056564500002423, 28902.09233680041], [17.65725650000968, 28879.804061582756], [26.348250300012296, 28879.804061582756], [28.94154100000742, 28859.974011793467], [28.973015300012776, 28849.198180171825], [34.10312770000019, 28849.198180171825]]",58.9997638,58.96875,0.9994743402684605,False,40.8,821.06640625,2,290.0,False,1.0,4.0,f87a27db44006f4d588c,,,,,,,,,,,,,
uniforme_m30_n150_r1.5_s2002,uniforme,1.5,30,150,adaptativa:pl,28830.031160787843,True,-1,0,60.0,59.0015114,0.0,28914.525206844904,27915.47993535511,gap,"[[0.19905550000839867, 30523.96879742021], [0.5034882000036305, 30351.854813416587], [0.6179934999963734, 30276.217540294063], [0.8096407999983057, 30239.92952204222], [3.0929534000024432, 28902.09233680041], [15.068146299992804, 28902.09233680041], [17.641851299995324, 28879.804061582756], [26.065600100002484, 28879.804061582756], [28.081634999995003, 28855.309452443118], [35.44137659999251, 28855.309452443118], [40.45685709999816, 28830.03116078784]]",59.0015114,58.96875,0.9994447362580613,False,40.1,872.32421875,4,313.0,False,1.0,4.0,f87a27db44006f4d588c,,,,,,,,,,,,,
uniforme_m30_n150_r1.5_s2002,uniforme,1.5,30,150,completo,28874.880966924924,True,-1,0,60.0,56.9918484,0.0,28914.525206844904,27915.47993535511,gap,"[[0.277738099990529, 43100.15423549775], [1.860226499993587, 32701.058526397144], [2.1694991999975173, 32682.311271876366], [2.563668199989479, 31733.875488817997], [6.384394499997143, 28914.525206844915], [47.69588429998839, 28874.880966924924]]",56.9918484,56.96875,0.9995947069511084,False,39.8,928.76953125,6,316.0,False,1.0,1.0,f87a27db44006f4d588c,,,,,,,,,,,,,
uniforme_m30_n150_r1.5_s2002,uniforme,1.5,30,150,hibrido:rotacao,28561.04308968704,True,-1,0,60.0,59.9928532,0.0,28914.525206844904,27915.47993535511,gap,"[[0.21234050000202842, 30523.96879742021], [0.5193865000037476, 30351.854813416587], [0.635083900007885, 30276.217540294063], [0.8253484000015305, 30239.92952204222], [3.1361046000092756, 28902.09233680041], [8.065423899999587, 28902.09233680041], [10.679806600004667, 28879.804061582756], [14.058326700003818, 28879.804061582756], [16.696290500010946, 28859.974011793467], [16.729682700010017, 28849.198180171825], [18.110560599991004, 28849.198180171825], [29.99947220001195, 28849.19818017182], [30.01820590000716, 28848.881738792683], [30.050440000006347, 28819.957613630508], [30.99460460001137, 28804.831812257515], [31.114732700007153, 28798.75718729261], [32.2672392000095, 28695.764263755333], [33.32049380001263, 28687.86641620317], [34.06058890001441, 28659.985716523384], [35.016611800005194, 28643.658514917595], [36.000857200007886, 28569.52167299349], [36.20434940000996, 28569.37691619681], [36.89031430000614, 28565.827101430783], [37.92682470001455, 28562.395083560856], [53.57263190000958, 28561.04308968704]]",59.9928532,59.984375,0.9998586798335506,False,40.8,872.32421875,4,,,,,f87a27db44006f4d588c,29.99928470001032,28849.19818017182,118.0,118.0,62.0,"{""interior"": 30, ""fronteira"": 30, ""liberacao"": 29, ""regret"": 29, ""abertura"": 0}","{""interior"": 3, ""fronteira"": 8, ""liberacao"": 2, ""regret"": 0, ""abertura"": 0}",0.08247289995779283,29.88165670003218,0.0,37.0,0.0,
uniforme_m30_n150_r1.5_s2002,uniforme,1.5,30,150,hibrido:rotacao,28523.352284973596,True,-1,1,60.0,60.0061467,0.00614670000000217,28914.525206844904,27915.47993535511,gap,"[[0.21564759999455418, 30523.96879742021], [0.5247749999980442, 30351.854813416587], [0.6427094999962719, 30276.217540294063], [0.8365769999945769, 30239.92952204222], [3.26365330000408, 28807.75750125743], [8.065801199991256, 28807.75750125743], [14.409431099993526, 28807.75750125743], [18.1101583000127, 28807.75750125743], [30.001802800004953, 28807.757501257423], [30.021201800002018, 28806.1241479732], [30.055663200007984, 28793.203760060438], [31.004583400004776, 28715.70843468543], [31.216439399999217, 28705.358993635382], [31.22911759999988, 28691.791220878375], [31.356066599997575, 28691.15771506697], [32.0856031000003, 28690.832836002846], [32.674598600002355, 28679.571127945215], [33.93952870000794, 28621.23001985442], [37.0009926000057, 28602.88498841681], [45.92969400000584, 28583.062552291187], [47.8301952000038, 28552.260825650385], [48.104769400000805, 28546.848376261692], [49.31268170000112, 28540.399989241017], [50.35938840000017, 28538.827499598294], [53.28307289999793, 28530.200007538486], [58.91339090000838, 28523.352284973596]]",60.0061467,60.0,0.999897565493903,False,40.0,928.76953125,6,,,,,f87a27db44006f4d588c,30.001605900004506,28807.757501257423,134.0,134.0,68.0,"{""interior"": 34, ""fronteira"": 34, ""liberacao"": 33, ""regret"": 33, ""abertura"": 0}","{""interior"": 4, ""fronteira"": 8, ""liberacao"": 3, ""regret"": 2, ""abertura"": 0}",0.09757169996737503,29.8736858999182,0.0,23.0,0.0,
uniforme_m30_n150_r1.5_s2002,uniforme,1.5,30,150,hibrido:rotacao,28530.71555100185,True,-1,2,60.0,59.9921245,0.0,28914.525206844904,27915.47993535511,gap,"[[0.20790279998618644, 30523.96879742021], [0.516853799985256, 30351.854813416587], [0.6431622999953106, 30276.217540294067], [3.330380099985632, 28939.9009620194], [8.060347599996021, 28939.9009620194], [10.53431040000578, 28937.851006888843], [14.295369800005574, 28937.851006888843], [17.67679290000524, 28831.584119647032], [18.108096199997817, 28831.584119647032], [29.993035700012115, 28831.58411964703], [30.02151610000874, 28827.449673298768], [31.9995515000046, 28808.33909341952], [32.01372360000096, 28798.701204516194], [32.059104000014486, 28791.765542886093], [32.07845480000833, 28787.832248560233], [32.29226820000622, 28783.7745668017], [32.30872950001503, 28780.177551155986], [32.47689540000283, 28613.232912918058], [32.99665100000857, 28576.27814891057], [33.00846530000854, 28560.342278924687], [33.14116730001115, 28550.36436797824], [33.16014160000486, 28534.517307232833], [39.887702000007266, 28530.71555100185]]",59.9921245,59.96875,0.999610373858322,False,40.0,928.76953125,6,,,,,f87a27db44006f4d588c,29.992841400002362,28831.58411964703,195.0,195.0,72.0,"{""interior"": 49, ""fronteira"": 49, ""liberacao"": 49, ""regret"": 48, ""abertura"": 0}","{""interior"": 4, ""fronteira"": 3, ""liberacao"": 2, ""regret"": 4, ""abertura"": 0}",0.1396700000623241,29.816145699980552,0.0,123.0,0.0,
uniforme_m30_n150_r1.5_s2002,uniforme,1.5,30,150,hibridopl:rotacao,28581.43026818546,True,-1,0,60.0,59.9986177,0.0,28914.525206844904,27915.47993535511,gap,"[[0.19603370000550058, 30523.96879742021], [0.4995748000073945, 30351.854813416587], [0.6138721000024816, 30276.217540294063], [0.8150387000059709, 30239.92952204222], [3.085799499996938, 28902.09233680041], [8.066743300005328, 28902.09233680041], [10.658424299996113, 28879.804061582756], [14.067218599986518, 28879.804061582756], [16.21150469998247, 28855.309452443118], [18.30786509999598, 28855.309452443118], [23.37192679999862, 28830.03116078784], [30.003664200005005, 28830.031160787843], [30.021823699993547, 28826.09746241557], [30.04109349999635, 28812.803112151763], [33.2639152000047, 28786.9456605348], [33.284227199997986, 28780.67367327195], [33.3183890000073, 28780.048009383343], [34.00236749999749, 28667.997123850095], [34.11066390000633, 28661.121328154826], [34.14330530000734, 28658.821815202762], [36.00561779999407, 28620.101874184154], [36.53312619999633, 28616.50839333583], [36.55905840000196, 28609.84920034297], [37.542880199995125, 28606.41718247305], [37.556750600007945, 28593.16372678461], [37.734187199996086, 28590.340559687913], [39.607384400005685, 28581.43026818546]]",59.9986177,60.0,1.0000230388641103,False,40.0,872.32421875,4,,,,,f87a27db44006f4d588c,30.003476199999568,28830.031160787843,154.0,154.0,69.0,"{""interior"": 39, ""fronteira"": 39, ""liberacao"": 38, ""regret"": 38, ""abertura"": 0}","{""interior"": 2, ""fronteira"": 6, ""liberacao"": 3, ""regret"": 4, ""abertura"": 0}",0.11157460005779285,29.84878839990415,0.0,74.0,0.0,
uniforme_m30_n150_r1.5_s2002,uniforme,1.5,30,150,hibridopl:rotacao,28523.352284973596,True,-1,1,60.0,59.9999364,0.0,28914.525206844904,27915.47993535511,gap,"[[0.21092449998832308, 30523.96879742021], [0.5178949999972247, 30351.854813416587], [0.6335866999870632, 30276.217540294063], [0.8255385999946157, 30239.92952204222], [3.266546999991988, 28807.75750125743], [8.07296839999617, 28807.75750125743], [14.066591900002095, 28807.75750125743], [18.278226800000994, 28807.75750125743], [30.001417599996785, 28807.757501257423], [30.019115000002785, 28806.1241479732], [30.053151900006924, 28793.203760060438], [30.999759400001494, 28715.70843468543], [31.20772869999928, 28705.358993635382], [31.219934000007925, 28691.791220878375], [31.342804600004456, 28691.15771506697], [32.08400129999791, 28690.832836002846], [32.66558060000534, 28679.571127945215], [33.92677130000084, 28621.23001985442], [36.000456299996586, 28602.88498841681], [44.91280220000772, 28583.062552291187], [46.7902427999943, 28552.260825650385], [47.105537299998105, 28546.848376261692], [48.29444379999768, 28540.399989241017], [49.301668800006155, 28538.827499598294], [52.31079420000606, 28530.200007538486], [57.87574580000364, 28523.352284973596]]",59.9999364,59.984375,0.9997406430584149,False,39.8,872.32421875,4,,,,,f87a27db44006f4d588c,30.001216699994984,28807.757501257423,142.0,142.0,73.0,"{""interior"": 36, ""fronteira"": 36, ""liberacao"": 35, ""regret"": 35, ""abertura"": 0}","{""interior"": 4, ""fronteira"": 8, ""liberacao"": 3, ""regret"": 2, ""abertura"": 0}",0.097369100083597,29.868322000009357,0.0,26.0,0.0,
uniforme_m30_n150_r1.5_s2002,uniforme,1.5,30,150,hibridopl:rotacao,28676.68683914795,True,-1,2,60.0,59.9888454,0.0,28914.525206844904,27915.47993535511,gap,"[[0.22674169999663718, 30523.96879742021], [0.6158793999929912, 30351.854813416587], [0.73510069999611, 30276.217540294067], [3.354410400002962, 28939.9009620194], [8.062571600006777, 28939.9009620194], [10.492724800002179, 28937.851006888843], [14.06029620001209, 28937.851006888843], [16.332190400004038, 28891.288000283515], [18.36616689999937, 28891.288000283515], [29.99751910001214, 28891.28800028351], [30.452516700010165, 28677.922163907035], [42.894837600004394, 28676.68683914795]]",59.9888454,59.953125,0.9994045492997603,False,39.8,821.06640625,2,,,,,f87a27db44006f4d588c,29.99733730001026,28891.28800028351,138.0,138.0,79.0,"{""interior"": 35, ""fronteira"": 35, ""liberacao"": 34, ""regret"": 34, ""abertura"": 0}","{""interior"": 0, ""fronteira"": 1, ""liberacao"": 1, ""regret"": 0, ""abertura"": 0}",0.09866870017140172,29.86020309997548,0.0,92.0,0.0,
uniforme_m30_n150_r1.5_s2002,uniforme,1.5,30,150,kernel,28902.09233680041,True,-1,0,60.0,58.0034138,0.0,28914.525206844904,27915.47993535511,gap,"[[0.19237279999651946, 30523.96879742021], [0.5472448999935295, 30351.854813416587], [0.6844444000016665, 30276.217540294063], [0.879033499993966, 30239.92952204222], [3.1940651000040816, 28902.09233680041], [15.325745699985418, 28902.09233680041]]",58.0034138,57.984375,0.9996717641470958,False,39.9,821.06640625,2,357.0,,0.5666666666666667,2.0,f87a27db44006f4d588c,,,,,,,,,,,,,0.048247500002617016
uniforme_m30_n150_r1.5_s2003,uniforme,1.5,30,150,adaptativa:gnn,28097.335354006595,True,0,0,60.0,59.0542428,0.0,27983.052576255464,26735.81746956445,gap,"[[0.18936620000749826, 29897.21017078746], [0.5783751000126358, 29715.81869960541], [0.6722104000073159, 29574.30357903283], [2.2208538000122644, 28896.92916867078], [2.429005900019547, 28284.25574013952], [11.416700100016897, 28225.461126932933], [11.834934100013925, 28220.368112184515], [13.581607700005407, 28128.565575281336], [15.312698099995032, 28128.56557528133], [26.11070109999855, 28128.56557528133], [35.16202930000145, 28128.56557528133], [55.02872390000266, 28097.335354006605]]",59.0542428,58.640625,0.9929959681067996,False,45.1,861.62109375,2,793.0,False,1.0,4.0,f87a27db44006f4d588c,,,,,,,,,,,,,
uniforme_m30_n150_r1.5_s2003,uniforme,1.5,30,150,adaptativa:pl,28007.843240996357,True,-1,0,60.0,59.0077388,0.0,27983.052576255464,26735.81746956445,gap,"[[0.1798189000255661, 29897.21017078746], [0.5705036000144901, 29715.81869960541], [0.6631095000193454, 29574.30357903283], [2.118886200027191, 28896.92916867078], [2.267773200015654, 28284.25574013952], [10.97843910001393, 28225.461126932933], [11.430701000019326, 28220.368112184515], [13.187674500019057, 28128.565575281336], [15.086886800010689, 28128.56557528133], [25.989090200018836, 28007.84324099637], [26.722380600011093, 28007.84324099637], [34.10539229999995, 28007.84324099637]]",59.0077388,58.9375,0.9988096679956155,False,41.1,937.80078125,6,845.0,False,1.0,4.0,f87a27db44006f4d588c,,,,,,,,,,,,,
uniforme_m30_n150_r1.5_s2003,uniforme,1.5,30,150,completo,27585.15642308558,True,-1,0,60.0,57.0139068,0.0,27983.052576255464,26735.81746956445,gap,"[[0.30934069999784697, 43318.10268100185], [1.391323599993484, 34072.42767055553], [1.5659370000066701, 32340.484821346214], [2.3685663000069326, 30922.6701210667], [5.735092500006431, 28294.210139565683], [34.64442899999267, 28207.471124544354], [56.32836319999478, 27585.156423085587]]",57.0139068,56.765625,0.9956452414167836,False,50.1,1003.26171875,4,420.0,False,1.0,1.0,f87a27db44006f4d588c,,,,,,,,,,,,,
uniforme_m30_n150_r1.5_s2003,uniforme,1.5,30,150,hibrido:rotacao,27311.817518525568,True,-1,0,60.0,59.9903049,0.0,27983.052576255464,26735.81746956445,gap,"[[0.18703220000315923, 29897.21017078746], [0.5713516000105301, 29715.81869960541], [0.6645845000020927, 29574.30357903283], [2.153186800002004, 28896.92916867078], [2.3038171000080183, 28284.25574013952], [8.231571300013456, 28284.25574013952], [14.075580800010357, 28284.25574013952], [18.114936800004216, 28284.25574013952], [30.004452099994523, 28284.25574013951], [31.002538200002164, 27312.99265937628], [31.202982599992538, 27311.817518525568]]",59.9903049,59.53125,0.9923478485271042,False,44.5,1003.26171875,4,,,,,f87a27db44006f4d588c,30.004265600000508,28284.25574013951,399.0,399.0,147.0,"{""interior"": 100, ""fronteira"": 100, ""liberacao"": 100, ""regret"": 99, ""abertura"": 0}","{""interior"": 0, ""fronteira"": 1, ""liberacao"": 1, ""regret"": 0, ""abertura"": 0}",0.30791120021604,29.596557499971823,0.0,362.0,0.0,
uniforme_m30_n150_r1.5_s2003,uniforme,1.5,30,150,hibrido:rotacao,27337.41489582674,True,-1,1,60.0,59.9907158,0.0,27983.052576255464,26735.81746956445,gap,"[[0.21121780000976287, 29897.21017078746], [0.7157100000040373, 29574.30357903283], [2.320212900012848, 28291.119882898252], [2.420821000006981, 28044.67290545294], [2.427639800007455, 27977.303344627177], [2.428504300012719, 27959.9378556863], [8.054732500007958, 27959.9378556863], [9.949597400001949, 27926.83640948119], [9.951057500002207, 27926.293139041034], [9.953282600006787, 27924.721626750503], [14.062091100000544, 27924.721626750503], [18.2937196999992, 27924.721626750503], [29.99259580000944, 27924.7216267505], [30.078771700005746, 27731.596738162756], [30.150011300007463, 27724.72290454238], [30.649779500017758, 27697.27409452056], [30.662377300017397, 27683.20487418544], [31.358209900005022, 27614.806223533476], [31.389492900008918, 27600.32475868951], [31.441070500019123, 27584.481375453703], [32.062339400014025, 27575.81668590448], [32.22624710001401, 27363.683616847346], [38.549147900004755, 27355.901624685706], [38.638952600013, 27353.700748141233], [39.60441490000812, 27347.394363572337], [40.62235620000865, 27346.693128910618], [42.52247830001579, 27342.1579394391], [44.20776730001671, 27337.41489582674]]",59.9907158,59.828125,0.9972897339557999,False,45.0,861.62109375,2,,,,,f87a27db44006f4d588c,29.992402900010347,27924.7216267505,191.0,191.0,137.0,"{""interior"": 48, ""fronteira"": 48, ""liberacao"": 48, ""regret"": 47, ""abertura"": 0}","{""interior"": 2, ""fronteira"": 5, ""liberacao"": 5, ""regret"": 3, ""abertura"": 0}",0.14526200025284197,29.808937299836543,0.0,96.0,0.0,
uniforme_m30_n150_r1.5_s2003,uniforme,1.5,30,150,hibrido:rotacao,27492.544494168695,True,-1,2,60.0,59.9856657,0.0,27983.052576255464,26735.81746956445,gap,"[[0.24266119999811053, 29897.21017078746], [0.8742475000035483, 29574.30357903283], [3.2037389000033727, 28284.25574013952], [8.058906100006425, 28284.25574013952], [13.298029700003099, 27965.35850449509], [14.05126459999883, 27965.35850449509], [18.566830499999924, 27965.35850449509], [22.395885699996143, 27782.361438927386], [22.40551090000372, 27746.869814204794], [22.410786000007647, 27741.276927855706], [28.99574440001743, 27741.276927855706], [29.018894900014857, 27727.412505287273], [29.096820400009165, 27643.567094464044], [29.1652216000075, 27632.149459907196], [29.260004500014475, 27627.101395010202], [29.352776600018842, 27622.084106576654], [29.61443670000881, 27621.922951964112], [29.984310600018944, 27578.713385366213], [30.986754600016866, 27553.251081807037], [32.434304900016286, 27534.494555895963], [32.46634540001105, 27510.727419619638], [33.56190770001558, 27501.187358998475], [34.70098290001624, 27498.94628718517], [36.98402410002018, 27492.544494168695]]",59.9856657,59.609375,0.9937269896798028,False,49.3,861.62109375,2,,,,,f87a27db44006f4d588c,28.995557900008862,27741.276927855706,203.0,203.0,89.0,"{""interior"": 51, ""fronteira"": 51, ""liberacao"": 51, ""regret"": 50, ""abertura"": 0}","{""interior"": 3, ""fronteira"": 4, ""liberacao"": 4, ""regret"": 2, ""abertura"": 0}",0.16897050006082281,30.774788199880277,0.0,116.0,0.0,
uniforme_m30_n150_r1.5_s2003,uniforme,1.5,30,150,hibridopl:rotacao,27311.817518525568,True,-1,0,60.0,59.9942218,0.0,27983.052576255464,26735.81746956445,gap,"[[0.1917560999863781, 29897.21017078746], [0.5868718999845441, 29715.81869960541], [0.6821744999760995, 29574.30357903283], [2.1941291999828536, 28896.92916867078], [2.36336819997814, 28284.25574013952], [8.055024599991157, 28284.25574013952], [14.06720539998787, 28284.25574013952], [18.562064499987173, 28284.25574013952], [28.998216799998772, 28284.25574013951], [29.99649540000246, 27312.99265937628], [30.19598249999399, 27311.817518525568]]",59.9942218,59.921875,0.9987941038681829,False,44.8,1003.26171875,4,,,,,f87a27db44006f4d588c,28.99801429999934,28284.25574013951,450.0,450.0,128.0,"{""interior"": 113, ""fronteira"": 113, ""liberacao"": 112, ""regret"": 112, ""abertura"": 0}","{""interior"": 0, ""fronteira"": 1, ""liberacao"": 1, ""regret"": 0, ""abertura"": 0}",0.3381403999082977,30.574570599987055,0.0,413.0,0.0,
uniforme_m30_n150_r1.5_s2003,uniforme,1.5,30,150,hibridopl:rotacao,27375.888962027588,True,-1,1,60.0,59.9856377,0.0,27983.052576255464,26735.81746956445,gap,"[[0.3781701999978395, 29897.21017078746], [1.1033743000007235, 29574.30357903283], [3.1316283000051044, 28291.119882898252], [3.203357300008065, 28044.67290545294], [3.2073866999999154, 27977.303344627177], [3.208300099999178, 27959.9378556863], [7.054057399989688, 27959.9378556863], [9.035058299996308, 27926.83640948119], [9.036526799987769, 27926.293139041034], [9.038681099991663, 27924.721626750503], [13.059929900002317, 27924.721626750503], [17.186236699999426, 27924.721626750503], [29.994942899997113, 27924.7216267505], [30.46736849998706, 27731.596738162756], [30.564108999999007, 27724.72290454238], [30.98539959998743, 27697.27409452056], [31.005182900000364, 27683.20487418544], [31.98577239998849, 27580.644695315892], [32.47671439999249, 27512.246044663927], [32.504910299991025, 27458.221265256165], [32.584483699989505, 27456.84191490607], [33.17974089999916, 27455.343964886295], [33.55427309998777, 27449.629268673885], [33.75042939999548, 27445.639195200154], [35.40397649999068, 27444.426617704616], [37.13845759999822, 27414.616900903107], [38.98511639999924, 27406.258730790447], [39.60009519998857, 27405.557496128728], [39.81789899998694, 27402.737791595595], [43.617177599997376, 27397.551956462474], [45.71028409998689, 27395.841963353756], [46.27220149998902, 27394.433217401463], [46.60502469999483, 27387.124578686227], [50.60330369998701, 27378.459889137], [59.147899799994775, 27376.411377951437], [59.412772499999846, 27375.888962027588]]",59.9856377,59.875,0.9981555968354738,False,51.2,937.80078125,6,,,,,f87a27db44006f4d588c,29.994611899994197,27924.7216267505,183.0,183.0,94.0,"{""interior"": 46, ""fronteira"": 46, ""liberacao"": 46, ""regret"": 45, ""abertura"": 0}","{""interior"": 3, ""fronteira"": 9, ""liberacao"": 8, ""regret"": 3, ""abertura"": 0}",0.15153680004004855,29.791644300028565,0.0,43.0,0.0,
uniforme_m30_n150_r1.5_s2003,uniforme,1.5,30,150,hibridopl:rotacao,27536.083813057507,True,-1,2,60.0,59.9570988,0.0,27983.052576255464,26735.81746956445,gap,"[[0.187628500018036, 29897.21017078746], [0.6913048000133131, 29574.30357903283], [2.6311924000183353, 28284.25574013952], [8.0630930000043, 28284.25574013952], [13.07713320000039, 27965.35850449509], [14.070452400002978, 27965.35850449509], [17.515662500009057, 27650.682602113415], [17.52654900001653, 27572.25225826934], [18.38142640001024, 27572.25225826934], [30.007164100010414, 27572.252258269327], [30.028938400006155, 27562.73852784623], [30.122667600007844, 27559.654828373696], [30.291522100014845, 27554.606763476702], [32.00116050000361, 27544.984830666068], [32.78410200000508, 27538.32488487081], [33.31717700000445, 27536.083813057507]]",59.9570988,59.765625,0.9968064865740301,False,44.5,861.62109375,2,,,,,f87a27db44006f4d588c,30.006953700009035,27572.252258269327,318.0,318.0,111.0,"{""interior"": 80, ""fronteira"": 80, ""liberacao"": 79, ""regret"": 79, ""abertura"": 0}","{""interior"": 2, ""fronteira"": 3, ""liberacao"": 1, ""regret"": 0, ""abertura"": 0}",0.23350479992222972,29.654734800045844,0.0,261.0,0.0,
uniforme_m30_n150_r1.5_s2003,uniforme,1.5,30,150,kernel,27811.54524168547,True,-1,0,60.0,59.0041408,0.0,27983.052576255464,26735.81746956445,gap,"[[0.17899520001083147, 29897.21017078746], [0.5716220000031171, 29715.81869960541], [0.6666568000073312, 29574.30357903283], [2.202173600002425, 28896.92916867078], [2.3469656000088435, 28284.25574013952], [11.43771120000747, 28225.461126932933], [11.870138300015242, 28220.368112184515], [13.666598200012231, 28128.565575281336], [15.114466800005175, 28128.56557528133], [37.06543659999443, 28128.56557528133], [39.23784469999373, 27880.87243575188], [50.8792531999934, 27858.45289525896], [54.54299810000521, 27856.193840862546], [57.886091399996076, 27811.54524168547]]",59.0041408,59.0,0.9999298218744676,False,45.6,928.76953125,6,1250.0,,0.4666666666666667,3.0,f87a27db44006f4d588c,,,,,,,,,,,,,0.05483890000323299
uniforme_m30_n150_r1.5_s2004,uniforme,1.5,30,150,adaptativa:gnn,25949.9489528649,True,0,0,60.0,59.0029988,0.0,26185.807784617235,25154.48704617977,gap,"[[0.204507399990689, 27173.539917576036], [1.307649999987916, 25966.505297398737], [3.458328299995628, 25958.92232196127], [3.4938454999937676, 25958.922321961258], [6.150520999988657, 25949.948952864896], [6.3049308999907225, 25949.948952864896], [9.140218999993522, 25949.948952864892], [15.056174699988333, 25949.948952864903], [26.071687899981043, 25949.948952864903], [35.32366979999642, 25949.948952864903]]",59.0029988,58.3125,0.9882972253267913,False,44.3,750.55078125,4,303.0,False,1.0,4.0,f87a27db44006f4d588c,,,,,,,,,,,,,
uniforme_m30_n150_r1.5_s2004,uniforme,1.5,30,150,adaptativa:pl,25772.598286902314,True,-1,0,60.0,59.0004725,0.0,26185.807784617235,25154.48704617977,gap,"[[0.20864150000852533, 27452.48154964345], [1.4142804000148317, 26251.453820185925], [6.956168000004254, 25977.885337715827], [14.767307100002654, 25965.162507800334], [15.059034200021415, 25965.162507800334], [16.1785504000145, 25956.35492753265], [20.393267500010552, 25876.279797461793], [20.405373500019778, 25797.07831402884], [26.061302300004172, 25797.07831402884], [35.412464199995156, 25797.07831402884], [39.70864989999973, 25790.204077725135], [39.7208757000044, 25781.58541147053], [39.7270955999993, 25772.5982869023]]",59.0004725,58.015625,0.9833078031705593,False,49.5,811.44921875,2,532.0,False,1.0,4.0,f87a27db44006f4d588c,,,,,,,,,,,,,
uniforme_m30_n150_r1.5_s2004,uniforme,1.5,30,150,completo,26185.807784617235,True,-1,0,60.0,57.0021214,0.0,26185.807784617235,25154.48704617977,gap,"[[0.26762549999693874, 39202.35754791222], [1.3674753999948734, 28942.388923597748], [5.2092350000020815, 26185.807784617227]]",57.0021214,56.921875,0.9985922208151362,False,42.6,870.15234375,6,658.0,False,1.0,1.0,f87a27db44006f4d588c,,,,,,,,,,,,,
uniforme_m30_n150_r1.5_s2004,uniforme,1.5,30,150,hibrido:rotacao,25513.864869673926,True,-1,0,60.0,59.9998352,0.0,26185.807784617235,25154.48704617977,gap,"[[0.2545100000133971, 27173.539917576036], [1.2433492000127444, 25966.505297398737], [3.3093633000098635, 25958.92232196127], [3.342051400017226, 25958.922321961258], [5.551598300007754, 25949.948952864896], [5.696564000012586, 25949.948952864896], [8.059759499999927, 25949.948952864903], [14.071305900011794, 25949.948952864903], [18.11880709999241, 25949.948952864903], [30.002923799984274, 25949.9489528649], [30.999010999992606, 25665.466943468768], [33.006953899996006, 25657.952609646163], [35.000441599986516, 25641.432186810907], [35.72921529998712, 25578.747347004668], [37.287121699991985, 25526.677867834824], [37.340064299991354, 25519.14434606278], [40.99962939998659, 25513.864869673926]]",59.9998352,59.1875,0.9864610428129976,False,49.4,750.55078125,4,,,,,f87a27db44006f4d588c,30.00273059999745,25949.9489528649,127.0,127.0,64.0,"{""interior"": 32, ""fronteira"": 32, ""liberacao"": 32, ""regret"": 31, ""abertura"": 0}","{""interior"": 1, ""fronteira"": 0, ""liberacao"": 6, ""regret"": 0, ""abertura"": 0}",0.10554730001604185,29.847976299977745,0.0,52.0,0.0,
uniforme_m30_n150_r1.5_s2004,uniforme,1.5,30,150,hibrido:rotacao,25918.147479800828,True,-1,1,60.0,60.0056727,0.005672699999998088,26185.807784617235,25154.48704617977,gap,"[[0.3231699999887496, 27173.539917576036], [1.36818379999022, 25969.771485442147], [3.3378689999954076, 25968.28975831695], [3.3633325999835506, 25968.28975831694], [7.058850800007349, 25968.28975831695], [8.153680200004601, 25956.3019543889], [10.609414400008973, 25956.301954388895], [13.075357800000347, 25956.3019543889], [17.10511509999924, 25956.3019543889], [30.001810500005377, 25956.301954388902], [34.21697490000224, 25952.7944540311], [43.99964039999759, 25918.147479800828]]",60.0056727,59.96875,0.999384679842111,False,42.7,870.15234375,6,,,,,f87a27db44006f4d588c,30.00162339999224,25956.301954388902,146.0,146.0,32.0,"{""interior"": 37, ""fronteira"": 37, ""liberacao"": 36, ""regret"": 36, ""abertura"": 0}","{""interior"": 0, ""fronteira"": 1, ""liberacao"": 1, ""regret"": 0, ""abertura"": 0}",0.10687170001619961,29.86328320011671,0.0,80.0,0.0,
uniforme_m30_n150_r1.5_s2004,uniforme,1.5,30,150,hibrido:rotacao,25485.247210667734,True,-1,2,60.0,59.9911807,0.0,26185.807784617235,25154.48704617977,gap,"[[0.19930510000267532, 27173.539917576036], [1.3413440000003902, 25969.771485442147], [3.4646476000052644, 25950.486080122362], [3.492025800005649, 25950.48608012235], [5.472782800003188, 25950.486080122348], [8.045300099998713, 25950.486080122366], [14.305534800005262, 25950.486080122366], [18.097994399999152, 25950.486080122366], [29.998781799993594, 25950.48608012236], [32.21261199998844, 25676.74251148397], [44.823444699984975, 25667.258598319124], [46.006548499994096, 25664.401851185], [46.97095519998402, 25664.097870234054], [47.05487719998928, 25657.559266334567], [47.20993529999396, 25578.373565627608], [47.23754289999488, 25577.947321660024], [48.79780379998556, 25562.235912608507], [49.7259289999929, 25547.296087852537], [51.994702199983294, 25485.247210667734]]",59.9911807,59.875,0.9980633703380337,False,42.5,811.44921875,2,,,,,f87a27db44006f4d588c,29.99859029999061,25950.48608012236,143.0,143.0,53.0,"{""interior"": 36, ""fronteira"": 36, ""liberacao"": 36, ""regret"": 35, ""abertura"": 0}","{""interior"": 1, ""fronteira"": 3, ""liberacao"": 5, ""regret"": 1, ""abertura"": 0}",0.10873850011557806,29.84944650012767,0.0,46.0,0.0,
uniforme_m30_n150_r1.5_s2004,uniforme,1.5,30,150,hibridopl:rotacao,25683.59441724117,True,-1,0,60.0,59.9955756,0.0,26185.807784617235,25154.48704617977,gap,"[[0.6609380000008969, 27452.48154964345], [1.7822540999914054, 26251.453820185925], [7.061087800000678, 26251.453820185925], [13.061849599995185, 26251.453820185925], [15.775209400002495, 26224.402105775614], [17.124359300010838, 26224.402105775614], [29.994532499986235, 26224.402105775618], [30.01790429999528, 26223.476981674346], [31.393405299982987, 25947.148438190667], [31.407882499988773, 25940.04210492463], [31.495072199992137, 25927.845960809012], [35.00035459999344, 25708.383215131296], [35.45334799999546, 25705.327221487132], [37.05620189999172, 25690.485820186295], [48.99609389998659, 25683.59441724117]]",59.9955756,59.9375,0.9990320019531573,False,47.5,870.15234375,6,,,,,f87a27db44006f4d588c,29.99433479999425,26224.402105775618,75.0,75.0,112.0,"{""interior"": 19, ""fronteira"": 19, ""liberacao"": 19, ""regret"": 18, ""abertura"": 0}","{""interior"": 1, ""fronteira"": 3, ""liberacao"": 3, ""regret"": 1, ""abertura"": 0}",0.06421699989004992,29.913007999944966,0.0,18.0,0.0,
uniforme_m30_n150_r1.5_s2004,uniforme,1.5,30,150,hibridopl:rotacao,25905.440280834962,True,-1,1,60.0,59.9977876,0.0,26185.807784617235,25154.48704617977,gap,"[[0.3016749999951571, 27452.48154964345], [1.391897199995583, 26251.453820185925], [7.060413300001528, 26251.453820185925], [13.068030700014788, 26251.453820185925], [15.838158500017016, 26229.547883371153], [17.11704660000396, 26229.547883371153], [21.388887100009015, 26217.898325038364], [30.001681200010353, 26217.898325038368], [30.064012100017862, 26201.615135906628], [30.931379300018307, 26154.184029401036], [30.94550880001043, 26152.356725857804], [30.997153300006175, 26146.174639937875], [32.012462500017136, 26136.6414076715], [32.037527700013015, 26134.122043952564], [33.02019070001552, 26086.79336438177], [34.0005344000092, 26080.697653433643], [34.10503330001666, 26080.4570051575], [34.15195910001057, 26075.208264213317], [34.23257500001637, 26039.51931692115], [35.239357000013115, 26026.779922400652], [36.08039810000628, 26023.105057425684], [36.17456570001377, 26008.1287732113], [36.997686900009285, 26007.100582590738], [39.00630300001649, 25982.66362639411], [39.0784127000079, 25955.130377535097], [40.189129400008824, 25952.05342679892], [40.65963600001123, 25945.417160545727], [42.00260690001596, 25926.457954453028], [44.34635370000615, 25924.362365265573], [44.415012300014496, 25918.758697361205], [50.13705580000533, 25916.84669078458], [54.77662530001544, 25908.02855863568], [55.64945860001899, 25905.440280834962]]",59.9977876,59.875,0.9979534645374157,False,42.5,750.55078125,4,,,,,f87a27db44006f4d588c,30.001489400005084,26217.898325038368,138.0,138.0,117.0,"{""interior"": 35, ""fronteira"": 35, ""liberacao"": 34, ""regret"": 34, ""abertura"": 0}","{""interior"": 0, ""fronteira"": 10, ""liberacao"": 7, ""regret"": 8, ""abertura"": 0}",0.10158570000203326,29.862730399996508,0.0,18.0,0.0,
uniforme_m30_n150_r1.5_s2004,uniforme,1.5,30,150,hibridopl:rotacao,25766.041873679194,True,-1,2,60.0,59.9990402,0.0,26185.807784617235,25154.48704617977,gap,"[[0.19512569998914842, 27452.48154964345], [0.7046330000011949, 27383.382462469075], [1.5884660999872722, 26251.453820185925], [8.066400399999111, 26251.453820185925], [14.146707599997171, 26251.453820185925], [17.62676789998659, 26223.68847100094], [18.307926499983296, 26223.68847100094], [23.326284099995974, 26221.937274512373], [29.999960999994073, 26221.93727451238], [30.023799099988537, 26214.917867290616], [30.372616099994048, 26214.57587933947], [30.53310319999582, 26212.77084158851], [30.545085399993695, 26203.797720419112], [33.31934439999168, 26200.714697921372], [35.00143809999281, 25800.16509306887], [35.01983879998443, 25792.16397643211], [35.0273712999915, 25791.825786938538], [35.18786029999319, 25780.25242577851], [36.452539999983856, 25779.58540600986], [48.9968239999871, 25776.7380022924], [49.00933349998377, 25773.33530859058], [49.03006849999656, 25772.201643615783], [50.16801479998685, 25766.041873679194]]",59.9990402,59.875,0.9979326302623087,False,46.1,870.15234375,6,,,,,f87a27db44006f4d588c,29.99977769999532,26221.93727451238,115.0,115.0,108.0,"{""interior"": 29, ""fronteira"": 29, ""liberacao"": 29, ""regret"": 28, ""abertura"": 0}","{""interior"": 3, ""fronteira"": 3, ""liberacao"": 4, ""regret"": 4, ""abertura"": 0}",0.08569840012933128,29.884880899931886,0.0,39.0,0.0,
uniforme_m30_n150_r1.5_s2004,uniforme,1.5,30,150,kernel,25977.88533771584,True,-1,0,60.0,58.0031338,0.0,26185.807784617235,25154.48704617977,gap,"[[0.21881659999780823, 27452.48154964345], [1.4250707000028342, 26251.453820185925], [7.548465100000612, 25977.885337715827], [15.13673359999666, 25977.885337715827]]",58.0031338,57.625,0.9934808039630438,False,44.3,811.44921875,2,377.0,,0.5,2.0,f87a27db44006f4d588c,,,,,,,,,,,,,0.06245440000202507
uniforme_m30_n150_r1.5_s2005,uniforme,1.5,30,150,adaptativa:gnn,28312.718568152522,True,0,0,60.0,58.9992085,0.0,28312.718568152522,26761.46654798841,gap,"[[0.23581349999585655, 37168.31157301861], [15.058021100005135, 37168.31157301864], [26.09881010001118, 37168.31157301864], [26.223851400005515, 31444.68976800004], [26.61441890000424, 30938.080705191198], [26.69999780000944, 29316.561789824027], [26.904010900005233, 29308.134976979807], [27.255237900011707, 29286.230264506212], [27.358793600011268, 29271.667615770682], [28.517667300009634, 28339.92027430901], [34.3428869000054, 28339.92027430901], [39.941276199999265, 28312.718568152533]]",58.9992085,58.59375,0.9931277298406469,False,52.9,878.3515625,2,132.0,False,1.0,4.0,f87a27db44006f4d588c,,,,,,,,,,,,,
uniforme_m30_n150_r1.5_s2005,uniforme,1.5,30,150,adaptativa:pl,28312.718568152522,True,-1,0,60.0,59.0354372,0.0,28312.718568152522,26761.46654798841,gap,"[[0.3241147000080673, 37168.31157301861], [15.099641499997233, 37168.31157301864], [26.101849700004095, 37168.31157301864], [26.19635910000943, 30617.140804567225], [26.601736000011442, 30373.84106064222], [28.12621349999972, 28347.695031057534], [35.37524770000891, 28347.695031057534], [40.772624700010056, 28312.718568152533]]",59.0354372,57.90625,0.9808727223248208,False,55.1,914.203125,4,134.0,False,1.0,4.0,f87a27db44006f4d588c,,,,,,,,,,,,,
uniforme_m30_n150_r1.5_s2005,uniforme,1.5,30,150,completo,28312.718568152522,True,-1,0,60.0,56.9990961,0.0,28312.718568152522,26761.46654798841,gap,"[[0.6196816000010585, 39492.36966267368], [1.85892720000993, 30629.099147011624], [2.007607300009113, 30083.562413437754], [2.460776400010218, 29906.084604535954], [2.935017300012987, 29332.32008411738], [6.340203600004315, 28312.718568152533]]",56.9990961,55.546875,0.9745220328151836,False,63.5,914.203125,4,231.0,False,1.0,1.0,f87a27db44006f4d588c,,,,,,,,,,,,,
uniforme_m30_n150_r1.5_s2005,uniforme,1.5,30,150,hibrido:rotacao,26980.145307531297,True,-1,0,60.0,59.9963447,0.0,28312.718568152522,26761.46654798841,gap,"[[0.48786540000583045, 37168.31157301861], [7.075245699990774, 37168.31157301864], [13.100705599994399, 37168.31157301864], [13.231937000004109, 31444.68976800004], [13.597499299998162, 30938.080705191198], [13.678806600000826, 29316.561789824027], [13.892172899999423, 29308.134976979807], [14.258246400000644, 29286.230264506212], [14.371677200004342, 29271.667615770682], [15.643930299993372, 28339.92027430901], [17.121774499988533, 28339.92027430901], [23.298743899998954, 28312.718568152533], [30.0007145999989, 28312.718568152522], [30.99446739999985, 28305.107076183038], [31.982028899990837, 28301.866871103874], [32.00818699999945, 28300.789008436295], [32.99772089999169, 27591.25412693924], [34.99487080000108, 27579.23956971916], [35.01186489999236, 27573.323264804567], [35.10752259999572, 27562.92856546816], [35.303463499993086, 27554.323516748078], [36.252582000000984, 27553.971255143937], [36.32709199999226, 27548.059894220074], [39.22440199999255, 26983.22828356083], [43.57207239999843, 26980.145307531297]]",59.9963447,58.9375,0.9823515131581008,False,55.9,878.3515625,2,,,,,f87a27db44006f4d588c,30.0004462999932,28312.718568152522,163.0,163.0,25.0,"{""interior"": 41, ""fronteira"": 41, ""liberacao"": 41, ""regret"": 40, ""abertura"": 0}","{""interior"": 1, ""fronteira"": 6, ""liberacao"": 3, ""regret"": 2, ""abertura"": 0}",0.13664660009089857,29.816140799812274,0.0,85.0,0.0,
uniforme_m30_n150_r1.5_s2005,uniforme,1.5,30,150,hibrido:rotacao,27403.43625257925,True,-1,1,60.0,59.9737565,0.0,28312.718568152522,26761.46654798841,gap,"[[0.28999090001161676, 37168.31157301861], [8.08900249999715, 37168.31157301864], [14.117471600009594, 37168.31157301864], [14.239891300007002, 31444.68976800004], [14.635997100005625, 31343.145909088977], [14.745806300008553, 29316.561789824027], [14.939403900003526, 29308.134976979807], [15.37739120000333, 29286.230264506212], [16.882997500011697, 28339.92027430901], [18.153731500002323, 28339.92027430901], [23.806800300008035, 28312.718568152533], [30.00152309999976, 28312.718568152522], [30.07823109999299, 28305.107076183038], [30.724236699999892, 28301.866871103874], [33.01949589999276, 27582.975090540607], [33.04605289999745, 27578.413106685217], [34.99871070000518, 27557.76114226516], [35.19013229999109, 27421.724846581546], [36.99590639999951, 27417.942789484394], [37.180859799991595, 27403.43625257925]]",59.9737565,58.9375,0.9827215008617978,False,63.2,878.3515625,2,,,,,f87a27db44006f4d588c,30.00130370000261,28312.718568152522,170.0,170.0,25.0,"{""interior"": 43, ""fronteira"": 43, ""liberacao"": 42, ""regret"": 42, ""abertura"": 0}","{""interior"": 1, ""fronteira"": 4, ""liberacao"": 2, ""regret"": 1, ""abertura"": 0}",0.17405909991066437,29.75222469997243,0.0,116.0,0.0,
uniforme_m30_n150_r1.5_s2005,uniforme,1.5,30,150,hibrido:rotacao,27642.139896617886,True,-1,2,60.0,59.9894003,0.0,28312.718568152522,26761.46654798841,gap,"[[0.30314499999803957, 37168.31157301861], [8.074643999992986, 37168.31157301864], [14.074877399980323, 37168.31157301864], [14.172474599981797, 31444.68976800004], [14.480906399985543, 30719.131579062538], [14.55218749998312, 29316.561789824027], [14.723076199981733, 29308.134976979807], [15.089619799982756, 29286.230264506212], [15.22899909998523, 29271.667615770682], [16.435745199982193, 28339.92027430901], [18.379320899999584, 28339.92027430901], [23.43910329999926, 28334.54352659837], [29.990948300008313, 28334.54352659836], [30.99387370000477, 28329.37286310779], [31.99222090000694, 27845.5423126016], [32.009581300007994, 27842.278025632637], [33.064330399996834, 27837.74800765059], [33.16467420000117, 27833.16288498142], [33.990167299998575, 27820.177147526076], [34.2279991999967, 27820.12537099189], [36.98827109999547, 27810.974677502767], [38.2782828000054, 27810.552742817417], [38.31412830000045, 27809.47488014984], [41.99082679999992, 27643.77883582702], [47.937882199999876, 27642.139896617886]]",59.9894003,59.609375,0.9936651258705782,False,54.3,870.15234375,6,,,,,f87a27db44006f4d588c,29.9907516999956,28334.54352659836,119.0,119.0,39.0,"{""interior"": 30, ""fronteira"": 30, ""liberacao"": 30, ""regret"": 29, ""abertura"": 0}","{""interior"": 1, ""fronteira"": 4, ""liberacao"": 5, ""regret"": 2, ""abertura"": 0}",0.09590149990981445,29.86985189988627,0.0,39.0,0.0,
uniforme_m30_n150_r1.5_s2005,uniforme,1.5,30,150,hibridopl:rotacao,26980.145307531297,True,-1,0,60.0,59.9999002,0.0,28312.718568152522,26761.46654798841,gap,"[[0.27691369999956805, 37168.31157301861], [8.08670689999417, 37168.31157301864], [14.084697399986908, 37168.31157301864], [14.190906499992707, 30617.140804567225], [14.742209299991373, 30373.84106064222], [16.828711499998462, 28347.695031057534], [18.11154469999019, 28347.695031057534], [24.223825599998236, 28312.718568152533], [30.007273499999428, 28312.718568152522], [30.999370300007286, 28305.107076183038], [32.02986249999958, 28301.866871103874], [32.069187600005534, 28300.789008436295], [32.99898299999768, 27591.25412693924], [34.998079000011785, 27579.23956971916], [35.01356410000881, 27573.323264804567], [35.104458000001614, 27562.92856546816], [35.29296220000833, 27554.323516748078], [36.26220500000636, 27553.971255143937], [36.337492899998324, 27548.059894220074], [39.00242800000706, 26991.279044569063], [39.38034879999759, 26980.145307531297]]",59.9999002,59.5,0.9916683161416325,False,56.4,870.15234375,6,,,,,f87a27db44006f4d588c,30.006903200002853,28312.718568152522,174.0,174.0,34.0,"{""interior"": 44, ""fronteira"": 44, ""liberacao"": 43, ""regret"": 43, ""abertura"": 0}","{""interior"": 1, ""fronteira"": 5, ""liberacao"": 3, ""regret"": 3, ""abertura"": 0}",0.14924050016270485,29.791976299966336,0.0,107.0,0.0,
uniforme_m30_n150_r1.5_s2005,uniforme,1.5,30,150,hibridopl:rotacao,27403.43625257925,True,-1,1,60.0,59.9607221,0.0,28312.718568152522,26761.46654798841,gap,"[[0.2707905999850482, 37168.31157301861], [8.056805199987139, 37168.31157301864], [14.062282999992021, 37168.31157301864], [14.16701039999316, 30617.140804567225], [14.450147899988224, 30574.204274453175], [14.51881159999175, 30437.184296878884], [14.582709299982525, 30132.397629013143], [16.33671679998224, 28347.695031057534], [18.099761399978888, 28347.695031057534], [23.67647529997339, 28312.718568152533], [29.995267400008743, 28312.718568152522], [30.052104600006714, 28305.107076183038], [30.542765700010932, 28301.866871103874], [30.993403600004967, 27668.161416328803], [31.011519600011525, 27663.599432473413], [31.994699700007914, 27574.67758586377], [32.01000880000356, 27573.323264804567], [32.52393770001072, 27572.971003200422], [33.07066670000495, 27438.289028576015], [34.072630500013474, 27417.064950214128], [34.24285770001006, 27403.43625257925]]",59.9607221,59.34375,0.9897103957658976,False,51.7,914.203125,4,,,,,f87a27db44006f4d588c,29.99508130000322,28312.718568152522,206.0,206.0,37.0,"{""interior"": 52, ""fronteira"": 52, ""liberacao"": 51, ""regret"": 51, ""abertura"": 0}","{""interior"": 1, ""fronteira"": 3, ""liberacao"": 3, ""regret"": 3, ""abertura"": 0}",0.16721050009073224,29.746253900040756,0.0,150.0,0.0,
uniforme_m30_n150_r1.5_s2005,uniforme,1.5,30,150,hibridopl:rotacao,27495.501255641237,True,-1,2,60.0,59.9974652,0.0,28312.718568152522,26761.46654798841,gap,"[[0.22365970000100788, 37168.31157301861], [8.059507900019526, 37168.31157301864], [14.068644500002847, 37168.31157301864], [14.173902300011832, 30617.140804567225], [14.521844400005648, 30523.752062932035], [14.57769870001357, 30324.949109378314], [16.2868165000109, 28347.695031057534], [18.277406900000642, 28347.695031057534], [23.340423800007557, 28314.938831567313], [30.005263500017463, 28314.93883156731], [30.998020300015924, 28303.115385133802], [32.00130510001327, 27802.5471951797], [32.01497330001439, 27798.7815942119], [35.1731156000169, 27797.7724756874], [37.68873320001876, 27497.566925447325], [42.00656370000797, 27497.284705305963], [46.904770100009046, 27495.501255641237]]",59.9974652,59.8125,0.9969171164251119,False,52.5,870.15234375,6,,,,,f87a27db44006f4d588c,30.00504240000737,28314.93883156731,159.0,159.0,53.0,"{""interior"": 40, ""fronteira"": 40, ""liberacao"": 40, ""regret"": 39, ""abertura"": 0}","{""interior"": 0, ""fronteira"": 3, ""liberacao"": 3, ""regret"": 1, ""abertura"": 0}",0.13342960004229099,29.813559000001987,0.0,76.0,0.0,
uniforme_m30_n150_r1.5_s2005,uniforme,1.5,30,150,kernel,28307.984329615723,True,-1,0,60.0,58.0249675,0.0,28312.718568152522,26761.46654798841,gap,"[[0.30263649999687914, 29214.86187996425], [3.0160655999934534, 28331.957493590653], [14.379300999993575, 28307.98432961572], [15.159919999990962, 28307.98432961572]]",58.0249675,57.46875,0.9904141695555452,False,53.1,878.3515625,2,375.0,,0.5333333333333333,2.0,f87a27db44006f4d588c,,,,,,,,,,,,,0.07209380000131205
uniforme_m30_n150_r1.5_s2006,uniforme,1.5,30,150,adaptativa:gnn,28730.80307781616,True,0,0,60.0,58.9944137,0.0,28601.940449797432,27557.2903291792,gap,"[[0.22432609999668784, 31582.6493673789], [0.8362677999975858, 29343.956338699027], [0.887331499994616, 29296.70636495535], [4.293123599985847, 28730.80307781616], [15.05760429998918, 28730.80307781616], [26.062878199998522, 28730.80307781616], [35.38560969999526, 28730.80307781616]]",58.9944137,58.53125,0.9921490244422922,False,56.0,870.15234375,6,230.0,False,1.0,4.0,f87a27db44006f4d588c,,,,,,,,,,,,,
uniforme_m30_n150_r1.5_s2006,uniforme,1.5,30,150,adaptativa:pl,27956.180555040337,True,-1,0,60.0,58.9969782,0.0,28601.940449797432,27557.2903291792,gap,"[[0.22087869998358656, 39147.43402235049], [2.1156684999878053, 38286.38195508613], [2.1356421999807935, 38239.29562938799], [2.1464206999808084, 37965.803413738875], [8.542973699979484, 28785.03639259279], [15.070995799993398, 28785.036392592792], [17.680075099982787, 27956.180555040337], [26.089997799994308, 27956.180555040337], [35.123534199999995, 27956.180555040337]]",58.9969782,58.578125,0.9929004296020029,False,55.7,870.15234375,6,129.0,False,1.0,4.0,f87a27db44006f4d588c,,,,,,,,,,,,,
uniforme_m30_n150_r1.5_s2006,uniforme,1.5,30,150,completo,29027.66024728786,True,-1,0,60.0,57.0008318,0.0,28601.940449797432,27557.2903291792,gap,"[[0.4639062000060221, 43051.24373088338], [2.0113921000011032, 35360.952963572665], [2.25444140000036, 32325.18460864434], [2.9788265000097454, 31675.84782175713], [3.104631000009249, 31502.05766773845], [6.292941699997755, 29306.084014538133], [49.396118500008015, 29027.66024728785]]",57.0008318,56.375,0.9890206549582317,False,55.6,878.3515625,2,311.0,False,1.0,1.0,f87a27db44006f4d588c,,,,,,,,,,,,,
uniforme_m30_n150_r1.5_s2006,uniforme,1.5,30,150,hibrido:rotacao,28356.45381928597,True,-1,0,60.0,60.0029413,0.0029413000000033662,28601.940449797432,27557.2903291792,gap,"[[0.5936273999977857, 31582.6493673789], [1.2436810999934096, 29343.956338699027], [1.3230864999932237, 29296.70636495535], [4.7120192000002135, 28730.80307781616], [7.076809799997136, 28730.80307781616], [13.086112099990714, 28730.80307781616], [17.185551199989277, 28730.80307781616], [29.996143900003517, 28730.80307781616], [30.022492700009025, 28728.964079524914], [30.9970958000049, 28580.895798536887], [31.095961200015154, 28578.73158076246], [31.10932020000473, 28577.076246816876], [31.36463480000384, 28568.060848124907], [31.376721600012388, 28549.05599789922], [31.400100600003498, 28529.76916182863], [32.08861460001208, 28518.480873659413], [32.105668400006834, 28516.007238210354], [33.07382730000245, 28512.574692385766], [34.68433590000495, 28391.039458674586], [35.49432190001244, 28388.452882184836], [35.712802700014436, 28379.75791611147], [35.992619100012234, 28378.156161705727], [39.00088840001263, 28373.51852645675], [39.01185270000133, 28371.109583187153], [39.117158800014295, 28365.62497898218], [40.41811680000683, 28356.73762355827], [42.143743500011624, 28356.45381928597]]",60.0029413,58.78125,0.9796394764401325,False,55.9,914.203125,4,,,,,f87a27db44006f4d588c,29.995962200002396,28730.80307781616,122.0,122.0,33.0,"{""interior"": 31, ""fronteira"": 31, ""liberacao"": 30, ""regret"": 30, ""abertura"": 0}","{""interior"": 4, ""fronteira"": 3, ""liberacao"": 8, ""regret"": 4, ""abertura"": 0}",0.10869629989610985,29.865115699882153,0.0,43.0,0.0,
uniforme_m30_n150_r1.5_s2006,uniforme,1.5,30,150,hibrido:rotacao,28344.95039918267,True,-1,1,60.0,59.9948859,0.0,28601.940449797432,27557.2903291792,gap,"[[0.24847419999423437, 31582.6493673789], [0.5191040999925463, 30688.399332138164], [0.8756594999867957, 29296.70636495534], [4.603978499988443, 28726.0268875032], [8.067629400000442, 28726.0268875032], [14.139483900013147, 28726.0268875032], [18.31130590000248, 28726.0268875032], [29.99738050000451, 28726.026887503212], [30.124960800007102, 28721.34628882874], [30.68128850001085, 28718.962810025216], [31.010433000003104, 28718.663258536126], [31.034058900011587, 28528.47444002386], [34.17165790000581, 28526.352745888045], [35.001691199999186, 28395.486619063526], [35.075290900000255, 28393.505835451644], [35.1614275000029, 28371.90341963039], [36.99516740000399, 28367.863906843], [38.27306550000503, 28364.770434254013], [40.044827300007455, 28356.11138518867], [40.9552626000077, 28353.069416533403], [42.104956100010895, 28348.923401579796], [45.71836389999953, 28345.06965176412], [45.846546900007525, 28344.95039918267]]",59.9948859,58.75,0.9792501330517573,False,56.6,878.3515625,2,,,,,f87a27db44006f4d588c,29.997198400000343,28726.026887503212,175.0,175.0,33.0,"{""interior"": 44, ""fronteira"": 44, ""liberacao"": 44, ""regret"": 43, ""abertura"": 0}","{""interior"": 4, ""fronteira"": 3, ""liberacao"": 6, ""regret"": 2, ""abertura"": 0}",0.1568207000673283,29.796006399876205,0.0,88.0,0.0,
uniforme_m30_n150_r1.5_s2006,uniforme,1.5,30,150,hibrido:rotacao,28480.99472501886,True,-1,2,60.0,59.9905478,0.0,28601.940449797432,27557.2903291792,gap,"[[0.27735830000892747, 31582.6493673789], [0.8573376999993343, 29343.956338699027], [0.913871000011568, 29296.70636495534], [3.947331800009124, 28711.325870815643], [8.064588200009894, 28711.325870815643], [14.074733400004334, 28711.325870815643], [18.297601999991457, 28711.325870815643], [29.996008900008746, 28711.32587081565], [30.1891181999963, 28706.416706475018], [30.993956500009517, 28706.334097847583], [31.130231200004346, 28704.21240371177], [31.98877180001, 28697.77265229966], [32.01400789999752, 28688.463626321787], [33.22564859999693, 28688.348954073954], [33.99227149999933, 28504.16214540589], [34.08915909999632, 28504.050039803533], [34.1042895999999, 28502.394705857943], [49.73883410000417, 28480.99472501886]]",59.9905478,58.875,0.9814046072104713,False,56.0,914.203125,4,,,,,f87a27db44006f4d588c,29.995834100001957,28711.32587081565,95.0,95.0,28.0,"{""interior"": 24, ""fronteira"": 24, ""liberacao"": 24, ""regret"": 23, ""abertura"": 0}","{""interior"": 2, ""fronteira"": 2, ""liberacao"": 4, ""regret"": 2, ""abertura"": 0}",0.08464349998394027,29.88116989991977,0.0,38.0,0.0,
uniforme_m30_n150_r1.5_s2006,uniforme,1.5,30,150,hibridopl:rotacao,28538.933552907554,True,-1,0,60.0,60.0011462,0.0011462000000008743,28601.940449797432,27557.2903291792,gap,"[[0.2759060000098543, 39147.43402235049], [2.2665800000104355, 38286.38195508613], [2.279186200001277, 38239.29562938799], [2.286705200007418, 37965.803413738875], [8.05667540000286, 37965.803413738875], [14.071520299999975, 37965.803413738875], [14.190645599999698, 32118.408580668307], [14.57595169999695, 30760.82291001704], [15.256510000006529, 30621.296370598324], [17.247667500007083, 29129.94207519838], [18.114813400010462, 29129.94207519838], [29.999336799999583, 29129.942075198385], [31.40758210000058, 28541.470186500923], [31.436489400002756, 28538.985496360197], [31.66594360000454, 28538.933552907554]]",60.0011462,59.296875,0.988262370894508,False,48.9,914.203125,4,,,,,f87a27db44006f4d588c,29.999127200004295,29129.942075198385,119.0,119.0,51.0,"{""interior"": 30, ""fronteira"": 30, ""liberacao"": 30, ""regret"": 29, ""abertura"": 0}","{""interior"": 1, ""fronteira"": 0, ""liberacao"": 1, ""regret"": 1, ""abertura"": 0}",0.09584960011125077,29.875116799987154,0.0,81.0,0.0,
uniforme_m30_n150_r1.5_s2006,uniforme,1.5,30,150,hibridopl:rotacao,28330.51645723706,True,-1,1,60.0,60.000341,0.0003409999999988145,28601.940449797432,27557.2903291792,gap,"[[0.23142049998568837, 39147.43402235049], [8.075448300005519, 39147.434022350506], [14.285944599992945, 39147.434022350506], [14.403575699980138, 32118.408580668307], [14.869619299992337, 30760.82291001704], [15.680414499991457, 30621.29637059834], [17.997680499989656, 29147.16164977928], [18.161815300001763, 29147.16164977928], [30.00110159999167, 29147.161649779286], [31.003481899984763, 28596.334688668143], [31.09716639999533, 28594.458425762627], [31.50836989999516, 28588.641894935863], [31.52869059999648, 28586.15712081006], [31.553218899993226, 28577.294022241684], [31.7731775999855, 28387.40039466034], [33.999096299987286, 28378.590661695252], [34.880781199986814, 28378.54397092175], [35.84908489999361, 28364.268242726725], [42.60491289998754, 28360.366674709225], [43.81808099999034, 28353.25157840576], [43.97088249999797, 28334.55628305106], [44.37171339998895, 28334.217980733192], [44.81683999998495, 28333.199485239147], [47.987425599989365, 28330.51645723706]]",60.000341,59.484375,0.991400615539835,False,55.9,878.3515625,2,,,,,f87a27db44006f4d588c,30.000813399994513,29147.161649779286,246.0,246.0,52.0,"{""interior"": 62, ""fronteira"": 62, ""liberacao"": 61, ""regret"": 61, ""abertura"": 0}","{""interior"": 3, ""fronteira"": 5, ""liberacao"": 4, ""regret"": 3, ""abertura"": 0}",0.21601909982564393,29.72905509985867,0.0,118.0,0.0,
uniforme_m30_n150_r1.5_s2006,uniforme,1.5,30,150,hibridopl:rotacao,28642.069259040814,True,-1,2,60.0,60.0038045,0.0038045000000010987,28601.940449797432,27557.2903291792,gap,"[[0.24794430000474676, 39147.43402235049], [8.064735799984192, 39147.434022350506], [14.102066100007505, 39147.434022350506], [14.225837800011504, 32118.408580668307], [14.691124300006777, 30760.82291001704], [15.72987940000894, 30621.29637059833], [17.993475400013267, 29163.168276301512], [18.128430099997786, 29163.168276301512], [29.997716099998797, 29163.168276301523], [30.95918960000563, 28826.951313799138], [31.03254939999897, 28825.853232722], [31.49177090000012, 28822.216510840914], [31.846810100003495, 28642.99072920089], [40.4066804000031, 28642.069259040814]]",60.0038045,59.34375,0.9889997891717016,False,56.6,870.15234375,6,,,,,f87a27db44006f4d588c,29.99744710000232,29163.168276301523,166.0,166.0,55.0,"{""interior"": 42, ""fronteira"": 42, ""liberacao"": 41, ""regret"": 41, ""abertura"": 0}","{""interior"": 1, ""fronteira"": 3, ""liberacao"": 1, ""regret"": 0, ""abertura"": 0}",0.15935920015908778,29.80197859997861,0.0,103.0,0.0,
uniforme_m30_n150_r1.5_s2006,uniforme,1.5,30,150,kernel,29312.251635395507,True,-1,0,60.0,57.998414,0.0,28601.940449797432,27557.2903291792,gap,"[[0.2638315999938641, 30015.643996118888], [0.8259687999961898, 29677.755274664512], [3.6441971999884117, 29346.887068028664], [15.195071199996164, 29346.887068028664], [21.81934519999777, 29312.251635395507]]",57.998414,56.53125,0.9747033772337291,False,56.2,914.203125,4,298.0,,0.5333333333333333,2.0,f87a27db44006f4d588c,,,,,,,,,,,,,0.06358760000148322
uniforme_m30_n150_r1.5_s2007,uniforme,1.5,30,150,adaptativa:gnn,27556.69904855082,True,0,0,60.0,58.9935043,0.0,27579.178127530053,27085.223256668993,gap,"[[0.19970199998351745, 28997.883897576055], [6.359872799977893, 28644.383182464633], [10.338111399978516, 28388.195957664935], [10.342795799981104, 28284.743555552093], [11.339236199986772, 28252.05664083011], [11.34256719998666, 28245.430843730617], [11.365592099988135, 28187.619359464883], [14.299862399988342, 28042.628863069654], [15.05387529998552, 28042.628863069654], [25.23716449998028, 27981.76519023672], [26.42932659998769, 27981.76519023672], [28.82123249999131, 27559.273001566246], [34.104294299992034, 27559.273001566242], [39.40104060000158, 27556.69904855082]]",58.9935043,58.734375,0.9956074943661213,False,46.5,878.3515625,2,738.0,False,1.0,4.0,f87a27db44006f4d588c,,,,,,,,,,,,,
uniforme_m30_n150_r1.5_s2007,uniforme,1.5,30,150,adaptativa:pl,27538.593279182365,True,-1,0,60.0,59.2240664,0.0,27579.178127530053,27085.223256668993,gap,"[[0.5786327999667265, 28693.30587248564], [1.8351442999846768, 28672.238276254193], [3.447961399971973, 27584.781803570757], [15.39396289997967, 27584.781803570757], [26.4708523999725, 27584.781803570757], [30.687645899975905, 27538.59327918236], [34.611140199995134, 27538.59327918237]]",59.2240664,50.984375,0.8608725827039799,True,88.8,521.80859375,4,78.0,False,1.0,4.0,f87a27db44006f4d588c,,,,,,,,,,,,,
uniforme_m30_n150_r1.5_s2007,uniforme,1.5,30,150,completo,27579.178127530053,True,-1,0,60.0,57.042243,0.0,27579.178127530053,27085.223256668993,gap,"[[0.44342710000637453, 42515.610884250986], [1.3241438999975799, 30287.357794869913], [5.568723499993212, 27579.178127530056]]",57.042243,56.984375,0.9989855237635028,False,45.2,870.15234375,6,69.0,False,1.0,1.0,f87a27db44006f4d588c,,,,,,,,,,,,,
uniforme_m30_n150_r1.5_s2007,uniforme,1.5,30,150,hibrido:rotacao,27535.69079924318,True,-1,0,60.0,59.9715062,0.0,27579.178127530053,27085.223256668993,gap,"[[0.20923429999675136, 28997.883897576055], [5.870443899999373, 28644.383182464633], [8.052650199999334, 28644.38318246464], [14.059546699994826, 28644.38318246464], [16.703501199997845, 27560.73256329447], [18.416961700015236, 27560.732563294474], [29.996377999996184, 27560.73256329447], [30.016422399989096, 27551.39486815378], [30.521189799997956, 27547.573838519667], [30.81955869999365, 27546.114276791443], [30.85876279999502, 27545.306125111696], [31.294879900000524, 27542.83922249358], [36.179341899987776, 27537.505640892712], [36.29593459999887, 27537.45644981412], [37.248534999991534, 27535.69079924318]]",59.9715062,59.734375,0.9960459355613116,False,46.0,870.15234375,6,,,,,f87a27db44006f4d588c,29.99619249999523,27560.73256329447,230.0,230.0,158.0,"{""interior"": 58, ""fronteira"": 58, ""liberacao"": 57, ""regret"": 57, ""abertura"": 0}","{""interior"": 1, ""fronteira"": 4, ""liberacao"": 2, ""regret"": 1, ""abertura"": 0}",0.17657260000123642,29.749102900052094,0.0,158.0,0.0,
uniforme_m30_n150_r1.5_s2007,uniforme,1.5,30,150,hibrido:rotacao,27551.36524886981,True,-1,1,60.0,60.0125691,0.012569100000000333,27579.178127530053,27085.223256668993,gap,"[[0.23396109999157488, 28997.883897576055], [1.452883899997687, 28564.453602566824], [1.464863899993361, 28311.639541914737], [8.066177699991385, 28311.639541914737], [9.43610299998545, 28214.378234035023], [9.44043539998529, 28187.78831948505], [9.443032999988645, 28164.776911900964], [13.6143947999808, 28149.980080776135], [14.06187890000001, 28149.980080776135], [16.042273999992176, 27573.88773038732], [18.104288399990764, 27573.887730387327], [30.009084299992537, 27573.88773038733], [31.756404600004316, 27565.347821376577], [31.93808929999068, 27564.327712183767], [34.532899500001804, 27563.977998308357], [38.08795590000227, 27563.16984662861], [39.14513449999504, 27553.83215148792], [47.00298049999401, 27551.36524886981]]",60.0125691,59.78125,0.9961454891288765,False,45.6,878.3515625,2,,,,,f87a27db44006f4d588c,30.008520100003807,27573.88773038733,98.0,98.0,182.0,"{""interior"": 25, ""fronteira"": 25, ""liberacao"": 24, ""regret"": 24, ""abertura"": 0}","{""interior"": 1, ""fronteira"": 3, ""liberacao"": 1, ""regret"": 1, ""abertura"": 0}",0.15169499996409286,29.801748899903032,0.0,21.0,0.0,
uniforme_m30_n150_r1.5_s2007,uniforme,1.5,30,150,hibrido:rotacao,27544.915168912306,True,-1,2,60.0,60.5860678,0.5860678000000021,27579.178127530053,27085.223256668993,gap,"[[0.5435605000238866, 28997.883897576055], [6.696286400023382, 28997.883897576063], [9.746345400024438, 28597.273093526936], [9.749341500020819, 28580.903512294404], [9.763265300018247, 28338.05936638474], [12.757753600017168, 28338.05936638474], [17.13746520000859, 28338.05936638474], [25.687951100000646, 27625.431999676315], [29.597572099999525, 27625.431999676304], [31.05726329999743, 27623.006085181896], [31.219553700007964, 27619.763767334385], [34.60152450000169, 27604.501015910657], [35.61905660000048, 27595.185498457027], [37.62171840001247, 27594.97832463265], [37.64463789999718, 27567.84606160778], [38.58531880000373, 27558.432324747995], [47.263733100000536, 27544.9643599909], [53.40600099999574, 27544.915168912306]]",60.5860678,55.140625,0.9101205442482934,False,88.4,495.80078125,2,,,,,f87a27db44006f4d588c,29.597144900006242,27625.431999676304,107.0,107.0,34.0,"{""interior"": 27, ""fronteira"": 27, ""liberacao"": 27, ""regret"": 26, ""abertura"": 0}","{""interior"": 2, ""fronteira"": 1, ""liberacao"": 4, ""regret"": 2, ""abertura"": 0}",0.1418467999319546,29.49130319984397,0.0,31.0,0.0,
uniforme_m30_n150_r1.5_s2007,uniforme,1.5,30,150,hibridopl:rotacao,27529.815286162688,True,-1,0,60.0,60.0291627,0.02916270000000054,27579.178127530053,27085.223256668993,gap,"[[0.23705020001216326, 28693.30587248564], [0.6870477000047686, 28672.238276254193], [1.4828841000125976, 27584.781803570757], [8.083491199999116, 27584.781803570757], [14.097632499993779, 27584.781803570757], [16.33148639999854, 27538.59327918236], [18.327350899999146, 27538.59327918237], [30.026281900005415, 27538.593279182365], [30.585750300015206, 27532.54150298642], [30.857150800016825, 27529.815286162688]]",60.0291627,59.640625,0.9935275175843824,False,45.5,914.203125,4,,,,,f87a27db44006f4d588c,30.026096700006747,27538.593279182365,154.0,154.0,94.0,"{""interior"": 39, ""fronteira"": 39, ""liberacao"": 38, ""regret"": 38, ""abertura"": 0}","{""interior"": 0, ""fronteira"": 1, ""liberacao"": 1, ""regret"": 0, ""abertura"": 0}",0.1149023000325542,29.851408499889658,0.0,117.0,0.0,
uniforme_m30_n150_r1.5_s2007,uniforme,1.5,30,150,hibridopl:rotacao,27540.020946478136,True,-1,1,60.0,59.9964238,0.0,27579.178127530053,27085.223256668993,gap,"[[0.19186080001236405, 28693.30587248564], [1.7274002000194741, 27584.178000824613], [8.052193300012732, 27584.178000824613], [14.151397500012536, 27584.178000824613], [18.56074709999666, 27584.178000824613], [25.53166140000394, 27570.512944246275], [28.999298499998986, 27570.51294424628], [29.065740899997763, 27569.81342760213], [30.194173799987766, 27565.06340187997], [30.864030899989302, 27552.532131495267], [31.098761799992644, 27551.72397981552], [38.15780149999773, 27551.674788736927], [39.985058099991875, 27551.560482756002], [40.01390709998668, 27550.53811808994], [40.99323779999395, 27544.794848343765], [43.64038539999456, 27541.518488849648], [45.230446299989126, 27540.020946478136]]",59.9964238,59.84375,0.9974552849931698,False,44.7,914.203125,4,,,,,f87a27db44006f4d588c,28.998872199998004,27570.51294424628,115.0,115.0,99.0,"{""interior"": 29, ""fronteira"": 29, ""liberacao"": 29, ""regret"": 28, ""abertura"": 0}","{""interior"": 1, ""fronteira"": 3, ""liberacao"": 3, ""regret"": 3, ""abertura"": 0}",0.18295569998736028,30.759735900035594,0.0,35.0,0.0,
uniforme_m30_n150_r1.5_s2007,uniforme,1.5,30,150,hibridopl:rotacao,27547.311010320325,True,-1,2,60.0,60.8683566,0.8683565999999985,27579.178127530053,27085.223256668993,gap,"[[0.5727996000205167, 28693.30587248564], [3.0376090000208933, 27585.246409899937], [7.055196800007252, 27585.246409899937], [9.867226100002881, 27566.470129849782], [10.199932800023817, 27566.47012984978], [13.068968300009146, 27566.470129849782], [17.432220699993195, 27566.470129849782], [28.872888300014893, 27566.47012984978], [30.314862700004596, 27564.272506920664], [30.464696300012292, 27561.03018907315], [31.394563500012737, 27559.435914155536], [31.414443000016036, 27554.12985315441], [32.74740280001424, 27551.13203995444], [34.11747870000545, 27547.311010320325]]",60.8683566,55.578125,0.9130873265600865,False,87.6,503.71484375,6,,,,,f87a27db44006f4d588c,28.872515299997758,27566.47012984978,111.0,111.0,6.0,"{""interior"": 28, ""fronteira"": 28, ""liberacao"": 28, ""regret"": 27, ""abertura"": 0}","{""interior"": 1, ""fronteira"": 2, ""liberacao"": 2, ""regret"": 1, ""abertura"": 0}",0.15059860012843274,30.48727409998537,0.0,60.0,0.0,
uniforme_m30_n150_r1.5_s2007,uniforme,1.5,30,150,kernel,27576.759273788877,True,-1,0,60.0,57.7673195,0.0,27579.178127530053,27085.223256668993,gap,"[[0.4628266999934567, 28693.30587248564], [1.4087367999891285, 28672.238276254193], [3.3017367999855196, 27584.781803570757], [15.654292200008058, 27584.781803570757], [22.316388900013408, 27576.75927378888]]",57.7673195,56.921875,0.9853646576071441,False,76.0,870.15234375,6,52.0,,0.5,2.0,f87a27db44006f4d588c,,,,,,,,,,,,,0.11023570000543259
uniforme_m30_n150_r3.0_s2000,uniforme,3.0,30,150,adaptativa:gnn,20635.454264616586,True,0,0,60.0,58.9955833,0.0,21231.960274683384,20234.74091897258,gap,"[[0.2567722999956459, 24830.238807652047], [1.0266764999978477, 23934.93533830408], [1.0783348999975715, 22044.453351017135], [2.9359911999927135, 20702.88045692097], [5.7386289999994915, 20699.64928147421], [7.665388499997789, 20640.913650837763], [11.118658599996706, 20635.454264616594], [15.04242019999947, 20635.454264616594], [26.340497199998936, 20635.454264616594], [27.777353600002243, 20635.45426461659], [34.105601800009026, 20635.454264616594], [37.76122410000244, 20635.45426461659], [40.219176500002504, 20635.45426461659]]",58.9955833,58.9375,0.9990154635864071,False,46.2,805.64453125,6,891.0,False,1.0,4.0,f87a27db44006f4d588c,,,,,,,,,,,,,
uniforme_m30_n150_r3.0_s2000,uniforme,3.0,30,150,adaptativa:pl,20612.706675192458,True,-1,0,60.0,58.9983423,0.0,21231.960274683384,20234.74091897258,gap,"[[0.26292899998952635, 25871.649338240935], [1.583057399984682, 21388.695875227997], [1.8676929999928689, 21247.39572852301], [4.486886599988793, 21224.574412437916], [4.4907718999893405, 20727.701832864226], [8.116104499989888, 20688.23827629114], [9.33476499999233, 20664.587618332724], [10.824185399978887, 20612.70667519247], [15.261141999988467, 20612.70667519247], [26.104939299984835, 20612.70667519247], [28.606351299982634, 20612.706675192458], [34.10889979999047, 20612.70667519247], [37.633972099996754, 20612.706675192458]]",58.9983423,58.859375,0.9976445558539023,False,46.2,790.57421875,4,857.0,False,1.0,4.0,f87a27db44006f4d588c,,,,,,,,,,,,,
uniforme_m30_n150_r3.0_s2000,uniforme,3.0,30,150,completo,21231.960274683384,True,-1,0,60.0,56.9978411,0.0,21231.960274683384,20234.74091897258,gap,"[[0.2729374999908032, 51184.72777803605], [2.3000136999908136, 29230.608794100284], [2.663620599996648, 29204.47758107412], [2.7714402999990853, 28184.02266579068], [4.731090799992671, 21322.196736973874], [5.2832856999884825, 21231.9602746834]]",56.9978411,56.984375,0.9997637436832674,False,42.1,805.64453125,6,520.0,False,1.0,1.0,f87a27db44006f4d588c,,,,,,,,,,,,,
uniforme_m30_n150_r3.0_s2000,uniforme,3.0,30,150,hibrido:rotacao,20484.384511298802,True,-1,0,60.0,59.9983402,0.0,21231.960274683384,20234.74091897258,gap,"[[0.25960289999784436, 24830.238807652047], [1.0509618000069167, 23934.93533830408], [1.1070272000069963, 22044.453351017135], [2.9666519000020344, 20702.88045692097], [5.96072699999786, 20699.64928147421], [8.074583199995686, 20699.64928147421], [14.084282599986182, 20699.64928147421], [15.619225299989921, 20699.649281474198], [18.578615399994305, 20699.64928147421], [24.612109599998803, 20699.649281474198], [29.000045899985707, 20699.649281474194], [29.05950849999499, 20696.337530173772], [29.302046099997824, 20688.84283227536], [29.47468869999284, 20688.6656572217], [29.7995751999988, 20663.610498730028], [29.937065899997833, 20663.026541837135], [30.408080399996834, 20659.50674016648], [30.79352119998657, 20655.282989170562], [38.9939532999997, 20615.430378173383], [39.01259929999651, 20612.906813239388], [40.04764579999028, 20557.913805054002], [41.170541899991804, 20517.631693987492], [41.181763399988995, 20484.384511298802]]",59.9983402,59.6875,0.9948191866814342,False,54.7,790.57421875,4,,,,,f87a27db44006f4d588c,28.999846299993806,20699.649281474194,207.0,207.0,346.0,"{""interior"": 52, ""fronteira"": 52, ""liberacao"": 52, ""regret"": 51, ""abertura"": 0}","{""interior"": 1, ""fronteira"": 6, ""liberacao"": 4, ""regret"": 1, ""abertura"": 0}",0.32334379995882045,30.629373399890028,0.0,88.0,0.0,
uniforme_m30_n150_r3.0_s2000,uniforme,3.0,30,150,hibrido:rotacao,20635.302466555397,True,-1,1,60.0,59.9936564,0.0,21231.960274683384,20234.74091897258,gap,"[[0.2149704000185011, 24830.238807652047], [0.9704128000157652, 23838.54107681969], [1.0147377000103006, 22044.453351017135], [2.1338107000192394, 21676.068185493852], [2.9247925000236137, 21644.835611577324], [3.005503900014446, 20840.945601224063], [6.025905200018315, 20765.464845852977], [6.59269800002221, 20666.227132159576], [8.046216900009313, 20666.227132159576], [14.065687000009348, 20666.227132159576], [18.413012500008335, 20666.227132159576], [30.000376299998607, 20666.227132159584], [30.066552499993122, 20666.07873974552], [30.441001099999994, 20647.632554494892], [30.45509580000362, 20639.833170799087], [30.50935500000196, 20635.302466555397]]",59.9936564,59.96875,0.9995848494408486,False,44.1,805.64453125,6,,,,,f87a27db44006f4d588c,30.000168600003235,20666.227132159584,387.0,387.0,413.0,"{""interior"": 97, ""fronteira"": 97, ""liberacao"": 97, ""regret"": 96, ""abertura"": 0}","{""interior"": 0, ""fronteira"": 2, ""liberacao"": 1, ""regret"": 1, ""abertura"": 0}",0.5588291999592911,29.358930699861958,0.0,260.0,0.0,
uniforme_m30_n150_r3.0_s2000,uniforme,3.0,30,150,hibrido:rotacao,20647.22918962086,True,-1,2,60.0,60.0110752,0.011075200000000507,21231.960274683384,20234.74091897258,gap,"[[0.21586389998265076, 24830.238807652047], [0.9928711999818916, 24216.952442384532], [1.0619964999932563, 22044.453351017135], [3.9158473999850685, 21079.800101011882], [4.765702099990449, 21060.174477528715], [4.766552899993258, 21050.90878356791], [5.670587199987494, 20933.943524838895], [7.192015199994785, 20921.009023153892], [8.042213999986416, 20921.009023153892], [14.064450299978489, 20921.009023153892], [18.344608599989442, 20921.009023153892], [29.996347499996773, 20921.009023153892], [30.014521799996146, 20898.683650391373], [30.05052409999189, 20784.651704730273], [30.29480770000373, 20748.668834969423], [30.306213499992737, 20712.81070235678], [30.55116679999628, 20702.204090148905], [30.618083199995453, 20687.430265170457], [31.012484999999288, 20685.64352944973], [31.252868900002795, 20660.27216318555], [31.857646099990234, 20659.288715466733], [31.905451300001005, 20657.47912658798], [42.02294319999055, 20655.386038013385], [42.03957259999879, 20653.59930229266], [42.46003180000116, 20647.22918962086]]",60.0110752,59.984375,0.9995550787931892,False,42.0,790.57421875,4,,,,,f87a27db44006f4d588c,29.996156299996073,20921.009023153892,223.0,223.0,539.0,"{""interior"": 56, ""fronteira"": 56, ""liberacao"": 56, ""regret"": 55, ""abertura"": 0}","{""interior"": 1, ""fronteira"": 4, ""liberacao"": 4, ""regret"": 4, ""abertura"": 0}",0.2930066000990337,29.676739300004556,0.0,101.0,0.0,
uniforme_m30_n150_r3.0_s2000,uniforme,3.0,30,150,hibridopl:rotacao,20625.522957054738,True,-1,0,60.0,60.0080091,0.008009100000002434,21231.960274683384,20234.74091897258,gap,"[[0.22978860000148416, 25871.649338240935], [1.606180000002496, 21388.695875227997], [1.9042526000121143, 21247.39572852301], [4.344654400003492, 21224.574412437916], [4.3494155000080355, 20727.701832864226], [8.085224800001015, 20727.701832864226], [14.096776000005775, 20727.701832864226], [18.156748599998537, 20727.701832864226], [24.246729899998172, 20727.70183286421], [30.033893499989063, 20727.70183286421], [30.0941222999827, 20715.991991833413], [30.579304799990496, 20705.930816458975], [30.60486259998288, 20696.864109409285], [31.786899899991113, 20685.893334008684], [31.832990199982305, 20678.797914805444], [37.040857399988454, 20645.76177528288], [39.032231999983196, 20625.522957054738]]",60.0080091,59.703125,0.9949192765337053,False,54.8,821.06640625,2,,,,,f87a27db44006f4d588c,30.033679499989375,20727.70183286421,323.0,323.0,207.0,"{""interior"": 81, ""fronteira"": 81, ""liberacao"": 81, ""regret"": 80, ""abertura"": 0}","{""interior"": 1, ""fronteira"": 2, ""liberacao"": 3, ""regret"": 1, ""abertura"": 0}",0.4895304998935899,29.419429599889554,0.0,179.0,0.0,
uniforme_m30_n150_r3.0_s2000,uniforme,3.0,30,150,hibridopl:rotacao,20703.53524417014,True,-1,1,60.0,60.0070027,0.0070027000000010275,21231.960274683384,20234.74091897258,gap,"[[0.24573000000964385, 25871.649338240935], [1.5979890000016894, 21388.695875227997], [1.859513200004585, 21247.39572852301], [5.389718000005814, 21217.794553714797], [8.062886300001992, 21217.794553714797], [10.906582600000547, 21183.85440003813], [14.087386100000003, 21183.85440003813], [18.33030700001109, 21183.85440003813], [30.00903190000099, 21183.854400038123], [30.067318899993552, 21183.22475021696], [31.01324049998948, 21180.15883978833], [31.032147999998415, 21176.412079979506], [34.0022323000012, 20900.814578760197], [34.0531212999922, 20869.111395091182], [34.77439149998827, 20844.930406642994], [34.80651899999066, 20748.61236231913], [35.302229299995815, 20742.735490419225], [35.99964129998989, 20737.665944330423], [36.04843519999122, 20734.27623698914], [36.13324179999472, 20723.404124146342], [37.13566200000059, 20710.27214650334], [37.16015339999285, 20703.53524417014]]",60.0070027,59.84375,0.9972794391878533,False,54.7,805.64453125,6,,,,,f87a27db44006f4d588c,30.00883249999606,21183.854400038123,111.0,111.0,155.0,"{""interior"": 28, ""fronteira"": 28, ""liberacao"": 28, ""regret"": 27, ""abertura"": 0}","{""interior"": 3, ""fronteira"": 4, ""liberacao"": 4, ""regret"": 2, ""abertura"": 0}",0.14093999993929174,29.82298940003966,0.0,45.0,0.0,
uniforme_m30_n150_r3.0_s2000,uniforme,3.0,30,150,hibridopl:rotacao,20603.119063152397,True,-1,2,60.0,59.9787651,0.0,21231.960274683384,20234.74091897258,gap,"[[0.22176549999858253, 25871.649338240935], [1.5593508000019938, 21388.695875227997], [1.7950768000009703, 21251.915147472835], [4.879736200004118, 21232.821653222287], [8.069420799991349, 21232.821653222287], [10.33214689999295, 21176.597002113198], [14.233556199993473, 21176.597002113198], [18.127543699985836, 21176.597002113198], [30.026214799989248, 21176.597002113194], [30.08225229999516, 21175.206677608512], [30.185491799988085, 20868.90944002833], [30.305356500000926, 20868.196315383757], [30.398743899990222, 20864.13849201688], [30.440035999999964, 20858.35317706428], [31.606665699990117, 20608.92745851122], [31.68820869999763, 20606.121057282944], [32.024506699992344, 20603.119063152397]]",59.9787651,59.765625,0.9964464073302503,False,46.1,821.06640625,2,,,,,f87a27db44006f4d588c,30.026026399995317,21176.597002113194,627.0,627.0,226.0,"{""interior"": 157, ""fronteira"": 157, ""liberacao"": 157, ""regret"": 156, ""abertura"": 0}","{""interior"": 0, ""fronteira"": 3, ""liberacao"": 4, ""regret"": 1, ""abertura"": 0}",0.9194757999357535,28.91742669980158,0.0,455.0,0.0,
uniforme_m30_n150_r3.0_s2000,uniforme,3.0,30,150,kernel,20587.364594754737,True,-1,0,60.0,59.0461049,0.0,21231.960274683384,20234.74091897258,gap,"[[0.21542000000772532, 25871.649338240935], [1.6509990000049584, 21388.695875227997], [1.9466561000008369, 21247.39572852301], [4.3104590000002645, 21224.574412437916], [4.314719800007879, 20727.701832864226], [7.883412299997872, 20688.23827629114], [9.0663698999997, 20664.587618332724], [10.43829679999908, 20612.70667519247], [14.407977700000629, 20592.790233312666], [15.11750480000046, 20592.790233312666], [37.12011970000458, 20592.790233312666], [38.74767300000531, 20592.79023331266], [40.32117080000171, 20592.79023331266], [56.416668800011394, 20587.364594754737]]",59.0461049,58.96875,0.9986899237446567,False,42.1,821.06640625,2,1203.0,,0.3333333333333333,3.0,f87a27db44006f4d588c,,,,,,,,,,,,,0.12681329999759328
uniforme_m30_n150_r3.0_s2001,uniforme,3.0,30,150,adaptativa:gnn,20158.895585439037,True,0,0,60.0,59.0460062,0.0,20772.51204483727,19705.699773424592,gap,"[[0.20575860000099055, 25578.99122732485], [0.351539800001774, 21956.248405602328], [0.4540685999963898, 20811.903824902103], [0.7740402999916114, 20643.290487055074], [0.8544044000009308, 20600.88851792324], [0.8773553999926662, 20582.16637867442], [2.2846781999978703, 20491.77527633429], [2.285186499997508, 20333.04948628208], [2.28584189999674, 20220.867657298404], [4.335411399995792, 20216.711375547602], [4.404578799993033, 20180.49290980017], [4.710599999991246, 20176.06749512671], [4.780106199992588, 20165.590267077867], [5.024746900002356, 20163.824929228012], [6.065416800003732, 20159.875118501433], [6.23750149999978, 20158.895585439037], [6.448079099995084, 20158.89558543904], [19.271872600002098, 20158.89558543904], [29.16404549998697, 20158.89558543904]]",59.0460062,59.03125,0.9997500897867669,False,40.4,872.32421875,4,306.0,False,1.0,4.0,f87a27db44006f4d588c,,,,,,,,,,,,,
uniforme_m30_n150_r3.0_s2001,uniforme,3.0,30,150,adaptativa:pl,20160.939604237094,True,-1,0,60.0,59.0012359,0.0,20772.51204483727,19705.699773424592,gap,"[[0.1945154000131879, 26591.774272790157], [0.3278236000041943, 23808.693066399726], [0.9452266000007512, 21338.452754760212], [3.8031549000006635, 21094.561479001506], [6.944349400000647, 20832.207656057824], [6.956028400003561, 20804.082489283122], [7.499375900006271, 20746.14469289116], [10.106960300006904, 20491.209732949043], [10.478910700010601, 20368.140227177424], [10.743618800013792, 20284.667730958696], [13.880650200007949, 20170.745392007117], [13.971291000008932, 20161.592454037305], [14.890545000002021, 20160.939604237094], [15.04085250000935, 20160.939604237097], [26.096226100009517, 20160.939604237097], [34.28630860001431, 20160.939604237097]]",59.0012359,58.953125,0.9991845780979649,False,40.1,821.06640625,2,688.0,False,1.0,4.0,f87a27db44006f4d588c,,,,,,,,,,,,,
uniforme_m30_n150_r3.0_s2001,uniforme,3.0,30,150,completo,20702.100613296494,True,-1,0,60.0,57.0062679,0.0,20772.51204483727,19705.699773424592,gap,"[[0.6154161000013119, 54032.47573958124], [2.0273529999976745, 26965.221050358658], [2.151174600003287, 26945.681306981503], [2.3037208000023384, 26317.150382010364], [2.3855173000047216, 23927.754951605366], [2.4587189000012586, 23919.058166578496], [4.240254000003915, 21604.658073445935], [4.886907399995835, 21569.268538467513], [4.932739900003071, 21507.119262070293], [4.934542000002693, 21490.525657420596], [4.937310599998455, 21455.78857205226], [33.08941549999872, 20982.565904676183], [34.65876710000157, 20729.631120048354], [48.73229820000415, 20702.100613296483]]",57.0062679,57.0,0.9998900489326719,False,40.0,872.32421875,4,376.0,False,1.0,1.0,f87a27db44006f4d588c,,,,,,,,,,,,,
uniforme_m30_n150_r3.0_s2001,uniforme,3.0,30,150,hibrido:rotacao,20158.895585439037,True,-1,0,60.0,59.9541802,0.0,20772.51204483727,19705.699773424592,gap,"[[0.20703179998963606, 25578.99122732485], [0.3545327999891015, 21956.248405602328], [0.4609593999921344, 20811.903824902103], [0.7925981999869691, 20643.290487055074], [0.873831999997492, 20600.88851792324], [0.8989916999853449, 20582.16637867442], [2.3976466999883996, 20491.77527633429], [2.3980692999903113, 20333.04948628208], [2.3986187999980757, 20220.867657298404], [4.493919399988954, 20216.711375547602], [4.564347299994552, 20180.49290980017], [4.881762899996829, 20176.06749512671], [4.951673999996274, 20165.590267077867], [5.201035199992475, 20163.824929228012], [6.274606399994809, 20159.875118501433], [6.449453199995332, 20158.895585439037], [6.665790400002152, 20158.89558543904], [12.086752700008219, 20158.89558543904], [17.10397229999944, 20158.89558543904], [29.991459400000167, 20158.895585439037]]",59.9541802,59.90625,0.9992005528248388,False,39.8,821.06640625,2,,,,,f87a27db44006f4d588c,29.99127359999693,20158.895585439037,418.0,418.0,257.0,"{""interior"": 105, ""fronteira"": 105, ""liberacao"": 104, ""regret"": 104, ""abertura"": 0}","{""interior"": 0, ""fronteira"": 0, ""liberacao"": 0, ""regret"": 0, ""abertura"": 0}",0.5722024002170656,29.317157100042095,0.0,290.0,0.0,
uniforme_m30_n150_r3.0_s2001,uniforme,3.0,30,150,hibrido:rotacao,20246.096934810088,True,-1,1,60.0,59.9902737,0.0,20772.51204483727,19705.699773424592,gap,"[[0.20745189998706337, 25578.99122732485], [0.3538395999930799, 21956.248405602328], [0.4601267999969423, 20811.903824902107], [0.785963799993624, 20643.290487055074], [5.025669699985883, 20257.324862103913], [5.596749599993927, 20250.998799930683], [8.040440299984766, 20250.998799930687], [14.056014299989329, 20250.998799930687], [18.100717900000745, 20250.998799930687], [29.992439099994954, 20250.998799930676], [30.031675199992605, 20246.096934810088]]",59.9902737,59.984375,0.9999016723939368,False,39.8,872.32421875,4,,,,,f87a27db44006f4d588c,29.992262999992818,20250.998799930676,482.0,482.0,354.0,"{""interior"": 121, ""fronteira"": 121, ""liberacao"": 120, ""regret"": 120, ""abertura"": 0}","{""interior"": 0, ""fronteira"": 1, ""liberacao"": 0, ""regret"": 0, ""abertura"": 0}",0.6399513000505976,29.27579429981415,0.0,336.0,0.0,
uniforme_m30_n150_r3.0_s2001,uniforme,3.0,30,150,hibrido:rotacao,20158.895585439037,True,-1,2,60.0,60.0840701,0.08407009999999815,20772.51204483727,19705.699773424592,gap,"[[0.2020636000088416, 25578.99122732485], [0.3481298000115203, 21956.248405602328], [0.4557383000064874, 20811.903824902103], [0.7843958000157727, 20643.290487055063], [0.8423153000039747, 20554.64494985729], [0.8451517000066815, 20531.42091259524], [4.120690600015223, 20506.380602487116], [4.6613974000065355, 20174.615102975273], [5.275568500015652, 20167.02730981882], [5.278506400005426, 20165.590267077867], [5.284653100010473, 20158.89558543904], [6.039174400008051, 20158.89558543904], [11.364419500008808, 20158.89558543904], [16.37181250001595, 20158.89558543904], [29.266281400006847, 20158.895585439037]]",60.0840701,60.0625,0.9996410013508722,False,39.8,805.64453125,6,,,,,f87a27db44006f4d588c,29.26606750000792,20158.895585439037,475.0,475.0,198.0,"{""interior"": 119, ""fronteira"": 119, ""liberacao"": 119, ""regret"": 118, ""abertura"": 0}","{""interior"": 0, ""fronteira"": 0, ""liberacao"": 0, ""regret"": 0, ""abertura"": 0}",0.6618620999943232,30.070938600038062,0.0,331.0,0.0,
uniforme_m30_n150_r3.0_s2001,uniforme,3.0,30,150,hibridopl:rotacao,20713.257887973494,True,-1,0,60.0,59.9535257,0.0,20772.51204483727,19705.699773424592,gap,"[[0.20715889999701176, 26591.774272790157], [0.34387129999231547, 23808.693066399726], [0.9561178000003565, 21338.452754760212], [3.6801108999934513, 21094.561479001506], [6.796614299993962, 20832.207656057824], [6.808127700001933, 20804.082489283122], [7.371512400000938, 20746.14469289116], [8.054865399986738, 20746.14469289116], [14.062816499979817, 20746.14469289116], [18.24640579998959, 20746.14469289116], [22.254602199987858, 20725.14645073528], [22.268006899990723, 20724.883082295386], [30.006846800009953, 20724.883082295404], [30.12683080001443, 20714.850539288396], [30.250284200010356, 20713.257887973494]]",59.9535257,59.9375,0.9997326979554099,False,39.7,872.32421875,4,,,,,f87a27db44006f4d588c,30.00666860000638,20724.883082295404,240.0,240.0,228.0,"{""interior"": 60, ""fronteira"": 60, ""liberacao"": 60, ""regret"": 60, ""abertura"": 0}","{""interior"": 0, ""fronteira"": 0, ""liberacao"": 1, ""regret"": 1, ""abertura"": 0}",0.3153431001410354,29.584990599920275,0.0,151.0,0.0,
uniforme_m30_n150_r3.0_s2001,uniforme,3.0,30,150,hibridopl:rotacao,20303.861497032878,True,-1,1,60.0,60.0393423,0.039342300000001273,20772.51204483727,19705.699773424592,gap,"[[0.20963389999815263, 26591.774272790157], [0.34675979999883566, 23808.693066399726], [0.9618858000030741, 21338.452754760212], [5.481239800006733, 21103.850615389685], [6.038711400004104, 20633.86288573362], [6.042735800001537, 20479.354972893554], [6.055363599996781, 20456.297479307053], [8.091280699998606, 20456.297479307053], [14.09851019999769, 20456.297479307053], [18.278687700003502, 20456.297479307053], [30.042474000001675, 20456.297479307046], [35.461093499994604, 20398.44384995502], [35.48285780000151, 20391.258689833747], [35.50780870000017, 20367.59992914486], [35.855504699997255, 20364.82811604048], [36.28972980000253, 20334.934994119812], [37.652906699993764, 20328.05078100182], [37.71732769999653, 20324.319158969425], [37.95602319999307, 20317.643127196923], [39.60482369999227, 20307.208847654547], [40.376018199996906, 20303.861497032878]]",60.0393423,60.015625,0.9996049706893608,False,39.7,821.06640625,2,,,,,f87a27db44006f4d588c,30.04230309999548,20456.297479307046,663.0,663.0,222.0,"{""interior"": 166, ""fronteira"": 166, ""liberacao"": 166, ""regret"": 165, ""abertura"": 0}","{""interior"": 1, ""fronteira"": 2, ""liberacao"": 7, ""regret"": 0, ""abertura"": 0}",0.8976823996490566,28.986943400173914,0.0,396.0,0.0,
uniforme_m30_n150_r3.0_s2001,uniforme,3.0,30,150,hibridopl:rotacao,20722.7975963368,True,-1,2,60.0,59.9967393,0.0,20772.51204483727,19705.699773424592,gap,"[[0.20731299999170005, 26591.774272790157], [0.34580939999432303, 23808.693066399726], [0.970411399990553, 21338.452754760212], [1.0886091999855125, 20903.99440656863], [1.1166811999864876, 20897.108530456466], [1.1214738999842666, 20881.61428643582], [4.951555099993129, 20879.66736404591], [8.050514299990027, 20879.667364045894], [14.062687300000107, 20879.667364045894], [18.37219880000339, 20879.667364045894], [30.0005128000048, 20879.667364045905], [30.25727879999613, 20877.115725356758], [32.97024360000796, 20872.28130240541], [34.063372000004165, 20867.3629384913], [34.999852799999644, 20860.08564744632], [35.82044080000196, 20859.12998666038], [36.96055649999471, 20857.537335345478], [40.79728640000394, 20731.58411752654], [43.45777979999548, 20726.957971440464], [44.64578930000425, 20722.7975963368]]",59.9967393,60.0,1.0000543479535395,False,39.9,805.64453125,6,,,,,f87a27db44006f4d588c,30.00032239999564,20879.667364045905,199.0,199.0,113.0,"{""interior"": 50, ""fronteira"": 50, ""liberacao"": 50, ""regret"": 49, ""abertura"": 0}","{""interior"": 0, ""fronteira"": 1, ""liberacao"": 7, ""regret"": 1, ""abertura"": 0}",0.2733453999826452,29.682178599978215,0.0,74.0,0.0,
uniforme_m30_n150_r3.0_s2001,uniforme,3.0,30,150,kernel,20158.895585439037,True,-1,0,60.0,58.732868,0.0,20772.51204483727,19705.699773424592,gap,"[[0.1975148000055924, 26591.774272790157], [0.3345770000014454, 23808.693066399726], [0.9436021000001347, 21338.452754760212], [3.646801399998367, 21094.561479001506], [6.8387421000079485, 20832.207656057824], [6.850676100002602, 20804.082489283122], [7.405987300007837, 20746.14469289116], [10.074721700002556, 20491.209732949043], [10.442479200006346, 20368.140227177424], [10.713301900002989, 20284.667730958696], [13.80881240000599, 20170.745392007117], [13.897102000002633, 20161.592454037305], [14.823950999998488, 20160.939604237094], [14.987154500006, 20158.895585439033], [15.21540129998175, 20158.89558543904], [37.069034999993164, 20158.89558543904]]",58.732868,58.71875,0.9997596235211943,False,39.8,805.64453125,6,762.0,,0.3333333333333333,3.0,f87a27db44006f4d588c,,,,,,,,,,,,,0.11125719999836292
uniforme_m30_n150_r3.0_s2002,uniforme,3.0,30,150,adaptativa:gnn,21932.597013844384,True,0,0,60.0,59.0007185,0.0,22574.44740037033,21588.37731212556,gap,"[[0.2820956999930786, 30230.3016807432], [0.5633821999799693, 24948.037190442963], [1.8546568999881856, 24221.496220978643], [2.072473499982152, 23408.404265306464], [5.066781699992134, 21938.57649928158], [8.026533999989624, 21932.597013844388], [9.60371429999941, 21932.59701384439], [21.077793999982532, 21932.59701384439], [31.23997289998806, 21932.59701384439]]",59.0007185,58.9375,0.9989285130485318,False,43.8,872.32421875,4,244.0,False,1.0,4.0,f87a27db44006f4d588c,,,,,,,,,,,,,
uniforme_m30_n150_r3.0_s2002,uniforme,3.0,30,150,adaptativa:pl,22116.58273457664,True,-1,0,60.0,59.0009461,0.0,22574.44740037033,21588.37731212556,gap,"[[0.2481843999994453, 25836.966333876957], [0.3500945999985561, 24971.08853788576], [0.4353043000010075, 24768.377760511252], [0.5067238999909023, 24698.094379788403], [0.9006660000013653, 22779.597139702677], [1.586268499988364, 22710.906570846804], [1.6478513999900315, 22572.719629147232], [8.221808499991312, 22483.299837924667], [11.298816900001839, 22429.5332608877], [12.91444949999277, 22399.712464112457], [13.432015400001546, 22118.347291901242], [14.779558700000052, 22116.582734576652], [15.04449729998305, 22116.582734576652], [26.062163799986592, 22116.582734576652], [35.09866499998316, 22116.582734576652]]",59.0009461,58.953125,0.9991894858784307,False,40.1,821.06640625,2,987.0,False,1.0,4.0,f87a27db44006f4d588c,,,,,,,,,,,,,
uniforme_m30_n150_r3.0_s2002,uniforme,3.0,30,150,completo,22553.211799886994,True,-1,0,60.0,57.0289953,0.0,22574.44740037033,21588.37731212556,gap,"[[0.2848580999998376, 58119.4095530803], [2.7699447000049986, 28690.235616406415], [6.013085099999444, 22616.011411612195], [6.98471079999581, 22577.030795775423], [6.990772699995432, 22574.44740037034], [37.49948690000747, 22559.71669226645], [49.19024419999914, 22553.21179988701]]",57.0289953,57.015625,0.9997655525942608,False,47.8,928.76953125,6,431.0,False,1.0,1.0,f87a27db44006f4d588c,,,,,,,,,,,,,
uniforme_m30_n150_r3.0_s2002,uniforme,3.0,30,150,hibrido:rotacao,21932.774965939516,True,-1,0,60.0,59.9562873,0.0,22574.44740037033,21588.37731212556,gap,"[[0.2781387999857543, 30230.3016807432], [0.5678667999891331, 24948.037190442963], [1.9428518999920925, 24221.496220978643], [2.185340299998643, 23408.404265306464], [5.497988499992061, 21938.57649928158], [8.21592740000051, 21938.57649928159], [14.134344499994768, 21938.57649928159], [18.17880680000235, 21938.57649928159], [30.053464099997655, 21938.57649928158], [30.076814300002297, 21936.44881223543], [31.288849399992614, 21932.774965939516]]",59.9562873,59.640625,0.9947351259690158,False,49.1,821.06640625,2,,,,,f87a27db44006f4d588c,30.05319629999576,21938.57649928158,551.0,551.0,90.0,"{""interior"": 138, ""fronteira"": 138, ""liberacao"": 138, ""regret"": 137, ""abertura"": 0}","{""interior"": 1, ""fronteira"": 0, ""liberacao"": 1, ""regret"": 0, ""abertura"": 0}",0.8479227000789251,28.95053720002761,0.0,374.0,0.0,
uniforme_m30_n150_r3.0_s2002,uniforme,3.0,30,150,hibrido:rotacao,21988.08618725659,True,-1,1,60.0,59.9876603,0.0,22574.44740037033,21588.37731212556,gap,"[[0.2680262999929255, 30230.3016807432], [0.5565056999912485, 24948.037190442963], [1.8268753999873297, 24319.036455669633], [1.9721572999842465, 23408.404265306464], [4.954336599985254, 22695.992398291874], [5.424718899987056, 22096.37414073469], [7.270673599996371, 22050.80911411431], [8.05470670000068, 22050.80911411431], [14.06223380001029, 22050.80911411431], [18.28865639999276, 22050.80911411431], [29.998501099995337, 22050.809114114305], [30.1786601000058, 22045.002348879356], [30.202684999996563, 22040.77197420026], [30.488400400005048, 22039.145457605395], [30.66622320000897, 22030.811437459022], [30.68843409999681, 22014.601546765298], [31.04189920000499, 21991.06265029435], [31.081478599997354, 21989.079148302248], [32.291737899999134, 21988.08618725659]]",59.9876603,59.96875,0.9996847635012696,False,42.7,928.76953125,6,,,,,f87a27db44006f4d588c,29.998312099996838,22050.809114114305,435.0,435.0,153.0,"{""interior"": 109, ""fronteira"": 109, ""liberacao"": 109, ""regret"": 108, ""abertura"": 0}","{""interior"": 0, ""fronteira"": 3, ""liberacao"": 3, ""regret"": 2, ""abertura"": 0}",0.6127621999621624,29.2951550999569,0.0,270.0,0.0,
uniforme_m30_n150_r3.0_s2002,uniforme,3.0,30,150,hibrido:rotacao,21932.774965939516,True,-1,2,60.0,59.993424,0.0,22574.44740037033,21588.37731212556,gap,"[[0.3030032999959076, 30230.3016807432], [0.587262599990936, 24948.037190442963], [1.8500214999949094, 24221.496220978643], [1.9694094999867957, 23837.733642969113], [2.058344799981569, 23408.404265306464], [2.079353099994478, 23369.02391240118], [2.0803146999824094, 23367.628017398445], [2.0819509999855654, 23367.372915955017], [4.69727609999245, 22624.33713473985], [7.020968999990146, 22381.950173571597], [8.048200000004726, 22381.950173571597], [9.443388500003493, 22088.31403498468], [9.446821099991212, 22045.02150103328], [14.063479899981758, 22045.02150103328], [18.118306299991673, 22045.02150103328], [29.992268800007878, 22045.02150103327], [30.012622400012333, 22040.247578933682], [30.213967000003322, 21972.50336572061], [30.992479600012302, 21948.73520714755], [31.465162900014548, 21932.774965939516]]",59.993424,59.65625,0.9943798173613161,False,49.2,872.32421875,4,,,,,f87a27db44006f4d588c,29.99208300000464,22045.02150103327,523.0,523.0,109.0,"{""interior"": 131, ""fronteira"": 131, ""liberacao"": 131, ""regret"": 130, ""abertura"": 0}","{""interior"": 1, ""fronteira"": 1, ""liberacao"": 2, ""regret"": 0, ""abertura"": 0}",0.7674359999946319,29.136507699935464,0.0,358.0,0.0,
uniforme_m30_n150_r3.0_s2002,uniforme,3.0,30,150,hibridopl:rotacao,22211.37520628614,True,-1,0,60.0,59.9937472,0.0,22574.44740037033,21588.37731212556,gap,"[[0.3712550000054762, 25836.966333876957], [0.47204920000513084, 24971.08853788576], [0.5572887000016635, 24768.377760511252], [0.628176700003678, 24698.094379788403], [1.0187988000106998, 22779.597139702677], [1.6960044000006747, 22710.906570846804], [1.7590503000101307, 22572.719629147232], [7.094979000001331, 22572.719629147232], [13.110862300018198, 22572.719629147232], [17.16004200000316, 22572.719629147232], [30.044173000002047, 22572.71962914723], [30.640074500013725, 22314.714886402973], [32.045776900005876, 22264.20025619161], [32.07671160000609, 22253.91620768074], [32.234561400007806, 22245.340586079044], [32.67568720001145, 22220.059889791395], [32.98824100001366, 22216.101674748184], [33.164384500007145, 22214.26957737459], [35.236022200013394, 22213.81460527015], [35.72875200000999, 22211.37520628614]]",59.9937472,59.875,0.9980206737278114,False,43.8,821.06640625,2,,,,,f87a27db44006f4d588c,30.043982900009723,22572.71962914723,355.0,355.0,134.0,"{""interior"": 89, ""fronteira"": 89, ""liberacao"": 89, ""regret"": 88, ""abertura"": 0}","{""interior"": 0, ""fronteira"": 2, ""liberacao"": 6, ""regret"": 1, ""abertura"": 0}",0.5421252001833636,29.336831600114238,0.0,209.0,0.0,
uniforme_m30_n150_r3.0_s2002,uniforme,3.0,30,150,hibridopl:rotacao,22090.20343733008,True,-1,1,60.0,60.0024327,0.0024326999999999543,22574.44740037033,21588.37731212556,gap,"[[0.2533481999998912, 25836.966333876957], [0.3549656999966828, 24971.08853788576], [0.43925189999572467, 24768.377760511245], [0.5124909000005573, 24698.094379788403], [0.7977422999974806, 24657.854499876765], [0.8212646000029054, 24654.710428776747], [0.8404070999968098, 24648.37223699302], [1.4935327999992296, 23276.777611375404], [1.595375699995202, 22572.719629147232], [4.5116111999959685, 22302.78169159279], [6.767183300005854, 22167.40815707362], [6.820546699993429, 22131.312805948164], [6.838543399993796, 22126.314713741707], [7.047452800004976, 22126.101540864413], [8.049458400011645, 22126.10154086443], [14.064269500013324, 22126.10154086443], [18.102133400010644, 22126.10154086443], [30.003734800004167, 22126.101540864416], [30.04554750000534, 22122.969237431193], [35.11982130000251, 22110.30881584879], [45.16589390000445, 22090.20343733008]]",60.0024327,60.0,0.9999594566438303,False,40.1,872.32421875,4,,,,,f87a27db44006f4d588c,30.003550000008545,22126.101540864416,163.0,163.0,201.0,"{""interior"": 41, ""fronteira"": 41, ""liberacao"": 41, ""regret"": 40, ""abertura"": 0}","{""interior"": 0, ""fronteira"": 1, ""liberacao"": 2, ""regret"": 0, ""abertura"": 0}",0.20988389996637125,29.749626099917805,0.0,76.0,0.0,
uniforme_m30_n150_r3.0_s2002,uniforme,3.0,30,150,hibridopl:rotacao,22108.415954360997,True,-1,2,60.0,59.9517,0.0,22574.44740037033,21588.37731212556,gap,"[[0.25500520001514815, 25836.966333876957], [0.35719420001260005, 24971.08853788576], [0.44236000001546927, 24768.377760511245], [0.5132460000168066, 24698.094379788403], [0.8076760000112699, 24657.854499876765], [0.827788500013412, 24654.710428776747], [0.8474314000195591, 24648.37223699302], [1.5008776000177022, 23337.66127410032], [1.5883439000172075, 22572.719629147232], [2.8780228000105126, 22444.43504875525], [3.8747407000191743, 22129.18186886367], [8.046671000003698, 22129.181868863685], [14.39566979999654, 22129.181868863685], [18.103871000013896, 22129.181868863685], [30.002544000002672, 22129.18186886367], [30.843420899997, 22124.727437894282], [31.242095100009465, 22112.388578093774], [31.697929400004796, 22108.415954360997]]",59.9517,59.90625,0.9992418897212256,False,40.1,821.06640625,2,,,,,f87a27db44006f4d588c,30.002374600007897,22129.18186886367,195.0,195.0,232.0,"{""interior"": 49, ""fronteira"": 49, ""liberacao"": 49, ""regret"": 48, ""abertura"": 0}","{""interior"": 0, ""fronteira"": 1, ""liberacao"": 2, ""regret"": 0, ""abertura"": 0}",0.2596722999442136,29.649311600020155,0.0,119.0,0.0,
uniforme_m30_n150_r3.0_s2002,uniforme,3.0,30,150,kernel,21863.93114625394,True,-1,0,60.0,59.0008144,0.0,22574.44740037033,21588.37731212556,gap,"[[0.2528515000012703, 28056.650397402307], [0.32180419999349397, 27137.52319785087], [0.4097142999962671, 27127.384550083007], [1.4789868999941973, 22694.441588551435], [1.6619866999972146, 22643.921089005013], [6.454645099991467, 21877.242958653456], [9.756313499994576, 21869.14134986246], [10.971168899995973, 21867.259741106765], [11.314127699995879, 21865.255271525566], [12.21026819999679, 21865.169378543116], [14.820776399996248, 21863.931146253937], [15.312059299991233, 21863.931146253937], [37.07172249998257, 21863.931146253937]]",59.0008144,59.0,0.9999861968007004,False,40.1,928.76953125,6,884.0,,0.36666666666666664,3.0,f87a27db44006f4d588c,,,,,,,,,,,,,0.1575114000006579
uniforme_m30_n150_r3.0_s2003,uniforme,3.0,30,150,adaptativa:gnn,20881.639069375353,True,0,0,60.0,50.030184,0.0,20881.639069375353,20703.697290830063,gap,"[[0.37373330000264104, 29261.599306318007], [0.6064727000048151, 26141.675094047172], [0.9203215000015916, 25125.294744403185], [2.2746410999970976, 21042.304854463655], [2.5565257999987807, 20881.639069375353], [9.035430600008112, 20881.639069375353], [21.56690510000044, 20881.639069375353], [30.49164470001415, 20881.639069375353]]",50.030184,49.90625,0.9975228154267831,False,44.6,861.62109375,2,80.0,True,1.0,4.0,f87a27db44006f4d588c,,,,,,,,,,,,,
uniforme_m30_n150_r3.0_s2003,uniforme,3.0,30,150,adaptativa:pl,20881.639069375353,True,-1,0,60.0,51.2552921,0.0,20881.639069375353,20703.697290830063,gap,"[[0.3421768999978667, 26085.609223432497], [0.7784161999879871, 24189.729382112044], [0.8122460999875329, 24132.148232830717], [1.2795573999901535, 23739.20115994722], [2.123953699992853, 20908.77232422469], [2.2117822999862256, 20884.961808704116], [3.1911862999986624, 20884.961808704113], [3.2896597999933874, 20881.639069375353], [3.367014299990842, 20881.639069375353], [17.227260300001944, 20881.639069375353], [28.120389799994882, 20881.639069375353]]",51.2552921,51.015625,0.9953240516211983,False,58.2,937.80078125,6,39.0,True,1.0,4.0,f87a27db44006f4d588c,,,,,,,,,,,,,
uniforme_m30_n150_r3.0_s2003,uniforme,3.0,30,150,completo,20881.639069375353,True,-1,0,60.0,37.7975909,0.0,20881.639069375353,20703.697290830063,gap,"[[0.2930315999983577, 55304.07707959921], [2.398129599998356, 25820.765060712412], [2.5438512999971863, 25596.213461129573], [3.5826748999970732, 24801.546359294094], [6.411256099992897, 20891.163649597605], [6.971853800001554, 20881.639069375353]]",37.7975909,37.453125,0.9908865646778562,False,44.0,1003.26171875,4,25.0,True,1.0,1.0,f87a27db44006f4d588c,,,,,,,,,,,,,
uniforme_m30_n150_r3.0_s2003,uniforme,3.0,30,150,hibrido:rotacao,20881.639069375353,True,-1,0,60.0,60.3428995,0.34289950000000147,20881.639069375353,20703.697290830063,gap,"[[0.30123749998165295, 29261.599306318007], [0.5156983999913791, 26141.675094047172], [0.8189024999883259, 25125.294744403185], [1.972868799988646, 21042.304854463655], [2.1778134999913163, 20881.639069375353], [7.419271900012973, 20881.639069375353], [13.413306700007524, 20881.639069375353], [17.450880000003963, 20881.639069375353], [29.346476599996095, 20881.639069375353]]",60.3428995,60.234375,0.998201536537037,False,40.2,861.62109375,2,,,,,f87a27db44006f4d588c,29.3462695999915,20881.639069375353,439.0,439.0,16.0,"{""interior"": 110, ""fronteira"": 110, ""liberacao"": 110, ""regret"": 109, ""abertura"": 0}","{""interior"": 0, ""fronteira"": 0, ""liberacao"": 0, ""regret"": 0, ""abertura"": 0}",0.6020755999779794,30.317063699723803,0.0,304.0,0.0,
uniforme_m30_n150_r3.0_s2003,uniforme,3.0,30,150,hibrido:rotacao,20881.639069375353,True,-1,1,60.0,60.1614555,0.16145550000000242,20881.639069375353,20703.697290830063,gap,"[[0.35867119999602437, 29261.599306318007], [0.5891491999936989, 26141.675094047172], [0.9402188999956707, 25125.294744403192], [2.7491247999860207, 21048.449988040036], [2.958738099987386, 20881.639069375356], [7.281463999999687, 20881.639069375353], [12.803748999998788, 20881.639069375353], [17.885175199990044, 20881.639069375353], [29.735752099993988, 20881.639069375353]]",60.1614555,60.078125,0.9986148855723745,False,44.6,937.80078125,6,,,,,f87a27db44006f4d588c,29.73554759999388,20881.639069375353,531.0,531.0,36.0,"{""interior"": 133, ""fronteira"": 133, ""liberacao"": 133, ""regret"": 132, ""abertura"": 0}","{""interior"": 0, ""fronteira"": 0, ""liberacao"": 0, ""regret"": 0, ""abertura"": 0}",0.7930455000459915,29.528381000141962,0.0,374.0,0.0,
uniforme_m30_n150_r3.0_s2003,uniforme,3.0,30,150,hibrido:rotacao,20881.639069375353,True,-1,2,60.0,59.9981727,0.0,20881.639069375353,20703.697290830063,gap,"[[0.2981337000092026, 29261.599306318007], [0.49583260001963936, 26141.675094047172], [0.7772031000058632, 25125.294744403192], [2.4581977000198094, 21048.449988040036], [2.654060200016829, 20881.639069375353], [8.405488600008539, 20881.639069375353], [13.070874900004128, 20881.639069375353], [17.116381300002104, 20881.639069375353], [30.003734099998837, 20881.639069375353]]",59.9981727,59.6875,0.9948219639695793,False,52.3,1003.26171875,4,,,,,f87a27db44006f4d588c,30.003418799999054,20881.639069375353,439.0,439.0,21.0,"{""interior"": 110, ""fronteira"": 110, ""liberacao"": 110, ""regret"": 109, ""abertura"": 0}","{""interior"": 0, ""fronteira"": 0, ""liberacao"": 0, ""regret"": 0, ""abertura"": 0}",0.755987999815261,29.142807700220146,0.0,304.0,0.0,
uniforme_m30_n150_r3.0_s2003,uniforme,3.0,30,150,hibridopl:rotacao,20881.639069375353,True,-1,0,60.0,60.0078494,0.007849399999997786,20881.639069375353,20703.697290830063,gap,"[[0.28534879999642726, 26085.609223432497], [0.6487112999893725, 24189.729382112044], [0.6896757999929832, 24132.148232830717], [1.0884754999860888, 23739.20115994722], [1.9482561999902828, 20908.77232422469], [2.035054499996477, 20884.961808704116], [2.9689184999879217, 20884.961808704113], [3.07538549999299, 20881.639069375353], [3.1699196999979904, 20881.639069375353], [10.082302800001344, 20881.639069375353], [15.337142499993206, 20881.639069375353], [29.006044499983545, 20881.639069375353]]",60.0078494,59.96875,0.9993484285740791,False,51.9,937.80078125,6,,,,,f87a27db44006f4d588c,29.00582159998885,20881.639069375353,371.0,371.0,4.0,"{""interior"": 93, ""fronteira"": 93, ""liberacao"": 93, ""regret"": 92, ""abertura"": 0}","{""interior"": 0, ""fronteira"": 0, ""liberacao"": 0, ""regret"": 0, ""abertura"": 0}",0.6504090000089491,30.267767000041204,0.0,253.0,0.0,
uniforme_m30_n150_r3.0_s2003,uniforme,3.0,30,150,hibridopl:rotacao,20881.639069375353,True,-1,1,60.0,59.9801043,0.0,20881.639069375353,20703.697290830063,gap,"[[0.31684679999307264, 26085.609223432497], [0.7502849999873433, 24189.729382112044], [0.7846605999948224, 24132.148232830717], [1.1887283999967622, 23739.201159947224], [1.9835674999922048, 20908.77232422469], [2.1296971999981906, 20884.961808704116], [3.203977399985888, 20881.639069375353], [3.38763429998653, 20881.639069375353], [10.46731279999949, 20881.639069375353], [15.480650699988473, 20881.639069375353], [29.369252399992547, 20881.639069375353]]",59.9801043,59.421875,0.9906930922092445,False,57.5,861.62109375,2,,,,,f87a27db44006f4d588c,29.369057199990493,20881.639069375353,442.0,442.0,4.0,"{""interior"": 111, ""fronteira"": 111, ""liberacao"": 110, ""regret"": 110, ""abertura"": 0}","{""interior"": 0, ""fronteira"": 0, ""liberacao"": 0, ""regret"": 0, ""abertura"": 0}",0.7961363001813879,29.71947739981988,0.0,308.0,0.0,
uniforme_m30_n150_r3.0_s2003,uniforme,3.0,30,150,hibridopl:rotacao,20881.639069375353,True,-1,2,60.0,59.9951658,0.0,20881.639069375353,20703.697290830063,gap,"[[0.3589103999984218, 26085.609223432497], [0.756478800001787, 24189.729382112044], [0.7965572000102839, 24132.148232830717], [1.2275060000101803, 23739.20115994722], [2.0840927000099327, 20908.77232422469], [2.1697948000073666, 20884.961808704116], [3.1003602999990107, 20881.639069375353], [3.371884400010458, 20881.639069375353], [10.089454999993904, 20881.639069375353], [15.13703300000634, 20881.639069375353], [29.996654300004593, 20881.639069375353]]",59.9951658,59.46875,0.9912256963876913,False,55.0,1003.26171875,4,,,,,f87a27db44006f4d588c,29.99646430001303,20881.639069375353,443.0,443.0,4.0,"{""interior"": 111, ""fronteira"": 111, ""liberacao"": 111, ""regret"": 110, ""abertura"": 0}","{""interior"": 0, ""fronteira"": 0, ""liberacao"": 0, ""regret"": 0, ""abertura"": 0}",0.7477003999520093,29.158533100009663,0.0,307.0,0.0,
uniforme_m30_n150_r3.0_s2003,uniforme,3.0,30,150,kernel,20881.639069375353,True,-1,0,60.0,37.6466469,0.0,20881.639069375353,20703.697290830063,gap,"[[0.30016769998474047, 26085.609223432497], [0.6811280999827432, 24189.729382112044], [0.7206309999746736, 24132.148232830717], [1.1477647999854526, 23739.20115994722], [1.8865634999820031, 20908.77232422469], [1.9668353999732062, 20884.961808704116], [2.806464799985406, 20884.961808704113], [2.8920532999763964, 20881.639069375353], [2.9623328000016045, 20881.639069375353], [16.655480000001262, 20881.639069375353], [30.60320059998776, 20881.639069375353]]",37.6466469,37.3125,0.9911241258514314,False,52.5,861.62109375,2,84.0,,0.3,4.0,f87a27db44006f4d588c,,,,,,,,,,,,,0.2111696999927517
uniforme_m30_n150_r3.0_s2004,uniforme,3.0,30,150,adaptativa:gnn,18752.21853666101,True,0,0,60.0,59.0008323,0.0,18752.21853666101,18533.14971177342,gap,"[[0.19603259999712463, 23934.10315264065], [0.9935961000010138, 18915.29857560235], [1.0926227000018116, 18752.218536661017], [15.035803600010695, 18752.218536661017], [26.320896299992455, 18752.218536661017], [34.10214869999618, 18752.218536661017]]",59.0008323,59.0,0.9999858934193374,False,39.8,870.15234375,6,923.0,False,1.0,4.0,f87a27db44006f4d588c,,,,,,,,,,,,,
uniforme_m30_n150_r3.0_s2004,uniforme,3.0,30,150,adaptativa:pl,18752.21853666101,True,-1,0,60.0,58.9966739,0.0,18752.21853666101,18533.14971177342,gap,"[[0.184290700010024, 23702.954615220333], [0.9565985000081128, 18915.29857560235], [1.0091128000058234, 18752.218536661017], [15.039466200018069, 18752.218536661017], [26.36683680000715, 18752.218536661017], [34.112288200019975, 18752.218536661017]]",58.9966739,58.890625,0.9982024596813753,False,42.5,811.44921875,2,371.0,False,1.0,4.0,f87a27db44006f4d588c,,,,,,,,,,,,,
uniforme_m30_n150_r3.0_s2004,uniforme,3.0,30,150,completo,18752.21853666101,True,-1,0,60.0,57.0003475,0.0,18752.21853666101,18533.14971177342,gap,"[[0.30194760000449605, 52586.490372646615], [2.45503810000082, 27027.513704193396], [2.657154900007299, 26301.380302229478], [2.7732604000048013, 26284.38353978721], [2.87585680000484, 25819.84656472079], [5.162463400003617, 18915.29857560235], [6.611764100001892, 18752.218536661017]]",57.0003475,56.125,0.9846431199388741,False,53.0,811.44921875,2,588.0,False,1.0,1.0,f87a27db44006f4d588c,,,,,,,,,,,,,
uniforme_m30_n150_r3.0_s2004,uniforme,3.0,30,150,hibrido:rotacao,18752.21853666101,True,-1,0,60.0,59.9992626,0.0,18752.21853666101,18533.14971177342,gap,"[[0.20189689999097027, 23934.10315264065], [1.014480400001048, 18915.29857560235], [1.126721099994029, 18752.218536661017], [8.039308299994445, 18752.218536661017], [14.190557799985982, 18752.218536661017], [18.108662300001015, 18752.218536661017], [29.99955530000443, 18752.21853666101]]",59.9992626,59.828125,0.9971476716115508,False,42.6,750.55078125,4,,,,,f87a27db44006f4d588c,29.999376799998572,18752.21853666101,399.0,399.0,226.0,"{""interior"": 100, ""fronteira"": 100, ""liberacao"": 100, ""regret"": 99, ""abertura"": 0}","{""interior"": 0, ""fronteira"": 0, ""liberacao"": 0, ""regret"": 0, ""abertura"": 0}",0.5422196000581607,29.389026400021976,0.0,275.0,0.0,
uniforme_m30_n150_r3.0_s2004,uniforme,3.0,30,150,hibrido:rotacao,18752.21853666101,True,-1,1,60.0,59.9941263,0.0,18752.21853666101,18533.14971177342,gap,"[[0.21111560001736507, 23934.10315264065], [1.0401867000182392, 18915.29857560235], [1.1594120000227122, 18752.218536661017], [8.043985400014208, 18752.218536661017], [14.089497200024198, 18752.218536661017], [18.106966800012742, 18752.218536661017], [29.998643999992055, 18752.21853666101]]",59.9941263,59.84375,0.9974934829578475,False,42.5,750.55078125,4,,,,,f87a27db44006f4d588c,29.99846190000244,18752.21853666101,475.0,475.0,241.0,"{""interior"": 119, ""fronteira"": 119, ""liberacao"": 119, ""regret"": 118, ""abertura"": 0}","{""interior"": 0, ""fronteira"": 0, ""liberacao"": 0, ""regret"": 0, ""abertura"": 0}",0.6459508997650119,29.264191300069797,0.0,331.0,0.0,
uniforme_m30_n150_r3.0_s2004,uniforme,3.0,30,150,hibrido:rotacao,18752.21853666101,True,-1,2,60.0,60.0049297,0.0049296999999981495,18752.21853666101,18533.14971177342,gap,"[[0.1954353000037372, 23934.10315264065], [0.9957217000046512, 18915.29857560235], [1.0943065000028582, 18752.218536661017], [8.04300879999937, 18752.218536661017], [14.196370100005879, 18752.218536661017], [18.106027300003916, 18752.218536661017], [30.00714380000136, 18752.21853666101]]",60.0049297,59.953125,0.9991366592668469,False,40.4,750.55078125,4,,,,,f87a27db44006f4d588c,30.006938899998204,18752.21853666101,315.0,315.0,249.0,"{""interior"": 79, ""fronteira"": 79, ""liberacao"": 79, ""regret"": 78, ""abertura"": 0}","{""interior"": 0, ""fronteira"": 0, ""liberacao"": 0, ""regret"": 0, ""abertura"": 0}",0.42853280005510896,29.51283339994552,0.0,210.0,0.0,
uniforme_m30_n150_r3.0_s2004,uniforme,3.0,30,150,hibridopl:rotacao,18752.21853666101,True,-1,0,60.0,59.998942,0.0,18752.21853666101,18533.14971177342,gap,"[[0.20211539999581873, 23702.954615220333], [1.0449924999993527, 18915.29857560235], [1.109958100001677, 18752.218536661017], [8.158192500006407, 18752.218536661017], [14.078073600016069, 18752.218536661017], [18.105795499999658, 18752.218536661017], [29.9989659999992, 18752.21853666101]]",59.998942,59.828125,0.9971529997978964,False,41.9,811.44921875,2,,,,,f87a27db44006f4d588c,29.998772799997823,18752.21853666101,399.0,399.0,416.0,"{""interior"": 100, ""fronteira"": 100, ""liberacao"": 100, ""regret"": 99, ""abertura"": 0}","{""interior"": 0, ""fronteira"": 0, ""liberacao"": 0, ""regret"": 0, ""abertura"": 0}",0.5447310997697059,29.38491980014078,0.0,275.0,0.0,
uniforme_m30_n150_r3.0_s2004,uniforme,3.0,30,150,hibridopl:rotacao,18752.21853666101,True,-1,1,60.0,59.9963168,0.0,18752.21853666101,18533.14971177342,gap,"[[0.18232310000166763, 23702.954615220333], [0.9367004999949131, 18915.29857560235], [0.9900701000005938, 18752.218536661017], [8.043609300002572, 18752.218536661017], [14.072128100015107, 18752.218536661017], [18.099394000004395, 18752.218536661017], [29.99655039999925, 18752.21853666101]]",59.9963168,59.984375,0.9998009577814617,False,41.5,870.15234375,6,,,,,f87a27db44006f4d588c,29.99634739999601,18752.21853666101,487.0,487.0,440.0,"{""interior"": 122, ""fronteira"": 122, ""liberacao"": 122, ""regret"": 121, ""abertura"": 0}","{""interior"": 0, ""fronteira"": 0, ""liberacao"": 0, ""regret"": 0, ""abertura"": 0}",0.6734093998820754,29.24246399999538,0.0,340.0,0.0,
uniforme_m30_n150_r3.0_s2004,uniforme,3.0,30,150,hibridopl:rotacao,18752.21853666101,True,-1,2,60.0,59.9976354,0.0,18752.21853666101,18533.14971177342,gap,"[[0.18106790001911577, 23702.954615220333], [0.9624121000233572, 18915.29857560235], [1.0183498000260442, 18752.218536661017], [8.039605900019524, 18752.218536661017], [14.068984700003057, 18752.218536661017], [18.095754600013606, 18752.218536661017], [29.997998200007714, 18752.21853666101]]",59.9976354,59.953125,0.9992581307629333,False,40.0,811.44921875,2,,,,,f87a27db44006f4d588c,29.99781400000211,18752.21853666101,315.0,315.0,434.0,"{""interior"": 79, ""fronteira"": 79, ""liberacao"": 79, ""regret"": 78, ""abertura"": 0}","{""interior"": 0, ""fronteira"": 0, ""liberacao"": 0, ""regret"": 0, ""abertura"": 0}",0.4352663000463508,29.506702099984977,0.0,210.0,0.0,
uniforme_m30_n150_r3.0_s2004,uniforme,3.0,30,150,kernel,18752.21853666101,True,-1,0,60.0,59.9947654,0.0,18752.21853666101,18533.14971177342,gap,"[[0.17879520000133198, 23702.954615220333], [0.9584022000053665, 18915.29857560235], [1.004968800014467, 18752.218536661017], [15.059769200001028, 18752.218536661017], [30.280490400007693, 18752.218536661017], [44.07392679998884, 18752.218536661017]]",59.9947654,59.734375,0.9956597813448571,False,52.2,870.15234375,6,678.0,,0.3,4.0,f87a27db44006f4d588c,,,,,,,,,,,,,0.10188390000257641
uniforme_m30_n150_r3.0_s2005,uniforme,3.0,30,150,adaptativa:gnn,20507.647064437908,True,0,0,60.0,58.9986911,0.0,20441.90000886276,20305.558515000117,gap,"[[0.23494250002841, 23417.335122942648], [0.8816459000227042, 22948.69462157669], [1.6078354000201216, 21690.75315955119], [2.0209434000280453, 21447.435559328704], [2.567870600018068, 21428.499506289838], [3.1766526000283193, 21360.263617859127], [3.1770165000198176, 21301.885396433812], [3.178014700024505, 21278.182195769743], [3.489464100028272, 21266.009128743233], [3.4916215000266675, 21248.5471165778], [3.492521800028044, 21240.100562521744], [6.823917500019888, 21143.650146203654], [8.453637900020112, 21139.225478638986], [10.38089920002676, 21092.226613479776], [11.994165100026294, 21088.861913121902], [15.266719299994293, 21088.861913121902], [17.3410911999963, 20507.6470644379], [26.092051300001913, 20507.647064437904], [34.115075900015654, 20507.647064437904]]",58.9986911,58.359375,0.9891638935020374,False,49.8,914.203125,4,1125.0,False,1.0,4.0,f87a27db44006f4d588c,,,,,,,,,,,,,
uniforme_m30_n150_r3.0_s2005,uniforme,3.0,30,150,adaptativa:pl,20423.242466363976,True,-1,0,60.0,59.0013599,0.0,20441.90000886276,20305.558515000117,gap,"[[0.26625750001403503, 22535.598589465375], [1.186671600007685, 20465.835484871142], [6.653752200014424, 20463.369934454364], [8.76823700001114, 20430.06559214878], [10.73607370001264, 20424.42093285723], [10.918057200018666, 20423.242466363976], [11.253744000001461, 20423.242466363976], [23.077758100014762, 20423.242466363976], [32.37464799999725, 20423.242466363976], [35.99363519999315, 20423.242466363965], [39.4776039999997, 20423.242466363965]]",59.0013599,58.453125,0.990708097221332,False,48.3,878.3515625,2,750.0,False,1.0,4.0,f87a27db44006f4d588c,,,,,,,,,,,,,
uniforme_m30_n150_r3.0_s2005,uniforme,3.0,30,150,completo,20428.020325776328,True,-1,0,60.0,57.0037529,0.0,20441.90000886276,20305.558515000117,gap,"[[0.2976194999937434, 52800.30426021585], [1.9062737000058405, 26274.571255627725], [5.872910000005504, 23172.39556128941], [6.664717100007692, 20761.398016930063], [6.8205657999933464, 20511.913866069794], [6.824638299993239, 20508.07857716412], [31.0568118999945, 20441.90000886276], [40.76830369999516, 20432.26780762571], [45.64032089999819, 20429.79434030504], [46.21058179999818, 20428.375051785246], [46.216646800006856, 20428.020325776324]]",57.0037529,56.703125,0.9947261735463736,False,50.2,878.3515625,2,876.0,False,1.0,1.0,f87a27db44006f4d588c,,,,,,,,,,,,,
uniforme_m30_n150_r3.0_s2005,uniforme,3.0,30,150,hibrido:rotacao,20437.35794816169,True,-1,0,60.0,59.997664,0.0,20441.90000886276,20305.558515000117,gap,"[[0.24311300001863856, 23417.335122942648], [0.8913829000084661, 22948.69462157669], [1.6160098000109429, 21690.75315955119], [1.9924446000077296, 21447.435559328704], [2.564241200016113, 21428.499506289838], [3.174900800018804, 21360.263617859127], [3.1755168000090634, 21301.885396433812], [3.17680550001387, 21278.182195769743], [3.4861668000085047, 21266.009128743233], [3.4882876000046963, 21248.5471165778], [3.4889367000141647, 21240.100562521744], [6.953513400017982, 21143.650146203654], [8.211448700007168, 21143.650146203654], [10.551493299994036, 20507.647064437908], [14.085942400008207, 20507.647064437904], [18.16612460000033, 20507.647064437904], [29.9976346000185, 20507.647064437908], [30.712805800008937, 20499.459491366222], [30.741963000007672, 20498.0407663125], [30.818773200007854, 20489.496478545178], [35.0256275000138, 20488.242130953484], [35.12409910000861, 20477.251457869657], [37.55769830000645, 20477.20383948889], [39.84733950001828, 20473.14366975838], [42.99817350001831, 20451.51348529371], [45.32558090001112, 20442.883162705628], [48.55060380001669, 20437.35794816169]]",59.997664,59.34375,0.9891010089992837,False,53.8,914.203125,4,,,,,f87a27db44006f4d588c,29.9974196000112,20507.647064437908,291.0,291.0,443.0,"{""interior"": 73, ""fronteira"": 73, ""liberacao"": 73, ""regret"": 72, ""abertura"": 0}","{""interior"": 0, ""fronteira"": 3, ""liberacao"": 5, ""regret"": 2, ""abertura"": 0}",0.44428100004734006,29.48507420004171,0.0,112.0,0.0,
uniforme_m30_n150_r3.0_s2005,uniforme,3.0,30,150,hibrido:rotacao,20474.9859069139,True,-1,1,60.0,59.9926508,0.0,20441.90000886276,20305.558515000117,gap,"[[0.44539830001303926, 23417.335122942648], [1.3914467000140576, 22948.69462157669], [2.4925539000105346, 21989.886899434954], [2.9626594000146724, 21410.42668161235], [5.563380200008396, 21273.37486172578], [6.936298500018893, 21231.694137887152], [8.131903200002853, 21231.694137887163], [10.423966300004395, 20507.647064437904], [14.137265000012121, 20507.647064437904], [18.59070299999439, 20507.647064437904], [28.993550200015306, 20507.647064437908], [29.050125000008848, 20499.10277667059], [29.44225540001935, 20497.684051616867], [29.646303900008206, 20486.431671267987], [30.47896610001044, 20483.286149869124], [30.98457510001026, 20483.173479985584], [31.189446900010807, 20474.9859069139]]",59.9926508,58.78125,0.979807513356286,False,54.0,878.3515625,2,,,,,f87a27db44006f4d588c,28.99334680000902,20507.647064437908,275.0,275.0,468.0,"{""interior"": 69, ""fronteira"": 69, ""liberacao"": 69, ""regret"": 68, ""abertura"": 0}","{""interior"": 1, ""fronteira"": 4, ""liberacao"": 1, ""regret"": 0, ""abertura"": 0}",0.4159930999740027,30.526613999943947,0.0,162.0,0.0,
uniforme_m30_n150_r3.0_s2005,uniforme,3.0,30,150,hibrido:rotacao,20488.242130953484,True,-1,2,60.0,59.9965792,0.0,20441.90000886276,20305.558515000117,gap,"[[0.24553509999532253, 23417.335122942648], [0.9618338000000222, 22948.69462157669], [0.9740948999969987, 22920.75547729701], [0.9751290999993216, 22915.63133945239], [0.9767161999916425, 22915.344828874364], [2.039614099994651, 21627.273766650884], [4.815660099993693, 21570.705198486332], [5.087785700001405, 21410.320124064943], [5.3685536999983015, 21140.336851387598], [5.370731099988916, 21121.934029395787], [5.37186980000115, 21117.624243860766], [7.092547099993681, 21090.616467206728], [8.045401500014123, 21090.616467206728], [10.1425172000163, 20507.647064437904], [14.30033120000735, 20507.647064437904], [18.123153799999272, 20507.647064437904], [29.99896529999387, 20507.647064437908], [30.039694299994153, 20499.459491366222], [30.157913400005782, 20490.9152035989], [30.41107600000396, 20489.496478545178], [33.19434380000166, 20488.242130953484]]",59.9965792,59.34375,0.9891188929651509,False,51.6,914.203125,4,,,,,f87a27db44006f4d588c,29.998783300005016,20507.647064437908,314.0,314.0,480.0,"{""interior"": 79, ""fronteira"": 79, ""liberacao"": 78, ""regret"": 78, ""abertura"": 0}","{""interior"": 0, ""fronteira"": 3, ""liberacao"": 1, ""regret"": 0, ""abertura"": 0}",0.48002709991123993,29.45103390001168,0.0,190.0,0.0,
uniforme_m30_n150_r3.0_s2005,uniforme,3.0,30,150,hibridopl:rotacao,20454.19553678423,True,-1,0,60.0,60.002695,0.0026950000000027785,20441.90000886276,20305.558515000117,gap,"[[0.23816479997185525, 22535.598589465375], [1.1563670999748865, 20465.835484871142], [7.833806499969796, 20463.369934454364], [8.054746299996623, 20463.369934454364], [14.077724399976432, 20463.369934454364], [18.341009999989183, 20463.369934454364], [30.00459339999361, 20463.369934454367], [30.31771519999893, 20454.19553678423]]",60.002695,58.859375,0.9809455225302797,False,51.6,914.203125,4,,,,,f87a27db44006f4d588c,30.004415299990796,20463.369934454367,271.0,271.0,221.0,"{""interior"": 68, ""fronteira"": 68, ""liberacao"": 68, ""regret"": 67, ""abertura"": 0}","{""interior"": 0, ""fronteira"": 1, ""liberacao"": 0, ""regret"": 0, ""abertura"": 0}",0.38862609991338104,29.549327000058838,0.0,176.0,0.0,
uniforme_m30_n150_r3.0_s2005,uniforme,3.0,30,150,hibridopl:rotacao,20454.19553678423,True,-1,1,60.0,60.2128113,0.21281129999999848,20441.90000886276,20305.558515000117,gap,"[[0.24027520000527147, 22535.598589465375], [1.3964754000044195, 21838.100013771415], [1.4742273000010755, 20465.835484871142], [7.656704499997431, 20465.835484871142], [13.595602499990491, 20465.835484871142], [15.881141899997601, 20456.661087201006], [17.654232299988507, 20456.661087201006], [29.517232400001376, 20456.661087201013], [30.034681499993894, 20454.19553678423]]",60.2128113,59.234375,0.9837503634380214,False,54.6,870.15234375,6,,,,,f87a27db44006f4d588c,29.517043100000592,20456.661087201013,202.0,202.0,197.0,"{""interior"": 51, ""fronteira"": 51, ""liberacao"": 50, ""regret"": 50, ""abertura"": 0}","{""interior"": 0, ""fronteira"": 0, ""liberacao"": 0, ""regret"": 1, ""abertura"": 0}",0.296024299954297,30.355812999783666,0.0,125.0,0.0,
uniforme_m30_n150_r3.0_s2005,uniforme,3.0,30,150,hibridopl:rotacao,20454.19553678423,True,-1,2,60.0,59.9614753,0.0,20441.90000886276,20305.558515000117,gap,"[[0.2630487999995239, 22535.598589465375], [1.3070751000050223, 20465.835484871142], [5.690676500002155, 20456.661087201006], [7.435763999979827, 20456.661087201006], [13.48393999999098, 20456.661087201006], [17.44455939999898, 20456.661087201006], [29.30272910000349, 20456.661087201013], [31.320815600003698, 20454.19553678423]]",59.9614753,59.84375,0.9980366510428405,False,48.4,870.15234375,6,,,,,f87a27db44006f4d588c,29.302544799997122,20456.661087201013,264.0,264.0,261.0,"{""interior"": 66, ""fronteira"": 66, ""liberacao"": 66, ""regret"": 66, ""abertura"": 0}","{""interior"": 0, ""fronteira"": 0, ""liberacao"": 0, ""regret"": 1, ""abertura"": 0}",0.38575740008673165,30.216437000024598,0.0,169.0,0.0,
uniforme_m30_n150_r3.0_s2005,uniforme,3.0,30,150,kernel,20423.242466363976,True,-1,0,60.0,57.4829799,0.0,20441.90000886276,20305.558515000117,gap,"[[0.23157470001024194, 24308.809345575894], [1.9034344000101555, 23065.675288727918], [2.0108674000075553, 20765.335457141708], [8.589987300001667, 20446.943173937114], [12.220314300007885, 20438.21458712442], [12.670622600009665, 20433.7713790975], [14.524268900000607, 20432.34671328913], [15.07096250000177, 20432.34671328913], [30.066871500006528, 20432.34671328913], [44.19293900000048, 20423.242466363976], [45.33620590000646, 20423.242466363976]]",57.4829799,57.46875,0.9997524502030904,False,49.5,870.15234375,6,1081.0,,0.3,4.0,f87a27db44006f4d588c,,,,,,,,,,,,,0.1506989000044996
uniforme_m30_n150_r3.0_s2006,uniforme,3.0,30,150,adaptativa:gnn,22485.67759353246,True,0,0,60.0,58.9997928,0.0,22582.523764883816,21173.906412905017,gap,"[[0.29775870000594296, 34110.8964754067], [0.5449341000057757, 25023.785862763874], [0.6664963000075659, 24990.681698421675], [2.157708400001866, 23530.820631359828], [2.3089160000090487, 22485.67759353245], [15.063483499994618, 22485.67759353245], [26.079211999996915, 22485.67759353245], [35.108625900000334, 22485.67759353245]]",58.9997928,58.578125,0.9928530630365197,False,51.3,870.15234375,6,194.0,False,1.0,4.0,f87a27db44006f4d588c,,,,,,,,,,,,,
uniforme_m30_n150_r3.0_s2006,uniforme,3.0,30,150,adaptativa:pl,21606.73742231878,True,-1,0,60.0,59.0061546,0.0,22582.523764883816,21173.906412905017,gap,"[[0.23223950000829063, 27033.476955017395], [0.3117328000080306, 25167.696761304178], [0.3847101000137627, 25104.088813337803], [0.9668860000092536, 22264.096721896785], [4.643076900014421, 21934.939692043896], [5.598793500001193, 21692.44820725809], [5.60152690000541, 21674.3175437214], [5.608088500011945, 21653.404419304446], [8.71148370001174, 21617.988846859767], [11.17480350000551, 21608.40565931366], [14.01863210000738, 21606.737422318747], [15.05167660000734, 21606.737422318747], [26.07659519999288, 21606.737422318747], [35.13093110000773, 21606.737422318747]]",59.0061546,58.8125,0.996718061000369,False,50.3,870.15234375,6,1033.0,False,1.0,4.0,f87a27db44006f4d588c,,,,,,,,,,,,,
uniforme_m30_n150_r3.0_s2006,uniforme,3.0,30,150,completo,22621.51381675167,True,-1,0,60.0,57.0079694,0.0,22582.523764883816,21173.906412905017,gap,"[[0.5854252999997698, 55825.159696742005], [2.3072696999879554, 25023.78586276387], [5.667871300000115, 24758.895739436568], [5.726964399989811, 24717.398476483668], [5.728610699996352, 24578.36351378599], [5.730672199992114, 24577.20453897328], [30.576160599986906, 23880.41610342809], [40.031918299995596, 23833.184055529586], [41.784104099991964, 23442.81265388179], [45.63713689999713, 23021.155525402963], [45.63993339998706, 23003.75436754473], [45.643491899987566, 22621.51381675166]]",57.0079694,55.953125,0.9814965449374522,False,50.7,914.203125,4,239.0,False,1.0,1.0,f87a27db44006f4d588c,,,,,,,,,,,,,
uniforme_m30_n150_r3.0_s2006,uniforme,3.0,30,150,hibrido:rotacao,22068.39979905929,True,-1,0,60.0,60.0000618,6.179999999744723e-05,22582.523764883816,21173.906412905017,gap,"[[0.2889221999939764, 34110.8964754067], [0.5388947000028566, 25023.785862763874], [0.6633642999950098, 24990.681698421675], [2.1796691000054125, 23530.820631359828], [2.338189700007206, 22485.67759353245], [8.06739799999923, 22485.67759353245], [14.079108300022199, 22485.67759353245], [18.341425399994478, 22485.67759353245], [29.99783630001184, 22485.67759353246], [30.02882160000445, 22483.745830923777], [30.04284710000502, 22481.271810392675], [31.004108300010557, 22384.561018925335], [31.409917300014058, 22370.469099462985], [32.01469690000522, 22324.53804482486], [48.00785700000415, 22231.050152929005], [48.02320590001182, 22183.76182836532], [49.01830870000413, 22180.429535184303], [49.03562900000543, 22179.15889086771], [49.08161320000363, 22133.08514825176], [53.024742300010985, 22132.64163765805], [53.0395991000114, 22089.16735314185], [53.05267360000289, 22075.793932177097], [56.43350000001374, 22068.39979905929]]",60.0000618,59.3125,0.9885406484697987,False,51.2,878.3515625,2,,,,,f87a27db44006f4d588c,29.99765340000158,22485.67759353246,107.0,107.0,54.0,"{""interior"": 27, ""fronteira"": 27, ""liberacao"": 27, ""regret"": 26, ""abertura"": 0}","{""interior"": 3, ""fronteira"": 4, ""liberacao"": 2, ""regret"": 5, ""abertura"": 0}",0.15036410000175238,29.817894299994805,0.0,18.0,0.0,
uniforme_m30_n150_r3.0_s2006,uniforme,3.0,30,150,hibrido:rotacao,22159.630091675906,True,-1,1,60.0,59.9965016,0.0,22582.523764883816,21173.906412905017,gap,"[[0.5077631000021938, 34110.8964754067], [0.747703700006241, 25023.785862763874], [0.8579659000097308, 24990.681698421675], [2.198056600012933, 23716.33833532929], [2.228726600005757, 22485.67759353245], [2.249197400000412, 22433.53886828657], [7.060219499995583, 22433.53886828657], [8.603512299989234, 22420.150841010134], [8.608831999998074, 22399.901013641134], [13.067301500006579, 22399.901013641134], [17.103706300011254, 22399.901013641134], [20.49140480000642, 22382.18626263111], [29.998977600000217, 22382.186262631123], [32.00609059999988, 22347.316412253203], [32.0190733000054, 22294.156995853053], [32.02785169999697, 22278.309554357194], [32.04559949999384, 22274.72603190293], [32.56591710000066, 22230.964977976524], [32.85306069999933, 22219.673636519794], [33.678629300004104, 22210.70756080423], [34.034813300007954, 22183.683944194003], [34.07015030000184, 22173.321566487637], [36.99876149999909, 22168.795690204795], [39.87385649999487, 22159.830538848393], [40.605405299997074, 22159.630091675906]]",59.9965016,59.828125,0.9971935596991542,False,47.5,870.15234375,6,,,,,f87a27db44006f4d588c,29.998780299996724,22382.186262631123,79.0,79.0,63.0,"{""interior"": 20, ""fronteira"": 20, ""liberacao"": 20, ""regret"": 19, ""abertura"": 0}","{""interior"": 3, ""fronteira"": 4, ""liberacao"": 4, ""regret"": 1, ""abertura"": 0}",0.10586709997733124,29.868086600050447,0.0,13.0,0.0,
uniforme_m30_n150_r3.0_s2006,uniforme,3.0,30,150,hibrido:rotacao,22022.397894822592,True,-1,2,60.0,59.9989453,0.0,22582.523764883816,21173.906412905017,gap,"[[0.37750810000579804, 34110.8964754067], [0.7294372000033036, 25023.785862763874], [0.8817706999980146, 24990.681698421675], [2.5088028000027407, 23885.518198825845], [2.548442500003148, 22485.67759353245], [8.058111599995755, 22485.67759353245], [14.110973300004844, 22485.67759353245], [18.110320400010096, 22485.67759353245], [29.997661800007336, 22485.67759353246], [31.19146850000834, 22377.27330811411], [31.79880650000996, 22363.18138865176], [41.01005470000382, 22193.10584172937], [41.03846039999917, 22192.021358200996], [41.054459400009364, 22159.725637257514], [42.05215709999902, 22091.521140111512], [43.055752300002496, 22075.673698615654], [44.058408800003235, 22074.63753485347], [44.409941600009915, 22057.336723852783], [45.99866569999722, 22033.866252500702], [46.05354610001086, 22030.282730046438], [52.231954500006395, 22028.69915417939], [59.66062789999705, 22022.397894822592]]",59.9989453,59.015625,0.9836110402427357,False,55.5,878.3515625,2,,,,,f87a27db44006f4d588c,29.9974302000046,22485.67759353246,107.0,107.0,45.0,"{""interior"": 27, ""fronteira"": 27, ""liberacao"": 27, ""regret"": 26, ""abertura"": 0}","{""interior"": 3, ""fronteira"": 2, ""liberacao"": 5, ""regret"": 3, ""abertura"": 0}",0.15391519996046554,29.812276500000735,0.0,13.0,0.0,
uniforme_m30_n150_r3.0_s2006,uniforme,3.0,30,150,hibridopl:rotacao,21444.824178750794,True,-1,0,60.0,59.9887591,0.0,22582.523764883816,21173.906412905017,gap,"[[0.29368539999995846, 27033.476955017395], [0.37393990000418853, 25167.696761304178], [0.4588526000006823, 25104.088813337803], [1.0904917000007117, 22264.096721896785], [4.7760237000038614, 21934.939692043896], [5.684362500003772, 21692.44820725809], [5.6869991999992635, 21674.3175437214], [5.693094900008873, 21653.404419304446], [8.040523799994844, 21653.404419304446], [14.059563800008618, 21653.404419304446], [18.091129300009925, 21653.404419304446], [20.62816439999733, 21616.963131777462], [20.63636679999763, 21615.605487734116], [29.98816550000629, 21615.605487734134], [31.98719370001345, 21608.616043527], [32.714014600001974, 21453.440141873365], [32.77123540001048, 21445.315244289937], [33.009892700007185, 21444.824178750794]]",59.9887591,59.296875,0.988466437539629,False,47.5,914.203125,4,,,,,f87a27db44006f4d588c,29.987966400003643,21615.605487734134,339.0,339.0,286.0,"{""interior"": 85, ""fronteira"": 85, ""liberacao"": 85, ""regret"": 84, ""abertura"": 0}","{""interior"": 0, ""fronteira"": 1, ""liberacao"": 3, ""regret"": 0, ""abertura"": 0}",0.4809001000248827,29.45200519989885,0.0,213.0,0.0,
uniforme_m30_n150_r3.0_s2006,uniforme,3.0,30,150,hibridopl:rotacao,21452.702593995993,True,-1,1,60.0,60.0015256,0.001525600000000793,22582.523764883816,21173.906412905017,gap,"[[0.3336861000134377, 27033.476955017395], [0.4396471000072779, 25167.696761304178], [0.5274434000020847, 25104.088813337803], [1.2620773000089685, 22598.767142740013], [5.659450100007234, 22017.96116461746], [7.743496500013862, 21976.709705318477], [7.745814600013546, 21957.37073078498], [7.746563400010928, 21948.76778056846], [8.053548900017631, 21948.76778056846], [8.866311400008271, 21792.75446303209], [8.869271100018523, 21769.872334051466], [8.873483900009887, 21694.926162949196], [14.128095099993516, 21694.926162949196], [18.372943500013207, 21694.926162949196], [30.00195360001817, 21694.92616294922], [30.044532200015965, 21641.800487405173], [30.159606400018674, 21511.769569840326], [30.180053900010535, 21499.94598194414], [30.41061930001888, 21486.65767395596], [30.696844300007797, 21466.838589124367], [31.21974310000951, 21455.884869576665], [34.3970876000094, 21452.749443935325], [35.90231370001857, 21452.702593995993]]",60.0015256,58.6875,0.9781001301740234,False,55.3,914.203125,4,,,,,f87a27db44006f4d588c,30.001765200009686,21694.92616294922,263.0,263.0,176.0,"{""interior"": 66, ""fronteira"": 66, ""liberacao"": 66, ""regret"": 65, ""abertura"": 0}","{""interior"": 1, ""fronteira"": 1, ""liberacao"": 6, ""regret"": 0, ""abertura"": 0}",0.43053940004028846,29.509507799812127,0.0,139.0,0.0,
uniforme_m30_n150_r3.0_s2006,uniforme,3.0,30,150,hibridopl:rotacao,21589.493935510865,True,-1,2,60.0,59.9981032,0.0,22582.523764883816,21173.906412905017,gap,"[[0.32470029999967664, 27033.476955017395], [0.409708999999566, 25167.696761304178], [0.5134377999929711, 25104.088813337803], [1.1676290999894263, 22367.67366227424], [4.050958099993295, 22008.2975295526], [6.78923089998716, 21910.85757987092], [7.872365799994441, 21888.69297482448], [8.050782699996489, 21888.69297482446], [14.07559829998354, 21888.69297482446], [16.028715399981593, 21854.564624808278], [18.105351400008658, 21854.564624808278], [29.996905899999547, 21854.564624808292], [31.974108900001738, 21616.042253983822], [32.73808910000662, 21600.12905972975], [32.99739220000629, 21599.081556263387], [34.021378700010246, 21591.211727395494], [34.17431970000325, 21589.493935510865]]",59.9981032,59.5,0.9916980175466614,False,47.5,878.3515625,2,,,,,f87a27db44006f4d588c,29.996733899999526,21854.564624808292,499.0,499.0,212.0,"{""interior"": 125, ""fronteira"": 125, ""liberacao"": 125, ""regret"": 124, ""abertura"": 0}","{""interior"": 0, ""fronteira"": 1, ""liberacao"": 4, ""regret"": 0, ""abertura"": 0}",0.7591971998481313,29.14411779990769,0.0,321.0,0.0,
uniforme_m30_n150_r3.0_s2006,uniforme,3.0,30,150,kernel,21615.825701383197,True,-1,0,60.0,58.9997826,0.0,22582.523764883816,21173.906412905017,gap,"[[0.27662170001713093, 28495.549545043734], [0.39069430001836736, 25023.785862763874], [0.5378792000119574, 25010.81197440035], [1.6564215000107652, 23927.212878027134], [1.7218549000099301, 23742.41005980587], [6.9071790000161855, 23061.096993506497], [8.349087300011888, 23037.647031223623], [9.144502500013914, 22827.565941513396], [9.1455443000159, 22827.239587440108], [9.147125600007712, 22817.570884837714], [9.600550500006648, 22209.99167105357], [12.589345100015635, 21621.209133384873], [15.567767500004265, 21621.209133384855], [36.07275190000655, 21621.209133384855], [58.92921610000485, 21615.82570138317]]",58.9997826,58.53125,0.9920587402300022,False,55.2,870.15234375,6,731.0,,0.36666666666666664,3.0,f87a27db44006f4d588c,,,,,,,,,,,,,0.1706345999991754
uniforme_m30_n150_r3.0_s2007,uniforme,3.0,30,150,adaptativa:gnn,21302.804878946547,True,0,0,60.0,59.0073234,0.0,20918.725063526726,20159.252121957128,gap,"[[0.45390590000897646, 28466.58344142801], [0.783440100014559, 26583.353125646845], [1.7644807000178844, 26520.805951235026], [4.775500600007945, 23145.133006852837], [5.704499800005578, 22178.682166982522], [11.949891800017213, 21597.249372235547], [15.374989899995853, 21597.24937223556], [21.83209889999125, 21333.15004785293], [26.140998000002583, 21333.15004785294], [32.219756899998174, 21316.729563542605], [34.36053710001579, 21316.729563542605], [41.32409710000502, 21302.80487894655]]",59.0073234,57.21875,0.9696889589809796,False,64.5,914.203125,4,65.0,False,1.0,4.0,f87a27db44006f4d588c,,,,,,,,,,,,,
uniforme_m30_n150_r3.0_s2007,uniforme,3.0,30,150,adaptativa:pl,20892.113627762352,True,-1,0,60.0,58.9904478,0.0,20918.725063526726,20159.252121957128,gap,"[[0.5711198000062723, 30410.036473526678], [1.2072014000004856, 26583.353125646845], [1.4394654000061564, 26498.753018969037], [2.334998900012579, 26475.910174482615], [5.497740100006922, 21853.366339300705], [5.903748600001563, 21220.152500416705], [14.898252700004377, 20961.33971875611], [15.08526150000398, 20961.33971875612], [18.96279950000462, 20899.55801908847], [18.965301999996882, 20892.11362776237], [26.121231199998874, 20892.11362776237], [34.513111799999024, 20892.11362776237]]",58.9904478,48.03125,0.8142208067795004,True,52.1,878.3515625,2,80.0,False,1.0,4.0,f87a27db44006f4d588c,,,,,,,,,,,,,
uniforme_m30_n150_r3.0_s2007,uniforme,3.0,30,150,completo,22173.379188544444,True,-1,0,60.0,56.9942285,0.0,20918.725063526726,20159.252121957128,gap,"[[0.5419965999899432, 54867.46643289852], [4.439775099992403, 26583.353125646838], [11.579594399998314, 22173.379188544444]]",56.9942285,56.625,0.9935216510562995,False,41.2,914.203125,4,27.0,False,1.0,1.0,f87a27db44006f4d588c,,,,,,,,,,,,,
uniforme_m30_n150_r3.0_s2007,uniforme,3.0,30,150,hibrido:rotacao,20658.081063145102,True,-1,0,60.0,60.007178,0.007178000000003237,20918.725063526726,20159.252121957128,gap,"[[0.5242028000066057, 28466.58344142801], [0.8462017000128981, 26583.353125646845], [1.8146891000069445, 26520.805951235026], [4.787718700012192, 23145.133006852837], [5.572641400009161, 22178.682166982522], [7.123607999979868, 22178.682166982522], [12.737649999980931, 21333.15004785293], [13.316038099990692, 21333.15004785294], [17.36243189999368, 21333.15004785294], [26.482744099994306, 21310.07940629837], [30.01208519998181, 21310.079406298362], [30.07612459998927, 21302.804878946547], [30.116006699987338, 21240.8337754014], [30.238641399992048, 21240.23605308636], [30.26731719999225, 21140.0093167678], [30.356926599983126, 21078.651323618218], [31.051176299981307, 21012.455548249418], [31.119961699994747, 20961.966268813638], [31.34961239999393, 20959.524502156557], [31.852457399989362, 20959.163207377987], [32.24458349998167, 20956.60487806383], [32.41418209999392, 20934.041232337782], [33.12861779998639, 20921.04869527179], [34.092161999986274, 20917.60060186406], [35.00371429999359, 20916.875374306932], [35.23753909999505, 20902.495795189647], [36.03903449999052, 20897.927362355236], [38.36820539999462, 20887.79259507985], [38.544583599985344, 20885.468663858905], [39.99887029998354, 20884.356799795714], [41.92886869999347, 20875.428294548234], [41.966216299988446, 20874.79454509954], [42.059876599989366, 20862.178557967458], [43.19480029998522, 20849.9215275795], [46.55651899999066, 20838.251107968325], [59.00106739999319, 20679.037234888463], [59.31588849998661, 20660.461140883846], [59.40699289998156, 20658.081063145102]]",60.007178,58.90625,0.9816533948655276,False,64.5,870.15234375,6,,,,,f87a27db44006f4d588c,30.011679899995215,21310.079406298362,135.0,135.0,5.0,"{""interior"": 34, ""fronteira"": 34, ""liberacao"": 34, ""regret"": 33, ""abertura"": 0}","{""interior"": 2, ""fronteira"": 11, ""liberacao"": 11, ""regret"": 3, ""abertura"": 0}",0.42013249988667667,29.51559260005888,0.0,15.0,0.0,
uniforme_m30_n150_r3.0_s2007,uniforme,3.0,30,150,hibrido:rotacao,21011.265895274235,True,-1,1,60.0,60.7669256,0.7669256000000004,20918.725063526726,20159.252121957128,gap,"[[0.6995336999971187, 28466.58344142801], [1.1308602999924915, 26583.353125646845], [2.607516999996733, 26520.805951235026], [6.275021299996297, 22122.542769629097], [6.905876399992849, 22122.54276962909], [12.941809999989346, 22122.54276962909], [17.38960889998998, 22122.54276962909], [29.760750200002803, 22122.542769629094], [29.99276130000362, 21996.120965820755], [30.038321100000758, 21923.606778429792], [30.082315399995423, 21856.649664401426], [30.126966700001503, 21676.111170793643], [30.440936800005147, 21636.17622393735], [30.552989000003436, 21542.55483067265], [30.982104499998968, 21538.648344784622], [31.83498430000327, 21471.66390963873], [31.892588999995496, 21437.044631400087], [32.0566775000043, 21365.257361753775], [32.125942400001804, 21338.2709500222], [32.13908459999948, 21300.682651491123], [32.601576800007024, 21232.23446917328], [32.738816800003406, 21202.03948811321], [32.98988680000184, 21111.720366023586], [33.16537309999694, 21048.050485343454], [35.72449619999679, 21045.24838228273], [36.02668569999514, 21041.023812390085], [37.06963529999484, 21035.15887354137], [37.47468270000536, 21032.24889535611], [40.154243199998746, 21011.265895274235]]",60.7669256,51.375,0.8454434627510594,True,75.1,878.3515625,2,,,,,f87a27db44006f4d588c,29.760315999999875,22122.542769629094,187.0,187.0,4.0,"{""interior"": 47, ""fronteira"": 47, ""liberacao"": 47, ""regret"": 46, ""abertura"": 0}","{""interior"": 3, ""fronteira"": 7, ""liberacao"": 8, ""regret"": 3, ""abertura"": 0}",0.5865419999609003,30.347502300006454,0.0,73.0,0.0,
uniforme_m30_n150_r3.0_s2007,uniforme,3.0,30,150,hibrido:rotacao,20839.401664808836,True,-1,2,60.0,59.9931178,0.0,20918.725063526726,20159.252121957128,gap,"[[0.5087219999986701, 28466.58344142801], [0.886718199995812, 26583.353125646845], [1.8749064000003273, 26520.805951235026], [2.6267111000051955, 26510.465971238766], [4.798017000008258, 22826.985404630246], [5.3426760000002105, 22191.87149050028], [7.324090899986913, 22191.87149050028], [12.599376399986795, 21333.15004785293], [13.14072439998563, 21333.15004785294], [17.259620199984056, 21333.15004785294], [26.96490479998465, 21280.993437864843], [29.993004699994344, 21280.993437864836], [30.07558119999885, 21226.28205558484], [30.98683280000114, 21184.163786787547], [31.26792139999452, 21183.269490164857], [31.29252319999796, 21072.42044228508], [31.994061699995655, 21046.722140310143], [32.01793149999867, 21009.133764653518], [32.05013360000157, 21004.710340657606], [32.08286969999608, 21001.233977558222], [33.05673260000185, 20991.097377502287], [33.13302079999994, 20943.0348454058], [34.05983430000197, 20937.5275544215], [35.09992569999304, 20933.02433514576], [35.23901289999776, 20926.208810425167], [37.01597519998904, 20858.933965438315], [38.98802269999578, 20857.439532294607], [45.03909120000026, 20852.394310159645], [45.42808620000142, 20852.077761472454], [45.51737829999183, 20841.885441200648], [56.282161399998586, 20839.585433709683], [58.12531899999885, 20839.401664808836]]",59.9931178,59.8125,0.9969893580026608,False,40.4,870.15234375,6,,,,,f87a27db44006f4d588c,29.99261509999633,21280.993437864836,107.0,107.0,6.0,"{""interior"": 27, ""fronteira"": 27, ""liberacao"": 27, ""regret"": 26, ""abertura"": 0}","{""interior"": 2, ""fronteira"": 6, ""liberacao"": 8, ""regret"": 4, ""abertura"": 0}",0.32670529997267295,29.619983899930958,0.0,8.0,0.0,
uniforme_m30_n150_r3.0_s2007,uniforme,3.0,30,150,hibridopl:rotacao,20918.547547404894,True,-1,0,60.0,59.9911886,0.0,20918.725063526726,20159.252121957128,gap,"[[0.5270358999987366, 30410.036473526678], [1.124315499997465, 26583.353125646845], [1.3196789999929024, 26498.753018969037], [2.0720172000001185, 26475.910174482615], [5.2431653999956325, 21853.366339300705], [5.628809399990132, 21220.152500416705], [7.086605299991788, 21220.152500416705], [13.12630080000963, 21220.152500416705], [17.22317879999173, 21220.152500416705], [30.000393499984057, 21220.15250041671], [30.060560899990378, 21056.78147827248], [30.07930739999574, 21056.113064037367], [31.01782659998571, 21041.545602631653], [31.091874199992162, 21027.195821746864], [31.40253569999186, 20962.53301334159], [31.936585899995407, 20959.4264388432], [34.5334532999841, 20925.031040715905], [45.54264789998706, 20923.384317764467], [46.213437399987015, 20918.547547404894]]",59.9911886,59.625,0.9938959602477354,False,51.9,870.15234375,6,,,,,f87a27db44006f4d588c,29.999897399990004,21220.15250041671,223.0,223.0,8.0,"{""interior"": 56, ""fronteira"": 56, ""liberacao"": 56, ""regret"": 55, ""abertura"": 0}","{""interior"": 1, ""fronteira"": 3, ""liberacao"": 4, ""regret"": 1, ""abertura"": 0}",0.6622663999150973,29.244642600038787,0.0,104.0,0.0,
uniforme_m30_n150_r3.0_s2007,uniforme,3.0,30,150,hibridopl:rotacao,20842.604963148686,True,-1,1,60.0,59.9620251,0.0,20918.725063526726,20159.252121957128,gap,"[[0.5947411999950418, 30410.036473526678], [1.2018467000016244, 26583.353125646845], [1.393255399991176, 26498.753018969037], [2.1838771999900928, 26475.910174482615], [5.529337499989197, 21853.366339300705], [6.300773499999195, 21467.232211084814], [6.3366059999971185, 21336.752328501767], [6.339214199993876, 21334.469500367857], [7.091810700003407, 21334.469500367857], [13.1811558999907, 21334.469500367857], [17.34890599998471, 21334.469500367857], [25.914384699979564, 21224.77684148256], [25.935521499981405, 21215.163385223655], [25.93860229998245, 21212.880557089746], [30.001826699997764, 21212.880557089753], [31.03880599999684, 21101.21861063787], [31.522936599998502, 20957.773899225987], [33.9954313999915, 20902.02805973125], [34.42013049998786, 20901.8118936937], [35.740902599995025, 20900.947177750488], [41.35757809999632, 20899.949526084114], [41.37804939999478, 20891.158581989053], [46.31393429999298, 20872.407187576053], [47.01692719999119, 20868.80700850916], [47.180272799989325, 20843.413114828432], [51.959148499998264, 20842.604963148686]]",59.9620251,47.734375,0.7960767655927619,True,64.0,878.3515625,2,,,,,f87a27db44006f4d588c,30.0014009999868,21212.880557089753,165.0,165.0,6.0,"{""interior"": 42, ""fronteira"": 41, ""liberacao"": 41, ""regret"": 41, ""abertura"": 0}","{""interior"": 0, ""fronteira"": 2, ""liberacao"": 6, ""regret"": 3, ""abertura"": 0}",0.4801000000879867,29.40723989997059,0.0,34.0,0.0,
uniforme_m30_n150_r3.0_s2007,uniforme,3.0,30,150,hibridopl:rotacao,20837.83713208203,True,-1,2,60.0,59.9949905,0.0,20918.725063526726,20159.252121957128,gap,"[[0.4574531999969622, 30410.036473526678], [1.0365514000004623, 26583.353125646845], [1.2683782000094652, 26498.753018969037], [2.048554300010437, 26475.910174482615], [5.174719700007699, 21853.366339300705], [7.456484700000146, 21853.366339300705], [11.402425799999037, 21632.886735521686], [11.403344499995, 21470.67388899154], [11.404364899994107, 21455.930438947144], [13.13546759999008, 21455.930438947144], [17.238225000008242, 21455.930438947144], [25.36006640001142, 21386.536700755776], [30.001930600003107, 21386.53670075578], [30.054183300002478, 21370.879806249068], [31.031532600012724, 21253.44488683196], [31.147627800004557, 21228.381446832274], [31.499158400009037, 21209.78827483317], [32.99606200000562, 21208.893790191778], [33.048454200004926, 21207.652552631807], [33.28389660001267, 21206.49933309883], [33.315738600009354, 21083.49019076056], [33.375631800008705, 21008.219289155895], [33.512976100013475, 21006.01205867449], [33.550140400009695, 20995.84046335354], [34.03618150000693, 20989.125461210868], [34.67425770001137, 20988.237908230505], [36.050118900006055, 20984.47030942141], [37.862021500011906, 20960.261551835774], [37.91963490001217, 20947.621228633114], [37.945272800003295, 20942.20198328751], [39.44885480000812, 20925.39046832625], [40.75200660001428, 20903.89512172151], [40.77526730000682, 20902.383686697176], [43.0006282000104, 20885.043855404212], [43.04585050001333, 20881.937280905822], [43.89399670000421, 20876.93525888789], [46.97907290000876, 20872.49470747045], [47.04097410000395, 20867.46792082159], [48.09734560000652, 20865.188027909036], [48.32186440001533, 20851.010211679564], [49.36605280000367, 20844.609639940376], [49.459930400014855, 20842.6227516187], [53.72569640001166, 20841.609269264354], [56.897529100009706, 20837.83713208203]]",59.9949905,58.703125,0.9784671105165023,False,52.1,914.203125,4,,,,,f87a27db44006f4d588c,30.00166610001179,21386.53670075578,138.0,138.0,8.0,"{""interior"": 35, ""fronteira"": 35, ""liberacao"": 34, ""regret"": 34, ""abertura"": 0}","{""interior"": 5, ""fronteira"": 5, ""liberacao"": 14, ""regret"": 7, ""abertura"": 0}",0.40591470010986086,29.53114870005811,0.0,7.0,0.0,
uniforme_m30_n150_r3.0_s2007,uniforme,3.0,30,150,kernel,21220.15250041671,True,-1,0,60.0,58.7462897,0.0,20918.725063526726,20159.252121957128,gap,"[[0.6953652000083821, 30410.036473526678], [1.377593800003524, 26583.353125646845], [1.6795649000123376, 26498.753018969037], [2.8073321000119904, 26475.910174482615], [6.470563700015191, 21853.366339300705], [6.945839300009538, 21220.152500416705], [14.997487300002831, 21220.152500416705], [36.88178149999294, 21220.152500416705]]",58.7462897,56.25,0.9575072789660791,False,75.6,914.203125,4,75.0,,0.4,3.0,f87a27db44006f4d588c,,,,,,,,,,,,,0.3868832000007387
