instancia,familia,razao,m,n,metodo,objetivo,valida,seed_treino,seed_solver,orcamento,t_total,estouro_s,rotulo_melhor,rotulo_bound,rotulo_qualidade,trajetoria,t_parede_s,t_cpu_s,razao_cpu,contencao_suspeita,carga_sistema_pct,pico_mem_mb,nucleo,nos,certificado,fracao_final,estagios,run_id,iteracoes,subproblemas,t_pl,t_inicial,t_selecao,t_sub,tentados,aceitos,t_inferencia,t_adaptativa,obj_adaptativa,nos_scip_adaptativa
clusters_m30_n150_r1.5_s1000,clusters,1.5,30,150,adaptativa:gnn,26366.605188897534,True,0,0,60.0,59.2500912,0.0,27277.85521775824,26022.480292234733,gap,"[[0.25182659999700263, 32282.23154775915], [1.2662812999988091, 28005.470805110446], [9.558649199992942, 27078.708410447813], [14.363121700000193, 27078.70841044781], [15.600472999998601, 26632.941061306854], [25.593365900000208, 26632.941061306854], [28.111026200000197, 26584.39556207665], [33.3692272999906, 26584.39556207665], [37.44497419999243, 26366.605188897527]]",59.2500912,59.1875,0.9989436100648568,False,49.2,600.66015625,6,278.0,False,1.0,4.0,eaa3f86d9312c0970ce9,,,,,,,,,,,,
clusters_m30_n150_r1.5_s1000,clusters,1.5,30,150,clns:alns,27268.30883372052,True,-1,0,60.0,60.0011765,0.0011764999999996917,27277.85521775824,26022.480292234733,gap,"[[0.05215860000316752, 29539.523500400195], [0.08444060000329046, 27949.873099251447], [1.0032275000048685, 27934.749937928045], [2.019239600005676, 27874.83542142643], [2.927801300000283, 27826.314029906054], [2.974048500000208, 27825.415555403037], [3.391465500004415, 27768.37251790782], [3.563472500005446, 27738.16013494248], [3.5766339000037988, 27732.4488171629], [4.432127100000798, 27440.741806962473], [4.87079950000043, 27361.7185235353], [4.908061200003431, 27357.71084508673], [5.100259800005006, 27355.261315886157], [5.142737100002705, 27349.291162858543], [6.000370100002328, 27348.895843272876], [6.999277100003383, 27344.98124390943], [7.120360400003847, 27332.667571846418], [7.499378500004241, 27301.989472341873], [16.65626990000601, 27292.104989765976], [16.752446000005875, 27284.874563956437], [17.000306900001306, 27272.38477497406], [17.958445700001903, 27268.30883372052]]",60.0011765,59.890625,0.998157511128136,False,53.8,540.68359375,2,,,,,eaa3f86d9312c0970ce9,325.0,325.0,0.05096600000251783,0.0011919999960809946,0.31627090006077196,59.561439700002666,"{""interior"": 60, ""fronteira"": 83, ""liberacao"": 101, ""regret"": 81, ""abertura"": 0}","{""interior"": 2, ""fronteira"": 5, ""liberacao"": 8, ""regret"": 6, ""abertura"": 0}",0.0,,,
clusters_m30_n150_r1.5_s1000,clusters,1.5,30,150,clns:alns,27701.636655573686,True,-1,1,60.0,60.3281916,0.3281915999999967,27277.85521775824,26022.480292234733,gap,"[[0.07342000000062399, 29539.523500400195], [0.7897162000008393, 28795.75000468522], [1.7922230999975, 28739.701675152006], [1.8253358000001754, 28735.8468908309], [1.9345325000031153, 28639.16848607768], [2.125320400002238, 27909.17580017118], [3.803403799996886, 27898.541418919678], [4.789967999997316, 27752.431915598947], [5.969020099997579, 27751.841640166793], [6.307662100000016, 27733.586798275166], [6.322070499998517, 27724.039938827987], [6.330548300000373, 27723.023660236773], [6.617360000003828, 27718.8306349556], [7.3581322000027285, 27716.199251314934], [7.418662199997925, 27713.213676054118], [7.823127199997543, 27712.798194467643], [8.152137899996887, 27708.62519259301], [10.799233099998673, 27704.99919705638], [11.159074900002452, 27704.670456915424], [21.038015799997083, 27701.636655573686]]",60.3281916,60.28125,0.9992218961192929,False,54.9,410.7109375,6,,,,,eaa3f86d9312c0970ce9,421.0,421.0,0.07118440000340343,0.002234100000350736,0.4225336999516003,59.44545969994215,"{""interior"": 107, ""fronteira"": 105, ""liberacao"": 97, ""regret"": 112, ""abertura"": 0}","{""interior"": 4, ""fronteira"": 2, ""liberacao"": 7, ""regret"": 6, ""abertura"": 0}",0.0,,,
clusters_m30_n150_r1.5_s1000,clusters,1.5,30,150,clns:alns,27023.44702601031,True,-1,2,60.0,60.4745565,0.4745564999999985,27277.85521775824,26022.480292234733,gap,"[[0.05598929999541724, 29539.523500400195], [0.08314949999476084, 29498.07090114203], [0.14934659999562427, 29488.42034279673], [0.39921079999476206, 29216.63452567802], [0.5150883999958751, 29191.39543551966], [0.7130944999953499, 29159.598566373425], [0.7881482000011601, 28634.683394537], [1.7303785999974934, 27551.071174167344], [1.7987824999945587, 27550.91980005799], [1.8681291999964742, 27539.13148803905], [2.6681648999947356, 27535.83494296869], [2.9294403999956558, 27534.800544495865], [3.751412999998138, 27532.259447628134], [3.790131499998097, 27514.115544168217], [4.714165699995647, 27502.53690522802], [5.809642199994414, 27025.391757338344], [6.018142299995816, 27023.44702601031]]",60.4745565,60.390625,0.998612118800739,False,50.0,510.3359375,2,,,,,eaa3f86d9312c0970ce9,524.0,524.0,0.054684299997461494,0.0013022999992244877,0.48607960007939255,59.82527510000364,"{""interior"": 112, ""fronteira"": 137, ""liberacao"": 146, ""regret"": 129, ""abertura"": 0}","{""interior"": 3, ""fronteira"": 5, ""liberacao"": 5, ""regret"": 3, ""abertura"": 0}",0.0,,,
clusters_m30_n150_r1.5_s1000,clusters,1.5,30,150,clns:aprendido,27416.134462213908,True,-1,0,60.0,59.9753261,0.0,27277.85521775824,26022.480292234733,gap,"[[0.05475350000051549, 29539.523500400195], [0.13701460000447696, 28344.86820136004], [0.16706970000086585, 27556.182515262306], [0.8185693000050378, 27514.83343954], [0.8549964000048931, 27504.171037428834], [0.9383124000014504, 27501.725006924178], [2.9976622000031057, 27464.859464215162], [3.733566200004134, 27464.232940457114], [3.9899990000049, 27457.26695677912], [4.145536700001685, 27457.115582669765], [9.878461799999059, 27454.655552499225], [9.978790100001788, 27453.59798401018], [10.982478300000366, 27450.03502860493], [11.608812200000102, 27433.19913222185], [13.98341580000124, 27431.970142275735], [18.221556900003634, 27426.91135997379], [26.969463500005077, 27423.16899533855], [55.48809130000154, 27421.879904074067], [59.57876000000397, 27416.134462213908]]",59.9753261,59.84375,0.997806162824682,False,55.8,502.61328125,4,,,,,eaa3f86d9312c0970ce9,351.0,351.0,0.05348339999909513,0.001269300002604723,1.818784000010055,58.024140099929355,"{""interior"": 41, ""fronteira"": 8, ""liberacao"": 288, ""regret"": 14, ""abertura"": 0}","{""interior"": 6, ""fronteira"": 4, ""liberacao"": 6, ""regret"": 2, ""abertura"": 0}",1.508974100011983,,,
clusters_m30_n150_r1.5_s1000,clusters,1.5,30,150,clns:aprendido,27303.22933303858,True,-1,1,60.0,59.9966412,0.0,27277.85521775824,26022.480292234733,gap,"[[0.050568099999509286, 29539.523500400195], [0.09170470000390196, 28548.858661751423], [0.13136300000041956, 27367.96133091423], [0.1696964000002481, 27357.298928803066], [0.3158320000002277, 27357.009261922663], [1.2184067000052892, 27346.414687719498], [1.267107700004999, 27339.83333262208], [1.2831463000038639, 27336.758470891902], [1.3350384000004851, 27332.116811324227], [1.3801243000052636, 27315.366226699407], [1.5383109000031254, 27313.314294783413], [4.20489830000588, 27312.75724384125], [4.218696100004308, 27312.605869731895], [10.870915700004844, 27308.44268963572], [11.368707900001027, 27305.202215063226], [42.99970839999878, 27303.22933303858]]",59.9966412,59.78125,0.9964099456954267,False,55.2,540.68359375,2,,,,,eaa3f86d9312c0970ce9,819.0,819.0,0.04946520000521559,0.0011020000019925646,4.435299899851088,55.33256150002853,"{""interior"": 20, ""fronteira"": 84, ""liberacao"": 712, ""regret"": 3, ""abertura"": 0}","{""interior"": 5, ""fronteira"": 1, ""liberacao"": 8, ""regret"": 1, ""abertura"": 0}",3.7009071000356926,,,
clusters_m30_n150_r1.5_s1000,clusters,1.5,30,150,clns:aprendido,27284.563041391826,True,-1,2,60.0,59.9582716,0.0,27277.85521775824,26022.480292234733,gap,"[[0.05559650000213878, 29539.523500400195], [0.09752619999926537, 28548.858661751423], [0.13868430000002263, 27367.96133091423], [0.17470999999932246, 27357.298928803066], [0.3220212000014726, 27357.009261922663], [7.5621442000046954, 27354.95254771929], [9.62872900000366, 27348.37597490925], [11.988523799998802, 27345.31795766472], [12.032260500003758, 27342.243095934544], [12.251978500004043, 27322.908802847505], [12.429364000003261, 27322.351751905346], [12.533259700001508, 27310.593597819094], [13.110528600001999, 27293.249047230038], [13.297550100003718, 27292.63540475167], [21.84390590000112, 27284.563041391826]]",59.9582716,59.859375,0.9983505762030672,False,53.7,519.93359375,4,,,,,eaa3f86d9312c0970ce9,2306.0,2306.0,0.054480400001921225,0.0011149999991175719,11.74906169984024,47.744115000190504,"{""interior"": 2173, ""fronteira"": 15, ""liberacao"": 102, ""regret"": 16, ""abertura"": 0}","{""interior"": 2, ""fronteira"": 2, ""liberacao"": 8, ""regret"": 2, ""abertura"": 0}",9.74808110028971,,,
clusters_m30_n150_r1.5_s1000,clusters,1.5,30,150,clns:gnn,27397.49834476253,True,-1,0,60.0,59.9792203,0.0,27277.85521775824,26022.480292234733,gap,"[[0.050870699997176416, 29539.523500400195], [0.09031479999976, 28548.858661751423], [0.14700109999830602, 28097.86935227761], [0.23470919999817852, 28097.814113423978], [0.9885710000016843, 28090.618171591796], [2.003267699998105, 28033.106531411748], [2.304483899999468, 27536.19714111779], [3.269767199999478, 27528.000903888562], [4.267687300001853, 27506.201156972915], [4.98722540000017, 27492.413833629635], [5.012161899998318, 27492.26245952028], [5.340262600002461, 27485.842331395517], [6.052381100002094, 27482.82452465065], [6.964383699996688, 27480.038535516687], [7.761680099996738, 27473.893952905655], [10.726697500002047, 27467.299751211696], [13.019948299996031, 27461.84850670304], [15.988117299995793, 27453.14464796534], [17.079428299999563, 27452.84436042079], [17.37913000000117, 27452.131891026376], [18.06860559999768, 27449.114084281508], [20.37019280000095, 27446.090981375848], [22.48715749999974, 27422.18667207914], [22.90300980000029, 27417.971379635655], [24.74208820000058, 27408.565687043218], [29.597109700000146, 27402.828526451452], [30.99117919999844, 27402.623963193466], [32.917096699995454, 27398.38050823627], [33.19428689999768, 27397.49834476253]]",59.9792203,59.6875,0.9951363105665446,False,57.6,540.68359375,2,,,,,eaa3f86d9312c0970ce9,457.0,457.0,0.04974789999687346,0.0011222000030102208,2.250311000047077,57.56711749994429,"{""interior"": 140, ""fronteira"": 90, ""liberacao"": 110, ""regret"": 55, ""abertura"": 62}","{""interior"": 2, ""fronteira"": 6, ""liberacao"": 13, ""regret"": 3, ""abertura"": 4}",0.0,,,
clusters_m30_n150_r1.5_s1000,clusters,1.5,30,150,clns:gnn,26816.88474260595,True,-1,1,60.0,59.987852,0.0,27277.85521775824,26022.480292234733,gap,"[[0.05411699999967823, 29539.523500400195], [0.3104980999996769, 28548.858661751423], [0.3618910000004689, 28530.161951100446], [0.6025480000025709, 28523.58059600303], [0.6431828999993741, 28520.505734272854], [0.9573601000010967, 28046.238093184693], [1.125051099996199, 26833.562503779845], [1.3671099999992293, 26828.357233868548], [3.4062613999994937, 26825.052095692405], [7.0016095999963, 26824.90072158305], [18.955802500000573, 26817.562286670316], [24.888096499998937, 26816.88474260595]]",59.987852,59.875,0.9981187524434114,False,52.5,429.66796875,4,,,,,eaa3f86d9312c0970ce9,277.0,277.0,0.05282609999994747,0.0012892000013380311,1.2694505999970715,58.37368700011575,"{""interior"": 84, ""fronteira"": 68, ""liberacao"": 56, ""regret"": 28, ""abertura"": 41}","{""interior"": 3, ""fronteira"": 3, ""liberacao"": 5, ""regret"": 0, ""abertura"": 0}",0.0,,,
clusters_m30_n150_r1.5_s1000,clusters,1.5,30,150,clns:gnn,27284.224763533017,True,-1,2,60.0,59.9954981,0.0,27277.85521775824,26022.480292234733,gap,"[[0.06726109999726759, 29539.523500400195], [0.10653269999602344, 28548.858661751423], [0.1493110000010347, 28533.402425672943], [0.4085946999985026, 28526.821070575526], [0.7255260000019916, 28521.158246612886], [1.0880615999994916, 27308.48265720804], [1.5587053999988711, 27303.27738729674], [3.287538999997196, 27303.126013187386], [5.052512599999318, 27301.07408127139], [7.362755800000741, 27300.38872329076], [7.42637939999986, 27299.10099672052], [7.7887000999980955, 27287.52990170916], [10.253803799998423, 27284.224763533017]]",59.9954981,59.796875,0.996689366597658,False,49.1,540.68359375,2,,,,,eaa3f86d9312c0970ce9,371.0,371.0,0.06590480000159005,0.0013548999995691702,1.6329452999925707,58.203548699959356,"{""interior"": 119, ""fronteira"": 83, ""liberacao"": 82, ""regret"": 41, ""abertura"": 46}","{""interior"": 3, ""fronteira"": 3, ""liberacao"": 3, ""regret"": 0, ""abertura"": 3}",0.0,,,
clusters_m30_n150_r1.5_s1000,clusters,1.5,30,150,clns:rotacao,27952.079907735715,True,-1,0,60.0,60.243789,0.2437889999999996,27277.85521775824,26022.480292234733,gap,"[[0.05652389999886509, 29539.523500400195], [0.08050969999749213, 29498.07090114203], [0.13923929999873508, 29436.159305205616], [0.22026390000246465, 29410.92021504726], [0.3601401999985683, 29085.20629687708], [1.300183899998956, 29074.543894765917], [1.3880653000014718, 29053.54630774635], [2.239432599999418, 29046.76586693433], [2.2728760999962105, 28679.98851961907], [2.55845550000231, 28677.21444301623], [2.568995499997982, 28677.06306890687], [3.190000999995391, 28128.169333498423], [5.238984999996319, 28113.327674418277], [6.171607199998107, 28055.218886782663], [6.457134199998109, 28018.331957577302], [8.942712899995968, 27979.05891112629], [9.307785299999523, 27973.9830820498], [9.735844499999075, 27967.772374757227], [14.245284799995716, 27964.423419634626], [14.697438600000169, 27959.47790618393], [14.71104209999612, 27956.27988289737], [16.10414799999853, 27956.205877431505], [17.355711899996095, 27955.969442900194], [17.45620439999766, 27954.803317933918], [21.575390599995444, 27952.079907735715]]",60.243789,60.109375,0.9977688322359671,False,52.5,510.3359375,2,,,,,eaa3f86d9312c0970ce9,454.0,454.0,0.05545239999628393,0.0010706999964895658,0.4169104001048254,59.674030499954824,"{""interior"": 114, ""fronteira"": 114, ""liberacao"": 113, ""regret"": 113, ""abertura"": 0}","{""interior"": 5, ""fronteira"": 9, ""liberacao"": 7, ""regret"": 3, ""abertura"": 0}",0.0,,,
clusters_m30_n150_r1.5_s1000,clusters,1.5,30,150,clns:rotacao,27311.27218690569,True,-1,1,60.0,60.0218773,0.021877299999999877,27277.85521775824,26022.480292234733,gap,"[[0.0629419000033522, 29539.523500400195], [0.09002850000251783, 29498.07090114203], [1.0236976000014693, 28279.782794776063], [1.2299035000032745, 28276.884903649738], [1.2447385999985272, 28225.986508851587], [2.2451975000003586, 28222.488000275058], [2.823888300001272, 27917.860234120664], [3.1015841999978875, 27902.716334142613], [3.1648696000047494, 27870.319657986653], [4.018603800002893, 27834.392663380306], [4.0401528000002145, 27831.54083279281], [7.028269499998714, 27326.12944670153], [9.585201200003212, 27321.015082791127], [9.822552999998152, 27320.317447599282], [12.021859300002689, 27316.266290434658], [12.10334700000385, 27312.32089787799], [14.76596260000224, 27311.27218690569]]",60.0218773,59.9375,0.9985942242429662,False,49.2,519.93359375,4,,,,,eaa3f86d9312c0970ce9,298.0,298.0,0.06158280000090599,0.0013583999971160665,0.2620322999791824,59.62975740013644,"{""interior"": 75, ""fronteira"": 75, ""liberacao"": 74, ""regret"": 74, ""abertura"": 0}","{""interior"": 2, ""fronteira"": 6, ""liberacao"": 4, ""regret"": 4, ""abertura"": 0}",0.0,,,
clusters_m30_n150_r1.5_s1000,clusters,1.5,30,150,clns:rotacao,27656.803084731226,True,-1,2,60.0,60.1338837,0.13388369999999838,27277.85521775824,26022.480292234733,gap,"[[0.053505700001551304, 29539.523500400195], [0.08888440000009723, 29459.2696137429], [0.5248016999976244, 28240.981507376935], [0.5687765999973635, 28239.010935139493], [0.5830208999977913, 28234.2389520257], [0.9416390999977011, 28233.62530954733], [1.3630657000030624, 27884.00697346094], [1.5208982999974978, 27773.000516140364], [2.171856300003128, 27711.329602501544], [2.520160699998087, 27700.32993690432], [2.5461873000022024, 27696.21049451869], [3.5262486999999965, 27691.92005097793], [5.254252700004145, 27682.232989167736], [7.710187299999234, 27680.440342920927], [8.138358600001084, 27667.807482701908], [8.595076899997366, 27667.692702761095], [13.523033600002236, 27656.803084731226]]",60.1338837,60.09375,0.9993325942458627,False,58.2,548.77734375,6,,,,,eaa3f86d9312c0970ce9,223.0,223.0,0.05240130000311183,0.0011035999996238388,0.2157017999634263,59.80893709999509,"{""interior"": 56, ""fronteira"": 56, ""liberacao"": 56, ""regret"": 55, ""abertura"": 0}","{""interior"": 3, ""fronteira"": 5, ""liberacao"": 4, ""regret"": 4, ""abertura"": 0}",0.0,,,
clusters_m30_n150_r1.5_s1000,clusters,1.5,30,150,completo,26968.697636945806,True,-1,0,60.0,57.0306113,0.0,27277.85521775824,26022.480292234733,gap,"[[0.30742439999448834, 36940.34159249648], [1.5085300999999163, 30290.81396525601], [1.7595024999973248, 29690.23014056254], [1.9689106000005268, 29223.01167532484], [5.4762910999997985, 27380.869182230777], [47.65361569999368, 26968.697636945803]]",57.0306113,56.796875,0.9959015641833038,False,57.9,502.61328125,4,273.0,False,1.0,1.0,eaa3f86d9312c0970ce9,,,,,,,,,,,,
clusters_m30_n150_r1.5_s1000,clusters,1.5,30,150,hibrido:aprendido,26353.59449655441,True,-1,0,60.0,59.951765,0.0,27277.85521775824,26022.480292234733,gap,"[[0.24946349999663653, 32282.23154775915], [1.3990793999982998, 28005.470805110446], [8.049749600002542, 28005.470805110435], [14.290073299998767, 28005.470805110435], [17.900057099999685, 26597.46057049745], [18.115593999995326, 26597.46057049745], [22.07420809999894, 26366.605188897527], [29.98246669999935, 26366.605188897534], [30.08857749999879, 26361.10818818049], [30.17795859999751, 26360.62145101878], [30.190539599992917, 26356.879086383542], [30.623140899995633, 26356.12433009589], [44.01767539999855, 26353.59449655441]]",59.951765,59.84375,0.9981983015846155,False,52.6,502.61328125,4,,,,,eaa3f86d9312c0970ce9,1503.0,1503.0,,,7.136761300069338,22.579692200015415,"{""interior"": 1439, ""fronteira"": 23, ""liberacao"": 32, ""regret"": 9, ""abertura"": 0}","{""interior"": 3, ""fronteira"": 1, ""liberacao"": 1, ""regret"": 0, ""abertura"": 0}",5.965493100084132,29.982263099998818,26366.605188897534,102.0
clusters_m30_n150_r1.5_s1000,clusters,1.5,30,150,hibrido:aprendido,26337.566770648555,True,-1,1,60.0,59.9741606,0.0,27277.85521775824,26022.480292234733,gap,"[[0.24852540000574663, 32282.23154775915], [1.2662523000035435, 28425.541313886286], [5.696826500003226, 27393.104460589944], [8.05828499999916, 27393.10446058993], [14.06725120000192, 27393.10446058993], [16.83041080000112, 26604.106342917385], [18.379920200000925, 26604.106342917385], [22.587222599999222, 26370.607100909114], [29.999103299996932, 26370.607100909103], [30.18111179999687, 26363.64111723111], [30.76666529999784, 26359.900560558406], [31.710098999996262, 26359.652986982896], [39.04012359999615, 26358.618588510075], [59.58211999999912, 26337.566770648555]]",59.9741606,59.96875,0.9999097844814189,False,53.8,669.68359375,6,,,,,eaa3f86d9312c0970ce9,754.0,754.0,,,4.0533858001363114,25.774547900029575,"{""interior"": 726, ""fronteira"": 8, ""liberacao"": 16, ""regret"": 4, ""abertura"": 0}","{""interior"": 1, ""fronteira"": 1, ""liberacao"": 2, ""regret"": 1, ""abertura"": 0}",3.399696899956325,29.9989029999997,26370.607100909103,111.0
clusters_m30_n150_r1.5_s1000,clusters,1.5,30,150,hibrido:aprendido,26349.565516745068,True,-1,2,60.0,59.95122,0.0,27277.85521775824,26022.480292234733,gap,"[[0.2742170999990776, 32282.23154775915], [7.748692100009066, 32282.231547759147], [13.6189319000041, 32282.231547759147], [13.761766200004786, 29332.808838974088], [14.574346000008518, 28663.291703478724], [16.81829010000365, 28619.929979226774], [17.415111500005878, 26600.036058972215], [17.608595700003207, 26600.036058972215], [21.552089700002398, 26374.00105925324], [29.480313699998078, 26374.001059253238], [29.560702200004016, 26370.951407235687], [29.62253090000013, 26370.26547273441], [29.73628540000209, 26353.17037629407], [30.950976300002367, 26351.454024539817], [35.48789370000304, 26349.565516745068]]",59.95122,59.890625,0.9989892616030166,False,52.7,548.77734375,6,,,,,eaa3f86d9312c0970ce9,473.0,473.0,,,2.1872793000147794,28.18066969989013,"{""interior"": 37, ""fronteira"": 7, ""liberacao"": 420, ""regret"": 9, ""abertura"": 0}","{""interior"": 3, ""fronteira"": 0, ""liberacao"": 2, ""regret"": 0, ""abertura"": 0}",1.8261847000321723,29.48011899999983,26374.001059253238,95.0
clusters_m30_n150_r1.5_s1000,clusters,1.5,30,150,hibrido:gnn,26343.10646042052,True,-1,0,60.0,60.0370646,0.03706460000000078,27277.85521775824,26022.480292234733,gap,"[[0.2728872000006959, 32282.23154775915], [1.3197816999963834, 28005.470805110446], [8.275255499997002, 28005.470805110435], [14.120515000002342, 28005.470805110435], [17.303496300002735, 26597.46057049745], [18.160288999999466, 26597.46057049745], [22.63242639999953, 26366.605188897527], [30.039606899998034, 26366.605188897534], [30.095328499999596, 26361.10818818049], [30.798079000000143, 26356.27470271739], [32.510526400001254, 26354.786901627598], [32.60551449999912, 26352.17370507801], [33.52470000000176, 26346.12303112371], [35.41447160000098, 26343.59319758223], [40.05181409999932, 26343.10646042052]]",60.0370646,59.859375,0.9970403349800017,False,57.8,551.58984375,4,,,,,eaa3f86d9312c0970ce9,331.0,331.0,,,1.5987456999719143,28.322850199998356,"{""interior"": 109, ""fronteira"": 77, ""liberacao"": 47, ""regret"": 50, ""abertura"": 48}","{""interior"": 2, ""fronteira"": 3, ""liberacao"": 0, ""regret"": 0, ""abertura"": 2}",0.0,30.039393300001393,26366.605188897534,107.0
clusters_m30_n150_r1.5_s1000,clusters,1.5,30,150,hibrido:gnn,26335.513196906584,True,-1,1,60.0,59.9928419,0.0,27277.85521775824,26022.480292234733,gap,"[[0.2411532000041916, 32282.23154775915], [1.1871526000031736, 28425.541313886286], [5.744238300001598, 27393.104460589944], [7.542499200004386, 27393.10446058993], [13.726429300004384, 27393.10446058993], [16.490693000007013, 26604.106342917385], [17.58340250000765, 26604.106342917385], [21.748832900004345, 26370.607100909114], [29.4719064000019, 26370.607100909103], [29.667010899996967, 26363.64111723111], [29.959198199998355, 26363.60970266007], [30.435544100000698, 26349.317821580044], [32.069159599996055, 26346.61918550683], [32.132063899996865, 26346.512638137225], [32.285658100001456, 26342.968169303327], [32.74265349999769, 26342.294503749552], [34.00626989999728, 26342.026423962685], [35.63643500000035, 26341.326335618698], [42.48465359999682, 26339.255185539416], [45.47057169999607, 26335.513196906584]]",59.9928419,59.9375,0.9990775249471887,False,52.4,548.77734375,6,,,,,eaa3f86d9312c0970ce9,253.0,253.0,,,1.102933599948301,29.36210889997892,"{""interior"": 77, ""fronteira"": 68, ""liberacao"": 26, ""regret"": 44, ""abertura"": 38}","{""interior"": 1, ""fronteira"": 3, ""liberacao"": 3, ""regret"": 0, ""abertura"": 4}",0.0,29.471722499998577,26370.607100909103,107.0
clusters_m30_n150_r1.5_s1000,clusters,1.5,30,150,hibrido:gnn,26333.37207228166,True,-1,2,60.0,59.9907777,0.0,27277.85521775824,26022.480292234733,gap,"[[0.26157030000467785, 32282.23154775915], [7.526129600009881, 32282.231547759147], [13.529248800005007, 32282.231547759147], [13.629132500005653, 29332.808838974088], [14.434115700008988, 28663.291703478724], [16.152416200005973, 28619.929979226774], [16.63984000000346, 26600.036058972215], [17.74899330000335, 26600.036058972215], [21.66416260000551, 26374.00105925324], [29.46476989999792, 26374.001059253238], [29.754697500000475, 26368.472865906413], [30.192671299999347, 26366.75651415216], [30.677397699997528, 26363.70686213461], [30.88293419999536, 26361.977805643648], [31.01708890000009, 26361.82643153429], [31.31916729999648, 26359.374098456232], [31.853098499996122, 26357.581452209422], [31.864799399998446, 26355.417763824295], [31.97569339999609, 26354.21908069886], [32.49481789999845, 26352.6128694485], [32.539551399997436, 26349.305518554378], [33.955744899998535, 26347.417010759633], [36.468889099996886, 26340.479771144957], [36.92140859999927, 26338.244178572568], [37.61849559999973, 26333.37207228166]]",59.9907777,59.984375,0.9998932719286951,False,50.1,537.828125,6,,,,,eaa3f86d9312c0970ce9,316.0,316.0,,,1.3105813000220223,29.138920099983807,"{""interior"": 116, ""fronteira"": 70, ""liberacao"": 40, ""regret"": 45, ""abertura"": 45}","{""interior"": 4, ""fronteira"": 5, ""liberacao"": 2, ""regret"": 1, ""abertura"": 3}",0.0,29.46446709999873,26374.001059253238,106.0
clusters_m30_n150_r1.5_s1000,clusters,1.5,30,150,hibrido:rotacao,26353.59449655441,True,-1,0,60.0,60.1378094,0.13780940000000186,27277.85521775824,26022.480292234733,gap,"[[0.2536873999997624, 32282.23154775915], [1.2611541000005673, 28005.470805110446], [7.535791900001641, 28005.470805110435], [13.475597500000731, 28005.470805110435], [16.530127700003504, 26597.46057049745], [17.68904029999976, 26597.46057049745], [21.92087580000225, 26366.605188897527], [29.397382199997082, 26366.605188897534], [29.6072331999967, 26362.862824262298], [29.781282199997804, 26362.108067974645], [30.383991499998956, 26356.6110672576], [30.45616799999698, 26356.12433009589], [31.50091849999444, 26353.59449655441]]",60.1378094,60.109375,0.9995271793189061,False,55.2,548.77734375,6,,,,,eaa3f86d9312c0970ce9,302.0,302.0,,,0.2463911000158987,30.419838200010417,"{""interior"": 76, ""fronteira"": 76, ""liberacao"": 75, ""regret"": 75, ""abertura"": 0}","{""interior"": 1, ""fronteira"": 2, ""liberacao"": 2, ""regret"": 0, ""abertura"": 0}",0.0,29.397055999994336,26366.605188897534,90.0
clusters_m30_n150_r1.5_s1000,clusters,1.5,30,150,hibrido:rotacao,26342.085171202903,True,-1,1,60.0,60.1244197,0.12441969999999714,27277.85521775824,26022.480292234733,gap,"[[0.3658223999955226, 32282.23154775915], [1.4118242999975337, 28425.541313886286], [6.040802399991662, 27393.104460589944], [7.901059899995744, 27393.10446058993], [13.903878699988127, 27393.10446058993], [16.786386199994013, 26604.106342917385], [18.139943699992727, 26604.106342917385], [22.65130269999645, 26370.607100909114], [29.841089000001375, 26370.607100909103], [31.051077299998724, 26370.359527333596], [31.09060419999878, 26368.644182663855], [31.106327699999383, 26366.38507039876], [31.839500000001863, 26358.51605629347], [32.00763990000269, 26351.367057206568], [33.84119749999809, 26349.15232561314], [34.281786999999895, 26345.827535838143], [40.125340899998264, 26342.085171202903]]",60.1244197,59.765625,0.9940324629860835,False,55.0,510.3359375,2,,,,,eaa3f86d9312c0970ce9,126.0,126.0,,,0.1111178000428481,29.908180399994308,"{""interior"": 32, ""fronteira"": 32, ""liberacao"": 31, ""regret"": 31, ""abertura"": 0}","{""interior"": 1, ""fronteira"": 3, ""liberacao"": 3, ""regret"": 1, ""abertura"": 0}",0.0,29.840868899998895,26370.607100909103,92.0
clusters_m30_n150_r1.5_s1000,clusters,1.5,30,150,hibrido:rotacao,26345.067618283163,True,-1,2,60.0,59.9905059,0.0,27277.85521775824,26022.480292234733,gap,"[[0.2524578000011388, 32282.23154775915], [8.062974000000395, 32282.231547759147], [14.102113600005396, 32282.231547759147], [14.206880900004762, 29332.808838974088], [15.078038300009212, 28663.291703478724], [16.967501600003743, 28619.929979226774], [17.50394110000343, 26600.036058972215], [18.29453700000886, 26600.036058972215], [23.10910170000716, 26374.00105925324], [29.987995600007707, 26374.001059253238], [30.796647300005134, 26372.11255145849], [30.975534300006984, 26366.584358111668], [31.45636920000834, 26365.307963140596], [31.663358600009815, 26363.591611386342], [33.31320720000804, 26360.541959368795], [35.99071640000329, 26349.400381961543], [38.85771910000767, 26347.67132547058], [39.395118700005696, 26345.218992392518], [43.2257080000054, 26345.067618283163]]",59.9905059,59.703125,0.9952095603181103,False,58.2,540.68359375,2,,,,,eaa3f86d9312c0970ce9,138.0,138.0,,,0.12953139997262042,29.832387600035872,"{""interior"": 35, ""fronteira"": 35, ""liberacao"": 34, ""regret"": 34, ""abertura"": 0}","{""interior"": 2, ""fronteira"": 5, ""liberacao"": 2, ""regret"": 0, ""abertura"": 0}",0.0,29.98777730000438,26374.001059253238,104.0
clusters_m30_n150_r1.5_s1000,clusters,1.5,30,150,lns,26587.473581286304,True,-1,0,60.0,60.4316547,0.43165470000000283,27277.85521775824,26022.480292234733,gap,"[[0.4963664000024437, 30063.401491478515], [2.145170700001472, 29506.371722347238], [3.503076900000451, 28679.845546856275], [6.533463799998572, 28672.8492678757], [11.112024699999893, 28506.106979356497], [11.137395300000207, 27861.365795149984], [11.675312700004724, 27712.836030114286], [11.74367070000153, 27698.523344921203], [13.183643100004701, 27516.76614342869], [14.564196600003925, 27494.059662886833], [16.45872429999872, 27451.522696141983], [19.263715500004764, 27431.544686181012], [20.53721950000181, 27428.638940617184], [24.352173300001596, 27124.710952924645], [25.03118320000067, 27103.007992209703], [25.17920690000028, 27088.271139704204], [25.70045019999816, 27013.14206053687], [27.035691900004167, 26948.128267717853], [28.193896900003892, 26924.52438422459], [29.258811899999273, 26888.499394602462], [30.35171999999875, 26884.984405498653], [32.39130709999881, 26879.605418928346], [34.81123550000484, 26879.396480414962], [35.43862240000453, 26855.796257670947], [35.84650010000041, 26808.956727609708], [37.56813200000033, 26808.563698156206], [39.7461173000047, 26794.99070522661], [40.674735300002794, 26761.46366734133], [41.88566730000457, 26754.157185862274], [43.15624309999839, 26689.34187433932], [43.905218899999454, 26658.30386115153], [46.21137199999794, 26653.345982772567], [48.04196039999806, 26606.810467669304], [48.981031000002986, 26587.473581286304]]",60.4316547,60.3125,0.9980282734174413,False,50.1,429.66796875,4,0.0,False,1.0,1.0,eaa3f86d9312c0970ce9,,,,,,,,,,,,
clusters_m30_n150_r1.5_s1000,clusters,1.5,30,150,lns,26856.835837305473,True,-1,1,60.0,60.005437,0.00543700000000058,27277.85521775824,26022.480292234733,gap,"[[0.380692500002624, 30063.401491478515], [0.6251063000017894, 29825.94825305667], [2.795519500003138, 29155.80702501603], [2.8303776000029757, 28672.616267145248], [8.444616400003724, 28232.72697097181], [9.841599100000167, 27872.364622997753], [12.05050769999798, 27858.08208620592], [13.257977200002642, 27818.684709144894], [15.178104899998289, 27644.463066993652], [17.37490070000058, 27080.012716778936], [22.19031299999915, 27024.28807068157], [23.054843700003403, 27010.642352869083], [25.47437760000321, 26927.85597638149], [33.32103839999763, 26922.294235357655], [34.208835700002965, 26865.528207366307], [42.06434699999954, 26864.30445411597], [59.61906080000335, 26856.835837305473]]",60.005437,59.90625,0.9983470331196821,False,52.6,510.3359375,2,0.0,False,1.0,1.0,eaa3f86d9312c0970ce9,,,,,,,,,,,,
clusters_m30_n150_r1.5_s1000,clusters,1.5,30,150,lns,26578.298586532455,True,-1,2,60.0,60.4165918,0.41659179999999907,27277.85521775824,26022.480292234733,gap,"[[0.5676929999972344, 30063.401491478515], [3.4089658000011696, 30047.969498891725], [5.20580560000235, 29845.490987727226], [9.540819000001648, 29211.262605541226], [10.331334399998013, 28316.17625565006], [12.096036399998411, 28307.826942603966], [13.924653699999908, 28164.800440579154], [15.895801999999094, 28121.04769610682], [17.53568290000112, 27616.365567371984], [20.683355799999845, 27510.85556431213], [22.967122100002598, 27388.384425525466], [23.805648100002145, 27376.733002730824], [27.959351600002265, 27348.855225765325], [29.29373520000081, 27292.819136628], [32.19756010000128, 27290.706880625272], [32.97204000000056, 27268.84242273106], [35.38630540000304, 27129.91262703557], [37.40662220000377, 26694.569517044125], [41.28352090000408, 26648.248518288714], [46.26434000000154, 26634.363538297333], [47.15067309999722, 26618.611579042852], [54.29860650000046, 26617.457725175398], [55.94698739999876, 26611.45915133226], [56.97262839999894, 26593.854666935364], [58.22454660000221, 26578.298586532455]]",60.4165918,60.234375,0.9969839940557521,False,54.9,421.49609375,4,0.0,False,1.0,1.0,eaa3f86d9312c0970ce9,,,,,,,,,,,,
clusters_m30_n150_r1.5_s1000,clusters,1.5,30,150,warm_classico,27317.865847445075,True,-1,0,60.0,58.0233355,0.0,27277.85521775824,26022.480292234733,gap,"[[0.3972924000045168, 30063.401491478515], [1.9050878000052762, 29506.371722347238], [3.1098189000040293, 28679.845546856275], [6.243368700001156, 28679.84554685629], [11.737600599997677, 27372.66638603287], [52.51353279999603, 27317.865847445086]]",58.0233355,58.0,0.999597825602425,False,57.8,669.68359375,6,250.0,False,1.0,2.0,eaa3f86d9312c0970ce9,,,,,,,,,,,,
clusters_m30_n150_r1.5_s1001,clusters,1.5,30,150,adaptativa:gnn,30227.035590150183,True,0,0,60.0,59.0096773,0.0,30662.669013905543,29146.167867210683,gap,"[[0.2952508000016678, 31474.755014830294], [1.351213000001735, 31392.795772438836], [1.3531612000006135, 31359.754917469956], [4.910882700001821, 30849.498667552347], [9.27499920000264, 30640.539133762493], [14.692967100003443, 30547.413427029667], [15.064488700001675, 30547.413427029667], [16.136793199999374, 30407.983583894267], [16.15572180000163, 30350.356497229157], [16.162595699999656, 30342.50081013277], [16.163338700003806, 30331.10770345782], [16.268062700000883, 30331.107703457812], [18.24382780000451, 30292.215787741647], [18.593389800000296, 30292.215787741647], [20.988563099999737, 30227.035590150175], [26.077897700000904, 30227.035590150186], [35.46581000000151, 30227.035590150186]]",59.0096773,58.96875,0.9993064307097982,False,42.3,735.0703125,4,519.0,False,1.0,4.0,eaa3f86d9312c0970ce9,,,,,,,,,,,,
clusters_m30_n150_r1.5_s1001,clusters,1.5,30,150,clns:alns,30462.241671181197,True,-1,0,60.0,60.0194773,0.019477299999998365,30662.669013905543,29146.167867210683,gap,"[[0.06535460000304738, 35475.60791835238], [0.15262400000210619, 32966.909169665894], [1.0019956000032835, 32229.46425731558], [2.7521381999977166, 32173.54936226339], [2.8002104999977746, 32159.15188159697], [2.8183072000028915, 32139.222004109368], [3.7657096999973874, 32136.439836082645], [3.8295224999965285, 30611.02831559326], [4.279527300001064, 30584.391179920367], [4.421941100001277, 30548.649137653243], [4.998863699998765, 30514.636996400717], [5.063651399999799, 30512.764424641013], [6.997340299996722, 30512.264436049834], [7.012578399997437, 30510.42186482707], [7.04732530000183, 30509.508205730464], [7.1514271999985795, 30507.505050350002], [7.995939899999939, 30494.181813448184], [11.35196939999878, 30490.679377226643], [11.99659370000154, 30475.721076835365], [12.090396300001885, 30466.58673384638], [12.579704399999173, 30465.353975521866], [14.893345099997532, 30462.241671181197]]",60.0194773,60.0,0.9996754836783626,False,42.2,715.8984375,2,,,,,eaa3f86d9312c0970ce9,218.0,218.0,0.06422429999656742,0.0011297000019112602,0.1920631999601028,59.710605000014766,"{""interior"": 45, ""fronteira"": 56, ""liberacao"": 58, ""regret"": 59, ""abertura"": 0}","{""interior"": 3, ""fronteira"": 6, ""liberacao"": 7, ""regret"": 5, ""abertura"": 0}",0.0,,,
clusters_m30_n150_r1.5_s1001,clusters,1.5,30,150,clns:alns,30638.922113083026,True,-1,1,60.0,60.6075005,0.6075005000000004,30662.669013905543,29146.167867210683,gap,"[[0.07219089999853168, 35475.60791835238], [0.8611989999990328, 33790.81819515545], [1.868445599997358, 33756.92890385492], [1.8990973999971175, 33731.29840752033], [2.0903630000029807, 31222.599658833846], [3.0753541000012774, 31211.565031986716], [3.199802399998589, 30817.302551099914], [3.8641018999987864, 30795.517978589924], [3.877935800002888, 30791.945636979155], [4.031290500002797, 30783.15931089933], [4.252609600000142, 30755.621703806653], [4.765286000001652, 30696.924640727746], [5.859947400000237, 30662.91249947522], [5.876836800001911, 30661.039927715516], [5.968494499997178, 30650.218014445873], [6.033059900000808, 30649.279727771594], [7.013283300002513, 30646.993917139833], [22.067169599999033, 30638.922113083026]]",60.6075005,60.609375,1.0000309285151927,False,44.5,669.68359375,6,,,,,eaa3f86d9312c0970ce9,219.0,219.0,0.07106219999695895,0.001128299998526927,0.19593819996225648,60.288657900018734,"{""interior"": 51, ""fronteira"": 59, ""liberacao"": 52, ""regret"": 57, ""abertura"": 0}","{""interior"": 3, ""fronteira"": 3, ""liberacao"": 5, ""regret"": 6, ""abertura"": 0}",0.0,,,
clusters_m30_n150_r1.5_s1001,clusters,1.5,30,150,clns:alns,31184.679747535294,True,-1,2,60.0,59.9996866,0.0,30662.669013905543,29146.167867210683,gap,"[[0.07583259999955771, 35475.60791835238], [0.12405610000132583, 35438.400434318064], [0.19249230000423267, 35370.725796501196], [1.004270000004908, 32767.44527172357], [2.000192999999854, 32704.998786753567], [2.0103544000012334, 32677.346135263648], [2.033448700000008, 32651.422692064327], [2.9855389000003925, 32572.798450711427], [3.0081688999998732, 32553.185348017105], [3.032412000000477, 32221.903038678996], [3.0542841000060434, 32216.51400229786], [3.1579689999998664, 32215.683013924827], [3.9991746000014246, 32209.131462467732], [5.026926000005915, 32099.827526480563], [6.002286599999934, 31984.318973299058], [6.622660700006236, 31944.741986808], [7.120549999999639, 31944.586677413776], [7.688703200001328, 31209.730307730148], [11.278546300003654, 31206.672540687436], [12.997075400002359, 31191.116841729894], [13.26208740000584, 31189.41697085252], [14.117446000003838, 31188.479181502702], [15.029485400002159, 31187.616831908803], [15.998686600003566, 31185.60781472039], [16.18470309999975, 31185.381994537554], [19.528944199999387, 31184.679747535294]]",59.9996866,59.96875,0.999484387306783,False,42.6,735.0703125,4,,,,,eaa3f86d9312c0970ce9,176.0,176.0,0.07445150000421563,0.0013804999980493449,0.16471069999533938,59.71607549991313,"{""interior"": 35, ""fronteira"": 56, ""liberacao"": 47, ""regret"": 38, ""abertura"": 0}","{""interior"": 5, ""fronteira"": 9, ""liberacao"": 7, ""regret"": 4, ""abertura"": 0}",0.0,,,
clusters_m30_n150_r1.5_s1001,clusters,1.5,30,150,clns:aprendido,30609.557937889225,True,-1,0,60.0,59.9901893,0.0,30662.669013905543,29146.167867210683,gap,"[[0.07265190000180155, 35475.60791835238], [0.27783369999815477, 32919.89739355837], [0.3079596000025049, 31651.649694403102], [0.9884941999989678, 31539.635115770758], [1.0079901999997674, 31445.845209833336], [1.98981780000031, 31436.162412191075], [2.0216711000030045, 31428.75274927587], [2.992206200004148, 30719.670829585935], [3.7190650000047754, 30716.480454236374], [3.7691386000005878, 30714.447818732224], [3.9818536000020686, 30706.612555811345], [5.1004938000041875, 30659.042555827735], [28.355968500000017, 30658.737745865692], [43.940639000000374, 30655.380431118567], [47.53182680000464, 30640.606017987324], [47.548316300002625, 30630.63679094175], [47.81586360000074, 30630.121072325754], [48.41259870000067, 30625.244349555716], [54.00744510000368, 30624.18630060149], [56.603237200004514, 30609.557937889225]]",59.9901893,59.96875,0.9996426198975171,False,43.5,715.8984375,2,,,,,eaa3f86d9312c0970ce9,1017.0,1017.0,0.07120140000188258,0.0014494000060949475,4.6640258998959325,55.0672734000982,"{""interior"": 333, ""fronteira"": 13, ""liberacao"": 666, ""regret"": 5, ""abertura"": 0}","{""interior"": 8, ""fronteira"": 4, ""liberacao"": 7, ""regret"": 0, ""abertura"": 0}",3.85022459999891,,,
clusters_m30_n150_r1.5_s1001,clusters,1.5,30,150,clns:aprendido,30584.295610428595,True,-1,1,60.0,59.976415,0.0,30662.669013905543,29146.167867210683,gap,"[[0.06683979999797884, 35475.60791835238], [0.22605659999680938, 32919.89739355837], [0.2548525999955018, 31651.649694403102], [0.2676532999976189, 31568.08989907216], [0.46341229999961797, 31544.502304418573], [0.4896450999949593, 31513.954502383527], [1.0303951999958372, 31443.24476970615], [1.0446551999993972, 31397.92741074713], [2.0236495999997715, 30658.56544612905], [2.1871185999989393, 30657.755846253778], [2.2695098999975016, 30627.97820806654], [2.36822079999547, 30627.849622878748], [2.391041899994889, 30616.808739589007], [6.857240199999069, 30616.179860900385], [13.610781699993822, 30608.719364742272], [15.929766999994172, 30590.927002945904], [49.02960119999625, 30584.295610428595]]",59.976415,59.96875,0.9998721997638572,False,45.0,669.68359375,6,,,,,eaa3f86d9312c0970ce9,923.0,923.0,0.06572079999750713,0.0011184999966644682,4.30814790007571,55.42506179986958,"{""interior"": 49, ""fronteira"": 6, ""liberacao"": 861, ""regret"": 7, ""abertura"": 0}","{""interior"": 6, ""fronteira"": 2, ""liberacao"": 7, ""regret"": 1, ""abertura"": 0}",3.545253700169269,,,
clusters_m30_n150_r1.5_s1001,clusters,1.5,30,150,clns:aprendido,30088.92845681234,True,-1,2,60.0,59.9686791,0.0,30662.669013905543,29146.167867210683,gap,"[[0.0773278000051505, 35475.60791835238], [0.7440581000046222, 32940.756039846005], [0.7724616000050446, 31672.508340690743], [0.7847751000008429, 31588.948545359803], [0.8783094000027631, 31565.360950706214], [1.9137025000018184, 31521.773532204043], [1.9774327000050107, 31516.458337394317], [2.9935823999985587, 31490.076642748176], [3.6505838000011863, 31475.69982991799], [3.8286840000000666, 31473.570845175756], [4.041145700000925, 31472.298810877684], [6.018393700003799, 31449.059626169448], [7.941233000005013, 31419.29786093715], [9.354247000002943, 31418.5171615652], [11.402839200003655, 30683.66079188157], [11.626018200004182, 30674.59526056919], [11.734555200004252, 30669.784904494452], [11.762425600005372, 30669.168280075195], [20.99955939999927, 30657.95930647627], [22.805971599998884, 30549.21499189361], [25.00009420000424, 30547.819658619628], [25.844530100002885, 30545.037490592906], [32.42045530000178, 30207.243188541], [33.12316550000105, 30205.24001595362], [35.3144237000015, 30162.668890551526], [35.78084900000249, 30160.971218694478], [44.615588200002094, 30160.08591861313], [47.619280300001265, 30155.094069899125], [49.32260550000501, 30125.742693160475], [52.36919090000447, 30088.92845681234]]",59.9686791,59.9375,0.9994800769256897,False,46.5,669.68359375,6,,,,,eaa3f86d9312c0970ce9,1470.0,1470.0,0.07617040000332054,0.0011567999972612597,6.891039800146245,52.72725210028875,"{""interior"": 280, ""fronteira"": 13, ""liberacao"": 1148, ""regret"": 29, ""abertura"": 0}","{""interior"": 5, ""fronteira"": 8, ""liberacao"": 11, ""regret"": 5, ""abertura"": 0}",5.707966000030865,,,
clusters_m30_n150_r1.5_s1001,clusters,1.5,30,150,clns:gnn,30610.39561309347,True,-1,0,60.0,59.9889114,0.0,30662.669013905543,29146.167867210683,gap,"[[0.07544469999993453, 35475.60791835238], [0.7444523999947705, 32940.756039846005], [0.782174899999518, 32911.70389978258], [0.8533916999949724, 32889.95503970593], [1.630089099999168, 32860.193274473626], [4.85818719999952, 32857.4111064469], [6.64448160000029, 32371.34410826643], [6.695960400000331, 32352.484229567242], [8.983698799995182, 32156.002228983598], [10.980325099997572, 32149.4399830774], [17.006334699995932, 32134.007469920944], [20.98736099999951, 32133.729414015015], [23.011826299996756, 32133.36884192631], [28.98627950000082, 32132.516169735416], [35.22330389999843, 32132.428326516118], [41.27735730000131, 30625.461501979113], [46.98131509999803, 30624.908479465525], [53.35584079999535, 30623.30396063777], [59.8067383000016, 30610.39561309347]]",59.9889114,59.921875,0.9988825201452147,False,43.1,735.0703125,4,,,,,eaa3f86d9312c0970ce9,205.0,205.0,0.07407439999951748,0.0013695000016014092,0.868369999974675,58.98674519994529,"{""interior"": 50, ""fronteira"": 33, ""liberacao"": 45, ""regret"": 35, ""abertura"": 42}","{""interior"": 2, ""fronteira"": 6, ""liberacao"": 6, ""regret"": 2, ""abertura"": 2}",0.0,,,
clusters_m30_n150_r1.5_s1001,clusters,1.5,30,150,clns:gnn,30558.075969621037,True,-1,1,60.0,59.9980248,0.0,30662.669013905543,29146.167867210683,gap,"[[0.07394579999527195, 35475.60791835238], [0.728253000001132, 32940.756039846005], [0.7598332999987178, 32911.70389978258], [0.8036971999972593, 32889.324840112764], [0.8338204999963637, 32880.516306859885], [0.9054563999961829, 32706.16287059914], [0.9475277999954415, 32701.517738353272], [1.1171663999994053, 32452.72128134316], [1.251293799999985, 32413.7946790867], [1.8696315999986837, 32269.818279189552], [4.256794299995818, 32269.792008235367], [6.869008499998017, 32116.13082870091], [9.236387199998717, 30610.95505351349], [11.932292899997265, 30602.72156892008], [15.987526299999445, 30585.779403101344], [16.088255099995877, 30583.357322130243], [16.270133899997745, 30580.533350266276], [17.040173399997002, 30577.120766484662], [19.660812800000713, 30577.02279594486], [22.42133169999579, 30565.883944022113], [28.984416799998144, 30558.778216623297], [33.38028349999513, 30558.075969621037]]",59.9980248,59.96875,0.9995120706040309,False,42.7,669.68359375,6,,,,,eaa3f86d9312c0970ce9,325.0,325.0,0.07283769999776268,0.001107200005208142,1.3212225999159273,58.519576000056986,"{""interior"": 91, ""fronteira"": 57, ""liberacao"": 84, ""regret"": 44, ""abertura"": 49}","{""interior"": 4, ""fronteira"": 5, ""liberacao"": 7, ""regret"": 4, ""abertura"": 1}",0.0,,,
clusters_m30_n150_r1.5_s1001,clusters,1.5,30,150,clns:gnn,30556.190564571603,True,-1,2,60.0,59.9825973,0.0,30662.669013905543,29146.167867210683,gap,"[[0.0827900000003865, 35475.60791835238], [0.7793461000037496, 32940.756039846005], [0.813644400004705, 32911.70389978258], [0.916751300006581, 32889.324840112764], [0.9478530000051251, 32880.516306859885], [1.229937300005986, 32850.75454162759], [3.3773594000012963, 32847.97237360087], [5.875997400005872, 32812.087660588644], [7.771388700006355, 32305.41761309669], [7.830933500001265, 32269.818279189552], [10.156262200005585, 32269.792008235367], [13.441226700000698, 32116.13082870091], [16.30972940000356, 30610.95505351349], [19.149708800003282, 30602.72156892008], [22.978252600005362, 30581.21950756022], [23.397176400001626, 30579.696532855607], [23.915687500004424, 30576.872560991636], [24.559522300005483, 30573.459977210026], [27.52673560000403, 30562.321125287275], [35.96631239999988, 30556.190564571603]]",59.9825973,59.96875,0.9997691447082435,False,43.5,735.0703125,4,,,,,eaa3f86d9312c0970ce9,301.0,301.0,0.08085870000650175,0.0019306000031065196,1.2761255000077654,58.54164700004185,"{""interior"": 93, ""fronteira"": 50, ""liberacao"": 77, ""regret"": 38, ""abertura"": 43}","{""interior"": 4, ""fronteira"": 4, ""liberacao"": 7, ""regret"": 3, ""abertura"": 1}",0.0,,,
clusters_m30_n150_r1.5_s1001,clusters,1.5,30,150,clns:rotacao,30556.076016958363,True,-1,0,60.0,59.9944073,0.0,30662.669013905543,29146.167867210683,gap,"[[0.0686719000004814, 35475.60791835238], [0.10150979999889387, 35313.36728838131], [0.21392870000272524, 35291.45469725903], [0.2822684999991907, 32424.951620057363], [0.998679299998912, 32324.903359588934], [1.1139853999993647, 30669.38767931538], [1.2445932999980869, 30649.984736647235], [1.9970715000017663, 30616.085638502595], [3.0112865999981295, 30602.300279034513], [3.1728025000047637, 30592.174500540237], [3.3104165000040666, 30588.265677023785], [3.571240500001295, 30585.318961871726], [3.592246400003205, 30583.44468753581], [3.612374299998919, 30580.67840007138], [6.007731800003967, 30575.767355968987], [6.130710500001442, 30573.883696972032], [9.553063600003952, 30570.94098507989], [15.00592350000079, 30568.858297702285], [22.972253400002955, 30566.806511851115], [23.417411900001753, 30556.076016958363]]",59.9944073,59.953125,0.9993118975274884,False,44.5,715.8984375,2,,,,,eaa3f86d9312c0970ce9,179.0,179.0,0.06752240000059828,0.001148899995314423,0.1527931000382523,59.72928460004914,"{""interior"": 45, ""fronteira"": 45, ""liberacao"": 45, ""regret"": 44, ""abertura"": 0}","{""interior"": 4, ""fronteira"": 6, ""liberacao"": 4, ""regret"": 5, ""abertura"": 0}",0.0,,,
clusters_m30_n150_r1.5_s1001,clusters,1.5,30,150,clns:rotacao,30150.026637756244,True,-1,1,60.0,59.994068,0.0,30662.669013905543,29146.167867210683,gap,"[[0.0791836999997031, 35475.60791835238], [0.2220062999986112, 34123.800423866174], [0.25134129999787547, 34123.77415291199], [0.670613800000865, 34092.5452494672], [0.9908531999972183, 33964.474306093], [1.9965675999992527, 33922.149740508496], [2.1488765999965835, 33920.87666920725], [2.168500399995537, 33912.97185133021], [2.1756273999999394, 33884.483571118406], [2.626569300002302, 33856.44986797356], [3.019239399996877, 31967.08036601604], [3.998439999995753, 31962.91783919569], [4.159397700001136, 31957.602644385966], [4.962789600001997, 31222.746274702335], [7.683306799997808, 31209.692147931226], [9.639821700002358, 30160.99859243045], [16.102079299998877, 30150.728884758504], [21.994641199999023, 30150.026637756244]]",59.994068,59.890625,0.9982757795320697,False,44.5,735.0703125,4,,,,,eaa3f86d9312c0970ce9,210.0,210.0,0.07680299999628915,0.0023797000030754134,0.18483749996812548,59.6722937999657,"{""interior"": 53, ""fronteira"": 53, ""liberacao"": 52, ""regret"": 52, ""abertura"": 0}","{""interior"": 2, ""fronteira"": 7, ""liberacao"": 5, ""regret"": 3, ""abertura"": 0}",0.0,,,
clusters_m30_n150_r1.5_s1001,clusters,1.5,30,150,clns:rotacao,30651.470224638484,True,-1,2,60.0,60.005966,0.005966000000000804,30662.669013905543,29146.167867210683,gap,"[[0.06769250000070315, 35475.60791835238], [0.09779069999785861, 35468.745104615686], [0.9958059999989928, 35260.287643892516], [1.6779760999997961, 32725.435765386133], [1.993881499998679, 32724.97135195937], [2.0058807999957935, 31208.21434496236], [3.0046129999973346, 31185.125461874395], [4.0007581999961985, 31130.86336133742], [4.089573600002041, 31123.453698422218], [4.366613699996378, 31109.715467792186], [4.99689059999946, 31098.703083113658], [5.99417099999846, 31087.661169033203], [6.0340979999964475, 31086.760502107434], [7.348237899997912, 31073.058369799917], [7.561733399998047, 31067.373093363607], [8.095007399999304, 31059.885959340518], [10.997685800000909, 31058.955511410877], [12.004174599998805, 31051.870547640592], [12.056534800001828, 31051.772577100794], [14.751843400001235, 31044.489707108656], [16.335188400000334, 31044.20736215527], [16.426130200001353, 31035.606319957533], [17.50961290000123, 30651.470224638484]]",60.005966,60.0,0.9999005765526714,False,43.7,669.68359375,6,,,,,eaa3f86d9312c0970ce9,234.0,234.0,0.06583059999684338,0.001861199998529628,0.2006293999729678,59.68498809997254,"{""interior"": 59, ""fronteira"": 59, ""liberacao"": 58, ""regret"": 58, ""abertura"": 0}","{""interior"": 6, ""fronteira"": 7, ""liberacao"": 7, ""regret"": 2, ""abertura"": 0}",0.0,,,
clusters_m30_n150_r1.5_s1001,clusters,1.5,30,150,completo,30845.41625585283,True,-1,0,60.0,56.2051644,0.0,30662.669013905543,29146.167867210683,gap,"[[0.3569703000030131, 42918.59357803229], [5.865686600001936, 31388.026581962004], [18.1644524000003, 30845.41625585281]]",56.2051644,56.171875,0.999407716348571,False,43.0,669.68359375,6,407.0,False,1.0,1.0,eaa3f86d9312c0970ce9,,,,,,,,,,,,
clusters_m30_n150_r1.5_s1001,clusters,1.5,30,150,hibrido:aprendido,29698.089715966067,True,-1,0,60.0,59.9718245,0.0,30662.669013905543,29146.167867210683,gap,"[[0.23489129999506986, 31474.755014830294], [1.3430623999956879, 31392.795772438836], [1.3440715999968234, 31359.754917469956], [5.050483399994846, 30849.498667552347], [8.02890079998906, 30849.498667552343], [9.081222699991486, 30397.143789435748], [9.237491399988357, 30397.14378943574], [11.780220799992094, 30234.375181497253], [11.939500099986617, 30234.375181497253], [14.034763299998303, 30234.37518149726], [18.38179489999311, 30234.37518149726], [29.972303899994586, 30234.375181497257], [30.247527799998352, 30231.782812144374], [30.312654999994265, 30231.674848014663], [32.372792999995, 29766.727678431045], [32.42716279999877, 29733.798703667082], [34.97671889999765, 29717.105266387058], [35.39185209999414, 29701.34602347064], [36.392471399994974, 29698.089715966067]]",59.9718245,59.90625,0.9989065782049036,False,44.9,735.0703125,4,,,,,eaa3f86d9312c0970ce9,96.0,96.0,,,0.45495649998338195,29.510815199981153,"{""interior"": 18, ""fronteira"": 6, ""liberacao"": 42, ""regret"": 30, ""abertura"": 0}","{""interior"": 1, ""fronteira"": 2, ""liberacao"": 3, ""regret"": 1, ""abertura"": 0}",0.38015390000509797,29.972096199999214,30234.375181497257,101.0
clusters_m30_n150_r1.5_s1001,clusters,1.5,30,150,hibrido:aprendido,29695.198026390717,True,-1,1,60.0,59.9599139,0.0,30662.669013905543,29146.167867210683,gap,"[[0.22661230000085197, 31474.755014830294], [1.3794545999990078, 31205.325099363083], [1.380227499998, 31202.89410878101], [1.407552399999986, 31164.661954379164], [5.569010599996545, 30866.546907124957], [7.414640700000746, 30723.006491649798], [8.05477350000001, 30723.006491649798], [9.106254500002251, 30407.983583894267], [9.273860400004196, 30407.98358389426], [11.372945500006608, 30225.035320504045], [11.516191599999729, 30225.035320504045], [14.059875100007048, 30225.03532050405], [18.36878880000586, 30225.03532050405], [30.005334300003597, 30225.03532050405], [30.294760900003894, 30224.927356374337], [31.78218210000341, 29759.98018679072], [31.83689100000629, 29727.051212026756], [33.08796070000972, 29719.21738255823], [33.15601770000649, 29706.0686602538], [33.24123220000911, 29697.150635886355], [33.659773700004735, 29697.028379444942], [37.33584120000887, 29695.198026390717]]",59.9599139,59.921875,0.9993655944859521,False,44.9,715.8984375,2,,,,,eaa3f86d9312c0970ce9,892.0,892.0,,,4.026545700129645,25.75657909995789,"{""interior"": 547, ""fronteira"": 41, ""liberacao"": 227, ""regret"": 77, ""abertura"": 0}","{""interior"": 1, ""fronteira"": 1, ""liberacao"": 4, ""regret"": 2, ""abertura"": 0}",3.349616699932085,30.00497500000347,30225.03532050405,101.0
clusters_m30_n150_r1.5_s1001,clusters,1.5,30,150,hibrido:aprendido,29646.150376052323,True,-1,2,60.0,60.031189,0.03118899999999769,30662.669013905543,29146.167867210683,gap,"[[0.2698714999933145, 31474.755014830294], [1.3039382999922964, 31205.325099363083], [1.3047777999963728, 31202.89410878101], [1.3426805999988574, 31104.00089057485], [5.3894806999960565, 31012.42066897714], [5.697819199995138, 30627.783114393467], [7.444111499993596, 30627.78311439347], [8.595724799997697, 30407.983583894267], [8.776385799996206, 30407.98358389426], [11.641408299998147, 30267.063414021315], [11.788967099993897, 30267.063414021315], [13.32273929999792, 30267.063414021326], [17.377161599993997, 30267.063414021326], [30.254818899993552, 30267.06341402132], [30.85323779999453, 30266.116887030206], [34.26889509999455, 30255.725736362605], [35.70720099999744, 30254.326842332746], [37.313551099992765, 30251.760656214992], [41.15178179999202, 30237.053456029353], [47.378546399995685, 29772.106286445734], [47.43894709999586, 29739.177311681775], [47.988151099998504, 29731.343482213248], [48.151661899995815, 29710.486616909562], [49.23830619999353, 29707.44638248715], [53.737937299993064, 29690.946859451855], [53.85258379999868, 29679.740942633012], [55.19059699999343, 29655.669321082518], [55.202091699997254, 29655.044003295563], [56.71203059999243, 29646.150376052323]]",60.031189,60.03125,1.000001016138461,False,43.8,669.68359375,6,,,,,eaa3f86d9312c0970ce9,1060.0,1060.0,,,4.72789580016979,24.861366099881707,"{""interior"": 872, ""fronteira"": 14, ""liberacao"": 129, ""regret"": 45, ""abertura"": 0}","{""interior"": 1, ""fronteira"": 3, ""liberacao"": 9, ""regret"": 2, ""abertura"": 0}",3.9535772001254372,30.25456419999682,30267.06341402132,86.0
clusters_m30_n150_r1.5_s1001,clusters,1.5,30,150,hibrido:gnn,29626.402555462526,True,-1,0,60.0,59.972211,0.0,30662.669013905543,29146.167867210683,gap,"[[0.3631136000039987, 31474.755014830294], [1.5106847999995807, 31392.795772438836], [1.5116813000058755, 31359.754917469956], [5.041017000003194, 30849.498667552347], [7.031780400007847, 30849.498667552343], [8.091306600006646, 30397.143789435748], [8.250059700003476, 30397.14378943574], [10.675250300002517, 30234.375181497253], [10.820560500003921, 30234.375181497253], [13.043791700009024, 30234.37518149726], [17.09401490000164, 30234.37518149726], [29.975440700000036, 30234.375181497257], [30.02274529999704, 30233.660233309893], [30.971354499997688, 30231.782812144374], [33.75352430000203, 30231.674848014663], [38.24027719999867, 29766.727678431045], [38.29569990000164, 29733.798703667082], [38.54869669999607, 29685.575898511426], [38.973557500001334, 29665.08039154249], [39.83511059999728, 29663.78882031405], [43.15960020000057, 29653.289182775217], [45.103953699996055, 29651.05462720241], [49.6291573999988, 29639.142170616764], [51.60710989999643, 29626.402555462526]]",59.972211,59.96875,0.9999422899382515,False,43.1,715.8984375,2,,,,,eaa3f86d9312c0970ce9,131.0,131.0,,,0.5399920000199927,29.404221100041468,"{""interior"": 46, ""fronteira"": 23, ""liberacao"": 25, ""regret"": 15, ""abertura"": 22}","{""interior"": 5, ""fronteira"": 1, ""liberacao"": 5, ""regret"": 0, ""abertura"": 1}",0.0,29.975220100001025,30234.375181497257,95.0
clusters_m30_n150_r1.5_s1001,clusters,1.5,30,150,hibrido:gnn,29601.412932869658,True,-1,1,60.0,60.0071271,0.0071270999999981655,30662.669013905543,29146.167867210683,gap,"[[0.22754120000172406, 31474.755014830294], [1.2943951999986893, 31205.325099363083], [1.2965878999966662, 31202.89410878101], [1.3462330999973346, 31164.661954379164], [5.460503800000879, 30866.546907124957], [7.241863199997169, 30723.006491649798], [8.084832900000038, 30723.006491649798], [9.132937800000946, 30407.983583894267], [9.288677500000631, 30407.98358389426], [11.362944499996956, 30225.035320504045], [11.49159349999536, 30225.035320504045], [14.216638499994588, 30225.03532050405], [18.12161180000112, 30225.03532050405], [30.01182109999354, 30225.03532050405], [32.012376699989545, 30224.91306406263], [37.07026719998976, 30224.80509993292], [43.49684059998981, 29759.857930349302], [43.553469299993594, 29726.92895558534], [43.77156639999157, 29678.706150429687], [43.82987199999479, 29659.639360959318], [46.30275549999351, 29649.139723420485], [50.309180799995374, 29629.060266438988], [53.00512029998936, 29613.838470705818], [53.62556109999423, 29612.825778079132], [58.193490199992084, 29601.412932869658]]",60.0071271,59.984375,0.9996208433714534,False,43.6,715.8984375,2,,,,,eaa3f86d9312c0970ce9,132.0,132.0,,,0.5290579999855254,29.430728199928126,"{""interior"": 41, ""fronteira"": 28, ""liberacao"": 26, ""regret"": 17, ""abertura"": 20}","{""interior"": 3, ""fronteira"": 3, ""liberacao"": 4, ""regret"": 0, ""abertura"": 1}",0.0,30.011596699994698,30225.03532050405,103.0
clusters_m30_n150_r1.5_s1001,clusters,1.5,30,150,hibrido:gnn,29624.45236200177,True,-1,2,60.0,59.9961519,0.0,30662.669013905543,29146.167867210683,gap,"[[0.2613647000034689, 31474.755014830294], [1.3600415000037174, 31205.325099363083], [1.3625405000057071, 31202.89410878101], [1.4179285999998683, 31104.00089057485], [5.524711500002013, 31012.42066897714], [5.817502500001865, 30627.783114393467], [8.065339799999492, 30627.78311439347], [9.174384600002668, 30407.983583894267], [9.375201499999093, 30407.98358389426], [12.156865500001004, 30267.063414021315], [12.301060199999483, 30267.063414021315], [14.074949399997422, 30267.063414021326], [18.30769159999909, 30267.063414021326], [29.999509500004933, 30267.06341402132], [30.354165500008094, 30255.75177852712], [33.59006890000455, 30238.47839222373], [38.59346780000487, 29773.53122264011], [38.66061580000678, 29740.60224787615], [38.85261640000681, 29693.377509576247], [39.000228600008995, 29680.063831977586], [39.451457600007416, 29680.053994601316], [41.996837200007576, 29671.22004513295], [42.09924560000945, 29669.52151023001], [45.06291190000775, 29660.640310797953], [45.52511400000367, 29659.021872691177], [48.151027700005216, 29643.756456129544], [53.083767500007525, 29638.942415709676], [56.00828900000488, 29627.524991977854], [56.104512100006104, 29624.45236200177]]",59.9961519,59.984375,0.9998037057440012,False,43.5,735.0703125,4,,,,,eaa3f86d9312c0970ce9,149.0,149.0,,,0.6237168999723508,29.335903199986205,"{""interior"": 53, ""fronteira"": 28, ""liberacao"": 28, ""regret"": 19, ""abertura"": 21}","{""interior"": 5, ""fronteira"": 5, ""liberacao"": 4, ""regret"": 1, ""abertura"": 0}",0.0,29.99921510000422,30267.06341402132,108.0
clusters_m30_n150_r1.5_s1001,clusters,1.5,30,150,hibrido:rotacao,29611.863816015837,True,-1,0,60.0,60.0028096,0.0028095999999990795,30662.669013905543,29146.167867210683,gap,"[[0.21139869999751681, 31474.755014830294], [1.371793099999195, 31392.795772438836], [1.3727693999971962, 31359.754917469956], [5.024751199998718, 30849.498667552347], [8.09894820000045, 30849.498667552343], [9.183535900003335, 30397.143789435748], [9.35507620000135, 30397.14378943574], [12.062441399997624, 30234.375181497253], [12.220399400001043, 30234.375181497253], [14.065290899998217, 30234.37518149726], [18.382553300005384, 30234.37518149726], [30.003657499997644, 30234.375181497257], [30.501785200001905, 30231.782812144374], [31.942414199998893, 30231.674848014663], [42.049712699998054, 29766.727678431045], [42.37450710000121, 29730.97270924045], [43.18480280000222, 29695.027105182686], [43.19677850000153, 29684.49598652775], [43.20715599999676, 29672.550578512364], [43.22747990000062, 29668.2303923954], [43.382042099998216, 29639.180624261822], [44.83048820000113, 29635.297040368252], [45.188175199997204, 29615.242650331813], [45.314959800001816, 29613.624212225033], [47.05674719999661, 29611.863816015837]]",60.0028096,59.984375,0.9996927710531741,False,46.5,715.8984375,2,,,,,eaa3f86d9312c0970ce9,222.0,222.0,,,0.18208399994909996,29.75995260005584,"{""interior"": 56, ""fronteira"": 56, ""liberacao"": 55, ""regret"": 55, ""abertura"": 0}","{""interior"": 3, ""fronteira"": 2, ""liberacao"": 5, ""regret"": 3, ""abertura"": 0}",0.0,30.003304500001832,30234.375181497257,95.0
clusters_m30_n150_r1.5_s1001,clusters,1.5,30,150,hibrido:rotacao,29614.197953084724,True,-1,1,60.0,59.9984519,0.0,30662.669013905543,29146.167867210683,gap,"[[0.21917100000428036, 31474.755014830294], [1.250714000001608, 31205.325099363083], [1.2515267999988282, 31202.89410878101], [1.2788231000013184, 31164.661954379164], [5.218839200002549, 30866.546907124957], [6.9353281000003335, 30723.006491649798], [8.053235200000927, 30723.006491649798], [9.1060101999974, 30407.983583894267], [9.253054699998756, 30407.98358389426], [11.275714499999594, 30225.035320504045], [11.406053699996846, 30225.035320504045], [14.063050800003111, 30225.03532050405], [18.262328600001638, 30225.03532050405], [29.996308599998883, 30225.03532050405], [30.03659509999852, 30224.927356374337], [32.001903700002, 30224.80509993292], [33.00181539999903, 29759.857930349302], [33.81895400000212, 29737.570724011977], [37.63839330000337, 29727.03960535704], [40.41921110000112, 29697.754156827556], [40.453823299998476, 29653.458306257693], [41.05995200000325, 29623.50421293968], [41.140661600002204, 29622.335025714965], [42.87783750000381, 29614.197953084724]]",59.9984519,59.96875,0.9995049555603617,False,42.6,715.8984375,2,,,,,eaa3f86d9312c0970ce9,154.0,154.0,,,0.1213940999150509,29.84219569994457,"{""interior"": 39, ""fronteira"": 39, ""liberacao"": 38, ""regret"": 38, ""abertura"": 0}","{""interior"": 1, ""fronteira"": 3, ""liberacao"": 2, ""regret"": 4, ""abertura"": 0}",0.0,29.996108700004697,30225.03532050405,112.0
clusters_m30_n150_r1.5_s1001,clusters,1.5,30,150,hibrido:rotacao,29629.486610686163,True,-1,2,60.0,60.0321331,0.03213310000000291,30662.669013905543,29146.167867210683,gap,"[[0.2225142000024789, 31474.755014830294], [1.298978699996951, 31205.325099363083], [1.2999488999994355, 31202.89410878101], [1.3388458999979775, 31104.00089057485], [5.577439900000172, 31012.42066897714], [5.948776400000497, 30627.783114393467], [8.088330600003246, 30627.78311439347], [9.241007200005697, 30407.983583894267], [9.407804400005261, 30407.98358389426], [12.445959700002277, 30267.063414021315], [12.636706400000548, 30267.063414021315], [14.249981000000844, 30267.063414021326], [18.1397952000043, 30267.063414021326], [30.003769400005694, 30267.06341402132], [30.342885100006242, 30255.75177852712], [30.95627439999953, 30253.18559240937], [33.0024440000052, 30247.686709163678], [33.1460342000064, 30243.714871977652], [34.40252320000582, 29778.767702394034], [34.41338430000178, 29768.236583739097], [35.00134010000329, 29739.390355081723], [36.00007090000145, 29720.812091643806], [36.14239290000114, 29716.599433771058], [41.99840470000345, 29713.311280321588], [44.53591730000335, 29706.136926348816], [44.729305799999565, 29691.784854911668], [45.00526499999978, 29673.78483423654], [45.056806000000506, 29668.08222699449], [45.077743900001224, 29656.600678769468], [45.94225330000336, 29655.226277375798], [45.99687100000301, 29653.690425566347], [46.04381360000116, 29652.105086880503], [46.5159402000063, 29642.58614185031], [49.00788119999925, 29641.171050137214], [49.11400600000343, 29641.03061012525], [49.25818319999962, 29637.929389401652], [49.290837600005034, 29636.916696774966], [51.01408900000388, 29630.264327155495], [53.035535700000764, 29629.486610686163]]",60.0321331,59.96875,0.9989441804459219,False,46.5,735.0703125,4,,,,,eaa3f86d9312c0970ce9,106.0,106.0,,,0.08890669996617362,29.908903700008523,"{""interior"": 27, ""fronteira"": 27, ""liberacao"": 26, ""regret"": 26, ""abertura"": 0}","{""interior"": 3, ""fronteira"": 9, ""liberacao"": 7, ""regret"": 6, ""abertura"": 0}",0.0,30.003545500003383,30267.06341402132,85.0
clusters_m30_n150_r1.5_s1001,clusters,1.5,30,150,lns,30331.496427753973,True,-1,0,60.0,60.0118315,0.01183149999999955,30662.669013905543,29146.167867210683,gap,"[[0.9667937999984133, 33122.58856517625], [1.7042860000001383, 32913.903698080605], [2.396382299994002, 32791.32170275964], [2.498774499996216, 31555.181718726482], [3.4872031999984756, 31508.10371949977], [4.206370299994887, 31503.380336072656], [6.503673999999592, 31396.094493895234], [8.016028099998948, 31371.223866003053], [8.623739099995873, 31292.200012770045], [9.740274499999941, 31272.452628747305], [10.82588769999711, 30971.020432812627], [11.912228099994536, 30924.72384336337], [13.995791499997722, 30839.821795887714], [14.039011499997287, 30817.960530190714], [17.067144399996323, 30779.19243315314], [18.14974059999804, 30753.089500343645], [18.764491799993266, 30747.023136739917], [19.473914299996977, 30691.29904597213], [20.244218699997873, 30640.991820216506], [20.865430599995307, 30639.17914548188], [21.45476349999808, 30597.584748424855], [22.08168449999357, 30480.460889175854], [22.737187499995343, 30476.266218898993], [24.924820699998236, 30475.611684482996], [32.35602039999503, 30429.28122647879], [33.59309349999967, 30418.92185357851], [34.32513039999321, 30362.812089251594], [56.63082069999655, 30331.496427753973]]",60.0118315,60.015625,1.0000632125350148,False,44.3,735.0703125,4,0.0,False,1.0,1.0,eaa3f86d9312c0970ce9,,,,,,,,,,,,
clusters_m30_n150_r1.5_s1001,clusters,1.5,30,150,lns,29901.070729655432,True,-1,1,60.0,60.0484753,0.04847529999999978,30662.669013905543,29146.167867210683,gap,"[[0.7479000000021188, 33122.58856517625], [3.7259441999995033, 32803.12803375283], [10.598954399996728, 32088.499798817968], [12.001194399999804, 31880.78227142244], [12.53132679999544, 31842.393309370163], [13.113468600000488, 31508.582976780828], [14.084693099997821, 31320.604110141903], [14.975532399999793, 31053.776553064847], [17.728846799996973, 31050.577335618284], [18.684683899999072, 31005.93288586971], [25.501624999997148, 30543.277864004212], [31.76746439999988, 30521.988696506356], [40.403318199998466, 30464.37126834889], [41.34137709999777, 30377.509094214005], [42.0290806999983, 30269.48805233733], [42.84174329999951, 30269.21627203924], [43.65137880000111, 30241.74585977805], [45.032636800002365, 30225.36664862941], [49.472308199998224, 30186.63809841915], [50.97417370000039, 30161.00935997402], [51.344336599999224, 30063.74834866006], [51.85636440000235, 30014.45936648934], [52.90479369999957, 29984.695496470376], [53.84312779999891, 29905.698528132045], [57.335645099999965, 29901.070729655432]]",60.0484753,60.03125,0.9997131434243094,False,44.3,715.8984375,2,0.0,False,1.0,1.0,eaa3f86d9312c0970ce9,,,,,,,,,,,,
clusters_m30_n150_r1.5_s1001,clusters,1.5,30,150,lns,30023.426367417644,True,-1,2,60.0,60.0210192,0.021019199999997795,30662.669013905543,29146.167867210683,gap,"[[0.6520973999940907, 33122.58856517625], [4.146965899999486, 32883.55043799858], [4.483182999996643, 32204.506381457384], [5.064649099993403, 32081.093886554103], [5.728094699996291, 31397.240619388253], [9.334048199998506, 31388.751142146844], [13.720276099993498, 31369.722179872504], [14.811878599997726, 31342.475614495415], [15.812438199995086, 31341.80901006951], [16.403307999993558, 31288.3803140156], [19.596593499998562, 31236.505730536657], [26.214711999993597, 31192.35131254742], [27.666970099999162, 31141.110310171527], [29.80345409999427, 30774.518425670176], [31.677936000000045, 30744.3059885958], [39.50697349999973, 30742.199000867586], [41.54794519999996, 30731.196298814968], [55.74028609999368, 30129.586428805836], [57.033855399997265, 30125.2276361334], [58.44458979999763, 30107.994027189587], [60.01990359999763, 30023.426367417644]]",60.0210192,60.015625,0.999910128150573,False,42.1,669.68359375,6,0.0,False,1.0,1.0,eaa3f86d9312c0970ce9,,,,,,,,,,,,
clusters_m30_n150_r1.5_s1001,clusters,1.5,30,150,warm_classico,30845.41625585283,True,-1,0,60.0,58.0472732,0.0,30662.669013905543,29146.167867210683,gap,"[[0.68643780000275, 33122.58856517625], [1.4500632000053884, 32913.903698080605], [2.1292987000051653, 32791.32170275964], [2.2098379000017303, 31555.181718726482], [3.212487800003146, 31508.10371949977], [3.8999650000041584, 31503.380336072656], [6.1624163999949815, 31503.380336072667], [11.753953999999794, 31388.026581962004], [28.862542299997585, 30845.41625585281]]",58.0472732,58.046875,0.9999931400739768,False,44.2,669.68359375,6,296.0,False,1.0,2.0,eaa3f86d9312c0970ce9,,,,,,,,,,,,
clusters_m30_n150_r1.5_s1002,clusters,1.5,30,150,adaptativa:gnn,24355.264794448463,True,0,0,60.0,59.00773,0.0,24694.558819610807,23317.636319302655,gap,"[[0.3691098999915994, 31728.190099788295], [2.2376562999925227, 30888.930716262068], [2.2467600999952992, 30819.1402727481], [2.2631908999974257, 30710.044509422623], [11.164922099997057, 26217.32084640931], [11.245716799996444, 25570.691265962163], [11.346519099992292, 24927.349129085906], [11.605665999995836, 24471.732258898377], [15.096058099996299, 24471.732258898384], [21.991903399997682, 24355.264794448463], [26.333487199990486, 24355.264794448467], [34.314294800002244, 24355.264794448467]]",59.00773,57.90625,0.9813332931126142,False,74.6,712.03125,6,244.0,False,1.0,4.0,eaa3f86d9312c0970ce9,,,,,,,,,,,,
clusters_m30_n150_r1.5_s1002,clusters,1.5,30,150,clns:alns,23940.793300470166,True,-1,0,60.0,60.0000932,9.32000000020139e-05,24694.558819610807,23317.636319302655,gap,"[[0.06963850000465754, 28776.571901700074], [0.2719301000033738, 27948.70753415678], [2.035015300003579, 26777.965778117847], [3.0023374000011245, 25157.245496716077], [3.999176900004386, 25064.951819761714], [4.01733900000545, 25051.35494624351], [4.041839199999231, 25047.11928955836], [4.721771800002898, 25041.602566677193], [6.017344100000628, 25031.829330535278], [6.998657100004493, 25011.731985807437], [7.016428800001449, 25009.116500259435], [7.515819200001715, 24946.563436257326], [8.002515200001653, 24302.842800891016], [8.29789570000139, 24210.027006500084], [8.353953500001808, 24190.692135686477], [8.816708900005324, 24185.780825502676], [9.054680300003383, 24183.589608323266], [10.053077500000654, 24036.587093280184], [10.866184200000134, 24004.064716978075], [11.178889300004812, 23989.87943399686], [11.194657800006098, 23986.913917680773], [12.079257100005634, 23985.928178701208], [12.731649699999252, 23976.83029084246], [13.177046600001631, 23972.044235339858], [13.420990000005986, 23963.049757449357], [13.999827899999218, 23957.671345705876], [15.00024459999986, 23951.110676841847], [15.105149800001527, 23950.45316719069], [27.10859250000067, 23947.07351776707], [30.99787090000609, 23943.663078012214], [31.07784990000073, 23941.501482210122], [37.000946200001636, 23940.793300470166]]",60.0000932,58.421875,0.9736964041915855,False,53.7,715.8984375,2,,,,,eaa3f86d9312c0970ce9,218.0,218.0,0.06843070000468288,0.0012067999996361323,0.20881949990143767,59.66346110006998,"{""interior"": 50, ""fronteira"": 63, ""liberacao"": 58, ""regret"": 47, ""abertura"": 0}","{""interior"": 5, ""fronteira"": 9, ""liberacao"": 12, ""regret"": 5, ""abertura"": 0}",0.0,,,
clusters_m30_n150_r1.5_s1002,clusters,1.5,30,150,clns:alns,24366.51097011121,True,-1,1,60.0,60.0361751,0.03617510000000124,24694.558819610807,23317.636319302655,gap,"[[0.06657139999879291, 28776.571901700074], [1.0379455999936908, 28170.876941989598], [2.028610099994694, 27979.024053353274], [2.080609099997673, 27953.797640112953], [2.753052599997318, 27938.425866908343], [3.1818311999959406, 27901.897434923547], [3.1887055999977747, 27890.77545105342], [3.205646999995224, 27888.90218862196], [4.028988899997785, 26591.107056415545], [4.4626302999968175, 26573.719683678395], [4.6616884999966715, 25607.32931724421], [5.197989999993297, 25594.71194294916], [6.030466199998045, 24763.128997810487], [6.157449999998789, 24751.346176286217], [6.200890399995842, 24727.75584216093], [6.770962099995813, 24439.77530774527], [7.050279699993553, 24431.963698216787], [7.705804099998204, 24427.13604728899], [7.833004299995082, 24426.483866759198], [9.029098999999405, 24420.7632627056], [10.028625299994019, 24393.743368184594], [14.551022999999986, 24393.557995688196], [18.75200649999897, 24383.422301515744], [20.70525849999831, 24377.77059144055], [22.862038499995833, 24366.51097011121]]",60.0361751,59.328125,0.9882062756526273,False,58.2,735.0703125,4,,,,,eaa3f86d9312c0970ce9,184.0,184.0,0.06469319999450818,0.001877399998193141,0.185564399958821,59.73067930000252,"{""interior"": 40, ""fronteira"": 48, ""liberacao"": 53, ""regret"": 43, ""abertura"": 0}","{""interior"": 3, ""fronteira"": 6, ""liberacao"": 10, ""regret"": 5, ""abertura"": 0}",0.0,,,
clusters_m30_n150_r1.5_s1002,clusters,1.5,30,150,clns:alns,24568.545442333263,True,-1,2,60.0,60.0031682,0.003168199999997512,24694.558819610807,23317.636319302655,gap,"[[0.06792300000233809, 28776.571901700074], [0.10163440000178525, 27611.535900050567], [0.1269864000059897, 27587.756254697037], [0.9971647000056691, 26090.813607839285], [1.877414200003841, 25968.02081174257], [2.245492700007162, 24785.12715629927], [2.5043580000055954, 24670.62366536988], [3.0057924000066123, 24641.657758037953], [3.350386800004344, 24638.344141085876], [5.750721700002032, 24620.75672244086], [6.944902100003674, 24615.46221555137], [8.419174600006954, 24599.992994661916], [9.995138199999928, 24595.52871569899], [11.44897260000289, 24595.401209140073], [13.403677200003585, 24589.195808843368], [25.868587100005243, 24585.484394115014], [26.591593900004227, 24583.421031616665], [26.9181910000043, 24574.14706162264], [41.74940290000086, 24568.623797560795], [45.99908000000141, 24568.545442333263]]",60.0031682,56.171875,0.9361484849061686,False,63.2,715.8984375,2,,,,,eaa3f86d9312c0970ce9,174.0,174.0,0.06674200000270503,0.0011802999943029135,0.20931160002510296,59.66867970001476,"{""interior"": 38, ""fronteira"": 37, ""liberacao"": 60, ""regret"": 39, ""abertura"": 0}","{""interior"": 4, ""fronteira"": 3, ""liberacao"": 9, ""regret"": 3, ""abertura"": 0}",0.0,,,
clusters_m30_n150_r1.5_s1002,clusters,1.5,30,150,clns:aprendido,24141.476375842558,True,-1,0,60.0,59.9654149,0.0,24694.558819610807,23317.636319302655,gap,"[[0.05949730000429554, 28776.571901700074], [0.09910810000292258, 26109.920135467764], [0.2593507000055979, 25282.05576792447], [2.0671982999992906, 24901.172960245305], [2.228749500005506, 24847.13186436181], [2.4290697000033106, 24840.964855874536], [2.5115207999988343, 24835.302346497196], [3.0669177000017953, 24690.090071432154], [3.790533300001698, 24598.131779281095], [3.8261885000028997, 24596.446559010557], [3.868501400000241, 24573.010448487472], [4.02992020000238, 24555.173753519943], [4.323926400000346, 24554.119542032546], [12.917640200001188, 24519.11319512891], [12.98572100000456, 24510.496617289336], [13.084161500002665, 24491.38184950249], [17.07928090000496, 24438.407921374932], [17.918514100005268, 24408.302767314588], [29.07077450000361, 24280.376415328054], [39.524823300002026, 24262.4071037123], [40.07240509999974, 24241.604905626475], [40.63700800000515, 24236.759201643246], [41.17252230000304, 24236.391215116913], [41.98947849999968, 24209.012734362674], [42.45009209999989, 24203.278122785476], [42.635289900004864, 24182.026159038218], [43.066087800005334, 24163.36681952334], [44.065883700000995, 24160.01230913696], [44.57047810000222, 24156.632659713337], [53.065876300002856, 24153.569083003516], [56.074071300005016, 24141.476375842558]]",59.9654149,58.6875,0.9786891343596791,False,59.5,712.03125,6,,,,,eaa3f86d9312c0970ce9,611.0,611.0,0.05769750000035856,0.0017994000008911826,3.1583778000131133,56.613744999958726,"{""interior"": 122, ""fronteira"": 14, ""liberacao"": 470, ""regret"": 5, ""abertura"": 0}","{""interior"": 6, ""fronteira"": 6, ""liberacao"": 15, ""regret"": 3, ""abertura"": 0}",2.619723799994972,,,
clusters_m30_n150_r1.5_s1002,clusters,1.5,30,150,clns:aprendido,24207.748842478086,True,-1,1,60.0,59.9946728,0.0,24694.558819610807,23317.636319302655,gap,"[[0.05707280000206083, 28776.571901700074], [0.09569480000209296, 26109.920135467764], [0.12831240000377875, 26076.17094730471], [0.1931620000032126, 25755.431108351724], [0.24570260000473354, 25748.945411685556], [0.4766380000000936, 24751.981906595334], [1.1601415000041015, 24745.81489810806], [1.2478254000016022, 24740.15238873072], [1.3160261000011815, 24723.032419165953], [1.3603704000051948, 24719.109734275247], [1.513850100003765, 24715.72218384059], [2.129077400000824, 24714.797066417817], [2.6881187000035425, 24511.78816104778], [2.7259004000006826, 24408.577092030984], [2.948149400006514, 24408.550914380256], [7.0032815000013215, 24266.317728132093], [35.34680240000307, 24240.815530159613], [40.25924700000178, 24230.91181417222], [43.81019610000658, 24215.2158041009], [53.27200670000457, 24214.494486721364], [53.31900440000027, 24210.47183756978], [57.53303950000554, 24207.748842478086]]",59.9946728,59.453125,0.990973401891776,False,61.7,712.03125,6,,,,,eaa3f86d9312c0970ce9,402.0,402.0,0.0549756000036723,0.0020957000015187077,2.370120599960501,57.46706959993753,"{""interior"": 16, ""fronteira"": 6, ""liberacao"": 375, ""regret"": 5, ""abertura"": 0}","{""interior"": 6, ""fronteira"": 4, ""liberacao"": 8, ""regret"": 3, ""abertura"": 0}",1.9766397000275902,,,
clusters_m30_n150_r1.5_s1002,clusters,1.5,30,150,clns:aprendido,24182.068443207827,True,-1,2,60.0,59.9678268,0.0,24694.558819610807,23317.636319302655,gap,"[[0.05676829999720212, 28776.571901700074], [0.1069811999986996, 26109.920135467764], [0.2768990999975358, 25282.05576792447], [0.41035749999718973, 25013.738166628147], [0.9987435000002733, 24734.456046988893], [1.328260299997055, 24727.285049952272], [1.5846948999969754, 24721.476434495165], [1.8787124999944353, 24711.108813265102], [3.0016325999968103, 24690.68233656191], [3.9965523999999277, 24676.019819025187], [5.001414599995769, 24490.749615506964], [5.086238799995044, 24486.148096554603], [5.332903199996508, 24466.30502078938], [5.682157699993695, 24460.057016891], [7.000941499994951, 24312.107211966977], [7.099894799997855, 24304.68452852025], [7.2298225999984425, 24288.20820461352], [7.247660299995914, 24270.336588498096], [7.27891549999913, 24270.242279426115], [7.528105400000641, 24237.73159212362], [7.594950799997605, 24219.244669585125], [9.745736799995939, 24212.058714157403], [12.269271899996966, 24210.535846928244], [19.914116499996453, 24205.174986293543], [23.155952299995988, 24203.73268970174], [34.6449605999951, 24199.02129227927], [40.726349099997606, 24190.188188259126], [45.94516229999863, 24185.640127824307], [48.62973249999777, 24182.068443207827]]",59.9678268,58.3125,0.9723964184074785,False,59.1,735.0703125,4,,,,,eaa3f86d9312c0970ce9,850.0,850.0,0.05531879999762168,0.0014488999950117432,4.787310499988962,54.94246269996074,"{""interior"": 804, ""fronteira"": 10, ""liberacao"": 21, ""regret"": 15, ""abertura"": 0}","{""interior"": 4, ""fronteira"": 5, ""liberacao"": 11, ""regret"": 8, ""abertura"": 0}",3.991087099951983,,,
clusters_m30_n150_r1.5_s1002,clusters,1.5,30,150,clns:gnn,24139.02230165621,True,-1,0,60.0,60.0750714,0.07507139999999879,24694.558819610807,23317.636319302655,gap,"[[0.06275620000087656, 28776.571901700074], [0.11219630000414327, 26109.920135467764], [0.21736090000194963, 26109.698795692675], [0.27177450000453973, 26098.114344693677], [0.4349223000026541, 25248.17312283584], [0.8627284000031068, 25237.369914098497], [0.8924110000007204, 25227.030789789605], [3.0861551000052714, 25043.272485444188], [3.1838185000015073, 24811.779332385388], [3.2079224000044633, 24796.74552529529], [3.2664866000050097, 24787.22972621883], [3.3922517000028165, 24777.387249712927], [5.085737600005814, 24753.012730566144], [6.087352599999576, 24219.94249074286], [8.377526900003431, 24217.64704330578], [10.723911799999769, 24216.019805852153], [12.871649100001378, 24213.64115402927], [15.146945800006506, 24209.529003985743], [17.96853860000556, 24191.520563633178], [18.234509300003992, 24189.343031345743], [21.145847800005868, 24176.708221938177], [23.088755400000082, 24172.736094839027], [23.495331500002067, 24171.382834331805], [30.08690330000536, 24159.37860536099], [33.10174060000281, 24157.368700788622], [38.08627270000579, 24147.492418352176], [39.006708500004606, 24147.42723254988], [41.24689670000225, 24147.023079705075], [44.28617900000245, 24144.855825293118], [50.44263730000239, 24139.02230165621]]",60.0750714,59.8125,0.9956292786029048,False,58.3,712.03125,6,,,,,eaa3f86d9312c0970ce9,351.0,351.0,0.061477600000216626,0.00127749999955995,1.7479206000207341,58.15702190004231,"{""interior"": 82, ""fronteira"": 36, ""liberacao"": 103, ""regret"": 71, ""abertura"": 59}","{""interior"": 5, ""fronteira"": 4, ""liberacao"": 12, ""regret"": 6, ""abertura"": 2}",0.0,,,
clusters_m30_n150_r1.5_s1002,clusters,1.5,30,150,clns:gnn,24127.08596405317,True,-1,1,60.0,59.999839,0.0,24694.558819610807,23317.636319302655,gap,"[[0.07498499999928754, 28776.571901700074], [0.14858670000103302, 26109.920135467764], [0.28175049999845214, 26109.698795692675], [0.31594590000167955, 26098.114344693677], [0.4526534999968135, 25248.17312283584], [0.8151977999950759, 25237.369914098497], [0.8528077000009944, 25227.030789789605], [1.038517499997397, 25216.455572412066], [1.065741499995056, 25197.041648774837], [1.1202274999959627, 25193.57544752148], [1.1777365000016289, 25192.328074011763], [1.2026603999984218, 25190.845808549027], [1.271094700001413, 25185.391636106026], [1.9834367000003112, 25100.012916644075], [2.009374100001878, 24895.530975386275], [2.5972095999968587, 24867.547465017393], [3.067740499995125, 24822.843679136917], [3.224927800001751, 24808.84299912202], [3.5332722999955877, 24804.19786859384], [4.367350699998497, 24780.02394236715], [4.992526299996825, 24250.362678925452], [5.531527099999948, 24241.900827202906], [8.418814799995744, 24217.452300695324], [8.734706800001732, 24208.24294209767], [11.402904900001886, 24207.47921580408], [14.39558450000186, 24207.401029060704], [17.220651399999042, 24205.934399631293], [20.301432599997497, 24191.277021735543], [23.30073889999767, 24182.077427621683], [23.784192499995697, 24180.124767359794], [25.81689760000154, 24178.56752514348], [29.086713299999246, 24164.94813910324], [32.7604594000004, 24156.46069545234], [33.11541149999539, 24154.371782624345], [37.9815133000011, 24134.924944347465], [43.260302599999704, 24134.41131393922], [48.55527659999643, 24132.632483881887], [51.891944399998465, 24132.471786135196], [58.794146499996714, 24127.08596405317]]",59.999839,59.0625,0.9843776414133378,False,53.9,735.0703125,4,,,,,eaa3f86d9312c0970ce9,355.0,355.0,0.07240019999881042,0.0025836999993771315,1.7753227001157939,58.04193899999518,"{""interior"": 88, ""fronteira"": 46, ""liberacao"": 95, ""regret"": 63, ""abertura"": 63}","{""interior"": 7, ""fronteira"": 6, ""liberacao"": 13, ""regret"": 6, ""abertura"": 6}",0.0,,,
clusters_m30_n150_r1.5_s1002,clusters,1.5,30,150,clns:gnn,24128.050767069773,True,-1,2,60.0,59.9999404,0.0,24694.558819610807,23317.636319302655,gap,"[[0.059118400000443216, 28776.571901700074], [0.0980167999950936, 26109.920135467764], [0.18819660000008298, 26109.698795692675], [0.22497399999701884, 26098.114344693677], [0.35483039999962784, 25248.17312283584], [0.4306429999996908, 25215.969137380915], [0.4485463999953936, 25206.262019970985], [3.9999280999982147, 25057.4151804714], [4.022774199998821, 24852.933239213602], [4.985245299998496, 24827.857021960204], [6.988102099996468, 24288.87022401743], [8.333644699996512, 24263.651136963188], [9.381329799995001, 24255.47199169922], [10.335208999997121, 24252.55091657714], [10.722959699996863, 24247.929612613927], [11.023800499999197, 24246.44117083746], [11.409537499996077, 24245.25288960753], [13.565618799999356, 24241.03714442438], [16.718702099999064, 24238.673295299348], [17.126057099994796, 24236.46208940864], [19.925502400001278, 24232.52460182008], [23.38145760000043, 24215.207233822093], [25.67702129999816, 24215.04207506438], [28.13957699999446, 24202.49773723003], [30.85375309999654, 24198.52561013088], [33.932253899998614, 24174.401000987404], [34.238378800000646, 24174.260017213415], [37.38441220000095, 24173.106818252123], [41.50431709999975, 24147.13153095726], [47.690027500000724, 24128.050767069773]]",59.9999404,52.6875,0.8781258722716998,True,59.1,715.8984375,2,,,,,eaa3f86d9312c0970ce9,334.0,334.0,0.0580162999976892,0.0011012999966624193,1.6916038000781555,58.15793350003514,"{""interior"": 81, ""fronteira"": 52, ""liberacao"": 94, ""regret"": 52, ""abertura"": 55}","{""interior"": 4, ""fronteira"": 2, ""liberacao"": 14, ""regret"": 6, ""abertura"": 3}",0.0,,,
clusters_m30_n150_r1.5_s1002,clusters,1.5,30,150,clns:rotacao,24210.864054710557,True,-1,0,60.0,60.0011658,0.0011658000000025481,24694.558819610807,23317.636319302655,gap,"[[0.06014819999836618, 28776.571901700074], [0.08819000000221422, 28721.898774068788], [1.001580100004503, 27422.273035246013], [1.6223989999998594, 26189.495843819623], [1.635671200005163, 26143.557719002943], [1.972679500002414, 26140.736076829613], [2.9995593999992707, 25000.489296396536], [3.213349300000118, 24950.921036223262], [3.9997065999996266, 24908.49288576709], [4.348357800001395, 24788.441091099045], [6.030603400002292, 24773.9067847341], [7.998635900003137, 24689.430959140307], [8.0688255999994, 24639.97936870644], [8.88308930000494, 24605.343333050412], [9.049014399999578, 24598.775307866163], [9.070651800000633, 24581.86050918897], [9.534550399999716, 24546.5474363277], [9.729659500000707, 24397.90845772189], [9.773406100001012, 24373.322156898565], [9.946463500004029, 24368.623666978427], [10.641701799999282, 24365.34062578652], [10.731751799998165, 24363.520771772066], [10.879317200000514, 24352.368812337536], [11.100652900000568, 24349.08761443114], [13.998690300002636, 24236.676704524387], [14.014298000001872, 24231.28580756321], [15.001372999999148, 24229.144736420192], [15.695289300005243, 24229.089811190497], [15.745619900000747, 24228.59763769184], [17.998994100002164, 24228.297205175888], [19.532655399998475, 24225.526819621733], [20.568886500004737, 24223.69451277154], [21.723604099999648, 24213.381707379744], [23.57407300000341, 24210.864054710557]]",60.0011658,57.84375,0.9640437686295755,False,58.5,715.8984375,2,,,,,eaa3f86d9312c0970ce9,271.0,271.0,0.058160699998552445,0.0019864999994751997,0.2805925000211573,59.58713829995395,"{""interior"": 68, ""fronteira"": 68, ""liberacao"": 68, ""regret"": 67, ""abertura"": 0}","{""interior"": 7, ""fronteira"": 6, ""liberacao"": 12, ""regret"": 8, ""abertura"": 0}",0.0,,,
clusters_m30_n150_r1.5_s1002,clusters,1.5,30,150,clns:rotacao,24325.644801400646,True,-1,1,60.0,59.9917043,0.0,24694.558819610807,23317.636319302655,gap,"[[0.08022959999652812, 28776.571901700074], [0.10791700000117999, 28765.610588441785], [0.1306057999972836, 28755.0689139769], [0.9994586999964667, 28145.519745445647], [1.1069550999964122, 28025.364092816097], [1.1287394000028144, 28023.459971470933], [1.3853556999965804, 28017.221094526554], [1.6587495999992825, 26167.540804105414], [2.837654399998428, 25966.534884145945], [2.87840409999626, 25943.994630600297], [2.960412799999176, 25899.987640738884], [3.1554321000003256, 25877.166187144023], [4.258925199996156, 25868.595860827623], [4.99529249999614, 25250.754331011627], [5.991085200002999, 25131.322441770062], [6.058405199997651, 25100.95051843932], [6.074233699997421, 25097.519737774015], [7.148006600000372, 25086.130609152595], [7.189333199996327, 25081.947662515464], [7.206894000002649, 25079.6584649667], [8.066863699998066, 24388.819667882453], [8.090204200001608, 24378.98785614904], [8.406409000002895, 24377.79134136524], [9.091229600002407, 24374.081927217594], [9.273197599999548, 24361.173902802646], [9.50241300000198, 24360.04403029859], [9.566178599998238, 24352.830545966804], [9.644254699996964, 24345.688254531426], [9.84880990000238, 24341.115220296273], [10.024716799998714, 24340.984762642755], [10.470280900000944, 24337.0281301589], [10.639611999999033, 24335.313590732883], [11.013869499998691, 24333.45494211316], [11.08898760000011, 24333.007321594265], [11.910489800000505, 24332.08220417149], [13.483066200002213, 24328.76866701338], [14.327583799997228, 24325.644801400646]]",59.9917043,57.8125,0.9636749059652903,False,62.1,735.0703125,4,,,,,eaa3f86d9312c0970ce9,355.0,355.0,0.0784166000012192,0.0018121000030077994,0.4131921999869519,59.40333570002986,"{""interior"": 89, ""fronteira"": 89, ""liberacao"": 89, ""regret"": 88, ""abertura"": 0}","{""interior"": 9, ""fronteira"": 7, ""liberacao"": 11, ""regret"": 9, ""abertura"": 0}",0.0,,,
clusters_m30_n150_r1.5_s1002,clusters,1.5,30,150,clns:rotacao,23938.958102865432,True,-1,2,60.0,60.0006302,0.0006302000000033559,24694.558819610807,23317.636319302655,gap,"[[0.06663860000116983, 28776.571901700074], [0.09597719999874244, 28764.13480851683], [0.9989783999990323, 26086.81116567245], [1.1627933999989182, 25258.946798129153], [1.2774000999997952, 25254.711141443997], [1.889647000003606, 25115.546560614934], [2.0129913999990094, 25096.4222743191], [2.207396999998309, 24992.914373099997], [2.998375399998622, 24790.8652053125], [6.011747500000638, 24761.47892982493], [6.116871700003685, 24759.793709554397], [6.179864000005182, 24735.946336550627], [6.198807300002954, 24733.499510735965], [6.881769300001906, 24688.500327787067], [9.231484299998556, 23991.89287688433], [9.413630900002318, 23982.242075658218], [9.489006800002244, 23977.165880148517], [10.011048400003347, 23961.15371107149], [10.413544200004253, 23956.010483321636], [10.981200499998522, 23946.683813297495], [11.599557400004414, 23943.719263718474], [14.528396800000337, 23941.215761125273], [25.316897000004246, 23941.10317329623], [28.942272400003276, 23938.958102865432]]",60.0006302,59.53125,0.9921770788334153,False,55.6,735.0703125,4,,,,,eaa3f86d9312c0970ce9,227.0,227.0,0.06470080000144662,0.0019366000051377341,0.2174096000380814,59.653606400010176,"{""interior"": 57, ""fronteira"": 57, ""liberacao"": 57, ""regret"": 56, ""abertura"": 0}","{""interior"": 5, ""fronteira"": 7, ""liberacao"": 6, ""regret"": 5, ""abertura"": 0}",0.0,,,
clusters_m30_n150_r1.5_s1002,clusters,1.5,30,150,completo,25156.829803139502,True,-1,0,60.0,56.9958993,0.0,24694.558819610807,23317.636319302655,gap,"[[0.6597239999973681, 33690.20637015987], [2.3259431999977096, 31105.70423208399], [2.5113461000000825, 28782.523092509684], [2.594452999997884, 28040.17782323301], [2.830520199997409, 27211.292702838447], [6.430139399999462, 25224.86683392675], [33.665811799997755, 25156.829803139502]]",56.9958993,54.3125,0.9529194322230827,False,59.5,715.8984375,2,275.0,False,1.0,1.0,eaa3f86d9312c0970ce9,,,,,,,,,,,,
clusters_m30_n150_r1.5_s1002,clusters,1.5,30,150,hibrido:aprendido,24345.987125798678,True,-1,0,60.0,60.8156344,0.8156344000000004,24694.558819610807,23317.636319302655,gap,"[[0.4160824000064167, 31728.190099788295], [2.511958600007347, 30888.930716262068], [2.522337600006722, 30819.1402727481], [2.539630200008105, 30710.044509422623], [7.952656200002821, 30710.044509422623], [10.093306500006292, 29713.916247998317], [10.106922400002077, 29692.004341601092], [13.915984400002344, 29692.004341601092], [14.065230599997449, 28229.341424040675], [14.52472090000083, 27842.1970818183], [17.404301100003067, 25711.664606616883], [17.964677299998584, 25711.664606616894], [25.414232700000866, 25226.04116599866], [29.825702699999965, 25226.041165998668], [30.746764800001984, 24647.2048353876], [33.8244709999999, 24402.402345834173], [34.30227430000377, 24372.341163095396], [35.54123670000263, 24368.74452953015], [36.819607199999155, 24362.182495186487], [37.33875429999898, 24360.650774043002], [37.67188030000398, 24360.18284115328], [37.76848289999907, 24357.02961219784], [43.24087500000314, 24356.78193961474], [43.28094180000335, 24350.50583516283], [45.919193200003065, 24350.343575884614], [46.62327450000157, 24345.98820113445], [48.149859999997716, 24345.987125798678]]",60.8156344,55.9375,0.9197881523702398,False,73.2,715.8984375,2,,,,,eaa3f86d9312c0970ce9,59.0,59.0,,,0.3872938999993494,30.559669100017345,"{""interior"": 15, ""fronteira"": 10, ""liberacao"": 26, ""regret"": 8, ""abertura"": 0}","{""interior"": 1, ""fronteira"": 4, ""liberacao"": 6, ""regret"": 2, ""abertura"": 0}",0.323313099979714,29.825291900000593,25226.041165998668,43.0
clusters_m30_n150_r1.5_s1002,clusters,1.5,30,150,hibrido:aprendido,23843.917075060453,True,-1,1,60.0,59.9961499,0.0,24694.558819610807,23317.636319302655,gap,"[[0.3098826999994344, 31728.190099788295], [1.5074602999957278, 25046.15067616223], [8.302873499997077, 25046.150676162255], [13.078066900001431, 25046.150676162255], [17.21442489999754, 25046.150676162255], [30.000916900004086, 25046.150676162226], [30.996069400003762, 24859.581489588716], [31.03681350000261, 24856.646979564284], [31.51522030000342, 24762.043718514877], [31.537354500003858, 24754.582703555177], [31.99568459999864, 24702.19721921208], [32.99854770000093, 24633.500967233424], [33.99462779999885, 24448.50076294088], [34.041759500003536, 24316.580278601246], [34.05610049999814, 24275.274416288645], [34.079241999999795, 24239.916200827487], [34.99528670000291, 24181.898570176203], [36.00259340000048, 24170.362055168524], [36.04294710000249, 24142.362753512538], [36.1126562999998, 24141.04908188637], [36.173697700003686, 24138.280189829966], [36.5016867000013, 24136.74237292969], [36.99571989999822, 24113.561088360533], [37.01224319999892, 24109.901322829406], [37.22239740000077, 24105.701109332564], [41.16474980000203, 24019.403798587697], [41.443223399997805, 24003.80554275936], [42.99912990000303, 23921.80635214862], [43.07813449999958, 23870.48777323614], [44.00173170000198, 23870.381817853333], [45.99539240000013, 23863.183667157315], [46.019262900001195, 23862.528959597963], [46.0631721000027, 23862.17462088496], [49.124575599998934, 23858.903699017726], [50.4428287999981, 23854.84734211751], [57.964782100003504, 23843.917075060453]]",59.9961499,58.859375,0.9810525358394706,False,59.5,735.0703125,4,,,,,eaa3f86d9312c0970ce9,69.0,69.0,,,0.3870960999993258,29.579221100051655,"{""interior"": 21, ""fronteira"": 19, ""liberacao"": 23, ""regret"": 6, ""abertura"": 0}","{""interior"": 6, ""fronteira"": 9, ""liberacao"": 11, ""regret"": 4, ""abertura"": 0}",0.32660899998882087,30.000718399998732,25046.150676162226,92.0
clusters_m30_n150_r1.5_s1002,clusters,1.5,30,150,hibrido:aprendido,24335.312159792607,True,-1,2,60.0,60.0293991,0.029399099999999123,24694.558819610807,23317.636319302655,gap,"[[0.3605796000047121, 31728.190099788295], [6.890861900006712, 29904.100966635026], [7.094306900005904, 29904.100966635026], [13.150064200002817, 29904.100966635026], [13.292717000003904, 28229.341424040675], [13.69074200000614, 27859.35572525716], [15.971086100005778, 25576.682768439736], [17.198257700001705, 25576.682768439725], [23.593343600005028, 25237.70926379088], [30.026361699994595, 25237.709263790868], [31.03303969999979, 24985.85857659481], [32.032142599993676, 24392.052091018166], [32.73510289999831, 24391.119974958816], [33.23111229999631, 24388.259241698], [33.39203659999475, 24336.547948839627], [35.042892999998, 24336.15867196178], [37.25328919999447, 24335.312159792607]]",60.0293991,59.125,0.9849340637494404,False,62.7,712.03125,6,,,,,eaa3f86d9312c0970ce9,127.0,127.0,,,0.7493143999381573,29.210462399962125,"{""interior"": 81, ""fronteira"": 13, ""liberacao"": 30, ""regret"": 3, ""abertura"": 0}","{""interior"": 1, ""fronteira"": 2, ""liberacao"": 4, ""regret"": 0, ""abertura"": 0}",0.6218274000202655,30.026149299999815,25237.709263790868,68.0
clusters_m30_n150_r1.5_s1002,clusters,1.5,30,150,hibrido:gnn,24354.945658567813,True,-1,0,60.0,59.9966866,0.0,24694.558819610807,23317.636319302655,gap,"[[0.28096619999269024, 31728.190099788295], [1.6429161999985809, 30888.930716262068], [1.6469678999928874, 30819.1402727481], [1.6589514999941457, 30710.044509422623], [8.332800999989558, 30710.044509422623], [10.00687119999202, 29713.916247998317], [10.01847099999577, 29692.004341601092], [13.131654099990556, 29692.004341601092], [13.295112599989807, 28229.341424040675], [13.747926399992139, 27842.1970818183], [16.90972609999153, 25711.664606616883], [17.235683599996264, 25711.664606616894], [24.914799699996365, 25226.04116599866], [29.99717100000271, 25226.041165998668], [31.00113340000098, 24704.34566954324], [31.342066100005468, 24655.7615157618], [31.747004500000912, 24588.062119268514], [32.32621620000282, 24574.02164305766], [32.9935484000016, 24569.931655856853], [36.94465260000288, 24375.11421902868], [43.32875040000363, 24369.65546840889], [47.564125900004, 24360.87593273534], [54.1804065000033, 24360.437271385155], [58.729873100004625, 24354.945658567813]]",59.9966866,55.21875,0.9203633255307135,False,62.3,715.8984375,2,,,,,eaa3f86d9312c0970ce9,87.0,87.0,,,0.49585429999569897,29.465482900006464,"{""interior"": 11, ""fronteira"": 5, ""liberacao"": 37, ""regret"": 20, ""abertura"": 14}","{""interior"": 0, ""fronteira"": 0, ""liberacao"": 8, ""regret"": 2, ""abertura"": 0}",0.0,29.99696060000133,25226.041165998668,61.0
clusters_m30_n150_r1.5_s1002,clusters,1.5,30,150,hibrido:gnn,24412.612165103532,True,-1,1,60.0,60.0014007,0.001400699999997812,24694.558819610807,23317.636319302655,gap,"[[0.2967720999949961, 31728.190099788295], [1.6852273999975296, 25046.15067616223], [8.11759069999971, 25046.150676162255], [13.710239000000001, 25034.169999607355], [13.71393579999858, 25006.35219054131], [14.334571200000937, 25006.35219054131], [18.185010799992597, 25006.35219054131], [29.99674110000342, 25006.352190541293], [30.994019200006733, 24912.60840719969], [32.993185100007395, 24846.487458025418], [33.15159300000232, 24839.69777748415], [34.026934600005916, 24758.82882506791], [34.117603400001826, 24739.482116365725], [34.32529490000161, 24737.938336960025], [35.03082690000156, 24735.832473039427], [36.99990120000439, 24684.71903743956], [37.203207700003986, 24684.418405332573], [37.62443310000526, 24683.470389321203], [38.85491440000624, 24621.332948263822], [40.81210500000452, 24620.169720389393], [43.03094190000411, 24617.75833881171], [45.49306900000374, 24608.27605530371], [51.67406690000644, 24514.783364115803], [52.268762200008496, 24420.017749711613], [53.03044570000202, 24417.911885791014], [56.10007610000321, 24412.612165103532]]",60.0014007,57.890625,0.9648212262484732,False,66.5,735.0703125,4,,,,,eaa3f86d9312c0970ce9,85.0,85.0,,,0.5623048000124982,29.409094799986633,"{""interior"": 19, ""fronteira"": 11, ""liberacao"": 30, ""regret"": 2, ""abertura"": 23}","{""interior"": 3, ""fronteira"": 2, ""liberacao"": 7, ""regret"": 1, ""abertura"": 5}",0.0,29.996551900003396,25006.352190541293,90.0
clusters_m30_n150_r1.5_s1002,clusters,1.5,30,150,hibrido:gnn,24255.116735673244,True,-1,2,60.0,60.6675408,0.6675407999999976,24694.558819610807,23317.636319302655,gap,"[[0.24283360000117682, 31728.190099788295], [6.571800199999416, 29904.100966635026], [8.172038599994266, 29904.100966635026], [14.046850699996867, 29904.100966635026], [14.158069099998102, 28229.341424040675], [14.632616099996085, 27859.35572525716], [16.76097669999581, 25576.682768439736], [18.104195699997945, 25576.682768439725], [23.69217539999954, 25237.70926379088], [29.975422499999695, 25237.709263790868], [30.578383599997323, 24643.9839300138], [30.666058200004045, 24643.683297906813], [30.85752759999741, 24359.925033841122], [33.86163440000382, 24355.844662711766], [39.10833300000377, 24354.483150939028], [44.12882260000333, 24347.137731151517], [46.881564700001036, 24340.796311365626], [51.70627349999995, 24272.057381243078], [54.97130969999853, 24267.9056835081], [60.66733699999895, 24255.116735673244]]",60.6675408,60.46875,0.9967232757850636,False,56.1,712.03125,6,,,,,eaa3f86d9312c0970ce9,97.0,97.0,,,0.4805337999932817,30.172529600000416,"{""interior"": 19, ""fronteira"": 9, ""liberacao"": 31, ""regret"": 16, ""abertura"": 22}","{""interior"": 1, ""fronteira"": 1, ""liberacao"": 8, ""regret"": 0, ""abertura"": 0}",0.0,29.975203100002545,25237.709263790868,83.0
clusters_m30_n150_r1.5_s1002,clusters,1.5,30,150,hibrido:rotacao,24248.130317448955,True,-1,0,60.0,60.2328557,0.23285570000000178,24694.558819610807,23317.636319302655,gap,"[[0.2826125999999931, 31728.190099788295], [1.505566899999394, 30888.930716262068], [1.5094565999970655, 30819.1402727481], [1.5184147000036319, 30710.044509422623], [7.11793839999882, 26217.32084640931], [7.155900999998266, 25570.691265962163], [7.205705500004115, 24927.349129085906], [7.373405400001502, 24927.349129085906], [8.705533000000287, 24893.17089512777], [8.71535550000408, 24858.69140012416], [8.725527800001146, 24850.575040871474], [13.662820799996553, 24850.575040871474], [17.457461500001955, 24850.575040871474], [29.304926999997406, 24850.575040871467], [30.30399380000017, 24823.593882736383], [31.303565700000036, 24552.12086911662], [31.360783700001775, 24546.388150306724], [32.10740280000027, 24509.294432826868], [32.28894849999779, 24497.286077837754], [32.33443379999517, 24480.934785812962], [32.58389960000204, 24463.293730607562], [33.30317880000075, 24449.67290463657], [33.66686829999526, 24426.569621424358], [33.75261099999625, 24420.99619275185], [33.93297570000141, 24416.392600266834], [33.95323990000179, 24416.144927683734], [33.99521180000011, 24394.0618667404], [34.24241549999715, 24388.286914084794], [35.420337600000494, 24364.604863983863], [36.3014886000019, 24339.58919599994], [37.07035960000212, 24320.334299373855], [37.14181760000065, 24319.90761040479], [37.30025410000235, 24313.343286416126], [39.814903099999356, 24304.362991082293], [41.03852779999579, 24300.47545562621], [41.18274740000197, 24283.67595414587], [43.3865977999958, 24262.628658751404], [44.63439659999858, 24261.927890224946], [45.57627119999961, 24248.130317448955]]",60.2328557,59.59375,0.989389417244582,False,59.5,712.03125,6,,,,,eaa3f86d9312c0970ce9,182.0,182.0,,,0.17373550002957927,30.701727299958293,"{""interior"": 46, ""fronteira"": 46, ""liberacao"": 45, ""regret"": 45, ""abertura"": 0}","{""interior"": 6, ""fronteira"": 8, ""liberacao"": 9, ""regret"": 2, ""abertura"": 0}",0.0,29.304700000000594,24850.575040871467,87.0
clusters_m30_n150_r1.5_s1002,clusters,1.5,30,150,hibrido:rotacao,23902.612056383634,True,-1,1,60.0,60.0009356,0.00093559999999826,24694.558819610807,23317.636319302655,gap,"[[0.3388240999993286, 31728.190099788295], [1.6312948999984656, 25046.15067616223], [8.214384600003541, 25046.150676162255], [13.030019700003322, 25034.169999607355], [13.033333400002448, 25006.35219054131], [14.071939600005862, 25006.35219054131], [18.127114100003382, 25006.35219054131], [30.003604300000006, 25006.352190541293], [30.13774800000101, 24971.747573977093], [30.178135199996177, 24947.55884005782], [30.210547199996654, 24834.88779307529], [30.229242199995497, 24767.230895861412], [30.2773864999981, 24713.886461220292], [30.485012999997707, 24693.701008942742], [30.536742299998878, 24645.61786059178], [30.99577319999662, 24512.639846659218], [32.069155500001216, 24468.406970345815], [32.186388800000714, 24360.992647793286], [32.998339699995995, 24300.482882361353], [34.00508809999883, 24203.49693379372], [35.00100150000071, 24154.219203697634], [35.1163532999999, 24150.30287066367], [35.21855079999659, 24135.19013393108], [36.093867399999, 24116.530861165393], [37.143314799999644, 24112.945766986297], [37.15884599999845, 24107.53092104963], [38.00869299999613, 24071.388242515168], [40.999427499999, 24057.058638405055], [42.09417899999971, 24056.00570993021], [42.99624760000006, 23995.921646286053], [43.43696869999985, 23982.08911449776], [43.61508779999713, 23967.24321160408], [43.76248929999565, 23950.698687171418], [46.621624899999006, 23940.840155666257], [47.461695499994676, 23940.141352641014], [47.70124719999876, 23937.198257699387], [47.754755199996, 23932.6887620845], [47.95893369999976, 23929.31245542588], [48.089432799999486, 23924.858111924998], [49.35480059999827, 23923.037967210297], [50.75523329999851, 23905.544167377007], [54.14043989999482, 23902.612056383634]]",60.0009356,58.625,0.9770680975847983,False,55.5,715.8984375,2,,,,,eaa3f86d9312c0970ce9,146.0,146.0,,,0.1323396000516368,29.818026800014195,"{""interior"": 37, ""fronteira"": 37, ""liberacao"": 36, ""regret"": 36, ""abertura"": 0}","{""interior"": 7, ""fronteira"": 12, ""liberacao"": 6, ""regret"": 9, ""abertura"": 0}",0.0,30.003419100001338,25006.352190541293,110.0
clusters_m30_n150_r1.5_s1002,clusters,1.5,30,150,hibrido:rotacao,24334.314102725562,True,-1,2,60.0,59.9983565,0.0,24694.558819610807,23317.636319302655,gap,"[[0.2943723999924259, 31728.190099788295], [6.776067199993122, 29904.100966635026], [8.074040200001036, 29904.100966635026], [14.148825999996916, 29904.100966635026], [14.326974299998255, 28229.341424040675], [14.943282099993667, 27859.35572525716], [17.625646599997708, 25576.682768439736], [18.281745299995237, 25576.682768439725], [25.440459199999168, 25237.70926379088], [30.000131699998747, 25237.709263790868], [30.721465000002354, 24643.9839300138], [30.796926499999245, 24643.683297906813], [33.00310670000181, 24424.55831891014], [33.99316650000401, 24360.152095088306], [35.799717699999746, 24356.454916885163], [36.68482529999892, 24350.257172690886], [40.99920340000244, 24343.548876419998], [50.994849100003194, 24339.468505290642], [51.2000154999987, 24338.726880871334], [52.411554099999194, 24335.913415245464], [56.16115300000092, 24334.551903472726], [57.99377870000171, 24334.314102725562]]",59.9983565,59.578125,0.9929959498140587,False,61.5,712.03125,6,,,,,eaa3f86d9312c0970ce9,94.0,94.0,,,0.09222170001885388,29.873321000035503,"{""interior"": 24, ""fronteira"": 24, ""liberacao"": 23, ""regret"": 23, ""abertura"": 0}","{""interior"": 0, ""fronteira"": 3, ""liberacao"": 6, ""regret"": 3, ""abertura"": 0}",0.0,29.999932700004138,25237.709263790868,78.0
clusters_m30_n150_r1.5_s1002,clusters,1.5,30,150,lns,24430.506412657305,True,-1,0,60.0,60.0043087,0.00430870000000283,24694.558819610807,23317.636319302655,gap,"[[0.752062500003376, 25929.177739619154], [10.32112450000568, 25625.8950639802], [11.931113400001777, 24875.822170368057], [12.468742700002622, 24798.069384650087], [13.363903000004939, 24764.251625452147], [18.32643040000403, 24754.281940543737], [20.39877500000148, 24694.558819610807], [24.631188200000906, 24605.420988063826], [24.763506700001017, 24509.428289740932], [26.23133300000336, 24481.154637510743], [27.622912700004235, 24466.367298940135], [32.785934100000304, 24443.137477856806], [46.99884240000392, 24430.506412657305]]",60.0043087,58.15625,0.9692012333774291,False,63.9,735.0703125,4,0.0,False,1.0,1.0,eaa3f86d9312c0970ce9,,,,,,,,,,,,
clusters_m30_n150_r1.5_s1002,clusters,1.5,30,150,lns,24169.611096273773,True,-1,1,60.0,60.1196322,0.11963219999999808,24694.558819610807,23317.636319302655,gap,"[[0.7880915999994613, 25929.177739619154], [6.732278299998143, 25528.561522011427], [7.30932799999573, 25525.275204869944], [8.17505330000131, 25476.74914078438], [8.47718739999982, 25476.295914031496], [9.241040000000794, 25075.899106150064], [9.940602700000454, 25067.317459588092], [16.92814869999711, 24862.00256045722], [19.34765950000292, 24210.28987720526], [22.380354299995815, 24169.611096273773]]",60.1196322,59.59375,0.9912527375708063,False,55.7,712.03125,6,0.0,False,1.0,1.0,eaa3f86d9312c0970ce9,,,,,,,,,,,,
clusters_m30_n150_r1.5_s1002,clusters,1.5,30,150,lns,24128.715929069273,True,-1,2,60.0,60.007494,0.007494000000001222,24694.558819610807,23317.636319302655,gap,"[[1.008635799997137, 25929.177739619154], [11.721450899996853, 25919.061800440875], [12.847766400002001, 25730.573726718667], [13.376390799996443, 25680.765864921417], [13.959152099996572, 25656.647369748614], [14.202466199996707, 25010.197354609678], [16.18655420000141, 24946.99284691896], [22.77534619999642, 24885.08953594146], [22.865917600000103, 24232.068881144565], [28.79037850000168, 24210.999411596782], [31.69079039999633, 24200.90799455588], [43.07900979999977, 24185.97914652952], [47.09893539999757, 24169.397374203636], [51.105653799997526, 24149.14738573407], [55.81797920000099, 24128.715929069273]]",60.007494,57.109375,0.9517040488309677,False,70.1,735.0703125,4,0.0,False,1.0,1.0,eaa3f86d9312c0970ce9,,,,,,,,,,,,
clusters_m30_n150_r1.5_s1002,clusters,1.5,30,150,warm_classico,25226.041165998668,True,-1,0,60.0,57.1739977,0.0,24694.558819610807,23317.636319302655,gap,"[[0.7842610000006971, 25929.177739619154], [6.464993800000229, 25929.177739619172], [13.206727199998568, 25226.04116599866]]",57.1739977,53.8125,0.9412058307058,False,63.2,715.8984375,2,177.0,False,1.0,2.0,eaa3f86d9312c0970ce9,,,,,,,,,,,,
clusters_m30_n150_r1.5_s1003,clusters,1.5,30,150,adaptativa:gnn,28267.454093308785,True,0,0,60.0,59.0086385,0.0,28256.51254102623,27356.04420619351,gap,"[[0.25370859999384265, 31000.836689422893], [4.8770865999904345, 28588.10755135362], [15.086363499991421, 28588.107551353605], [26.359699100001308, 28588.107551353605], [34.15655759999936, 28588.107551353605], [42.566623500002606, 28267.454093308763]]",59.0086385,57.921875,0.9815829761942397,False,60.5,715.8984375,2,195.0,False,1.0,4.0,eaa3f86d9312c0970ce9,,,,,,,,,,,,
clusters_m30_n150_r1.5_s1003,clusters,1.5,30,150,clns:alns,28405.43181388097,True,-1,0,60.0,59.996107,0.0,28256.51254102623,27356.04420619351,gap,"[[0.056895599998824764, 32067.998732079384], [0.11132550000183983, 30293.66588687797], [1.0029835000023013, 30255.364548795886], [1.9988656999994419, 29679.932058615035], [2.021376299999247, 29657.441810147], [3.48647450000135, 29596.58851443479], [3.518974500002514, 29595.917657775943], [3.6764984000037657, 28444.15737370533], [4.010046200004581, 28421.72133815415], [4.4415777000031085, 28421.19132014294], [4.710415000001376, 28420.779311250066], [8.114188300001842, 28414.04816450589], [9.201408200002334, 28411.814658336603], [24.44403080000484, 28408.60990367502], [25.757829500005755, 28405.43181388097]]",59.996107,58.671875,0.9779280345639759,False,54.8,735.0703125,4,,,,,eaa3f86d9312c0970ce9,207.0,207.0,0.0555610000010347,0.0013341000012587756,0.23006770000210963,59.64980779993493,"{""interior"": 42, ""fronteira"": 52, ""liberacao"": 53, ""regret"": 60, ""abertura"": 0}","{""interior"": 1, ""fronteira"": 4, ""liberacao"": 6, ""regret"": 3, ""abertura"": 0}",0.0,,,
clusters_m30_n150_r1.5_s1003,clusters,1.5,30,150,clns:alns,28103.18124677051,True,-1,1,60.0,59.9959713,0.0,28256.51254102623,27356.04420619351,gap,"[[0.0567492999980459, 32067.998732079384], [1.0002361000006204, 30803.53348074752], [1.912368899997091, 30761.298808880085], [1.9940914999970119, 30632.049755501994], [2.9267479999980424, 30621.48797806041], [3.998855600002571, 30489.9389133509], [4.144962700003816, 30395.017801649512], [4.357764899999893, 30387.09091164232], [4.405310299996927, 30384.713939696303], [5.034092300003977, 29910.08527544171], [5.650477000002866, 29907.80170672996], [5.95514070000354, 29893.521780330495], [6.995216600000276, 29871.353705465885], [7.552970999997342, 28675.795354698144], [7.995384699999704, 28672.977789823846], [8.210101999997278, 28646.882659460014], [8.49908310000319, 28626.699816177355], [9.493150299997069, 28626.30144438242], [10.10048370000004, 28624.329662463322], [10.259737899999891, 28619.032512625636], [10.440589199999522, 28618.711757926347], [13.996309299996938, 28604.190366243063], [14.0237558000008, 28604.167421217306], [14.486799400001473, 28535.620160461993], [15.19311220000236, 28535.5216190238], [17.712086100000306, 28533.728897104582], [27.00352820000262, 28271.983595554782], [27.10880210000323, 28270.67770591421], [27.703584599999886, 28251.48335830479], [27.90075020000222, 28250.808243241532], [27.98632920000091, 28250.741121397314], [28.00554920000286, 28214.06912451026], [29.503619600000093, 28213.192142935957], [30.000736599999072, 28208.024971945382], [30.757225300003483, 28202.61533504359], [31.308221799998137, 28186.58977246976], [31.72659140000178, 28180.717383123923], [32.70344130000012, 28160.96165309475], [32.99926140000025, 28118.880336121714], [33.99827019999793, 28118.055170280702], [34.17083039999852, 28113.91478930953], [34.217790000002424, 28109.071878120845], [34.461266199999955, 28107.647884391707], [36.1409913000025, 28103.868922716265], [37.92079080000258, 28103.18124677051]]",59.9959713,59.359375,0.9893893492145197,False,54.0,715.8984375,2,,,,,eaa3f86d9312c0970ce9,319.0,319.0,0.05560910000349395,0.001139500003773719,0.3415047999951639,59.5187088001112,"{""interior"": 73, ""fronteira"": 93, ""liberacao"": 75, ""regret"": 78, ""abertura"": 0}","{""interior"": 9, ""fronteira"": 14, ""liberacao"": 10, ""regret"": 11, ""abertura"": 0}",0.0,,,
clusters_m30_n150_r1.5_s1003,clusters,1.5,30,150,clns:alns,28388.05634461609,True,-1,2,60.0,60.0782333,0.07823330000000084,28256.51254102623,27356.04420619351,gap,"[[0.07373370000277646, 32067.998732079384], [0.18655389999912586, 30204.623052422074], [0.24193799999920884, 30196.995105109017], [1.0796657000028063, 28882.93628593413], [1.4447623000014573, 28414.923768685265], [1.486952300001576, 28412.928973238544], [2.077968300000066, 28395.871356399617], [4.126029500002915, 28393.770570181798], [9.699749699997483, 28392.23528225988], [14.076897600003576, 28391.641094443024], [14.312150899997505, 28389.826214261997], [14.426881300001696, 28388.05634461609]]",60.0782333,59.546875,0.991155560494819,False,52.9,735.0703125,4,,,,,eaa3f86d9312c0970ce9,284.0,284.0,0.07209400000283495,0.0016388000003644265,0.3013918000870035,59.627986400038935,"{""interior"": 67, ""fronteira"": 76, ""liberacao"": 68, ""regret"": 73, ""abertura"": 0}","{""interior"": 2, ""fronteira"": 3, ""liberacao"": 3, ""regret"": 3, ""abertura"": 0}",0.0,,,
clusters_m30_n150_r1.5_s1003,clusters,1.5,30,150,clns:aprendido,28275.66957370585,True,-1,0,60.0,59.9950146,0.0,28256.51254102623,27356.04420619351,gap,"[[0.05512989999988349, 32067.998732079384], [0.09612070000002859, 30239.652275681947], [0.11396539999986999, 29028.88436960422], [0.20563180000317516, 28999.496988931365], [0.4278398000024026, 28997.92481912842], [0.8048916999978246, 28950.496823645713], [0.9982545000020764, 28394.616039279263], [2.008184500002244, 28361.40075897067], [4.997616900000139, 28347.658232125472], [5.320983800003887, 28340.02196947597], [32.25261260000116, 28326.240992386367], [44.38401799999701, 28322.074138611075], [45.995975600002566, 28275.66957370585]]",59.9950146,58.4375,0.9740392662559666,False,54.9,715.8984375,2,,,,,eaa3f86d9312c0970ce9,189.0,189.0,0.053976900002453476,0.0011521999986143783,1.0822947999768076,58.80337209995196,"{""interior"": 7, ""fronteira"": 2, ""liberacao"": 178, ""regret"": 2, ""abertura"": 0}","{""interior"": 3, ""fronteira"": 1, ""liberacao"": 7, ""regret"": 1, ""abertura"": 0}",0.89137159998063,,,
clusters_m30_n150_r1.5_s1003,clusters,1.5,30,150,clns:aprendido,28518.32939242911,True,-1,1,60.0,59.9955279,0.0,28256.51254102623,27356.04420619351,gap,"[[0.05880839999736054, 32067.998732079384], [0.10803419999865582, 30239.652275681947], [0.15199439999560127, 29014.191268680508], [0.37440300000162097, 29012.619098877563], [0.9970411999966018, 28939.57827856944], [2.9979954000009457, 28925.83575172424], [4.273191399995994, 28540.53831344057], [4.6179187999950955, 28532.902050791068], [39.211845599995286, 28518.32939242911]]",59.9955279,59.703125,0.9951262550687549,False,50.4,715.8984375,2,,,,,eaa3f86d9312c0970ce9,244.0,244.0,0.056491899995307904,0.0023149999979068525,1.3672236999991583,58.504355899989605,"{""interior"": 61, ""fronteira"": 1, ""liberacao"": 180, ""regret"": 2, ""abertura"": 0}","{""interior"": 2, ""fronteira"": 1, ""liberacao"": 5, ""regret"": 0, ""abertura"": 0}",1.136117700021714,,,
clusters_m30_n150_r1.5_s1003,clusters,1.5,30,150,clns:aprendido,28277.869210111377,True,-1,2,60.0,60.0013399,0.00133989999999784,28256.51254102623,27356.04420619351,gap,"[[0.07141389999742387, 32067.998732079384], [0.14052670000091894, 30239.652275681947], [0.18061029999807943, 29014.191268680508], [0.36419999999634456, 29012.619098877563], [0.5187439000001177, 28922.73016344506], [0.5885672000003979, 28910.22469284336], [0.600538200000301, 28908.000726431765], [0.7314962999953423, 28855.055651217255], [1.9339630999966175, 28320.90031657909], [12.771740899996075, 28315.334977414852], [17.99893009999505, 28301.59245056965], [18.329434599996603, 28293.956187920146], [23.650017100000696, 28292.16785009583], [26.998369699998875, 28291.65018720098], [27.942968199997267, 28277.869210111377]]",60.0013399,59.5,0.9916445215917586,False,50.4,735.0703125,4,,,,,eaa3f86d9312c0970ce9,201.0,201.0,0.06949249999888707,0.001920400005474221,1.0725359999778448,58.79462239998247,"{""interior"": 9, ""fronteira"": 3, ""liberacao"": 187, ""regret"": 2, ""abertura"": 0}","{""interior"": 5, ""fronteira"": 2, ""liberacao"": 6, ""regret"": 1, ""abertura"": 0}",0.890479499961657,,,
clusters_m30_n150_r1.5_s1003,clusters,1.5,30,150,clns:gnn,28300.104485669803,True,-1,0,60.0,59.9903793,0.0,28256.51254102623,27356.04420619351,gap,"[[0.057589799995184876, 32067.998732079384], [0.11063619999913499, 30293.66588687797], [0.1269964999955846, 29082.897980800244], [0.3077754999976605, 29027.312199801276], [2.9853806999963126, 29013.569672956073], [3.306604999997944, 29005.93341030657], [3.7779235999987577, 28988.947678555385], [4.906248799998139, 28985.769588761337], [7.559202899996308, 28974.587869872477], [12.992200499997125, 28926.452789658793], [18.98977929999819, 28922.569038224945], [24.1040245999975, 28887.404729190348], [27.17133869999816, 28859.13147632486], [35.60791539999627, 28849.35092584845], [44.34929849999753, 28836.060824308206], [49.986348099999304, 28310.155609417892], [54.56465159999789, 28300.104485669803]]",59.9903793,58.921875,0.9821887390533635,False,64.9,715.8984375,2,,,,,eaa3f86d9312c0970ce9,224.0,224.0,0.0560403999988921,0.001548600004753098,1.2389506000035908,58.614868000011484,"{""interior"": 58, ""fronteira"": 31, ""liberacao"": 77, ""regret"": 34, ""abertura"": 24}","{""interior"": 3, ""fronteira"": 2, ""liberacao"": 9, ""regret"": 1, ""abertura"": 1}",0.0,,,
clusters_m30_n150_r1.5_s1003,clusters,1.5,30,150,clns:gnn,27956.365855730917,True,-1,1,60.0,59.988503,0.0,28256.51254102623,27356.04420619351,gap,"[[0.05684789999941131, 32067.998732079384], [0.1173821999982465, 30293.66588687797], [0.1690840000010212, 29138.19297726969], [0.3308696999956737, 29082.60719627072], [2.056219500002044, 29068.864669425522], [2.449168400002236, 29061.22840677602], [2.841245899995556, 29044.242675024834], [4.5173042000024, 29041.064585230783], [9.748184999996738, 28793.452523227024], [9.79923989999952, 28338.841933009633], [9.828055500001938, 28310.56280940031], [10.037176999998337, 28252.67880795835], [10.778502299996035, 28250.471491088934], [11.66599309999583, 28238.670259520033], [15.056269100001373, 28220.37903601928], [18.498872199998004, 28193.511517827134], [21.145353100000648, 28173.94085770276], [24.056919900001958, 28170.956604580628], [26.929030300001614, 28153.863236696936], [27.17728370000259, 28147.272123116418], [28.145885999998427, 28141.840948380584], [29.46638730000268, 28133.998061983973], [29.68162389999634, 28133.037658899026], [29.868709800000943, 28126.61293340793], [30.05554480000137, 28121.215563668513], [31.693247999995947, 28115.66593325432], [31.816920799996296, 28112.57799242103], [33.6901863000021, 28104.95004510797], [33.96772059999785, 28102.50972216635], [35.3323259999961, 28097.92033096087], [36.84163589999662, 28088.568373277696], [37.05507480000233, 28087.403705828117], [38.43007029999717, 28082.89859047252], [40.58938579999813, 28074.086584997087], [40.87723089999781, 28069.96733204177], [42.41341570000077, 28044.300295197012], [43.52520689999801, 28041.777871923558], [44.4540577000007, 28021.795620256267], [46.252576099999715, 27979.085137147158], [52.057877799998096, 27956.365855730917]]",59.988503,58.75,0.9793543272783454,False,60.2,735.0703125,4,,,,,eaa3f86d9312c0970ce9,464.0,464.0,0.05544940000254428,0.0013978999995742925,2.6597184000056586,57.13802909990045,"{""interior"": 157, ""fronteira"": 62, ""liberacao"": 161, ""regret"": 53, ""abertura"": 31}","{""interior"": 4, ""fronteira"": 9, ""liberacao"": 21, ""regret"": 4, ""abertura"": 1}",0.0,,,
clusters_m30_n150_r1.5_s1003,clusters,1.5,30,150,clns:gnn,28296.367682378346,True,-1,2,60.0,59.9928524,0.0,28256.51254102623,27356.04420619351,gap,"[[0.07624030000442872, 32067.998732079384], [0.1398274000021047, 30293.66588687797], [0.1830612000048859, 29138.19297726969], [0.34300960000109626, 29082.60719627072], [2.978890999998839, 29068.445822955524], [3.3526156000007177, 29061.848912066096], [4.225922500001616, 29058.97581903194], [6.320169999999052, 29044.86665964374], [8.983128799998667, 28993.74797586919], [12.09990590000234, 28906.837085129504], [13.807476699999825, 28863.83369861081], [17.441876000004413, 28836.34934583069], [24.98161919999984, 28821.655190872145], [33.42567730000155, 28808.2325014135], [36.49813340000401, 28303.758513931487], [41.83276350000233, 28300.328444455132], [44.19104199999856, 28300.249773500873], [51.0037003000034, 28300.011454629122], [57.114835200001835, 28296.367682378346]]",59.9928524,59.6875,0.9949101870008767,False,58.4,735.0703125,4,,,,,eaa3f86d9312c0970ce9,231.0,231.0,0.07459270000254037,0.0016466999950353056,1.246222600035253,58.5840091999562,"{""interior"": 53, ""fronteira"": 30, ""liberacao"": 104, ""regret"": 24, ""abertura"": 20}","{""interior"": 5, ""fronteira"": 3, ""liberacao"": 8, ""regret"": 2, ""abertura"": 0}",0.0,,,
clusters_m30_n150_r1.5_s1003,clusters,1.5,30,150,clns:rotacao,28094.990450301248,True,-1,0,60.0,59.9995343,0.0,28256.51254102623,27356.04420619351,gap,"[[0.06066280000231927, 32067.998732079384], [0.5786342999999761, 31980.75267451266], [0.9347089000002597, 31744.85092762987], [0.9958912000001874, 31434.348528917923], [1.021578400002909, 31410.451937332014], [1.1389686000038637, 31377.941786172876], [1.2494932000045083, 29195.62018121583], [1.997835699999996, 29159.371263835867], [2.219613900000695, 29149.828095450626], [2.349148700006481, 29146.696584834033], [2.5861084000061965, 29142.146933488002], [2.632799500002875, 29127.64526433356], [2.860188000006019, 29106.568503412076], [3.086980100000801, 29102.532485983025], [3.134977700006857, 29078.408627571494], [6.005188200004341, 28614.237707313383], [6.036126000006334, 28553.897218728154], [6.167386700006318, 28541.541670629194], [6.3355308000027435, 28537.776155673142], [6.52654760000587, 28536.787482913467], [6.567247600003611, 28536.210236145507], [6.700261100006173, 28534.481510515656], [7.6326414000068326, 28533.229784179897], [7.725926800005254, 28528.02184581401], [7.840094800005318, 28527.040147672193], [8.101665500005765, 28095.671084812195], [8.292153600006714, 28095.106408077343], [11.652162500002305, 28094.990450301248]]",59.9995343,58.921875,0.9820388722583802,False,54.1,715.8984375,2,,,,,eaa3f86d9312c0970ce9,422.0,422.0,0.05943870000191964,0.0012233999950694852,0.42875779992027674,59.40876110004319,"{""interior"": 106, ""fronteira"": 106, ""liberacao"": 105, ""regret"": 105, ""abertura"": 0}","{""interior"": 3, ""fronteira"": 12, ""liberacao"": 7, ""regret"": 5, ""abertura"": 0}",0.0,,,
clusters_m30_n150_r1.5_s1003,clusters,1.5,30,150,clns:rotacao,28238.42373498343,True,-1,1,60.0,59.9819868,0.0,28256.51254102623,27356.04420619351,gap,"[[0.08770060000097146, 32067.998732079384], [0.15964119999989634, 31987.157255590304], [0.7768590999985463, 30220.581909621105], [1.0308656999986852, 30179.481995925576], [1.946479799997178, 30127.137013253763], [2.3606768999961787, 30075.74406706464], [2.4182243999966886, 30071.658737021367], [2.6465573999957996, 28388.834805014434], [3.947825899995223, 28371.971306576543], [4.092529000001377, 28364.297500289795], [4.464611299998069, 28362.31403432796], [5.136894099996425, 28317.451636833805], [5.27429619999748, 28316.447698016098], [5.615325999999186, 28315.80508166326], [5.942863299998862, 28290.371341474558], [6.9449621999956435, 28257.351117696264], [7.535975899998448, 28241.384309563524], [7.604860200000985, 28238.594099335565], [33.9460218000022, 28238.42373498343]]",59.9819868,59.96875,0.9997793204142414,False,56.5,712.03125,6,,,,,eaa3f86d9312c0970ce9,304.0,304.0,0.08520290000160458,0.002496599998266902,0.3083412000487442,59.50226349999866,"{""interior"": 76, ""fronteira"": 76, ""liberacao"": 76, ""regret"": 76, ""abertura"": 0}","{""interior"": 3, ""fronteira"": 6, ""liberacao"": 4, ""regret"": 5, ""abertura"": 0}",0.0,,,
clusters_m30_n150_r1.5_s1003,clusters,1.5,30,150,clns:rotacao,28254.857109635508,True,-1,2,60.0,59.9985508,0.0,28256.51254102623,27356.04420619351,gap,"[[0.09170150000136346, 32067.998732079384], [0.1650731999980053, 32047.569004321602], [0.9952188000024762, 30184.769007757153], [1.474430800000846, 28701.678446798607], [1.5525758000003407, 28698.62068712827], [1.7492411999992328, 28655.087786423475], [1.792554999999993, 28647.459839110415], [1.8246244999972987, 28632.288208008977], [3.000562599998375, 28622.812998962872], [3.353909299999941, 28615.309151976642], [3.574708300002385, 28605.834232278794], [3.5966784999982337, 28603.506832917068], [4.568073900001764, 28592.103357927404], [4.883825500000967, 28591.176967621206], [4.897528800000146, 28571.133338935342], [6.996822000000975, 28255.49442891679], [10.74206409999897, 28255.410091700727], [14.530154699998093, 28254.857109635508]]",59.9985508,59.609375,0.9935135799980023,False,60.0,712.03125,6,,,,,eaa3f86d9312c0970ce9,226.0,226.0,0.0880844999992405,0.0036158000002615154,0.24720040000829613,59.58478009994724,"{""interior"": 57, ""fronteira"": 57, ""liberacao"": 56, ""regret"": 56, ""abertura"": 0}","{""interior"": 3, ""fronteira"": 6, ""liberacao"": 4, ""regret"": 4, ""abertura"": 0}",0.0,,,
clusters_m30_n150_r1.5_s1003,clusters,1.5,30,150,completo,28256.51254102623,True,-1,0,60.0,57.0075642,0.0,28256.51254102623,27356.04420619351,gap,"[[0.3610095000040019, 38334.101398562634], [2.821189200003573, 31630.20684261656], [7.3956663999997545, 28256.51254102622]]",57.0075642,56.953125,0.9990450530422768,False,50.7,712.03125,6,332.0,False,1.0,1.0,eaa3f86d9312c0970ce9,,,,,,,,,,,,
clusters_m30_n150_r1.5_s1003,clusters,1.5,30,150,hibrido:aprendido,28095.087297938342,True,-1,0,60.0,59.9914367,0.0,28256.51254102623,27356.04420619351,gap,"[[0.34167860000161454, 31000.836689422893], [5.669746699997631, 28588.10755135362], [7.066592699993635, 28588.107551353605], [13.072081099999195, 28588.107551353605], [17.29446009999083, 28588.107551353605], [24.156251099986548, 28267.454093308763], [29.999279399999068, 28267.454093308785], [30.996278400001756, 28201.279891337264], [32.99988250000024, 28133.220443600963], [33.15105490000133, 28133.207918727225], [33.80025680000108, 28132.687187420997], [36.1101525999984, 28131.123430542106], [38.11365579999983, 28113.731228679928], [46.76706479999848, 28106.241121218474], [46.78908660000161, 28095.087297938342]]",59.9914367,59.875,0.9980591113264671,False,53.5,712.03125,6,,,,,eaa3f86d9312c0970ce9,133.0,133.0,,,0.6791965000302298,29.270198599988362,"{""interior"": 14, ""fronteira"": 109, ""liberacao"": 8, ""regret"": 2, ""abertura"": 0}","{""interior"": 5, ""fronteira"": 1, ""liberacao"": 2, ""regret"": 0, ""abertura"": 0}",0.5562750000026426,29.99907639999583,28267.454093308785,45.0
clusters_m30_n150_r1.5_s1003,clusters,1.5,30,150,hibrido:aprendido,28207.76693161903,True,-1,1,60.0,59.9516057,0.0,28256.51254102623,27356.04420619351,gap,"[[0.25355600000330014, 31000.836689422893], [2.8854587000023457, 30961.796064148566], [5.582572799998161, 28512.524773130925], [8.068495300001814, 28512.524773130906], [14.060986299999058, 28512.524773130906], [18.287477100006072, 28512.524773130906], [25.512276700006623, 28337.32426543053], [29.983859999993, 28337.324265430543], [30.983453499997267, 28329.495460432296], [31.385117699996044, 28316.613542658146], [31.496508899996115, 28316.601017784407], [31.698425299997325, 28277.53880866127], [31.909867599999416, 28264.5793304975], [32.12390239999513, 28239.506183050293], [34.9843194999994, 28218.90932655622], [51.87630839999474, 28207.76693161903]]",59.9516057,59.765625,0.9968978195357994,False,53.6,735.0703125,4,,,,,eaa3f86d9312c0970ce9,1273.0,1273.0,,,7.069630100173526,22.653697000001557,"{""interior"": 1232, ""fronteira"": 13, ""liberacao"": 16, ""regret"": 12, ""abertura"": 0}","{""interior"": 3, ""fronteira"": 3, ""liberacao"": 1, ""regret"": 1, ""abertura"": 0}",5.884596199946827,29.983606599998893,28337.324265430543,50.0
clusters_m30_n150_r1.5_s1003,clusters,1.5,30,150,hibrido:aprendido,28086.098634703467,True,-1,2,60.0,59.9567609,0.0,28256.51254102623,27356.04420619351,gap,"[[0.24350089999643387, 31000.836689422893], [3.018018700000539, 30721.02169317994], [3.051097800002026, 30474.350864721124], [8.291431900004682, 30474.350864721124], [10.802646100004495, 30383.81816793331], [13.147636399997282, 30383.81816793331], [14.160303800003021, 29815.79668313573], [17.19237879999855, 29815.79668313572], [24.741415600001346, 28267.454093308763], [30.0330615999992, 28267.454093308785], [31.027450699999463, 28143.041859893805], [31.12211219999881, 28125.128926725396], [31.733642700004566, 28119.995544742636], [31.817688000002818, 28119.9830198689], [39.03056849999848, 28092.372949254655], [42.47419600000285, 28091.864990614893], [58.52400380000472, 28086.098634703467]]",59.9567609,59.734375,0.9962908953608933,False,65.4,735.0703125,4,,,,,eaa3f86d9312c0970ce9,243.0,243.0,,,1.5857750000286615,28.266600399976596,"{""interior"": 6, ""fronteira"": 5, ""liberacao"": 229, ""regret"": 3, ""abertura"": 0}","{""interior"": 1, ""fronteira"": 2, ""liberacao"": 3, ""regret"": 1, ""abertura"": 0}",1.315630000011879,30.0327357999995,28267.454093308785,49.0
clusters_m30_n150_r1.5_s1003,clusters,1.5,30,150,hibrido:gnn,27640.60292893798,True,-1,0,60.0,59.9993043,0.0,28256.51254102623,27356.04420619351,gap,"[[0.2840779000034672, 31000.836689422893], [5.011286100001598, 28588.10755135362], [8.266820300006657, 28588.107551353605], [13.087977900002443, 28588.107551353605], [17.122337700006028, 28588.107551353605], [24.007045000005746, 28267.454093308763], [30.00218180000229, 28267.454093308785], [31.140879100006714, 28249.54116014038], [32.15647450000688, 28187.63919800058], [32.47073900000396, 28187.626673126844], [34.047180000008666, 28183.50770428746], [34.85120310000639, 28178.404363416303], [36.475674800007255, 28175.71461764596], [39.10038300000451, 28173.813014923166], [40.30739420000464, 28173.21958685491], [43.388469400008034, 28172.869674073565], [47.6659415000031, 28167.556758009137], [55.507418200002576, 28162.685610457294], [55.58232340000541, 28161.10980433614], [57.084402300002694, 27642.78318249001], [57.85748930000409, 27640.60292893798]]",59.9993043,59.96875,0.9994907557619798,False,53.6,712.03125,6,,,,,eaa3f86d9312c0970ce9,202.0,202.0,,,0.941811200013035,29.001852699984738,"{""interior"": 68, ""fronteira"": 35, ""liberacao"": 60, ""regret"": 24, ""abertura"": 15}","{""interior"": 3, ""fronteira"": 2, ""liberacao"": 6, ""regret"": 0, ""abertura"": 3}",0.0,30.00196980000328,28267.454093308785,46.0
clusters_m30_n150_r1.5_s1003,clusters,1.5,30,150,hibrido:gnn,28220.909737829956,True,-1,1,60.0,60.0003923,0.0003923000000014554,28256.51254102623,27356.04420619351,gap,"[[0.29148410000198055, 31000.836689422893], [2.735403500002576, 30961.796064148566], [5.693016099998204, 28512.524773130925], [8.308037699993292, 28512.524773130906], [13.096609299987904, 28512.524773130906], [17.22767809999641, 28512.524773130906], [24.927287399994384, 28337.32426543053], [30.002213700005086, 28337.324265430543], [30.049568000002182, 28318.15807809613], [31.001641599999857, 28309.421471302514], [33.08205210000597, 28309.408946428775], [35.116130900001735, 28289.51292464005], [37.99871150000399, 28249.819357557255], [38.84682040000189, 28248.13014486458], [43.00075890000153, 28229.194229842324], [46.33501460000116, 28226.457393917633], [47.518116900006135, 28226.222653894383], [51.260645000002114, 28220.909737829956]]",60.0003923,59.921875,0.998691386889482,False,64.8,712.03125,6,,,,,eaa3f86d9312c0970ce9,105.0,105.0,,,0.6772909999926924,29.283497599964903,"{""interior"": 35, ""fronteira"": 20, ""liberacao"": 32, ""regret"": 8, ""abertura"": 10}","{""interior"": 2, ""fronteira"": 4, ""liberacao"": 2, ""regret"": 0, ""abertura"": 2}",0.0,30.002003900001,28337.324265430543,40.0
clusters_m30_n150_r1.5_s1003,clusters,1.5,30,150,hibrido:gnn,27649.997081490765,True,-1,2,60.0,59.9740158,0.0,28256.51254102623,27356.04420619351,gap,"[[0.2611570000008214, 31000.836689422893], [2.6986464000074193, 30721.02169317994], [2.7208243000059156, 30474.350864721124], [8.055322100000922, 30474.350864721124], [10.51119170000311, 30383.81816793331], [14.079254800002673, 30383.81816793331], [15.10635930000717, 29815.79668313573], [18.31060979999893, 29815.79668313572], [25.567628600001626, 28267.454093308763], [29.993248600003426, 28267.454093308785], [31.135627900002874, 28249.54116014038], [32.272473199998785, 28226.238831764756], [32.749265400001605, 28226.22630689102], [33.34866480000346, 28214.195030260216], [33.91345700000238, 28212.469017281146], [34.581235800003924, 28199.934240595285], [36.50017040000239, 28195.8152717559], [36.75036270000419, 28190.670599871497], [37.32027499999822, 28186.404739664795], [38.83683079999901, 28175.71461764596], [41.52006729999994, 28173.813014923166], [42.921474300004775, 28173.21958685491], [48.0754941999985, 28167.906670790486], [55.94108770000457, 28163.03552323864], [56.582941599997866, 27661.079723370505], [57.521803399999044, 27657.850810730026], [58.40046340000117, 27654.73877250394], [58.64318170000479, 27654.59205479126], [59.59006650000083, 27650.313193070455], [59.753622399999585, 27649.997081490765]]",59.9740158,58.9375,0.982717252027002,False,59.6,715.8984375,2,,,,,eaa3f86d9312c0970ce9,213.0,213.0,,,1.2439578000630718,28.663822399939818,"{""interior"": 75, ""fronteira"": 30, ""liberacao"": 69, ""regret"": 29, ""abertura"": 10}","{""interior"": 5, ""fronteira"": 1, ""liberacao"": 5, ""regret"": 7, ""abertura"": 2}",0.0,29.992900700002792,28267.454093308785,58.0
clusters_m30_n150_r1.5_s1003,clusters,1.5,30,150,hibrido:rotacao,28083.68446488905,True,-1,0,60.0,59.9605212,0.0,28256.51254102623,27356.04420619351,gap,"[[0.25281160000304226, 31000.836689422893], [5.528261999999813, 28588.10755135362], [8.087163999996847, 28588.107551353605], [14.271574400001555, 28588.107551353605], [18.149733600002946, 28588.107551353605], [25.946647899996606, 28267.454093308763], [30.00812130000122, 28267.454093308785], [30.76138340000034, 28222.89742755252], [31.10973219999869, 28204.984494384116], [31.1581789999982, 28204.971969510378], [31.28374669999903, 28189.718672821684], [31.702499600003648, 28167.722939035637], [32.586426000001666, 28096.14803245083], [32.603440400002, 28095.333687692117], [32.901157899999816, 28088.604190043243], [37.071651099999144, 28083.68446488905]]",59.9605212,59.703125,0.9957072387823073,False,56.1,735.0703125,4,,,,,eaa3f86d9312c0970ce9,289.0,289.0,,,0.27804819999437314,29.600056400064204,"{""interior"": 73, ""fronteira"": 72, ""liberacao"": 72, ""regret"": 72, ""abertura"": 0}","{""interior"": 3, ""fronteira"": 3, ""liberacao"": 1, ""regret"": 2, ""abertura"": 0}",0.0,30.00789749999967,28267.454093308785,42.0
clusters_m30_n150_r1.5_s1003,clusters,1.5,30,150,hibrido:rotacao,28192.701992969458,True,-1,1,60.0,60.0003578,0.00035780000000329437,28256.51254102623,27356.04420619351,gap,"[[0.30745290000049863, 31000.836689422893], [2.7742861000006087, 30961.796064148566], [5.567982699998538, 28512.524773130925], [8.088374900005874, 28512.524773130906], [14.301590399998531, 28512.524773130906], [18.18346169999859, 28512.524773130906], [25.21007180000015, 28337.32426543053], [30.00253569999768, 28337.324265430543], [30.037960499998007, 28317.38553682441], [30.927182799998263, 28317.373011950673], [31.003999399996246, 28311.357133447862], [31.997199099998397, 28279.59388688678], [32.099845700002334, 28248.55995338723], [33.00094109999918, 28196.592197558057], [33.182741600001464, 28195.673568917395], [43.58413090000249, 28192.701992969458]]",60.0003578,58.703125,0.9783795822630911,False,54.9,715.8984375,2,,,,,eaa3f86d9312c0970ce9,186.0,186.0,,,0.1744371999957366,29.770808599954762,"{""interior"": 47, ""fronteira"": 47, ""liberacao"": 46, ""regret"": 46, ""abertura"": 0}","{""interior"": 2, ""fronteira"": 4, ""liberacao"": 1, ""regret"": 1, ""abertura"": 0}",0.0,30.00225119999959,28337.324265430543,46.0
clusters_m30_n150_r1.5_s1003,clusters,1.5,30,150,hibrido:rotacao,27892.556197636197,True,-1,2,60.0,59.9632722,0.0,28256.51254102623,27356.04420619351,gap,"[[0.22966079999605427, 31000.836689422893], [2.6901066999926115, 30721.02169317994], [2.7122827999919537, 30474.350864721124], [8.057307800001581, 30474.350864721124], [10.571693300000334, 30383.81816793331], [14.255312300003425, 30383.81816793331], [15.185221900006582, 29815.79668313573], [18.095350900002813, 29815.79668313572], [25.529888000004576, 28267.454093308763], [29.967354499996873, 28267.454093308785], [30.004562399997667, 28264.89888134829], [30.116298299995833, 28264.88635647455], [31.004537199994957, 28264.365625168324], [31.140980299998773, 28246.973423306146], [31.337223799993808, 28240.09675036283], [31.96142449999752, 28170.649413522176], [32.135621899993566, 28170.393925662764], [34.1802991999939, 28107.050989457573], [34.65629759999865, 27893.5542386991], [35.29065789999731, 27892.556197636197]]",59.9632722,59.90625,0.9990490478936872,False,53.8,712.03125,6,,,,,eaa3f86d9312c0970ce9,263.0,263.0,,,0.24223829996481072,29.683646199999203,"{""interior"": 66, ""fronteira"": 66, ""liberacao"": 66, ""regret"": 65, ""abertura"": 0}","{""interior"": 4, ""fronteira"": 4, ""liberacao"": 1, ""regret"": 1, ""abertura"": 0}",0.0,29.967068899997685,28267.454093308785,59.0
clusters_m30_n150_r1.5_s1003,clusters,1.5,30,150,lns,28293.354258397798,True,-1,0,60.0,60.0568228,0.05682279999999906,28256.51254102623,27356.04420619351,gap,"[[0.8608668000015314, 30596.163593272362], [6.913403600003221, 30526.605185415534], [7.013368100000662, 29552.659245611605], [10.133768100000452, 29202.995020031984], [15.21676429999934, 28635.72349665747], [17.13461280000047, 28563.438230587548], [20.000401900004363, 28526.93617779247], [21.097356000005675, 28351.885147936115], [32.808089000005566, 28329.11790388088], [33.96725630000583, 28307.639779454705], [39.116585900002974, 28295.8108549127], [41.67866620000132, 28293.354258397798]]",60.0568228,59.84375,0.9964521466493562,False,53.9,735.0703125,4,0.0,False,1.0,1.0,eaa3f86d9312c0970ce9,,,,,,,,,,,,
clusters_m30_n150_r1.5_s1003,clusters,1.5,30,150,lns,28493.799843133886,True,-1,1,60.0,60.0442281,0.044228099999997994,28256.51254102623,27356.04420619351,gap,"[[0.6492897999996785, 30596.163593272362], [2.1278827999994974, 30277.24140448822], [2.6948967999996967, 29178.69810989527], [5.375414299996919, 29178.41251076592], [6.018233599999803, 29104.167010483092], [9.738129799996386, 28798.308328601233], [12.193971900000179, 28767.692367480253], [14.586117699996976, 28761.179480302206], [20.6822702999998, 28736.132126188248], [22.349808200000552, 28732.37544386262], [24.813413399999263, 28726.68957246958], [31.435752599994885, 28717.383201076234], [31.79845149999892, 28703.69058073149], [32.63713569999527, 28563.910619965653], [35.58493449999514, 28561.21369720216], [36.534201599999506, 28531.25430221139], [45.2118335999985, 28502.677954261526], [50.84475730000122, 28493.799843133886]]",60.0442281,60.015625,0.9995236328135926,False,57.9,712.03125,6,0.0,False,1.0,1.0,eaa3f86d9312c0970ce9,,,,,,,,,,,,
clusters_m30_n150_r1.5_s1003,clusters,1.5,30,150,lns,28736.60758740508,True,-1,2,60.0,60.0076566,0.007656599999997127,28256.51254102623,27356.04420619351,gap,"[[0.9819214000017382, 30596.163593272362], [2.626890799998364, 30370.187938940024], [5.097312400001101, 29505.543124311607], [6.7247886000041035, 29499.78491361459], [13.887494299997343, 29448.173669802476], [15.525931100004527, 28909.57360725863], [16.395580299998983, 28816.907932316863], [17.07201570000325, 28806.812582414437], [17.567303800002264, 28788.180871372675], [22.963471000002755, 28761.51611966907], [23.88229030000366, 28758.981397300526], [43.303916999997455, 28753.01606564671], [47.22126510000089, 28739.326664558524], [58.65941120000207, 28736.60758740508]]",60.0076566,59.796875,0.9964874215734664,False,54.5,712.03125,6,0.0,False,1.0,1.0,eaa3f86d9312c0970ce9,,,,,,,,,,,,
clusters_m30_n150_r1.5_s1003,clusters,1.5,30,150,warm_classico,28284.209860425217,True,-1,0,60.0,58.0011292,0.0,28256.51254102623,27356.04420619351,gap,"[[0.7329370000006747, 30596.163593272362], [6.154499000003852, 30596.163593272362], [13.760965499997837, 28284.209860425206]]",58.0011292,57.703125,0.9948620965813886,False,52.6,715.8984375,2,227.0,False,1.0,2.0,eaa3f86d9312c0970ce9,,,,,,,,,,,,
clusters_m30_n150_r3.0_s1000,clusters,3.0,30,150,adaptativa:gnn,18393.562651417404,True,0,0,60.0,59.0032699,0.0,19141.927883609125,17935.58570279922,gap,"[[0.1587986000085948, 20672.636905303258], [0.2746554000041215, 20568.656168313883], [0.5634653000088292, 20549.87342570384], [0.6213740000093821, 18862.840031101136], [0.6552641000089352, 18829.79604461491], [0.6863010000088252, 18828.43817633225], [0.9321302000098513, 18763.72215886751], [3.0741496000046027, 18631.670343142803], [5.684115500007465, 18608.652206839895], [6.204786700007389, 18606.200247812332], [6.206121200004418, 18600.156212617923], [6.219529100009822, 18594.760750899997], [9.82904920000874, 18587.138406670965], [14.836574600005406, 18569.282302558062], [15.059651300005498, 18569.282302558062], [24.294715900010488, 18528.90893974432], [24.295844700005546, 18519.789471567736], [24.325627100006386, 18498.223537182126], [25.139895800006343, 18454.161202654606], [25.15410380000685, 18393.562651417396], [26.54736550000962, 18393.562651417396], [34.12103980000393, 18393.562651417396]]",59.0032699,58.984375,0.9996797652056908,False,50.1,669.68359375,6,826.0,False,1.0,4.0,eaa3f86d9312c0970ce9,,,,,,,,,,,,
clusters_m30_n150_r3.0_s1000,clusters,3.0,30,150,clns:alns,18501.25177652966,True,-1,0,60.0,59.9950745,0.0,19141.927883609125,17935.58570279922,gap,"[[0.06248530000448227, 24184.292535946533], [0.36865039999975124, 19657.414868664964], [0.4783250000036787, 18898.124947910637], [0.6875612000003457, 18697.235788394635], [0.6985757000002195, 18688.147239925172], [0.9955953000026057, 18679.911843502035], [1.3982943000009982, 18679.908381359433], [1.712106800005131, 18502.593636661597], [6.507802300002368, 18501.25177652966]]",59.9950745,59.9375,0.9990403462204218,False,52.2,669.68359375,6,,,,,eaa3f86d9312c0970ce9,532.0,532.0,0.06139000000257511,0.0010946999973384663,0.8441134999811766,58.97919929995987,"{""interior"": 137, ""fronteira"": 140, ""liberacao"": 118, ""regret"": 137, ""abertura"": 0}","{""interior"": 0, ""fronteira"": 4, ""liberacao"": 3, ""regret"": 1, ""abertura"": 0}",0.0,,,
clusters_m30_n150_r3.0_s1000,clusters,3.0,30,150,clns:alns,18503.43739217394,True,-1,1,60.0,59.9985438,0.0,19141.927883609125,17935.58570279922,gap,"[[0.06090970000514062, 24184.292535946533], [1.0048626999996486, 23256.115020422643], [1.0929283000004943, 19567.746814642793], [1.254995900002541, 19547.642252829493], [1.2744075000009616, 19543.67630436983], [1.3233987999992678, 19516.990826452457], [1.337132400003611, 19503.95250120012], [1.3525918000013917, 19501.156211648155], [1.3699301000015112, 19491.01545666667], [1.3913769999999204, 19486.56710784954], [1.4062808000016958, 19483.333153072163], [1.548378200001025, 19478.551446108362], [2.045335000002524, 19461.233291364253], [2.573191900002712, 19284.117836123267], [4.382316800001718, 19023.14107448725], [4.402393600001233, 19022.980772628376], [4.719368300000497, 19007.841825498865], [4.995469699999376, 18985.108742600547], [5.157986600002914, 18984.578852458548], [5.2897569999986445, 18969.183829066784], [5.721439500004635, 18968.527670300296], [5.739143200000399, 18966.47143622428], [6.4938217000017175, 18965.17438330879], [6.821171499999764, 18621.06865358003], [6.901737000000139, 18616.3604045437], [6.9273296000028495, 18614.843385487755], [9.34243989999959, 18587.264220187353], [10.136920500000997, 18535.595019074466], [10.155416599998716, 18535.40969385691], [10.207032600003004, 18535.343500408417], [10.42581610000343, 18516.213348841808], [12.573345400000107, 18514.815067783646], [12.601144200001727, 18513.762752611765], [14.203219600000011, 18512.008859657046], [14.706989500002237, 18508.9736197572], [19.149709600002097, 18507.2541847721], [23.265602899999067, 18503.43739217394]]",59.9985438,59.96875,0.999503424614782,False,50.3,669.68359375,6,,,,,eaa3f86d9312c0970ce9,342.0,342.0,0.05957680000574328,0.0013322000013431534,0.5204892999972799,59.3426470999766,"{""interior"": 67, ""fronteira"": 94, ""liberacao"": 94, ""regret"": 87, ""abertura"": 0}","{""interior"": 2, ""fronteira"": 10, ""liberacao"": 14, ""regret"": 10, ""abertura"": 0}",0.0,,,
clusters_m30_n150_r3.0_s1000,clusters,3.0,30,150,clns:alns,18504.681115463405,True,-1,2,60.0,59.9828234,0.0,19141.927883609125,17935.58570279922,gap,"[[0.06554609999875538, 24184.292535946533], [0.1586126999973203, 20774.559882394908], [1.9912919999987935, 19499.845364172237], [2.0569845999998506, 19479.481084287043], [2.982840500000748, 18556.759324971787], [3.0164299000025494, 18553.55045102649], [3.0531334999977844, 18551.287519052064], [3.7312558999983594, 18534.57295382044], [4.23717239999678, 18523.076364199856], [4.398576899999171, 18521.065278827547], [5.83034090000001, 18514.189512152316], [9.5787743999972, 18509.20846551159], [9.704959599999711, 18507.52657998309], [10.617397000001802, 18504.681115463405]]",59.9828234,59.875,0.9982024287306223,False,49.4,551.58984375,4,,,,,eaa3f86d9312c0970ce9,365.0,365.0,0.06419699999969453,0.001348500001768116,0.5408080000124755,59.3035119998749,"{""interior"": 97, ""fronteira"": 96, ""liberacao"": 98, ""regret"": 74, ""abertura"": 0}","{""interior"": 4, ""fronteira"": 1, ""liberacao"": 7, ""regret"": 1, ""abertura"": 0}",0.0,,,
clusters_m30_n150_r3.0_s1000,clusters,3.0,30,150,clns:aprendido,18504.681115463405,True,-1,0,60.0,59.9615483,0.0,19141.927883609125,17935.58570279922,gap,"[[0.0772625000026892, 24184.292535946533], [0.1267468000005465, 22219.233440824904], [0.20850590000191005, 19675.884381048098], [0.2226726000008057, 18932.065835024023], [0.6801686000035261, 18892.813955589576], [0.7028997000015806, 18892.309035913007], [0.8024569999979576, 18884.758839567534], [0.8438296000022092, 18870.607229255667], [3.0057825000039884, 18689.2708934562], [4.003359300004377, 18680.43750203719], [10.260914700003923, 18677.775843183495], [10.443108600004052, 18676.043423005285], [18.07649350000429, 18671.1534360334], [19.486926099998527, 18528.76529826795], [19.917334899997513, 18516.99260620691], [21.33971549999842, 18514.147141687226], [29.216724999998405, 18507.645158991374], [35.38413990000117, 18506.04452611521], [36.17977300000348, 18505.39634561962], [37.46012619999965, 18504.681115463405]]",59.9615483,59.671875,0.9951690156739998,False,59.3,580.78125,4,,,,,eaa3f86d9312c0970ce9,2320.0,2320.0,0.07582800000091083,0.0014336999956867658,13.985479200106056,45.48484890011605,"{""interior"": 2170, ""fronteira"": 44, ""liberacao"": 51, ""regret"": 55, ""abertura"": 0}","{""interior"": 2, ""fronteira"": 6, ""liberacao"": 10, ""regret"": 1, ""abertura"": 0}",10.231324400134326,,,
clusters_m30_n150_r3.0_s1000,clusters,3.0,30,150,clns:aprendido,18503.62670834727,True,-1,1,60.0,59.950451,0.0,19141.927883609125,17935.58570279922,gap,"[[0.06395830000110436, 24184.292535946533], [0.12698090000048978, 22348.486782715412], [0.20358269999996992, 19633.84436389096], [0.21795209999982035, 18880.000992956677], [1.0005734999940614, 18681.28283836811], [1.4634440000008908, 18511.63494244938], [2.0617185000010068, 18511.244263094755], [2.561280399997486, 18508.841782003597], [3.168113599997014, 18507.443500945436], [10.605814499998814, 18503.62670834727]]",59.950451,59.859375,0.9984808120959757,False,49.0,629.85546875,2,,,,,eaa3f86d9312c0970ce9,1934.0,1934.0,0.062128699995810166,0.001828899999964051,10.646734799738624,48.89282709988038,"{""interior"": 1828, ""fronteira"": 46, ""liberacao"": 34, ""regret"": 26, ""abertura"": 0}","{""interior"": 1, ""fronteira"": 5, ""liberacao"": 3, ""regret"": 0, ""abertura"": 0}",7.764009099948453,,,
clusters_m30_n150_r3.0_s1000,clusters,3.0,30,150,clns:aprendido,18505.87104299319,True,-1,2,60.0,59.9567905,0.0,19141.927883609125,17935.58570279922,gap,"[[0.062397200003033504, 24184.292535946533], [0.1559359000020777, 20774.559882394908], [0.17024620000302093, 20034.467135171046], [1.0008406999986619, 18735.273671292365], [1.0376730999996653, 18733.45387174766], [1.101373199999216, 18729.753648442038], [1.7911014999990584, 18721.594510694766], [2.080043100002513, 18573.437401265], [2.880819199999678, 18512.41333683903], [3.0720434000031673, 18512.068719021336], [8.16198560000339, 18512.047592307856], [8.960977000002458, 18510.981049975304], [8.991044299997156, 18510.6551510847], [11.00780130000203, 18508.856537457996], [11.579222500004107, 18506.157280092506], [47.36873039999773, 18505.87104299319]]",59.9567905,59.96875,1.0001994686490099,False,49.4,669.68359375,6,,,,,eaa3f86d9312c0970ce9,2095.0,2095.0,0.06128110000281595,0.0011156000036862679,11.069611099876056,48.466173099972366,"{""interior"": 73, ""fronteira"": 1819, ""liberacao"": 27, ""regret"": 176, ""abertura"": 0}","{""interior"": 4, ""fronteira"": 6, ""liberacao"": 3, ""regret"": 2, ""abertura"": 0}",8.091392100184748,,,
clusters_m30_n150_r3.0_s1000,clusters,3.0,30,150,clns:gnn,18502.481557092087,True,-1,0,60.0,59.9896518,0.0,19141.927883609125,17935.58570279922,gap,"[[0.07626739999977872, 24184.292535946533], [0.12309760000061942, 22468.30781651699], [0.14251839999633376, 22399.000190597377], [0.15896459999930812, 22323.557007097395], [0.17508229999657487, 22156.601330025678], [0.18848050000087824, 22017.025847087687], [0.9813104999993811, 21081.86649457374], [1.9790225999968243, 21069.15773943885], [2.979461499999161, 21061.98795821667], [5.98713869999483, 18702.115819243918], [10.392997099996137, 18512.02892356375], [12.51011920000019, 18511.71981447554], [13.652803400000266, 18510.73187064826], [15.044376599995303, 18509.333589590096], [15.504750899999635, 18505.51679699193], [19.321293699998932, 18502.481557092087]]",59.9896518,59.703125,0.9952237295699723,False,59.3,629.85546875,2,,,,,eaa3f86d9312c0970ce9,349.0,349.0,0.07508650000090711,0.0011802000008174218,2.0511865000298712,57.76929329998529,"{""interior"": 101, ""fronteira"": 76, ""liberacao"": 73, ""regret"": 48, ""abertura"": 51}","{""interior"": 0, ""fronteira"": 3, ""liberacao"": 7, ""regret"": 5, ""abertura"": 0}",0.0,,,
clusters_m30_n150_r3.0_s1000,clusters,3.0,30,150,clns:gnn,18502.481557092087,True,-1,1,60.0,60.0099158,0.009915800000001695,19141.927883609125,17935.58570279922,gap,"[[0.06324010000389535, 24184.292535946533], [0.12305690000357572, 22468.30781651699], [0.15618360000371467, 22399.000190597377], [0.18528270000388147, 22323.557007097395], [0.20537670000339858, 22156.601330025678], [0.22313510000094539, 22017.025847087687], [1.0000902000028873, 21081.86649457374], [1.873638299999584, 21064.464321564843], [2.5688024000046425, 21062.061840473685], [5.847638500003086, 18698.31221937262], [9.342432800003735, 18696.913938314457], [10.999495399999432, 18696.4858626016], [11.66973990000406, 18693.097145716292], [14.512465300002077, 18690.027971583007], [16.041023000005225, 18682.811837941445], [19.430628300004173, 18505.069702873774], [23.265700500000094, 18504.017387701893], [27.533536100003403, 18502.481557092087]]",60.0099158,59.953125,0.9990536430647683,False,50.1,580.78125,4,,,,,eaa3f86d9312c0970ce9,295.0,295.0,0.062002999999094754,0.001236099997186102,1.5369303999759723,58.33290380008111,"{""interior"": 82, ""fronteira"": 66, ""liberacao"": 60, ""regret"": 43, ""abertura"": 44}","{""interior"": 2, ""fronteira"": 3, ""liberacao"": 6, ""regret"": 6, ""abertura"": 0}",0.0,,,
clusters_m30_n150_r3.0_s1000,clusters,3.0,30,150,clns:gnn,18502.481557092087,True,-1,2,60.0,59.9668425,0.0,19141.927883609125,17935.58570279922,gap,"[[0.06379040000319947, 24184.292535946533], [0.11120340000343276, 22446.358105843996], [0.12903240000014193, 22346.542293586568], [0.14535379999870202, 22323.557007097395], [0.1634182999987388, 22156.601330025678], [0.17928760000359034, 22017.025847087687], [1.0457156999982544, 21081.86649457374], [1.7716597000035108, 21064.464321564843], [3.0372732000032556, 21063.04978430097], [3.9172235000005458, 21061.98795821667], [5.1657921000005445, 18709.708996026653], [8.229506000003312, 18508.993683663906], [9.753018199997314, 18507.696630748414], [13.33357039999828, 18506.298349690253], [19.694048899997142, 18502.481557092087]]",59.9668425,59.8125,0.9974262026552424,False,50.0,629.85546875,2,,,,,eaa3f86d9312c0970ce9,337.0,337.0,0.06263529999705497,0.0011544000008143485,1.6853141000392498,58.13258279998263,"{""interior"": 100, ""fronteira"": 69, ""liberacao"": 70, ""regret"": 48, ""abertura"": 50}","{""interior"": 1, ""fronteira"": 2, ""liberacao"": 6, ""regret"": 5, ""abertura"": 0}",0.0,,,
clusters_m30_n150_r3.0_s1000,clusters,3.0,30,150,clns:rotacao,18910.592551446,True,-1,0,60.0,59.9884711,0.0,19141.927883609125,17935.58570279922,gap,"[[0.06638250000105472, 24184.292535946533], [0.09319030000187922, 24115.396408820794], [0.12123470000369707, 24094.2511037273], [0.8282264000008581, 21047.864444588038], [0.8450351999999839, 21021.171115737307], [0.8547482000067248, 20281.078368513445], [0.8786325000037323, 20278.19034183982], [1.0567374000020209, 20271.08174417487], [2.0024172000048566, 19765.63056250652], [2.2110983000020497, 19763.343859248882], [3.036083000006329, 19755.487627570023], [3.3553451000043424, 19743.368136306406], [3.5406916000065394, 19687.713464261], [3.691658499999903, 19683.98354324486], [6.673029500001576, 19682.594348177907], [7.587109700005385, 19656.722890295267], [8.15703829999984, 19636.727210984638], [9.036727400001837, 19635.669711578408], [9.099019500004943, 19635.0527144428], [9.185732800004189, 19631.90957507262], [9.43232920000446, 19628.310823047555], [10.04134730000078, 19627.237954351578], [10.082447300002968, 19625.65117700535], [11.002823000002536, 19620.051140481235], [11.015557000006083, 19618.74996049196], [11.126889900006063, 19618.37612607252], [11.212839100000565, 19609.44839372499], [13.003706600000442, 19519.891229476474], [13.664528500004963, 19365.234543447874], [13.716284900001483, 19348.8541157437], [13.75026230000367, 19336.091426321647], [13.938732400005392, 19334.62486476258], [14.140969000000041, 19333.275160976416], [14.67320880000625, 18929.95456384647], [15.50885460000427, 18921.89830731213], [16.716642000006686, 18914.507407172427], [23.292957800003933, 18912.75456157553], [25.34226390000549, 18911.9962163785], [31.8181326000049, 18910.592551446]]",59.9884711,59.875,0.9981084515421164,False,48.9,580.78125,4,,,,,eaa3f86d9312c0970ce9,427.0,427.0,0.0643467000045348,0.0020351999992271885,0.4226250999272452,59.41521939995437,"{""interior"": 107, ""fronteira"": 107, ""liberacao"": 107, ""regret"": 106, ""abertura"": 0}","{""interior"": 4, ""fronteira"": 15, ""liberacao"": 15, ""regret"": 4, ""abertura"": 0}",0.0,,,
clusters_m30_n150_r3.0_s1000,clusters,3.0,30,150,clns:rotacao,18505.87104299319,True,-1,1,60.0,59.9809395,0.0,19141.927883609125,17935.58570279922,gap,"[[0.06745429999864427, 24184.292535946533], [0.09239990000060061, 24153.992420762705], [0.10422980000294046, 24093.8608366405], [0.42283170000155224, 20632.087921594324], [0.4464169999992009, 20619.654738130987], [0.9474250999992364, 19905.11305426785], [0.9860944000029122, 19867.170512173587], [1.3211968000032357, 19842.384497466133], [2.002565599999798, 19667.36772144297], [2.324255200001062, 19665.389346620083], [2.36420519999956, 19652.886145377677], [2.7464852999983123, 19648.875616578334], [2.7580985000022338, 19635.83528939955], [2.8347636999969836, 19632.141596582038], [3.0022280999983195, 19602.49982097315], [3.022182000000612, 18558.613166869487], [3.33909329999733, 18558.267067854547], [4.6993101999978535, 18546.775784113892], [4.851048999997147, 18541.952638112594], [5.367598999997426, 18541.908057772915], [5.380509299997357, 18541.848162025457], [5.998141900003247, 18539.00269750577], [7.03635519999807, 18537.20123358547], [7.076134000002639, 18533.440852808362], [7.640525100003288, 18532.554011639262], [8.432020200001716, 18505.87104299319]]",59.9809395,59.921875,0.9990152788453739,False,48.6,551.58984375,4,,,,,eaa3f86d9312c0970ce9,430.0,430.0,0.06629930000053719,0.0011545000015757978,0.6376923999996507,59.18861969994032,"{""interior"": 108, ""fronteira"": 108, ""liberacao"": 107, ""regret"": 107, ""abertura"": 0}","{""interior"": 2, ""fronteira"": 7, ""liberacao"": 9, ""regret"": 7, ""abertura"": 0}",0.0,,,
clusters_m30_n150_r3.0_s1000,clusters,3.0,30,150,clns:rotacao,18503.43739217394,True,-1,2,60.0,59.9980967,0.0,19141.927883609125,17935.58570279922,gap,"[[0.06516980000014883, 24184.292535946533], [0.08878459999687038, 23430.44916501225], [0.2541869999986375, 20046.869522129346], [1.365769599993655, 20040.948864168888], [3.004381499995361, 19834.613154832838], [3.3223671999949147, 19782.150434037543], [5.35280409999541, 18540.314257000424], [5.407240499996988, 18519.781882975614], [5.899845599997207, 18513.447451652617], [6.35937539999577, 18511.060717488643], [6.403818699996918, 18510.854519300905], [7.2750849000003655, 18506.878272825863], [10.657033799994679, 18503.43739217394]]",59.9980967,59.96875,0.9995108728174039,False,59.2,669.68359375,6,,,,,eaa3f86d9312c0970ce9,355.0,355.0,0.06403879999561468,0.0011305000007268973,0.595481899974402,59.26176399997348,"{""interior"": 89, ""fronteira"": 89, ""liberacao"": 89, ""regret"": 88, ""abertura"": 0}","{""interior"": 1, ""fronteira"": 5, ""liberacao"": 5, ""regret"": 1, ""abertura"": 0}",0.0,,,
clusters_m30_n150_r3.0_s1000,clusters,3.0,30,150,completo,19229.7016030865,True,-1,0,60.0,57.0891383,0.0,19141.927883609125,17935.58570279922,gap,"[[0.3130416000058176, 29469.42882471813], [1.9405563000036636, 24594.3160546143], [5.979412100001355, 20460.920892049646], [6.453642500004207, 19942.048965059617], [6.554792200004158, 19246.752690161335], [52.97190820000105, 19229.701603086516]]",57.0891383,56.921875,0.9970701379460127,False,52.3,629.85546875,2,250.0,False,1.0,1.0,eaa3f86d9312c0970ce9,,,,,,,,,,,,
clusters_m30_n150_r3.0_s1000,clusters,3.0,30,150,hibrido:aprendido,18502.481557092087,True,-1,0,60.0,59.9974026,0.0,19141.927883609125,17935.58570279922,gap,"[[0.15923430000111694, 20672.636905303258], [0.2740918999988935, 20568.656168313883], [0.55854890000046, 20549.87342570384], [0.6152997000026517, 18862.840031101136], [0.6489604000016698, 18829.79604461491], [0.6790387000000919, 18828.43817633225], [0.942058000000543, 18763.72215886751], [3.0593662000028417, 18631.670343142803], [5.778665799996816, 18608.652206839895], [6.281852499996603, 18606.200247812332], [6.283287400001427, 18600.156212617923], [6.29591320000327, 18594.760750899997], [8.047610899993742, 18594.760750899997], [14.06810029999906, 18594.760750899997], [18.371625399995537, 18594.760750899997], [30.000597999998718, 18594.760750899997], [30.464817300002323, 18578.59593620418], [30.995654799997283, 18574.724829223967], [32.93380179999804, 18515.721043567606], [34.69670989999577, 18515.446228861736], [36.442686700000195, 18502.481557092087]]",59.9974026,59.953125,0.9992620080523286,False,49.3,551.58984375,4,,,,,eaa3f86d9312c0970ce9,574.0,574.0,,,3.1215807998669334,26.75526090004132,"{""interior"": 480, ""fronteira"": 13, ""liberacao"": 45, ""regret"": 36, ""abertura"": 0}","{""interior"": 0, ""fronteira"": 2, ""liberacao"": 2, ""regret"": 1, ""abertura"": 0}",2.2812165000868845,30.000408799998695,18594.760750899997,367.0
clusters_m30_n150_r3.0_s1000,clusters,3.0,30,150,hibrido:aprendido,18504.13394101441,True,-1,1,60.0,59.9990905,0.0,19141.927883609125,17935.58570279922,gap,"[[0.15844099999958416, 20672.636905303258], [0.30855110000265995, 20568.656168313883], [0.6427110000004177, 20549.87342570384], [0.6964649000001373, 18862.840031101136], [0.7298016999993706, 18829.79604461491], [0.7598661000010907, 18828.43817633225], [1.0516050000005635, 18765.057029968477], [4.217809400004626, 18672.07664838799], [4.344233000003442, 18604.565199574914], [5.354837300001236, 18602.48703450755], [5.360352400006377, 18599.590553244863], [5.370385500005796, 18589.138790187568], [7.5561747000028845, 18576.708410255833], [8.05072160000418, 18576.708410255833], [14.074553900005412, 18576.708410255833], [18.122133900003973, 18576.708410255833], [30.008279900008347, 18576.70841025583], [30.04438860000664, 18574.50329173608], [30.066616000003705, 18573.998372059512], [30.480965200003993, 18514.773714723102], [30.657445100005134, 18513.991194817376], [31.149898000003304, 18512.938879645495], [32.070270100004564, 18512.773600314173], [32.8120035000029, 18512.01884402652], [37.12633650000498, 18510.336958498017], [43.872953300007794, 18507.03930128155], [45.20871320000879, 18504.13394101441]]",59.9990905,59.828125,0.9971505318068113,False,49.4,629.85546875,2,,,,,eaa3f86d9312c0970ce9,254.0,254.0,,,1.427060000001802,28.507152800040785,"{""interior"": 165, ""fronteira"": 45, ""liberacao"": 26, ""regret"": 18, ""abertura"": 0}","{""interior"": 1, ""fronteira"": 5, ""liberacao"": 4, ""regret"": 0, ""abertura"": 0}",1.050537399984023,30.00809570000274,18576.70841025583,421.0
clusters_m30_n150_r3.0_s1000,clusters,3.0,30,150,hibrido:aprendido,18240.583659759202,True,-1,2,60.0,59.9877178,0.0,19141.927883609125,17935.58570279922,gap,"[[0.16872149999835528, 20672.636905303258], [0.28365759999724105, 20568.656168313883], [0.5680460000003222, 20549.87342570384], [0.6381466000020737, 18862.840031101136], [0.6762205999984872, 18829.79604461491], [0.7095591999968747, 18828.43817633225], [1.0136571999973967, 18765.057029968477], [3.3574336000019684, 18753.72939637335], [3.3601521999953547, 18751.67316229734], [3.362276899999415, 18724.501739069427], [3.965904299999238, 18705.984014169077], [5.371590999995533, 18675.04826097971], [5.377063300002192, 18656.920849934875], [5.390385099999548, 18653.601532139157], [5.406679799998528, 18619.953309957637], [7.6006722999954945, 18587.440816672664], [8.0420266000001, 18587.440816672664], [14.062121400005708, 18587.440816672664], [17.88512960000662, 18297.956672383873], [18.41585550000309, 18297.95667238388], [24.85009970000101, 18297.95667238387], [29.993369600000733, 18297.956672383873], [30.111095899999782, 18289.17576548404], [30.146159299998544, 18286.785916506888], [30.660796199998003, 18267.454684183554], [30.67928089999623, 18248.701207029222], [31.140844599998672, 18247.547652249676], [46.13153449999663, 18241.80859479848], [46.26014389999909, 18240.583659759202]]",59.9877178,59.90625,0.9986419253309217,False,50.2,629.85546875,2,,,,,eaa3f86d9312c0970ce9,335.0,335.0,,,1.8582624000846408,28.064883199891483,"{""interior"": 47, ""fronteira"": 234, ""liberacao"": 15, ""regret"": 39, ""abertura"": 0}","{""interior"": 3, ""fronteira"": 2, ""liberacao"": 2, ""regret"": 0, ""abertura"": 0}",1.3519525000228896,29.993167699998594,18297.956672383873,421.0
clusters_m30_n150_r3.0_s1000,clusters,3.0,30,150,hibrido:gnn,18502.481557092087,True,-1,0,60.0,59.9986163,0.0,19141.927883609125,17935.58570279922,gap,"[[0.18821180000668392, 20672.636905303258], [0.3035983000008855, 20568.656168313883], [0.5887287000005017, 20549.87342570384], [0.6416414000050281, 18862.840031101136], [0.6729661000063061, 18829.79604461491], [0.7034756000066409, 18828.43817633225], [0.9355853000015486, 18763.72215886751], [3.1080255000051693, 18631.670343142803], [5.782510100005311, 18608.652206839895], [6.285002500000701, 18606.200247812332], [6.286377900003572, 18600.156212617923], [6.298540200004936, 18594.760750899997], [8.063560499991581, 18594.760750899997], [14.073261300000013, 18594.760750899997], [18.375461399991764, 18594.760750899997], [30.00195949999761, 18594.760750899997], [30.037175400000706, 18591.506671741154], [30.120763999999326, 18585.12859812661], [30.992194200000085, 18506.3526640723], [32.70551919999707, 18505.840285899823], [34.31041869999899, 18502.481557092087]]",59.9986163,59.8125,0.996897990129149,False,52.2,580.78125,4,,,,,eaa3f86d9312c0970ce9,222.0,222.0,,,1.179852900088008,28.75745509997796,"{""interior"": 70, ""fronteira"": 48, ""liberacao"": 42, ""regret"": 33, ""abertura"": 29}","{""interior"": 2, ""fronteira"": 0, ""liberacao"": 2, ""regret"": 1, ""abertura"": 0}",0.0,30.001773399999365,18594.760750899997,368.0
clusters_m30_n150_r3.0_s1000,clusters,3.0,30,150,hibrido:gnn,18505.815826542912,True,-1,1,60.0,59.9976685,0.0,19141.927883609125,17935.58570279922,gap,"[[0.1730782000013278, 20672.636905303258], [0.30302239999582525, 20568.656168313883], [0.591248299999279, 20549.87342570384], [0.6591179999959422, 18862.840031101136], [0.7072810999961803, 18829.79604461491], [0.7399377999972785, 18828.43817633225], [1.0321521000005305, 18765.057029968477], [4.124789299996337, 18672.07664838799], [4.251724399997329, 18604.565199574914], [5.236764000001131, 18602.48703450755], [5.242367899998499, 18599.590553244863], [5.252953299997898, 18589.138790187568], [7.4677332999999635, 18576.708410255833], [8.047310300004028, 18576.708410255833], [14.068104400001175, 18576.708410255833], [18.39157669999986, 18576.708410255833], [29.999540799995884, 18576.70841025583], [31.403510399999504, 18576.124284431608], [32.66492719999951, 18511.28073543581], [35.253455699996266, 18510.228420263928], [38.375905499997316, 18510.051216689935], [42.1825084000011, 18507.846098170186], [46.77601899999718, 18507.063578264464], [49.86800190000213, 18506.570582830565], [54.16763060000085, 18505.815826542912]]",59.9976685,59.984375,0.9997784330569446,False,49.0,669.68359375,6,,,,,eaa3f86d9312c0970ce9,206.0,206.0,,,1.0212001999825588,28.91634389999672,"{""interior"": 54, ""fronteira"": 48, ""liberacao"": 31, ""regret"": 39, ""abertura"": 34}","{""interior"": 1, ""fronteira"": 4, ""liberacao"": 3, ""regret"": 0, ""abertura"": 0}",0.0,29.999346600001445,18576.70841025583,426.0
clusters_m30_n150_r3.0_s1000,clusters,3.0,30,150,hibrido:gnn,18503.456901611025,True,-1,2,60.0,59.9975197,0.0,19141.927883609125,17935.58570279922,gap,"[[0.1587018999925931, 20672.636905303258], [0.2734111999961897, 20568.656168313883], [0.6030869999958668, 20549.87342570384], [0.6576698999924702, 18862.840031101136], [0.6898063999906299, 18829.79604461491], [0.7318056999938563, 18828.43817633225], [1.0467763999913586, 18765.057029968477], [3.3022544999912498, 18753.72939637335], [3.305114999995567, 18751.67316229734], [3.307349599992449, 18724.501739069427], [3.893111299992597, 18705.984014169077], [5.322232199992868, 18675.04826097971], [5.32773439999437, 18656.920849934875], [5.348127899997053, 18653.601532139157], [5.366163399994548, 18619.953309957637], [7.56890279999061, 18587.440816672664], [7.983951399990474, 18577.099086513143], [8.053818799999135, 18577.099086513143], [14.41131819999282, 18577.099086513143], [18.13136569999915, 18577.099086513143], [30.000271199991403, 18577.09908651314], [30.965847299994493, 18513.762616726322], [32.208749399993394, 18513.702720978865], [33.39170839999133, 18510.85725645918], [37.796932499994, 18503.456901611025]]",59.9975197,59.953125,0.9992600577453538,False,50.4,580.78125,4,,,,,eaa3f86d9312c0970ce9,208.0,208.0,,,1.0571604999859119,28.89217140006076,"{""interior"": 60, ""fronteira"": 42, ""liberacao"": 40, ""regret"": 33, ""abertura"": 33}","{""interior"": 0, ""fronteira"": 0, ""liberacao"": 3, ""regret"": 1, ""abertura"": 0}",0.0,30.00008749999688,18577.09908651314,424.0
clusters_m30_n150_r3.0_s1000,clusters,3.0,30,150,hibrido:rotacao,18502.481557092087,True,-1,0,60.0,60.0055827,0.005582699999997942,19141.927883609125,17935.58570279922,gap,"[[0.2089140000025509, 20672.636905303258], [0.3295171999998274, 20568.656168313883], [0.6234505000029458, 20549.87342570384], [0.6763202000001911, 18862.840031101136], [0.7087466000011773, 18829.79604461491], [0.7405910000015865, 18828.43817633225], [0.9754186999998637, 18763.72215886751], [3.148074500000803, 18631.670343142803], [5.895927800003847, 18608.652206839895], [6.408783600003517, 18606.200247812332], [6.410113800004183, 18600.156212617923], [6.4240738000007696, 18594.760750899997], [8.052585799989174, 18594.760750899997], [14.068904499996279, 18594.760750899997], [18.359870899999805, 18594.760750899997], [30.0012793999922, 18594.760750899997], [30.060795399993367, 18594.24837272752], [31.001606599995284, 18516.56174700847], [31.01430979998986, 18514.598434537627], [31.68463189999602, 18511.03938195992], [31.738737299994682, 18510.546641546676], [32.01084319999063, 18505.840285899823], [33.965756599995075, 18502.481557092087]]",60.0055827,59.796875,0.9965218619566876,False,49.4,629.85546875,2,,,,,eaa3f86d9312c0970ce9,171.0,171.0,,,0.27694829998654313,29.67726389989548,"{""interior"": 43, ""fronteira"": 43, ""liberacao"": 43, ""regret"": 42, ""abertura"": 0}","{""interior"": 1, ""fronteira"": 3, ""liberacao"": 2, ""regret"": 1, ""abertura"": 0}",0.0,30.001067699995474,18594.760750899997,367.0
clusters_m30_n150_r3.0_s1000,clusters,3.0,30,150,hibrido:rotacao,18504.13394101441,True,-1,1,60.0,59.9957168,0.0,19141.927883609125,17935.58570279922,gap,"[[0.15463190000446048, 20672.636905303258], [0.27124570000887616, 20568.656168313883], [0.6038962000020547, 20549.87342570384], [0.6570228000055067, 18862.840031101136], [0.6893901000075857, 18829.79604461491], [0.7225624000056996, 18828.43817633225], [1.0073959000073955, 18765.057029968477], [4.115314500006207, 18672.07664838799], [4.248614800002542, 18604.565199574914], [5.2040258000051836, 18602.48703450755], [5.209938700005296, 18599.590553244863], [5.221044300007634, 18589.138790187568], [7.394460900002741, 18576.708410255833], [8.453040400003374, 18576.708410255833], [13.06830190000619, 18576.708410255833], [17.107317999994848, 18576.708410255833], [30.001709799995297, 18576.70841025583], [30.647756599995773, 18575.65609508395], [30.997979799998575, 18523.912855186645], [31.148124200000893, 18518.4609654256], [31.441603200000827, 18510.979547986488], [32.057313699995575, 18510.814268655166], [33.00092269999732, 18507.5166114387], [33.05247470000177, 18507.45671569124], [33.778475699997216, 18506.979405534094], [37.332947399998375, 18506.880444147206], [40.00005389999569, 18504.13394101441]]",59.9957168,59.96875,0.9995505212465434,False,48.6,669.68359375,6,,,,,eaa3f86d9312c0970ce9,213.0,213.0,,,0.3221086999619729,29.620851199993922,"{""interior"": 54, ""fronteira"": 53, ""liberacao"": 53, ""regret"": 53, ""abertura"": 0}","{""interior"": 1, ""fronteira"": 3, ""liberacao"": 6, ""regret"": 0, ""abertura"": 0}",0.0,30.00149429999874,18576.70841025583,428.0
clusters_m30_n150_r3.0_s1000,clusters,3.0,30,150,hibrido:rotacao,18503.415664865555,True,-1,2,60.0,59.9820896,0.0,19141.927883609125,17935.58570279922,gap,"[[0.15612919999693986, 20672.636905303258], [0.26973020000150427, 20568.656168313883], [0.624168100002862, 20549.87342570384], [0.6778982000032556, 18862.840031101136], [0.7099342000001343, 18829.79604461491], [0.740137799999502, 18828.43817633225], [1.0330804000041098, 18765.057029968477], [3.4015290000024834, 18753.72939637335], [3.4042497999980696, 18751.67316229734], [3.4063773000016226, 18724.501739069427], [4.042747999999847, 18705.984014169077], [5.564017900003819, 18675.04826097971], [5.569866500001808, 18656.920849934875], [5.583529600000475, 18653.601532139157], [5.601594200001273, 18619.953309957637], [7.822143500001403, 18587.440816672664], [8.032687099999748, 18587.440816672664], [14.323177200007194, 18587.440816672664], [18.09460379999655, 18587.440816672664], [29.992755100000068, 18587.440816672664], [30.9012062000038, 18579.66568766711], [32.13457600000402, 18577.75167112345], [33.98371030000271, 18519.570379245502], [34.738535199998296, 18515.650608028034], [34.772692900005495, 18515.625857736002], [35.16170940000302, 18513.9439722075], [35.97850109999854, 18510.127179609335], [37.283272799999395, 18508.960386750732], [37.82393610000145, 18506.11492223105], [38.996614900002896, 18503.415664865555]]",59.9820896,59.8125,0.99717266268763,False,50.6,540.68359375,2,,,,,eaa3f86d9312c0970ce9,191.0,191.0,,,0.2796072999481112,29.65576950000832,"{""interior"": 48, ""fronteira"": 48, ""liberacao"": 48, ""regret"": 47, ""abertura"": 0}","{""interior"": 0, ""fronteira"": 1, ""liberacao"": 7, ""regret"": 2, ""abertura"": 0}",0.0,29.992425500000536,18587.440816672664,416.0
clusters_m30_n150_r3.0_s1000,clusters,3.0,30,150,lns,18964.741265357734,True,-1,0,60.0,60.0360894,0.036089400000001604,19141.927883609125,17935.58570279922,gap,"[[1.1536924000029103, 20708.43403458607], [1.6505007000014302, 20704.861048126768], [1.693979700001364, 20622.96581141561], [2.1598757000028854, 20593.661388540328], [2.8574290000033216, 19690.987158347685], [6.475251199997729, 19671.447501105245], [7.002583699999377, 19608.760613421913], [7.132260500002303, 19599.23320339618], [10.046088100003544, 19548.120771835784], [10.589028200003668, 19400.968266196927], [11.795725099997071, 19236.478513815466], [13.748331700000563, 19201.93823974254], [15.188278499997978, 19038.05560377916], [16.265541799999482, 19035.353150654177], [17.291420200002904, 19006.517892167572], [17.582907399999385, 19006.270592940313], [17.741003800001636, 19000.501686728363], [23.76082470000256, 18977.295525628546], [34.54595849999896, 18974.724086663748], [51.32725329999812, 18964.741265357734]]",60.0360894,59.9375,0.9983578310815161,False,50.6,551.58984375,4,0.0,False,1.0,1.0,eaa3f86d9312c0970ce9,,,,,,,,,,,,
clusters_m30_n150_r3.0_s1000,clusters,3.0,30,150,lns,18647.588334998145,True,-1,1,60.0,60.0058895,0.005889500000002101,19141.927883609125,17935.58570279922,gap,"[[0.8377394000053755, 20708.43403458607], [1.8388954000038211, 20375.239336772305], [4.4513847999987775, 20365.1928024715], [5.583308799999941, 20265.372164143737], [5.716091500005859, 20257.384095820962], [6.31176950000372, 20207.7254575834], [7.348346400001901, 19422.97988592142], [8.704496700003801, 19416.72315128217], [10.406598100002157, 19401.521778724797], [11.32623070000409, 19273.974537454626], [12.622411500000453, 19246.600765596842], [15.35614020000503, 19231.9823690056], [18.74276480000117, 19199.626366158856], [20.181851500004996, 19184.709310335777], [21.115637400005653, 19164.24483991167], [22.758401400002185, 19011.92274849036], [22.924723500000255, 18955.83879908638], [23.70992870000191, 18942.20311342077], [24.38055180000083, 18842.141906703768], [25.29387080000015, 18805.221236572143], [27.677865000005113, 18752.786556164083], [29.149948999998742, 18737.906745155153], [30.949093100003665, 18717.42964387479], [43.07839700000477, 18647.588334998145]]",60.0058895,60.0,0.9999018513007794,False,50.6,669.68359375,6,0.0,False,1.0,1.0,eaa3f86d9312c0970ce9,,,,,,,,,,,,
clusters_m30_n150_r3.0_s1000,clusters,3.0,30,150,lns,18508.687210316508,True,-1,2,60.0,60.0338909,0.033890900000002944,19141.927883609125,17935.58570279922,gap,"[[1.0154526999976952, 20708.43403458607], [3.9761852999945404, 20375.239336772305], [4.38509139999951, 20257.148658817056], [5.132372999993095, 20190.861958375128], [5.854496699997981, 19418.72133392306], [12.614267799996014, 19413.13033315659], [19.882765199996356, 19302.39100294163], [22.944258999996237, 19276.32852160842], [23.4883250999992, 19220.63785495743], [24.34571589999541, 19217.88431281964], [31.685439299995778, 19193.734363240797], [32.49895429999742, 19191.52836230377], [35.09610519999842, 19177.58519846538], [39.35105049999402, 19174.52357425109], [40.272149299999, 18688.586148131588], [40.664275199997064, 18647.99485049559], [43.226391699994565, 18646.162126153384], [43.55594709999423, 18530.902535869256], [44.40974119999737, 18530.641237015607], [50.350888699998904, 18508.687210316508]]",60.0338909,59.890625,0.9976135829636856,False,48.6,540.68359375,2,0.0,False,1.0,1.0,eaa3f86d9312c0970ce9,,,,,,,,,,,,
clusters_m30_n150_r3.0_s1000,clusters,3.0,30,150,warm_classico,19098.4282531415,True,-1,0,60.0,58.0313387,0.0,19141.927883609125,17935.58570279922,gap,"[[0.8566614000010304, 20708.43403458607], [1.3796876999986125, 20704.861048126768], [1.4193099000040093, 20622.96581141561], [1.8904804999983753, 20593.661388540328], [2.567547200000263, 19690.987158347685], [6.246767700002238, 19690.98715834769], [12.007085800003551, 19123.560677035664], [12.011898400000064, 19122.009067484167], [12.029826700003468, 19111.128449975316], [47.64510259999952, 19098.428253141505]]",58.0313387,58.0,0.9994599693768567,False,49.2,669.68359375,6,193.0,False,1.0,2.0,eaa3f86d9312c0970ce9,,,,,,,,,,,,
clusters_m30_n150_r3.0_s1001,clusters,3.0,30,150,adaptativa:gnn,20205.186075104688,True,0,0,60.0,59.0066271,0.0,20233.17136246442,19345.2801136219,gap,"[[0.23727349999535363, 22749.81935556292], [0.44043609999789624, 22466.8569314406], [1.0866419999947539, 22431.65410855169], [1.1161131999979261, 22431.054454350287], [1.8778821999949287, 20370.109113511044], [3.2257074999943143, 20295.00314314949], [3.3697647000008146, 20294.229551744782], [3.9417548999990686, 20257.811671328447], [4.294362000000547, 20246.163046546164], [5.746916099997179, 20236.001364089927], [5.7473987999983365, 20233.15750927309], [5.7565048999967985, 20232.48923384857], [7.987945799999579, 20226.98091516822], [10.27404089999618, 20226.288907634993], [10.481084999999439, 20213.931617661878], [12.483880899999349, 20207.754211803767], [12.828708799999731, 20207.631169954362], [14.96410509999987, 20205.186075104684], [15.051439900002151, 20205.186075104662], [26.081731999998738, 20205.186075104662], [35.13230599999952, 20205.186075104662]]",59.0066271,58.953125,0.9990932865911938,False,45.2,712.03125,6,48.0,False,1.0,4.0,eaa3f86d9312c0970ce9,,,,,,,,,,,,
clusters_m30_n150_r3.0_s1001,clusters,3.0,30,150,clns:alns,20343.236886638366,True,-1,0,60.0,59.9955508,0.0,20233.17136246442,19345.2801136219,gap,"[[0.09772379999776604, 24846.42679914988], [0.13801019999664277, 23608.87512501148], [0.37636550000024727, 21765.35140617691], [0.6276648999992176, 21752.20724021423], [0.9957550000035553, 21750.79189454334], [1.6314431999999215, 21750.203080366937], [1.6584116000012727, 21738.229546094888], [1.9542542999988655, 21729.139048093988], [2.0449913999982527, 20385.239583931885], [8.995400599997083, 20384.037325667094], [11.818779000001086, 20353.93934367287], [13.85343450000073, 20351.291743332567], [15.227142999996431, 20343.492042942147], [21.664449900003092, 20343.236886638366]]",59.9955508,59.90625,0.9985115429592822,False,44.1,715.8984375,2,,,,,eaa3f86d9312c0970ce9,289.0,289.0,0.09661010000127135,0.001113000005716458,0.3404621000008774,59.485588400064444,"{""interior"": 60, ""fronteira"": 77, ""liberacao"": 88, ""regret"": 64, ""abertura"": 0}","{""interior"": 2, ""fronteira"": 5, ""liberacao"": 6, ""regret"": 0, ""abertura"": 0}",0.0,,,
clusters_m30_n150_r3.0_s1001,clusters,3.0,30,150,clns:alns,20000.541685996068,True,-1,1,60.0,59.9725265,0.0,20233.17136246442,19345.2801136219,gap,"[[0.10309070000221254, 24846.42679914988], [0.13191740000183927, 24600.183988230037], [1.000564400004805, 23417.06022458855], [2.0060659000009764, 22948.69624622997], [2.0491278000044986, 21592.95752568421], [2.062136600005033, 21588.398686142624], [2.2325659000052838, 21588.36277751696], [2.63697410000168, 21546.02584849091], [2.917310600001656, 21545.89157060252], [3.170432000006258, 21543.98090693634], [3.3702429000040866, 21538.53011825232], [3.9981393000052776, 21483.969991298865], [6.9150975000011385, 21482.744953944028], [7.001481400002376, 21480.25814396728], [7.127441700002237, 21477.559663572214], [7.6799318000048515, 21465.259355006223], [7.7261351000051945, 21464.673620988884], [7.950897900002019, 21456.874393926344], [12.00456000000122, 21436.64386493076], [12.98650970000017, 21436.37105986356], [13.997939800006861, 21435.663562208298], [15.018391700003122, 20977.00947293776], [15.054288300001645, 20885.911657630175], [15.06844600000477, 20875.083350243312], [15.514248300001782, 20724.881688544723], [15.56862660000479, 20672.282298144382], [15.99643130000186, 20645.985840414156], [16.138476300002367, 20635.57540608074], [16.444994400000724, 20623.659473313048], [16.996589400005178, 20619.78305360051], [18.0005844000043, 20617.348078363917], [18.42496700000629, 20616.670347224783], [20.318224200003897, 20616.143715823087], [28.888635800001794, 20611.80360074494], [29.996699200004514, 20607.035659345296], [31.06644360000064, 20505.088832269023], [31.161221600006684, 20489.58536275291], [31.17589880000014, 20486.5097554003], [32.005459100000735, 20407.688593909883], [32.04976670000178, 20314.85073325762], [32.06262030000653, 20288.95766446319], [32.175219300006574, 20225.004874696628], [32.18743330000143, 20215.470299167937], [33.029095900004904, 20211.18263339055], [34.38657090000197, 20206.79799622213], [35.00669430000562, 20108.40382678266], [35.32873960000143, 20106.695471141917], [35.52349660000618, 20063.016478951806], [36.715523400001985, 20007.632112735853], [37.20853390000411, 20006.352308764144], [38.55931530000089, 20001.996890273116], [39.12609870000597, 20000.541685996068]]",59.9725265,59.96875,0.999937029499666,False,44.4,669.68359375,6,,,,,eaa3f86d9312c0970ce9,311.0,311.0,0.10202050000225427,0.0010697999969124794,0.43157049993169494,59.370314100029645,"{""interior"": 69, ""fronteira"": 84, ""liberacao"": 95, ""regret"": 63, ""abertura"": 0}","{""interior"": 7, ""fronteira"": 16, ""liberacao"": 21, ""regret"": 7, ""abertura"": 0}",0.0,,,
clusters_m30_n150_r3.0_s1001,clusters,3.0,30,150,clns:alns,19996.40288395855,True,-1,2,60.0,59.99924,0.0,20233.17136246442,19345.2801136219,gap,"[[0.10685159999411553, 24846.42679914988], [1.001685399998678, 23711.593758135874], [1.2180133999936515, 23699.62022386383], [1.2764992999946116, 22942.224335749503], [2.0062320999932126, 20866.211828552605], [2.3438704000000143, 20801.017420459986], [2.4256500999981654, 20683.65403991087], [2.575459299994691, 20602.678226977674], [2.890693800000008, 20588.35681225696], [5.011130499995488, 20309.285705290105], [5.406024899995828, 20104.17124656636], [5.460255699996196, 20056.804246871674], [5.64207379999425, 20028.99050827341], [5.766942599999311, 20024.035768152047], [6.324999199998274, 20015.381689125505], [7.489195699999982, 20012.106927573164], [9.000286799993773, 20005.47769268314], [9.653422699993826, 20001.289258805224], [9.69888259999425, 19998.44540398839], [9.7361202999964, 19998.07541096795], [10.974506899998232, 19996.40288395855]]",59.99924,59.96875,0.999491826896474,False,43.4,715.8984375,2,,,,,eaa3f86d9312c0970ce9,366.0,366.0,0.1057132999994792,0.001137600003858097,0.5512907000302221,59.26421750004374,"{""interior"": 86, ""fronteira"": 87, ""liberacao"": 115, ""regret"": 78, ""abertura"": 0}","{""interior"": 3, ""fronteira"": 6, ""liberacao"": 7, ""regret"": 4, ""abertura"": 0}",0.0,,,
clusters_m30_n150_r3.0_s1001,clusters,3.0,30,150,clns:aprendido,20343.236886638366,True,-1,0,60.0,59.96011,0.0,20233.17136246442,19345.2801136219,gap,"[[0.13546219999989262, 24846.42679914988], [0.1698941999929957, 23549.619656890594], [0.18569859999843175, 23487.402912700934], [0.24856759999966016, 22131.529914266783], [0.26449029999639606, 22095.545848351776], [0.2818379999953322, 20928.112930800373], [3.566309599998931, 20885.506558126388], [4.264742199993634, 20443.52950902689], [4.30976599999849, 20437.513939931516], [4.638509899996279, 20432.835350361063], [4.654089699994074, 20425.83035199647], [4.719536299999163, 20411.540024019407], [5.207312799997453, 20382.613843424486], [7.999004599994805, 20357.281366160456], [8.01518259999284, 20357.235669284622], [19.34867299999314, 20356.244386447645], [30.094966799995746, 20351.28389776674], [32.205359199993836, 20343.236886638366]]",59.96011,59.953125,0.999883505884162,False,44.4,735.0703125,4,,,,,eaa3f86d9312c0970ce9,2078.0,2078.0,0.1334759999954258,0.001985499999136664,10.480943399910757,48.994067400133645,"{""interior"": 1994, ""fronteira"": 31, ""liberacao"": 31, ""regret"": 22, ""abertura"": 0}","{""interior"": 4, ""fronteira"": 4, ""liberacao"": 4, ""regret"": 5, ""abertura"": 0}",8.135639499996614,,,
clusters_m30_n150_r3.0_s1001,clusters,3.0,30,150,clns:aprendido,20575.25277256187,True,-1,1,60.0,59.9971027,0.0,20233.17136246442,19345.2801136219,gap,"[[0.10625140000047395, 24846.42679914988], [0.13945940000121482, 23549.619656890594], [0.15710140000010142, 23487.402912700934], [0.22614290000637993, 22131.529914266783], [0.2420648000043002, 22095.545848351776], [0.2600923000063631, 20928.112930800373], [0.9959621000016341, 20883.931229523496], [2.0001227000029758, 20802.244503209746], [6.849859600006312, 20799.58426604218], [7.2299132000043755, 20794.304970634217], [7.994815700003528, 20794.21145199878], [8.670155900006648, 20660.229250242646], [9.914693500002613, 20579.874717371138], [14.002940700003819, 20575.25277256187]]",59.9971027,59.953125,0.9992670029381269,False,44.4,715.8984375,2,,,,,eaa3f86d9312c0970ce9,178.0,178.0,0.10492760000488488,0.0013232000055722892,0.8782575000004726,58.98789239996404,"{""interior"": 10, ""fronteira"": 6, ""liberacao"": 152, ""regret"": 10, ""abertura"": 0}","{""interior"": 1, ""fronteira"": 4, ""liberacao"": 4, ""regret"": 4, ""abertura"": 0}",0.6668953999396763,,,
clusters_m30_n150_r3.0_s1001,clusters,3.0,30,150,clns:aprendido,20343.236886638366,True,-1,2,60.0,60.0356008,0.035600799999997434,20233.17136246442,19345.2801136219,gap,"[[0.11350490000040736, 24846.42679914988], [0.14473549999820534, 23549.619656890594], [0.1606921999991755, 23487.402912700934], [0.22344500000326661, 22131.529914266783], [0.23989080000319518, 22095.545848351776], [0.2582204999998794, 20928.112930800373], [0.27063099999941187, 20910.879388572797], [4.040754400004516, 20609.65656804929], [5.208021099999314, 20571.09550978926], [6.043192099998123, 20525.044837022222], [6.127195799999754, 20524.264357701748], [6.185880000004545, 20478.651324566745], [6.279672000004211, 20470.76321878301], [6.534037600002193, 20395.953388915455], [6.623343500003102, 20395.25876563156], [7.621430400002282, 20365.438952785342], [7.679416400002083, 20362.59263987428], [8.002156800001103, 20350.469807253212], [11.006097900004534, 20343.236886638366]]",60.0356008,60.015625,0.9996672674257638,False,44.2,735.0703125,4,,,,,eaa3f86d9312c0970ce9,2225.0,2225.0,0.11231870000483468,0.0011856999990413897,11.124665499846742,48.41319429995201,"{""interior"": 2131, ""fronteira"": 34, ""liberacao"": 37, ""regret"": 23, ""abertura"": 0}","{""interior"": 5, ""fronteira"": 4, ""liberacao"": 3, ""regret"": 6, ""abertura"": 0}",8.62140509992605,,,
clusters_m30_n150_r3.0_s1001,clusters,3.0,30,150,clns:gnn,20343.236886638366,True,-1,0,60.0,59.9966072,0.0,20233.17136246442,19345.2801136219,gap,"[[0.09824460000527324, 24846.42679914988], [0.1293638999995892, 24838.03474067826], [0.1432180000047083, 24780.31897789924], [0.911638600002334, 22595.979304786215], [0.9826041999986046, 22389.593468242798], [1.3602861000035773, 22327.181949541256], [1.6423996000012266, 22252.27576517088], [1.8866710000002058, 22235.042222943306], [2.228312700004608, 22234.852181244707], [3.0075598000039463, 22233.15267118138], [3.1888174999985495, 22229.679297316357], [3.6095562999980757, 22228.97726726972], [4.9867167999982485, 22219.178645156502], [6.410493900002621, 22218.526057602874], [9.989367300004233, 21768.035706139046], [10.116023200003838, 21734.560584438786], [10.255424100003438, 21715.426014388097], [10.371882500003267, 21715.214486971003], [10.637641100001929, 21715.168790095173], [11.413486000004923, 21708.49802070297], [12.991973700001836, 21703.13194192414], [15.019791700004134, 21702.755962815972], [21.83994430000166, 21701.378947946974], [21.938411000002816, 21700.481390634748], [27.99735740000324, 20344.608392200596], [34.66184630000498, 20344.36297561109], [34.72296659999847, 20343.492042942147], [49.95159240000066, 20343.236886638366]]",59.9966072,59.953125,0.9992752556847915,False,43.2,715.8984375,2,,,,,eaa3f86d9312c0970ce9,436.0,436.0,0.09694180000224151,0.001301900003454648,1.9532075999086373,57.84932890000346,"{""interior"": 143, ""fronteira"": 85, ""liberacao"": 75, ""regret"": 76, ""abertura"": 57}","{""interior"": 4, ""fronteira"": 5, ""liberacao"": 12, ""regret"": 5, ""abertura"": 1}",0.0,,,
clusters_m30_n150_r3.0_s1001,clusters,3.0,30,150,clns:gnn,20343.236886638366,True,-1,1,60.0,59.9918798,0.0,20233.17136246442,19345.2801136219,gap,"[[0.10065639999811538, 24846.42679914988], [0.13070219999644905, 23625.67447202756], [0.9766470999966259, 22305.918880809608], [1.2126822999998694, 22270.1021085335], [1.9759311000016169, 22268.79759072545], [2.346020099997986, 22266.28718598062], [3.589566000002378, 22262.77166599204], [5.979552500000864, 22255.694200784208], [6.382539899997937, 22254.13015644718], [11.43145419999928, 22085.110499288978], [11.483187899997574, 22067.341436756826], [12.790490200000932, 22066.847587265947], [14.42946590000065, 21806.15809165421], [14.543888100000913, 21756.2651497184], [14.767706600003294, 21747.839823424103], [15.162422000001243, 21733.682516450728], [16.976875799999107, 21719.39618436428], [18.231926599997678, 21718.974892003756], [21.82431180000276, 21712.976302158582], [22.439187999996648, 21699.109885072517], [26.983715100002883, 20343.236886638366]]",59.9918798,59.90625,0.9985726434929949,False,44.3,735.0703125,4,,,,,eaa3f86d9312c0970ce9,419.0,419.0,0.09932200000184821,0.0013338000062503852,1.97531799996068,57.81738519988721,"{""interior"": 133, ""fronteira"": 76, ""liberacao"": 87, ""regret"": 79, ""abertura"": 44}","{""interior"": 4, ""fronteira"": 6, ""liberacao"": 7, ""regret"": 3, ""abertura"": 0}",0.0,,,
clusters_m30_n150_r3.0_s1001,clusters,3.0,30,150,clns:gnn,20343.236886638366,True,-1,2,60.0,60.0040385,0.004038500000000056,20233.17136246442,19345.2801136219,gap,"[[0.10919550000107847, 24846.42679914988], [0.13872889999765903, 24809.521263811435], [0.1539833999995608, 24759.799232815265], [0.16954370000166818, 24699.175098012976], [0.1996073999980581, 24695.441352113492], [0.21665239999856567, 23553.364702708725], [0.985193900000013, 22115.59500315958], [1.1563490999978967, 22102.27267674935], [2.5304919999980484, 22099.646642985394], [5.674223499998334, 22026.16615605889], [5.7394368999957805, 22014.707238917737], [7.193429599996307, 22014.655123529195], [10.990795699995942, 22007.50106776578], [20.00779650000186, 20651.628069331633], [23.52732439999818, 20474.394910053234], [23.98616469999979, 20436.70227094269], [24.41097279999667, 20432.015168459937], [25.0830855000022, 20427.49249380571], [27.78462379999837, 20417.332942820714], [27.984599800001888, 20417.024720500944], [28.300631300000532, 20385.88339359982], [28.684063100001367, 20384.264819249336], [30.98124370000005, 20381.185285225147], [32.33876759999839, 20379.998483217176], [38.475034800001595, 20353.803747287468], [39.47268790000089, 20345.267900730993], [45.8631927000024, 20343.236886638366]]",60.0040385,59.9375,0.9988910996382352,False,44.2,715.8984375,2,,,,,eaa3f86d9312c0970ce9,325.0,325.0,0.10790779999661027,0.001286999999138061,1.4415749000181677,58.37278169997444,"{""interior"": 102, ""fronteira"": 53, ""liberacao"": 74, ""regret"": 63, ""abertura"": 33}","{""interior"": 3, ""fronteira"": 6, ""liberacao"": 10, ""regret"": 7, ""abertura"": 0}",0.0,,,
clusters_m30_n150_r3.0_s1001,clusters,3.0,30,150,clns:rotacao,19994.784377775788,True,-1,0,60.0,59.9923206,0.0,20233.17136246442,19345.2801136219,gap,"[[0.10081119999813382, 24846.42679914988], [0.12848159999703057, 24785.63766826993], [0.14151750000019092, 24692.887748209898], [0.5871041999998852, 22870.879823747946], [0.6724905999944895, 20850.08527284766], [0.7612711999972817, 20741.248046323457], [0.7731779999958235, 20737.68414178034], [0.8901277999975719, 20720.234205422654], [1.9927323000010801, 20631.316431821353], [2.993572799998219, 20628.963169189206], [3.086341899994295, 20624.751384133728], [3.152416599994467, 20622.187193837108], [3.9948091999976896, 20607.31842804131], [5.823004199999559, 20506.42910206447], [5.986422199996014, 20453.331431449456], [6.049506199997268, 20436.15070811489], [6.06264349999401, 20404.368505306975], [7.999981199995091, 20157.61372040351], [8.633524599994416, 20042.059737965905], [8.715069199999562, 20033.420886392698], [9.9965102999995, 20011.822640198043], [10.049604899999395, 20011.669954003384], [11.197068199995556, 20011.036566104696], [13.991039399996225, 20004.988549836795], [14.992406299999857, 20003.22754861437], [15.990603999998712, 20002.458122155622], [17.170995599997696, 20001.219303052083], [20.369966099999147, 20000.050890297152], [20.585430699997232, 19999.092146705512], [21.127550799996243, 19996.64771842643], [22.599013299994112, 19994.784377775788]]",59.9923206,59.9375,0.9990862063768875,False,45.9,715.8984375,2,,,,,eaa3f86d9312c0970ce9,359.0,359.0,0.09967229999892879,0.0011382000011508353,0.5151372999316663,59.30260709991853,"{""interior"": 90, ""fronteira"": 90, ""liberacao"": 90, ""regret"": 89, ""abertura"": 0}","{""interior"": 4, ""fronteira"": 11, ""liberacao"": 11, ""regret"": 4, ""abertura"": 0}",0.0,,,
clusters_m30_n150_r3.0_s1001,clusters,3.0,30,150,clns:rotacao,19994.906291589512,True,-1,1,60.0,59.9989036,0.0,20233.17136246442,19345.2801136219,gap,"[[0.10314269999798853, 24846.42679914988], [0.12835869999980787, 24834.453264877833], [0.1743724000043585, 23490.55380071573], [0.2175336000000243, 21023.008923352725], [0.393528000000515, 21005.761668006322], [0.9975335999988602, 20881.907132729095], [1.0124063000039314, 20856.26792344712], [1.0259385000026668, 20733.879647804504], [1.1626285000020289, 20648.02205413211], [1.9978014000007533, 20611.320440722964], [2.579157200001646, 20496.943857885537], [2.6193759000016144, 20443.846187270523], [3.015829100004339, 20430.370308855203], [3.0328312999990885, 20429.339263361704], [3.9973442000045907, 20424.133002670926], [5.007753600002616, 20180.594623753186], [5.031852699998126, 20148.713718912062], [5.219595499998832, 20145.869864095228], [6.038167700004124, 20039.01551254778], [6.810120400004962, 20033.7897264975], [6.8500800000038, 20032.062729077436], [7.184431800000311, 20028.723085069145], [8.032340500001737, 20028.200911484342], [8.811379700004181, 20017.516105056802], [8.858365000000049, 20016.051338234665], [9.098128600002383, 20012.591398351226], [9.759536199999275, 20003.27994190106], [9.922718300003908, 20001.768520481586], [11.457208600004378, 20000.600107726656], [11.574176699999953, 20000.267850169053], [17.459501099998306, 19997.361442598027], [21.872264900004666, 19994.906291589512]]",59.9989036,59.9375,0.9989765879655175,False,43.2,735.0703125,4,,,,,eaa3f86d9312c0970ce9,439.0,439.0,0.10180480000417447,0.0013373000037972815,0.6299302000261378,59.17827499999839,"{""interior"": 110, ""fronteira"": 110, ""liberacao"": 110, ""regret"": 109, ""abertura"": 0}","{""interior"": 5, ""fronteira"": 6, ""liberacao"": 11, ""regret"": 9, ""abertura"": 0}",0.0,,,
clusters_m30_n150_r3.0_s1001,clusters,3.0,30,150,clns:rotacao,20347.974999183534,True,-1,2,60.0,59.9901216,0.0,20233.17136246442,19345.2801136219,gap,"[[0.09814230000483803, 24846.42679914988], [0.1273046000060276, 23608.87512501148], [0.9868459000063012, 23497.044224770012], [1.528117400004703, 22283.139780046848], [2.0055082000035327, 22267.425951888108], [2.3656948000061675, 21777.667435785184], [2.9912178000013228, 21773.584307058343], [3.0928739000009955, 21756.837202348514], [3.3362768000006326, 21752.194904449498], [3.8894274000049336, 21737.11961322819], [3.9030091000022367, 21729.886692613345], [4.002244000002975, 21719.089464211243], [4.009838900004979, 21707.115929939195], [4.0685917000009795, 21685.88733817274], [4.277334000005794, 21685.47870492187], [4.452463500005251, 21684.828290674064], [5.140854700002819, 21678.596101500712], [5.164241800004675, 21676.160635186898], [6.994411800005764, 20347.974999183534]]",59.9901216,59.984375,0.9999042075620663,False,43.0,669.68359375,6,,,,,eaa3f86d9312c0970ce9,330.0,330.0,0.09704100000089966,0.0011008000001311302,0.3571577999755391,59.468044399989594,"{""interior"": 83, ""fronteira"": 83, ""liberacao"": 82, ""regret"": 82, ""abertura"": 0}","{""interior"": 5, ""fronteira"": 2, ""liberacao"": 6, ""regret"": 5, ""abertura"": 0}",0.0,,,
clusters_m30_n150_r3.0_s1001,clusters,3.0,30,150,completo,20240.801552881618,True,-1,0,60.0,56.9979925,0.0,20233.17136246442,19345.2801136219,gap,"[[0.30496140000468586, 44280.18681926374], [1.2437333000052604, 25358.369999585226], [1.245500600001833, 23267.905136538942], [4.897966299999098, 22219.86254595911], [4.93683030000102, 21987.55028118514], [38.75355280000076, 20760.151813639575], [38.75762310000573, 20753.01626572993], [38.772133600003144, 20736.618736540684], [40.667399900004966, 20285.61784401002], [40.68570720000571, 20247.518323951594], [40.7014599000031, 20247.25519098413], [47.81738550000591, 20247.071177334674], [53.115513500000816, 20240.80155288161]]",56.9979925,56.953125,0.9992128231533769,False,44.1,735.0703125,4,799.0,False,1.0,1.0,eaa3f86d9312c0970ce9,,,,,,,,,,,,
clusters_m30_n150_r3.0_s1001,clusters,3.0,30,150,hibrido:aprendido,20012.193623173884,True,-1,0,60.0,60.0491994,0.049199399999999116,20233.17136246442,19345.2801136219,gap,"[[0.19217460000072606, 22749.81935556292], [0.3864921999993385, 22466.8569314406], [1.041444299997238, 22431.65410855169], [1.0636713999992935, 22431.054454350287], [1.8007900000011432, 20370.109113511044], [3.1240835999997216, 20295.00314314949], [3.278722499999276, 20294.229551744782], [3.8525171000001137, 20257.811671328447], [4.180752599997504, 20246.163046546164], [5.584236199996667, 20236.001364089927], [5.584812199995213, 20233.15750927309], [5.59384080000018, 20232.48923384857], [7.793238099999144, 20226.98091516822], [8.087849400006235, 20226.98091516822], [14.316441199996916, 20226.98091516822], [18.192836300004274, 20226.98091516822], [30.04413139999815, 20226.980915168242], [30.443345199993928, 20225.14827687997], [32.251901999996335, 20224.885953006153], [35.05868929999269, 20135.808429409026], [36.04511239999556, 20109.49747086286], [37.04446079999616, 20101.184368765018], [39.00287119999848, 20020.463322206007], [39.15999899999588, 20020.281300667604], [39.345476399998006, 20018.87934418401], [39.55012399999396, 20015.44789258795], [40.71640859999752, 20012.193623173884]]",60.0491994,60.046875,0.9999612917403858,False,44.0,712.03125,6,,,,,eaa3f86d9312c0970ce9,248.0,248.0,,,1.2698396999840043,28.681442400062224,"{""interior"": 182, ""fronteira"": 19, ""liberacao"": 42, ""regret"": 5, ""abertura"": 0}","{""interior"": 1, ""fronteira"": 2, ""liberacao"": 5, ""regret"": 2, ""abertura"": 0}",0.9224718000768917,30.043938199996774,20226.980915168242,379.0
clusters_m30_n150_r3.0_s1001,clusters,3.0,30,150,hibrido:aprendido,20068.536884128116,True,-1,1,60.0,59.9754631,0.0,20233.17136246442,19345.2801136219,gap,"[[0.22507470000709873, 22749.81935556292], [0.40701640000770567, 22466.8569314406], [1.1282196000029217, 22431.65410855169], [1.1620936000035726, 22431.054454350287], [1.9143872000058764, 20370.109113511044], [3.9287960000074236, 20290.380350702824], [4.705488900006458, 20253.744287367128], [5.007108800004062, 20251.218308541072], [5.8864358000064385, 20239.232636761008], [5.891673700003594, 20238.56436133649], [5.898757000002661, 20233.535616010064], [8.026150400000915, 20233.535616010064], [14.054349999998522, 20233.535616010064], [18.10606589999952, 20233.535616010064], [29.976295799999207, 20233.53561601009], [31.974722599996312, 20230.46974092517], [32.250696099996276, 20227.625886108337], [32.97410110000055, 20226.199377869965], [33.97451020000153, 20223.165712006896], [50.98119719999522, 20113.085208373253], [51.27379529999598, 20082.906338927347], [51.82280699999683, 20081.85201608877], [52.120883700001286, 20075.840197349266], [52.505876800001715, 20071.245461611685], [52.819090199998755, 20070.098866156302], [55.98108549999597, 20068.536884128116]]",59.9754631,59.96875,0.9998880692260965,False,45.0,735.0703125,4,,,,,eaa3f86d9312c0970ce9,105.0,105.0,,,0.590903799944499,29.37179780002043,"{""interior"": 42, ""fronteira"": 8, ""liberacao"": 44, ""regret"": 11, ""abertura"": 0}","{""interior"": 2, ""fronteira"": 4, ""liberacao"": 3, ""regret"": 2, ""abertura"": 0}",0.43418569998902967,29.976097599996137,20233.53561601009,230.0
clusters_m30_n150_r3.0_s1001,clusters,3.0,30,150,hibrido:aprendido,20001.41798819678,True,-1,2,60.0,59.9962461,0.0,20233.17136246442,19345.2801136219,gap,"[[0.2006113000024925, 22749.81935556292], [0.39929680000204826, 22466.8569314406], [1.075324500001443, 22431.654108551706], [1.1026118000008864, 22431.05445435028], [1.8200532000046223, 20370.109113511044], [4.3580176000032225, 20284.58067425298], [5.072626600005606, 20270.241318925986], [5.136212600002182, 20270.185591101686], [5.138973000000988, 20255.18685344684], [5.803699399999459, 20248.071706908224], [5.8046863000054145, 20247.47665876473], [6.889815000002272, 20220.534308780552], [6.894962099999248, 20217.624688396634], [8.040578700005426, 20217.624688396634], [14.063767699997697, 20217.624688396634], [18.10281770000438, 20217.624688396634], [30.00689979999879, 20217.62468839666], [34.83832669999538, 20214.89032343135], [36.621153899999626, 20214.877814119613], [47.00017619999562, 20107.712563178597], [47.80490969999664, 20083.88711412851], [47.99211099999957, 20076.997861750155], [48.51215560000128, 20074.430573600614], [48.57116020000103, 20069.568730595656], [48.626752700001816, 20063.25434207027], [48.99301149999519, 20059.11307036104], [50.91374519999954, 20022.38874592222], [51.11670589999994, 20017.797036954045], [52.390206999996735, 20013.273036034065], [55.69829759999993, 20012.344739529515], [55.99350509999931, 20003.519567457937], [58.90170869999565, 20001.41798819678]]",59.9962461,60.0,1.000062568914624,False,46.0,712.03125,6,,,,,eaa3f86d9312c0970ce9,922.0,922.0,,,5.100900400044338,24.715983799935202,"{""interior"": 769, ""fronteira"": 42, ""liberacao"": 28, ""regret"": 83, ""abertura"": 0}","{""interior"": 2, ""fronteira"": 3, ""liberacao"": 6, ""regret"": 4, ""abertura"": 0}",3.7555391999485437,30.00656069999968,20217.62468839666,312.0
clusters_m30_n150_r3.0_s1001,clusters,3.0,30,150,hibrido:gnn,19997.151995536533,True,-1,0,60.0,59.9975148,0.0,20233.17136246442,19345.2801136219,gap,"[[0.19864469999447465, 22749.81935556292], [0.400983699997596, 22466.8569314406], [1.0722968999980367, 22431.65410855169], [1.0996604999963893, 22431.054454350287], [1.8574119999975665, 20370.109113511044], [3.2039820999925723, 20295.00314314949], [3.3475372999964748, 20294.229551744782], [3.923416999998153, 20257.811671328447], [4.264690399999381, 20246.163046546164], [5.651178299995081, 20236.001364089927], [5.651928099992801, 20233.15750927309], [5.66092349999235, 20232.48923384857], [7.826697999997123, 20226.98091516822], [8.044756999996025, 20226.98091516822], [14.09456539999519, 20226.98091516822], [18.31212979999691, 20226.98091516822], [29.999148499999137, 20226.980915168242], [30.14798609999707, 20226.80851991915], [30.711249300002237, 20211.4029611155], [32.76252899999963, 20209.1578922394], [36.998458900001424, 20065.65135436781], [38.19381579999754, 20061.99884765196], [38.64000970000052, 20060.23784642954], [40.999390799996036, 20057.661533533057], [41.42668089999643, 20055.412083549494], [41.99748009999894, 20053.895876147537], [44.075890599997365, 20050.2111898215], [44.53528879999794, 20050.17985140786], [47.00191690000065, 20043.64720718423], [51.99842609999905, 20042.806465236765], [53.99920920000295, 20042.349819601284], [55.43145050000021, 20040.997325627097], [59.997329699996044, 19997.151995536533]]",59.9975148,60.0,1.0000414217156874,False,43.6,712.03125,6,,,,,eaa3f86d9312c0970ce9,120.0,120.0,,,0.5700803999934578,29.394478899972455,"{""interior"": 33, ""fronteira"": 22, ""liberacao"": 28, ""regret"": 24, ""abertura"": 13}","{""interior"": 1, ""fronteira"": 6, ""liberacao"": 6, ""regret"": 3, ""abertura"": 0}",0.0,29.998947499996575,20226.980915168242,369.0
clusters_m30_n150_r3.0_s1001,clusters,3.0,30,150,hibrido:gnn,20057.768772037587,True,-1,1,60.0,59.9548049,0.0,20233.17136246442,19345.2801136219,gap,"[[0.19894819999171887, 22749.81935556292], [0.3795570999936899, 22466.8569314406], [1.0522537999931956, 22431.65410855169], [1.0750886999885552, 22431.054454350287], [1.780997199988633, 20370.109113511044], [3.7270729999945615, 20290.380350702824], [4.434592599987809, 20253.744287367128], [4.727174299994658, 20251.218308541072], [5.539388299992424, 20239.232636761008], [5.544558899993717, 20238.56436133649], [5.550981099993805, 20233.535616010064], [8.043976299995848, 20233.535616010064], [14.06900099998893, 20233.535616010064], [18.38884679999319, 20233.535616010064], [30.005006499995943, 20233.53561601009], [30.147605999998632, 20226.259493149322], [31.99906199999532, 20223.46512902928], [33.66986739999993, 20223.202114948028], [33.94105309999577, 20220.358260131194], [40.936911599994346, 20219.666252597966], [44.423930500001006, 20219.590918690406], [50.997770399997535, 20081.013072805494], [51.4055984000006, 20069.750064344225], [51.98827789999632, 20063.589761821124], [53.50824279999506, 20063.2861041341], [56.430646599998, 20062.785152957706], [59.00020339999901, 20058.601612497107], [59.285310899998876, 20057.768772037587]]",59.9548049,59.953125,0.9999719805609775,False,44.0,712.03125,6,,,,,eaa3f86d9312c0970ce9,134.0,134.0,,,0.6434061999898404,29.270952900005796,"{""interior"": 42, ""fronteira"": 25, ""liberacao"": 22, ""regret"": 31, ""abertura"": 14}","{""interior"": 3, ""fronteira"": 3, ""liberacao"": 5, ""regret"": 2, ""abertura"": 0}",0.0,30.00479549999727,20233.53561601009,263.0
clusters_m30_n150_r3.0_s1001,clusters,3.0,30,150,hibrido:gnn,19998.65290549423,True,-1,2,60.0,59.9924719,0.0,20233.17136246442,19345.2801136219,gap,"[[0.25338619999820367, 22749.81935556292], [0.4424820999993244, 22466.8569314406], [1.087640999998257, 22431.654108551706], [1.1100429999933112, 22431.05445435028], [1.8392205999989528, 20370.109113511044], [4.48762679999345, 20284.58067425298], [5.305289599993557, 20270.241318925986], [5.389177699995344, 20270.185591101686], [5.391985999995086, 20255.18685344684], [6.0200466999958735, 20248.071706908224], [6.020993999998609, 20247.47665876473], [7.139758899997105, 20220.534308780552], [7.144833199992718, 20217.624688396634], [8.343390199996065, 20217.624688396634], [13.065318999993906, 20217.624688396634], [17.117753199992876, 20217.624688396634], [30.0016237000018, 20217.62468839666], [30.229802000001655, 20217.61217908492], [30.597206300000835, 20216.072924967804], [34.99537679999776, 20069.845669029703], [35.1248545999988, 20061.999990015596], [35.58113719999528, 20059.805984216513], [36.63338159999694, 20059.172630125886], [39.000184999997145, 20053.032816750616], [39.994340099998226, 20052.45576417719], [43.05061249999562, 20048.771077851154], [48.11250569999538, 20007.89669743732], [48.63063269999839, 20006.39339744755], [49.1521064999979, 20003.97155895328], [50.91502069999842, 20002.62817901396], [51.46819809999579, 19998.943492687926], [52.60816299999715, 19998.65290549423]]",59.9924719,59.984375,0.9998650347327995,False,47.6,712.03125,6,,,,,eaa3f86d9312c0970ce9,194.0,194.0,,,0.9383169999782695,28.998104400052398,"{""interior"": 59, ""fronteira"": 29, ""liberacao"": 49, ""regret"": 37, ""abertura"": 20}","{""interior"": 3, ""fronteira"": 2, ""liberacao"": 4, ""regret"": 6, ""abertura"": 0}",0.0,30.001297700000578,20217.62468839666,274.0
clusters_m30_n150_r3.0_s1001,clusters,3.0,30,150,hibrido:rotacao,19993.26277875848,True,-1,0,60.0,59.996209,0.0,20233.17136246442,19345.2801136219,gap,"[[0.19787039999937406, 22749.81935556292], [0.42084150000300724, 22466.8569314406], [1.0973935000001802, 22431.65410855169], [1.1284434000044712, 22431.054454350287], [1.8499171000003116, 20370.109113511044], [3.223579100005736, 20295.00314314949], [3.3786261999994167, 20294.229551744782], [3.9702330000000075, 20257.811671328447], [4.291151600002195, 20246.163046546164], [5.698296900001878, 20236.001364089927], [5.698745600006077, 20233.15750927309], [5.708070500004396, 20232.48923384857], [7.899573100003181, 20226.98091516822], [8.040910099996836, 20226.98091516822], [14.063027800002601, 20226.98091516822], [18.393912899999123, 20226.98091516822], [29.998919400008162, 20226.980915168242], [30.096234800003003, 20219.092809384507], [31.00271700000303, 20133.472212488286], [31.092803600004117, 20131.235750717547], [31.406769000008353, 20126.376794857784], [31.9986404000083, 20123.598201091838], [34.195029300004535, 20113.67813154835], [34.26946170000156, 20105.714080313082], [34.294598600004974, 20105.541685063992], [34.3437108000071, 20053.955282670726], [34.477341100006015, 20049.390679261043], [37.00152290000551, 20043.64720718423], [37.697816600004444, 19997.807172857254], [41.01385560000199, 19994.506253456002], [41.4550897000081, 19993.27107318449], [43.743471200003114, 19993.26277875848]]",59.996209,59.828125,0.9971984229870258,False,47.6,715.8984375,2,,,,,eaa3f86d9312c0970ce9,279.0,279.0,,,0.4020513000214123,29.535872199980076,"{""interior"": 70, ""fronteira"": 70, ""liberacao"": 70, ""regret"": 69, ""abertura"": 0}","{""interior"": 1, ""fronteira"": 4, ""liberacao"": 5, ""regret"": 5, ""abertura"": 0}",0.0,29.998733500004164,20226.980915168242,354.0
clusters_m30_n150_r3.0_s1001,clusters,3.0,30,150,hibrido:rotacao,20006.094843409293,True,-1,1,60.0,60.0034529,0.003452899999999204,20233.17136246442,19345.2801136219,gap,"[[0.19113149999611778, 22749.81935556292], [0.38458089999767253, 22466.8569314406], [1.0828238999965834, 22431.65410855169], [1.1112089000016567, 22431.054454350287], [1.8262046999952872, 20370.109113511044], [3.77209369999764, 20290.380350702824], [4.466820900001039, 20253.744287367128], [4.776362299999164, 20251.218308541072], [5.583236899998155, 20239.232636761008], [5.5884880000012345, 20238.56436133649], [5.594911599997431, 20233.535616010064], [8.208601799997268, 20233.535616010064], [14.074411399989913, 20233.535616010064], [18.1063393000004, 20233.535616010064], [30.00721440000052, 20233.53561601009], [30.99828449999768, 20223.694078474302], [31.277765899998485, 20220.850223657464], [32.358502499999304, 20220.322112860325], [34.00423420000152, 20088.79519939177], [34.11920499999542, 20080.975142501586], [35.00203689999762, 20077.17212245532], [35.39946799999598, 20063.849796045095], [35.60663270000077, 20014.022210881863], [36.90290580000146, 20009.57723907072], [36.94290309999633, 20009.412063883738], [37.22328050000215, 20008.265468428355], [37.647886499995366, 20007.345751986355], [38.90727909999987, 20006.094843409293]]",60.0034529,59.953125,0.999161249935335,False,44.3,715.8984375,2,,,,,eaa3f86d9312c0970ce9,299.0,299.0,,,0.4477079000134836,29.477175099957094,"{""interior"": 75, ""fronteira"": 75, ""liberacao"": 75, ""regret"": 74, ""abertura"": 0}","{""interior"": 2, ""fronteira"": 4, ""liberacao"": 7, ""regret"": 0, ""abertura"": 0}",0.0,30.00701729999855,20233.53561601009,260.0
clusters_m30_n150_r3.0_s1001,clusters,3.0,30,150,hibrido:rotacao,20007.739251676292,True,-1,2,60.0,59.9983382,0.0,20233.17136246442,19345.2801136219,gap,"[[0.20563810000021476, 22749.81935556292], [0.387141100000008, 22466.8569314406], [1.0132189000069047, 22431.654108551706], [1.0428970000066329, 22431.05445435028], [1.810391000006348, 20370.109113511044], [4.414876200004073, 20284.58067425298], [5.142292200005613, 20270.241318925986], [5.204775900005188, 20270.185591101686], [5.20757450000383, 20255.18685344684], [5.871366500003205, 20248.071706908224], [5.87235160000273, 20247.47665876473], [6.928697200004535, 20220.534308780552], [6.936759900003381, 20217.624688396634], [8.046832800006086, 20217.624688396634], [14.073564899998019, 20217.624688396634], [18.452340799995, 20217.624688396634], [29.000705799997377, 20217.62468839666], [32.55824710000161, 20217.61217908492], [36.00581709999824, 20082.555543381808], [36.06562010000198, 20082.05459220541], [36.93268330000137, 20068.029463299936], [37.99767560000328, 20059.15777463898], [38.06824760000018, 20013.317740312006], [40.81008680000377, 20007.739251676292]]",59.9983382,59.953125,0.9992464257951731,False,45.9,735.0703125,4,,,,,eaa3f86d9312c0970ce9,215.0,215.0,,,0.32145770002534846,30.627063299929432,"{""interior"": 54, ""fronteira"": 54, ""liberacao"": 54, ""regret"": 53, ""abertura"": 0}","{""interior"": 0, ""fronteira"": 3, ""liberacao"": 3, ""regret"": 1, ""abertura"": 0}",0.0,29.000507700002345,20217.62468839666,310.0
clusters_m30_n150_r3.0_s1001,clusters,3.0,30,150,lns,20138.280149748065,True,-1,0,60.0,60.0229223,0.02292229999999762,20233.17136246442,19345.2801136219,gap,"[[1.666460599997663, 22607.129278104483], [6.597896300001594, 20748.874193498283], [7.751964000002772, 20268.990383317796], [11.683296100003645, 20245.35399846749], [12.251827799998864, 20233.17136246442], [30.67276000000129, 20210.802402898265], [41.84579880000092, 20202.120384279984], [43.1793811000025, 20180.67214787601], [44.584767000000284, 20177.08963694395], [44.97358940000413, 20138.280149748065]]",60.0229223,59.9375,0.9985768387021703,False,47.5,735.0703125,4,0.0,False,1.0,1.0,eaa3f86d9312c0970ce9,,,,,,,,,,,,
clusters_m30_n150_r3.0_s1001,clusters,3.0,30,150,lns,20101.024438093445,True,-1,1,60.0,60.012049,0.012048999999997534,20233.17136246442,19345.2801136219,gap,"[[1.343862599998829, 22607.129278104483], [1.866208799998276, 22604.20655443363], [8.604607899993425, 22388.52786125931], [9.742449399993347, 20444.7261110076], [10.51348809999763, 20267.13231874648], [11.343673299998045, 20255.924588999787], [12.584277099995234, 20246.390188295823], [15.094294399998034, 20207.20760473862], [19.133157599993865, 20175.320823130718], [19.558302699995693, 20135.342065704892], [20.945355699994252, 20130.94968698825], [22.398983299994143, 20101.024438093445]]",60.012049,59.953125,0.9990181305090916,False,45.1,715.8984375,2,0.0,False,1.0,1.0,eaa3f86d9312c0970ce9,,,,,,,,,,,,
clusters_m30_n150_r3.0_s1001,clusters,3.0,30,150,lns,20236.11463235733,True,-1,2,60.0,60.0081462,0.008146199999998771,20233.17136246442,19345.2801136219,gap,"[[1.6374270000014803, 22607.129278104483], [3.3113675999993575, 20806.40886894879], [5.1399597999989055, 20684.855413945843], [6.670006200001808, 20596.079360563177], [6.999971600002027, 20553.507634617796], [9.031674300000304, 20478.509026223077], [9.57025689999864, 20349.713007900194], [10.926155799999833, 20338.85346015696], [11.37099180000223, 20283.362136553278], [12.496296999997867, 20245.602458764286], [13.802296599998954, 20236.11463235733]]",60.0081462,59.921875,0.9985623418575127,False,43.4,735.0703125,4,0.0,False,1.0,1.0,eaa3f86d9312c0970ce9,,,,,,,,,,,,
clusters_m30_n150_r3.0_s1001,clusters,3.0,30,150,warm_classico,20078.849545930076,True,-1,0,60.0,58.0277995,0.0,20233.17136246442,19345.2801136219,gap,"[[1.1622253000023193, 22607.129278104483], [5.813344400005008, 20748.874193498283], [6.2192582999996375, 20748.87419349825], [10.51463689999946, 20687.30342972965], [10.530552399999578, 20449.42368576831], [10.532746799995948, 20439.19005221506], [46.175687000002654, 20343.750621815863], [46.17872669999633, 20340.084642475682], [46.18569679999928, 20329.721287848188], [49.00312180000037, 20236.71911562634], [56.817983200002345, 20078.84954593007]]",58.0277995,58.03125,1.00005946287865,False,44.1,669.68359375,6,342.0,False,1.0,2.0,eaa3f86d9312c0970ce9,,,,,,,,,,,,
clusters_m30_n150_r3.0_s1002,clusters,3.0,30,150,adaptativa:gnn,17479.349962119984,True,0,0,60.0,58.9892656,0.0,17224.69038246585,16548.505569414705,gap,"[[0.2597176999988733, 19941.950146509847], [0.388390400003118, 18299.564887130884], [3.193189199999324, 17853.455941536373], [3.215983400004916, 17708.267527219134], [4.431476500001736, 17671.995046962307], [4.876832400004787, 17638.832329723806], [4.887940900000103, 17638.77218328883], [15.103586200006248, 17638.772183288827], [19.670686500008742, 17497.57693673331], [19.716397200005304, 17483.27824929247], [19.732448500006285, 17479.349962119988], [26.060141900001327, 17479.349962119988], [35.28643200000079, 17479.349962119988]]",58.9892656,56.859375,0.9638935901585457,False,67.7,735.0703125,4,571.0,False,1.0,4.0,eaa3f86d9312c0970ce9,,,,,,,,,,,,
clusters_m30_n150_r3.0_s1002,clusters,3.0,30,150,clns:alns,17535.321155480957,True,-1,0,60.0,60.0125665,0.01256649999999837,17224.69038246585,16548.505569414705,gap,"[[0.13281460000143852, 29453.342667083907], [0.26415670000278624, 25443.302202023595], [0.4420345999969868, 25436.125410774173], [0.45112569999764673, 25408.13108639852], [0.9890759999980219, 24303.782207729928], [1.105123299996194, 20420.515286214235], [1.1958079999967595, 20420.354027901743], [2.167227300000377, 20318.545123023672], [2.2480188999979873, 20167.389135512065], [2.3721321999983047, 18650.553514976687], [2.450952999999572, 18567.960875891156], [2.475961800002551, 18521.6770353036], [2.5489957999961916, 18515.615244709614], [3.5257952000029036, 17986.283586425176], [6.436168200001703, 17983.15463430861], [6.454108699996141, 17971.41016140763], [6.625994199996057, 17951.171742385523], [7.0241187999999966, 17937.90442900694], [11.121382799996354, 17586.93045205917], [11.415684200001124, 17580.995544357746], [11.519422099998337, 17567.972790338616], [16.00363059999654, 17558.525335617393], [17.10995489999914, 17547.021102680566], [17.14945589999843, 17546.666763967565], [17.239402499995776, 17542.597430021706], [17.306865400001698, 17542.51966625951], [17.413017899998522, 17538.885244572317], [17.98846919999778, 17536.62076256531], [18.19580660000065, 17536.007392158182], [22.09829180000088, 17535.561886674695], [22.988667699995858, 17535.321155480957]]",60.0125665,57.6875,0.9612570060638883,False,61.0,735.0703125,4,,,,,eaa3f86d9312c0970ce9,196.0,196.0,0.13141319999704137,0.0014005999983055517,0.40623639995465055,59.41481820001354,"{""interior"": 37, ""fronteira"": 63, ""liberacao"": 48, ""regret"": 48, ""abertura"": 0}","{""interior"": 2, ""fronteira"": 11, ""liberacao"": 11, ""regret"": 6, ""abertura"": 0}",0.0,,,
clusters_m30_n150_r3.0_s1002,clusters,3.0,30,150,clns:alns,17683.934426140684,True,-1,1,60.0,60.0060408,0.0060408000000009565,17224.69038246585,16548.505569414705,gap,"[[0.12814360000629677, 29453.342667083907], [0.16506870000011986, 24313.28758407489], [0.2704758000036236, 24188.648386584107], [0.3046438000019407, 24177.66299293138], [0.3359716000049957, 24174.431269909375], [0.533223900005396, 22219.070546335424], [0.5758867000040482, 22146.318081421115], [0.5887577000030433, 22129.920733196766], [0.6028698000009172, 22128.994584612585], [1.029483700003766, 22123.903089583782], [1.1423782000056235, 18237.609227467074], [1.184269299999869, 18233.471167449545], [1.30450550000387, 18216.719228836515], [1.5710548999995808, 18213.466208753816], [1.6416419000015594, 18212.1420753151], [2.404743700004474, 18209.357169253606], [2.661298600003647, 18204.775879342204], [4.036317100006272, 18202.817666955198], [4.402191100001801, 18201.621310039693], [16.02065340000263, 17763.23896825327], [16.15213510000467, 17732.70818613237], [16.456845200002135, 17728.685241388896], [16.627074400006677, 17723.321264884693], [16.646943700005068, 17722.34258733678], [18.057217800000217, 17716.601062006044], [18.075060900002427, 17707.86644982925], [18.089134200003173, 17700.954730101595], [18.149643600001582, 17697.86884377415], [18.16926610000519, 17696.485423198348], [18.269733700006327, 17695.989041050525], [26.21291310000379, 17688.294907885786], [28.905645300001197, 17684.699709545523], [31.706874700001208, 17684.627638114223], [32.88051500000438, 17683.934426140684]]",60.0060408,57.796875,0.9631842766070312,False,71.2,712.03125,6,,,,,eaa3f86d9312c0970ce9,217.0,217.0,0.12619439999980386,0.0019486000019242056,0.4889950000215322,59.32659409997723,"{""interior"": 40, ""fronteira"": 63, ""liberacao"": 67, ""regret"": 47, ""abertura"": 0}","{""interior"": 2, ""fronteira"": 13, ""liberacao"": 11, ""regret"": 7, ""abertura"": 0}",0.0,,,
clusters_m30_n150_r3.0_s1002,clusters,3.0,30,150,clns:alns,17043.72125193035,True,-1,2,60.0,59.9890696,0.0,17224.69038246585,16548.505569414705,gap,"[[0.21795839999685995, 29453.342667083907], [0.28731469999911496, 29437.259288317273], [0.33993009999539936, 27486.94413220947], [0.46053789999859873, 23460.58451617562], [0.6112959000020055, 23146.99823749049], [0.8330660999999964, 20914.930908976654], [0.9617318999953568, 19792.75593556561], [0.9856664999970235, 19693.763192705195], [1.0079665000012028, 19691.110642113494], [1.0709898999994039, 18116.77721211087], [1.1064220999978716, 18110.36781558643], [1.1394941999969888, 18101.35396610564], [1.9026553000003332, 18067.624864620488], [1.9692537000009906, 18041.393570280306], [2.0048016000000644, 17999.927253921698], [3.2614787999991677, 17923.34433252402], [4.00750749999861, 17887.715830178047], [4.053286499998649, 17868.25258241127], [5.0531050999998115, 17816.513574464174], [5.061441599995305, 17815.928229113957], [6.094695100000536, 17807.875882977693], [6.152559999994992, 17796.999448059934], [7.990761199995177, 17641.462790925565], [7.999518399999943, 17632.178677238207], [8.661452399996051, 17628.446977225634], [9.534598799997184, 17411.608466512283], [9.774434699997073, 17398.488199321848], [9.984354399995937, 17350.227921611615], [9.996083799996995, 17339.007442872913], [10.011382400000002, 17305.82791074679], [10.025632099997893, 17282.63910457627], [10.037348300000303, 17252.30374251911], [11.058038800001668, 17252.197124870236], [11.123722999996971, 17233.725343362334], [13.304980299995805, 17204.817945226587], [13.952334699999483, 17202.42869638377], [14.36053019999963, 17187.942937737967], [23.99491599999601, 17143.075753533732], [24.301786700001685, 17130.325539728005], [44.9964256999956, 17122.669574663967], [45.00864310000179, 17121.533341580274], [45.06828939999832, 17100.891049355436], [45.36109359999682, 17063.247465968874], [46.071521899997606, 17059.206234603815], [46.10172869999951, 17058.75898878876], [47.543917599999986, 17051.09772426166], [48.38321129999531, 17049.77346383124], [53.145380199996, 17043.72125193035]]",59.9890696,54.25,0.9043314117343804,False,60.6,715.8984375,2,,,,,eaa3f86d9312c0970ce9,275.0,275.0,0.2143493999974453,0.0036078999983146787,0.5333944999729283,59.1485520999704,"{""interior"": 61, ""fronteira"": 67, ""liberacao"": 71, ""regret"": 76, ""abertura"": 0}","{""interior"": 10, ""fronteira"": 12, ""liberacao"": 15, ""regret"": 10, ""abertura"": 0}",0.0,,,
clusters_m30_n150_r3.0_s1002,clusters,3.0,30,150,clns:aprendido,17453.050604219632,True,-1,0,60.0,59.9619686,0.0,17224.69038246585,16548.505569414705,gap,"[[0.1213698999999906, 29453.342667083907], [0.37816770000063116, 25260.961378106218], [0.43168819999846164, 20314.726170940026], [0.9950267000021995, 20314.140825589813], [1.99234240000078, 19714.917437790817], [2.005431999998109, 19506.038156456285], [2.998237899999367, 19057.16606937041], [3.0498483999981545, 18930.252097142624], [3.3554377000036766, 18861.656180997565], [4.992637499999546, 18644.963546602667], [9.750447500002338, 18535.93737400812], [10.996475400002964, 18507.89141690309], [11.01916760000313, 18507.595919467258], [11.342955200001597, 18505.577999984267], [14.622852200001944, 18494.35195068972], [14.999242199999571, 17528.804237027885], [15.155464700001176, 17519.273934192093], [15.63506359999883, 17505.20083232901], [15.76076109999849, 17504.94993429159], [18.398572099999, 17504.884042718102], [20.90152140000282, 17501.761968418352], [21.30916520000028, 17501.393380424553], [23.811356500002148, 17463.64502025858], [23.85129460000462, 17459.318043531963], [39.1149499000021, 17454.517640363414], [42.11368670000229, 17453.31961935932], [42.197520200003055, 17453.050604219632]]",59.9619686,58.453125,0.9748366567137691,False,68.6,712.03125,6,,,,,eaa3f86d9312c0970ce9,494.0,494.0,0.11988270000438206,0.00148530000296887,3.6519039000122575,56.05887700011226,"{""interior"": 145, ""fronteira"": 268, ""liberacao"": 32, ""regret"": 49, ""abertura"": 0}","{""interior"": 5, ""fronteira"": 11, ""liberacao"": 10, ""regret"": 0, ""abertura"": 0}",2.6766041001392296,,,
clusters_m30_n150_r3.0_s1002,clusters,3.0,30,150,clns:aprendido,17043.72125193035,True,-1,1,60.0,60.0038658,0.0038657999999998083,17224.69038246585,16548.505569414705,gap,"[[0.1358955000032438, 29453.342667083907], [0.2139831000022241, 26350.692993199445], [0.997542600001907, 22133.031252462853], [1.0722043000059784, 20258.92014583807], [1.1151201000029687, 20191.849804964088], [1.202420700006769, 20189.312669959476], [1.5558604000034393, 19494.935374152457], [1.5944943000067724, 19274.342009033866], [1.6940172000031453, 19186.533087189047], [1.7557331000061822, 19186.25945914198], [2.0162439000050654, 19161.020720578454], [7.0136012000002665, 18694.46793772239], [7.172392600004969, 18374.324773046428], [7.196160200001032, 18306.511399244788], [9.998332400005893, 17429.269041514577], [10.03530630000023, 17406.813658485997], [10.118348700001661, 17390.019237953646], [10.135743200000434, 17378.792879724017], [10.177539800002705, 17359.448403301325], [10.331139400004758, 17318.693309247632], [10.48050100000546, 17219.297052208636], [10.648895000005723, 17109.505722297363], [10.670536500001617, 17103.561353541867], [10.976519200004986, 17091.88142365614], [11.002294800004165, 17081.757218889597], [11.218556300002092, 17072.91523774314], [11.570552800003497, 17058.128489960975], [11.616588700002467, 17052.001500004295], [13.600662800003192, 17049.090252899852], [14.432935600001656, 17046.110500773168], [28.201069100003224, 17043.72125193035]]",60.0038658,54.640625,0.9106184121890359,False,66.3,715.8984375,2,,,,,eaa3f86d9312c0970ce9,1401.0,1401.0,0.13360270000703167,0.002291799995873589,9.870701699823258,49.680789800098864,"{""interior"": 1291, ""fronteira"": 59, ""liberacao"": 41, ""regret"": 10, ""abertura"": 0}","{""interior"": 6, ""fronteira"": 14, ""liberacao"": 8, ""regret"": 2, ""abertura"": 0}",7.135741099671577,,,
clusters_m30_n150_r3.0_s1002,clusters,3.0,30,150,clns:aprendido,17152.04531728699,True,-1,2,60.0,60.0000832,8.319999999883976e-05,17224.69038246585,16548.505569414705,gap,"[[0.2017617999954382, 29453.342667083907], [0.5868869999976596, 25260.961378106218], [0.6333264999993844, 22253.359298844138], [0.9976145999971777, 19252.063571069684], [1.102405199999339, 19207.222937043818], [2.0757572000002256, 19206.160610023522], [2.1387393999975757, 19162.87164046954], [7.020346600002085, 18771.65334807618], [7.667171699999017, 18759.25194816073], [8.07193279999774, 18625.04504555085], [8.122380799999519, 18523.626570759003], [8.14674229999946, 18520.55049383249], [8.1696787999972, 18513.619333082384], [8.573132699995767, 18505.016106011783], [8.684472699998878, 18501.125911413637], [8.717651599996316, 18495.731633792297], [8.904777899995679, 18494.44587907859], [9.820537200001127, 18475.66051035989], [12.006811799998104, 18468.01677622798], [12.282046100001025, 18465.359165244536], [13.986129700002493, 18464.708532220015], [20.01790059999621, 17852.910856308554], [20.180135700000392, 17852.151522619333], [20.197599300001457, 17819.586800512094], [29.302515099996526, 17807.817755637137], [30.56489850000071, 17779.913319489093], [35.00584430000163, 17697.9708960279], [35.07402739999816, 17622.882679749742], [35.095455999995465, 17616.307613998433], [36.90024439999979, 17334.20467125503], [36.93025510000007, 17303.998863939196], [37.183365899996716, 17249.57533762142], [37.998724299999594, 17237.292873203394], [38.79673869999533, 17231.41135478149], [40.083683799995924, 17226.415767094255], [40.37556139999651, 17225.69649144879], [42.20407559999876, 17221.820566546445], [42.37318199999572, 17212.951729733562], [44.466484099997615, 17190.683022263267], [48.102740299997095, 17178.91114245255], [48.242573399998946, 17170.618295177985], [56.4495947999967, 17167.837379193952], [56.573159899999155, 17164.625423285], [59.999900000002526, 17152.04531728699]]",60.0000832,59.265625,0.9877590469741215,False,58.4,712.03125,6,,,,,eaa3f86d9312c0970ce9,1673.0,1673.0,0.1995221999968635,0.002238199995190371,10.816927499960002,48.613749000076496,"{""interior"": 1571, ""fronteira"": 35, ""liberacao"": 43, ""regret"": 24, ""abertura"": 0}","{""interior"": 7, ""fronteira"": 16, ""liberacao"": 15, ""regret"": 5, ""abertura"": 0}",8.005719800195948,,,
clusters_m30_n150_r3.0_s1002,clusters,3.0,30,150,clns:gnn,17209.23162200269,True,-1,0,60.0,60.000444,0.0004440000000016653,17224.69038246585,16548.505569414705,gap,"[[0.1282675999973435, 29453.342667083907], [0.1644497999950545, 26374.22491821574], [0.18838359999790555, 26352.717358901362], [0.22850130000006175, 26337.49031258698], [0.24664929999562446, 26333.674654686172], [0.2891165999972145, 26333.23565261226], [0.3080268999983673, 25432.216366701577], [0.34077589999651536, 25413.09933851457], [0.3760390999959782, 23492.2781841293], [0.49668779999774415, 20565.146760511707], [0.5150109999958659, 20561.670437726418], [0.5920853999996325, 20554.048484501072], [0.7122620999944047, 20539.997231441426], [0.8767240999950445, 20537.06252813202], [2.996255199999723, 19322.95364293054], [3.128332899999805, 19319.230752153522], [4.779448199995386, 18542.68089368641], [4.795118900001398, 18539.54829107901], [5.9752473999978974, 17317.578200059696], [6.007919399999082, 17311.188892302027], [7.979846700000053, 17289.19831964453], [10.584957699997176, 17254.80783167408], [11.363599899996188, 17246.535353760482], [14.830153800001426, 17245.860707015694], [17.36652260000119, 17241.084035859025], [20.975635499999044, 17215.21226685406], [26.556494899996324, 17210.270944013573], [30.52823289999651, 17209.724296834258], [34.52363979999791, 17209.23162200269]]",60.000444,50.90625,0.8484312216089601,True,69.0,715.8984375,2,,,,,eaa3f86d9312c0970ce9,299.0,299.0,0.12712029999966035,0.0011467000003904104,2.098246699963056,57.672932799985574,"{""interior"": 87, ""fronteira"": 48, ""liberacao"": 55, ""regret"": 48, ""abertura"": 61}","{""interior"": 3, ""fronteira"": 2, ""liberacao"": 10, ""regret"": 5, ""abertura"": 8}",0.0,,,
clusters_m30_n150_r3.0_s1002,clusters,3.0,30,150,clns:gnn,17231.189341222038,True,-1,1,60.0,59.9895655,0.0,17224.69038246585,16548.505569414705,gap,"[[0.2986717000021599, 29453.342667083907], [0.3661950000023353, 26374.22491821574], [0.3942509000044083, 26352.717358901362], [0.4440136000048369, 26350.56072991093], [0.4982968000040273, 26333.700262141298], [0.5430348000008962, 25237.353070273064], [0.6036592000018572, 25224.41223784794], [0.6501838000040152, 24324.358027019873], [0.6716244000053848, 24297.133924983016], [0.9531811000051675, 20158.95735857442], [1.016901200004213, 20158.51641158463], [1.0506422000034945, 20155.440334658117], [1.2750796000036644, 20151.940173641433], [1.9165747000006377, 17706.724737809247], [1.9830760000040755, 17696.917498088886], [2.080022000001918, 17691.09715270975], [2.1560987000048044, 17687.447927403256], [2.3971234999989974, 17682.14348132301], [2.444983500005037, 17678.785098060627], [2.822289900002943, 17674.286719159976], [3.1609469000031822, 17673.869259409654], [5.14086810000299, 17648.001066797657], [5.3261217000035685, 17647.010715244804], [5.483879800005525, 17646.654194257735], [5.79110600000422, 17644.99871669218], [6.339588400005596, 17635.564796073213], [9.291675500004203, 17632.253454801004], [12.973447600001236, 17357.62384621409], [13.007286000000022, 17320.286344491644], [13.699860500004434, 17316.199863684626], [14.290310000003956, 17308.540486587495], [14.595664300002682, 17307.474242368055], [17.118527300001006, 17245.887799989003], [17.573581299999205, 17237.1414781851], [18.181655400003365, 17231.189341222038]]",59.9895655,54.625,0.9105750232513352,False,71.0,735.0703125,4,,,,,eaa3f86d9312c0970ce9,517.0,517.0,0.2959197000018321,0.0027501000004122034,4.178620700040483,55.31969589999062,"{""interior"": 181, ""fronteira"": 103, ""liberacao"": 67, ""regret"": 101, ""abertura"": 65}","{""interior"": 5, ""fronteira"": 9, ""liberacao"": 6, ""regret"": 9, ""abertura"": 5}",0.0,,,
clusters_m30_n150_r3.0_s1002,clusters,3.0,30,150,clns:gnn,17078.20971084592,True,-1,2,60.0,60.0369336,0.03693359999999757,17224.69038246585,16548.505569414705,gap,"[[0.1304655999992974, 29453.342667083907], [0.1696049000020139, 26374.22491821574], [0.19214869999996154, 26352.717358901362], [0.22970119999808958, 26350.56072991093], [0.2674650000044494, 26333.700262141298], [0.3078127999979188, 25237.353070273064], [0.3251992000004975, 25224.41223784794], [0.34585450000304263, 24324.358027019873], [0.36509010000008857, 22403.5368726346], [0.41632770000433084, 22403.369745068645], [0.48074369999812916, 22395.306353587628], [0.5991623000008985, 22375.72243045423], [0.6498838000043179, 22372.53407227872], [0.683468900002481, 22362.87644931778], [0.744236099999398, 22340.441966216735], [0.9801031000024523, 20167.37015749897], [1.0645120000044699, 20166.515614758653], [1.220350800002052, 20166.07466776887], [1.2505577000047197, 20162.998590842355], [1.5687977999987197, 17730.15126620488], [1.8391554999980144, 17727.207905739764], [1.8619956000038655, 17725.301000549207], [1.8976484000013443, 17720.537133481863], [1.9504487000012887, 17714.716788102727], [2.060292499998468, 17713.118197300424], [2.188838800000667, 17712.531714009958], [2.292105900000024, 17711.067562796234], [4.026858600002015, 17705.123922165003], [4.061570700003358, 17692.97845890597], [4.181764500004647, 17692.621937918902], [4.387962900000275, 17691.813760295652], [4.611473900004057, 17688.556152992438], [5.398487899998145, 17667.52852598353], [7.08267909999995, 17298.920137591045], [7.225844500004314, 17291.65118561893], [7.406722400002764, 17291.61213716901], [9.23402100000385, 17290.040063965265], [9.372960400003649, 17289.40917029546], [9.641735199998948, 17288.591586138427], [11.020422699999472, 17288.2554441515], [11.071557100003702, 17279.34124623227], [15.788774699998612, 17271.211569199746], [21.084998300000734, 17269.297601881954], [26.851771499997994, 17267.416125099393], [32.0188954999976, 17093.383130270777], [32.7118249999985, 17089.971283952436], [33.215528599997924, 17087.12095127785], [33.27855830000044, 17078.20971084592]]",60.0369336,58.125,0.9681540430972311,False,68.2,712.03125,6,,,,,eaa3f86d9312c0970ce9,562.0,562.0,0.12810410000383854,0.0023603000008733943,3.9090252000678447,55.84453129989561,"{""interior"": 182, ""fronteira"": 137, ""liberacao"": 65, ""regret"": 101, ""abertura"": 77}","{""interior"": 8, ""fronteira"": 12, ""liberacao"": 6, ""regret"": 13, ""abertura"": 8}",0.0,,,
clusters_m30_n150_r3.0_s1002,clusters,3.0,30,150,clns:rotacao,17096.733609088493,True,-1,0,60.0,60.0008651,0.0008650999999986198,17224.69038246585,16548.505569414705,gap,"[[0.17860830000427086, 29453.342667083907], [0.21261300000332994, 29425.348342708257], [0.26154700000188313, 27547.603353915416], [1.0008897000006982, 25006.48789115702], [1.0155740000045625, 24972.574677490014], [1.0291299000018626, 24965.081825896683], [1.062478200001351, 23770.643518603607], [1.4658158000020194, 22341.994932811805], [1.4783405999987735, 22324.7407828406], [1.5284983000019565, 20495.691537616385], [2.046760000004724, 20493.36066443394], [2.0668020000011893, 20478.897333107143], [2.9988229000009596, 19399.657794180042], [3.015048900000693, 19386.038001695975], [3.4558385999989696, 18474.505258087076], [5.031111299998884, 18470.52018243481], [5.999132000004465, 17718.737328207128], [6.387575500004459, 17702.827863869716], [6.485778000002028, 17701.830878116914], [6.992096200003289, 17679.080578257628], [8.001585500001966, 17538.652143763244], [8.039606600003026, 17534.16269860815], [9.082115600001998, 17525.07545389201], [10.012354500002402, 17522.657301561227], [11.396712000001571, 17522.400239104314], [11.894641999999294, 17503.155113573834], [11.957762999998522, 17500.06937630336], [16.002445900005114, 17487.087699129585], [18.062111999999615, 17482.23306737214], [19.67231940000056, 17481.35212706734], [19.69283269999869, 17480.03932811415], [22.998548600000504, 17382.52561314938], [25.99389770000562, 17365.18400055656], [26.0069055999993, 17364.899663890355], [27.010974700002407, 17362.006586570635], [27.11342340000556, 17348.71296150195], [28.049097700000857, 17343.887165146283], [30.99391150000156, 17343.605035995195], [32.37829340000462, 17102.126531198926], [32.42638920000172, 17098.612028729094], [32.633127799999784, 17097.052326398843], [44.336710200004745, 17096.733609088493]]",60.0008651,58.265625,0.9710797486484908,False,58.1,735.0703125,4,,,,,eaa3f86d9312c0970ce9,219.0,219.0,0.1751074999992852,0.0034993999943253584,0.3748812999983784,59.383785799982434,"{""interior"": 55, ""fronteira"": 55, ""liberacao"": 55, ""regret"": 54, ""abertura"": 0}","{""interior"": 4, ""fronteira"": 15, ""liberacao"": 13, ""regret"": 9, ""abertura"": 0}",0.0,,,
clusters_m30_n150_r3.0_s1002,clusters,3.0,30,150,clns:rotacao,17100.431663427997,True,-1,1,60.0,59.9997368,0.0,17224.69038246585,16548.505569414705,gap,"[[0.1250480999951833, 29453.342667083907], [0.14900069999566767, 29445.27927560289], [0.1673406999980216, 28450.144024429075], [0.9974653999961447, 24002.495887645982], [1.9533092999990913, 23999.527879003806], [1.9920397999958368, 20919.26064744741], [2.1636050999950385, 19674.334987057417], [2.2138639999975567, 19658.08340885108], [3.0004161999968346, 19394.84750346017], [4.004969399997208, 18666.567829366235], [4.068913999995857, 18588.210735065564], [4.1124715999976615, 18586.110071677285], [5.221046299993759, 18563.235493034113], [6.153561200000695, 18511.96688945411], [6.3583593999937875, 18405.565207094194], [7.037167700000282, 18405.012134535504], [7.0755724999980885, 18398.366302451897], [8.033374299993739, 18397.539926969217], [8.045048399995721, 18341.612898590756], [8.32873539999855, 18213.596834601463], [9.86419489999389, 18188.177467655478], [10.014221400000679, 18183.391725963535], [10.039093499995943, 18182.574122493363], [11.071837099996628, 18179.930620873172], [12.005362899995816, 17392.959334933057], [12.022812499999418, 17375.44506875956], [12.05228519999946, 17356.199943229083], [15.00077049999527, 17112.080795844035], [15.025323999994725, 17107.00791022576], [17.033708899994963, 17105.51163056663], [17.201990199995635, 17104.716448229374], [25.7004639999941, 17101.427528844215], [37.28909379999823, 17100.431663427997]]",59.9997368,59.171875,0.9862022428071718,False,61.1,712.03125,6,,,,,eaa3f86d9312c0970ce9,251.0,251.0,0.1232259999960661,0.0018213000003015622,0.4314266000437783,59.37682089997543,"{""interior"": 63, ""fronteira"": 63, ""liberacao"": 63, ""regret"": 62, ""abertura"": 0}","{""interior"": 6, ""fronteira"": 12, ""liberacao"": 7, ""regret"": 7, ""abertura"": 0}",0.0,,,
clusters_m30_n150_r3.0_s1002,clusters,3.0,30,150,clns:rotacao,17043.72125193035,True,-1,2,60.0,59.9966129,0.0,17224.69038246585,16548.505569414705,gap,"[[0.16662129999895114, 29453.342667083907], [0.2076950000046054, 29426.70393584408], [0.2565863999989233, 27125.82673767033], [0.30436500000359956, 21983.845925846774], [0.32122220000019297, 21982.897742870016], [0.33083150000311434, 21977.81799790875], [0.3490906000006362, 21897.789254860043], [1.0370425000000978, 21866.649976743007], [1.3109327999991365, 19991.067496727068], [6.02675850000378, 19491.984812680203], [6.119535500001803, 19483.33863797371], [7.0548000000053435, 19439.996512793048], [7.156558499998937, 19219.411213489482], [8.03698560000339, 19209.474652634548], [11.008526000005077, 18145.47201854825], [11.051365300001635, 18137.852895113545], [13.001544400001876, 18116.132321505233], [13.791050200001337, 17991.658357552187], [16.120790200002375, 17989.372728767892], [17.123520400004054, 17989.000746395723], [21.100983000003907, 17988.833316175278], [24.00190339999972, 17561.664944865544], [24.016935899999226, 17560.79414396722], [24.033314000000246, 17438.574748250998], [25.908436000005167, 17436.076248758392], [28.03739940000378, 17409.376399193512], [28.584255800000392, 17409.234243357394], [28.74368040000263, 17397.797608354027], [29.069870200000878, 17392.08274502133], [29.369759400004114, 17379.743771030044], [29.40810610000335, 17370.708579354905], [29.570582500004093, 17349.78356424891], [29.771896600002947, 17076.07214594133], [29.813800900003116, 17074.61200435392], [29.836246999999275, 17052.310824241224], [30.10095939999883, 17048.124310649386], [31.000396000003093, 17044.62061114933], [31.015055500000017, 17044.33627448313], [33.28127750000567, 17043.72125193035]]",59.9966129,56.109375,0.9352090441092217,False,67.6,735.0703125,4,,,,,eaa3f86d9312c0970ce9,231.0,231.0,0.16433530000358587,0.002285000002302695,0.4872636999934912,59.26131379999424,"{""interior"": 58, ""fronteira"": 58, ""liberacao"": 58, ""regret"": 57, ""abertura"": 0}","{""interior"": 7, ""fronteira"": 14, ""liberacao"": 10, ""regret"": 7, ""abertura"": 0}",0.0,,,
clusters_m30_n150_r3.0_s1002,clusters,3.0,30,150,completo,17220.35953758057,True,-1,0,60.0,56.9795539,0.0,17224.69038246585,16548.505569414705,gap,"[[0.627592700002424, 41726.56891918094], [2.153468900003645, 22875.345632910685], [2.4118224999983795, 22296.37787749571], [5.263097700000799, 20187.50339790844], [6.064110999999684, 20126.833956066926], [6.0779421999977785, 18272.33129130935], [6.081758899999841, 18266.856619593], [46.28286079999816, 18172.221637063853], [46.36575840000296, 17224.69038246585], [56.09914859999844, 17220.35953758057]]",56.9795539,52.15625,0.9153502691778709,False,67.9,735.0703125,4,289.0,False,1.0,1.0,eaa3f86d9312c0970ce9,,,,,,,,,,,,
clusters_m30_n150_r3.0_s1002,clusters,3.0,30,150,hibrido:aprendido,17043.72125193035,True,-1,0,60.0,59.9896519,0.0,17224.69038246585,16548.505569414705,gap,"[[0.25523490000341553, 19941.950146509847], [0.3503211999995983, 18299.564887130884], [3.240918800001964, 17853.455941536373], [3.2658904999989318, 17708.267527219134], [4.5860997999989195, 17671.995046962307], [4.967918300004385, 17638.832329723806], [4.979477799999586, 17638.77218328883], [8.050599499998498, 17638.772183288827], [12.356003399996553, 17497.57693673331], [12.39820399999735, 17483.27824929247], [12.409678299998632, 17479.349962119988], [14.14393790000031, 17479.349962119988], [18.210462600000028, 17479.349962119988], [29.99516860001313, 17479.349962119984], [30.649161700006516, 17478.501938519825], [32.054922500006796, 17064.383731245238], [32.489900100008526, 17063.10846475784], [34.60981690001063, 17048.768258725588], [35.30367890001071, 17043.72125193035]]",59.9896519,59.015625,0.9837634180371032,False,67.9,712.03125,6,,,,,eaa3f86d9312c0970ce9,256.0,256.0,,,1.6500381999430829,28.27101699999912,"{""interior"": 19, ""fronteira"": 217, ""liberacao"": 17, ""regret"": 3, ""abertura"": 0}","{""interior"": 1, ""fronteira"": 2, ""liberacao"": 2, ""regret"": 0, ""abertura"": 0}",1.181800799917255,29.994906900006754,17479.349962119984,162.0
clusters_m30_n150_r3.0_s1002,clusters,3.0,30,150,hibrido:aprendido,17124.341102519495,True,-1,1,60.0,59.9655553,0.0,17224.69038246585,16548.505569414705,gap,"[[0.25424629999906756, 19941.950146509847], [0.340325600001961, 18299.564887130884], [2.588904399999592, 17863.174762860428], [2.624327899997297, 17708.267527219134], [4.046694800003024, 17639.778254024015], [4.08265240000037, 17636.296859136764], [4.099219900002936, 17633.291106810993], [4.131655500001216, 17633.23096037602], [4.3015929000030155, 17632.611160947923], [4.345300499997393, 17632.050898459092], [4.571943200004171, 17631.794814368608], [8.361965800002508, 17631.7948143686], [13.088173600008304, 17631.7948143686], [17.148307700008445, 17631.7948143686], [30.002496399996744, 17631.794814368608], [30.998822800000198, 17620.402862288778], [31.678107899999304, 17206.745364777278], [31.719369799997366, 17195.908571742642], [31.775882699999784, 17194.78761804493], [31.840730099997018, 17190.198108646448], [35.92066260000138, 17124.450027284496], [57.8720497999966, 17124.341102519495]]",59.9655553,59.125,0.9859826979706131,False,66.5,712.03125,6,,,,,eaa3f86d9312c0970ce9,936.0,936.0,,,6.0111961997899925,23.752951999995275,"{""interior"": 71, ""fronteira"": 18, ""liberacao"": 15, ""regret"": 832, ""abertura"": 0}","{""interior"": 1, ""fronteira"": 3, ""liberacao"": 3, ""regret"": 0, ""abertura"": 0}",4.3953624000860145,30.00228269999934,17631.794814368608,195.0
clusters_m30_n150_r3.0_s1002,clusters,3.0,30,150,hibrido:aprendido,16964.942625401294,True,-1,2,60.0,59.9881707,0.0,17224.69038246585,16548.505569414705,gap,"[[0.3246627999978955, 19941.950146509847], [0.4596957999965525, 18299.564887130884], [3.0702080999981263, 17890.6085768883], [3.1080464999977266, 17708.267527219134], [4.357910699996864, 17656.7960055082], [4.442942399997264, 17648.647783160275], [4.93154830000276, 17648.63055279084], [5.009463599999435, 17647.82133196974], [5.026947799997288, 17646.55357818565], [5.5272037999966415, 17646.486720492958], [5.85265139999683, 17645.902315596573], [5.930121600002167, 17645.886570333278], [5.938219700001355, 17645.80117390075], [6.112031099997694, 17641.260027646855], [6.1789683000024525, 17641.199881211876], [7.680364100000588, 17058.151747676166], [8.065810799998872, 17058.15174767617], [14.356598699996539, 17058.15174767617], [18.310648099999526, 17058.15174767617], [29.995136699995783, 17058.15174767617], [30.989674799995555, 17045.85869697953], [31.054378299995733, 16991.24435808832], [31.895190999995975, 16964.942625401294]]",59.9881707,50.578125,0.8431349782766421,True,67.0,715.8984375,2,,,,,eaa3f86d9312c0970ce9,172.0,172.0,,,1.338528399952338,28.582679599967378,"{""interior"": 33, ""fronteira"": 128, ""liberacao"": 9, ""regret"": 2, ""abertura"": 0}","{""interior"": 0, ""fronteira"": 2, ""liberacao"": 1, ""regret"": 0, ""abertura"": 0}",0.9801641999874846,29.994931299996097,17058.15174767617,152.0
clusters_m30_n150_r3.0_s1002,clusters,3.0,30,150,hibrido:gnn,17236.920717574278,True,-1,0,60.0,59.9979979,0.0,17224.69038246585,16548.505569414705,gap,"[[0.2537570999993477, 19941.950146509847], [0.3439737000007881, 18299.564887130884], [3.1068373000016436, 17853.455941536373], [3.1369070000000647, 17708.267527219134], [4.394285599999421, 17671.995046962307], [4.797299300000304, 17638.832329723806], [4.811496599999373, 17638.77218328883], [8.304886700003408, 17638.772183288827], [12.560051599997678, 17497.57693673331], [12.613785000001371, 17483.27824929247], [12.62695910000184, 17479.349962119988], [13.087667499996314, 17479.349962119988], [17.157821800006786, 17479.349962119988], [29.9959205999985, 17479.349962119984], [30.03267870000127, 17478.902716304932], [30.175475299998652, 17469.932631132207], [30.208624300001247, 17466.491198023643], [30.622418700004346, 17465.643174423483], [33.02161460000207, 17284.441557454436], [33.04701030000433, 17283.230124825357], [33.111425100003544, 17281.463167705784], [33.17305640000268, 17278.30339909303], [33.32492970000021, 17236.920717574278]]",59.9979979,57.421875,0.9570631856033983,False,67.8,712.03125,6,,,,,eaa3f86d9312c0970ce9,117.0,117.0,,,0.8133462999976473,29.14297700006864,"{""interior"": 45, ""fronteira"": 21, ""liberacao"": 19, ""regret"": 22, ""abertura"": 10}","{""interior"": 4, ""fronteira"": 2, ""liberacao"": 1, ""regret"": 2, ""abertura"": 0}",0.0,29.995710200004396,17479.349962119984,152.0
clusters_m30_n150_r3.0_s1002,clusters,3.0,30,150,hibrido:gnn,17216.52016904414,True,-1,1,60.0,60.031094,0.031094000000003064,17224.69038246585,16548.505569414705,gap,"[[0.2396967999957269, 19941.950146509847], [0.3291228999951272, 18299.564887130884], [2.7300449999966077, 17863.174762860428], [2.7544868999975733, 17708.267527219134], [4.2011500999942655, 17639.778254024015], [4.235185999998066, 17636.296859136764], [4.249922499999229, 17633.291106810993], [4.274118599998474, 17633.23096037602], [4.443167599994922, 17632.611160947923], [4.487658300000476, 17632.050898459092], [4.732245599996531, 17631.794814368608], [8.0875426999919, 17631.7948143686], [13.93639709999843, 17523.757884873412], [14.515718000009656, 17523.75788487342], [18.275798600006965, 17523.75788487342], [30.03882429999794, 17523.757884873405], [30.28565559999697, 17511.198055084315], [30.560751699995308, 17510.918461191366], [31.721432299993467, 17450.004521076607], [32.08173600000009, 17420.308408805307], [32.26930979999452, 17419.16201897835], [32.50407099999575, 17418.938547266815], [34.215827699998044, 17319.553735995407], [36.91977929999848, 17247.58917248584], [39.68763389999367, 17223.4501231394], [42.05378469999414, 17219.237886665658], [46.679947799995716, 17216.6950989425], [50.78249999999389, 17216.52016904414]]",60.031094,58.703125,0.9778786473556521,False,66.2,712.03125,6,,,,,eaa3f86d9312c0970ce9,154.0,154.0,,,1.105115400001523,28.835725499971886,"{""interior"": 51, ""fronteira"": 27, ""liberacao"": 18, ""regret"": 51, ""abertura"": 7}","{""interior"": 0, ""fronteira"": 3, ""liberacao"": 5, ""regret"": 3, ""abertura"": 1}",0.0,30.03845580000052,17523.757884873405,204.0
clusters_m30_n150_r3.0_s1002,clusters,3.0,30,150,hibrido:gnn,17558.424549648247,True,-1,2,60.0,59.9843965,0.0,17224.69038246585,16548.505569414705,gap,"[[0.3511426999975811, 19941.950146509847], [0.48815299999841955, 18299.564887130884], [4.386627599997155, 17890.6085768883], [4.422350399996503, 17708.267527219134], [6.0414712999991025, 17656.7960055082], [6.131414600000426, 17648.647783160275], [6.688286199998402, 17648.63055279084], [6.794792000000598, 17647.82133196974], [6.813936699996702, 17646.55357818565], [7.383619899999758, 17646.486720492958], [7.764106199996604, 17645.902315596573], [7.885859900001378, 17645.886570333278], [7.900199700001394, 17645.80117390075], [8.107742700005474, 17645.80117390075], [13.250012000004062, 17632.821360519694], [14.055225399999472, 17632.821360519694], [18.129043099994306, 17632.821360519694], [29.984199499995157, 17632.821360519694], [31.0168629999971, 17573.87334853455], [32.94525449999492, 17569.541634797428], [34.461779899997055, 17569.31840162724], [35.579653799999505, 17569.221885107447], [40.80128419999528, 17560.512547230825], [47.980243499994685, 17558.424549648247]]",59.9843965,54.796875,0.9135188181813249,False,71.4,715.8984375,2,,,,,eaa3f86d9312c0970ce9,109.0,109.0,,,0.985329599956458,28.964764199925412,"{""interior"": 27, ""fronteira"": 20, ""liberacao"": 19, ""regret"": 30, ""abertura"": 13}","{""interior"": 0, ""fronteira"": 3, ""liberacao"": 2, ""regret"": 0, ""abertura"": 1}",0.0,29.984008699997503,17632.821360519694,171.0
clusters_m30_n150_r3.0_s1002,clusters,3.0,30,150,hibrido:rotacao,17558.424549648247,True,-1,0,60.0,60.0039564,0.00395639999999986,17224.69038246585,16548.505569414705,gap,"[[0.23862109999754466, 19941.950146509847], [0.33137519999581855, 18299.564887130884], [3.6714691999950446, 17853.455941536373], [3.705325399998401, 17708.267527219134], [5.20782739999413, 17671.995046962307], [5.934483599994564, 17638.832329723806], [5.946810099994764, 17638.77218328883], [8.399558899996919, 17638.772183288827], [13.15747639998881, 17638.772183288827], [17.227940599994326, 17638.772183288827], [30.00597089999792, 17638.772183288827], [30.78339959999721, 17569.541634797428], [33.591819899993425, 17558.424549648247]]",60.0039564,55.53125,0.9254598085135599,False,68.6,715.8984375,2,,,,,eaa3f86d9312c0970ce9,127.0,127.0,,,0.2366287000477314,29.704597100033425,"{""interior"": 32, ""fronteira"": 32, ""liberacao"": 32, ""regret"": 31, ""abertura"": 0}","{""interior"": 0, ""fronteira"": 1, ""liberacao"": 1, ""regret"": 0, ""abertura"": 0}",0.0,30.005767699993157,17638.772183288827,90.0
clusters_m30_n150_r3.0_s1002,clusters,3.0,30,150,hibrido:rotacao,17246.0321567374,True,-1,1,60.0,60.011069,0.011068999999999107,17224.69038246585,16548.505569414705,gap,"[[0.24294829999416834, 19941.950146509847], [0.383427999993728, 18299.564887130884], [3.6567664999965928, 17863.174762860428], [3.688054199992621, 17708.267527219134], [5.370719299993652, 17639.778254024015], [5.439860899998166, 17636.296859136764], [5.464313999997103, 17633.291106810993], [5.489808299993456, 17633.23096037602], [5.751860599993961, 17632.611160947923], [5.823997399995278, 17632.050898459092], [6.2215221999940695, 17631.794814368608], [8.205335599988757, 17631.7948143686], [14.522796199998993, 17631.7948143686], [18.16325059999508, 17631.7948143686], [30.00525729999208, 17631.794814368608], [30.999803799997608, 17365.98372088143], [31.01446899999428, 17350.258676714428], [35.00499409999611, 17246.0321567374]]",60.011069,56.109375,0.9349837610791436,False,69.1,735.0703125,4,,,,,eaa3f86d9312c0970ce9,107.0,107.0,,,0.22144070000649663,29.737294200043834,"{""interior"": 27, ""fronteira"": 27, ""liberacao"": 27, ""regret"": 26, ""abertura"": 0}","{""interior"": 0, ""fronteira"": 0, ""liberacao"": 2, ""regret"": 1, ""abertura"": 0}",0.0,30.005040799995186,17631.794814368608,133.0
clusters_m30_n150_r3.0_s1002,clusters,3.0,30,150,hibrido:rotacao,16964.942625401294,True,-1,2,60.0,59.9514327,0.0,17224.69038246585,16548.505569414705,gap,"[[0.2587913000024855, 19941.950146509847], [0.3542682999977842, 18299.564887130884], [2.984198500002094, 17890.6085768883], [3.007226699999592, 17708.267527219134], [4.288320999999996, 17656.7960055082], [4.360284399997909, 17648.647783160275], [4.800789499997336, 17648.63055279084], [4.876621099996555, 17647.82133196974], [4.890576500001771, 17646.55357818565], [5.3875877000027685, 17646.486720492958], [5.713696300001175, 17645.902315596573], [5.7843464999969, 17645.886570333278], [5.790832799997588, 17645.80117390075], [5.986675200001628, 17641.260027646855], [6.105613400002767, 17641.199881211876], [7.711313499996322, 17058.151747676166], [8.068020899998373, 17058.15174767617], [14.09197039999708, 17058.15174767617], [18.33031610000762, 17058.15174767617], [29.934289600008924, 17058.15174767617], [29.964672800007975, 17057.352114416994], [30.96408140000858, 17045.733148080988], [31.52728620000562, 17006.233872463432], [31.86004640000465, 17002.01989171884], [32.00434430000314, 17001.201008291904], [32.25098760000401, 16966.36531554209], [32.29526070000429, 16964.942625401294]]",59.9514327,55.515625,0.9260099800750884,False,68.8,735.0703125,4,,,,,eaa3f86d9312c0970ce9,160.0,160.0,,,0.3358981999772368,29.624119399995834,"{""interior"": 40, ""fronteira"": 40, ""liberacao"": 40, ""regret"": 40, ""abertura"": 0}","{""interior"": 3, ""fronteira"": 1, ""liberacao"": 2, ""regret"": 1, ""abertura"": 0}",0.0,29.93409700000484,17058.15174767617,149.0
clusters_m30_n150_r3.0_s1002,clusters,3.0,30,150,lns,17689.72425320224,True,-1,0,60.0,60.0448837,0.04488369999999975,17224.69038246585,16548.505569414705,gap,"[[2.500938999997743, 20729.200280715904], [3.077434599996195, 20530.2783052081], [5.5274145000003045, 19302.117392375018], [6.949296400001913, 19235.921438638758], [13.388294899996254, 18947.994729348582], [15.893766499997582, 18065.60760374055], [16.27850369999942, 17836.29376355333], [18.55113999999594, 17816.413165741265], [19.065882700000657, 17769.386673750556], [21.19209789999877, 17761.512087866453], [21.66181040000083, 17749.920737823973], [22.33671470000263, 17731.045730688547], [23.350416000001132, 17696.655811362078], [25.208857500001614, 17689.72425320224]]",60.0448837,57.578125,0.9589180868044549,False,66.4,735.0703125,4,0.0,False,1.0,1.0,eaa3f86d9312c0970ce9,,,,,,,,,,,,
clusters_m30_n150_r3.0_s1002,clusters,3.0,30,150,lns,17745.891347544253,True,-1,1,60.0,60.005955,0.005955000000000155,17224.69038246585,16548.505569414705,gap,"[[2.312002400001802, 20729.200280715904], [4.660787100001471, 20131.82971507502], [10.696752199997718, 20123.28160491345], [14.723679399998218, 19703.827549281083], [16.457536900001287, 19534.52030677148], [19.507053400004224, 18118.404404406796], [21.499029200000223, 18082.905919762685], [23.079662500000268, 18043.777237502574], [25.70395770000323, 18016.338111159843], [29.078504999997676, 17993.576529813028], [34.62134209999931, 17983.25385451865], [42.672639100004744, 17962.208122577085], [46.65105449999828, 17858.92123742639], [49.147230300004594, 17858.73850641628], [49.307590500000515, 17850.57031001117], [50.522315300004266, 17793.911155695165], [53.689834800003155, 17789.096908542288], [55.247830400003295, 17745.891347544253]]",60.005955,55.5625,0.925949766152376,False,67.4,715.8984375,2,0.0,False,1.0,1.0,eaa3f86d9312c0970ce9,,,,,,,,,,,,
clusters_m30_n150_r3.0_s1002,clusters,3.0,30,150,lns,17743.924288031933,True,-1,2,60.0,60.0175614,0.017561399999998173,17224.69038246585,16548.505569414705,gap,"[[2.3791235000026063, 20729.200280715904], [8.39941589999944, 19737.42307803764], [11.968708699998388, 19065.034779075664], [22.393582299999252, 18926.393246024356], [22.575837800002773, 18791.112198776496], [34.810226699999475, 18657.285376110354], [37.28562729999976, 18656.419788610405], [40.999431399999594, 18626.111742256995], [46.661126500002865, 18606.045708372578], [49.84320220000518, 18009.79977138922], [52.99474210000335, 17957.8669015338], [53.65791650000028, 17936.04575019019], [54.93473690000246, 17927.35977907867], [56.266379500004405, 17925.896898763975], [58.23183499999868, 17892.21021495432], [58.86189050000394, 17838.918031678495], [59.071013600005244, 17743.924288031933]]",60.0175614,55.984375,0.932799895465263,False,67.5,715.8984375,2,0.0,False,1.0,1.0,eaa3f86d9312c0970ce9,,,,,,,,,,,,
clusters_m30_n150_r3.0_s1002,clusters,3.0,30,150,warm_classico,17734.72596791995,True,-1,0,60.0,58.0014043,0.0,17224.69038246585,16548.505569414705,gap,"[[2.7842780999926617, 20729.200280715904], [3.442065299997921, 20530.2783052081], [5.593577599996934, 19302.117392375018], [6.247611799997685, 19302.11739237504], [12.382435400002578, 19147.581835949248], [12.392322599996987, 18590.163696838823], [12.394715299997188, 18467.0330140957], [51.81069679999928, 17734.725967919952]]",58.0014043,54.296875,0.9361303515887459,False,58.2,715.8984375,2,104.0,False,1.0,2.0,eaa3f86d9312c0970ce9,,,,,,,,,,,,
clusters_m30_n150_r3.0_s1003,clusters,3.0,30,150,adaptativa:gnn,19355.888539380176,True,0,0,60.0,59.5121424,0.0,19522.31398102543,18809.487890687284,gap,"[[0.24825829999463167, 22412.13036391203], [0.400500199997623, 22199.370089556953], [0.5519798999957857, 22151.884436697856], [0.7496125999969081, 22114.88801643242], [1.216470199993637, 20769.4045224754], [3.836498099997698, 19757.15205248683], [3.8374096999978065, 19621.56081484845], [3.8518503999948734, 19614.500515812164], [7.915775599998597, 19587.36807915384], [12.004524699994363, 19583.375665459185], [14.58414300000004, 19583.375665459185], [16.015958999996656, 19355.88853938014], [25.91834729999391, 19355.88853938014], [33.65032749999955, 19355.88853938014]]",59.5121424,59.078125,0.9927070782113198,False,62.6,712.03125,6,820.0,False,1.0,4.0,eaa3f86d9312c0970ce9,,,,,,,,,,,,
clusters_m30_n150_r3.0_s1003,clusters,3.0,30,150,clns:alns,20125.98402725206,True,-1,0,60.0,60.0131019,0.013101900000002331,19522.31398102543,18809.487890687284,gap,"[[0.14850010000373004, 22828.034235989104], [0.5292776999995112, 22068.23339736591], [0.5507269000008819, 22057.15502977276], [1.0031802000012249, 21915.70335675328], [1.0211234000016702, 21851.628742694254], [1.1733342000006814, 21790.242611055153], [1.2070180000009714, 21752.302674471764], [2.9625503999996, 21735.04771696152], [2.985816300002625, 21729.021771431293], [3.9988414000035846, 21555.317040283626], [4.112739399999555, 21522.231853050995], [4.231210999998439, 21512.15754645725], [4.288494400003401, 21500.12095875173], [4.358833600002981, 21341.482656368033], [4.914978200002224, 21333.96385426205], [6.014422799999011, 21328.015942352533], [6.999021700001322, 20138.847284055562], [8.281753299997945, 20137.84171568764], [8.998096000002988, 20134.7928770145], [10.327430400000594, 20132.20345456324], [11.810053100001824, 20128.76380567476], [15.327161799999885, 20128.001920942337], [15.421098300001177, 20125.98402725206]]",60.0131019,58.15625,0.9690592247157283,False,69.2,715.8984375,2,,,,,eaa3f86d9312c0970ce9,345.0,345.0,0.14584260000265203,0.0026562000057310797,0.5041603000281611,59.262922000008984,"{""interior"": 95, ""fronteira"": 81, ""liberacao"": 108, ""regret"": 61, ""abertura"": 0}","{""interior"": 4, ""fronteira"": 7, ""liberacao"": 10, ""regret"": 1, ""abertura"": 0}",0.0,,,
clusters_m30_n150_r3.0_s1003,clusters,3.0,30,150,clns:alns,19673.725521064076,True,-1,1,60.0,60.0007886,0.0007885999999999171,19522.31398102543,18809.487890687284,gap,"[[0.12024220000603236, 22828.034235989104], [1.0540446000013617, 22780.570162301567], [1.1165345000044908, 22701.13512382382], [1.2388427000041702, 22543.795777316747], [1.2520476000063354, 22536.26917406964], [1.264803900005063, 22507.277167158547], [1.9988282000049367, 21999.030385066064], [2.0470904000030714, 21995.22571479109], [3.99945110000408, 21950.674697375765], [4.020925100005115, 21889.663662795618], [4.051100000004226, 21848.283766610326], [4.999831400004041, 21838.192222425932], [6.229401200005668, 21831.48845012253], [6.2593645000015385, 21830.11130972355], [6.339156000001822, 21829.303372921306], [6.362022200002684, 21534.512882249117], [6.452494299999671, 20170.223841203486], [6.858983000005537, 19819.93773169034], [7.598025300001609, 19801.574099608457], [7.613977900000464, 19773.50610554552], [8.229640100005781, 19755.901204285517], [8.243201500001305, 19754.861295913244], [9.393837600000552, 19753.27261819102], [9.911296400001447, 19752.809521674313], [10.022700699999405, 19750.591709008757], [10.292823200004932, 19749.671100516513], [13.300254100002348, 19747.568887805588], [14.01686840000184, 19747.379277097196], [14.296151700000337, 19721.97434663154], [15.125533300000825, 19718.100138296042], [27.971620000003895, 19673.725521064076]]",60.0007886,59.40625,0.9900911535686049,False,66.7,712.03125,6,,,,,eaa3f86d9312c0970ce9,434.0,434.0,0.11786960000608815,0.0023714999988442287,0.5956593999217148,59.17835040005593,"{""interior"": 92, ""fronteira"": 126, ""liberacao"": 118, ""regret"": 98, ""abertura"": 0}","{""interior"": 5, ""fronteira"": 13, ""liberacao"": 6, ""regret"": 6, ""abertura"": 0}",0.0,,,
clusters_m30_n150_r3.0_s1003,clusters,3.0,30,150,clns:alns,19661.767978853364,True,-1,2,60.0,59.9734415,0.0,19522.31398102543,18809.487890687284,gap,"[[0.20330229999672156, 22828.034235989104], [0.5031314000007114, 20954.936196491246], [0.5156766000000061, 20953.848001124465], [0.5893311999971047, 20795.524236293455], [0.6140866999994614, 20754.031830868626], [0.7146619999984978, 20752.93466864278], [0.7392173999978695, 20737.790473692345], [0.8003829000008409, 20732.117219083844], [0.9713770000016666, 20730.16703358927], [1.4297621000005165, 20730.035178119764], [1.4633456000010483, 20704.888799678913], [5.97409979999793, 20585.333819484014], [6.088606799996342, 20556.33291458807], [7.043340800002625, 20523.843525777498], [7.144804999996268, 20506.638813447313], [7.283555399997567, 19707.614196353097], [8.394626399996923, 19700.450873320384], [9.637492100002419, 19699.127374133273], [10.359261600002355, 19663.919542880147], [14.300779600001988, 19661.767978853364]]",59.9734415,57.140625,0.9527654837016482,False,69.6,735.0703125,4,,,,,eaa3f86d9312c0970ce9,244.0,244.0,0.20115069999883417,0.0021501999945030548,0.3737391000177013,59.32239310003206,"{""interior"": 55, ""fronteira"": 69, ""liberacao"": 60, ""regret"": 60, ""abertura"": 0}","{""interior"": 3, ""fronteira"": 6, ""liberacao"": 4, ""regret"": 6, ""abertura"": 0}",0.0,,,
clusters_m30_n150_r3.0_s1003,clusters,3.0,30,150,clns:aprendido,20079.20643200358,True,-1,0,60.0,59.9633029,0.0,19522.31398102543,18809.487890687284,gap,"[[0.2116115999961039, 22828.034235989104], [0.6103537999952096, 22823.87056657989], [0.935148599994136, 22822.782371213114], [0.9624697999970522, 22821.386373742618], [0.9894899999999325, 20975.99919921248], [1.7283308999976725, 20265.28199864723], [2.99707849999686, 20208.880672458658], [4.9930862999972305, 20150.63552935257], [5.022679699999571, 20149.35708021587], [7.730584899996757, 20145.428439605235], [8.990551899994898, 20115.864845855383], [9.03193189999729, 20107.179047813777], [9.050849599996582, 20106.583352157053], [14.331937899994955, 20099.668653973116], [14.361589999993157, 20099.569546749648], [16.2424372999958, 20099.42120701505], [19.16217879999749, 20097.956707047564], [34.992644899997686, 20095.417650034437], [38.31853279999632, 20092.869825805752], [45.363181899992924, 20079.20643200358]]",59.9633029,58.90625,0.982371669856765,False,63.8,735.0703125,4,,,,,eaa3f86d9312c0970ce9,1683.0,1683.0,0.20991659999708645,0.0016942000002018176,10.540203700198617,48.86375459993724,"{""interior"": 1597, ""fronteira"": 26, ""liberacao"": 24, ""regret"": 36, ""abertura"": 0}","{""interior"": 4, ""fronteira"": 4, ""liberacao"": 6, ""regret"": 5, ""abertura"": 0}",8.408133900069515,,,
clusters_m30_n150_r3.0_s1003,clusters,3.0,30,150,clns:aprendido,19741.96717100892,True,-1,1,60.0,60.0175679,0.01756790000000308,19522.31398102543,18809.487890687284,gap,"[[0.16495739999663783, 22828.034235989104], [0.4178362999955425, 20954.936196491246], [0.4432119999983115, 20762.30798077181], [1.0196083999981056, 20639.352305128446], [3.022084199998062, 20633.267774855274], [3.047516699996777, 20628.721770973323], [3.196922600000107, 20602.985016831793], [3.7773340999992797, 20065.202871263064], [4.066130100000009, 20048.007761849847], [4.134214699995937, 20039.702888835844], [4.170041899997159, 20039.66674846655], [4.317602299997816, 20037.481390873927], [4.547829799994361, 20036.175053088038], [4.598177799998666, 20007.28402087301], [8.018398099993647, 19861.378913609882], [8.068967799998063, 19859.466517970533], [8.11237849999452, 19841.606584402012], [8.280465099996945, 19832.874257311654], [10.175267099999473, 19776.13558879933], [11.39645549999841, 19764.650998432822], [13.049696699999913, 19762.499434406043], [18.30025509999541, 19761.302722496996], [54.13824569999997, 19741.96717100892]]",60.0175679,59.25,0.9872109462802807,False,62.4,715.8984375,2,,,,,eaa3f86d9312c0970ce9,1653.0,1653.0,0.16288239999994403,0.002073800002108328,10.234687500087603,49.24462100000528,"{""interior"": 192, ""fronteira"": 1269, ""liberacao"": 21, ""regret"": 171, ""abertura"": 0}","{""interior"": 5, ""fronteira"": 10, ""liberacao"": 3, ""regret"": 4, ""abertura"": 0}",7.963508500157332,,,
clusters_m30_n150_r3.0_s1003,clusters,3.0,30,150,clns:aprendido,19338.49845580035,True,-1,2,60.0,59.9729077,0.0,19522.31398102543,18809.487890687284,gap,"[[0.12514920000103302, 22828.034235989104], [0.1520784999956959, 22767.02320140896], [0.4214605000015581, 21143.614239365965], [0.45266589999664575, 21054.770269493132], [0.8423275000022841, 19356.796764955234], [0.9760041999979876, 19348.68506751572], [20.994463399998494, 19346.936219835545], [47.70266119999724, 19344.941006558685], [55.514550300002156, 19338.49845580035]]",59.9729077,59.875,0.9983674678491535,False,51.4,715.8984375,2,,,,,eaa3f86d9312c0970ce9,434.0,434.0,0.1240313000016613,0.0011169999997946434,2.422640099932323,57.32619870000781,"{""interior"": 10, ""fronteira"": 410, ""liberacao"": 8, ""regret"": 6, ""abertura"": 0}","{""interior"": 1, ""fronteira"": 4, ""liberacao"": 3, ""regret"": 0, ""abertura"": 0}",1.934484999954293,,,
clusters_m30_n150_r3.0_s1003,clusters,3.0,30,150,clns:gnn,20138.54710792818,True,-1,0,60.0,60.0076389,0.007638900000003446,19522.31398102543,18809.487890687284,gap,"[[0.13073230000009062, 22828.034235989104], [0.18833920000179205, 22767.02320140896], [0.2046453000002657, 22759.213976347542], [0.29888750000100117, 20957.331100981275], [0.3157082999969134, 20865.812114359855], [0.3485545000003185, 20842.340283610683], [0.988380299997516, 20257.45078206189], [1.0131623999986914, 20248.19169116298], [1.0778830999988713, 20246.613900416025], [3.530328799999552, 20167.757341296645], [3.6054374000013922, 20163.215317890412], [3.7463475999975344, 20156.357301630764], [10.525293200000306, 20154.980161231782], [18.008157199998095, 20152.535984539034], [25.64352179999696, 20148.24833512235], [33.9964897999962, 20143.676099629614], [42.00167440000223, 20143.38315035446], [50.09877609999967, 20138.54710792818]]",60.0076389,58.8125,0.9800835539956564,False,56.2,735.0703125,4,,,,,eaa3f86d9312c0970ce9,235.0,235.0,0.12888029999885475,0.0018512999959057197,1.2191002999970806,58.58077260000573,"{""interior"": 62, ""fronteira"": 35, ""liberacao"": 55, ""regret"": 57, ""abertura"": 26}","{""interior"": 6, ""fronteira"": 1, ""liberacao"": 6, ""regret"": 4, ""abertura"": 0}",0.0,,,
clusters_m30_n150_r3.0_s1003,clusters,3.0,30,150,clns:gnn,20146.596091754633,True,-1,1,60.0,59.9888882,0.0,19522.31398102543,18809.487890687284,gap,"[[0.21915920000174083, 22828.034235989104], [0.28945670000393875, 22825.660813016686], [0.35865349999949103, 22821.482022489898], [0.4014798000062001, 20959.11724069259], [0.5109334000007948, 20266.184249321355], [0.5429318000024068, 20252.76480891485], [2.9627096000040183, 20169.54348100796], [4.95641009999963, 20169.496500853245], [10.961275300003763, 20166.19242516853], [20.37324020000233, 20164.815284769546], [28.545679900002142, 20160.77348955951], [37.29725909999979, 20156.2973189488], [47.49339139999938, 20149.530960499465], [58.02629380000144, 20146.596091754633]]",59.9888882,58.171875,0.9697108372146827,False,69.2,715.8984375,2,,,,,eaa3f86d9312c0970ce9,200.0,200.0,0.21727250000549247,0.0018855000016628765,1.3373614999873098,58.33761119998235,"{""interior"": 56, ""fronteira"": 41, ""liberacao"": 45, ""regret"": 41, ""abertura"": 17}","{""interior"": 4, ""fronteira"": 1, ""liberacao"": 6, ""regret"": 2, ""abertura"": 0}",0.0,,,
clusters_m30_n150_r3.0_s1003,clusters,3.0,30,150,clns:gnn,20079.20643200358,True,-1,2,60.0,60.0091309,0.009130900000002384,19522.31398102543,18809.487890687284,gap,"[[0.14111050000065006, 22828.034235989104], [0.2139169000001857, 22789.532269776682], [0.23926030000438914, 22784.470646629066], [0.3050048000004608, 22722.74601292433], [0.32540639999933774, 22704.092234277057], [0.5770727000053739, 20954.936196491246], [0.5949771000014152, 20863.417209869825], [0.6260008000026573, 20839.945379120654], [0.9840519000063068, 20756.63493453906], [1.0286149000021396, 20706.786224056992], [1.0590658000000985, 20706.439210135155], [1.3266466000059154, 20191.603241966768], [2.4876968000025954, 20146.970423816343], [4.987621600004786, 20099.569352145227], [6.242859500001941, 20096.929363798405], [8.648564499999338, 20095.552223399423], [11.64016360000096, 20087.440525959908], [15.468170100000862, 20083.54335362298], [20.04273739999917, 20079.20643200358]]",60.0091309,59.921875,0.9985459562787969,False,48.5,712.03125,6,,,,,eaa3f86d9312c0970ce9,280.0,280.0,0.13966790000267792,0.0014418999999179505,1.3522144000016851,58.432265100011136,"{""interior"": 95, ""fronteira"": 47, ""liberacao"": 60, ""regret"": 47, ""abertura"": 31}","{""interior"": 8, ""fronteira"": 3, ""liberacao"": 3, ""regret"": 3, ""abertura"": 1}",0.0,,,
clusters_m30_n150_r3.0_s1003,clusters,3.0,30,150,clns:rotacao,20130.500132280067,True,-1,0,60.0,59.9692257,0.0,19522.31398102543,18809.487890687284,gap,"[[0.1515443999960553, 22828.034235989104], [0.18517189999693073, 22781.32466487883], [0.31667559999914374, 22071.362413045994], [1.1742864999978337, 22051.66283590102], [1.2076155999966431, 22037.488523564072], [1.9961653999998816, 21984.627991810215], [2.081522699998459, 21984.501275937728], [2.142633899995417, 21907.594758293322], [2.987540899994201, 20201.886408626302], [3.580461400000786, 20188.391638472607], [3.645701099994767, 20168.36775689111], [5.032726499994169, 20167.865560515726], [5.054209800000535, 20167.618113557655], [5.6271383999992395, 20165.187687275964], [5.907149299993762, 20144.060446211446], [5.939920199998596, 20142.83326752788], [6.987746200000402, 20133.909319391518], [8.105653899998288, 20133.89679451778], [16.24557829999685, 20130.500132280067]]",59.9692257,59.46875,0.9916544578630436,False,62.5,715.8984375,2,,,,,eaa3f86d9312c0970ce9,287.0,287.0,0.15020479999657255,0.0013389999949140474,0.3753467000569799,59.36313100002735,"{""interior"": 72, ""fronteira"": 72, ""liberacao"": 72, ""regret"": 71, ""abertura"": 0}","{""interior"": 4, ""fronteira"": 4, ""liberacao"": 6, ""regret"": 4, ""abertura"": 0}",0.0,,,
clusters_m30_n150_r3.0_s1003,clusters,3.0,30,150,clns:rotacao,19933.977471440856,True,-1,1,60.0,59.996201,0.0,19522.31398102543,18809.487890687284,gap,"[[0.12729629999375902, 22828.034235989104], [0.1546260999966762, 22767.02320140896], [0.9948669000004884, 22526.042620392123], [2.003646999997727, 22175.147997670894], [2.0425552999950014, 22097.848176376945], [2.0664518999983557, 22086.30402779806], [2.161513599996397, 21420.285688142903], [2.2054491999952006, 21417.44950148308], [2.999274999994668, 21105.56984905283], [3.013870599999791, 21070.147603671972], [3.0456554999982473, 21025.7555356169], [3.922792899997148, 21012.69984979113], [4.033333599996695, 21004.136880176175], [4.929969400000118, 21001.745007142323], [5.276893599999312, 20987.495671640794], [5.295105400000466, 20985.406829284926], [5.402434199997515, 20932.84518388426], [6.659758999994665, 19982.684268684574], [7.2681831999943824, 19955.50243707528], [8.932172399996489, 19935.145858091684], [10.995486699997855, 19933.977471440856]]",59.996201,59.546875,0.9925107591395662,False,64.1,712.03125,6,,,,,eaa3f86d9312c0970ce9,227.0,227.0,0.12527009999757865,0.002025499998126179,0.2881938999562408,59.516848099992785,"{""interior"": 57, ""fronteira"": 57, ""liberacao"": 57, ""regret"": 56, ""abertura"": 0}","{""interior"": 5, ""fronteira"": 6, ""liberacao"": 6, ""regret"": 3, ""abertura"": 0}",0.0,,,
clusters_m30_n150_r3.0_s1003,clusters,3.0,30,150,clns:rotacao,20093.700355740475,True,-1,2,60.0,59.9904032,0.0,19522.31398102543,18809.487890687284,gap,"[[0.14079660000425065, 22828.034235989104], [0.3515432999993209, 22416.009603324554], [0.5633799999995972, 22375.204398993876], [0.7983934000003501, 20501.90380765964], [0.8158684000009089, 20450.151841707193], [1.9914006000035442, 20164.45551587786], [2.0260874000014155, 20160.366529170224], [2.539926800003741, 20120.538490928375], [3.258820700000797, 20107.120679344145], [3.658685100002913, 20093.700355740475]]",59.9904032,58.984375,0.9832301810566928,False,65.9,735.0703125,4,,,,,eaa3f86d9312c0970ce9,243.0,243.0,0.13905109999905108,0.0017442000025766902,0.34161600000516046,59.433784800057765,"{""interior"": 61, ""fronteira"": 61, ""liberacao"": 61, ""regret"": 60, ""abertura"": 0}","{""interior"": 1, ""fronteira"": 3, ""liberacao"": 3, ""regret"": 2, ""abertura"": 0}",0.0,,,
clusters_m30_n150_r3.0_s1003,clusters,3.0,30,150,completo,19436.739102783453,True,-1,0,60.0,57.0192031,0.0,19522.31398102543,18809.487890687284,gap,"[[0.7375753000014811, 40562.59550612529], [3.0876000999996904, 26065.32378212799], [3.304736899997806, 25867.996131796037], [3.4238793999975314, 22877.255477505754], [8.90932939999766, 20610.104344385425], [51.46036959999765, 19620.381720322122], [51.466393399998196, 19436.739102783427]]",57.0192031,55.71875,0.9771927170269414,False,62.1,735.0703125,4,279.0,False,1.0,1.0,eaa3f86d9312c0970ce9,,,,,,,,,,,,
clusters_m30_n150_r3.0_s1003,clusters,3.0,30,150,hibrido:aprendido,19320.14856336646,True,-1,0,60.0,60.0229601,0.022960099999998818,19522.31398102543,18809.487890687284,gap,"[[0.2580603999958839, 22412.13036391203], [0.42326930000126595, 22199.370089556953], [0.5102842999986024, 22151.884436697856], [0.6792315999991843, 22114.88801643242], [1.045703499999945, 20769.4045224754], [3.1658872999978485, 19757.15205248683], [3.1667288999960874, 19621.56081484845], [3.1806068000005325, 19614.500515812164], [6.558517999998003, 19587.36807915384], [8.143955699997605, 19587.36807915384], [9.634833299998718, 19355.88853938014], [14.143539299991971, 19355.88853938014], [18.44218789999286, 19355.88853938014], [30.02566680000018, 19355.888539380176], [30.09149400000024, 19355.799325035612], [31.026266799999576, 19350.298524991467], [32.7141655000014, 19334.308536947607], [33.584838999995554, 19325.39721161944], [45.559915799996816, 19320.14856336646]]",60.0229601,59.65625,0.9938905029110685,False,57.8,715.8984375,2,,,,,eaa3f86d9312c0970ce9,292.0,292.0,,,1.9043107999459608,28.010580300047877,"{""interior"": 56, ""fronteira"": 24, ""liberacao"": 32, ""regret"": 180, ""abertura"": 0}","{""interior"": 0, ""fronteira"": 2, ""liberacao"": 3, ""regret"": 0, ""abertura"": 0}",1.5182457999981125,30.025467200001003,19355.888539380176,407.0
clusters_m30_n150_r3.0_s1003,clusters,3.0,30,150,hibrido:aprendido,19320.14856336646,True,-1,1,60.0,59.9984193,0.0,19522.31398102543,18809.487890687284,gap,"[[0.28804670000681654, 22412.13036391203], [0.44232120000378927, 22199.370089556953], [0.531644700007746, 22151.884436697856], [0.7164236000098754, 22114.88801643242], [0.9969993000049726, 19847.157520907236], [3.1387090000062017, 19655.25195772224], [3.141727300004277, 19654.580556675748], [3.1442487000094843, 19641.8442598391], [8.361407600001257, 19641.8442598391], [10.611757700004091, 19355.88853938014], [13.301258799998323, 19355.88853938014], [17.156317100001615, 19355.88853938014], [22.26266300000134, 19341.350636848056], [30.00065330000507, 19341.35063684809], [30.144218600005843, 19337.842976310112], [30.3914722000045, 19337.75376196555], [31.52262730000075, 19337.380960715254], [32.50012130000687, 19328.85300783809], [32.695132400003786, 19328.3508114627], [34.53277910000179, 19323.102163209718], [58.451823300005344, 19320.14856336646]]",59.9984193,59.265625,0.9877864399004258,False,63.5,715.8984375,2,,,,,eaa3f86d9312c0970ce9,206.0,206.0,,,1.0213499000383308,28.92746110000735,"{""interior"": 55, ""fronteira"": 139, ""liberacao"": 9, ""regret"": 3, ""abertura"": 0}","{""interior"": 0, ""fronteira"": 4, ""liberacao"": 2, ""regret"": 1, ""abertura"": 0}",0.8090011999884155,30.000399800002924,19341.35063684809,234.0
clusters_m30_n150_r3.0_s1003,clusters,3.0,30,150,hibrido:aprendido,19322.82490262506,True,-1,2,60.0,59.9726399,0.0,19522.31398102543,18809.487890687284,gap,"[[0.37939499999629334, 22412.13036391203], [0.5804596999951173, 22199.370089556953], [0.7380994999912218, 22151.884436697856], [0.9632230999923195, 22114.88801643242], [1.4409726999947452, 19847.157520907236], [1.5562638999908813, 19777.583248962812], [1.5578040999971563, 19776.897262819344], [1.5617359999960172, 19775.048711099673], [3.143870699997933, 19716.14381644651], [6.31179919999704, 19649.593599891527], [6.313344999995024, 19641.58055223443], [6.3416764999929, 19618.368966326638], [7.130517299992789, 19618.368966326638], [9.39968689998932, 19355.88853938014], [13.253033099994354, 19355.88853938014], [17.362541499984218, 19355.88853938014], [30.005714600003557, 19355.888539380176], [30.15368640000088, 19355.51573812988], [30.534051499998895, 19355.426523785318], [30.869599800003925, 19340.459273666685], [31.209295900000143, 19336.95161312871], [31.922991800005548, 19331.702964875727], [38.67972210000153, 19323.604359585108], [38.721700499998406, 19323.32709900045], [38.90847919999942, 19322.82490262506]]",59.9726399,58.78125,0.9801344429395379,False,70.8,712.03125,6,,,,,eaa3f86d9312c0970ce9,240.0,240.0,,,1.4811820999457268,28.42321729995456,"{""interior"": 102, ""fronteira"": 127, ""liberacao"": 9, ""regret"": 2, ""abertura"": 0}","{""interior"": 2, ""fronteira"": 5, ""liberacao"": 1, ""regret"": 0, ""abertura"": 0}",1.1852726999641163,30.005333000000974,19355.888539380176,170.0
clusters_m30_n150_r3.0_s1003,clusters,3.0,30,150,hibrido:gnn,19320.14856336646,True,-1,0,60.0,60.0521304,0.05213040000000291,19522.31398102543,18809.487890687284,gap,"[[0.28294240000104764, 22412.13036391203], [0.4509165000054054, 22199.370089556953], [0.533707400005369, 22151.884436697856], [0.6972084000008181, 22114.88801643242], [1.0709349000026123, 20769.4045224754], [3.4228619000059552, 19757.15205248683], [3.423798000003444, 19621.56081484845], [3.437307200001669, 19614.500515812164], [6.263276199999382, 19587.36807915384], [8.083506499999203, 19587.36807915384], [9.377182800002629, 19355.88853938014], [14.388490000004822, 19355.88853938014], [18.185840000005555, 19355.88853938014], [30.02910780000093, 19355.888539380176], [30.07714280000073, 19351.96113057773], [30.502126999999746, 19350.55067678263], [32.44625369999994, 19350.177875532336], [34.918443400005344, 19330.24326304472], [37.03222440000536, 19330.211461635914], [39.30477070000052, 19326.703801097938], [41.837983299999905, 19326.233406131352], [46.028001600003336, 19320.14856336646]]",60.0521304,57.953125,0.9650469452787307,False,68.1,735.0703125,4,,,,,eaa3f86d9312c0970ce9,185.0,185.0,,,1.2730936999578262,28.69381670007715,"{""interior"": 58, ""fronteira"": 35, ""liberacao"": 40, ""regret"": 28, ""abertura"": 24}","{""interior"": 3, ""fronteira"": 2, ""liberacao"": 1, ""regret"": 2, ""abertura"": 0}",0.0,30.02890810000099,19355.888539380176,482.0
clusters_m30_n150_r3.0_s1003,clusters,3.0,30,150,hibrido:gnn,19320.14856336646,True,-1,1,60.0,59.9621693,0.0,19522.31398102543,18809.487890687284,gap,"[[0.23275989999092417, 22412.13036391203], [0.3990309999935562, 22199.370089556953], [0.4830282999901101, 22151.884436697856], [0.6465288999897894, 22114.88801643242], [0.8889653999940492, 19847.157520907236], [2.800653999991482, 19655.25195772224], [2.80441219999193, 19654.580556675748], [2.8069540999931633, 19641.8442598391], [7.273970499991265, 19636.718558881515], [8.050915899999382, 19636.71855888152], [9.383504399993399, 19355.88853938014], [14.4015980999975, 19355.88853938014], [18.224263299991435, 19355.88853938014], [22.21145639999304, 19341.350636848056], [29.998626199987484, 19341.35063684809], [30.049302899991744, 19337.42322804564], [30.164849699991464, 19336.012774250543], [30.353398499988543, 19329.29978443533], [32.36165229998733, 19325.745533020254], [34.30803419998847, 19325.71373161145], [36.36597259998962, 19322.206071073473], [39.4420137999914, 19320.618958333045], [42.58374119998916, 19320.14856336646]]",59.9621693,59.578125,0.9935952233802855,False,51.4,735.0703125,4,,,,,eaa3f86d9312c0970ce9,205.0,205.0,,,1.0938706000015372,28.815130099967064,"{""interior"": 67, ""fronteira"": 46, ""liberacao"": 42, ""regret"": 29, ""abertura"": 21}","{""interior"": 2, ""fronteira"": 3, ""liberacao"": 0, ""regret"": 2, ""abertura"": 1}",0.0,29.998395799993887,19341.35063684809,327.0
clusters_m30_n150_r3.0_s1003,clusters,3.0,30,150,hibrido:gnn,19320.14856336646,True,-1,2,60.0,59.989211,0.0,19522.31398102543,18809.487890687284,gap,"[[0.2745996999947238, 22412.13036391203], [0.43345079999562586, 22199.370089556953], [0.5606001999985892, 22151.884436697856], [0.7497499999954016, 22114.88801643242], [0.9904370999938692, 19847.157520907236], [1.0542662999941967, 19777.583248962812], [1.0565102999971714, 19776.897262819344], [1.0587992000000668, 19775.048711099673], [1.9963413000004948, 19716.14381644651], [4.096280099998694, 19649.593599891527], [4.096854099996563, 19641.58055223443], [4.107382399997732, 19618.368966326638], [6.373837699997239, 19606.230558072035], [6.378665699994599, 19602.497496132015], [8.045905599996331, 19602.497496132015], [9.567716899997322, 19355.88853938014], [14.103053999999247, 19355.88853938014], [18.155901199992513, 19355.88853938014], [29.990890200002468, 19355.888539380176], [30.047128700003668, 19351.96113057773], [30.446790300004068, 19347.699261639795], [30.56710380000004, 19343.287587748633], [30.59591680000449, 19341.558862118785], [31.02118999999948, 19340.148408323686], [33.03460980000091, 19340.116606914882], [35.18924960000004, 19336.608946376906], [37.49391650000325, 19336.13855141032], [40.201211800005694, 19324.823132241472], [43.07588470000337, 19323.474964460012], [45.01757280000311, 19323.102163209718], [47.16436990000511, 19320.14856336646]]",59.989211,59.578125,0.9931473344431885,False,57.0,712.03125,6,,,,,eaa3f86d9312c0970ce9,241.0,241.0,,,1.2824657999371993,28.652010899982997,"{""interior"": 86, ""fronteira"": 43, ""liberacao"": 47, ""regret"": 32, ""abertura"": 33}","{""interior"": 5, ""fronteira"": 1, ""liberacao"": 1, ""regret"": 3, ""abertura"": 2}",0.0,29.990683399999398,19355.888539380176,375.0
clusters_m30_n150_r3.0_s1003,clusters,3.0,30,150,hibrido:rotacao,19320.14856336646,True,-1,0,60.0,59.980408,0.0,19522.31398102543,18809.487890687284,gap,"[[0.29761400000279536, 22412.13036391203], [0.4442801000041072, 22199.370089556953], [0.5438915000049747, 22151.884436697856], [0.7210727000056067, 22114.88801643242], [1.1703385000000708, 20769.4045224754], [3.531332900005509, 19757.15205248683], [3.5338124000045354, 19621.56081484845], [3.555665300002147, 19614.500515812164], [7.08132040000055, 19587.36807915384], [8.057327900001837, 19587.36807915384], [9.549383500001568, 19355.88853938014], [14.110670399997616, 19355.88853938014], [18.352147100005823, 19355.88853938014], [29.999006199999712, 19355.888539380176], [31.05531450000126, 19355.799325035612], [31.723590000001423, 19350.55067678263], [33.44520320000447, 19324.158420279826], [34.00690200000099, 19320.65075974185], [34.55941310000344, 19320.14856336646]]",59.980408,59.25,0.9878225569922765,False,62.7,735.0703125,4,,,,,eaa3f86d9312c0970ce9,155.0,155.0,,,0.19039230003545526,29.737785200013604,"{""interior"": 39, ""fronteira"": 39, ""liberacao"": 39, ""regret"": 38, ""abertura"": 0}","{""interior"": 1, ""fronteira"": 2, ""liberacao"": 2, ""regret"": 0, ""abertura"": 0}",0.0,29.99866440000187,19355.888539380176,371.0
clusters_m30_n150_r3.0_s1003,clusters,3.0,30,150,hibrido:rotacao,19320.14856336646,True,-1,1,60.0,60.2584456,0.2584456000000017,19522.31398102543,18809.487890687284,gap,"[[0.2962811999968835, 22412.13036391203], [0.4578879999971832, 22199.370089556953], [0.5536903999964125, 22151.884436697856], [0.750974699993094, 22114.88801643242], [1.0204428999932134, 19847.157520907236], [3.1859224999934668, 19655.25195772224], [3.1911532999947667, 19654.580556675748], [3.1939460999928997, 19641.8442598391], [7.839503900002455, 19641.8442598391], [9.533177400000568, 19355.88853938014], [14.127983300000778, 19355.88853938014], [17.922902899998007, 19355.88853938014], [22.27550450000126, 19341.350636848056], [29.77800109999953, 19341.35063684809], [29.84067800000048, 19341.261422503525], [30.416559899997083, 19337.75376196555], [30.44969100000162, 19337.380960715254], [31.513202900001488, 19332.132312462272], [33.77849140000035, 19323.604359585108], [34.34448759999941, 19320.65075974185], [35.31033770000067, 19320.14856336646]]",60.2584456,60.109375,0.9975261459449263,False,62.0,712.03125,6,,,,,eaa3f86d9312c0970ce9,159.0,159.0,,,0.19540259999484988,30.23530809998192,"{""interior"": 40, ""fronteira"": 40, ""liberacao"": 40, ""regret"": 39, ""abertura"": 0}","{""interior"": 1, ""fronteira"": 3, ""liberacao"": 3, ""regret"": 0, ""abertura"": 0}",0.0,29.777627999996184,19341.35063684809,272.0
clusters_m30_n150_r3.0_s1003,clusters,3.0,30,150,hibrido:rotacao,19320.14856336646,True,-1,2,60.0,60.006031,0.00603100000000012,19522.31398102543,18809.487890687284,gap,"[[0.24700900000607362, 22412.13036391203], [0.4408707000038703, 22199.370089556953], [0.5522119000088423, 22151.884436697856], [0.7271263000075123, 22114.88801643242], [0.9912817000076757, 19847.157520907236], [1.05527040000743, 19777.583248962812], [1.057209900005546, 19776.897262819344], [1.059158000003663, 19775.048711099673], [2.253638400005002, 19716.14381644651], [5.09514940000372, 19649.593599891527], [5.0959792000066955, 19641.58055223443], [5.1124716000049375, 19618.368966326638], [7.6043140000037965, 19606.230558072035], [7.611986100004287, 19602.497496132015], [8.05928600000334, 19602.497496132015], [9.47932390000642, 19355.88853938014], [14.347634900004778, 19355.88853938014], [18.310349600003974, 19355.88853938014], [30.00659130000713, 19355.888539380176], [30.040776400004688, 19351.62667044224], [31.023429000008036, 19347.214996551083], [31.044988000001467, 19347.125782206516], [31.794857600005344, 19341.877133953534], [32.44349100000545, 19337.867277040168], [32.45972840000468, 19336.880151094654], [33.22587540000677, 19323.474964460012], [33.4903109000079, 19320.14856336646]]",60.006031,57.53125,0.9587577955289194,False,56.0,715.8984375,2,,,,,eaa3f86d9312c0970ce9,191.0,191.0,,,0.21945100001175888,29.728279900024063,"{""interior"": 48, ""fronteira"": 48, ""liberacao"": 48, ""regret"": 47, ""abertura"": 0}","{""interior"": 2, ""fronteira"": 1, ""liberacao"": 3, ""regret"": 2, ""abertura"": 0}",0.0,30.006393300005584,19355.888539380176,311.0
clusters_m30_n150_r3.0_s1003,clusters,3.0,30,150,lns,19205.688843852502,True,-1,0,60.0,60.1636959,0.16369590000000045,19522.31398102543,18809.487890687284,gap,"[[1.7220084000000497, 23679.97049830597], [2.2398393000039505, 22150.191929199507], [2.6544873000020743, 22132.490403092896], [4.761316300006001, 21185.365613391994], [7.110000400003628, 21181.370460091715], [7.964557300001616, 21170.776352444056], [8.794861000002129, 20989.5753163022], [9.27600589999929, 20841.43511678028], [9.932534700004908, 20837.384444543946], [10.166373899999599, 20829.94280598867], [11.854127200000221, 20520.61202252435], [12.61749509999936, 19673.367082002], [17.16233199999988, 19666.481967742344], [19.58854440000141, 19623.022678487898], [21.361330600004294, 19347.143091613216], [21.530120800001896, 19268.45868421879], [28.4655841000058, 19266.340206654775], [31.215233400005673, 19226.470638329032], [33.93939390000014, 19207.33872078993], [34.24547240000538, 19205.688843852502]]",60.1636959,59.75,0.9931238283517752,False,66.6,712.03125,6,0.0,False,1.0,1.0,eaa3f86d9312c0970ce9,,,,,,,,,,,,
clusters_m30_n150_r3.0_s1003,clusters,3.0,30,150,lns,19462.128900632822,True,-1,1,60.0,60.0480161,0.04801609999999812,19522.31398102543,18809.487890687284,gap,"[[1.8310037000046577, 23679.97049830597], [2.47978090000106, 23251.330316607804], [3.061932500000694, 23240.74547009092], [5.620446000000811, 23216.101317228855], [5.9080107000045246, 21507.4497552623], [6.313396800003829, 21494.35656076167], [6.732983800000511, 21397.032555968275], [7.996347300002526, 21207.92929518228], [8.520640900002036, 20953.287619492497], [10.47506190000422, 20938.184779456198], [11.073155100006261, 20698.425798937988], [11.398745300000883, 20514.73473891659], [13.284191400001873, 20492.14601125938], [14.062806800000544, 20480.60175398624], [15.266930400001002, 20475.9490027398], [18.054959000000963, 20472.0703167286], [21.784979200005182, 20466.038852403395], [24.021324600005755, 20430.895770048533], [25.460934300004737, 20355.075882962145], [26.334301500006404, 20336.51775373254], [26.930883000000904, 20331.363844643776], [29.202526000000944, 20300.84987813495], [40.831975600005535, 20294.75956149341], [47.50855310000043, 20266.94163011173], [48.87709810000524, 19625.181913125874], [49.81117030000314, 19619.014416952752], [51.876692300000286, 19489.49389098461], [52.66543720000482, 19483.435550246468], [55.89441970000189, 19462.128900632822]]",60.0480161,59.953125,0.9984197462936665,False,58.3,712.03125,6,0.0,False,1.0,1.0,eaa3f86d9312c0970ce9,,,,,,,,,,,,
clusters_m30_n150_r3.0_s1003,clusters,3.0,30,150,lns,19318.338552030335,True,-1,2,60.0,60.0413557,0.04135569999999689,19522.31398102543,18809.487890687284,gap,"[[1.7143728000010015, 23679.97049830597], [2.570080199999211, 23166.093200470037], [3.0461919000008493, 23122.60496688184], [3.0857371000020066, 22474.400855134845], [5.389485100000456, 22462.57871616905], [6.903789099997084, 21956.7856900498], [7.19616269999824, 21908.518416440722], [8.557055899997067, 21437.62249430501], [10.026063099998282, 20883.426051327944], [10.18526220000058, 20866.17408551558], [13.878899499999534, 20606.240831853014], [17.524599299998954, 20514.609846737967], [19.606994299996586, 19741.77973971288], [19.74749729999894, 19730.27306631183], [20.630990600002406, 19502.91880007259], [34.73752139999851, 19372.74939884195], [35.78977640000085, 19335.49914857281], [51.77942859999894, 19318.338552030335]]",60.0413557,59.265625,0.9870800602192266,False,57.6,735.0703125,4,0.0,False,1.0,1.0,eaa3f86d9312c0970ce9,,,,,,,,,,,,
clusters_m30_n150_r3.0_s1003,clusters,3.0,30,150,warm_classico,20666.901689206894,True,-1,0,60.0,57.0045101,0.0,19522.31398102543,18809.487890687284,gap,"[[1.7710020000085933, 23679.97049830597], [2.3138211000041338, 22150.191929199507], [2.692041500005871, 22132.490403092896], [5.226136300007056, 21185.365613391994], [6.33907800000452, 21185.36561339199], [13.39544850000675, 20666.901689206865]]",57.0045101,55.484375,0.9733330731667844,False,66.5,715.8984375,2,93.0,False,1.0,2.0,eaa3f86d9312c0970ce9,,,,,,,,,,,,
uniforme_m30_n150_r1.5_s1000,uniforme,1.5,30,150,adaptativa:gnn,26255.558251828166,True,0,0,60.0,59.0000485,0.0,27431.180539516565,25845.86026947139,gap,"[[0.250669499997457, 27893.385218894182], [1.1197911999988719, 27842.68461371872], [1.1204450999939581, 27840.834024686857], [1.1247159999984433, 27764.547765786414], [4.138287499998114, 27214.154731500636], [4.139244499994675, 27183.036689923116], [4.371165899996413, 26511.51526227184], [5.479694499998004, 26487.802043014613], [10.017231099998753, 26359.116835511624], [12.474756499999785, 26348.162294370744], [15.058963199990103, 26348.162294370744], [19.043356499991205, 26262.877611423693], [20.8706813999961, 26255.558251828166], [26.06985690000147, 26255.558251828137], [35.38077099999646, 26255.558251828137]]",59.0000485,58.59375,0.9931135904066248,False,51.0,629.85546875,2,772.0,False,1.0,4.0,eaa3f86d9312c0970ce9,,,,,,,,,,,,
uniforme_m30_n150_r1.5_s1000,uniforme,1.5,30,150,clns:alns,27275.19273146512,True,-1,0,60.0,60.0269946,0.026994600000001867,27431.180539516565,25845.86026947139,gap,"[[0.08154250000370666, 34124.26295330577], [0.11513790000026347, 31197.567790617635], [1.0824906999987434, 30468.614825469984], [1.621519599997555, 30404.15112334067], [1.6497008000005735, 30396.378678064008], [3.0754283999995096, 29038.785703884452], [3.1003819000034127, 28965.59388531838], [3.135520499999984, 28946.07198449153], [3.8453231000021333, 28298.129171617464], [4.471776899998076, 28296.556624092897], [4.482964599999832, 28270.66236808044], [5.027672399999574, 28247.686758582335], [6.077424000002793, 28230.04159994174], [6.683267100001103, 28161.622373655362], [8.241821800002072, 27605.407841932487], [8.32146659999853, 27596.636704960853], [8.422581300001184, 27555.813589957943], [9.076062100000854, 27464.2427778176], [9.248475200001849, 27463.02638160365], [9.294262299998081, 27461.144121465954], [9.786195400003635, 27449.825047900802], [9.908382699999493, 27436.567318279995], [10.024006899999222, 27413.98481101395], [10.039321000003838, 27404.931320419986], [10.111388999997871, 27357.518618774477], [10.694265300000552, 27354.235996192572], [10.910055200001807, 27350.395142054884], [10.920054299996991, 27347.42416961206], [10.976577699999325, 27342.98046065781], [14.081825100001879, 27325.720447209562], [14.443377099996724, 27320.807857066728], [14.968657099998381, 27313.36077867267], [15.094318499999645, 27312.209927409196], [19.23306259999663, 27307.478910992304], [25.36670099999901, 27282.53366398016], [27.653369899999234, 27275.19273146512]]",60.0269946,59.875,0.9974678958856288,False,50.9,580.78125,4,,,,,eaa3f86d9312c0970ce9,325.0,325.0,0.07838079999783076,0.0031604999967385083,0.3189824000801309,59.5479535000195,"{""interior"": 61, ""fronteira"": 87, ""liberacao"": 98, ""regret"": 79, ""abertura"": 0}","{""interior"": 5, ""fronteira"": 11, ""liberacao"": 11, ""regret"": 8, ""abertura"": 0}",0.0,,,
uniforme_m30_n150_r1.5_s1000,uniforme,1.5,30,150,clns:alns,26603.76947085521,True,-1,1,60.0,59.9951321,0.0,27431.180539516565,25845.86026947139,gap,"[[0.07176349999645026, 34124.26295330577], [0.11933039999712491, 31240.61582625284], [0.5204003999970155, 29939.60457395081], [0.5454695000007632, 29872.963519499583], [0.5675276999972994, 29819.6598836282], [0.6327066000012564, 28663.402247165584], [0.9901738999978988, 28469.731355585747], [2.6514352000012877, 28434.150995910022], [2.728823799996462, 27561.945820787543], [2.7562695000015083, 27531.718446153798], [2.768140100000892, 27487.938671144213], [2.7827203999986523, 27483.35827943461], [3.0045635999995284, 27453.30583260772], [3.042983799998183, 27441.724837862414], [4.673255199995765, 27344.512625359996], [4.978985099995043, 27342.373651571994], [5.431026699996437, 27337.111194403846], [6.001511999995273, 27306.559857504108], [7.992054399997869, 27295.102484021343], [11.000921499995457, 27237.56821185461], [12.74561939999694, 27229.329956091027], [12.92559369999799, 27221.10954764955], [14.07749689999764, 26698.32908710691], [14.191319799996563, 26698.01884037836], [18.994775399994978, 26643.694389833727], [19.485452599998098, 26620.14301877179], [19.66180799999711, 26609.289219169637], [27.352924599996186, 26603.76947085521]]",59.9951321,59.984375,0.9998207004531289,False,43.8,669.68359375,6,,,,,eaa3f86d9312c0970ce9,208.0,208.0,0.0693124999961583,0.0024498999991919845,0.17751780005346518,59.689986400000635,"{""interior"": 47, ""fronteira"": 56, ""liberacao"": 62, ""regret"": 43, ""abertura"": 0}","{""interior"": 7, ""fronteira"": 4, ""liberacao"": 11, ""regret"": 5, ""abertura"": 0}",0.0,,,
uniforme_m30_n150_r1.5_s1000,uniforme,1.5,30,150,clns:alns,26436.56617076065,True,-1,2,60.0,59.9809865,0.0,27431.180539516565,25845.86026947139,gap,"[[0.04742090000218013, 34124.26295330577], [0.08113450000382727, 31622.761714875087], [0.09321340000315104, 31548.822179074043], [0.9784653000024264, 29550.22896894673], [1.1502487000034307, 29242.631638360814], [1.2593625000008615, 29152.740396765075], [1.3072495000014897, 29060.252550020097], [1.836421000007249, 28252.5822075037], [1.8928086000014446, 28241.706774036255], [2.0721572000038577, 28160.374725206435], [2.3660346000033314, 28067.996906636363], [2.639948700001696, 28055.684925668713], [2.7625170000028447, 28005.859551743753], [2.7793163000023924, 27989.84360050216], [2.883899200001906, 27987.1994384109], [3.1311116000069887, 27860.391090057266], [3.4110673000031966, 27782.365012375863], [3.9824697000003653, 27702.358780057803], [4.173527300001297, 27672.99863854798], [4.413897300000826, 26686.25573228964], [4.430845400005637, 26673.599902895552], [4.981738600006793, 26591.85826480682], [5.011531100004504, 26578.56661033725], [5.305616000005102, 26561.781923683986], [5.941380300006131, 26519.860300276287], [5.995396400001482, 26481.992032049013], [8.43699850000121, 26456.807153570975], [10.97952290000103, 26445.62072880013], [12.991400200000498, 26437.371047953042], [46.77958110000327, 26436.56617076065]]",59.9809865,59.984375,1.0000564929021298,False,42.9,669.68359375,6,,,,,eaa3f86d9312c0970ce9,256.0,256.0,0.046108100003039,0.001312399996095337,0.21771740003896412,59.659432699940226,"{""interior"": 65, ""fronteira"": 56, ""liberacao"": 67, ""regret"": 68, ""abertura"": 0}","{""interior"": 6, ""fronteira"": 5, ""liberacao"": 10, ""regret"": 8, ""abertura"": 0}",0.0,,,
uniforme_m30_n150_r1.5_s1000,uniforme,1.5,30,150,clns:aprendido,26739.136341943497,True,-1,0,60.0,59.9577134,0.0,27431.180539516565,25845.86026947139,gap,"[[0.06436430000030668, 34124.26295330577], [0.09759409999969648, 31101.086141273183], [0.13320789999852423, 28564.289482630295], [0.17276619999756804, 28536.221454895065], [0.19457810000312747, 27652.91552744445], [1.0017487000004621, 27145.21477667264], [1.1655221999972127, 27134.148886402145], [1.2486181999993278, 27123.347635217815], [1.3033685999980662, 27109.04537784338], [1.5130342999982531, 27105.18882875899], [1.585773099999642, 27102.791505048648], [2.1555240000016056, 27029.752090912207], [2.7598657999988063, 27003.914716983214], [3.0386696999994456, 26983.689602987644], [3.0546214999994845, 26965.376246883505], [3.1128753000011784, 26953.2517553736], [3.607727700000396, 26771.69498029331], [4.127827900003467, 26755.12270586929], [4.69864840000082, 26752.777657356128], [11.772188000002643, 26743.75444350578], [11.855094300000928, 26739.136341943497]]",59.9577134,59.921875,0.9994022720686343,False,43.0,715.8984375,2,,,,,eaa3f86d9312c0970ce9,979.0,979.0,0.06324869999662042,0.0011147999975946732,4.569970299868146,55.14797749988793,"{""interior"": 84, ""fronteira"": 807, ""liberacao"": 76, ""regret"": 12, ""abertura"": 0}","{""interior"": 4, ""fronteira"": 7, ""liberacao"": 7, ""regret"": 2, ""abertura"": 0}",3.826683099861839,,,
uniforme_m30_n150_r1.5_s1000,uniforme,1.5,30,150,clns:aprendido,26731.56132150349,True,-1,1,60.0,59.9790172,0.0,27431.180539516565,25845.86026947139,gap,"[[0.06241629999567522, 34124.26295330577], [0.10266369999590097, 31101.086141273183], [0.1354044999970938, 28564.289482630295], [0.9835731999992277, 27378.783545337115], [1.3539833999966504, 27309.876406725565], [2.0276973, 27236.836992589124], [2.043184800000745, 27222.227524100206], [2.1521661000006134, 27217.977924500025], [2.990961600000446, 27183.568685386064], [3.0467694999970263, 27137.863310758305], [3.0576041000022087, 27129.16802292347], [3.982571900000039, 27035.542487162587], [4.413607800001046, 27002.92435696288], [4.9848595000003115, 27001.149951702922], [5.031195399998978, 26993.012003383657], [5.05529199999728, 26915.813991458002], [5.129114299998037, 26886.546783438098], [8.735534300001746, 26864.33868699002], [10.983020799998485, 26852.828213853885], [29.499981599998137, 26810.163968961606], [32.75221099999908, 26810.109727153867], [38.42968850000034, 26799.602126636728], [44.92465269999957, 26779.65352192689], [46.1674989000021, 26749.72012796231], [46.30752180000127, 26739.963055458724], [46.76677480000217, 26731.56132150349]]",59.9790172,59.984375,1.0000893279058263,False,43.5,715.8984375,2,,,,,eaa3f86d9312c0970ce9,695.0,695.0,0.05909260000044014,0.003322299999126699,3.1711304000928067,56.605146700065234,"{""interior"": 52, ""fronteira"": 176, ""liberacao"": 449, ""regret"": 18, ""abertura"": 0}","{""interior"": 5, ""fronteira"": 6, ""liberacao"": 10, ""regret"": 4, ""abertura"": 0}",2.6512847000485635,,,
uniforme_m30_n150_r1.5_s1000,uniforme,1.5,30,150,clns:aprendido,26675.591565273575,True,-1,2,60.0,59.9978019,0.0,27431.180539516565,25845.86026947139,gap,"[[0.051899199999752454, 34124.26295330577], [0.07776880000164965, 31101.086141273183], [0.10319950000121025, 28564.289482630295], [0.13998950000677723, 27662.764986687715], [1.007870700006606, 26983.735576318315], [1.0364552000028198, 26926.82406577078], [1.0639067000010982, 26917.552021937918], [1.1829771000047913, 26847.790329313702], [4.236184700006561, 26836.152889052093], [4.987652800002252, 26835.035753414064], [10.829402900002606, 26818.463478990037], [10.849157000004197, 26809.260299879126], [10.9930217000001, 26743.063644655314], [12.637810400003218, 26734.02207874589], [24.57962850000331, 26693.288506941306], [24.671470000001136, 26691.16195395927], [24.783358300002874, 26687.82787270812], [53.499772700000904, 26675.591565273575]]",59.9978019,59.46875,0.9911821452912261,False,58.6,629.85546875,2,,,,,eaa3f86d9312c0970ce9,1176.0,1176.0,0.050747100001899526,0.0011512999990372919,6.195023700085585,53.521098499979416,"{""interior"": 36, ""fronteira"": 1091, ""liberacao"": 38, ""regret"": 11, ""abertura"": 0}","{""interior"": 5, ""fronteira"": 4, ""liberacao"": 6, ""regret"": 2, ""abertura"": 0}",5.185776799902669,,,
uniforme_m30_n150_r1.5_s1000,uniforme,1.5,30,150,clns:gnn,27071.705132055387,True,-1,0,60.0,60.0183464,0.018346399999998653,27431.180539516565,25845.86026947139,gap,"[[0.04789689999597613, 34124.26295330577], [0.07575630000064848, 31197.567790617635], [0.10035829999833368, 28466.65724088574], [0.11342429999785963, 28450.084966461713], [0.13995520000025863, 28435.81297363332], [0.18461749999551103, 28432.693500966277], [0.2522640999959549, 28380.56200108587], [2.0095833000013954, 28127.257129894933], [2.027597499996773, 28112.117775716964], [2.0819836000009673, 28102.50367646023], [3.668171199999051, 28100.579715376174], [5.052798199998506, 28087.648463900627], [5.070981799995934, 28072.89736329719], [6.869785399998364, 28054.742357396302], [8.685323899997456, 28033.821391619414], [8.721862799997325, 28022.70050775977], [10.072860799999034, 28016.59980907941], [10.17827699999907, 28002.882387621707], [12.071815700001025, 27990.939676954134], [14.929900800001633, 27911.758836775436], [15.068693000001076, 27900.745678771746], [15.176559300001827, 27900.16892277372], [17.03306999999768, 27724.157305986595], [17.13944900000206, 27720.328532826563], [21.00904449999507, 27690.4776451161], [22.375136499998916, 27653.419338193562], [22.662592900000163, 27652.327500792733], [22.678668599997764, 27630.37933170471], [22.865953200001968, 27626.74557148744], [26.09517909999704, 27590.366301947077], [29.76830119999795, 27383.99511311041], [34.47874449999654, 27102.399021096055], [34.68102199999703, 27091.587387472275], [35.32685820000188, 27084.09473405469], [40.532979700001306, 27081.4450431691], [45.66788390000147, 27076.413028182797], [46.18327390000195, 27073.74821106997], [47.08490219999658, 27071.705132055387]]",60.0183464,59.96875,0.9991736460103473,False,43.9,658.765625,4,,,,,eaa3f86d9312c0970ce9,363.0,363.0,0.04654429999936838,0.0013519999993150122,1.6466172000727965,58.2382186999821,"{""interior"": 106, ""fronteira"": 48, ""liberacao"": 65, ""regret"": 90, ""abertura"": 54}","{""interior"": 9, ""fronteira"": 5, ""liberacao"": 10, ""regret"": 5, ""abertura"": 8}",0.0,,,
uniforme_m30_n150_r1.5_s1000,uniforme,1.5,30,150,clns:gnn,26230.401291672933,True,-1,1,60.0,60.0022816,0.0022816000000034364,27431.180539516565,25845.86026947139,gap,"[[0.04965410000295378, 34124.26295330577], [0.07998249999945983, 31197.567790617635], [0.10613440000452101, 28466.65724088574], [0.12121450000267942, 28452.385248057344], [0.15362740000273334, 28449.265775390297], [0.20742880000034347, 28397.134275509896], [0.2811007000054815, 28361.560498400497], [0.3786735000030603, 28342.74490339715], [1.7736521000042558, 28325.642822528556], [1.8415875999999116, 27559.45275530128], [1.8849103000029572, 27529.07949871433], [1.9820744000026025, 27522.934652061376], [2.027549500002351, 27488.061925895745], [2.066083500001696, 27462.36306422045], [2.159716500005743, 26426.476248405226], [2.77277590000449, 26425.070129984335], [3.2771173000001, 26413.48833439715], [3.9874297000060324, 26336.40571716787], [4.989986900000076, 26333.08137087246], [6.199580000000424, 26328.608795981963], [6.705625300004613, 26318.670376865288], [7.31398650000483, 26316.954888448156], [8.572862200002419, 26311.150786018417], [9.996223200003442, 26303.05962297612], [11.935300100005406, 26270.225798656338], [12.304644499999995, 26259.54746392472], [14.558901700002025, 26248.898509016748], [16.570427500002552, 26245.79076237917], [20.17920310000045, 26245.20446535208], [24.088172800002212, 26245.02189104053], [26.356781200003752, 26230.401291672933]]",60.0022816,59.984375,0.9997015680150403,False,51.4,669.68359375,6,,,,,eaa3f86d9312c0970ce9,486.0,486.0,0.04835960000491468,0.001293900000746362,2.1922292000454036,57.64962499989633,"{""interior"": 172, ""fronteira"": 102, ""liberacao"": 90, ""regret"": 56, ""abertura"": 66}","{""interior"": 4, ""fronteira"": 5, ""liberacao"": 10, ""regret"": 8, ""abertura"": 3}",0.0,,,
uniforme_m30_n150_r1.5_s1000,uniforme,1.5,30,150,clns:gnn,26521.388255455837,True,-1,2,60.0,60.0437202,0.04372020000000276,27431.180539516565,25845.86026947139,gap,"[[0.049564100001589395, 34124.26295330577], [0.07831620000069961, 31197.567790617635], [0.10314389999984996, 28466.65724088574], [0.11629440000251634, 28450.084966461713], [0.14457599999877857, 28435.81297363332], [0.1896950000009383, 28432.693500966277], [0.2569618999987142, 28380.56200108587], [2.0369387999962782, 28114.946710543656], [2.1979343999992125, 28105.33261128692], [3.7703208000020823, 28100.579715376174], [5.0561261999973794, 28087.648463900627], [5.073719499996514, 28072.89736329719], [6.858546800001932, 28054.742357396302], [8.055431799999496, 28033.821391619414], [9.854906100001244, 28020.507465138217], [12.826426400002674, 27941.326624959518], [15.404423899999529, 27152.301805557174], [17.615247399997315, 27065.176788603312], [19.887685900001088, 26833.129242280535], [20.93509020000056, 26828.38112525205], [25.200889200001257, 26825.24988288529], [30.292121500002395, 26799.327763519494], [30.423075599996082, 26794.272746584273], [31.460877299999993, 26787.078152945185], [34.08074160000251, 26783.00897987825], [37.84124940000038, 26552.1331377538], [39.39096499999869, 26534.21919407325], [42.03306970000267, 26526.18717158855], [45.66909489999671, 26521.388255455837]]",60.0437202,60.015625,0.9995320876203804,False,43.0,658.765625,4,,,,,eaa3f86d9312c0970ce9,373.0,373.0,0.048250400002871174,0.0013131000014254823,1.5786160999632557,58.33137179996265,"{""interior"": 107, ""fronteira"": 50, ""liberacao"": 72, ""regret"": 81, ""abertura"": 63}","{""interior"": 6, ""fronteira"": 4, ""liberacao"": 9, ""regret"": 3, ""abertura"": 6}",0.0,,,
uniforme_m30_n150_r1.5_s1000,uniforme,1.5,30,150,clns:rotacao,26815.142699968357,True,-1,0,60.0,60.0011196,0.001119600000002663,27431.180539516565,25845.86026947139,gap,"[[0.05029360000480665, 34124.26295330577], [0.07704219999868656, 33123.211514864954], [0.18184930000279564, 29457.96948138421], [0.4987122000020463, 28541.194901016337], [0.5754028000010294, 28485.37043016315], [0.6381858000022476, 28387.633610006935], [1.0021697000047425, 27725.37375881699], [1.033626100004767, 27716.26355447615], [1.0624365000039688, 27622.691193480223], [1.1323870000051102, 27619.70153307995], [1.9014377999992575, 27218.337830167562], [2.008522299998731, 27217.814367459716], [5.005193299999519, 27039.344452529054], [5.020164900000964, 27036.58791473382], [5.1251991000026464, 27012.958457802026], [6.046406800000113, 26977.150936730926], [6.18440830000327, 26968.23617428443], [6.452015599999868, 26940.896551217513], [7.0993366000038804, 26935.719399379235], [7.789516000004369, 26906.36976566861], [7.827883199999633, 26892.955698557154], [9.0220776999995, 26875.107198618192], [9.417773599998327, 26864.920608874367], [10.76787460000196, 26862.26055296068], [11.074245600000722, 26860.904871320075], [13.531438800004253, 26827.09026943735], [13.90693640000245, 26821.61168484349], [24.043422399998235, 26815.142699968357]]",60.0011196,59.9375,0.9989396931186597,False,58.2,669.68359375,6,,,,,eaa3f86d9312c0970ce9,263.0,263.0,0.049053499998990446,0.001239600002008956,0.2396506000222871,59.64960850003263,"{""interior"": 66, ""fronteira"": 66, ""liberacao"": 66, ""regret"": 65, ""abertura"": 0}","{""interior"": 6, ""fronteira"": 9, ""liberacao"": 7, ""regret"": 5, ""abertura"": 0}",0.0,,,
uniforme_m30_n150_r1.5_s1000,uniforme,1.5,30,150,clns:rotacao,27241.233014017384,True,-1,1,60.0,59.9762876,0.0,27431.180539516565,25845.86026947139,gap,"[[0.06973520000610733, 34124.26295330577], [0.11382589999993797, 31956.50645757647], [0.9777878000022611, 29397.967971726393], [1.978692200005753, 29381.259261412462], [1.9980484000043361, 29373.344509645813], [2.0235266000017873, 29320.706420327253], [2.141866800004209, 28030.28985423204], [2.975985600001877, 27629.844076256973], [3.0135514000066905, 27621.798658184223], [3.0447588000024552, 27621.396725706014], [3.092221700004302, 27573.508659423867], [3.120835100002296, 27520.836084220133], [3.2120677000057185, 27493.806387307883], [3.361569300002884, 27400.797521215885], [3.3880015000031563, 27377.339798221576], [3.39609670000209, 27369.22126638476], [3.951459000003524, 27328.933772267927], [4.0476949000003515, 27303.369824572223], [4.102930500004732, 27302.188914287137], [4.151023400001577, 27293.71983033679], [4.21303590000025, 27282.259591565307], [5.061890400000266, 27281.71450320101], [5.9725615000061225, 27275.793245385503], [7.972924800000328, 27268.61838206477], [9.97696160000487, 27243.987418680943], [18.477103800003533, 27241.233014017384]]",59.9762876,59.609375,0.993882372272738,False,55.5,629.85546875,2,,,,,eaa3f86d9312c0970ce9,287.0,287.0,0.06830270000500605,0.0014318000030471012,0.2649101999413688,59.56492829990748,"{""interior"": 72, ""fronteira"": 72, ""liberacao"": 72, ""regret"": 71, ""abertura"": 0}","{""interior"": 4, ""fronteira"": 10, ""liberacao"": 6, ""regret"": 5, ""abertura"": 0}",0.0,,,
uniforme_m30_n150_r1.5_s1000,uniforme,1.5,30,150,clns:rotacao,26737.942949526034,True,-1,2,60.0,59.9937494,0.0,27431.180539516565,25845.86026947139,gap,"[[0.048717300000134856, 34124.26295330577], [0.0815742000049795, 33206.889809928434], [0.1520070000042324, 30613.081963272558], [0.19474300000001676, 29294.29044447666], [0.21070229999895673, 29264.49975414891], [0.2280123000018648, 29127.38530267457], [1.99677900000097, 28992.003268141758], [2.0147198000049684, 28947.756105881235], [2.43336580000323, 28751.397013837468], [2.861482699998305, 28669.48942973728], [3.38691480000125, 27997.83706071062], [3.621398200004478, 27303.00125806131], [4.13502800000424, 27016.59054470269], [5.049241100001382, 26957.954310685753], [5.380793500000436, 26946.872375513813], [5.996898600002169, 26907.77224594493], [6.029420800005028, 26889.36332141319], [8.99715030000516, 26881.06929468615], [9.026212500000838, 26880.17331438353], [9.121311800001422, 26827.5670129405], [9.94300430000294, 26817.206611822676], [11.081737699998484, 26785.22378195249], [11.416237600002205, 26743.524579631143], [11.993549700004223, 26738.519705524057], [12.42482839999866, 26737.942949526034]]",59.9937494,59.921875,0.9988019685264079,False,58.7,669.68359375,6,,,,,eaa3f86d9312c0970ce9,347.0,347.0,0.04757310000422876,0.0011437000066507608,0.32523639996361453,59.540203799973824,"{""interior"": 87, ""fronteira"": 87, ""liberacao"": 87, ""regret"": 86, ""abertura"": 0}","{""interior"": 4, ""fronteira"": 5, ""liberacao"": 7, ""regret"": 8, ""abertura"": 0}",0.0,,,
uniforme_m30_n150_r1.5_s1000,uniforme,1.5,30,150,completo,27408.12312079405,True,-1,0,60.0,57.0046716,0.0,27431.180539516565,25845.86026947139,gap,"[[0.31982070000231033, 40319.71127025529], [1.8098717000029865, 30314.457697085083], [2.1683430000048247, 30287.796055790335], [2.822028599999612, 30265.531354928324], [2.9221652999985963, 28512.145532122922], [6.247313200001372, 27434.203395519962], [51.74996829999873, 27414.737426373413], [51.75282999999763, 27408.123120794033]]",57.0046716,56.953125,0.9990957477948176,False,55.8,669.68359375,6,239.0,False,1.0,1.0,eaa3f86d9312c0970ce9,,,,,,,,,,,,
uniforme_m30_n150_r1.5_s1000,uniforme,1.5,30,150,hibrido:aprendido,26171.74377992613,True,-1,0,60.0,59.9957909,0.0,27431.180539516565,25845.86026947139,gap,"[[0.265913899995212, 27893.385218894182], [1.089398899996013, 27842.68461371872], [1.0899911000014981, 27840.834024686857], [1.0930507999946713, 27764.547765786414], [4.022852800000692, 27214.154731500636], [4.023529899997811, 27183.036689923116], [4.218295399994531, 26511.51526227184], [5.2741707999957725, 26487.802043014613], [8.048002099996665, 26487.802043014613], [10.837639999997918, 26407.44684942086], [10.838842099998146, 26346.901251013485], [10.842745999994804, 26297.217299758417], [14.067575099994428, 26297.217299758417], [18.106685200000356, 26297.217299758417], [29.998544800000673, 26297.21729975843], [32.468021300002874, 26296.484431216613], [33.01491060000262, 26295.739522431933], [33.038784700002, 26295.086947081116], [33.527749900000344, 26281.520974405794], [35.99732980000408, 26191.870047713204], [50.99214440000651, 26186.40250011046], [51.62631479999982, 26176.074697040483], [52.26530400000047, 26171.74377992613]]",59.9957909,59.9375,0.9990284168418222,False,45.1,715.8984375,2,,,,,eaa3f86d9312c0970ce9,88.0,88.0,,,0.3965981000001193,29.57134659998701,"{""interior"": 22, ""fronteira"": 48, ""liberacao"": 13, ""regret"": 5, ""abertura"": 0}","{""interior"": 2, ""fronteira"": 4, ""liberacao"": 2, ""regret"": 0, ""abertura"": 0}",0.33291670001199236,29.998350500005472,26297.21729975843,371.0
uniforme_m30_n150_r1.5_s1000,uniforme,1.5,30,150,hibrido:aprendido,26281.72275493847,True,-1,1,60.0,59.9987087,0.0,27431.180539516565,25845.86026947139,gap,"[[0.2067077999963658, 27893.385218894182], [4.390631999995094, 27321.52093891733], [4.391666699993948, 27311.766670728248], [4.400354899997183, 26901.714867553605], [8.24885849999555, 26901.714867553605], [9.174595500000578, 26869.21726083145], [12.527060799999163, 26724.469211092703], [12.527834399996209, 26721.914817997218], [12.53187859999889, 26640.543111923755], [13.059597899991786, 26640.543111923755], [17.107140699998126, 26640.543111923755], [29.993402899999637, 26640.54311192377], [30.11313930000324, 26564.16379190714], [30.169359300001815, 26557.99079392104], [30.99227580000297, 26484.73274216804], [31.219409900004393, 26478.53722340519], [31.321619300004386, 26440.703148316607], [31.350824300003296, 26432.22779214433], [31.37652469999739, 26388.36403996525], [31.762340100001893, 26381.34451218515], [31.852832000004128, 26372.649224350316], [34.993163999999524, 26295.110295862294], [35.71441140000388, 26290.270595305243], [44.04909190000035, 26281.72275493847]]",59.9987087,60.0,1.0000215221298587,False,45.1,669.68359375,6,,,,,eaa3f86d9312c0970ce9,169.0,169.0,,,0.7917613000099664,29.169013500082656,"{""interior"": 14, ""fronteira"": 12, ""liberacao"": 135, ""regret"": 8, ""abertura"": 0}","{""interior"": 3, ""fronteira"": 2, ""liberacao"": 5, ""regret"": 2, ""abertura"": 0}",0.6658291999847279,29.993201299999782,26640.54311192377,203.0
uniforme_m30_n150_r1.5_s1000,uniforme,1.5,30,150,hibrido:aprendido,26297.279049317527,True,-1,2,60.0,59.9664612,0.0,27431.180539516565,25845.86026947139,gap,"[[0.25708400000439724, 27893.385218894182], [5.307381000005989, 27040.38947143229], [8.223829100003059, 27040.389471432252], [14.077059300005203, 27040.389471432252], [18.113348400001996, 27040.389471432252], [29.99381149999681, 27040.389471432285], [30.506905299997015, 26914.171116857047], [30.528022699996654, 26913.725680587762], [31.323424299996987, 26754.586635913467], [31.383181299999706, 26679.986664887016], [31.823670600002515, 26587.282020262974], [31.855695899997954, 26576.800562549917], [31.88528750000114, 26550.144200002444], [32.065644399997836, 26547.256959859278], [32.0928006000031, 26468.123448546423], [32.11914480000269, 26463.772022740173], [32.67258489999949, 26431.688201091336], [32.9335510000019, 26422.80102930629], [32.96778610000183, 26422.71590942805], [33.989693600000464, 26410.051770373502], [42.399790700001176, 26396.65388824266], [43.15104450000217, 26395.19498894138], [45.59534870000061, 26381.664725447823], [45.989528099999006, 26297.279049317527]]",59.9664612,59.78125,0.9969114202123369,False,55.5,580.78125,4,,,,,eaa3f86d9312c0970ce9,249.0,249.0,,,1.272273700000369,28.639835600013612,"{""interior"": 202, ""fronteira"": 30, ""liberacao"": 8, ""regret"": 9, ""abertura"": 0}","{""interior"": 3, ""fronteira"": 5, ""liberacao"": 4, ""regret"": 6, ""abertura"": 0}",1.0606354000337888,29.993605199997546,27040.389471432285,187.0
uniforme_m30_n150_r1.5_s1000,uniforme,1.5,30,150,hibrido:gnn,26170.21302358463,True,-1,0,60.0,60.0023995,0.0023995000000027744,27431.180539516565,25845.86026947139,gap,"[[0.29072830000222893, 27893.385218894182], [1.2102685999998357, 27842.68461371872], [1.2108060000027763, 27840.834024686857], [1.2137007000055746, 27764.547765786414], [4.2100991000042995, 27214.154731500636], [4.210733900006744, 27183.036689923116], [4.426687099999981, 26511.51526227184], [5.519025100002182, 26487.802043014613], [8.21208939999633, 26487.802043014613], [10.93603539999458, 26407.44684942086], [10.937235899997177, 26346.901251013485], [10.941024099993228, 26297.217299758417], [14.086215299998003, 26297.217299758417], [18.205186400002276, 26297.217299758417], [30.003551299996616, 26297.21729975843], [31.813986100001785, 26295.78320571318], [34.25663099999656, 26295.130630362364], [40.00265740000032, 26188.276163631555], [41.11133720000362, 26184.523905044625], [43.511202100002265, 26172.18303725504], [46.21147999999812, 26170.21302358463]]",60.0023995,59.765625,0.9960539161438036,False,50.8,629.85546875,2,,,,,eaa3f86d9312c0970ce9,272.0,272.0,,,1.2209733999698074,28.713242299993,"{""interior"": 79, ""fronteira"": 58, ""liberacao"": 60, ""regret"": 39, ""abertura"": 36}","{""interior"": 0, ""fronteira"": 2, ""liberacao"": 3, ""regret"": 1, ""abertura"": 0}",0.0,30.003354899999977,26297.21729975843,329.0
uniforme_m30_n150_r1.5_s1000,uniforme,1.5,30,150,hibrido:gnn,26458.885207791544,True,-1,1,60.0,59.9760237,0.0,27431.180539516565,25845.86026947139,gap,"[[0.19670810000388883, 27893.385218894182], [4.5066920000026585, 27321.52093891733], [4.507519500002672, 27311.766670728248], [4.515804800008482, 26901.714867553605], [8.051052800001344, 26901.714867553605], [8.936499100003857, 26869.21726083145], [12.34752540000045, 26724.469211092703], [12.349124400003348, 26721.914817997218], [12.356488700002956, 26640.543111923755], [14.074631200011936, 26640.543111923755], [18.465747100002773, 26640.543111923755], [29.004591700002493, 26640.54311192377], [29.286317100006272, 26628.883975728324], [29.99570190000668, 26604.597199868625], [31.467486300003657, 26588.034350962156], [34.58145350000268, 26576.41382102816], [38.22669860000315, 26572.17223827354], [41.40872230000241, 26541.46004657102], [44.83719800000108, 26534.409272436955], [48.6727222000045, 26522.966281676687], [54.3418948000035, 26465.08072655439], [58.7441456000015, 26458.885207791544]]",59.9760237,59.984375,1.0001392439759222,False,45.1,658.765625,4,,,,,eaa3f86d9312c0970ce9,144.0,144.0,,,0.6294522000171128,30.304171999981918,"{""interior"": 45, ""fronteira"": 31, ""liberacao"": 45, ""regret"": 8, ""abertura"": 15}","{""interior"": 3, ""fronteira"": 3, ""liberacao"": 3, ""regret"": 1, ""abertura"": 0}",0.0,29.004395600000862,26640.54311192377,233.0
uniforme_m30_n150_r1.5_s1000,uniforme,1.5,30,150,hibrido:gnn,26200.853219296747,True,-1,2,60.0,59.9569243,0.0,27431.180539516565,25845.86026947139,gap,"[[0.3362940999941202, 27893.385218894182], [5.022945199991227, 27040.38947143229], [7.05377249999583, 27040.389471432252], [12.697730199994112, 26956.05396933623], [12.698487399997248, 26879.462382808844], [12.702312199995504, 26493.31026765872], [13.073811199996271, 26493.31026765872], [17.125142199998663, 26493.31026765872], [30.006453200003307, 26493.31026765874], [31.004519100002653, 26311.126676416287], [31.49160999999731, 26310.7059412573], [31.956235700003162, 26289.88040619241], [32.889323700001114, 26285.52735014544], [34.36721029999899, 26279.857668161763], [36.06123970000044, 26257.463032896027], [36.24506239999755, 26250.71191374402], [37.255520600003365, 26245.440098056686], [39.45994690000225, 26244.147988472596], [40.089702600002056, 26241.36672591496], [42.587876899997354, 26230.978454584452], [44.434559599998465, 26221.543139035984], [45.62199479999981, 26206.50292660428], [46.38579719999689, 26200.853219296747]]",59.9569243,59.921875,0.9994154253172723,False,43.6,658.765625,4,,,,,eaa3f86d9312c0970ce9,376.0,376.0,,,1.6242679999704706,28.25180479982373,"{""interior"": 116, ""fronteira"": 74, ""liberacao"": 94, ""regret"": 43, ""abertura"": 49}","{""interior"": 2, ""fronteira"": 6, ""liberacao"": 5, ""regret"": 0, ""abertura"": 1}",0.0,30.006245099997614,26493.31026765874,200.0
uniforme_m30_n150_r1.5_s1000,uniforme,1.5,30,150,hibrido:rotacao,26138.219247129477,True,-1,0,60.0,59.9578428,0.0,27431.180539516565,25845.86026947139,gap,"[[0.2070568999988609, 27893.385218894182], [1.0486616999987746, 27842.68461371872], [1.049444099997345, 27840.834024686857], [1.0537142000030144, 27764.547765786414], [4.529225600002974, 27214.154731500636], [4.530706400000781, 27183.036689923116], [4.795126899996831, 26511.51526227184], [6.20993129999988, 26487.802043014613], [8.109628000005614, 26487.802043014613], [11.25559250000515, 26407.44684942086], [11.257088099999237, 26346.901251013485], [11.261814900004538, 26297.217299758417], [14.114657199999783, 26297.217299758417], [18.363436699997692, 26297.217299758417], [30.041836199998215, 26297.21729975843], [30.31135820000054, 26296.56472440761], [31.16074490000028, 26295.831855865792], [32.03576420000172, 26210.104663902595], [32.24497320000228, 26209.35975511792], [32.57102450000093, 26206.694938005094], [33.623146500001894, 26205.195557383304], [33.708310100002564, 26200.201699857625], [33.96580520000134, 26184.30473458195], [33.986621600000944, 26178.65502727442], [34.10670509999909, 26176.5484550436], [35.03757939999923, 26170.798333804712], [35.78309199999785, 26165.316314841413], [36.88862209999934, 26159.898704609706], [38.54704369999672, 26156.530770168414], [38.83483290000004, 26154.560756498006], [39.04022499999701, 26138.219247129477]]",59.9578428,59.5625,0.9934063204822305,False,58.6,580.78125,4,,,,,eaa3f86d9312c0970ce9,474.0,474.0,,,0.42805729997053277,29.39041950005776,"{""interior"": 119, ""fronteira"": 119, ""liberacao"": 118, ""regret"": 118, ""abertura"": 0}","{""interior"": 1, ""fronteira"": 8, ""liberacao"": 4, ""regret"": 3, ""abertura"": 0}",0.0,30.041644899996754,26297.21729975843,281.0
uniforme_m30_n150_r1.5_s1000,uniforme,1.5,30,150,hibrido:rotacao,26405.256155313346,True,-1,1,60.0,59.9994882,0.0,27431.180539516565,25845.86026947139,gap,"[[0.1940993999960483, 27893.385218894182], [4.836294900000212, 27321.52093891733], [4.837018499994883, 27311.766670728248], [4.846274899995478, 26901.714867553605], [8.048147900000913, 26901.714867553605], [8.98702819999744, 26869.21726083145], [12.48016639999696, 26724.469211092703], [12.480962299996463, 26721.914817997218], [12.485147100000177, 26640.543111923755], [14.639221000004909, 26640.543111923755], [18.11379180000222, 26640.543111923755], [30.007555000003777, 26640.54311192377], [30.712222500005737, 26567.28506017077], [31.031052300000738, 26560.696767840414], [31.072273100005987, 26522.933802003834], [32.016139100000146, 26514.45844583156], [33.01689970000007, 26511.417189026524], [33.569978600004106, 26504.397661246425], [35.30787120000605, 26502.69494131135], [35.321513500006404, 26494.293207356117], [41.24587490000704, 26436.407652233822], [44.41327900000033, 26430.212133470974], [44.48706480000692, 26405.256155313346]]",59.9994882,59.96875,0.999487692296682,False,52.0,669.68359375,6,,,,,eaa3f86d9312c0970ce9,143.0,143.0,,,0.12508560001879232,29.811815100059903,"{""interior"": 36, ""fronteira"": 36, ""liberacao"": 36, ""regret"": 35, ""abertura"": 0}","{""interior"": 0, ""fronteira"": 4, ""liberacao"": 2, ""regret"": 5, ""abertura"": 0}",0.0,30.007117400004063,26640.54311192377,202.0
uniforme_m30_n150_r1.5_s1000,uniforme,1.5,30,150,hibrido:rotacao,26186.875345879973,True,-1,2,60.0,60.0587658,0.05876580000000331,27431.180539516565,25845.86026947139,gap,"[[0.20308549999754177, 27893.385218894182], [5.145266999999876, 27040.38947143229], [8.109981399997196, 27040.389471432252], [14.042265199997928, 26956.05396933623], [14.04346909999731, 26879.462382808844], [14.318412299995543, 26879.462382808844], [18.31528769999568, 26879.462382808844], [30.05684439999459, 26879.462382808873], [30.11069769999449, 26841.438472609752], [30.635426499997266, 26837.347592460486], [31.12037039999268, 26694.43694695381], [31.18941129999439, 26688.58701690512], [31.424784899994847, 26552.47796924236], [31.467077499997686, 26524.606288263225], [31.507681799994316, 26524.029532265202], [31.761519999992743, 26437.318789541943], [32.749137999991945, 26436.90589271566], [32.76948199999606, 26431.483217532754], [33.94322779999493, 26383.35709152989], [35.732129899995925, 26367.03077871987], [40.97237069999392, 26299.19073391891], [49.05663199999253, 26186.875345879973]]",60.0587658,59.828125,0.9961597479247567,False,59.4,580.78125,4,,,,,eaa3f86d9312c0970ce9,147.0,147.0,,,0.12846759995591128,29.826055099998484,"{""interior"": 37, ""fronteira"": 37, ""liberacao"": 37, ""regret"": 36, ""abertura"": 0}","{""interior"": 3, ""fronteira"": 6, ""liberacao"": 3, ""regret"": 2, ""abertura"": 0}",0.0,30.05664329999854,26879.462382808873,191.0
uniforme_m30_n150_r1.5_s1000,uniforme,1.5,30,150,lns,26577.73255344097,True,-1,0,60.0,60.0163712,0.016371200000001807,27431.180539516565,25845.86026947139,gap,"[[0.955673399999796, 30228.80862317379], [4.663728100000299, 29068.607669223697], [5.82282970000233, 29059.219118732097], [6.35548800000106, 28383.559747164647], [6.3985027000017, 27829.081098107643], [6.9449133000016445, 27756.878678298977], [7.282583400003205, 27669.994486309603], [7.920311800000491, 27667.79789046198], [9.0978208000015, 27576.17991881635], [9.391667800002324, 27519.318673864254], [11.351019400004589, 27513.15948863353], [11.881903400004376, 27476.93877972473], [11.961030300000857, 27451.781039864738], [14.692211800000223, 27441.03646707964], [15.950929700004053, 27431.180539516565], [17.84837400000106, 27424.38387135226], [19.15552050000406, 27409.76723138159], [19.535790100002487, 27252.28150909619], [19.648958500001754, 27243.22629590588], [20.188517200003844, 27220.73253424964], [22.93478799999866, 27216.381108443395], [25.292054600002302, 27096.946859228025], [27.116750799999863, 27088.013499975503], [28.268000800002483, 26787.425150275514], [28.730954400001792, 26744.19945261871], [30.338223600003403, 26738.525063283578], [31.42260779999924, 26623.47355137508], [37.01795459999994, 26577.73255344097]]",60.0163712,59.96875,0.9992065298343129,False,43.9,715.8984375,2,0.0,False,1.0,1.0,eaa3f86d9312c0970ce9,,,,,,,,,,,,
uniforme_m30_n150_r1.5_s1000,uniforme,1.5,30,150,lns,26453.493458393525,True,-1,1,60.0,60.0156348,0.015634800000000837,27431.180539516565,25845.86026947139,gap,"[[0.9030923999962397, 30228.80862317379], [2.0466591000003973, 29753.95119617856], [2.24564499999542, 29748.835144632874], [2.821839500000351, 29524.034131945886], [3.4163306999980705, 29484.93182019225], [6.904027699994913, 29078.37344380819], [10.284215499996208, 28723.23191200083], [11.63185109999904, 28051.641988860087], [12.965633799998614, 28016.74666986811], [13.710677600000054, 27473.78955590468], [14.321965999995882, 27469.628453209207], [19.900284600000305, 26992.0324459353], [20.889769800000067, 26899.702337033934], [26.555151799999294, 26753.268787713696], [29.495335999999952, 26702.773663910088], [30.247099399995932, 26603.61020518931], [31.330241199997545, 26529.83169531206], [32.47195919999649, 26515.27804849347], [33.619999700000335, 26503.72977118207], [34.43663640000159, 26486.828019702785], [36.20629519999784, 26486.613895910366], [36.899243699997896, 26475.076233484906], [42.16944859999785, 26465.20462272656], [47.29625769999984, 26455.908054048905], [53.450037700000394, 26453.493458393525]]",60.0156348,60.015625,0.999999836709217,False,43.8,669.68359375,6,0.0,False,1.0,1.0,eaa3f86d9312c0970ce9,,,,,,,,,,,,
uniforme_m30_n150_r1.5_s1000,uniforme,1.5,30,150,lns,26714.23250983292,True,-1,2,60.0,60.0237663,0.023766299999998353,27431.180539516565,25845.86026947139,gap,"[[0.9412501999977394, 30228.80862317379], [2.0484037999995053, 29378.07695000431], [2.5901434999977937, 28983.493689727424], [2.6968237000037334, 28494.769467249396], [4.09395570000197, 28474.337438266608], [4.543055299996922, 28401.787899206138], [7.0110054000033415, 28299.856476543435], [7.868829899998673, 28292.000067389956], [8.297668699997303, 28243.057587703963], [9.168390699996962, 28220.484049719293], [9.848417399996833, 28196.81252212476], [10.355183300001954, 27921.356350781585], [11.455048499999975, 27914.441380676508], [13.076813100000436, 27840.775930934607], [14.860822599999665, 27722.271551290825], [15.682164799996826, 27702.69011007592], [16.413652800001728, 27592.4970795197], [17.05198940000264, 27516.54855289145], [20.29424850000214, 26920.573728093837], [20.631613199999265, 26863.547216465748], [26.812612000001536, 26821.504527796053], [29.67165660000319, 26785.883767914802], [39.83671529999992, 26769.471843141873], [40.440867099998286, 26753.573260735644], [49.01226260000112, 26714.23250983292]]",60.0237663,59.75,0.9954390349543927,False,59.4,629.85546875,2,0.0,False,1.0,1.0,eaa3f86d9312c0970ce9,,,,,,,,,,,,
uniforme_m30_n150_r1.5_s1000,uniforme,1.5,30,150,warm_classico,27434.20339551998,True,-1,0,60.0,58.0244823,0.0,27431.180539516565,25845.86026947139,gap,"[[1.231470699996862, 30228.80862317379], [2.864817599998787, 29707.956780774977], [4.05993469999521, 29696.561300996807], [4.476728299996466, 29439.718628082715], [6.178160499999649, 29439.71862808271], [9.538291500000923, 28512.145532122922], [12.654750499998045, 27434.203395519962]]",58.0244823,57.8125,0.996346674858657,False,51.1,580.78125,4,194.0,False,1.0,2.0,eaa3f86d9312c0970ce9,,,,,,,,,,,,
uniforme_m30_n150_r1.5_s1001,uniforme,1.5,30,150,adaptativa:gnn,28675.354336761226,True,0,0,60.0,59.0050021,0.0,28660.901022073343,28187.080580505582,gap,"[[0.253485900007945, 31774.557147394313], [0.9435042000113754, 30776.65009025037], [3.8639034000079846, 30662.795844165383], [4.383018800006539, 28703.920090703647], [15.070202600007178, 28703.920090703647], [18.03904770000372, 28675.354336761233], [26.277229800005443, 28675.354336761233], [34.122765400010394, 28675.354336761233]]",59.0050021,58.96875,0.99938560971596,False,44.6,735.0703125,4,93.0,False,1.0,4.0,eaa3f86d9312c0970ce9,,,,,,,,,,,,
uniforme_m30_n150_r1.5_s1001,uniforme,1.5,30,150,clns:alns,29400.72239986666,True,-1,0,60.0,60.0340078,0.0340077999999977,28660.901022073343,28187.080580505582,gap,"[[0.05492059999960475, 32772.324317773506], [0.19010549999802606, 31251.491484336533], [0.27751749999879394, 31017.978572093947], [1.034146400001191, 30495.440165346765], [1.051445999997668, 30489.02543313117], [1.7995431999952416, 30293.136217786774], [2.3699108000000706, 29556.536550393306], [3.663874300000316, 29544.327377598045], [4.038216299995838, 29542.90988832127], [5.191060999997717, 29540.269121557874], [7.035008499995456, 29533.55941086397], [8.035848499996064, 29529.722040544293], [10.014372899997397, 29524.393142835987], [11.61758220000047, 29520.307278782984], [12.664688799995929, 29517.273304859373], [13.772740199994587, 29499.932770639465], [16.037638299996615, 29481.03184309892], [16.88259709999693, 29470.35502768746], [18.383513499997207, 29449.028420704668], [19.1685176999963, 29443.317661828834], [23.456927799998084, 29401.238194068515], [24.164678299996012, 29400.906116166658], [29.761063099998864, 29400.72239986666]]",60.0340078,60.03125,0.9999540627037731,False,45.4,712.03125,6,,,,,eaa3f86d9312c0970ce9,223.0,223.0,0.05378090000158409,0.0011391000007279217,0.2104292000658461,59.71366419986589,"{""interior"": 53, ""fronteira"": 68, ""liberacao"": 55, ""regret"": 47, ""abertura"": 0}","{""interior"": 3, ""fronteira"": 10, ""liberacao"": 7, ""regret"": 2, ""abertura"": 0}",0.0,,,
uniforme_m30_n150_r1.5_s1001,uniforme,1.5,30,150,clns:alns,29034.174981397377,True,-1,1,60.0,59.9799441,0.0,28660.901022073343,28187.080580505582,gap,"[[0.09518100000423146, 32772.324317773506], [0.31249229999957606, 30340.309649164657], [0.33447549999982584, 30304.949262963335], [0.34717339999770047, 30242.97997826355], [0.3641663000016706, 30235.257594377203], [0.6780933000045479, 30212.063196556806], [1.0588409999982105, 30095.532040489878], [1.3131092000039644, 30094.1145512131], [2.162776400000439, 30081.047674545094], [2.2593975999989198, 30040.09671361144], [2.9817030999984127, 30024.123923279476], [3.984674500003166, 29572.53281696424], [4.0256071999974665, 29571.933617295806], [4.415359500002523, 29571.34324604052], [5.98204120000446, 29143.130290294477], [6.312113200001477, 29141.87365805942], [6.337510999997903, 29121.349927214076], [8.942891799997597, 29084.900738683595], [12.511072400004196, 29082.087760269646], [13.331657800001267, 29034.788442268462], [13.470887000003131, 29034.174981397377]]",59.9799441,59.28125,0.9883512045487218,False,51.3,715.8984375,2,,,,,eaa3f86d9312c0970ce9,356.0,356.0,0.09311420000449289,0.002065799999400042,0.33478229999309406,59.46347059990512,"{""interior"": 85, ""fronteira"": 94, ""liberacao"": 95, ""regret"": 82, ""abertura"": 0}","{""interior"": 2, ""fronteira"": 5, ""liberacao"": 9, ""regret"": 4, ""abertura"": 0}",0.0,,,
uniforme_m30_n150_r1.5_s1001,uniforme,1.5,30,150,clns:alns,29010.875242343624,True,-1,2,60.0,60.0040389,0.004038899999997625,28660.901022073343,28187.080580505582,gap,"[[0.0746415000030538, 32772.324317773506], [0.28948959999979706, 30447.94985540238], [0.3368410000039148, 30447.212936281634], [1.0010298999986844, 30347.46183693161], [1.5886508000039612, 30343.48401227891], [1.6619218999985605, 30317.517037298192], [1.8138002999985474, 29469.00933071452], [2.797909200002323, 29465.88693550641], [2.8213080999994418, 29453.558664823788], [2.9011567999987165, 29452.820289335396], [3.4285674000057043, 29411.602582907013], [4.4362398000012035, 29407.819610726918], [4.784899800004496, 29392.66773566467], [5.379107799999474, 29374.237896563554], [7.0438476000053925, 29077.664133610022], [7.061103000000003, 29069.442454322794], [9.808429700002307, 29055.181462204895], [14.675193499999295, 29037.88191814941], [16.177879800001392, 29033.20144175659], [17.902914000005694, 29031.500856616614], [26.27276659999916, 29026.747984429538], [28.841029300005175, 29020.663114009465], [31.48554940000031, 29010.875242343624]]",60.0040389,59.8125,0.9968078998762199,False,50.3,735.0703125,4,,,,,eaa3f86d9312c0970ce9,185.0,185.0,0.07273060000443365,0.0019100999998045154,0.17156889991019852,59.70284949999768,"{""interior"": 46, ""fronteira"": 50, ""liberacao"": 52, ""regret"": 37, ""abertura"": 0}","{""interior"": 7, ""fronteira"": 5, ""liberacao"": 7, ""regret"": 3, ""abertura"": 0}",0.0,,,
uniforme_m30_n150_r1.5_s1001,uniforme,1.5,30,150,clns:aprendido,29246.836273659486,True,-1,0,60.0,60.0039116,0.0039116000000021245,28660.901022073343,28187.080580505582,gap,"[[0.057969100002082996, 32772.324317773506], [0.1987074000062421, 30340.309649164657], [0.9997427000052994, 29750.26175760769], [1.0332454000017606, 29688.292472907906], [1.0574941000013496, 29673.35019197109], [1.9826901000051294, 29493.573076090353], [3.0024688000048627, 29427.520986915173], [3.789684000003035, 29395.336396948158], [6.749247900006594, 29393.91890767138], [7.026011400004791, 29373.245596190565], [9.501908700003696, 29346.858019040385], [16.463977200000954, 29328.171724995886], [19.859020300005795, 29324.62039560917], [20.36646060000203, 29305.972232524447], [20.39235770000232, 29303.00139047073], [21.809626600006595, 29299.21555764778], [24.866675200006284, 29272.5236693842], [32.33127940000122, 29271.267037149144], [39.00975800000015, 29267.7312406021], [41.165945600005216, 29255.858705411072], [41.65235200000461, 29246.836273659486]]",60.0039116,58.890625,0.9814464329022177,False,55.9,735.0703125,4,,,,,eaa3f86d9312c0970ce9,1464.0,1464.0,0.056355200002144556,0.0016129000068758614,8.211730200127931,51.454967799996666,"{""interior"": 1387, ""fronteira"": 36, ""liberacao"": 31, ""regret"": 10, ""abertura"": 0}","{""interior"": 2, ""fronteira"": 7, ""liberacao"": 8, ""regret"": 3, ""abertura"": 0}",6.851218800053175,,,
uniforme_m30_n150_r1.5_s1001,uniforme,1.5,30,150,clns:aprendido,28582.44006767213,True,-1,1,60.0,59.9961817,0.0,28660.901022073343,28187.080580505582,gap,"[[0.07223320000048261, 32772.324317773506], [0.25954270000511315, 30340.309649164657], [0.9964849000025424, 29750.26175760769], [1.0140241000044625, 29688.292472907906], [1.038871200005815, 29673.35019197109], [2.0004193000058876, 29493.573076090353], [2.6780269000009866, 29472.7117573278], [2.736696899999515, 29353.798121696775], [2.804460100000142, 29347.75844253208], [3.1403272000025027, 29321.523583426733], [3.1745179000063217, 29318.86657042306], [3.208249200004502, 29302.726117796232], [3.9958286000037333, 29298.942071908066], [4.12859710000339, 29272.55449475789], [4.346105100004934, 29266.808584609556], [4.804950199999439, 28610.315696222147], [4.847641300002579, 28594.103478502795], [7.429008500002965, 28582.44006767213]]",59.9961817,59.375,0.9896463127752678,False,53.5,735.0703125,4,,,,,eaa3f86d9312c0970ce9,145.0,145.0,0.07066740000300342,0.0015652000001864508,0.7620160000005853,59.113020799995866,"{""interior"": 27, ""fronteira"": 29, ""liberacao"": 80, ""regret"": 9, ""abertura"": 0}","{""interior"": 2, ""fronteira"": 3, ""liberacao"": 9, ""regret"": 3, ""abertura"": 0}",0.6341651000329875,,,
uniforme_m30_n150_r1.5_s1001,uniforme,1.5,30,150,clns:aprendido,29288.131503820146,True,-1,2,60.0,59.971147,0.0,28660.901022073343,28187.080580505582,gap,"[[0.09405370000604307, 32772.324317773506], [0.2744189000004553, 30340.309649164657], [0.9717891000036616, 29750.26175760769], [0.9926974000045448, 29688.292472907906], [1.032008100002713, 29673.35019197109], [1.977419100003317, 29558.313610462144], [2.628518500001519, 29527.92780043261], [2.708468900003936, 29409.01416480158], [2.8067226000057417, 29402.974485636885], [3.0541675000058603, 29386.507684168126], [3.0798105000067153, 29339.012324043782], [6.38622469999973, 29337.594834767006], [8.822201700000733, 29316.268230968366], [22.02092370000173, 29304.17822183166], [22.26262520000455, 29302.301980753564], [22.97536720000062, 29288.131503820146]]",59.971147,59.921875,0.9991784049086138,False,57.5,712.03125,6,,,,,eaa3f86d9312c0970ce9,147.0,147.0,0.09161540000059176,0.0024371999970753677,0.8127987000407302,59.01077129998157,"{""interior"": 21, ""fronteira"": 48, ""liberacao"": 73, ""regret"": 5, ""abertura"": 0}","{""interior"": 0, ""fronteira"": 3, ""liberacao"": 8, ""regret"": 4, ""abertura"": 0}",0.674226200011617,,,
uniforme_m30_n150_r1.5_s1001,uniforme,1.5,30,150,clns:gnn,29217.678780160793,True,-1,0,60.0,60.0004478,0.0004478000000034399,28660.901022073343,28187.080580505582,gap,"[[0.05473359999450622, 32772.324317773506], [0.21953999999823282, 31251.491484336533], [0.2437802999993437, 30057.954581328522], [0.8524292999936733, 29851.74904631258], [3.0640217999971355, 29832.496358084834], [5.011932699999306, 29809.244469809928], [6.439788199997565, 29803.085162916293], [10.01100679999945, 29798.87944445682], [13.046312799997395, 29275.87187052562], [19.05518299999676, 29275.796830218183], [25.49071659999754, 29258.635818695362], [42.60763419999421, 29255.513423487253], [50.042152299996815, 29238.480625241755], [56.499068599994644, 29234.87478798692], [58.07443449999846, 29234.647096677425], [58.17370939999819, 29230.927427785406], [59.20325799999409, 29217.678780160793]]",60.0004478,59.4375,0.9906176066905954,False,53.6,715.8984375,2,,,,,eaa3f86d9312c0970ce9,216.0,216.0,0.05358879999403143,0.0011442000031820498,1.0605725999703282,58.81861069997831,"{""interior"": 39, ""fronteira"": 33, ""liberacao"": 83, ""regret"": 28, ""abertura"": 33}","{""interior"": 4, ""fronteira"": 2, ""liberacao"": 7, ""regret"": 0, ""abertura"": 3}",0.0,,,
uniforme_m30_n150_r1.5_s1001,uniforme,1.5,30,150,clns:gnn,29223.472077445193,True,-1,1,60.0,59.9968619,0.0,28660.901022073343,28187.080580505582,gap,"[[0.06019989999913378, 32772.324317773506], [0.20112030000018422, 31251.491484336533], [0.22338000000308966, 30057.954581328522], [0.854493699996965, 29851.74904631258], [2.7530541000014637, 29832.496358084834], [4.01072700000077, 29809.244469809928], [5.5534479999987525, 29803.085162916293], [8.525551200000336, 29795.383642479504], [11.666043099998205, 29272.376068548307], [15.671760700002778, 29268.170350088832], [19.287355699998443, 29268.09530978139], [24.411058500001673, 29250.934298258573], [36.31134810000367, 29247.811903050464], [40.12269229999947, 29225.757538520156], [42.30447219999769, 29223.472077445193]]",59.9968619,59.3125,0.9885933717476647,False,51.0,735.0703125,4,,,,,eaa3f86d9312c0970ce9,289.0,289.0,0.05894399999669986,0.0012553999986266717,1.2975469000812154,58.56356809994031,"{""interior"": 61, ""fronteira"": 49, ""liberacao"": 95, ""regret"": 41, ""abertura"": 43}","{""interior"": 2, ""fronteira"": 4, ""liberacao"": 6, ""regret"": 0, ""abertura"": 2}",0.0,,,
uniforme_m30_n150_r1.5_s1001,uniforme,1.5,30,150,clns:gnn,29234.87478798692,True,-1,2,60.0,59.9939501,0.0,28660.901022073343,28187.080580505582,gap,"[[0.08082989999820711, 32772.324317773506], [0.29931950000172947, 31251.491484336533], [0.32607419999840204, 30057.954581328522], [0.9799554999990505, 29851.74904631258], [3.5244521999993594, 29832.496358084834], [5.004637400001229, 29809.244469809928], [6.568290499999421, 29803.085162916293], [10.708763299997372, 29280.0775889851], [16.830115199998545, 29275.87187052562], [23.06141409999691, 29275.796830218183], [29.69176460000017, 29258.635818695362], [45.93148839999776, 29255.513423487253], [51.98127399999794, 29238.480625241755], [58.69938800000091, 29234.87478798692]]",59.9939501,59.8125,0.9969755267039835,False,55.9,735.0703125,4,,,,,eaa3f86d9312c0970ce9,213.0,213.0,0.0793377000009059,0.0014913999984855764,1.049652399997285,58.79221269996924,"{""interior"": 44, ""fronteira"": 32, ""liberacao"": 78, ""regret"": 28, ""abertura"": 31}","{""interior"": 3, ""fronteira"": 2, ""liberacao"": 6, ""regret"": 0, ""abertura"": 2}",0.0,,,
uniforme_m30_n150_r1.5_s1001,uniforme,1.5,30,150,clns:rotacao,29193.865809441544,True,-1,0,60.0,60.0334415,0.03344150000000212,28660.901022073343,28187.080580505582,gap,"[[0.059377799996582326, 32772.324317773506], [0.10678479999478441, 31491.05136995991], [1.0471733000013046, 30414.315382490906], [1.5724450999987312, 29998.690790774046], [1.6655253999997512, 29957.35539784912], [1.6890903999956208, 29955.937908572345], [2.0883242999989307, 29422.499757686935], [2.119504499998584, 29403.699081960916], [2.2819435999990674, 29401.058315197522], [2.8930017999955453, 29392.009680804404], [2.908039900001313, 29370.599086205984], [3.3495330000005197, 29352.114730364483], [3.363315499998862, 29314.623019681647], [5.168379999995523, 29311.84186036193], [5.790259000001242, 29306.723215365084], [5.857109299999138, 29304.525815665555], [6.066778299995349, 29300.25606814391], [7.2958734999992885, 29299.563827524136], [7.950232600000163, 29286.641508200504], [8.071994499994616, 29285.23437504892], [8.923921900001005, 29260.7309207425], [10.035259899996163, 29245.797760611837], [10.05283779999445, 29242.28990128154], [11.036930800000846, 29239.64619573643], [11.928968299995176, 29237.951270600017], [14.701056699996116, 29233.00126049432], [16.512925299997733, 29229.96099619334], [16.96995379999862, 29207.756121588624], [18.329627200000687, 29197.27711573878], [20.160061899994616, 29193.865809441544]]",60.0334415,59.96875,0.9989224089376918,False,43.8,715.8984375,2,,,,,eaa3f86d9312c0970ce9,247.0,247.0,0.0569379000007757,0.0024391000042669475,0.21015650002664188,59.70088980003493,"{""interior"": 62, ""fronteira"": 62, ""liberacao"": 62, ""regret"": 61, ""abertura"": 0}","{""interior"": 8, ""fronteira"": 7, ""liberacao"": 6, ""regret"": 8, ""abertura"": 0}",0.0,,,
uniforme_m30_n150_r1.5_s1001,uniforme,1.5,30,150,clns:rotacao,29589.518274953327,True,-1,1,60.0,59.9510841,0.0,28660.901022073343,28187.080580505582,gap,"[[0.05534079999779351, 32772.324317773506], [0.07633409999834839, 32768.21387457701], [0.6007580000004964, 32179.457419908285], [0.9965545999948517, 30882.58133320012], [1.0300340999965556, 30882.4474899868], [1.3344565999941551, 29948.096873292096], [1.4194420999992872, 29913.815266804027], [1.4534392999994452, 29894.838912747335], [1.465145999995002, 29857.433784214947], [1.5758745999992243, 29850.80010416521], [2.0042943000007654, 29840.338591605407], [2.2127646999942954, 29726.589910397623], [2.279313999999431, 29719.964570553], [2.9996814999976777, 29697.356876732636], [3.1070780999943963, 29660.057963452506], [4.424858999998833, 29649.873304331457], [5.0639869000006, 29643.72879510227], [5.090411199998925, 29642.95702029068], [5.8287511999951676, 29640.337481584356], [6.078822299998137, 29639.56328130115], [7.998229500000889, 29633.62416732249], [9.31771419999859, 29629.353271473876], [10.668217999998888, 29626.982395051193], [11.004978400000255, 29624.34744512821], [11.694281999996747, 29614.2902579383], [11.897261399994022, 29606.03331944908], [26.330842600000324, 29601.897368636804], [27.996511999997892, 29597.769637976526], [30.023945599998115, 29591.108666527005], [30.187899199998355, 29589.627704342936], [32.51240539999708, 29589.518274953327]]",59.9510841,59.625,0.9945608306355881,False,55.1,712.03125,6,,,,,eaa3f86d9312c0970ce9,248.0,248.0,0.05406199999561068,0.0012781999976141378,0.22901579998142552,59.60799369995948,"{""interior"": 62, ""fronteira"": 62, ""liberacao"": 62, ""regret"": 62, ""abertura"": 0}","{""interior"": 6, ""fronteira"": 12, ""liberacao"": 10, ""regret"": 2, ""abertura"": 0}",0.0,,,
uniforme_m30_n150_r1.5_s1001,uniforme,1.5,30,150,clns:rotacao,28633.108136953935,True,-1,2,60.0,59.9896334,0.0,28660.901022073343,28187.080580505582,gap,"[[0.06218380000063917, 32772.324317773506], [0.08453529999678722, 32768.21387457701], [0.9174863000007463, 30096.556841807913], [0.9837794999984908, 29566.670020309222], [1.0360390999994706, 29548.890283854285], [1.8492430999976932, 29546.14638312269], [1.9561218999951961, 29537.56996691245], [2.991143999999622, 29536.16754332408], [3.0900739999997313, 29534.11639911795], [3.1056613999971887, 29529.318819491884], [3.990650599997025, 29509.647629171814], [4.066584000000148, 29508.95898477741], [4.134221199994499, 29498.172237050047], [4.1485305999958655, 29483.72259101538], [5.074794100000872, 28803.384826109825], [5.0899523999978555, 28794.15662253506], [5.136130899998534, 28776.39037746469], [6.141014599998016, 28762.103679237895], [6.360785899996699, 28752.60440492741], [7.112248099998396, 28739.859481497362], [7.323695299994142, 28729.577717542037], [7.396848599993973, 28716.861339066054], [7.48600759999681, 28701.228567914244], [8.83574029999727, 28698.106172706135], [10.997447499998088, 28688.527556847253], [11.071956499996304, 28684.910471139872], [11.44106859999738, 28683.974610307814], [11.813206099999661, 28657.99376182252], [12.89077919999545, 28640.571321635827], [13.714762199997494, 28633.108136953935]]",59.9896334,59.9375,0.9991309598501397,False,43.8,735.0703125,4,,,,,eaa3f86d9312c0970ce9,490.0,490.0,0.0609997999999905,0.001183200001833029,0.39882150004268624,59.43355210003938,"{""interior"": 123, ""fronteira"": 123, ""liberacao"": 122, ""regret"": 122, ""abertura"": 0}","{""interior"": 5, ""fronteira"": 7, ""liberacao"": 9, ""regret"": 8, ""abertura"": 0}",0.0,,,
uniforme_m30_n150_r1.5_s1001,uniforme,1.5,30,150,completo,28574.760027300814,True,-1,0,60.0,56.9967515,0.0,28660.901022073343,28187.080580505582,gap,"[[0.3021819999994477, 42619.42892189611], [2.513985199999297, 33592.91105641808], [2.6212271000040346, 32745.898533709365], [2.9576522999996087, 32261.672103510857], [3.2660949999990407, 31406.123040285904], [8.179525400002603, 28660.90102207335], [54.65288390000205, 28574.760027300836]]",56.9967515,56.921875,0.9986863023237386,False,45.8,715.8984375,2,253.0,False,1.0,1.0,eaa3f86d9312c0970ce9,,,,,,,,,,,,
uniforme_m30_n150_r1.5_s1001,uniforme,1.5,30,150,hibrido:aprendido,28584.935569113673,True,-1,0,60.0,59.9981526,0.0,28660.901022073343,28187.080580505582,gap,"[[0.3747074999992037, 31774.557147394313], [1.01817889999802, 30776.65009025037], [3.8372175999975298, 30662.795844165383], [4.3612590999982785, 28703.920090703647], [7.098212100005185, 28703.920090703647], [10.760380100000475, 28675.354336761233], [13.066161700007797, 28675.354336761233], [17.111771700001555, 28675.354336761233], [30.001938100002008, 28675.354336761226], [30.23877330000687, 28665.328204168716], [30.95294560000184, 28658.37164012313], [35.78609360000701, 28632.025638186413], [35.80344970000442, 28607.362936106052], [36.31131660000392, 28605.7383515205], [36.35437110000203, 28592.32162635507], [36.437046000006376, 28588.982495922166], [39.72639120000531, 28584.935569113673]]",59.9981526,59.984375,0.9997703662629106,False,50.4,712.03125,6,,,,,eaa3f86d9312c0970ce9,117.0,117.0,,,0.5383474000336719,29.423464499945112,"{""interior"": 22, ""fronteira"": 22, ""liberacao"": 69, ""regret"": 4, ""abertura"": 0}","{""interior"": 2, ""fronteira"": 2, ""liberacao"": 3, ""regret"": 1, ""abertura"": 0}",0.4493675999765401,30.00174920000427,28675.354336761226,11.0
uniforme_m30_n150_r1.5_s1001,uniforme,1.5,30,150,hibrido:aprendido,28639.728918427303,True,-1,1,60.0,59.953314,0.0,28660.901022073343,28187.080580505582,gap,"[[0.2606770999991568, 31774.557147394313], [0.7765539999963949, 30931.105331846255], [0.9105596000008518, 30764.649876563293], [4.974735999996483, 28793.674430894494], [8.046406699999352, 28793.674430894494], [11.460827299997618, 28720.572230773523], [14.025208599996404, 28720.572230773523], [16.79325460000109, 28654.174491119302], [18.292743999991217, 28654.174491119302], [29.96108500000264, 28654.174491119295], [30.505968099998427, 28648.506902367706], [30.52890800000023, 28639.728918427303]]",59.953314,59.65625,0.9950450779084539,False,52.6,712.03125,6,,,,,eaa3f86d9312c0970ce9,479.0,479.0,,,2.400758699994185,27.491726399981417,"{""interior"": 390, ""fronteira"": 41, ""liberacao"": 13, ""regret"": 35, ""abertura"": 0}","{""interior"": 0, ""fronteira"": 1, ""liberacao"": 0, ""regret"": 1, ""abertura"": 0}",2.0067450999777066,29.960814400001254,28654.174491119295,17.0
uniforme_m30_n150_r1.5_s1001,uniforme,1.5,30,150,hibrido:aprendido,28633.017748801507,True,-1,2,60.0,59.9518783,0.0,28660.901022073343,28187.080580505582,gap,"[[0.22772580000309972, 31774.557147394313], [0.6643933000013931, 30827.549783898154], [4.816310399997747, 28704.40608393486], [8.239154899994901, 28704.40608393486], [10.986701699999685, 28646.09262326717], [13.060219099992537, 28646.09262326717], [17.108473199994478, 28646.09262326717], [29.98951390000002, 28646.09262326716], [30.767028300004313, 28636.35687923441], [34.99332510000386, 28633.017748801507]]",59.9518783,59.90625,0.9992389179239444,False,44.6,715.8984375,2,,,,,eaa3f86d9312c0970ce9,330.0,330.0,,,1.5312699999340111,28.3604391999761,"{""interior"": 261, ""fronteira"": 13, ""liberacao"": 51, ""regret"": 5, ""abertura"": 0}","{""interior"": 0, ""fronteira"": 1, ""liberacao"": 1, ""regret"": 0, ""abertura"": 0}",1.2838271001091925,29.989322400004312,28646.09262326716,10.0
uniforme_m30_n150_r1.5_s1001,uniforme,1.5,30,150,hibrido:gnn,28591.892133159265,True,-1,0,60.0,59.9915112,0.0,28660.901022073343,28187.080580505582,gap,"[[0.3406955000027665, 31774.557147394313], [1.0041502000021865, 30776.65009025037], [4.242868000008457, 30662.795844165383], [4.808604400008335, 28703.920090703647], [8.333777500003634, 28703.920090703647], [11.691409200000635, 28675.354336761233], [13.099279200010642, 28675.354336761233], [17.142269400006626, 28675.354336761233], [30.015761499998916, 28675.354336761226], [30.20697300000029, 28665.328204168716], [31.058488199996646, 28651.911479003284], [34.82640849999734, 28625.565477066568], [37.949608900002204, 28623.94089248102], [41.03218480000214, 28620.12974219685], [45.04509709999547, 28619.131160318568], [50.969727600000624, 28615.792029885662], [58.693671100001666, 28591.892133159265]]",59.9915112,59.78125,0.9964951508006019,False,50.5,715.8984375,2,,,,,eaa3f86d9312c0970ce9,114.0,114.0,,,0.517888099879201,29.42253989994788,"{""interior"": 23, ""fronteira"": 17, ""liberacao"": 40, ""regret"": 23, ""abertura"": 11}","{""interior"": 0, ""fronteira"": 3, ""liberacao"": 3, ""regret"": 1, ""abertura"": 1}",0.0,30.01558120000118,28675.354336761226,11.0
uniforme_m30_n150_r1.5_s1001,uniforme,1.5,30,150,hibrido:gnn,28619.805018867475,True,-1,1,60.0,59.9987002,0.0,28660.901022073343,28187.080580505582,gap,"[[0.23344340000039665, 31774.557147394313], [0.7188762999940081, 30931.105331846255], [0.8812150999947335, 30764.649876563293], [4.432522099996277, 28793.674430894494], [8.077009399996314, 28793.674430894494], [11.33245039999747, 28720.572230773523], [14.219028999992588, 28720.572230773523], [16.957932499994058, 28654.174491119302], [18.117551699993783, 28654.174491119302], [29.999846199993044, 28654.174491119295], [30.762645399991015, 28638.65900777745], [35.00048619999143, 28637.962734385444], [36.00053429999389, 28636.111486911846], [36.95763499999157, 28621.226546929636], [39.68311609999364, 28619.805018867475]]",59.9987002,59.984375,0.9997612414943615,False,45.9,735.0703125,4,,,,,eaa3f86d9312c0970ce9,125.0,125.0,,,0.581723699979193,29.38159679997625,"{""interior"": 32, ""fronteira"": 25, ""liberacao"": 31, ""regret"": 21, ""abertura"": 16}","{""interior"": 0, ""fronteira"": 2, ""liberacao"": 3, ""regret"": 0, ""abertura"": 0}",0.0,29.999648599994543,28654.174491119295,21.0
uniforme_m30_n150_r1.5_s1001,uniforme,1.5,30,150,hibrido:gnn,28633.017748801507,True,-1,2,60.0,60.0130661,0.013066100000003189,28660.901022073343,28187.080580505582,gap,"[[0.2899623999983305, 31774.557147394313], [0.6600264000007883, 30827.549783898154], [4.888125500001479, 28704.40608393486], [7.0646092999959365, 28704.40608393486], [9.896777000001748, 28646.09262326717], [13.206931300002907, 28646.09262326717], [17.169724500003213, 28646.09262326717], [30.00825829999667, 28646.09262326716], [30.82085999999981, 28636.35687923441], [37.008740999997826, 28633.017748801507]]",60.0130661,59.140625,0.9854624808113245,False,55.9,715.8984375,2,,,,,eaa3f86d9312c0970ce9,106.0,106.0,,,0.5263914000461227,29.43943779994879,"{""interior"": 31, ""fronteira"": 24, ""liberacao"": 27, ""regret"": 11, ""abertura"": 13}","{""interior"": 0, ""fronteira"": 1, ""liberacao"": 1, ""regret"": 0, ""abertura"": 0}",0.0,30.007959599999595,28646.09262326716,10.0
uniforme_m30_n150_r1.5_s1001,uniforme,1.5,30,150,hibrido:rotacao,28584.935569113673,True,-1,0,60.0,60.0000129,1.2900000001536682e-05,28660.901022073343,28187.080580505582,gap,"[[0.23217730000033043, 31774.557147394313], [0.8716372000053525, 30776.65009025037], [3.7259361000033095, 30662.795844165383], [4.268293600005563, 28703.920090703647], [8.077458699997806, 28703.920090703647], [11.043166999996174, 28675.354336761233], [14.068558699997084, 28675.354336761233], [18.285419300002104, 28675.354336761233], [30.000704800004314, 28675.354336761226], [30.190764600003604, 28665.328204168716], [31.007063500001095, 28648.706191783698], [31.121592900002724, 28641.749627738107], [32.14717710000696, 28640.12504315256], [32.31221260000166, 28639.99119993924], [35.34874690000288, 28638.592774074026], [41.001023200005875, 28624.575745101032], [42.86136310000438, 28584.935569113673]]",60.0000129,60.0,0.9999997850000463,False,43.1,712.03125,6,,,,,eaa3f86d9312c0970ce9,170.0,170.0,,,0.1352429000180564,29.82123129998945,"{""interior"": 43, ""fronteira"": 43, ""liberacao"": 42, ""regret"": 42, ""abertura"": 0}","{""interior"": 3, ""fronteira"": 3, ""liberacao"": 0, ""regret"": 2, ""abertura"": 0}",0.0,30.000508600001922,28675.354336761226,10.0
uniforme_m30_n150_r1.5_s1001,uniforme,1.5,30,150,hibrido:rotacao,28601.791771964727,True,-1,1,60.0,59.9689695,0.0,28660.901022073343,28187.080580505582,gap,"[[0.34411790000012843, 31774.557147394313], [0.9709015000044019, 30931.105331846255], [1.1474400000006426, 30764.649876563293], [5.166675500004203, 28793.674430894494], [8.207889000004798, 28793.674430894494], [11.946133200006443, 28720.572230773523], [14.097324400005164, 28720.572230773523], [17.228559900002438, 28654.174491119302], [18.17569740000181, 28654.174491119302], [29.99145249999856, 28654.174491119295], [30.9861235999997, 28638.65900777745], [47.983137199997145, 28637.962734385444], [48.98724950000178, 28636.111486911846], [49.449983699996665, 28633.158457405185], [51.92659640000056, 28620.00059321534], [52.3781170000002, 28601.791771964727]]",59.9689695,59.453125,0.9913981430012734,False,56.0,715.8984375,2,,,,,eaa3f86d9312c0970ce9,164.0,164.0,,,0.13368160004756646,29.792885199960438,"{""interior"": 41, ""fronteira"": 41, ""liberacao"": 41, ""regret"": 41, ""abertura"": 0}","{""interior"": 0, ""fronteira"": 3, ""liberacao"": 2, ""regret"": 1, ""abertura"": 0}",0.0,29.991008600001805,28654.174491119295,18.0
uniforme_m30_n150_r1.5_s1001,uniforme,1.5,30,150,hibrido:rotacao,28633.017748801507,True,-1,2,60.0,59.9549067,0.0,28660.901022073343,28187.080580505582,gap,"[[0.22301849999348633, 31774.557147394313], [0.5950980999987223, 30827.549783898154], [4.7535747999936575, 28704.40608393486], [8.2502020000029, 28704.40608393486], [11.057102500002657, 28646.09262326717], [13.072258899999724, 28646.09262326717], [17.10707239999465, 28646.09262326717], [29.998777199994947, 28646.09262326716], [31.71433789999719, 28636.35687923441], [32.38672729999962, 28633.017748801507]]",59.9549067,59.953125,0.9999702826657889,False,45.1,712.03125,6,,,,,eaa3f86d9312c0970ce9,127.0,127.0,,,0.1082173999529914,29.810709300028975,"{""interior"": 32, ""fronteira"": 32, ""liberacao"": 32, ""regret"": 31, ""abertura"": 0}","{""interior"": 1, ""fronteira"": 0, ""liberacao"": 1, ""regret"": 0, ""abertura"": 0}",0.0,29.998584099994332,28646.09262326716,10.0
uniforme_m30_n150_r1.5_s1001,uniforme,1.5,30,150,lns,28914.92277514009,True,-1,0,60.0,60.0850149,0.08501489999999734,28660.901022073343,28187.080580505582,gap,"[[0.9060398000001442, 30989.28002070049], [5.262023200004478, 30899.54805599085], [6.5873586000016076, 30654.160086734748], [8.075410100005683, 30592.09287806756], [10.117946200000006, 30583.54239283354], [10.680451200001698, 29904.372593997992], [16.44600850000279, 29768.046736901946], [17.298992500000168, 29753.179604803452], [17.92329100000643, 29738.663967757027], [19.180279000000155, 29654.641164768276], [19.31760580000264, 29470.45945008887], [20.002505500000552, 29392.351050129582], [21.475130400001945, 29390.77624049718], [21.971218200000294, 29319.76748291061], [22.64934610000637, 29198.738477723324], [27.363792800002557, 29171.60961026315], [31.556617900001584, 29139.98230789977], [33.710791400000744, 29125.902422144158], [36.4860050999996, 29005.376182579144], [37.37229500000103, 28943.007990374397], [46.81513260000065, 28939.84293846727], [50.96043180000561, 28914.92277514009]]",60.0850149,59.671875,0.9931240775975908,False,51.4,712.03125,6,0.0,False,1.0,1.0,eaa3f86d9312c0970ce9,,,,,,,,,,,,
uniforme_m30_n150_r1.5_s1001,uniforme,1.5,30,150,lns,29121.775807070626,True,-1,1,60.0,60.0316114,0.03161140000000273,28660.901022073343,28187.080580505582,gap,"[[0.9222339999978431, 30989.28002070049], [6.063976199999161, 30558.029200502126], [6.465218199999072, 30550.13490452053], [7.1464234000013676, 30508.09325509612], [7.933651999999711, 29795.034831086996], [7.992549800001143, 29758.3413950358], [8.137455099997169, 29531.969697707318], [8.78197750000254, 29479.855415669415], [11.092359900001611, 29440.473355598704], [11.867626799998106, 29325.517140414457], [16.714036899997154, 29269.783418816354], [18.433295000002545, 29264.49795554884], [29.373199399997247, 29256.954719512556], [41.15094030000182, 29131.29933352801], [59.047374499998114, 29121.775807070626]]",60.0316114,59.625,0.9932267118853318,False,56.0,712.03125,6,0.0,False,1.0,1.0,eaa3f86d9312c0970ce9,,,,,,,,,,,,
uniforme_m30_n150_r1.5_s1001,uniforme,1.5,30,150,lns,29112.428138996685,True,-1,2,60.0,60.0051608,0.005160799999998744,28660.901022073343,28187.080580505582,gap,"[[1.1011726999931852, 30989.28002070049], [5.9742585999993025, 30931.863997359804], [7.004358399994089, 30872.908466296336], [9.084583299998485, 30753.550414220124], [13.008056499995291, 30680.276925605256], [13.2622698999985, 30504.23498680343], [13.91240889999608, 30501.402936786097], [18.171426499997324, 30225.302682093523], [19.2259877999968, 30196.741548870596], [19.860451299995475, 30144.15006331971], [21.60302640000009, 30053.43356202392], [24.020617700000003, 30047.350592666484], [24.413231799997448, 30026.017756413225], [28.454875199997332, 30014.58484416762], [28.956796299993584, 30004.51624624767], [29.84285649999947, 29561.733530097823], [30.643860499993025, 29561.725074712813], [32.58811179999611, 29557.98856426359], [38.427495699994324, 29452.34773432905], [38.51858809999976, 29353.649953944398], [46.081798100000015, 29315.695608560698], [48.347543699994276, 29311.903919351047], [49.513705199999094, 29310.12725420769], [55.30847029999859, 29143.72661810805], [57.93915310000011, 29125.022722289563], [59.725412099993264, 29112.428138996685]]",60.0051608,59.1875,0.9863734920613695,False,56.3,735.0703125,4,0.0,False,1.0,1.0,eaa3f86d9312c0970ce9,,,,,,,,,,,,
uniforme_m30_n150_r1.5_s1001,uniforme,1.5,30,150,warm_classico,28613.286005742648,True,-1,0,60.0,58.0177518,0.0,28660.901022073343,28187.080580505582,gap,"[[0.9328235000066343, 30989.28002070049], [6.21788839999499, 30989.28002070048], [14.800378200001433, 28613.28600574266]]",58.0177518,56.703125,0.9773409558417256,False,56.0,715.8984375,2,151.0,False,1.0,2.0,eaa3f86d9312c0970ce9,,,,,,,,,,,,
uniforme_m30_n150_r1.5_s1002,uniforme,1.5,30,150,adaptativa:gnn,26325.528472697988,True,0,0,60.0,59.0036798,0.0,26337.69752859981,25604.72441154976,gap,"[[0.3150452999980189, 36285.738564848434], [1.9725975999972434, 27647.917358600553], [3.549441499992099, 26533.886306633976], [15.072988899992197, 26533.886306633976], [17.70989789999294, 26524.67754995977], [17.71349439999176, 26506.026694308486], [26.082303699993645, 26506.026694308486], [30.41942189999827, 26377.297452385115], [35.13655119999021, 26377.297452385115], [40.229671899993264, 26325.528472698003]]",59.0036798,57.734375,0.9784877010331821,False,62.7,735.0703125,4,91.0,False,1.0,4.0,eaa3f86d9312c0970ce9,,,,,,,,,,,,
uniforme_m30_n150_r1.5_s1002,uniforme,1.5,30,150,clns:alns,26759.096180908262,True,-1,0,60.0,59.9879017,0.0,26337.69752859981,25604.72441154976,gap,"[[0.061731200003123377, 33701.33984197592], [0.14368510000349488, 31416.416216195365], [0.43992720000096597, 28720.77742458815], [0.7231288000039058, 28714.906405861315], [0.8847233999986202, 28653.43782095665], [0.9869115000037709, 28454.900146199874], [1.0126913999993121, 28382.379602135872], [1.989768899999035, 28247.196944926487], [2.026392500003567, 28214.33273123249], [2.0892597999991267, 27474.72723408996], [3.078593300000648, 27463.027984436878], [4.303358900004241, 27431.21352990219], [4.988465000002179, 27338.162691155318], [5.115071300002455, 27182.987627858016], [5.1332970000003115, 27130.36448111992], [9.014321300004667, 27097.121175414777], [9.068598900004872, 27093.864372476317], [9.089380199999141, 27085.697440074284], [10.072451899999578, 27077.62942763755], [10.991202199998952, 26986.11199384755], [11.042774300003657, 26983.796640304874], [11.085761499998625, 26952.96512022509], [11.990311100002145, 26943.348023606974], [13.989935099998547, 26941.54855557631], [14.090545899998688, 26921.878586092498], [14.111788100002741, 26915.56887184464], [14.168413999999757, 26874.98490419644], [14.988485599998967, 26861.417057210267], [15.04065790000459, 26857.595188050065], [15.869067700004962, 26856.6252841549], [16.06203259999893, 26846.658543452228], [16.412650199999916, 26841.759581922142], [17.41318129999854, 26830.71335741224], [19.299263300003076, 26806.209345879917], [19.998807900003158, 26799.610556908854], [21.442580100003397, 26787.548533376772], [21.618676300000516, 26777.674506569925], [21.992274299998826, 26775.059125041866], [22.01267519999965, 26774.238486520007], [22.420482000001357, 26759.096180908262]]",59.9879017,58.484375,0.9749361678373224,False,83.5,715.8984375,2,,,,,eaa3f86d9312c0970ce9,222.0,222.0,0.060553300005267374,0.0011771999998018146,0.29392070002359105,59.56279839993658,"{""interior"": 55, ""fronteira"": 64, ""liberacao"": 53, ""regret"": 50, ""abertura"": 0}","{""interior"": 8, ""fronteira"": 14, ""liberacao"": 11, ""regret"": 6, ""abertura"": 0}",0.0,,,
uniforme_m30_n150_r1.5_s1002,uniforme,1.5,30,150,clns:alns,27106.916115029584,True,-1,1,60.0,60.0047433,0.004743300000001227,26337.69752859981,25604.72441154976,gap,"[[0.06675810000160709, 33701.33984197592], [0.09868160000041826, 31268.034763209274], [0.17299260000436334, 31100.307765413818], [0.1917271999991499, 31098.675691597058], [0.232511300004262, 31077.243659162334], [0.2946626999982982, 28792.32003338178], [0.35868260000279406, 28770.430262765367], [1.9931912000029115, 28754.964249199093], [2.0114860000030603, 28743.723603144954], [2.0903640000033192, 28698.874042903175], [2.8363039000032586, 28695.347522260574], [2.8633201999982703, 28664.463516159718], [3.7359633000014583, 28624.83395748841], [3.7870444000000134, 27697.157143859888], [3.993244900004356, 27564.999144204467], [4.757387600002403, 27531.584463573647], [4.7820071000023745, 27420.070181240426], [4.8596843000050285, 27391.521899098203], [5.005743599998823, 27387.363067997147], [5.11754369999835, 27361.023265730375], [5.1332698000042, 27354.665444059894], [7.996227399999043, 27337.984394017552], [8.960409100000106, 27337.21874866499], [13.00232710000273, 27146.802077256234], [13.161649699999543, 27146.25489103098], [19.601270999999542, 27120.08712515957], [20.506542300005094, 27106.916115029584]]",60.0047433,56.8125,0.9468001507140853,False,83.5,735.0703125,4,,,,,eaa3f86d9312c0970ce9,190.0,190.0,0.06546869999874616,0.0012886999975307845,0.28628390005178517,59.58779560000403,"{""interior"": 44, ""fronteira"": 57, ""liberacao"": 45, ""regret"": 44, ""abertura"": 0}","{""interior"": 6, ""fronteira"": 6, ""liberacao"": 8, ""regret"": 6, ""abertura"": 0}",0.0,,,
uniforme_m30_n150_r1.5_s1002,uniforme,1.5,30,150,clns:alns,26546.692178310725,True,-1,2,60.0,60.0010421,0.0010420999999993796,26337.69752859981,25604.72441154976,gap,"[[0.0843416999996407, 33701.33984197592], [0.9983141999982763, 31860.856781489492], [1.9947781000009854, 31128.368905610194], [2.990797999998904, 29066.502647056295], [3.2192465999978594, 28539.236678088906], [4.081203099995037, 28486.30541841372], [4.1171876000007614, 28476.76287840359], [7.686708199995337, 28453.797245469337], [7.725797299994156, 28445.386858769994], [8.016066500000306, 28405.919763162667], [8.998298099999374, 28245.193347385255], [9.034304499997234, 28140.637996458816], [9.378815999996732, 28127.136053499587], [10.012019900001178, 28097.452827122634], [10.043115299995407, 28094.78675122108], [10.170553600000858, 27878.042541598843], [10.550209900000482, 27784.992767110543], [10.583579599995574, 27771.674850559306], [11.017321599996649, 27766.348169062778], [11.229030299997248, 27463.42361479404], [11.24857979999797, 27460.683017518822], [11.295781199994963, 27417.45760782567], [11.998496699998213, 27414.778442353512], [12.04011139999784, 27302.88383282169], [12.08631669999886, 27298.824728340584], [12.539193099997647, 27286.619622198126], [12.616355300000578, 27227.641814204457], [12.748913499999617, 27206.857135725273], [13.26682720000099, 27155.01855940108], [13.693554400000721, 27154.09571332245], [14.86862470000051, 27095.871997796537], [17.050407999995514, 27093.370445040506], [17.43782310000097, 27017.35784103807], [21.094599899995956, 27011.706596836546], [25.456294399999024, 27010.709737249592], [27.28232990000106, 27008.43412710987], [27.317296199995326, 27006.528419947517], [28.000123499994515, 26968.916999402896], [28.086780499994347, 26959.9153479026], [29.003064299999096, 26949.122609011392], [29.08903250000003, 26935.047400088642], [29.996184099996754, 26870.420894690953], [31.028923799996846, 26843.81418311093], [31.998243099995307, 26834.705987430698], [32.101436099997954, 26823.951257572862], [33.05348469999444, 26819.534358703946], [33.080810100000235, 26812.082993664833], [33.12379759999749, 26792.838477531815], [33.20234359999449, 26779.857037995782], [33.2520796999961, 26758.785505919226], [34.04933449999953, 26732.19103243167], [34.78689740000118, 26724.512576407327], [35.02669429999514, 26723.677481000395], [36.01105069999903, 26720.478844804064], [37.09478490000038, 26705.72598685014], [37.6836331999948, 26705.659220054757], [38.02757410000049, 26705.20219565762], [38.93942309999693, 26701.547990651292], [41.99910819999786, 26692.129694753792], [42.087221599998884, 26688.140448394402], [42.17448660000082, 26681.01896314173], [42.74857150000025, 26662.55071570395], [45.17346259999613, 26638.948886954233], [46.64442209999834, 26630.09353997622], [46.670168299999204, 26628.950765355024], [47.03217039999436, 26628.09969632884], [48.05644949999987, 26619.057159423188], [51.5034938999961, 26568.38140643861], [54.128413999998884, 26568.10043087427], [60.000740899995435, 26546.692178310725]]",60.0010421,58.953125,0.9825350183376231,False,83.3,712.03125,6,,,,,eaa3f86d9312c0970ce9,243.0,243.0,0.08313069999712752,0.0012101999964215793,0.3427378999622306,59.49701890000142,"{""interior"": 48, ""fronteira"": 72, ""liberacao"": 63, ""regret"": 60, ""abertura"": 0}","{""interior"": 11, ""fronteira"": 20, ""liberacao"": 20, ""regret"": 18, ""abertura"": 0}",0.0,,,
uniforme_m30_n150_r1.5_s1002,uniforme,1.5,30,150,clns:aprendido,26328.90868391704,True,-1,0,60.0,59.9998402,0.0,26337.69752859981,25604.72441154976,gap,"[[0.08158240000193473, 33701.33984197592], [0.13772030000109226, 31268.034763209274], [0.16311940000014147, 29088.24696598693], [0.49763910000183387, 29072.079356522605], [0.524299600001541, 27867.0550194641], [0.5550165000022389, 27072.437432735158], [0.5888048999986495, 27050.442605316268], [0.7703154999981052, 27032.08865918953], [1.2806902000011178, 26543.265485733507], [1.7348777000006521, 26479.95721199367], [2.128106399999524, 26461.536597172264], [2.1982950000019628, 26441.306135160343], [2.2173412999982247, 26435.99393929581], [2.2386907000036445, 26432.733048830713], [2.69522610000422, 26356.132898142616], [2.8595122000042466, 26355.426619212434], [3.0777337000035914, 26343.03153177696], [7.484440100000938, 26342.963289707128], [11.486629099999845, 26334.559928118564], [43.536964400002034, 26328.90868391704]]",59.9998402,59.390625,0.9898463862908755,False,61.5,715.8984375,2,,,,,eaa3f86d9312c0970ce9,1129.0,1129.0,0.07832849999977043,0.0032524999987799674,6.460629199980758,53.20178509999823,"{""interior"": 31, ""fronteira"": 1064, ""liberacao"": 26, ""regret"": 8, ""abertura"": 0}","{""interior"": 4, ""fronteira"": 5, ""liberacao"": 7, ""regret"": 3, ""abertura"": 0}",5.381212699881871,,,
uniforme_m30_n150_r1.5_s1002,uniforme,1.5,30,150,clns:aprendido,26094.194149845163,True,-1,1,60.0,59.9803407,0.0,26337.69752859981,25604.72441154976,gap,"[[0.06705379999766592, 33701.33984197592], [0.11406449999776669, 31268.034763209274], [0.1424027000030037, 29088.24696598693], [0.16693430000304943, 27883.222628928426], [0.7270743999979459, 27568.663104802585], [1.5488193999990472, 27561.965573744033], [1.6693960999982664, 27555.095611920868], [1.695778799999971, 27101.53609835229], [1.7258981999984826, 27081.023911472366], [1.7541434000013396, 27078.39355413402], [2.978368199997931, 27065.16556659767], [3.86475849999988, 27062.816097122784], [4.26573880000069, 27050.79111839556], [4.97859459999745, 26997.768944103904], [5.514033400002518, 26989.36558251534], [5.7681127000032575, 26745.71556208052], [5.803294799996365, 26735.33546918163], [5.977244399997289, 26656.11928875838], [6.0551072000016575, 26654.725743295785], [6.978860199997143, 26654.55861121185], [24.84915650000039, 26653.08025576806], [25.163305900001433, 26636.673266248057], [25.24115300000267, 26621.72069582669], [26.083224599999085, 26617.4745780116], [27.69329270000162, 26579.014937265914], [27.732576599999447, 26531.79026134625], [32.07884719999856, 26530.548232016532], [34.55565509999724, 26406.592371497387], [35.06745529999898, 26403.396005116552], [36.4338682000016, 26389.405438354257], [38.71037809999689, 26371.25774825862], [41.03590989999793, 26368.182657656234], [42.98265900000115, 26362.44063633454], [44.98193069999979, 26094.194149845163]]",59.9803407,59.546875,0.9927732037707482,False,61.9,712.03125,6,,,,,eaa3f86d9312c0970ce9,947.0,947.0,0.06567019999783952,0.001382700000249315,5.518395100036287,54.17757299996447,"{""interior"": 110, ""fronteira"": 575, ""liberacao"": 55, ""regret"": 207, ""abertura"": 0}","{""interior"": 7, ""fronteira"": 11, ""liberacao"": 12, ""regret"": 3, ""abertura"": 0}",4.581127999968885,,,
uniforme_m30_n150_r1.5_s1002,uniforme,1.5,30,150,clns:aprendido,26320.655702999145,True,-1,2,60.0,59.9512062,0.0,26337.69752859981,25604.72441154976,gap,"[[0.07651139999506995, 33701.33984197592], [0.1288946999993641, 31268.034763209274], [0.16412249999848427, 29088.24696598693], [0.194593200001691, 27883.222628928426], [0.6021106999978656, 27561.79314297942], [6.573615299996163, 27538.73564096978], [10.261325499996019, 27014.335414581335], [10.680889999995998, 27005.330844269713], [10.758393600001, 27004.95418875924], [11.009196599996358, 26669.09660914364], [11.151108999998542, 26649.761420822368], [11.353771099995356, 26583.26782589799], [12.03803959999641, 26460.896724891212], [12.08151209999778, 26457.027262586595], [12.114016100000299, 26379.683449609787], [13.00144129999535, 26377.951731641628], [13.449179499999445, 26356.24903541428], [13.64163009999902, 26348.847905021878], [13.841040899998916, 26346.715722374563], [13.891714699995646, 26343.76499518072], [18.13312500000029, 26333.889183887837], [18.195279399995343, 26329.24665074434], [20.988799899998412, 26320.843289155775], [23.625372999995307, 26320.655702999145]]",59.9512062,58.0625,0.9684959432892944,False,92.1,715.8984375,2,,,,,eaa3f86d9312c0970ce9,915.0,915.0,0.0742956999965827,0.002214399995864369,7.779110199968272,51.83236199993553,"{""interior"": 580, ""fronteira"": 301, ""liberacao"": 20, ""regret"": 14, ""abertura"": 0}","{""interior"": 5, ""fronteira"": 6, ""liberacao"": 6, ""regret"": 6, ""abertura"": 0}",6.4886756999767385,,,
uniforme_m30_n150_r1.5_s1002,uniforme,1.5,30,150,clns:gnn,26378.596111864274,True,-1,0,60.0,59.9988964,0.0,26337.69752859981,25604.72441154976,gap,"[[0.0629923999949824, 33701.33984197592], [0.09406930000113789, 31268.034763209274], [0.11327699999674223, 31245.87123776693], [0.15326859999913722, 31225.851249199874], [0.1708435999971698, 31213.607499791695], [0.2100136000008206, 31206.785034408622], [0.9779587000011816, 28973.615855587483], [1.2258565000011004, 28925.725571654246], [1.526528899994446, 28864.45486650284], [1.5827329999956419, 28796.35030987723], [1.6642416999966372, 28573.08977747374], [1.722412199997052, 28072.37022212585], [1.7542857000007643, 28054.692833141497], [1.8307863999943947, 28036.761915412786], [1.97969379999995, 28006.48303422203], [2.1369869999980438, 27228.476627974065], [3.986686699994607, 27168.570078464167], [4.979786600000807, 27162.402763241345], [5.868120099999942, 26719.810504614972], [5.975975399996969, 26717.095604593145], [6.456810899995617, 26704.977753934727], [6.827194999998028, 26650.151686314795], [7.18034869999974, 26612.567724408444], [7.4204007999942405, 26545.504125675798], [7.560448299998825, 26539.579110451494], [9.831887899999856, 26538.426586682544], [11.446286999998847, 26529.144678559845], [13.249852900000405, 26516.227591105533], [15.338110599994252, 26471.217120139296], [17.39755019999575, 26456.16292172403], [20.562778100000287, 26447.088233191098], [24.760542799995164, 26434.178137357052], [26.858341599996493, 26428.82434296848], [31.990907299994433, 26427.259675273104], [32.04330949999712, 26423.10814354417], [33.04315409999981, 26405.219306366176], [33.62994459999754, 26405.200229768117], [43.356810099998256, 26388.538178057737], [49.617662999997265, 26382.916046133396], [53.873855199999525, 26378.596111864274]]",59.9988964,59.9375,0.998976707844913,False,73.0,715.8984375,2,,,,,eaa3f86d9312c0970ce9,298.0,298.0,0.06185959999857005,0.0011321999991196208,1.8086471000206075,58.03092000001925,"{""interior"": 92, ""fronteira"": 55, ""liberacao"": 83, ""regret"": 45, ""abertura"": 23}","{""interior"": 6, ""fronteira"": 11, ""liberacao"": 7, ""regret"": 10, ""abertura"": 5}",0.0,,,
uniforme_m30_n150_r1.5_s1002,uniforme,1.5,30,150,clns:gnn,26282.828112837855,True,-1,1,60.0,59.9906868,0.0,26337.69752859981,25604.72441154976,gap,"[[0.058485199995629955, 33701.33984197592], [0.09525929999654181, 31268.034763209274], [0.1322059999947669, 31220.81338774745], [0.2380288999993354, 29060.66721549529], [0.2796756999960053, 29054.436555034466], [0.5769070999958785, 28490.7976633184], [0.9724844999946072, 28480.65148124029], [1.9814627999949153, 28440.99795920968], [3.0298044000010123, 28439.19163090494], [3.9717572999943513, 28425.3073400312], [5.01656489999732, 28402.00599960917], [5.227729499994894, 28372.786065740587], [5.7173978999999235, 28286.107494857308], [6.02188799999567, 27483.01830446997], [6.970509899998433, 27473.115765940725], [8.974582800001372, 27470.165038746884], [13.272745299997041, 27462.763908354482], [18.976791000000958, 26732.850488435906], [19.39506199999596, 26727.78878955756], [19.973528999995324, 26669.568645149775], [20.9758520999967, 26534.95165730702], [21.97678409999935, 26524.91190746323], [22.70741569999518, 26519.52350535946], [25.477984999997716, 26430.040618095933], [27.48598579999816, 26400.059565609798], [29.144578499995987, 26396.09551044226], [29.32216049999988, 26390.911008377818], [32.04141269999673, 26371.07016113746], [42.07705889999488, 26293.391816234005], [45.37921439999627, 26290.941127257327], [55.980734400000074, 26282.828112837855]]",59.9906868,58.515625,0.975411820089381,False,65.1,735.0703125,4,,,,,eaa3f86d9312c0970ce9,146.0,146.0,0.05727949999709381,0.0012050000004819594,0.8594174000245403,59.01389760001621,"{""interior"": 34, ""fronteira"": 13, ""liberacao"": 67, ""regret"": 24, ""abertura"": 8}","{""interior"": 7, ""fronteira"": 2, ""liberacao"": 17, ""regret"": 3, ""abertura"": 1}",0.0,,,
uniforme_m30_n150_r1.5_s1002,uniforme,1.5,30,150,clns:gnn,26858.583763708273,True,-1,2,60.0,59.975276,0.0,26337.69752859981,25604.72441154976,gap,"[[0.06668969999736873, 33701.33984197592], [0.1056555999966804, 31268.034763209274], [0.1664219000012963, 31257.85283167744], [0.2844433999998728, 31247.82482053665], [0.4272759999948903, 31247.654852521977], [0.6095073999968008, 31244.470994519732], [0.6966672999988077, 31238.313477906515], [0.7197097999960533, 31228.123737062328], [0.7407069999972009, 31224.4271266739], [0.8005826000007801, 29075.733354289598], [0.8289235999982338, 29060.78937149705], [1.9616375999976299, 29058.439902022168], [2.963743100001011, 28562.929423362453], [3.962512499994773, 27786.5089882498], [4.488652399995772, 27714.09748040775], [4.962977499999397, 27695.153887187167], [5.449508699995931, 27686.178310896714], [5.523072500000126, 27620.318676894276], [6.636737599998014, 27559.871837388448], [7.518768800000544, 27556.294037219588], [7.576698199998646, 27556.033785163854], [9.43479529999604, 27532.445919021768], [11.080923199995595, 27519.983078051504], [12.718597899998713, 27519.605837533614], [15.971156899999187, 27498.45396768312], [16.07039839999925, 27496.63614748703], [17.960242900000594, 27478.005059493837], [19.56551380000019, 27464.564916030293], [19.712539299995115, 27463.206364087288], [22.19945849999931, 27416.471879411867], [24.97866939999949, 27397.501241753096], [28.96082529999694, 27255.50035392317], [29.506587999996555, 27244.253670991733], [29.98652199999924, 27241.35227893509], [32.07072569999582, 27224.067080344954], [34.1937168000004, 27092.46727073277], [36.68502459999581, 27090.268900230905], [38.304637999994156, 27086.480501983126], [40.05747639999754, 27082.301599677285], [42.17264279999654, 27072.672616010164], [46.24570769999991, 27062.509011300812], [48.07990449999488, 27026.986733939964], [48.1285740999956, 26994.58487753571], [49.02693339999678, 26992.607870933403], [50.438153399998555, 26960.85501689154], [51.09739019999688, 26956.69385762104], [51.7119332000002, 26952.53127414076], [53.459853100001055, 26948.45342847899], [55.12603669999953, 26922.93916373208], [55.72686429999885, 26920.010467431468], [56.42085869999573, 26918.679185235647], [58.22318459999951, 26858.583763708273]]",59.975276,59.796875,0.9970254242764969,False,72.6,712.03125,6,,,,,eaa3f86d9312c0970ce9,299.0,299.0,0.06544249999569729,0.001246699997864198,1.7602710999490228,58.05317469995498,"{""interior"": 50, ""fronteira"": 43, ""liberacao"": 88, ""regret"": 92, ""abertura"": 26}","{""interior"": 5, ""fronteira"": 13, ""liberacao"": 10, ""regret"": 13, ""abertura"": 10}",0.0,,,
uniforme_m30_n150_r1.5_s1002,uniforme,1.5,30,150,clns:rotacao,26548.026317695254,True,-1,0,60.0,60.0450935,0.04509350000000012,26337.69752859981,25604.72441154976,gap,"[[0.09054350000224076, 33701.33984197592], [0.14162239999859594, 33667.016771118964], [0.34781870000006165, 31376.10291536644], [0.5298901999994996, 28339.484968861518], [0.566421999996237, 28288.80850142789], [0.6174975999965682, 28285.47443785134], [0.91564389999985, 28241.516598185375], [1.0455432000017026, 28075.815812801997], [1.0833410999985063, 28073.047057770982], [1.8749700999978813, 28042.298540233143], [1.9908050000012736, 28026.876313515117], [2.076142099998833, 28016.684905924238], [2.0964563000015914, 28009.56571857017], [3.051334700001462, 27832.375726244914], [3.1985034000026644, 27810.822089510133], [3.2328558000008343, 27810.29821698615], [4.04481069999747, 27446.181518921436], [4.194494600000326, 27391.1147023201], [4.922622300000512, 27372.53331565355], [5.028644699996221, 27367.075894306792], [6.0456463000009535, 27355.376959489568], [6.115638399998716, 27343.880289500416], [6.14408430000185, 27329.34976855776], [6.2573030999992625, 27287.986531784412], [8.053767999997945, 27256.380524366916], [8.09707630000048, 27245.38081443291], [8.279310300000361, 27213.818555419355], [11.596740499997395, 27178.70558342018], [12.294331199998851, 27178.05349993461], [12.54509539999708, 26914.745790561363], [12.578739700002188, 26908.564026718428], [12.681411099998513, 26907.20584195613], [13.605981699998665, 26905.5413831789], [13.75654090000171, 26900.7211196725], [13.795192400000815, 26883.058444458075], [14.947098099997675, 26667.97027841932], [14.956674100001692, 26666.387703065982], [17.002269800002978, 26623.235177322713], [17.02899439999601, 26593.846571623173], [17.25237200000265, 26589.64319430803], [17.36107919999631, 26577.127729534433], [18.048398899998574, 26570.007892463353], [18.112580599998182, 26568.747453390817], [20.13414460000058, 26567.98542291927], [22.048445799999172, 26561.639037781], [25.04559909999807, 26548.026317695254]]",60.0450935,58.6875,0.9773904340743511,False,71.3,715.8984375,2,,,,,eaa3f86d9312c0970ce9,242.0,242.0,0.08819670000229962,0.0023313999990932643,0.28789089997735573,59.586966500057315,"{""interior"": 61, ""fronteira"": 61, ""liberacao"": 60, ""regret"": 60, ""abertura"": 0}","{""interior"": 7, ""fronteira"": 14, ""liberacao"": 9, ""regret"": 15, ""abertura"": 0}",0.0,,,
uniforme_m30_n150_r1.5_s1002,uniforme,1.5,30,150,clns:rotacao,26490.209681238925,True,-1,1,60.0,59.9929164,0.0,26337.69752859981,25604.72441154976,gap,"[[0.07228030000260333, 33701.33984197592], [0.41241740000259597, 31838.500463921016], [0.5074284000002081, 30236.448284427737], [0.997735199998715, 29757.860589899472], [1.0215681000045151, 29748.29858420915], [1.9870950000040466, 29566.86482200161], [2.0099554999978864, 29428.662706645147], [2.9574590000047465, 29351.380760178654], [3.0404755999988993, 28548.291569791316], [3.213456600002246, 28545.696789242735], [3.8183903000026476, 27991.033651820147], [6.000423500001489, 27333.018196960813], [6.258190599997761, 27325.0718971139], [6.33123329999944, 26799.28939883237], [6.431419900000037, 26773.41672173833], [8.014503600003081, 26763.51418320908], [9.048559100003331, 26747.875588575065], [9.4012853000022, 26636.87199510646], [9.43616910000128, 26627.95263718044], [11.09859790000337, 26625.48298545623], [11.48368930000288, 26591.338674350594], [11.617101200004981, 26586.77505892224], [11.899941900002887, 26585.940745533306], [12.833022899998468, 26582.459406372924], [13.041904700003215, 26581.021324024317], [14.141290799998387, 26577.819926857563], [14.313070900003368, 26571.76827942093], [15.746596600001794, 26567.739759027627], [16.048787400002766, 26559.34815161608], [16.644536600004358, 26528.86925142337], [17.2703279999987, 26518.993440130485], [23.12992530000338, 26515.742165464748], [23.206231000003754, 26507.839515162486], [23.991753100002825, 26500.14094951401], [26.005585600003542, 26498.637912589766], [26.815200000004552, 26497.819225937812], [26.98890560000291, 26495.90284651855], [28.51916809999966, 26492.85447838709], [45.9114572000035, 26490.209681238925]]",59.9929164,59.53125,0.9923046514871545,False,65.7,712.03125,6,,,,,eaa3f86d9312c0970ce9,211.0,211.0,0.0708472000042093,0.001432500001101289,0.22031090001837583,59.6427038000038,"{""interior"": 53, ""fronteira"": 53, ""liberacao"": 53, ""regret"": 52, ""abertura"": 0}","{""interior"": 7, ""fronteira"": 12, ""liberacao"": 12, ""regret"": 7, ""abertura"": 0}",0.0,,,
uniforme_m30_n150_r1.5_s1002,uniforme,1.5,30,150,clns:rotacao,26602.384146420514,True,-1,2,60.0,60.0021661,0.002166099999996618,26337.69752859981,25604.72441154976,gap,"[[0.06709260000206996, 33701.33984197592], [0.09848200000124052, 32382.948535042393], [1.0054181000014069, 29690.81457543954], [1.1031848000056925, 28375.079242940912], [1.5380927000005613, 28291.649805337147], [1.5658185000065714, 28282.014110152817], [1.7071673000027658, 28190.494867084344], [2.2273096999997506, 28182.989771334866], [4.003473500000837, 28145.37058493209], [4.032354599999962, 28128.514383892718], [5.003103600000031, 28106.876055315486], [5.825934200001939, 28067.342936575846], [5.936871500001871, 28064.088469064278], [6.0007104000033, 28060.5222604326], [8.036341900005937, 28059.111374537722], [9.001557600000524, 28049.060579801677], [9.56376260000252, 28046.827484764137], [9.619890600006329, 28044.800981546938], [10.001483000000007, 28040.043148670622], [10.374721500003943, 27996.038896879592], [12.721241500003089, 27911.934157531025], [12.802933300001314, 27889.13397721313], [15.446022200005245, 27879.3851298318], [15.544866500000353, 27866.00861878218], [17.005768500006525, 27853.572647305224], [17.086273300003086, 27835.561928488627], [17.78577210000367, 27834.353978021194], [18.399590500004706, 27823.22799382114], [18.417411500005983, 27821.250987218835], [18.49392240000452, 27818.44730396203], [19.36116469999979, 27643.679612106702], [19.48609170000418, 27633.187938601382], [19.989108800000395, 27595.32592958689], [20.06290390000504, 27564.90931762063], [22.006879200002004, 27212.318472721858], [22.10348250000243, 27169.556135242106], [22.31497120000131, 27142.496563159024], [23.025393399999302, 27095.405198952267], [23.133631700002297, 27003.725316634416], [23.256077100006223, 26981.612145684565], [24.003250800000387, 26959.185463888374], [24.30333580000297, 26932.877476076836], [24.498698700001114, 26927.63868200805], [24.966819700006454, 26918.83247965508], [24.988853200004087, 26890.488562089413], [25.218121800004155, 26885.30557648643], [25.792746400002216, 26878.888376781153], [28.006086300003517, 26779.53067380552], [28.134699400005047, 26771.784753430336], [28.20281950000208, 26771.541016147574], [29.235090000001946, 26724.84665433531], [30.525337800005218, 26712.4935596591], [31.29280629999994, 26709.36875866688], [31.606198000001314, 26701.041616846498], [31.96400580000045, 26700.67412807924], [31.998782000002393, 26700.190025279502], [32.99860500000068, 26693.176714077195], [33.01162590000604, 26685.876862842582], [33.06250490000093, 26682.086804185074], [33.57261940000171, 26680.36652645119], [34.009190700002364, 26660.3907369611], [39.56785920000402, 26652.905916008993], [40.312317200005054, 26647.39360995109], [41.36008420000144, 26631.16859962192], [41.716185200006294, 26602.384146420514]]",60.0021661,58.5,0.9749648021457012,False,71.6,735.0703125,4,,,,,eaa3f86d9312c0970ce9,299.0,299.0,0.06575680000241846,0.0013352999958442524,0.35465110001678113,59.50127340007748,"{""interior"": 75, ""fronteira"": 75, ""liberacao"": 75, ""regret"": 74, ""abertura"": 0}","{""interior"": 7, ""fronteira"": 21, ""liberacao"": 19, ""regret"": 17, ""abertura"": 0}",0.0,,,
uniforme_m30_n150_r1.5_s1002,uniforme,1.5,30,150,completo,26337.69752859981,True,-1,0,60.0,56.9941337,0.0,26337.69752859981,25604.72441154976,gap,"[[0.8851107999944361, 40454.67418796326], [2.5261303999941447, 32220.852451021234], [2.8120586999939405, 31067.38712873788], [3.150670299997728, 29988.30587970804], [3.316151399994851, 29000.577314365357], [9.383108499998343, 26337.697528599823]]",56.9941337,54.453125,0.9554163115562891,False,65.5,735.0703125,4,290.0,False,1.0,1.0,eaa3f86d9312c0970ce9,,,,,,,,,,,,
uniforme_m30_n150_r1.5_s1002,uniforme,1.5,30,150,hibrido:aprendido,26323.83503171491,True,-1,0,60.0,59.9930222,0.0,26337.69752859981,25604.72441154976,gap,"[[0.27823979999811854, 36285.738564848434], [2.289163699999335, 27647.917358600553], [4.421595799998613, 26533.886306633976], [8.067920300003607, 26533.886306633976], [11.12645909999992, 26524.67754995977], [11.129681600003096, 26506.026694308486], [14.31805100000929, 26506.026694308486], [17.99153520000982, 26401.87261713461], [18.163574600002903, 26401.87261713461], [23.07189120000112, 26325.528472698003], [29.99805750000087, 26325.528472697988], [30.06358800000453, 26323.83503171491]]",59.9930222,59.359375,0.9894379850061963,False,73.0,735.0703125,4,,,,,eaa3f86d9312c0970ce9,487.0,487.0,,,3.2119576999757555,26.66390040009719,"{""interior"": 14, ""fronteira"": 459, ""liberacao"": 11, ""regret"": 3, ""abertura"": 0}","{""interior"": 0, ""fronteira"": 1, ""liberacao"": 0, ""regret"": 0, ""abertura"": 0}",2.694470600094064,29.997858200003975,26325.528472697988,16.0
uniforme_m30_n150_r1.5_s1002,uniforme,1.5,30,150,hibrido:aprendido,26313.899769293068,True,-1,1,60.0,59.9669356,0.0,26337.69752859981,25604.72441154976,gap,"[[0.34217740000167396, 36285.738564848434], [3.102755399995658, 26526.02601267332], [8.122582799995143, 26526.02601267332], [11.310665699995297, 26445.422191368936], [14.114829199999804, 26445.422191368936], [17.902065800000855, 26314.67184580669], [18.50543719999405, 26314.67184580669], [28.99675460000435, 26314.671845806675], [31.264107900002273, 26313.899769293068]]",59.9669356,56.046875,0.9346296328005128,False,92.1,735.0703125,4,,,,,eaa3f86d9312c0970ce9,436.0,436.0,,,4.009003400016809,26.81784259989945,"{""interior"": 361, ""fronteira"": 54, ""liberacao"": 16, ""regret"": 5, ""abertura"": 0}","{""interior"": 0, ""fronteira"": 0, ""liberacao"": 0, ""regret"": 1, ""abertura"": 0}",3.3465599000483053,28.996247299997776,26314.671845806675,15.0
uniforme_m30_n150_r1.5_s1002,uniforme,1.5,30,150,hibrido:aprendido,26312.65208342613,True,-1,2,60.0,59.9931542,0.0,26337.69752859981,25604.72441154976,gap,"[[0.43498410000029253, 36285.738564848434], [2.774813099997118, 28642.308712570546], [3.6582774999988033, 26463.161850931825], [7.129799700000149, 26463.161850931825], [13.147913400003745, 26463.161850931825], [17.179640900001687, 26463.161850931825], [25.092559400000027, 26345.60450249517], [30.00370020000264, 26345.604502495145], [30.06575719999819, 26345.258905847597], [30.64588350000122, 26330.614670603525], [30.710200400004396, 26319.03726119717], [31.181909099999757, 26316.850633558246], [35.01079330000357, 26313.028738936602], [35.229730500002916, 26312.65208342613]]",59.9931542,57.8125,0.963651616103892,False,89.8,712.03125,6,,,,,eaa3f86d9312c0970ce9,249.0,249.0,,,2.213309600003413,27.68398240006354,"{""interior"": 10, ""fronteira"": 220, ""liberacao"": 13, ""regret"": 6, ""abertura"": 0}","{""interior"": 3, ""fronteira"": 1, ""liberacao"": 2, ""regret"": 0, ""abertura"": 0}",1.834610700054327,30.003274499998952,26345.604502495145,23.0
uniforme_m30_n150_r1.5_s1002,uniforme,1.5,30,150,hibrido:gnn,26323.83503171491,True,-1,0,60.0,60.0019509,0.001950899999997091,26337.69752859981,25604.72441154976,gap,"[[0.5220320000007632, 36285.738564848434], [2.8752560000066296, 27647.917358600553], [4.8691040000048815, 26533.886306633976], [7.0801552000048105, 26533.886306633976], [10.841684100007114, 26524.67754995977], [10.84671710000839, 26506.026694308486], [13.091298400009691, 26506.026694308486], [16.995761000005587, 26417.73902750858], [17.195735799999966, 26417.73902750858], [21.644369100002223, 26325.528472698003], [30.001728000002913, 26325.528472697988], [31.076028000003134, 26323.83503171491]]",60.0019509,58.265625,0.9710621759133502,False,65.2,715.8984375,2,,,,,eaa3f86d9312c0970ce9,204.0,204.0,,,1.147327700004098,28.789552999995067,"{""interior"": 65, ""fronteira"": 45, ""liberacao"": 43, ""regret"": 27, ""abertura"": 24}","{""interior"": 0, ""fronteira"": 1, ""liberacao"": 0, ""regret"": 0, ""abertura"": 0}",0.0,30.001540400000522,26325.528472697988,18.0
uniforme_m30_n150_r1.5_s1002,uniforme,1.5,30,150,hibrido:gnn,26310.77169332622,True,-1,1,60.0,60.027307,0.027307000000000414,26337.69752859981,25604.72441154976,gap,"[[0.4752489999955287, 36285.738564848434], [4.066586199995072, 26526.02601267332], [7.1269295000020065, 26526.02601267332], [9.912630599996191, 26445.422191368936], [13.110409100001561, 26445.422191368936], [16.526805699999386, 26314.67184580669], [17.430913100004545, 26314.67184580669], [29.021476300003997, 26314.671845806675], [29.436054200006765, 26313.899769293068], [33.15287110000645, 26310.77169332622]]",60.027307,58.84375,0.9802830235246103,False,71.2,735.0703125,4,,,,,eaa3f86d9312c0970ce9,148.0,148.0,,,0.8866899999702582,30.07228120003856,"{""interior"": 46, ""fronteira"": 32, ""liberacao"": 37, ""regret"": 17, ""abertura"": 16}","{""interior"": 0, ""fronteira"": 1, ""liberacao"": 1, ""regret"": 0, ""abertura"": 0}",0.0,29.02123610000126,26314.671845806675,16.0
uniforme_m30_n150_r1.5_s1002,uniforme,1.5,30,150,hibrido:gnn,26310.77169332622,True,-1,2,60.0,59.9990203,0.0,26337.69752859981,25604.72441154976,gap,"[[0.3557896999991499, 36285.738564848434], [2.909944400002132, 28642.308712570546], [4.132689500002016, 26463.161850931825], [8.091140599994105, 26463.161850931825], [14.099465699997381, 26463.161850931825], [17.798839600000065, 26314.67184580669], [18.403969099999813, 26314.67184580669], [30.002115999996022, 26314.671845806675], [31.383685299995705, 26313.899769293068], [33.24134000000049, 26310.77169332622]]",59.9990203,59.65625,0.9942870683840149,False,71.6,715.8984375,2,,,,,eaa3f86d9312c0970ce9,123.0,123.0,,,0.7148555000094348,29.23782149993349,"{""interior"": 40, ""fronteira"": 25, ""liberacao"": 31, ""regret"": 15, ""abertura"": 12}","{""interior"": 0, ""fronteira"": 1, ""liberacao"": 1, ""regret"": 0, ""abertura"": 0}",0.0,30.001918699999806,26314.671845806675,27.0
uniforme_m30_n150_r1.5_s1002,uniforme,1.5,30,150,hibrido:rotacao,26322.42676047661,True,-1,0,60.0,60.0087546,0.008754600000003165,26337.69752859981,25604.72441154976,gap,"[[0.5193087000006926, 36285.738564848434], [3.15366649999487, 27647.917358600553], [5.722118799996679, 26533.886306633976], [7.141854000001331, 26533.886306633976], [11.0460985000027, 26524.67754995977], [11.052265799997258, 26506.026694308486], [13.132316099996387, 26506.026694308486], [16.995261900003243, 26377.297452385115], [17.311005199997453, 26377.297452385115], [22.863242899999022, 26325.528472698003], [30.004354299991974, 26325.528472697988], [33.00876569999673, 26322.42676047661]]",60.0087546,59.40625,0.9899597216436816,False,74.1,712.03125,6,,,,,eaa3f86d9312c0970ce9,175.0,175.0,,,0.19617679991642945,29.74899969996477,"{""interior"": 44, ""fronteira"": 44, ""liberacao"": 44, ""regret"": 43, ""abertura"": 0}","{""interior"": 0, ""fronteira"": 0, ""liberacao"": 1, ""regret"": 0, ""abertura"": 0}",0.0,30.0040588999982,26325.528472697988,11.0
uniforme_m30_n150_r1.5_s1002,uniforme,1.5,30,150,hibrido:rotacao,26310.77169332622,True,-1,1,60.0,59.9953049,0.0,26337.69752859981,25604.72441154976,gap,"[[0.5991142999992007, 36285.738564848434], [4.102783000002091, 26526.02601267332], [7.065652799996315, 26526.02601267332], [9.749115999999049, 26445.422191368936], [13.089608599999337, 26445.422191368936], [16.809383099993283, 26314.67184580669], [17.409466400000383, 26314.67184580669], [28.993423499996425, 26314.671845806675], [29.177302999996755, 26313.899769293068], [29.456253299998934, 26310.77169332622]]",59.9953049,57.09375,0.9516369671787434,False,66.5,715.8984375,2,,,,,eaa3f86d9312c0970ce9,150.0,150.0,,,0.161784500007343,30.792158500029473,"{""interior"": 38, ""fronteira"": 38, ""liberacao"": 37, ""regret"": 37, ""abertura"": 0}","{""interior"": 0, ""fronteira"": 2, ""liberacao"": 0, ""regret"": 0, ""abertura"": 0}",0.0,28.99323779999395,26314.671845806675,14.0
uniforme_m30_n150_r1.5_s1002,uniforme,1.5,30,150,hibrido:rotacao,26310.77169332622,True,-1,2,60.0,60.0021613,0.002161299999997368,26337.69752859981,25604.72441154976,gap,"[[0.2518090000085067, 36285.738564848434], [2.143437900005665, 28642.308712570546], [3.1885041000059573, 26463.161850931825], [8.073311799998919, 26463.161850931825], [14.255719300002966, 26463.161850931825], [17.59634650000953, 26314.67184580669], [18.14272389999678, 26314.67184580669], [30.007929799998237, 26314.671845806675], [31.01966530000209, 26313.899769293068], [35.21028320000187, 26310.77169332622]]",60.0021613,59.859375,0.9976203140535873,False,60.2,712.03125,6,,,,,eaa3f86d9312c0970ce9,141.0,141.0,,,0.15357420001964783,29.796578499983298,"{""interior"": 36, ""fronteira"": 35, ""liberacao"": 35, ""regret"": 35, ""abertura"": 0}","{""interior"": 0, ""fronteira"": 1, ""liberacao"": 1, ""regret"": 0, ""abertura"": 0}",0.0,30.007730099998298,26314.671845806675,39.0
uniforme_m30_n150_r1.5_s1002,uniforme,1.5,30,150,lns,26849.767789926493,True,-1,0,60.0,60.0156155,0.015615500000002669,26337.69752859981,25604.72441154976,gap,"[[1.0559680000005756, 29169.346697961217], [4.07179349999933, 29159.249923878713], [6.147632300002442, 29109.677939064186], [7.9605609999998705, 28232.53906500092], [7.985817400003725, 27987.9856222593], [11.205773400004546, 27976.146942547144], [19.721524300002784, 27044.575821516246], [22.51023520000308, 27020.75808135009], [30.113314499998523, 27014.417054649573], [33.971696400003566, 26957.985758543728], [50.13592960000096, 26854.87330802336], [59.06364210000174, 26849.767789926493]]",60.0156155,59.890625,0.9979173670225876,False,72.0,712.03125,6,0.0,False,1.0,1.0,eaa3f86d9312c0970ce9,,,,,,,,,,,,
uniforme_m30_n150_r1.5_s1002,uniforme,1.5,30,150,lns,26817.686620263703,True,-1,1,60.0,60.0046756,0.004675599999998781,26337.69752859981,25604.72441154976,gap,"[[1.7176733000014792, 29169.346697961217], [8.076697900003637, 28731.867483581438], [8.259011699999974, 28487.61723349752], [9.492097900001681, 28352.576146266947], [12.120987700000114, 27683.824778298484], [18.70216210000217, 27642.967863012207], [19.518528100001276, 27485.626547857322], [21.125297400001728, 27302.26286836207], [26.205721400001494, 27091.750314686986], [28.115477700004703, 26997.76271815772], [28.27926970000408, 26989.75702809714], [29.408108800002083, 26973.973973758646], [32.37109259999852, 26971.865343300946], [36.26792790000036, 26886.626107210323], [42.810652400003164, 26883.650502076573], [47.47112310000375, 26823.917209087627], [59.36345450000226, 26817.686620263703]]",60.0046756,58.90625,0.9816943331662641,False,68.0,712.03125,6,0.0,False,1.0,1.0,eaa3f86d9312c0970ce9,,,,,,,,,,,,
uniforme_m30_n150_r1.5_s1002,uniforme,1.5,30,150,lns,26852.692132022246,True,-1,2,60.0,60.0039036,0.0039036000000010063,26337.69752859981,25604.72441154976,gap,"[[0.9800650999968639, 29169.346697961217], [7.405087099999946, 29089.590539283017], [7.462605599997914, 28742.439614143168], [7.985784199998307, 28602.44010358291], [9.233213599996816, 28520.541473835467], [9.58963439999934, 28471.122814847746], [10.30913000000146, 28468.448639899245], [11.22202219999599, 27502.8528114816], [13.13105060000089, 27493.129296451418], [15.165960799997265, 27403.213458954055], [21.903203399997437, 27368.491338928252], [25.484169099996507, 27320.59243849726], [33.39770139999746, 27315.822775620774], [44.194913699997414, 27211.279676634796], [47.480330499995034, 27207.831971837404], [48.55995740000071, 27192.48295172159], [50.707174700000905, 27131.16776093767], [53.216073899995536, 27101.408008187776], [53.710690399995656, 26955.80221687994], [53.8201373999982, 26915.64767924016], [56.41974140000093, 26878.68729100076], [59.88041159999557, 26852.692132022246]]",60.0039036,58.359375,0.97259297310117,False,62.6,715.8984375,2,0.0,False,1.0,1.0,eaa3f86d9312c0970ce9,,,,,,,,,,,,
uniforme_m30_n150_r1.5_s1002,uniforme,1.5,30,150,warm_classico,26325.528472697988,True,-1,0,60.0,58.000804,0.0,26337.69752859981,25604.72441154976,gap,"[[1.259670899999037, 29169.346697961217], [4.835568900001817, 29159.249923878713], [6.285288000006403, 29159.249923878724], [8.238123800008907, 29000.577314365357], [13.072586400005093, 26337.697528599823], [50.39954950000538, 26325.528472698003]]",58.000804,56.96875,0.9822062121759554,False,60.9,735.0703125,4,304.0,False,1.0,2.0,eaa3f86d9312c0970ce9,,,,,,,,,,,,
uniforme_m30_n150_r1.5_s1003,uniforme,1.5,30,150,adaptativa:gnn,27801.728645919386,True,0,0,60.0,59.0395112,0.0,28058.374119760447,26674.374569087995,gap,"[[0.28845469999942, 29967.11191904703], [1.7978501000034157, 27965.07964083812], [15.32889100000466, 27965.07964083812], [26.102245600006427, 27965.07964083812], [35.146565900002315, 27965.07964083812], [52.915852899997844, 27918.081619071163], [57.15469060000032, 27821.233505442793], [57.15951579999819, 27813.728076941], [57.162412899997435, 27801.728645919397]]",59.0395112,58.96875,0.9988014602668323,False,49.0,712.03125,6,512.0,False,1.0,4.0,eaa3f86d9312c0970ce9,,,,,,,,,,,,
uniforme_m30_n150_r1.5_s1003,uniforme,1.5,30,150,clns:alns,27643.735140240216,True,-1,0,60.0,59.9948545,0.0,28058.374119760447,26674.374569087995,gap,"[[0.057057099998928607, 38407.74058948451], [0.17371559999446617, 36193.400373166674], [0.563674599994556, 31887.012805379658], [1.049817199993413, 31424.483007176153], [1.9425847999955295, 30746.807291391222], [1.9831035999959568, 30745.24893787505], [2.0378862999932608, 30702.224992030773], [2.090910199993232, 30614.991681653868], [2.138232799996331, 29391.89564534289], [2.248376899995492, 29123.54062637934], [2.9989146999942022, 29078.23750998149], [3.0740532999989227, 29051.141313521908], [3.1757249999936903, 29033.59058642254], [5.2099434999981895, 28951.533503776103], [5.2476182999962475, 28435.21078061586], [7.023743399993691, 28416.457491102523], [7.113111099999514, 28396.461622691335], [9.006830599995737, 28393.904664034722], [10.013887199995224, 28388.391361400718], [10.07245089999924, 28379.761704371915], [10.321670999997878, 28355.749016847934], [10.402550599996175, 28353.95274436299], [10.526472199999262, 28331.693377245658], [10.724067600000126, 28323.563024368348], [10.906115999998292, 28005.9382871569], [10.919405999993614, 27995.51300047928], [11.019226899996283, 27973.12851253072], [12.995656499995675, 27966.782258960895], [13.594951199993375, 27954.911493519518], [13.610763399999996, 27948.78035234344], [14.026406599994516, 27941.274923841647], [14.281625599993276, 27935.724585327993], [14.650630999996793, 27910.00806379549], [18.773123499995563, 27888.860139105862], [20.364271599995845, 27744.65276053002], [20.583201899993583, 27744.173352679965], [20.992868799999997, 27737.979832597575], [37.12352370000008, 27729.999322611606], [39.99561449999601, 27643.735140240216]]",59.9948545,60.0,1.0000857656884559,False,46.5,712.03125,6,,,,,eaa3f86d9312c0970ce9,333.0,333.0,0.05591959999583196,0.0011367999977665022,0.3056470999144949,59.56047110001964,"{""interior"": 68, ""fronteira"": 85, ""liberacao"": 99, ""regret"": 81, ""abertura"": 0}","{""interior"": 5, ""fronteira"": 13, ""liberacao"": 10, ""regret"": 10, ""abertura"": 0}",0.0,,,
uniforme_m30_n150_r1.5_s1003,uniforme,1.5,30,150,clns:alns,27683.08134083334,True,-1,1,60.0,60.0015842,0.0015842000000034773,28058.374119760447,26674.374569087995,gap,"[[0.07253000000491738, 38407.74058948451], [0.10186230000545038, 35420.02943266931], [0.12726410000323085, 34512.92896982939], [0.2279043000016827, 34420.252938823665], [0.402081400003226, 31506.181740853615], [0.4179885000048671, 31500.37890825321], [0.4441735000000335, 30993.930861297926], [0.4721566000007442, 30986.703672495307], [0.5974927999995998, 29149.25672436345], [0.6480063999988488, 29147.05064546121], [1.0104790000041248, 29141.821051280927], [1.0474385999987135, 29120.985453528534], [1.377582600005553, 28875.742592395738], [1.4329058000002988, 28085.97607548297], [1.4619611000016448, 28065.31087870325], [1.5282746000011684, 28021.950560452973], [1.9959033000050113, 28004.930591074466], [3.0173453000024892, 27958.2336057468], [3.3269053000040003, 27954.802033205284], [6.000249200005783, 27929.787508471123], [6.031242299999576, 27929.083233221358], [6.994106999998621, 27822.628423063186], [7.7874087000018335, 27818.29289787764], [7.799677000002703, 27806.262000129627], [7.894245900002716, 27805.73725399326], [8.012336799998593, 27801.148897362502], [9.874825800005055, 27793.425960630557], [10.082509500003653, 27788.18285362515], [10.45860040000116, 27760.001710585293], [11.268962100002682, 27737.765344498195], [11.314853399999265, 27735.79171070709], [11.370837900001789, 27700.394967202803], [11.925780700003088, 27700.221868508273], [16.621852399999625, 27683.705746967546], [17.691920400000527, 27683.08134083334]]",60.0015842,60.0,0.9999735973637842,False,46.6,735.0703125,4,,,,,eaa3f86d9312c0970ce9,553.0,553.0,0.07120690000010654,0.0013226000010035932,0.5078099000238581,59.313612599922635,"{""interior"": 125, ""fronteira"": 153, ""liberacao"": 125, ""regret"": 150, ""abertura"": 0}","{""interior"": 4, ""fronteira"": 9, ""liberacao"": 10, ""regret"": 11, ""abertura"": 0}",0.0,,,
uniforme_m30_n150_r1.5_s1003,uniforme,1.5,30,150,clns:alns,28220.352628633602,True,-1,2,60.0,59.9651627,0.0,28058.374119760447,26674.374569087995,gap,"[[0.06487700000434415, 38407.74058948451], [0.09588649999932386, 38306.31163229192], [0.11112970000249334, 36282.70163650154], [0.21086880000075325, 33341.80291945344], [0.23610809999809135, 31181.09456984744], [0.9722309999997378, 31137.886760724323], [0.983031600000686, 31131.683847507746], [1.0043722999980673, 30580.274226675887], [1.9695638999983203, 30113.636314770316], [2.0149098000038066, 30099.758112745974], [2.24151780000102, 30012.69085886196], [2.256521299997985, 29980.6005492463], [3.0823223999977927, 29850.5773170314], [3.1145321000003605, 29847.950493306962], [3.1288180999981705, 29839.096993370746], [3.181417699997837, 29805.22785239135], [3.7490623999983654, 29306.306662342566], [4.029930700002296, 29295.497132720648], [4.965685100003611, 29234.672586576104], [5.981252300000051, 28551.44305371379], [6.150487600003544, 28471.8232548441], [6.301817200001096, 28466.89720728818], [6.392855099998997, 28443.47887612288], [7.967097500004456, 28400.991912103753], [8.675043000002916, 28397.57144036359], [9.051317400000698, 28388.58469070583], [9.323668999997608, 28386.245168883357], [9.516905500000576, 28358.642730305215], [13.965564400001313, 28334.11293556349], [14.9608040000021, 28300.204693128573], [15.706635800001095, 28284.77869858395], [15.778192099998705, 28277.283939557543], [15.969171800003096, 28277.06658089184], [16.677440899999056, 28276.87309836103], [20.259721499998705, 28276.02876145877], [24.047241699998267, 28267.224769147742], [25.17367430000013, 28267.146269343288], [27.085245399997802, 28265.01248294016], [28.449557300002198, 28247.791871840487], [29.678270399999747, 28242.722699017053], [29.80592859999888, 28239.43388610482], [37.967342399999325, 28234.293011481524], [38.36787750000076, 28223.17828534464], [38.60850310000387, 28221.5771572249], [43.478778099997726, 28220.352628633602]]",59.9651627,58.609375,0.9773904107159206,False,64.0,712.03125,6,,,,,eaa3f86d9312c0970ce9,228.0,228.0,0.06374389999837149,0.0011326000021654181,0.28506219998234883,59.548192099973676,"{""interior"": 42, ""fronteira"": 75, ""liberacao"": 68, ""regret"": 43, ""abertura"": 0}","{""interior"": 6, ""fronteira"": 15, ""liberacao"": 18, ""regret"": 5, ""abertura"": 0}",0.0,,,
uniforme_m30_n150_r1.5_s1003,uniforme,1.5,30,150,clns:aprendido,27829.836342220446,True,-1,0,60.0,59.9753819,0.0,28058.374119760447,26674.374569087995,gap,"[[0.06272000000171829, 38407.74058948451], [0.09656270000414224, 35085.573721338464], [0.11819380000088131, 32701.47372487384], [0.46791740000480786, 31094.969542028484], [0.49517480000213254, 30506.980726922608], [0.5248486999989836, 29331.56622867967], [0.5962708000006387, 29135.300299018334], [0.6243723000006867, 28619.18899940568], [1.3364385000022594, 28214.513525514943], [1.4568552000055206, 28212.84387535821], [1.5499621000053594, 28193.05664400851], [5.163094100003946, 28166.121172512434], [6.002030000003288, 28132.17143512275], [6.037824700004421, 28115.995080513865], [6.062139699999534, 28053.854570817923], [6.998954400005459, 28044.15769026414], [7.026316399998905, 27982.18810565651], [7.0683623000004445, 27973.515904741245], [7.131569900004251, 27964.886247712442], [7.1998391000015545, 27960.58495194273], [10.000940099998843, 27876.88402379258], [32.789047900005244, 27869.412793764943], [40.44238040000346, 27839.233944153155], [40.458374400004686, 27838.69072796351], [42.000059900005, 27831.57087242947], [46.591218699999445, 27829.836342220446]]",59.9753819,59.140625,0.986081674287763,False,60.5,712.03125,6,,,,,eaa3f86d9312c0970ce9,1254.0,1254.0,0.06156539999938104,0.0011540999985300004,7.703397200129984,51.93250959994475,"{""interior"": 583, ""fronteira"": 25, ""liberacao"": 637, ""regret"": 9, ""abertura"": 0}","{""interior"": 3, ""fronteira"": 5, ""liberacao"": 11, ""regret"": 6, ""abertura"": 0}",6.376808299988625,,,
uniforme_m30_n150_r1.5_s1003,uniforme,1.5,30,150,clns:aprendido,28243.048929054316,True,-1,1,60.0,59.9961582,0.0,28058.374119760447,26674.374569087995,gap,"[[0.1029871999999159, 38407.74058948451], [0.1697405000013532, 35085.573721338464], [0.20952530000067782, 32701.47372487384], [0.25123910000547767, 32113.484909767965], [0.9981946000043536, 30502.63112104567], [1.0275335000042105, 29348.122496461056], [1.0624021000039647, 29290.18336927231], [1.161233800004993, 29004.831413577685], [1.2148414000039338, 28963.493834642446], [1.2791158000036376, 28960.469310302968], [1.9983359000034397, 28506.467733714468], [2.1829708000004757, 28479.972333840098], [2.996113500004867, 28461.535042731462], [3.373716800000693, 28440.274438762568], [3.4867047000007005, 28425.481487529505], [3.5197294000026886, 28389.605117518164], [3.99660290000611, 28361.41070256077], [4.032153700005438, 28355.36592725818], [4.578289000004588, 28296.262486178624], [6.890316700002586, 28257.55510973732], [6.914805899999919, 28243.048929054316]]",59.9961582,58.859375,0.9810524001185129,False,60.0,735.0703125,4,,,,,eaa3f86d9312c0970ce9,176.0,176.0,0.0995764000035706,0.003409500000998378,1.1041878999458277,58.720886699986295,"{""interior"": 8, ""fronteira"": 2, ""liberacao"": 163, ""regret"": 3, ""abertura"": 0}","{""interior"": 4, ""fronteira"": 1, ""liberacao"": 13, ""regret"": 2, ""abertura"": 0}",0.9142251000012038,,,
uniforme_m30_n150_r1.5_s1003,uniforme,1.5,30,150,clns:aprendido,27554.852723089967,True,-1,2,60.0,59.9790271,0.0,28058.374119760447,26674.374569087995,gap,"[[0.07160470000235364, 38407.74058948451], [0.11886139999842271, 35085.573721338464], [0.15393639999820152, 32701.47372487384], [0.19448710000142455, 32113.484909767965], [1.002992699999595, 30502.320643807005], [1.0404166000007535, 29347.81201922239], [1.0697905999986688, 29316.167821684103], [1.9987955999968108, 28874.322006440318], [2.0938100999992457, 28868.145424165843], [2.1654778000010992, 28826.8078452306], [3.0007718999986537, 28590.152291931005], [3.044481099997938, 27955.435438723594], [3.1213447999980417, 27937.06582447129], [3.2469685999967624, 27910.893447525825], [3.4456572999988566, 27702.70381558964], [3.5354320999977062, 27682.321519666148], [5.581017500000598, 27681.410417090287], [12.658259900003031, 27654.35372680067], [12.998703600002045, 27646.551198142173], [13.08166209999763, 27621.028168373763], [31.117768299998716, 27620.4366961961], [31.34714410000015, 27589.347737770197], [31.60948869999993, 27580.32526912646], [36.49403970000276, 27565.833786850286], [36.59079829999973, 27556.49644240743], [43.59317310000188, 27554.852723089967]]",59.9790271,58.03125,0.9675256969948417,False,60.0,735.0703125,4,,,,,eaa3f86d9312c0970ce9,847.0,847.0,0.06989310000062687,0.001708600000711158,5.219560399913462,54.49763040011021,"{""interior"": 20, ""fronteira"": 200, ""liberacao"": 620, ""regret"": 7, ""abertura"": 0}","{""interior"": 5, ""fronteira"": 6, ""liberacao"": 11, ""regret"": 3, ""abertura"": 0}",4.3353332999759004,,,
uniforme_m30_n150_r1.5_s1003,uniforme,1.5,30,150,clns:gnn,27919.80530779255,True,-1,0,60.0,60.0502143,0.05021430000000038,28058.374119760447,26674.374569087995,gap,"[[0.08089170000312151, 38407.74058948451], [0.12798040000052424, 35085.573721338464], [0.1607847000050242, 33240.71122365315], [0.1853899000052479, 31459.286118060292], [1.0267727000027662, 31457.174549492185], [2.069354500003101, 31453.316377297575], [3.0765920000048936, 31443.085880503888], [4.647988000004261, 31429.691039702324], [4.680641999999352, 31416.698179586165], [5.239448000000266, 31410.551409262032], [7.872130700001435, 31060.835882230913], [9.073227799999586, 30425.517193488377], [11.071212400005606, 30414.854140273557], [11.165153800000553, 30402.887662169232], [13.130505600005563, 30397.920518402756], [14.98419080000167, 30230.258224597004], [15.047937000003003, 30228.616399048216], [15.192105100002664, 30213.818853694574], [15.38914730000397, 30212.40933061666], [17.0238188000003, 28876.669162547812], [17.109531599999173, 28870.771426329287], [17.50141060000169, 28831.869274331013], [17.566557999998622, 28825.004516493205], [17.653443900002458, 28807.19844436421], [17.889994100005424, 28803.14399698072], [17.961832500004675, 28799.25181738103], [20.032313200004864, 28410.98227011016], [20.25916710000456, 28343.73208985149], [20.437756800005445, 28343.359999873508], [21.907006100002036, 28272.438908457352], [21.963404400004947, 28246.894529226625], [22.184157100004086, 28211.283778446938], [22.305586499998753, 28202.789278295986], [22.819953900005203, 28148.292234745837], [25.042418000004545, 28065.501904432436], [27.28107209999871, 28061.770121622245], [29.023459900003218, 28053.815809952474], [31.138874100004614, 28053.58870448826], [31.99048849999963, 28049.24447109554], [33.53818210000463, 28046.493723668635], [36.407884500004, 28012.609030325326], [37.26154849999875, 28011.475176003994], [40.01209840000229, 27992.64021705431], [40.07011449999845, 27990.998721692446], [40.23615300000529, 27978.576753238227], [40.60761959999945, 27971.763620013742], [43.17269320000196, 27958.845903362664], [49.923012400002335, 27945.712669711735], [56.20871420000185, 27919.80530779255]]",60.0502143,58.5625,0.9752254955732939,False,64.7,715.8984375,2,,,,,eaa3f86d9312c0970ce9,354.0,354.0,0.07856090000132099,0.002329399998416193,2.184116000054928,57.67513229997712,"{""interior"": 132, ""fronteira"": 110, ""liberacao"": 39, ""regret"": 24, ""abertura"": 49}","{""interior"": 7, ""fronteira"": 12, ""liberacao"": 15, ""regret"": 4, ""abertura"": 10}",0.0,,,
uniforme_m30_n150_r1.5_s1003,uniforme,1.5,30,150,clns:gnn,27430.639114212696,True,-1,1,60.0,59.9974363,0.0,28058.374119760447,26674.374569087995,gap,"[[0.0783201000012923, 38407.74058948451], [0.11510809999890625, 35085.573721338464], [0.1478510000015376, 33240.71122365315], [0.1716625999979442, 31459.286118060292], [0.979288100003032, 31457.174549492185], [2.02289230000315, 31443.085880503888], [3.0323529000015697, 31441.442878289592], [3.060467299997981, 31428.450018173437], [4.104375599999912, 31356.07331913596], [5.175855900000897, 31344.37674207023], [6.795648200000869, 30982.90937645184], [6.845204999997804, 30982.679496936977], [9.183005099999718, 30791.245404390036], [9.199096700001974, 30074.812330397086], [9.213629800004128, 30065.4919050251], [9.97937130000355, 30043.350095319245], [10.238974899999448, 30025.58477109621], [10.263850100003765, 30003.883004028023], [10.362133599999652, 29981.569472088773], [10.451152800000273, 29969.602993984445], [10.64429409999866, 29944.305053759803], [10.672049400003743, 29927.001525627726], [10.754658999998355, 29911.46662532317], [10.869381600001361, 29901.59925158765], [11.160921399998188, 28318.192798376025], [13.977306599997974, 28120.004465272912], [14.000187400000868, 28110.82849331625], [14.050882499999716, 28083.57928124102], [14.66512320000038, 28032.735148012805], [14.822573299999931, 28026.484081354552], [15.017871600000944, 27974.943252370387], [15.477476600004593, 27950.675272369852], [16.987911600001098, 27911.602378703443], [17.08804329999839, 27897.982776394125], [17.533851500003948, 27883.74578874822], [18.984118000000308, 27873.121081679346], [20.01088819999859, 27872.74592622573], [21.108850800002983, 27865.199864905702], [21.978083300004073, 27863.116860575396], [23.398951399998623, 27862.7986299296], [24.782762800001365, 27862.4964832025], [26.323549699998694, 27862.330391290918], [28.594736400002148, 27847.454411887524], [28.86211120000371, 27847.02051553684], [29.124845600003027, 27845.43073803276], [31.772422000001825, 27834.60318992274], [32.855550699998275, 27834.301043195635], [34.07543940000323, 27830.345572973987], [37.0435884000035, 27778.39204718065], [38.99536040000385, 27763.278780510685], [41.08773400000064, 27762.295869698573], [44.143175600001996, 27747.607210660448], [47.9810701000024, 27579.053235725434], [48.029235300004075, 27576.528603114548], [48.07072360000166, 27567.690558130096], [48.706059600001026, 27525.817944766597], [48.77362410000205, 27522.60756569521], [49.08950570000161, 27504.423979605774], [49.17278610000358, 27495.585934621322], [49.277751499997976, 27487.794035251645], [50.512145300002885, 27464.71118171826], [50.5950232000032, 27459.36729440528], [50.88828620000277, 27457.26066612839], [51.80191190000187, 27452.418704510645], [53.70772460000444, 27434.74316466013], [57.3188203000027, 27432.465052239797], [57.831599500001175, 27430.639114212696]]",59.9974363,56.703125,0.9450924655592325,False,64.7,735.0703125,4,,,,,eaa3f86d9312c0970ce9,380.0,380.0,0.07696410000062315,0.00135529999533901,2.6152325999501045,57.179654100073094,"{""interior"": 150, ""fronteira"": 45, ""liberacao"": 64, ""regret"": 67, ""abertura"": 54}","{""interior"": 15, ""fronteira"": 8, ""liberacao"": 19, ""regret"": 11, ""abertura"": 13}",0.0,,,
uniforme_m30_n150_r1.5_s1003,uniforme,1.5,30,150,clns:gnn,27869.23799879953,True,-1,2,60.0,60.0206133,0.020613300000000834,28058.374119760447,26674.374569087995,gap,"[[0.0635653999997885, 38407.74058948451], [0.09636190000310307, 35085.573721338464], [0.12694240000564605, 33240.71122365315], [0.15025340000283904, 31459.286118060292], [1.0081754999991972, 31457.174549492185], [2.0490540000027977, 31443.085880503888], [3.600594200004707, 31394.444700302833], [7.008367100002943, 31319.472342373738], [8.121469400000933, 31315.827977523204], [9.413311399999657, 31296.746418009865], [11.249317699999665, 31260.472026554242], [11.6839506000033, 31258.025570700876], [15.033266900005401, 31253.8245879951], [15.473532900003192, 31246.606574276462], [18.005700900001102, 31226.27082588513], [19.705837800000154, 31219.27470807986], [22.313436000004003, 30732.683813216034], [26.460185300005833, 30731.45275399828], [27.41595629999938, 30727.696311770673], [29.841539300003205, 30712.017716098308], [32.0806034000052, 30707.62735129179], [33.007266900000104, 30466.538591593966], [33.52132690000144, 30461.989155993295], [34.669523800002935, 30429.92492190809], [35.137386599999445, 30394.983428882348], [36.16581959999894, 30379.171763925282], [38.01236900000367, 30117.26137641816], [38.0888225000017, 30117.134112097167], [38.201680700003635, 30067.82396687915], [38.32934010000463, 30040.823987426185], [38.48382390000188, 30039.89171293612], [39.32598270000017, 30032.4494117282], [39.44515330000286, 30028.445494192318], [39.51554110000143, 30020.247613566036], [42.01450290000503, 28878.911267166375], [42.064531000003626, 28872.43305138574], [42.33919959999912, 28798.61187073071], [42.63445630000206, 28794.16545676517], [43.282784700000775, 28770.74659770581], [43.95272610000393, 28770.428107777916], [44.62273280000227, 28753.191710881158], [44.774515500001144, 28737.388597162317], [44.95951790000254, 28730.718632310338], [45.798074900005304, 28722.89691557913], [46.65377560000343, 28527.150349934916], [47.10217399999965, 28525.97105773689], [47.40895610000007, 28121.332642016343], [47.97895270000299, 28088.062130779843], [50.14586860000418, 28052.058368544996], [51.33852820000175, 28037.198132786078], [53.050914700004796, 28033.756819550483], [53.131737700001395, 28007.703609852986], [54.47356690000015, 27982.94588200752], [54.66785350000282, 27982.289277682365], [56.63868110000476, 27878.76161341872], [58.60309270000289, 27869.23799879953]]",60.0206133,59.1875,0.9861195470323526,False,55.0,735.0703125,4,,,,,eaa3f86d9312c0970ce9,299.0,299.0,0.06233540000539506,0.0012294000043766573,1.649269500048831,58.22061219992611,"{""interior"": 104, ""fronteira"": 70, ""liberacao"": 94, ""regret"": 8, ""abertura"": 23}","{""interior"": 10, ""fronteira"": 18, ""liberacao"": 18, ""regret"": 2, ""abertura"": 7}",0.0,,,
uniforme_m30_n150_r1.5_s1003,uniforme,1.5,30,150,clns:rotacao,27641.714304760695,True,-1,0,60.0,60.0333734,0.03337340000000211,28058.374119760447,26674.374569087995,gap,"[[0.05518089999532094, 38407.74058948451], [0.09567429999879096, 36613.90874777854], [0.1319971999982954, 36609.81852501262], [0.14595879999978933, 34723.910121589186], [0.15959189999557566, 34693.5213098475], [0.2937845999986166, 33822.430226103126], [0.6142916999961017, 31596.236821840313], [0.638347199994314, 31563.641075559182], [0.8834599999972852, 31550.64070883848], [1.081428399993456, 31520.017376528504], [2.0404507999992347, 30960.582909745197], [3.037773099997139, 30891.815354957824], [3.086709699993662, 30871.62106556707], [4.035134300000209, 30599.774177012478], [4.105596199995489, 30587.14015854703], [4.185871299996506, 30559.33260800293], [4.295607799998834, 28963.816175442218], [4.429526199994143, 28959.76922381511], [5.0733821999965585, 28941.465468499737], [5.323455899997498, 28935.79135276059], [5.370503699996334, 28932.002206468173], [5.413411599998653, 28925.295720595255], [5.7535824999940814, 28882.263884515138], [5.777711499998986, 28829.659209158443], [6.0313710999980685, 28810.69090959075], [6.06516809999448, 28740.865075476424], [6.28635999999824, 28733.215794796986], [6.388000200000533, 28652.322894931473], [6.6363061999945785, 28651.956858356298], [6.692652699995961, 28572.22229496724], [6.814919399999781, 28569.068327777975], [7.102758299995912, 28518.949106979984], [7.337373499998648, 28504.824738138017], [7.415797999994538, 28447.01059462715], [9.831842899999174, 28281.174150333445], [10.19643069999438, 28226.531837611525], [10.824742599994352, 28225.844329284257], [11.007547399996838, 27654.875635269153], [11.536942799997632, 27645.673002666812], [15.223622199999227, 27641.714304760695]]",60.0333734,59.9375,0.9984029982896147,False,48.6,715.8984375,2,,,,,eaa3f86d9312c0970ce9,382.0,382.0,0.053390199995192233,0.001789399997505825,0.35262729993701214,59.539123099821154,"{""interior"": 96, ""fronteira"": 96, ""liberacao"": 95, ""regret"": 95, ""abertura"": 0}","{""interior"": 7, ""fronteira"": 8, ""liberacao"": 11, ""regret"": 13, ""abertura"": 0}",0.0,,,
uniforme_m30_n150_r1.5_s1003,uniforme,1.5,30,150,clns:rotacao,27344.779167157492,True,-1,1,60.0,59.9996847,0.0,28058.374119760447,26674.374569087995,gap,"[[0.063887700001942, 38407.74058948451], [0.09606760000315262, 38319.84996706215], [1.007733600003121, 33052.72959899379], [2.0016562000018894, 32141.510260992578], [2.029411600000458, 32109.41995137692], [2.508870500001649, 32003.145236704702], [3.057500800001435, 31519.061846980247], [3.0773219000038807, 31507.593850016863], [3.0920074000023305, 31488.022374669545], [4.00808710000274, 29886.212935221785], [4.579580999998143, 29347.247748991194], [4.6007393000036245, 29345.687695090444], [4.6236977000007755, 29345.08533915771], [4.854504200004158, 29339.040563855124], [4.881124899999122, 29315.621704795758], [4.9144128000043565, 29308.48298095993], [5.1618462999977055, 28638.749300389387], [5.182739700001548, 28632.705765113296], [5.196674200000416, 28604.225030747228], [5.43694630000391, 28011.157173565207], [5.522629799997958, 28008.325977628483], [5.535737099999096, 28007.264624972187], [5.666116799999145, 28005.638242442757], [5.950916000001598, 27684.127901969492], [6.021056700003101, 27678.255204687735], [6.992387700003746, 27662.037205082685], [10.418159100001503, 27650.024969034635], [10.481872600001225, 27610.759604514496], [10.606288399998448, 27598.262687543946], [10.649335399997653, 27588.038510459646], [12.013270600000396, 27548.86681972587], [13.07806569999957, 27514.789682036575], [13.38380390000384, 27365.23259690198], [26.35134139999718, 27364.154815522532], [27.911640799997258, 27351.363089257415], [31.231619899997895, 27344.779167157492]]",59.9996847,57.609375,0.9601612956476087,False,61.2,735.0703125,4,,,,,eaa3f86d9312c0970ce9,318.0,318.0,0.06244190000143135,0.0014450999951804988,0.35024620000331197,59.50250719988253,"{""interior"": 80, ""fronteira"": 80, ""liberacao"": 79, ""regret"": 79, ""abertura"": 0}","{""interior"": 10, ""fronteira"": 10, ""liberacao"": 7, ""regret"": 8, ""abertura"": 0}",0.0,,,
uniforme_m30_n150_r1.5_s1003,uniforme,1.5,30,150,clns:rotacao,27489.845034359605,True,-1,2,60.0,59.997845,0.0,28058.374119760447,26674.374569087995,gap,"[[0.09143960000074003, 38407.74058948451], [0.18161899999540765, 38316.744242485045], [1.0326990999965346, 34960.28248915781], [1.0665013999969233, 32739.539565569157], [1.1118820999981835, 30957.51368584954], [1.1926585999972303, 30912.482824231665], [1.2117824999950244, 29845.735321946977], [1.259233699995093, 29840.211531718673], [1.4800093999947421, 29759.480163684148], [1.7794499000010546, 29514.543833707437], [1.8171301999973366, 29509.51352038648], [2.0217268999986118, 29502.406292898733], [2.042687399996794, 29501.352105168553], [2.0576233999963733, 29479.19201833288], [2.088544300000649, 29430.38802921867], [2.2695853999975952, 28872.805668605248], [3.0260846999954083, 28628.13852242877], [3.0678209999969113, 28580.842034376416], [3.149332900000445, 28567.93632031465], [3.9458837999991374, 28447.58310239493], [4.007243499996548, 28433.528095871323], [4.490252399999008, 28423.215207424488], [5.55744599999889, 28183.582551741278], [5.9219171999939135, 28166.112198971947], [6.786289399999077, 28140.888171523737], [6.931072499995935, 27921.434002275048], [8.709275099994557, 27884.264239779302], [9.037863799996558, 27873.84543533771], [9.209278099995572, 27872.96991969497], [9.655329900000652, 27658.285803047198], [9.679876700000023, 27650.24442097715], [10.106443699994998, 27643.780091323835], [10.124024699995061, 27643.399883778795], [10.160176899997168, 27631.19078509317], [11.390756399996462, 27585.619463956045], [13.67225039999903, 27583.715609119005], [13.842214399999648, 27565.18004148522], [13.904972799995448, 27561.714556921026], [13.994793599995319, 27556.25783199975], [15.190972500000498, 27555.650394442688], [19.317672400000447, 27546.064399253766], [20.226332099999127, 27543.21005199295], [20.27704359999916, 27535.34866976802], [20.666217799996957, 27528.197583272635], [20.80524869999499, 27518.752511058185], [21.035515899995517, 27506.11131526016], [21.37347839999711, 27489.845034359605]]",59.997845,59.84375,0.9974316577537077,False,55.2,712.03125,6,,,,,eaa3f86d9312c0970ce9,448.0,448.0,0.0893387999967672,0.002099899997119792,0.4354591000083019,59.365565999934915,"{""interior"": 112, ""fronteira"": 112, ""liberacao"": 112, ""regret"": 112, ""abertura"": 0}","{""interior"": 7, ""fronteira"": 17, ""liberacao"": 16, ""regret"": 6, ""abertura"": 0}",0.0,,,
uniforme_m30_n150_r1.5_s1003,uniforme,1.5,30,150,completo,28822.824891800672,True,-1,0,60.0,57.0058657,0.0,28058.374119760447,26674.374569087995,gap,"[[0.32361179999861633, 41681.26610695658], [1.9489557999986573, 32256.48617397054], [2.2382639999996172, 31633.077884614646], [7.15582529999665, 29081.58809111107], [24.782227700001386, 28992.726749540332], [52.33928300000116, 28822.82489180068]]",57.0058657,56.34375,0.9883851303393152,False,53.2,735.0703125,4,298.0,False,1.0,1.0,eaa3f86d9312c0970ce9,,,,,,,,,,,,
uniforme_m30_n150_r1.5_s1003,uniforme,1.5,30,150,hibrido:aprendido,27536.891693902708,True,-1,0,60.0,59.9579843,0.0,28058.374119760447,26674.374569087995,gap,"[[0.37984829999913927, 29967.11191904703], [2.9005087000041385, 27965.07964083812], [7.074400500001502, 27965.07964083812], [13.155052800000703, 27965.07964083812], [17.138509399999748, 27965.07964083812], [30.003886200000125, 27965.079640838114], [31.35628340000403, 27671.33274395352], [31.386837100006233, 27580.589908261187], [31.466786600001797, 27579.727070677676], [31.484891200001584, 27558.24970746954], [31.546418900004937, 27536.891693902708]]",59.9579843,58.1875,0.9704712504819812,False,61.2,715.8984375,2,,,,,eaa3f86d9312c0970ce9,976.0,976.0,,,5.534158899899921,24.213200700127345,"{""interior"": 935, ""fronteira"": 19, ""liberacao"": 17, ""regret"": 5, ""abertura"": 0}","{""interior"": 2, ""fronteira"": 2, ""liberacao"": 0, ""regret"": 1, ""abertura"": 0}",4.586982999899192,30.003562600002624,27965.079640838114,53.0
uniforme_m30_n150_r1.5_s1003,uniforme,1.5,30,150,hibrido:aprendido,27459.80478737013,True,-1,1,60.0,60.024964,0.0249639999999971,28058.374119760447,26674.374569087995,gap,"[[0.21662460000516148, 29967.11191904703], [6.233015700003307, 29150.808888889664], [8.191005600005155, 29150.808888889675], [14.235317200000281, 29150.808888889675], [18.146553100006713, 29150.808888889675], [25.063056400002097, 29104.35572737592], [30.025981899998442, 29104.35572737592], [31.02839149999636, 27850.18317930082], [32.34525559999747, 27837.980776953533], [32.456599400000414, 27836.49025158841], [33.107116200000746, 27828.299949644716], [35.0329694999964, 27765.610421181555], [35.163404599996284, 27623.618652643745], [37.02719259999867, 27588.342107934484], [37.113881699995545, 27551.70566617992], [37.13640149999992, 27544.2382480906], [38.76131869999517, 27530.210413199282], [39.28934009999648, 27524.134570829323], [39.33246549999603, 27500.144194766362], [39.35743910000019, 27474.94450239137], [40.103557800001, 27473.32969943062], [42.025839000001724, 27459.80478737013]]",60.024964,59.5625,0.9922954722638401,False,57.9,712.03125,6,,,,,eaa3f86d9312c0970ce9,604.0,604.0,,,3.385764500075311,26.47580419993028,"{""interior"": 25, ""fronteira"": 549, ""liberacao"": 17, ""regret"": 13, ""abertura"": 0}","{""interior"": 3, ""fronteira"": 3, ""liberacao"": 6, ""regret"": 3, ""abertura"": 0}",2.795930000007502,30.025754700000107,29104.35572737592,40.0
uniforme_m30_n150_r1.5_s1003,uniforme,1.5,30,150,hibrido:aprendido,27551.2750128601,True,-1,2,60.0,59.98403,0.0,28058.374119760447,26674.374569087995,gap,"[[0.3254975000018021, 29967.11191904703], [2.0719341000003624, 29553.01004986272], [2.218366300003254, 28006.92012691407], [8.054120000000694, 28006.92012691407], [14.306998800006113, 28006.92012691407], [18.109798800003773, 28006.92012691407], [29.986331100000825, 28006.920126914054], [31.98626669999794, 27561.359748937633], [32.30757950000407, 27560.623399884185], [43.50152689999959, 27558.371197352815], [45.63642799999798, 27551.2750128601]]",59.98403,58.859375,0.9812507595771741,False,60.0,715.8984375,2,,,,,eaa3f86d9312c0970ce9,150.0,150.0,,,0.9259923999270541,29.02689629998349,"{""interior"": 13, ""fronteira"": 128, ""liberacao"": 7, ""regret"": 2, ""abertura"": 0}","{""interior"": 0, ""fronteira"": 2, ""liberacao"": 2, ""regret"": 0, ""abertura"": 0}",0.7675616999840713,29.986132999998517,28006.920126914054,69.0
uniforme_m30_n150_r1.5_s1003,uniforme,1.5,30,150,hibrido:gnn,27537.60064779693,True,-1,0,60.0,59.9843499,0.0,28058.374119760447,26674.374569087995,gap,"[[0.2380129000011948, 29967.11191904703], [1.9820935000025202, 27965.07964083812], [8.06270040000527, 27965.07964083812], [14.053132299995923, 27965.07964083812], [18.134415499996976, 27965.07964083812], [29.984902500000317, 27965.079640838114], [30.71453019999899, 27655.740903133887], [31.964206399999966, 27622.626292159264], [32.0792677999998, 27621.25963607235], [32.17010070000106, 27600.10645991443], [35.237767200000235, 27599.243622330923], [37.981301100000564, 27537.743691448686], [39.92790270000114, 27537.60064779693]]",59.9843499,59.375,0.9898415186458493,False,58.0,715.8984375,2,,,,,eaa3f86d9312c0970ce9,137.0,137.0,,,0.7513313999952516,29.197727500046312,"{""interior"": 36, ""fronteira"": 35, ""liberacao"": 36, ""regret"": 13, ""abertura"": 17}","{""interior"": 0, ""fronteira"": 3, ""liberacao"": 4, ""regret"": 0, ""abertura"": 0}",0.0,29.98470030000317,27965.079640838114,71.0
uniforme_m30_n150_r1.5_s1003,uniforme,1.5,30,150,hibrido:gnn,27492.65338550569,True,-1,1,60.0,59.9850319,0.0,28058.374119760447,26674.374569087995,gap,"[[0.20742369999788934, 29967.11191904703], [5.636488099997223, 29150.808888889664], [7.600043599995843, 29083.746329740123], [8.064376599992102, 29083.746329740126], [13.14313449999463, 28738.141450052855], [14.261993699990853, 28738.141450052866], [18.10943810000026, 28738.141450052866], [30.00264210000023, 28738.141450052874], [30.039170500000182, 28711.65109105912], [31.000324900000123, 28701.626989249882], [31.959299699999974, 28697.17949024384], [33.00535750000563, 28260.843660635343], [34.132175700004154, 28215.950824817694], [36.1404754000032, 27994.196593302364], [36.2551883000051, 27932.863612298137], [36.4507550000053, 27911.212397067924], [37.54951870000514, 27861.370540781845], [38.83703909999895, 27846.904748726924], [40.10208960000455, 27843.279357734915], [41.11494379999931, 27840.213213408322], [42.66277130000526, 27823.570508823603], [43.8362793999986, 27752.32435084069], [46.63151840000501, 27742.204807577753], [49.06005670000013, 27554.933265163083], [50.09436249999999, 27547.032020680497], [52.40761850000126, 27511.171855443507], [54.62114930000098, 27504.960199081375], [54.89313540000148, 27504.022875199415], [57.02015660000325, 27502.2071733906], [59.76017110000248, 27492.65338550569]]",59.9850319,59.984375,0.9999890489347226,False,46.8,715.8984375,2,,,,,eaa3f86d9312c0970ce9,199.0,199.0,,,0.9191844999659224,29.00803169998835,"{""interior"": 65, ""fronteira"": 41, ""liberacao"": 58, ""regret"": 10, ""abertura"": 25}","{""interior"": 5, ""fronteira"": 4, ""liberacao"": 10, ""regret"": 2, ""abertura"": 1}",0.0,30.002451400003338,28738.141450052874,67.0
uniforme_m30_n150_r1.5_s1003,uniforme,1.5,30,150,hibrido:gnn,27535.22273202848,True,-1,2,60.0,59.9935868,0.0,28058.374119760447,26674.374569087995,gap,"[[0.28584450000926154, 29967.11191904703], [1.7018209000088973, 29553.01004986272], [1.7986686000076588, 28006.92012691407], [8.449636000012106, 28006.92012691407], [13.131580100001884, 28006.92012691407], [17.1121098000076, 28006.92012691407], [29.99390719999792, 28006.920126914054], [30.018438599996443, 27998.510025971995], [30.994449099998747, 27561.359748937633], [32.00859720000153, 27559.10754640626], [36.63210219999746, 27554.578439135872], [38.64149689999613, 27551.63783788225], [43.98520499999722, 27551.31960723645], [47.55486669999664, 27544.223422743737], [51.77357029999985, 27538.86240918669], [52.00648270000238, 27536.145039053714], [57.390480499998375, 27535.22273202848]]",59.9935868,59.8125,0.9969815640361079,False,48.9,735.0703125,4,,,,,eaa3f86d9312c0970ce9,122.0,122.0,,,0.5617977999718278,29.403338000025542,"{""interior"": 36, ""fronteira"": 26, ""liberacao"": 25, ""regret"": 14, ""abertura"": 21}","{""interior"": 2, ""fronteira"": 3, ""liberacao"": 3, ""regret"": 0, ""abertura"": 2}",0.0,29.99368880000111,28006.920126914054,85.0
uniforme_m30_n150_r1.5_s1003,uniforme,1.5,30,150,hibrido:rotacao,27530.083788298,True,-1,0,60.0,59.9992298,0.0,28058.374119760447,26674.374569087995,gap,"[[0.2501185000000987, 29967.11191904703], [2.0017911000031745, 27965.07964083812], [8.08115020000696, 27965.07964083812], [14.077278800003114, 27965.07964083812], [18.353881299997738, 27965.07964083812], [30.00244190000376, 27965.079640838114], [30.724200600001495, 27655.740903133887], [30.765939900004014, 27649.640940344783], [31.451390000001993, 27596.534175524266], [31.518725100002484, 27595.67133794076], [33.044510400002764, 27535.361733364425], [46.30101750000176, 27530.083788298]]",59.9992298,58.484375,0.974752095901071,False,58.0,735.0703125,4,,,,,eaa3f86d9312c0970ce9,143.0,143.0,,,0.1477420999945025,29.79974439999205,"{""interior"": 36, ""fronteira"": 36, ""liberacao"": 36, ""regret"": 35, ""abertura"": 0}","{""interior"": 0, ""fronteira"": 3, ""liberacao"": 2, ""regret"": 1, ""abertura"": 0}",0.0,30.00222539999959,27965.079640838114,70.0
uniforme_m30_n150_r1.5_s1003,uniforme,1.5,30,150,hibrido:rotacao,27499.187185291892,True,-1,1,60.0,59.9597541,0.0,28058.374119760447,26674.374569087995,gap,"[[0.2279701999941608, 29967.11191904703], [6.026819499995327, 29150.808888889664], [8.063263100004406, 29150.808888889675], [14.207326899995678, 29150.808888889675], [17.995379099993443, 28035.200922986085], [18.13291819999722, 28035.200922986085], [30.000643299994408, 28035.200922986078], [30.048041099995316, 27944.675525867904], [31.133671799994772, 27893.027651628032], [31.265038699995785, 27859.40596787811], [31.99851349999517, 27846.421611543672], [33.00450939999428, 27748.118894088453], [33.02329019999888, 27734.20473269667], [34.015036199998576, 27720.02858304288], [34.35424489999423, 27708.54609186927], [34.383248299993284, 27704.973488811775], [34.39571559999604, 27681.948529182657], [34.40565069999866, 27679.532357506745], [34.99817179999809, 27675.83295308176], [35.03574729999673, 27673.698580503304], [35.46782649999659, 27672.884495095797], [36.03749159999279, 27643.27409353657], [36.07462499999383, 27637.312194649272], [36.72870889999467, 27625.720492392757], [37.058857199997874, 27621.058079808394], [37.18745239999407, 27618.57511707575], [38.55261559999781, 27609.61456745911], [38.65638829999807, 27601.20477473639], [38.70877929999551, 27596.698086262884], [39.27604989999236, 27581.75035047905], [39.35664339999494, 27579.64040977248], [39.3822538999957, 27575.832328292177], [39.996373699992546, 27575.33414910009], [40.112841299996944, 27563.437191638466], [41.00203419999161, 27551.29141401014], [42.041800899998634, 27550.973183364345], [43.313058299994736, 27548.632765684528], [43.99983819999761, 27546.64998860658], [45.31942949999211, 27545.029816448096], [46.04234099999303, 27539.77520054593], [46.804733599994506, 27532.0828340429], [49.26006819999748, 27522.80138694713], [52.870151799994346, 27508.656965266273], [52.99685459999455, 27499.682975411903], [53.04959859999508, 27499.187185291892]]",59.9597541,59.78125,0.997022934755498,False,53.3,712.03125,6,,,,,eaa3f86d9312c0970ce9,145.0,145.0,,,0.15136930000880966,29.75331840000581,"{""interior"": 37, ""fronteira"": 36, ""liberacao"": 36, ""regret"": 36, ""abertura"": 0}","{""interior"": 6, ""fronteira"": 14, ""liberacao"": 10, ""regret"": 8, ""abertura"": 0}",0.0,30.000411499997426,28035.200922986078,51.0
uniforme_m30_n150_r1.5_s1003,uniforme,1.5,30,150,hibrido:rotacao,27551.2750128601,True,-1,2,60.0,59.9623762,0.0,28058.374119760447,26674.374569087995,gap,"[[0.2533602000112296, 29967.11191904703], [1.9713016000096104, 29553.01004986272], [2.0866278000103193, 28006.92012691407], [8.058374799999001, 28006.92012691407], [14.087782000002335, 28006.92012691407], [18.319319499998528, 28006.92012691407], [29.998789000004763, 28006.920126914054], [30.99829060000775, 27561.359748937633], [31.434498000009626, 27559.10754640626], [33.948129100004735, 27558.371197352815], [33.98638930000743, 27551.2750128601]]",59.9623762,59.34375,0.9896830939798547,False,53.3,715.8984375,2,,,,,eaa3f86d9312c0970ce9,160.0,160.0,,,0.15055829998891568,29.762855600107287,"{""interior"": 40, ""fronteira"": 40, ""liberacao"": 40, ""regret"": 40, ""abertura"": 0}","{""interior"": 0, ""fronteira"": 2, ""liberacao"": 2, ""regret"": 0, ""abertura"": 0}",0.0,29.9985902000044,28006.920126914054,100.0
uniforme_m30_n150_r1.5_s1003,uniforme,1.5,30,150,lns,27777.104084832186,True,-1,0,60.0,60.0231607,0.023160699999998258,28058.374119760447,26674.374569087995,gap,"[[1.154578699999547, 28094.998127161613], [7.085889099995256, 28066.20588865744], [8.084062499998254, 28064.095947950875], [10.221888200001558, 28058.374119760447], [32.376238199998625, 28007.283849611948], [33.658676499995636, 28003.27132792235], [57.011910699999135, 27777.104084832186]]",60.0231607,59.109375,0.9847761149305821,False,61.2,712.03125,6,0.0,False,1.0,1.0,eaa3f86d9312c0970ce9,,,,,,,,,,,,
uniforme_m30_n150_r1.5_s1003,uniforme,1.5,30,150,lns,27841.59575963702,True,-1,1,60.0,60.0295944,0.029594400000000576,28058.374119760447,26674.374569087995,gap,"[[1.104049000001396, 28094.998127161613], [9.16980180000246, 28028.38863957218], [13.900760000004084, 27956.249306142432], [26.12152960000094, 27944.61489557408], [40.73144719999982, 27844.215254479535], [57.769190200000594, 27841.59575963702]]",60.0295944,59.640625,0.9935203726780469,False,60.7,712.03125,6,0.0,False,1.0,1.0,eaa3f86d9312c0970ce9,,,,,,,,,,,,
uniforme_m30_n150_r1.5_s1003,uniforme,1.5,30,150,lns,27762.936244660523,True,-1,2,60.0,60.015496,0.015495999999998844,28058.374119760447,26674.374569087995,gap,"[[0.9853800999990199, 28094.998127161613], [11.267504300005385, 28062.193366967844], [17.169617799998377, 28060.083426261277], [19.445945300001767, 28009.492287135996], [25.445765600001323, 27816.459421652326], [32.81630900000164, 27784.770991778685], [50.39937750000536, 27776.41202778664], [58.519908599999326, 27762.936244660523]]",60.015496,59.328125,0.9885467746529997,False,55.0,715.8984375,2,0.0,False,1.0,1.0,eaa3f86d9312c0970ce9,,,,,,,,,,,,
uniforme_m30_n150_r1.5_s1003,uniforme,1.5,30,150,warm_classico,27906.60402278046,True,-1,0,60.0,57.9984809,0.0,28058.374119760447,26674.374569087995,gap,"[[1.0063168999986374, 28094.998127161613], [6.259463499998674, 28094.9981271616], [53.83170539999992, 27906.60402278045]]",57.9984809,57.3125,0.9881724333231632,False,59.4,715.8984375,2,244.0,False,1.0,2.0,eaa3f86d9312c0970ce9,,,,,,,,,,,,
uniforme_m30_n150_r3.0_s1000,uniforme,3.0,30,150,adaptativa:gnn,20315.52467688504,True,0,0,60.0,59.0017647,0.0,20315.52467688504,20273.15563802302,gap,"[[0.3043926000027568, 25408.672234550886], [0.41375820000394015, 21206.002644044147], [0.6448861000026227, 21176.643871602693], [1.1322149000043282, 20979.27702122759], [5.287413700003526, 20800.891281366046], [6.937123100004101, 20770.2041063411], [6.93779870000435, 20757.570390949248], [6.940249400002358, 20747.09190927832], [8.572839200001908, 20740.34664024738], [9.359928100006073, 20481.7566960284], [11.126698300002317, 20458.546127792244], [15.07365690000006, 20458.546127792244], [15.951115000003483, 20332.28088395231], [19.49756460000208, 20332.091742912384], [19.72186870000587, 20317.65420952739], [24.001814200004446, 20315.524676885034], [24.140482700000575, 20315.524676885034], [33.117331000001286, 20315.524676885034]]",59.0017647,59.0,0.9999700907250999,False,43.9,658.765625,4,1025.0,False,1.0,4.0,eaa3f86d9312c0970ce9,,,,,,,,,,,,
uniforme_m30_n150_r3.0_s1000,uniforme,3.0,30,150,clns:alns,20315.52467688504,True,-1,0,60.0,59.9976454,0.0,20315.52467688504,20273.15563802302,gap,"[[0.1290921999971033, 25064.679963697003], [0.17589829999633366, 25052.99143142471], [0.1876780000020517, 25030.946822183923], [0.19929689999844413, 22809.878498835184], [0.21524779999890598, 22805.853859482253], [0.3108474999971804, 21404.847563408563], [0.47244340000179363, 20330.17201293595], [0.6456990000006044, 20318.206220772023], [2.17552699999942, 20315.52467688504]]",59.9976454,59.96875,0.9995183911000614,False,44.2,715.8984375,2,,,,,eaa3f86d9312c0970ce9,964.0,964.0,0.1279632000005222,0.0011282000050414354,1.4769523001159541,58.22473869994428,"{""interior"": 228, ""fronteira"": 265, ""liberacao"": 243, ""regret"": 228, ""abertura"": 0}","{""interior"": 1, ""fronteira"": 2, ""liberacao"": 4, ""regret"": 1, ""abertura"": 0}",0.0,,,
uniforme_m30_n150_r3.0_s1000,uniforme,3.0,30,150,clns:alns,20325.830083565263,True,-1,1,60.0,60.0855145,0.08551450000000216,20315.52467688504,20273.15563802302,gap,"[[0.12643219999881694, 25064.679963697003], [0.4162147999959416, 22854.600558687667], [0.44637349999538856, 22847.470844244788], [0.9483166999998502, 22632.435787924347], [0.9572365999993053, 22476.387976694074], [1.1857163999957265, 20382.822404896426], [1.6625269999931334, 20368.27607670113], [2.07410799999343, 20337.311127827757], [4.140725699995528, 20325.830083565263]]",60.0855145,60.0625,0.99961697090902,False,43.4,669.68359375,6,,,,,eaa3f86d9312c0970ce9,873.0,873.0,0.1253240999940317,0.0011070999971707352,1.2855405000591418,58.514741699938895,"{""interior"": 202, ""fronteira"": 223, ""liberacao"": 236, ""regret"": 212, ""abertura"": 0}","{""interior"": 0, ""fronteira"": 2, ""liberacao"": 5, ""regret"": 1, ""abertura"": 0}",0.0,,,
uniforme_m30_n150_r3.0_s1000,uniforme,3.0,30,150,clns:alns,20319.195647997054,True,-1,2,60.0,60.0405656,0.04056560000000076,20315.52467688504,20273.15563802302,gap,"[[0.141881800002011, 25064.679963697003], [0.2007935000001453, 22847.470844244788], [0.24386860000231536, 22825.426235004], [0.25367240000196034, 22735.609111164395], [0.2646801000009873, 22724.620192824994], [0.3350005999964196, 21497.031849255116], [0.44396879999840166, 21468.571481369338], [1.7019375000018044, 21456.882949097046], [1.7312807999987854, 21450.690731744224], [1.7660456000012346, 21431.948594934867], [2.535957000000053, 20838.29834001083], [2.5546317999978783, 20837.94885583491], [2.575551900001301, 20829.65058413524], [2.90214879999985, 20826.92100165961], [3.352564100001473, 20826.229571797172], [38.86700279999786, 20366.09999954854], [39.30217879999691, 20326.73310574192], [39.31347079999978, 20325.70954535876], [39.326438700001745, 20322.556992156602], [39.741367000002356, 20319.195647997054]]",60.0405656,60.03125,0.9998448448993292,False,44.2,669.68359375,6,,,,,eaa3f86d9312c0970ce9,641.0,641.0,0.140604499996698,0.0012765999999828637,0.9644958999197115,58.81650510007603,"{""interior"": 160, ""fronteira"": 165, ""liberacao"": 161, ""regret"": 155, ""abertura"": 0}","{""interior"": 4, ""fronteira"": 2, ""liberacao"": 8, ""regret"": 5, ""abertura"": 0}",0.0,,,
uniforme_m30_n150_r3.0_s1000,uniforme,3.0,30,150,clns:aprendido,20315.52467688504,True,-1,0,60.0,59.9542434,0.0,20315.52467688504,20273.15563802302,gap,"[[0.13805699999647914, 25064.679963697003], [0.2082585999960429, 20336.71647383086], [0.24488219999329885, 20329.767415676317], [0.26298539999697823, 20323.50724055987], [0.3430750999978045, 20318.04449842702], [0.5760930999967968, 20315.52467688504]]",59.9542434,59.921875,0.9994601149449248,False,44.3,669.68359375,6,,,,,eaa3f86d9312c0970ce9,2713.0,2713.0,0.13691369999287417,0.0011421999952290207,14.40159450002102,44.9669656001206,"{""interior"": 55, ""fronteira"": 2598, ""liberacao"": 39, ""regret"": 21, ""abertura"": 0}","{""interior"": 0, ""fronteira"": 4, ""liberacao"": 1, ""regret"": 0, ""abertura"": 0}",10.59278139998787,,,
uniforme_m30_n150_r3.0_s1000,uniforme,3.0,30,150,clns:aprendido,20319.195647997054,True,-1,1,60.0,59.9560509,0.0,20315.52467688504,20273.15563802302,gap,"[[0.1264041999966139, 25064.679963697003], [0.5981145999976434, 21002.52100777125], [0.6728392000004533, 20978.529504788], [0.8110226999997394, 20338.90737947676], [0.9127366000029724, 20335.98282766212], [0.9469872999979998, 20334.26783741652], [1.2154039000015473, 20331.115284214364], [1.3708230999982334, 20322.556992156602], [2.0663340000028256, 20319.195647997054]]",59.9560509,59.921875,0.9994299841385984,False,44.0,669.68359375,6,,,,,eaa3f86d9312c0970ce9,2335.0,2335.0,0.1252574999962235,0.001146100003097672,12.134501000109594,47.29881300023408,"{""interior"": 351, ""fronteira"": 1665, ""liberacao"": 55, ""regret"": 264, ""abertura"": 0}","{""interior"": 0, ""fronteira"": 3, ""liberacao"": 3, ""regret"": 2, ""abertura"": 0}",8.846861699887086,,,
uniforme_m30_n150_r3.0_s1000,uniforme,3.0,30,150,clns:aprendido,20315.52467688504,True,-1,2,60.0,59.9605503,0.0,20315.52467688504,20273.15563802302,gap,"[[0.1294125000058557, 25064.679963697003], [0.2917669000016758, 20334.19665228888], [0.3624548000007053, 20327.341818310702], [0.6774808000045596, 20317.654209527398], [1.0103896000000532, 20315.52467688504]]",59.9605503,59.9375,0.9996155755761968,False,44.6,715.8984375,2,,,,,eaa3f86d9312c0970ce9,2307.0,2307.0,0.1282534999991185,0.0011583000014070421,12.191858300066087,47.249491900074645,"{""interior"": 101, ""fronteira"": 2146, ""liberacao"": 35, ""regret"": 25, ""abertura"": 0}","{""interior"": 0, ""fronteira"": 3, ""liberacao"": 1, ""regret"": 0, ""abertura"": 0}",8.919562899922312,,,
uniforme_m30_n150_r3.0_s1000,uniforme,3.0,30,150,clns:gnn,20942.90961914337,True,-1,0,60.0,60.0142263,0.014226299999997138,20315.52467688504,20273.15563802302,gap,"[[0.1645937000066624, 25064.679963697003], [0.6350196000057622, 21002.52100777125], [0.6500132000001031, 21000.21135866392], [0.7032038000033936, 20982.91724199229], [0.7655008000001544, 20981.20225174669], [1.996032400005788, 20979.435336291008], [2.651737200001662, 20945.44188276067], [7.564129600003071, 20945.07920963085], [7.821004500001436, 20944.05564924769], [9.867257400001108, 20942.90961914337]]",60.0142263,59.984375,0.9995025962702446,False,44.2,735.0703125,4,,,,,eaa3f86d9312c0970ce9,554.0,554.0,0.16283760000078473,0.0017552999997860752,2.8435212000185857,56.89083690006373,"{""interior"": 170, ""fronteira"": 130, ""liberacao"": 103, ""regret"": 77, ""abertura"": 74}","{""interior"": 1, ""fronteira"": 2, ""liberacao"": 4, ""regret"": 0, ""abertura"": 2}",0.0,,,
uniforme_m30_n150_r3.0_s1000,uniforme,3.0,30,150,clns:gnn,20315.52467688504,True,-1,1,60.0,60.0284802,0.02848019999999707,20315.52467688504,20273.15563802302,gap,"[[0.15322079999896232, 25064.679963697003], [0.6460912000038661, 21002.52100777125], [0.7049255000019912, 20998.49636841832], [0.8509830000039074, 20989.5680727675], [1.6992593000031775, 20986.737878142252], [2.823134199999913, 20327.341818310702], [4.721387700003106, 20324.537804702566], [4.900822000003245, 20317.654209527398], [6.157406999998784, 20315.52467688504]]",60.0284802,60.03125,1.0000461414313802,False,44.6,735.0703125,4,,,,,eaa3f86d9312c0970ce9,1019.0,1019.0,0.15093979999801377,0.0022797999990871176,5.114937999853282,54.56705829989369,"{""interior"": 329, ""fronteira"": 225, ""liberacao"": 197, ""regret"": 130, ""abertura"": 138}","{""interior"": 0, ""fronteira"": 2, ""liberacao"": 4, ""regret"": 0, ""abertura"": 2}",0.0,,,
uniforme_m30_n150_r3.0_s1000,uniforme,3.0,30,150,clns:gnn,20315.52467688504,True,-1,2,60.0,59.9905872,0.0,20315.52467688504,20273.15563802302,gap,"[[0.14048629999888362, 25064.679963697003], [0.606341099999554, 21002.52100777125], [0.682828500001051, 20985.22689109962], [0.7460514999984298, 20981.20225174669], [1.0329121000031591, 20978.372057121444], [1.5548105999987456, 20352.578367758382], [1.5984490000046208, 20348.431266839954], [2.0173332000049413, 20344.492440847534], [3.808981700000004, 20338.417505347417], [4.072274800004379, 20335.73596146044], [12.328945599998406, 20324.452972535863], [12.344800200000464, 20315.52467688504]]",59.9905872,59.96875,0.999635989560709,False,43.6,735.0703125,4,,,,,eaa3f86d9312c0970ce9,1052.0,1052.0,0.13912640000489773,0.0013593000039691105,5.302475199845503,54.35205080000742,"{""interior"": 348, ""fronteira"": 235, ""liberacao"": 197, ""regret"": 134, ""abertura"": 138}","{""interior"": 2, ""fronteira"": 2, ""liberacao"": 5, ""regret"": 0, ""abertura"": 2}",0.0,,,
uniforme_m30_n150_r3.0_s1000,uniforme,3.0,30,150,clns:rotacao,21025.706479666514,True,-1,0,60.0,59.9788192,0.0,20315.52467688504,20273.15563802302,gap,"[[0.17383020000124816, 25064.679963697003], [0.217681399997673, 25057.55024925412], [0.3578540000016801, 21167.991725105596], [1.1184476999987965, 21159.60201734679], [1.763427199999569, 21156.449464144636], [1.9388113000022713, 21114.713654605846], [2.245118899998488, 21069.73121425553], [2.6196655000021565, 21032.813637936033], [2.7538933000032557, 21025.706479666514]]",59.9788192,59.9375,0.9993111034770088,False,44.5,715.8984375,2,,,,,eaa3f86d9312c0970ce9,528.0,528.0,0.1724240000039572,0.001405000002705492,0.798794799928146,58.89833690002706,"{""interior"": 132, ""fronteira"": 132, ""liberacao"": 132, ""regret"": 132, ""abertura"": 0}","{""interior"": 1, ""fronteira"": 1, ""liberacao"": 4, ""regret"": 2, ""abertura"": 0}",0.0,,,
uniforme_m30_n150_r3.0_s1000,uniforme,3.0,30,150,clns:rotacao,20305.239707118148,True,-1,1,60.0,59.9869857,0.0,20315.52467688504,20273.15563802302,gap,"[[0.1349389999959385, 25064.679963697003], [0.16938049999589566, 22554.466059270428], [0.6753639000016847, 22041.439203750328], [0.6931289999993169, 22008.669849390404], [1.0448964999959571, 22003.956090665088], [2.138185199997679, 21948.666594684517], [5.3258741999961785, 21852.071364359123], [5.456592399998044, 21851.379934496683], [8.05011199999717, 21567.035571594985], [8.092916299996432, 21551.067878636677], [9.043481900000188, 21509.969493612865], [11.412962599999446, 20312.3089624104], [12.558914000001096, 20307.759528660128], [12.756612099998165, 20305.239707118148]]",59.9869857,59.9375,0.9991750593995924,False,43.6,715.8984375,2,,,,,eaa3f86d9312c0970ce9,997.0,997.0,0.13382789999741362,0.001110299999709241,1.4363011000605184,58.2442638000648,"{""interior"": 250, ""fronteira"": 249, ""liberacao"": 249, ""regret"": 249, ""abertura"": 0}","{""interior"": 2, ""fronteira"": 4, ""liberacao"": 6, ""regret"": 1, ""abertura"": 0}",0.0,,,
uniforme_m30_n150_r3.0_s1000,uniforme,3.0,30,150,clns:rotacao,21025.706479666514,True,-1,2,60.0,59.9985722,0.0,20315.52467688504,20273.15563802302,gap,"[[0.13106399999378482, 25064.679963697003], [0.15571469999849796, 25052.99143142471], [0.20169829999940703, 22835.782311972493], [1.0066741999980877, 22834.067321726892], [1.0319189000001643, 22744.25019788729], [1.0549054000002798, 22727.127288620348], [2.010562999996182, 22238.34144024643], [2.0628431999939494, 22220.335757706], [4.007719900000666, 21278.576870976227], [4.022379299996828, 21191.16957380553], [4.03635189999477, 21126.351959360778], [4.060758799998439, 21121.852105121096], [4.10562629999913, 21115.080524919118], [4.128781999999774, 21099.036306180642], [4.190519299998414, 21097.136287336736], [7.027788299994427, 21073.954382275464], [8.00620219999837, 21050.8912556348], [11.06471220000094, 21047.473690417184], [11.077580799996213, 21036.89500170127], [12.500964999999269, 21034.11313834395], [13.944227399995725, 21025.706479666514]]",59.9985722,60.0,1.0000237972329615,False,44.5,735.0703125,4,,,,,eaa3f86d9312c0970ce9,427.0,427.0,0.12968059999548132,0.001382700000249315,0.6359787998662796,59.1482255999872,"{""interior"": 107, ""fronteira"": 107, ""liberacao"": 107, ""regret"": 106, ""abertura"": 0}","{""interior"": 4, ""fronteira"": 5, ""liberacao"": 8, ""regret"": 3, ""abertura"": 0}",0.0,,,
uniforme_m30_n150_r3.0_s1000,uniforme,3.0,30,150,completo,20292.453479012293,True,-1,0,60.0,56.97888,0.0,20315.52467688504,20273.15563802302,gap,"[[0.3226012000013725, 53114.689096888695], [1.6203338999985135, 28306.398023125468], [1.723759100001189, 26118.5103661175], [2.5014996000027168, 25794.093243638712], [2.612185400001181, 24692.387353833514], [6.623481700000411, 20317.654209527387], [21.189177300002484, 20315.52467688504], [44.51952470000106, 20314.257548841026], [56.8387464999978, 20294.830730646616], [56.87814210000215, 20292.453479012296]]",56.97888,56.96875,0.9998222148276695,False,43.4,715.8984375,2,96.0,False,1.0,1.0,eaa3f86d9312c0970ce9,,,,,,,,,,,,
uniforme_m30_n150_r3.0_s1000,uniforme,3.0,30,150,hibrido:aprendido,20315.52467688504,True,-1,0,60.0,59.9651635,0.0,20315.52467688504,20273.15563802302,gap,"[[0.2673750999965705, 25408.672234550886], [0.3793612999943434, 21206.002644044147], [0.6023898999992525, 21176.643871602693], [1.111235399999714, 20979.27702122759], [5.2193761999951676, 20800.891281366046], [6.842384600000514, 20770.2041063411], [6.843006399998558, 20757.570390949248], [6.8454751999961445, 20747.09190927832], [8.089736100002483, 20747.09190927832], [8.991211100001237, 20332.28088395231], [14.165714200004004, 20332.28088395231], [17.881267400007346, 20317.65420952739], [18.322799499997927, 20317.654209527387], [30.04165240000293, 20317.654209527398], [30.092242700004135, 20315.52467688504]]",59.9651635,59.9375,0.9995386738168404,False,44.1,715.8984375,2,,,,,eaa3f86d9312c0970ce9,1299.0,1299.0,,,6.9567139998907805,22.744776099883893,"{""interior"": 29, ""fronteira"": 1236, ""liberacao"": 23, ""regret"": 11, ""abertura"": 0}","{""interior"": 0, ""fronteira"": 1, ""liberacao"": 0, ""regret"": 0, ""abertura"": 0}",5.116609599986987,30.041386300006707,20317.654209527398,174.0
uniforme_m30_n150_r3.0_s1000,uniforme,3.0,30,150,hibrido:aprendido,20315.52467688504,True,-1,1,60.0,59.9587839,0.0,20315.52467688504,20273.15563802302,gap,"[[0.21999039999354864, 25408.672234550886], [0.32913379999808967, 21206.002644044147], [0.5884118999965722, 21176.643871602693], [1.061061399996106, 20979.27702122759], [7.062111299994285, 20578.426282114684], [7.860316699996474, 20524.182028478113], [8.046161099999154, 20524.18202847811], [9.034922199993161, 20332.28088395231], [14.206223499997577, 20332.28088395231], [18.116425999993226, 20332.28088395231], [21.805854699996416, 20317.654209527387], [29.998806600000535, 20317.654209527398], [30.0784030000068, 20315.52467688504]]",59.9587839,59.921875,0.9993844288092708,False,44.6,669.68359375,6,,,,,eaa3f86d9312c0970ce9,1683.0,1683.0,,,8.799728599922673,20.885881299880566,"{""interior"": 1616, ""fronteira"": 27, ""liberacao"": 33, ""regret"": 7, ""abertura"": 0}","{""interior"": 0, ""fronteira"": 1, ""liberacao"": 0, ""regret"": 0, ""abertura"": 0}",6.406860800052527,29.99860450000415,20317.654209527398,291.0
uniforme_m30_n150_r3.0_s1000,uniforme,3.0,30,150,hibrido:aprendido,20315.52467688504,True,-1,2,60.0,60.0015527,0.001552699999997742,20315.52467688504,20273.15563802302,gap,"[[0.22319590000552125, 25408.672234550886], [0.33287460000428837, 21206.002644044147], [0.5735602000058861, 21176.643871602693], [1.0334679000006872, 20979.27702122759], [5.634593400005542, 20476.229513698407], [8.04364440000063, 20476.229513698414], [9.082163099999889, 20337.466496067227], [14.316664099998889, 20337.466496067227], [18.13436229999934, 20337.466496067227], [21.19062579999445, 20319.312193031208], [26.677243899997848, 20317.654209527387], [30.001927800003614, 20317.654209527398], [30.06451840000227, 20315.52467688504]]",60.0015527,59.96875,0.999453302480954,False,44.5,715.8984375,2,,,,,eaa3f86d9312c0970ce9,1092.0,1092.0,,,5.937079499839456,23.855617500084918,"{""interior"": 52, ""fronteira"": 1016, ""liberacao"": 20, ""regret"": 4, ""abertura"": 0}","{""interior"": 0, ""fronteira"": 1, ""liberacao"": 0, ""regret"": 0, ""abertura"": 0}",4.374736199963081,30.00171709999995,20317.654209527398,241.0
uniforme_m30_n150_r3.0_s1000,uniforme,3.0,30,150,hibrido:gnn,20315.52467688504,True,-1,0,60.0,59.999925,0.0,20315.52467688504,20273.15563802302,gap,"[[0.2542290999990655, 25408.672234550886], [0.36436569999932544, 21206.002644044147], [0.5901349999985541, 21176.643871602693], [1.0861831000001985, 20979.27702122759], [5.320182999996177, 20800.891281366046], [6.943813999998383, 20770.2041063411], [6.9445965999984764, 20757.570390949248], [6.947163299999374, 20747.09190927832], [8.04417399999511, 20747.09190927832], [8.984003099991241, 20332.28088395231], [14.0881889999946, 20332.28088395231], [17.805599299994356, 20317.65420952739], [18.261052999994718, 20317.654209527387], [29.995383100002073, 20317.654209527398], [32.32332029999816, 20315.52467688504]]",59.999925,59.9375,0.9989595820328109,False,44.5,735.0703125,4,,,,,eaa3f86d9312c0970ce9,534.0,534.0,,,2.813475299903075,27.09437900021294,"{""interior"": 166, ""fronteira"": 130, ""liberacao"": 102, ""regret"": 67, ""abertura"": 69}","{""interior"": 1, ""fronteira"": 0, ""liberacao"": 0, ""regret"": 0, ""abertura"": 0}",0.0,29.995192599999427,20317.654209527398,170.0
uniforme_m30_n150_r3.0_s1000,uniforme,3.0,30,150,hibrido:gnn,20315.52467688504,True,-1,1,60.0,59.9999237,0.0,20315.52467688504,20273.15563802302,gap,"[[0.23190729999623727, 25408.672234550886], [0.34312599999975646, 21206.002644044147], [0.5736667999954079, 21176.643871602693], [1.0461020000002463, 20979.27702122759], [7.136816699996416, 20578.426282114684], [7.895937499997672, 20524.182028478113], [8.056173599994509, 20524.18202847811], [9.036503399991489, 20332.28088395231], [14.09487739999895, 20332.28088395231], [17.95363399999769, 20317.654209527387], [18.274158199994417, 20317.654209527387], [30.008181599994714, 20317.654209527398], [31.515869699993345, 20315.52467688504]]",59.9999237,59.984375,0.9997408546704535,False,43.5,735.0703125,4,,,,,eaa3f86d9312c0970ce9,543.0,543.0,,,2.7357298998176702,27.15466700007528,"{""interior"": 174, ""fronteira"": 122, ""liberacao"": 107, ""regret"": 70, ""abertura"": 70}","{""interior"": 0, ""fronteira"": 0, ""liberacao"": 1, ""regret"": 0, ""abertura"": 0}",0.0,30.007992499995453,20317.654209527398,287.0
uniforme_m30_n150_r3.0_s1000,uniforme,3.0,30,150,hibrido:gnn,20315.52467688504,True,-1,2,60.0,60.0380601,0.038060100000002706,20315.52467688504,20273.15563802302,gap,"[[0.2695839000007254, 25408.672234550886], [0.38287779999518534, 21206.002644044147], [0.6131698999961372, 21176.643871602693], [1.0933967999953893, 20979.27702122759], [5.673482899997907, 20476.229513698407], [8.086353899991082, 20476.229513698414], [9.160521899990272, 20337.466496067227], [14.120531699991261, 20337.466496067227], [18.035407799994573, 20317.654209527384], [18.298985599991283, 20317.654209527387], [30.043467299998156, 20317.654209527398], [31.02392459999828, 20315.52467688504]]",60.0380601,60.015625,0.9996263187057904,False,43.8,669.68359375,6,,,,,eaa3f86d9312c0970ce9,482.0,482.0,,,2.2830517999609583,27.621902299957583,"{""interior"": 155, ""fronteira"": 110, ""liberacao"": 93, ""regret"": 61, ""abertura"": 63}","{""interior"": 0, ""fronteira"": 1, ""liberacao"": 0, ""regret"": 0, ""abertura"": 0}",0.0,30.04325809999864,20317.654209527398,229.0
uniforme_m30_n150_r3.0_s1000,uniforme,3.0,30,150,hibrido:rotacao,20315.52467688504,True,-1,0,60.0,59.9912828,0.0,20315.52467688504,20273.15563802302,gap,"[[0.35796380000101635, 25408.672234550886], [0.46628860000055283, 21206.002644044147], [0.6902896999963559, 21176.643871602693], [1.2211723000000347, 20979.27702122759], [5.414715200000501, 20800.891281366046], [7.049427700003434, 20800.891281366046], [7.992485800001305, 20332.28088395231], [13.095529500002158, 20332.28088395231], [16.696738800004823, 20317.65420952739], [17.123928400003933, 20317.654209527387], [30.00318810000317, 20317.654209527398], [30.046024499999476, 20315.52467688504]]",59.9912828,59.953125,0.9993639442562479,False,43.4,735.0703125,4,,,,,eaa3f86d9312c0970ce9,443.0,443.0,,,0.6641132999575348,29.231978200048616,"{""interior"": 111, ""fronteira"": 111, ""liberacao"": 111, ""regret"": 110, ""abertura"": 0}","{""interior"": 0, ""fronteira"": 1, ""liberacao"": 0, ""regret"": 0, ""abertura"": 0}",0.0,30.002884800000174,20317.654209527398,137.0
uniforme_m30_n150_r3.0_s1000,uniforme,3.0,30,150,hibrido:rotacao,20315.52467688504,True,-1,1,60.0,59.968112,0.0,20315.52467688504,20273.15563802302,gap,"[[0.24033969999436522, 25408.672234550886], [0.37600279999605846, 21206.002644044147], [0.6071399999927962, 21176.643871602693], [1.1047222999986843, 20979.27702122759], [7.162293399996997, 20578.426282114684], [7.951995999996143, 20524.182028478113], [8.045234499993967, 20524.18202847811], [8.99761359999684, 20332.28088395231], [14.361651500003063, 20332.28088395231], [18.16847250000137, 20332.28088395231], [21.781597499997588, 20317.654209527387], [29.998340500002087, 20317.654209527398], [30.53261300000304, 20315.52467688504]]",59.968112,59.9375,0.9994895287015205,False,44.6,735.0703125,4,,,,,eaa3f86d9312c0970ce9,403.0,403.0,,,0.6081446999887703,29.279459499979566,"{""interior"": 101, ""fronteira"": 101, ""liberacao"": 101, ""regret"": 100, ""abertura"": 0}","{""interior"": 0, ""fronteira"": 0, ""liberacao"": 1, ""regret"": 0, ""abertura"": 0}",0.0,29.998141800002486,20317.654209527398,286.0
uniforme_m30_n150_r3.0_s1000,uniforme,3.0,30,150,hibrido:rotacao,20315.52467688504,True,-1,2,60.0,59.9999811,0.0,20315.52467688504,20273.15563802302,gap,"[[0.21687810000003083, 25408.672234550886], [0.32720030000200495, 21206.002644044147], [0.5787634000007529, 21176.643871602693], [1.111602099997981, 20979.27702122759], [5.762035899999319, 20476.229513698407], [8.0440857999929, 20476.229513698414], [9.075145099996007, 20337.466496067227], [14.300295700006245, 20337.466496067227], [18.11573659998976, 20337.466496067227], [21.288737899994885, 20319.312193031208], [26.820027899993875, 20317.654209527387], [29.998963900005037, 20317.654209527398], [30.025795300003665, 20315.52467688504]]",59.9999811,60.0,1.0000003150000991,False,44.6,669.68359375,6,,,,,eaa3f86d9312c0970ce9,419.0,419.0,,,0.6316361000426696,29.289061700059392,"{""interior"": 105, ""fronteira"": 105, ""liberacao"": 105, ""regret"": 104, ""abertura"": 0}","{""interior"": 1, ""fronteira"": 0, ""liberacao"": 0, ""regret"": 0, ""abertura"": 0}",0.0,29.998714800000016,20317.654209527398,216.0
uniforme_m30_n150_r3.0_s1000,uniforme,3.0,30,150,lns,20391.045896818112,True,-1,0,60.0,60.0755828,0.0755827999999994,20315.52467688504,20273.15563802302,gap,"[[1.693016400000488, 24503.20064339564], [2.149709500001336, 23400.252516079578], [5.952567000000272, 23125.463788061898], [6.236048999999184, 22834.5448323113], [7.32232379999914, 22818.083175396932], [8.435743500005628, 22451.79677730627], [8.578893500001868, 22336.453399906317], [11.277627900002699, 21959.761378809773], [11.422120800001721, 21957.971092343058], [11.735063700005412, 21755.033537798612], [12.61924170000566, 21742.365525268866], [14.589173300002585, 21540.379839028046], [14.867782900000748, 21396.81013038042], [15.042266200005542, 21393.8165814989], [16.152859500005434, 21307.36093607461], [16.30146750000131, 21250.435941157717], [18.336899100002483, 21222.707341512403], [20.555641300001298, 21163.823489497434], [22.904057300002023, 21160.158087708052], [36.65146050000476, 20617.53075002713], [36.971135600004345, 20591.26484042473], [37.45093050000287, 20450.6246509829], [43.560240700004215, 20407.832887777902], [47.049791299999924, 20391.045896818112]]",60.0755828,60.0625,0.9997822276640486,False,43.5,715.8984375,2,0.0,False,1.0,1.0,eaa3f86d9312c0970ce9,,,,,,,,,,,,
uniforme_m30_n150_r3.0_s1000,uniforme,3.0,30,150,lns,20984.233477637525,True,-1,1,60.0,60.0867088,0.0867087999999967,20315.52467688504,20273.15563802302,gap,"[[1.6908244999940507, 24503.20064339564], [6.725327599997399, 24196.525475771545], [7.010202199999185, 23949.425603087562], [8.351365499998792, 23673.560506558228], [8.488802899999428, 23541.274375227324], [9.382412599996314, 23119.57702080758], [10.93051099999866, 23094.06817875106], [12.774679199996172, 22561.337015326822], [12.924060599994846, 22546.004031274148], [13.882202599997981, 22290.57818424592], [14.557814299994789, 22267.774721027345], [15.80173229999491, 22200.736034863505], [16.15271469999425, 22066.517362452723], [16.537121099994692, 21981.007713876854], [16.674537299993972, 21946.537710521392], [20.17524269999558, 21937.587334850636], [23.449044099994353, 21919.924785720763], [24.093833299994003, 21901.314797611165], [24.384225099995092, 21827.96441742484], [24.63062119999813, 21783.60656262852], [38.1925701999935, 21666.039401150134], [41.858526999996684, 21488.037808021443], [42.87284029999864, 21479.82391382707], [43.42796950000047, 21469.32798653138], [43.79263599999831, 21421.463408005926], [44.07755439999892, 21399.21960907332], [44.59577519999584, 21393.808597137326], [50.4155993999957, 21392.96919428744], [50.595915899997635, 21372.159956747717], [55.8765934999974, 21193.192049344365], [56.186963000000105, 20984.233477637525]]",60.0867088,60.015625,0.9988169796379328,False,44.6,715.8984375,2,0.0,False,1.0,1.0,eaa3f86d9312c0970ce9,,,,,,,,,,,,
uniforme_m30_n150_r3.0_s1000,uniforme,3.0,30,150,lns,20683.6322041733,True,-1,2,60.0,60.051529,0.051529000000002156,20315.52467688504,20273.15563802302,gap,"[[1.489507099999173, 24503.20064339564], [1.6258476000002702, 24476.57583368957], [2.380141299996467, 24472.595241251118], [2.560507799993502, 24163.708713098546], [2.8559513999935007, 23455.27113470193], [3.5984350999933667, 23012.080390029878], [3.965738099999726, 22910.476204993793], [4.884061199998541, 22444.585422888464], [5.238116099993931, 22115.711846561673], [6.246438699999999, 22034.943470842118], [8.52446339999733, 21642.85052224305], [9.144571400000132, 21375.853414915167], [9.396009299998695, 21184.18618939798], [13.584776299998339, 21173.246791941514], [13.827442499998142, 20965.152793031008], [14.04240729999583, 20890.85443117127], [15.619274399999995, 20881.395021196622], [16.988625899997714, 20789.727557985163], [17.15642019999359, 20727.509263441498], [17.312229299997853, 20723.023277016167], [46.70963639999536, 20702.211813564332], [51.145431899996765, 20683.6322041733]]",60.051529,60.03125,0.9996623066833152,False,43.5,669.68359375,6,0.0,False,1.0,1.0,eaa3f86d9312c0970ce9,,,,,,,,,,,,
uniforme_m30_n150_r3.0_s1000,uniforme,3.0,30,150,warm_classico,20312.878324676574,True,-1,0,60.0,58.0398651,0.0,20315.52467688504,20273.15563802302,gap,"[[1.594680199996219, 24503.20064339564], [2.0010389999952167, 23400.252516079578], [6.025056399994355, 23125.463788061898], [6.131393099996785, 23125.463788061898], [12.770252599999367, 20317.654209527387], [49.035857800001395, 20312.878324676578]]",58.0398651,58.03125,0.9998515658162686,False,44.6,669.68359375,6,851.0,False,1.0,2.0,eaa3f86d9312c0970ce9,,,,,,,,,,,,
uniforme_m30_n150_r3.0_s1001,uniforme,3.0,30,150,adaptativa:gnn,21367.359898393996,True,0,0,60.0,59.0113917,0.0,22172.178295266058,21077.5413209808,gap,"[[0.30325489999813726, 26953.750031938675], [0.5449939000027371, 24740.850287056925], [0.7629615999976522, 24425.68604440559], [1.3785646999967867, 22453.379423045502], [5.136323899998388, 22149.117734762996], [5.137548400001833, 22146.920335063467], [5.139172000002873, 21439.283531995534], [8.31907610000053, 21403.01380008141], [9.293986600001517, 21380.74094424245], [9.41834419999941, 21377.458067585365], [9.633292899998196, 21368.480458241233], [11.73587569999654, 21367.359898394], [12.597239399998216, 21367.359898393992], [12.750980799995887, 21367.359898394], [13.821987299998, 21367.35989839399], [24.267175699998916, 21367.359898394], [33.16227159999107, 21367.359898394], [37.49324899999192, 21367.35989839399]]",59.0113917,58.53125,0.9918635760627215,False,49.4,735.0703125,4,180.0,False,1.0,4.0,eaa3f86d9312c0970ce9,,,,,,,,,,,,
uniforme_m30_n150_r3.0_s1001,uniforme,3.0,30,150,clns:alns,22036.10503521093,True,-1,0,60.0,60.0032561,0.0032561000000015383,22172.178295266058,21077.5413209808,gap,"[[0.15241409999725875, 27138.303435603353], [0.18434590000106255, 27134.929469061877], [0.2173804999983986, 25411.57474258823], [0.24473130000114907, 25134.04585031813], [1.0379166999991867, 24849.133795813468], [4.006872300000396, 23182.382309199664], [5.002018200000748, 22291.114394433233], [5.231706400001713, 22290.267027219244], [6.03261019999627, 22287.409567579496], [6.068832700002531, 22274.583381546887], [6.10947319999832, 22270.354744234584], [6.296910500001104, 22129.885091364446], [6.333789700001944, 22106.710377270418], [6.351713299998664, 22083.626424185313], [6.388901099999202, 22077.932941291365], [6.448758899998211, 22070.1643021222], [6.502187600002799, 22066.837350470476], [7.912337100002333, 22053.930957880337], [8.244434499996714, 22052.563382449003], [8.259774400001334, 22050.905772908358], [8.273788599995896, 22049.085365664396], [10.109520899997733, 22038.513041443286], [11.007121800001187, 22036.10503521093]]",60.0032561,59.234375,0.9871860103938592,False,51.1,715.8984375,2,,,,,eaa3f86d9312c0970ce9,465.0,465.0,0.1512901999958558,0.001123300004110206,0.7943636999989394,58.95605300005991,"{""interior"": 125, ""fronteira"": 106, ""liberacao"": 129, ""regret"": 105, ""abertura"": 0}","{""interior"": 4, ""fronteira"": 3, ""liberacao"": 8, ""regret"": 7, ""abertura"": 0}",0.0,,,
uniforme_m30_n150_r3.0_s1001,uniforme,3.0,30,150,clns:alns,22020.02998959823,True,-1,1,60.0,60.0055889,0.005588899999999342,22172.178295266058,21077.5413209808,gap,"[[0.15587139999843203, 27138.303435603353], [0.19530179999856045, 25414.94870912971], [0.21220319999702042, 25156.344975958847], [0.23977770000055898, 25153.03401608642], [1.9968497999943793, 24086.537321258493], [2.020207899993693, 24011.838260458935], [2.054300699994201, 24003.761587738758], [2.9975835000004736, 23887.207916098945], [3.0169922999994014, 23859.595277775814], [3.051754299995082, 23775.252818841436], [3.088239099997736, 23676.75832820741], [3.7548181999954977, 23647.268785904864], [4.993223599994963, 23038.351596828237], [5.103260199997749, 23017.026404042495], [5.191026299995428, 22077.312483133843], [5.574117899996054, 22062.30858682977], [8.657335799995053, 22054.167008154654], [15.132488799994462, 22052.117439773414], [16.214542199995776, 22020.02998959823]]",60.0055889,59.796875,0.9965217589923528,False,52.0,735.0703125,4,,,,,eaa3f86d9312c0970ce9,583.0,583.0,0.15475799999694573,0.001112899997679051,0.9296238999595516,58.803713500034064,"{""interior"": 129, ""fronteira"": 158, ""liberacao"": 161, ""regret"": 135, ""abertura"": 0}","{""interior"": 2, ""fronteira"": 8, ""liberacao"": 6, ""regret"": 2, ""abertura"": 0}",0.0,,,
uniforme_m30_n150_r3.0_s1001,uniforme,3.0,30,150,clns:alns,21787.906276316484,True,-1,2,60.0,60.0300252,0.0300251999999972,22172.178295266058,21077.5413209808,gap,"[[0.16752609999821289, 27138.303435603353], [0.20191909999994095, 27132.28228230576], [0.5998900999984471, 27126.86115822275], [0.6488759999992908, 22368.759617575342], [1.0618612999969628, 22283.56783366963], [1.097202600001765, 22219.337416297312], [1.1212910000031115, 22212.594555634052], [1.1601567000034265, 22193.79613111252], [1.493924499998684, 22176.913542089813], [2.0204954000000726, 22160.891391282363], [2.405198200001905, 22128.47408138774], [2.829194300000381, 22122.443188668767], [3.6152307000011206, 22113.324854195194], [5.261693000000378, 22109.734942016825], [8.024737799998547, 22021.86312801152], [8.145274499998777, 21990.72284873717], [8.763370300002862, 21960.24776592932], [9.032072200003313, 21957.639369626948], [12.025199099996826, 21939.936128118265], [12.25446109999757, 21895.797880479007], [13.066894800002046, 21882.227601485203], [13.096991999998863, 21845.384811195563], [13.258548999998311, 21832.204324058617], [14.065081900000223, 21826.89021506595], [17.219983599999978, 21823.385091906264], [18.275376899997354, 21813.411141199416], [21.048041800000647, 21804.0310362398], [21.133524800003215, 21803.619292981686], [22.200357699999586, 21800.388089919485], [22.7041057000024, 21794.903794351274], [24.257481499997084, 21787.906276316484]]",60.0300252,59.65625,0.9937735291838592,False,52.0,715.8984375,2,,,,,eaa3f86d9312c0970ce9,324.0,324.0,0.1663683000006131,0.001157200000307057,0.4609515999836731,59.3297610999507,"{""interior"": 68, ""fronteira"": 82, ""liberacao"": 87, ""regret"": 87, ""abertura"": 0}","{""interior"": 1, ""fronteira"": 11, ""liberacao"": 11, ""regret"": 7, ""abertura"": 0}",0.0,,,
uniforme_m30_n150_r3.0_s1001,uniforme,3.0,30,150,clns:aprendido,21995.8555885425,True,-1,0,60.0,60.0087216,0.008721600000001217,22172.178295266058,21077.5413209808,gap,"[[0.17242480000277283, 27138.303435603353], [0.24229560000094352, 23482.689346626354], [0.31691710000450257, 22044.507118347425], [0.3482503000050201, 22033.826948153604], [0.5252107999986038, 22028.206064897866], [0.9052574000015738, 22002.23481839469], [5.935573400005524, 22000.07267585797], [5.953016200001002, 21995.8555885425]]",60.0087216,59.890625,0.9980320094004469,False,50.0,712.03125,6,,,,,eaa3f86d9312c0970ce9,2358.0,2358.0,0.17126339999958873,0.0011610000001383014,13.386339000084263,46.011510199714394,"{""interior"": 2270, ""fronteira"": 42, ""liberacao"": 28, ""regret"": 18, ""abertura"": 0}","{""interior"": 1, ""fronteira"": 5, ""liberacao"": 1, ""regret"": 0, ""abertura"": 0}",10.235399200108077,,,
uniforme_m30_n150_r3.0_s1001,uniforme,3.0,30,150,clns:aprendido,22079.46513796973,True,-1,1,60.0,59.9765603,0.0,22172.178295266058,21077.5413209808,gap,"[[0.1474445999992895, 27138.303435603353], [0.2016012000021874, 22680.143580537137], [0.9675305999990087, 22669.87341980655], [0.9952838000026532, 22639.685085987905], [1.0666408999968553, 22085.496030688704], [1.0868864000003668, 22079.46513796973]]",59.9765603,59.921875,0.9990882221366736,False,49.2,712.03125,6,,,,,eaa3f86d9312c0970ce9,2577.0,2577.0,0.14622319999762112,0.0012208999978611246,14.030115900081,45.34318040005019,"{""interior"": 2492, ""fronteira"": 34, ""liberacao"": 30, ""regret"": 21, ""abertura"": 0}","{""interior"": 0, ""fronteira"": 3, ""liberacao"": 2, ""regret"": 0, ""abertura"": 0}",10.7048008998172,,,
uniforme_m30_n150_r3.0_s1001,uniforme,3.0,30,150,clns:aprendido,22009.252072948424,True,-1,2,60.0,59.9545954,0.0,22172.178295266058,21077.5413209808,gap,"[[0.13342179999744985, 27138.303435603353], [0.19245860000228276, 23509.549102729237], [0.24472509999759495, 22076.71384819522], [0.44552500000281725, 22066.443687464634], [0.47655829999712296, 22057.693010583454], [0.5343981999976677, 22031.721764080277], [0.5537473000003956, 22025.894539916353], [0.7630950000020675, 22023.73239737963], [0.7798530000000028, 22019.51531006417], [10.53276360000018, 22015.68532234012], [10.552929899997253, 22009.252072948424]]",59.9545954,59.75,0.9965874942757098,False,52.7,712.03125,6,,,,,eaa3f86d9312c0970ce9,2340.0,2340.0,0.1318699999974342,0.0015511000019614585,13.344267400098033,46.05182410025009,"{""interior"": 2252, ""fronteira"": 35, ""liberacao"": 29, ""regret"": 24, ""abertura"": 0}","{""interior"": 1, ""fronteira"": 4, ""liberacao"": 3, ""regret"": 2, ""abertura"": 0}",10.187603499944089,,,
uniforme_m30_n150_r3.0_s1001,uniforme,3.0,30,150,clns:gnn,21757.011814708545,True,-1,0,60.0,59.9998176,0.0,22172.178295266058,21077.5413209808,gap,"[[0.1288628999973298, 27138.303435603353], [0.18333369999891147, 23485.815381050146], [0.2075766999987536, 23483.144858191175], [2.467640900002152, 22983.40681470243], [2.5690953000012087, 22934.586137528626], [2.585884799998894, 22932.654723228716], [2.6181377000029897, 22928.690710308987], [2.690653800003929, 22926.59988384517], [2.7202300999997533, 22926.495560163356], [2.882568100001663, 22895.845626922026], [5.33778980000352, 22864.731745616493], [7.438057400002435, 22850.870777712655], [10.023537400003988, 22830.514278555078], [10.731601300001785, 22829.426449639104], [13.288191799998458, 22792.748150623822], [16.307377299999644, 22770.176679688615], [19.315601800000877, 22759.906185276144], [19.99681319999945, 22758.476836725764], [24.216873500001384, 22694.93522990596], [24.23437930000364, 22682.82875473939], [24.285954799997853, 22682.099681048247], [30.10167370000272, 22674.888037099892], [33.99168060000375, 22528.873673737275], [35.054730000003474, 22517.38080029993], [36.061207300001115, 22475.50058271428], [40.290875600003346, 22463.65754262016], [45.987954700001865, 22461.20965586521], [48.917906100003165, 21878.78423937077], [50.01604390000284, 21867.093696558473], [50.093364200001815, 21862.135160311118], [51.30064539999876, 21848.16613887976], [52.779556599998614, 21833.588357899996], [53.18962160000228, 21830.653607039032], [54.094530100002885, 21810.667115273405], [55.64513660000375, 21806.35994816794], [55.69116560000111, 21805.62479554049], [56.0081044000035, 21794.26685874526], [57.3217203000022, 21781.34724216384], [58.44855510000343, 21761.890924656982], [59.80668929999956, 21761.16840497095], [59.85416170000099, 21757.011814708545]]",59.9998176,59.390625,0.9898467591341478,False,49.4,715.8984375,2,,,,,eaa3f86d9312c0970ce9,259.0,259.0,0.12676620000274852,0.0020959000030416064,1.3903041999510606,58.40666159995453,"{""interior"": 75, ""fronteira"": 24, ""liberacao"": 57, ""regret"": 81, ""abertura"": 22}","{""interior"": 5, ""fronteira"": 7, ""liberacao"": 12, ""regret"": 13, ""abertura"": 3}",0.0,,,
uniforme_m30_n150_r3.0_s1001,uniforme,3.0,30,150,clns:gnn,22585.969009845343,True,-1,1,60.0,60.4803758,0.48037579999999735,22172.178295266058,21077.5413209808,gap,"[[0.13296580000314862, 27138.303435603353], [0.17544310000084806, 23485.815381050146], [0.19158120000065537, 23483.144858191175], [1.0135898000007728, 23475.54522031956], [1.5495350000055623, 23443.273531781164], [2.5882906000042567, 23413.085197962522], [5.453092300005665, 22845.130892606892], [5.470709000001079, 22811.545335795206], [5.567237800001749, 22810.33919118397], [5.723137200002384, 22801.882594517934], [5.8486195000004955, 22796.403955747166], [7.452636200003326, 22647.339519033012], [11.524587400002929, 22641.266793883195], [15.756902100001753, 22620.814154731474], [17.45357980000699, 22619.345293756327], [22.07420880000427, 22610.29456365142], [25.790277300002344, 22609.44719643743], [28.6947305000067, 22592.71421205328], [38.864405200001784, 22586.691529531374], [49.708852800002205, 22585.969009845343]]",60.4803758,60.125,0.9941241138915013,False,48.1,735.0703125,4,,,,,eaa3f86d9312c0970ce9,288.0,288.0,0.1318332000009832,0.001131999997596722,1.5463973999067093,58.721836600052484,"{""interior"": 91, ""fronteira"": 57, ""liberacao"": 50, ""regret"": 58, ""abertura"": 32}","{""interior"": 3, ""fronteira"": 4, ""liberacao"": 6, ""regret"": 3, ""abertura"": 3}",0.0,,,
uniforme_m30_n150_r3.0_s1001,uniforme,3.0,30,150,clns:gnn,22689.3965737462,True,-1,2,60.0,60.025462,0.02546199999999743,22172.178295266058,21077.5413209808,gap,"[[0.20053080000070622, 27138.303435603353], [0.2504378000012366, 23485.815381050146], [0.27043219999904977, 23483.144858191175], [2.98197529999743, 22919.454362252858], [3.0268710000018473, 22908.1619818799], [3.0839218999972218, 22903.591669883994], [3.104751099999703, 22893.697401739428], [3.359114699997008, 22858.093405684336], [7.015788699995028, 22856.593328745654], [11.085302699997555, 22836.236829588073], [12.445058899997093, 22832.568205022282], [16.63767319999897, 22795.889906007], [20.609850599998026, 22773.318435071793], [26.1251792999974, 22772.471067857805], [31.80883829999948, 22766.851745681397], [36.7328131999966, 22765.501713195852], [49.912048699996376, 22689.3965737462]]",60.025462,57.046875,0.9503779412809851,False,75.1,735.0703125,4,,,,,eaa3f86d9312c0970ce9,182.0,182.0,0.19923569999809843,0.0012944999980391003,1.4029351000790484,58.340722599983565,"{""interior"": 50, ""fronteira"": 23, ""liberacao"": 47, ""regret"": 43, ""abertura"": 19}","{""interior"": 3, ""fronteira"": 2, ""liberacao"": 5, ""regret"": 4, ""abertura"": 2}",0.0,,,
uniforme_m30_n150_r3.0_s1001,uniforme,3.0,30,150,clns:rotacao,22031.877757823095,True,-1,0,60.0,60.0204442,0.020444200000000023,22172.178295266058,21077.5413209808,gap,"[[0.14047969999955967, 27138.303435603353], [0.18061820000002626, 27130.900667061636], [0.66895790000126, 26161.97730647751], [0.6834302999995998, 26020.027823970242], [0.6924139999973704, 25735.115769465585], [0.7636780999964685, 23684.89367617083], [2.6413701999990735, 23064.5677138586], [2.6585807999945246, 23063.833865436136], [2.6684078999969643, 23048.967790777308], [2.682352700001502, 23035.9766759993], [3.44911090000096, 22997.67393145524], [4.154330400000617, 22473.44805983265], [4.1802076999956626, 22459.102539103413], [4.298307299999578, 22103.149871447567], [4.600120600000082, 22085.841571376], [5.481406499995501, 22074.185619473516], [8.212755599997763, 22059.524604461083], [8.834329899997101, 22057.9681460857], [9.468773100001272, 22031.877757823095]]",60.0204442,59.015625,0.9832587177020593,False,57.6,715.8984375,2,,,,,eaa3f86d9312c0970ce9,519.0,519.0,0.13939579999714624,0.0010830999963218346,0.9159643000166398,58.85148449989356,"{""interior"": 130, ""fronteira"": 130, ""liberacao"": 130, ""regret"": 129, ""abertura"": 0}","{""interior"": 3, ""fronteira"": 6, ""liberacao"": 7, ""regret"": 2, ""abertura"": 0}",0.0,,,
uniforme_m30_n150_r3.0_s1001,uniforme,3.0,30,150,clns:rotacao,22005.129340016258,True,-1,1,60.0,59.9740766,0.0,22172.178295266058,21077.5413209808,gap,"[[0.131733099995472, 27138.303435603353], [0.15969639999821084, 27133.654158128506], [0.18968679999670712, 23252.221514470257], [0.49806099999841535, 23246.60063121452], [0.8053022999956738, 23231.057545762935], [1.989769100000558, 22223.373123299534], [2.016990199997963, 22216.503073563636], [2.1566335999959847, 22212.767005734284], [2.969805399996403, 22193.780057665994], [3.388290299997607, 22178.7809144179], [3.5618003999989014, 22166.219546128254], [3.7353441000013845, 22138.92319259628], [3.9886318999997457, 22126.426044008578], [4.044858000001113, 22126.2826035525], [4.410662700000103, 22116.57117013847], [6.06329199999891, 22111.80000394686], [7.121439499998814, 22091.017660367408], [7.137800099997548, 22085.849458635472], [7.162883299999521, 22083.652058935942], [8.175799099997676, 22076.680783718788], [8.301422199998342, 22067.06789057204], [8.668968099998892, 22066.220523358053], [8.942206100000476, 22051.67692707263], [9.709904299998016, 22049.35076234532], [9.937475999999151, 22042.30987500556], [10.201361400002497, 22020.719144541596], [10.505886400002055, 22018.63765673748], [13.336018900001363, 22008.431330854353], [15.720059899998887, 22005.129340016258]]",59.9740766,56.5625,0.9431158128076956,False,65.8,715.8984375,2,,,,,eaa3f86d9312c0970ce9,303.0,303.0,0.12969760000123642,0.00203460000193445,0.5908712999298587,59.17195160004485,"{""interior"": 76, ""fronteira"": 76, ""liberacao"": 76, ""regret"": 75, ""abertura"": 0}","{""interior"": 4, ""fronteira"": 10, ""liberacao"": 11, ""regret"": 3, ""abertura"": 0}",0.0,,,
uniforme_m30_n150_r3.0_s1001,uniforme,3.0,30,150,clns:rotacao,21850.304155120066,True,-1,2,60.0,59.9833166,0.0,22172.178295266058,21077.5413209808,gap,"[[0.16690430000016931, 27138.303435603353], [0.20104800000262912, 27037.61089512463], [0.23191780000342987, 24833.177083446535], [0.8870507000028738, 22340.2856815602], [1.9812462999980198, 22085.828513010154], [1.9997187000044505, 22077.57016209315], [2.1659653000024264, 22074.010319644567], [2.566923999998835, 21985.997572030825], [3.496927100000903, 21954.530745617067], [3.51942599999893, 21949.765775194017], [4.002584200003184, 21944.451666201352], [4.062334300004295, 21927.9629963229], [4.217911100000492, 21914.460761021095], [4.9978000999981305, 21884.931839726516], [7.981928900000639, 21882.42262352629], [9.058091300001252, 21878.96331798449], [9.146340600003896, 21867.643148933304], [9.214259000000311, 21857.45097470078], [10.985140700002376, 21852.504358077626], [11.039331100000709, 21850.304155120066]]",59.9833166,57.96875,0.9664145513420976,False,57.7,735.0703125,4,,,,,eaa3f86d9312c0970ce9,327.0,327.0,0.1639742000043043,0.002929200003563892,0.5156076999846846,59.22067609996884,"{""interior"": 82, ""fronteira"": 82, ""liberacao"": 82, ""regret"": 81, ""abertura"": 0}","{""interior"": 2, ""fronteira"": 6, ""liberacao"": 7, ""regret"": 4, ""abertura"": 0}",0.0,,,
uniforme_m30_n150_r3.0_s1001,uniforme,3.0,30,150,completo,22052.784271165554,True,-1,0,60.0,57.0176484,0.0,22172.178295266058,21077.5413209808,gap,"[[0.43080539999937173, 52373.38399981733], [2.8676640999983647, 26625.382236321468], [2.986081399998511, 25930.522638186456], [3.2452659999980824, 25621.08470391059], [6.441385199999786, 23920.110202935288], [7.450216199998977, 22172.178295266083], [46.399699900000996, 22052.784271165558]]",57.0176484,56.75,0.9953058674373529,False,57.8,712.03125,6,180.0,False,1.0,1.0,eaa3f86d9312c0970ce9,,,,,,,,,,,,
uniforme_m30_n150_r3.0_s1001,uniforme,3.0,30,150,hibrido:aprendido,21384.161125629413,True,-1,0,60.0,59.9886519,0.0,22172.178295266058,21077.5413209808,gap,"[[0.3043383000040194, 26953.750031938675], [0.5518563000005088, 24740.850287056925], [0.7693557000020519, 24425.68604440559], [1.4199599000057788, 22453.379423045502], [5.884224599998561, 22149.117734762996], [5.884919500000251, 22146.920335063467], [5.88639740000508, 21439.283531995534], [8.061173000001872, 21439.283531995534], [9.323361800001294, 21439.283531995512], [14.291501799998514, 21439.283531995534], [17.019645999993372, 21439.283531995512], [18.211512900001253, 21439.283531995534], [28.30475679999654, 21439.283531995512], [29.99594739999884, 21439.28353199553], [30.397364799995557, 21427.329747211395], [30.529692600001, 21425.467670372767], [30.544159299999592, 21422.026698289417], [30.56862369999726, 21412.491753776714], [30.58296859999973, 21410.780263606623], [30.598232099997404, 21409.97828905895], [30.85985989999608, 21409.516394061466], [31.429771700000856, 21409.014759553775], [32.29197469999781, 21408.54364391943], [32.37343580000015, 21408.322758741095], [32.67215949999809, 21402.407467102716], [32.72288549999939, 21398.381528597816], [33.87332349999633, 21395.101718613616], [33.987003399997775, 21393.936013565737], [34.76604919999954, 21387.760159853395], [35.28655169999547, 21385.323976383173], [36.32282380000106, 21384.60022385999], [37.71676450000086, 21384.161125629413]]",59.9886519,59.5,0.9918542610223251,False,58.8,712.03125,6,,,,,eaa3f86d9312c0970ce9,740.0,740.0,,,4.417878599975666,25.40239329996257,"{""interior"": 139, ""fronteira"": 527, ""liberacao"": 48, ""regret"": 26, ""abertura"": 0}","{""interior"": 3, ""fronteira"": 6, ""liberacao"": 7, ""regret"": 2, ""abertura"": 0}",3.2287400999848614,29.995745899999747,21439.28353199553,160.0
uniforme_m30_n150_r3.0_s1001,uniforme,3.0,30,150,hibrido:aprendido,21626.80206552459,True,-1,1,60.0,59.9887893,0.0,22172.178295266058,21077.5413209808,gap,"[[0.2860790999911842, 26953.750031938675], [0.48701749999599997, 24740.850287056925], [0.7017294999968726, 24425.68604440559], [1.324521399990772, 22453.379423045502], [3.8473818999918876, 22420.91569823028], [3.84803799999645, 22363.376364550626], [4.0502485999968485, 22269.194087379965], [4.774127099990437, 22204.922786636675], [4.779296799992153, 22190.174762251612], [4.783821599994553, 22173.184249724254], [5.255911299995205, 21708.005643511042], [8.039589799991518, 21708.005643511042], [9.19994229999429, 21666.612829021422], [9.201982299993688, 21640.386011739105], [14.250334899988957, 21640.386011739105], [18.140751099992485, 21640.386011739105], [29.992444900002738, 21640.38601173911], [30.040237900000648, 21633.295076824874], [30.161158399998385, 21631.028073139], [30.4006195999973, 21626.80206552459]]",59.9887893,58.375,0.9730984852531438,False,74.8,712.03125,6,,,,,eaa3f86d9312c0970ce9,623.0,623.0,,,6.127354799973546,23.68068419991323,"{""interior"": 109, ""fronteira"": 87, ""liberacao"": 28, ""regret"": 399, ""abertura"": 0}","{""interior"": 1, ""fronteira"": 2, ""liberacao"": 0, ""regret"": 0, ""abertura"": 0}",4.440007399985916,29.99222649999865,21640.38601173911,276.0
uniforme_m30_n150_r3.0_s1001,uniforme,3.0,30,150,hibrido:aprendido,21379.516792959887,True,-1,2,60.0,59.9587362,0.0,22172.178295266058,21077.5413209808,gap,"[[0.24336079999193316, 26953.750031938675], [0.4620470999943791, 24740.850287056925], [0.6803827999901841, 24425.68604440559], [1.282602199993562, 22529.50662799137], [1.3454487999915727, 22478.620900970396], [3.0326946999921347, 22213.81392698336], [4.330095499994059, 21455.772141680223], [4.356463599993731, 21446.83152936226], [7.829592899994168, 21398.51691614538], [8.038010999989638, 21398.51691614538], [9.103243499994278, 21398.516916145363], [14.112001099994814, 21398.51691614538], [16.297591999995348, 21393.25341805297], [18.298226600003545, 21393.25341805297], [22.674743800002034, 21393.25341805296], [25.675017300003674, 21393.25341805296], [29.980943900001876, 21393.25341805297], [30.02854930000467, 21389.284554119433], [30.06020250000438, 21384.896045726713], [30.149347400001716, 21381.504294818442], [30.19508560000395, 21380.832620973604], [34.49928600000567, 21380.62071744306], [44.93424880000384, 21379.516792959887]]",59.9587362,59.09375,0.9855736418940731,False,48.1,715.8984375,2,,,,,eaa3f86d9312c0970ce9,1283.0,1283.0,,,7.039143499991042,22.708085399848642,"{""interior"": 954, ""fronteira"": 163, ""liberacao"": 55, ""regret"": 111, ""abertura"": 0}","{""interior"": 2, ""fronteira"": 2, ""liberacao"": 2, ""regret"": 0, ""abertura"": 0}",5.129962999941199,29.980740600003628,21393.25341805297,284.0
uniforme_m30_n150_r3.0_s1001,uniforme,3.0,30,150,hibrido:gnn,21381.244447012792,True,-1,0,60.0,59.9608157,0.0,22172.178295266058,21077.5413209808,gap,"[[0.38220060000458034, 26953.750031938675], [0.5956810000061523, 24740.850287056925], [0.8068239000058384, 24425.68604440559], [1.4282883000050788, 22453.379423045502], [5.4933589000065695, 22149.117734762996], [5.494592200004263, 22146.920335063467], [5.5057962000064435, 21439.283531995534], [8.054336900007911, 21439.283531995534], [9.258669400005601, 21439.283531995512], [14.268145600006392, 21439.283531995534], [16.89059080000152, 21439.283531995512], [18.160864199999196, 21439.283531995534], [26.470155299997714, 21439.283531995512], [29.980559299998276, 21439.28353199553], [30.018791900001816, 21437.421455156902], [30.557630499999505, 21421.459460259255], [30.97112200000265, 21416.854008565842], [31.115438000000722, 21415.269123718048], [32.36464220000198, 21411.981617767196], [32.876412899997376, 21404.015485766096], [33.492041799996514, 21397.30721172927], [35.20670979999704, 21393.86623964592], [35.22066590000031, 21392.66541700348], [36.020313299995905, 21391.007807462836], [38.33475329999783, 21389.043939595253], [41.290012699995714, 21381.244447012792]]",59.9608157,59.171875,0.9868423954746166,False,56.8,735.0703125,4,,,,,eaa3f86d9312c0970ce9,284.0,284.0,,,1.6216255000545061,28.28730469999573,"{""interior"": 75, ""fronteira"": 63, ""liberacao"": 65, ""regret"": 37, ""abertura"": 44}","{""interior"": 0, ""fronteira"": 1, ""liberacao"": 6, ""regret"": 1, ""abertura"": 4}",0.0,29.98030899999867,21439.28353199553,166.0
uniforme_m30_n150_r3.0_s1001,uniforme,3.0,30,150,hibrido:gnn,21626.80206552459,True,-1,1,60.0,60.0133385,0.01333850000000325,22172.178295266058,21077.5413209808,gap,"[[0.2756892999896081, 26953.750031938675], [0.48057519999565557, 24740.850287056925], [0.6841559999957099, 24425.68604440559], [1.3415685999934794, 22453.379423045502], [3.892669199994998, 22420.91569823028], [3.8931862999961595, 22363.376364550626], [4.069816499992157, 22269.194087379965], [4.731249899989052, 22204.922786636675], [4.736763099994278, 22190.174762251612], [4.741093199991155, 22173.184249724254], [5.148937699996168, 21708.005643511042], [8.085705699995742, 21708.005643511042], [9.177389599994058, 21666.612829021422], [9.178906499997538, 21640.386011739105], [14.164123199989263, 21640.386011739105], [18.19816219999484, 21640.386011739105], [30.024091499995848, 21640.38601173911], [30.079863099992508, 21639.18518909667], [32.50925899999129, 21632.094254182433], [34.36967889999505, 21628.45967506523], [34.4022760999942, 21626.80206552459]]",60.0133385,58.234375,0.9703571981752024,False,75.0,715.8984375,2,,,,,eaa3f86d9312c0970ce9,322.0,322.0,,,2.619866600158275,27.272159599975566,"{""interior"": 101, ""fronteira"": 69, ""liberacao"": 62, ""regret"": 43, ""abertura"": 47}","{""interior"": 0, ""fronteira"": 0, ""liberacao"": 1, ""regret"": 0, ""abertura"": 3}",0.0,30.02375509999547,21640.38601173911,302.0
uniforme_m30_n150_r3.0_s1001,uniforme,3.0,30,150,hibrido:gnn,21387.38758508263,True,-1,2,60.0,59.9884395,0.0,22172.178295266058,21077.5413209808,gap,"[[0.3797788000010769, 26953.750031938675], [0.6852553999997326, 24740.850287056925], [0.944861399999354, 24425.68604440559], [1.6453731000001426, 22529.50662799137], [1.73364379999839, 22478.620900970396], [3.4198147999995854, 22213.81392698336], [4.661328399997728, 21455.772141680223], [4.689147600001888, 21446.83152936226], [8.04184809999424, 21446.83152936226], [9.195637199991324, 21446.831529362247], [14.201810699996713, 21446.83152936226], [18.33191259999876, 21446.83152936226], [27.58777349999582, 21446.831529362247], [30.000430000007327, 21446.83152936226], [30.046647600007418, 21445.384054981296], [30.254478000002564, 21420.50902612751], [30.463086800002202, 21418.924141279716], [31.57544850000704, 21392.383652053373], [37.47644360000413, 21390.041300589906], [41.84575000000768, 21387.38758508263]]",59.9884395,58.578125,0.9764902285881265,False,65.7,735.0703125,4,,,,,eaa3f86d9312c0970ce9,426.0,426.0,,,2.458712299921899,27.42742649995489,"{""interior"": 125, ""fronteira"": 91, ""liberacao"": 93, ""regret"": 55, ""abertura"": 62}","{""interior"": 0, ""fronteira"": 0, ""liberacao"": 5, ""regret"": 0, ""abertura"": 1}",0.0,30.0001837000018,21446.83152936226,236.0
uniforme_m30_n150_r3.0_s1001,uniforme,3.0,30,150,hibrido:rotacao,21346.720211371856,True,-1,0,60.0,59.9602004,0.0,22172.178295266058,21077.5413209808,gap,"[[0.23202650000166614, 26953.750031938675], [0.46694420000130776, 24740.850287056925], [0.6729254000019864, 24425.68604440559], [1.2260430000023916, 22453.379423045502], [4.423483500002476, 22149.117734762996], [4.424564000000828, 22146.920335063467], [4.425993400000152, 21439.283531995534], [7.205080899999302, 21403.01380008141], [8.071368600001733, 21403.01380008141], [9.072593700002471, 21403.013800081393], [12.753388700002688, 21360.521584605962], [14.084992399999464, 21360.521584605962], [15.906681199994637, 21360.521584605955], [18.283060500005377, 21360.521584605962], [22.406126800000493, 21360.521584605955], [24.953238700007205, 21360.521584605955], [30.000671399997373, 21360.521584605947], [30.18340779999562, 21356.41114140945], [30.35784699999931, 21346.720211371856]]",59.9602004,59.875,0.9985790507798236,False,51.9,712.03125,6,,,,,eaa3f86d9312c0970ce9,336.0,336.0,,,0.5193516000217642,29.367162300004566,"{""interior"": 84, ""fronteira"": 84, ""liberacao"": 84, ""regret"": 84, ""abertura"": 0}","{""interior"": 2, ""fronteira"": 0, ""liberacao"": 0, ""regret"": 0, ""abertura"": 0}",0.0,30.000465299999632,21360.521584605947,431.0
uniforme_m30_n150_r3.0_s1001,uniforme,3.0,30,150,hibrido:rotacao,21626.80206552459,True,-1,1,60.0,59.9979516,0.0,22172.178295266058,21077.5413209808,gap,"[[0.25060380000650184, 26953.750031938675], [0.462195400003111, 24740.850287056925], [0.6752640000049723, 24425.68604440559], [1.414371700004267, 22453.379423045502], [3.9839835000020685, 22420.91569823028], [3.9845442000078037, 22363.376364550626], [4.1889028000077815, 22269.194087379965], [4.93951420000667, 22204.922786636675], [4.94801570000709, 22190.174762251612], [4.951819000001706, 22173.184249724254], [5.416020600001502, 21708.005643511042], [8.076934900003835, 21708.005643511042], [9.42238720000023, 21666.612829021422], [9.424556400001165, 21640.386011739105], [14.287085400006617, 21640.386011739105], [18.118050800003402, 21640.386011739105], [30.00173100000393, 21640.38601173911], [30.04663540000911, 21633.295076824874], [30.431965800002217, 21632.094254182433], [30.831854900003236, 21629.827250496564], [32.56239280000591, 21626.80206552459]]",59.9979516,59.328125,0.9888358421889857,False,56.9,715.8984375,2,,,,,eaa3f86d9312c0970ce9,431.0,431.0,,,0.7079022999387234,29.193693199951667,"{""interior"": 108, ""fronteira"": 108, ""liberacao"": 108, ""regret"": 107, ""abertura"": 0}","{""interior"": 0, ""fronteira"": 4, ""liberacao"": 0, ""regret"": 0, ""abertura"": 0}",0.0,30.00153880000289,21640.38601173911,235.0
uniforme_m30_n150_r3.0_s1001,uniforme,3.0,30,150,hibrido:rotacao,21378.77577245953,True,-1,2,60.0,59.9510623,0.0,22172.178295266058,21077.5413209808,gap,"[[0.3440807000006316, 26953.750031938675], [0.5964785999967717, 24740.850287056925], [0.8023737999974401, 24425.68604440559], [1.418262599996524, 22529.50662799137], [1.4827939999959199, 22478.620900970396], [3.081015700001444, 22213.81392698336], [4.33538569999655, 21455.772141680223], [4.363796199999342, 21446.83152936226], [7.083446899996488, 21446.83152936226], [8.288306199996441, 21446.831529362247], [13.145608499988157, 21446.83152936226], [17.114172099987627, 21446.83152936226], [23.423864699987462, 21446.831529362247], [30.00212869999814, 21446.83152936226], [30.27071060000162, 21427.914198404807], [30.822001900000032, 21405.156015231023], [30.99519760000112, 21401.491497569976], [31.028144800002337, 21399.064604498693], [31.32319589999679, 21396.10605348309], [31.623521800000162, 21389.65057405079], [32.90465530000074, 21388.13992148199], [33.72232570000051, 21386.583463106603], [33.88928180000221, 21378.77577245953]]",59.9510623,59.9375,0.9997737771529029,False,49.1,712.03125,6,,,,,eaa3f86d9312c0970ce9,479.0,479.0,,,0.7634908999752952,29.082691599978716,"{""interior"": 120, ""fronteira"": 120, ""liberacao"": 120, ""regret"": 119, ""abertura"": 0}","{""interior"": 1, ""fronteira"": 3, ""liberacao"": 5, ""regret"": 0, ""abertura"": 0}",0.0,30.001927199999045,21446.83152936226,201.0
uniforme_m30_n150_r3.0_s1001,uniforme,3.0,30,150,lns,22501.64991690922,True,-1,0,60.0,60.01772,0.01771999999999707,22172.178295266058,21077.5413209808,gap,"[[1.825456899998244, 23278.970434208404], [2.5068135999972583, 22670.125763131746], [4.072615600001882, 22611.5350377796], [5.2182772000014666, 22501.64991690922]]",60.01772,59.328125,0.9885101433376676,False,51.1,735.0703125,4,0.0,False,1.0,1.0,eaa3f86d9312c0970ce9,,,,,,,,,,,,
uniforme_m30_n150_r3.0_s1001,uniforme,3.0,30,150,lns,22564.07258861816,True,-1,1,60.0,60.0069892,0.006989199999999585,22172.178295266058,21077.5413209808,gap,"[[2.0908326000062516, 23278.970434208404], [19.958197700005258, 22673.72704380055], [20.61978470000031, 22665.216800812028], [29.691799300002458, 22564.07258861816]]",60.0069892,58.6875,0.9780110747499393,False,57.4,715.8984375,2,0.0,False,1.0,1.0,eaa3f86d9312c0970ce9,,,,,,,,,,,,
uniforme_m30_n150_r3.0_s1001,uniforme,3.0,30,150,lns,22176.599262755983,True,-1,2,60.0,60.511213,0.5112129999999979,22172.178295266058,21077.5413209808,gap,"[[2.4875835999991978, 23278.970434208404], [34.24456800000189, 22467.599522833923], [36.96244000000297, 22371.212912929688], [37.298770300003525, 22260.604757765603], [38.98204760000226, 22176.599262755983]]",60.511213,59.453125,0.9825141829498609,False,57.3,735.0703125,4,0.0,False,1.0,1.0,eaa3f86d9312c0970ce9,,,,,,,,,,,,
uniforme_m30_n150_r3.0_s1001,uniforme,3.0,30,150,warm_classico,22172.178295266058,True,-1,0,60.0,58.0483964,0.0,22172.178295266058,21077.5413209808,gap,"[[1.3740506999965874, 23278.970434208404], [2.012795199996617, 22670.125763131746], [3.618963900000381, 22611.5350377796], [4.720225699995353, 22501.64991690922], [6.176311799994437, 22501.64991690923], [13.201543299997866, 22172.178295266083]]",58.0483964,57.5625,0.9916294604134835,False,65.6,712.03125,6,111.0,False,1.0,2.0,eaa3f86d9312c0970ce9,,,,,,,,,,,,
uniforme_m30_n150_r3.0_s1002,uniforme,3.0,30,150,adaptativa:gnn,19269.794631460514,True,0,0,60.0,59.0017298,0.0,20469.52760237707,19182.2644885139,gap,"[[0.3442609000048833, 25216.13808280527], [0.5612585000053514, 23478.777309513313], [0.614988600005745, 20701.712301112297], [0.9743583000017679, 20650.066109231168], [5.0911704000027385, 20101.09941567046], [7.837464200005343, 20090.438011749095], [10.849754900002154, 19584.242551959327], [12.530549400005839, 19441.37698282819], [14.033075000006647, 19406.434185985552], [14.10538830000587, 19283.257997585893], [14.541333400004078, 19283.25799758589], [14.833177600005001, 19270.575500362473], [14.843587700008356, 19270.575500362476], [15.044082200009143, 19270.575500362484], [16.263097100003506, 19270.575500362458], [17.418997400003718, 19270.575500362458], [19.782705400008126, 19270.575500362458], [25.25601270000334, 19269.794631460514], [26.08059730000241, 19269.79463146053], [28.392246900002647, 19269.794631460514], [29.537620600000082, 19269.794631460514], [30.779094099998474, 19269.794631460514], [35.276122200004465, 19269.79463146053], [39.22217919999821, 19269.794631460514], [42.198003000004974, 19269.794631460514], [43.90006700000231, 19269.794631460514]]",59.0017298,58.265625,0.9875240132366424,False,58.8,735.0703125,4,218.0,False,1.0,4.0,eaa3f86d9312c0970ce9,,,,,,,,,,,,
uniforme_m30_n150_r3.0_s1002,uniforme,3.0,30,150,clns:alns,19788.616647296334,True,-1,0,60.0,59.9930989,0.0,20469.52760237707,19182.2644885139,gap,"[[0.20649179999600165, 33554.968442763886], [0.28181279999989783, 28903.40508618732], [0.2978590999991866, 28754.254928825358], [0.34467250000307104, 28712.14385564941], [0.9975580000027549, 27754.292097395562], [1.399336399997992, 25834.668373385728], [1.5125218000030145, 24254.97508215616], [1.9995837999958894, 23892.63459655946], [2.0467294999980368, 23667.198220747767], [2.1590147000024444, 20904.08444950955], [2.3686535000015283, 20808.864208911815], [2.3978531999964616, 20802.99873116968], [2.993422699997609, 20791.9836855214], [3.130533800002013, 20790.732019084637], [3.54766550000204, 20028.503764467565], [4.030482000001939, 20024.70969621042], [4.05247270000109, 19974.2919707951], [4.06550309999875, 19958.227304263324], [4.083002400002442, 19923.150150810412], [4.097911799995927, 19902.504250232974], [4.399381499999436, 19849.481850503114], [4.717038499999035, 19842.86381765149], [5.140541900000244, 19836.803884420813], [5.37843669999711, 19827.62619019785], [5.714742899996054, 19821.33208777636], [6.012902199996461, 19819.853732332573], [6.152150100002473, 19804.596058332438], [7.247244600002887, 19801.724717813093], [8.9191565000001, 19792.00553663209], [9.986698900000192, 19790.226028347897], [19.365560300000652, 19788.616647296334]]",59.9930989,59.46875,0.9912598463887652,False,67.3,712.03125,6,,,,,eaa3f86d9312c0970ce9,328.0,328.0,0.20386750000034226,0.0026222000014968216,0.6868922000649036,59.002429599939205,"{""interior"": 72, ""fronteira"": 98, ""liberacao"": 97, ""regret"": 61, ""abertura"": 0}","{""interior"": 6, ""fronteira"": 7, ""liberacao"": 13, ""regret"": 4, ""abertura"": 0}",0.0,,,
uniforme_m30_n150_r3.0_s1002,uniforme,3.0,30,150,clns:alns,19782.046738109784,True,-1,1,60.0,59.9971706,0.0,20469.52760237707,19182.2644885139,gap,"[[0.1272402999966289, 33554.968442763886], [0.16334490000008373, 31844.246234722596], [0.23448069999722065, 26713.235210618477], [0.2450650999962818, 26435.40616536163], [0.2724674999990384, 26432.73072175271], [0.2898170999978902, 26345.462039997434], [0.6505652999985614, 24766.563410993185], [0.6669754999966244, 24754.066157024627], [0.7369064000013168, 24749.612984585154], [0.8253762999956962, 22662.784804939995], [1.236000500000955, 21828.98690593309], [1.3208643999969354, 21813.942374709994], [1.4203949000002467, 20732.915917001126], [1.4323044999982812, 20732.634941436783], [1.5507875999974203, 20690.893089953468], [1.6350500999978976, 20670.94329923354], [1.7516173999974853, 20666.86179244557], [1.7831432999955723, 20656.382875567473], [3.258118799996737, 20646.622000085626], [4.3164198999947985, 20642.017499310954], [5.009791299999051, 20221.315982938133], [5.265328900000895, 20170.45830335215], [5.279922199995781, 20140.927557620715], [5.297017799995956, 20135.931791534364], [6.101049299999431, 20127.990096534737], [6.135202199999185, 20091.03850690274], [6.220438099997409, 20060.538827600452], [6.277854299994942, 20054.466245740736], [6.9235146999999415, 20040.33670756448], [7.269870699994499, 20023.558263203526], [7.564234199999191, 20021.502570003857], [9.189630900000338, 19952.81199471915], [9.214918599995144, 19946.280273517405], [9.998075899995456, 19924.872324475095], [10.586091999997734, 19917.573636985224], [11.23945129999629, 19901.403719437614], [11.996981699994649, 19900.342269529785], [12.140441399998963, 19872.37999096963], [12.520449199997529, 19863.864684225176], [13.222454199996719, 19860.88901583202], [13.272366299999703, 19821.45800540691], [13.457149499998195, 19796.396676583172], [13.639821500000835, 19790.547293892276], [13.917368199996417, 19783.100735566393], [15.60593869999866, 19782.046738109784]]",59.9971706,57.484375,0.9581180983224565,False,66.6,715.8984375,2,,,,,eaa3f86d9312c0970ce9,607.0,607.0,0.12495879999914905,0.0022807000059401616,1.2822109000262571,58.4334344999661,"{""interior"": 154, ""fronteira"": 146, ""liberacao"": 160, ""regret"": 147, ""abertura"": 0}","{""interior"": 7, ""fronteira"": 9, ""liberacao"": 20, ""regret"": 8, ""abertura"": 0}",0.0,,,
uniforme_m30_n150_r3.0_s1002,uniforme,3.0,30,150,clns:alns,19784.981217294586,True,-1,2,60.0,59.952723,0.0,20469.52760237707,19182.2644885139,gap,"[[0.12884080000367248, 33554.968442763886], [0.16810500000428874, 29417.41072797706], [0.18166719999862835, 29394.030086401785], [0.19118020000314573, 29175.683226374844], [0.21768790000351146, 28938.053444408702], [0.2281451000017114, 28908.86325263777], [0.4409624000036274, 25109.739948226154], [0.47068859999853885, 25100.237136360847], [0.9961433999997098, 25091.244838421757], [1.301453699998092, 23801.584971331147], [1.720610199998191, 23782.261582225867], [3.309565100003965, 21765.0754863341], [3.682600600004662, 21617.869404713245], [3.718161400000099, 21599.737125472355], [3.7462292999989586, 21591.618560374736], [4.177141500003927, 21069.25238122813], [4.436488200000895, 21060.27553946274], [4.450882299999648, 21028.310592756497], [4.504787099998794, 21001.32386298237], [4.55937460000132, 20982.40482851736], [4.999187499997788, 20865.871800850095], [5.16805320000276, 20853.338041518917], [5.211998400001903, 20022.575893223624], [5.22472949999792, 19985.407329954265], [5.269922799998312, 19851.144967939013], [5.719055400004436, 19847.380033398953], [5.77230860000418, 19845.37082739378], [7.870713199998136, 19840.0874164185], [8.313170200002787, 19839.639587472906], [8.45477899999969, 19821.945682414575], [8.998319899998023, 19820.027680338848], [9.803188099998806, 19816.759709205464], [10.048471800000698, 19784.981217294586]]",59.952723,59.90625,0.9992248392120572,False,52.7,712.03125,6,,,,,eaa3f86d9312c0970ce9,678.0,678.0,0.12765619999845512,0.0011840000006486662,1.152604099974269,58.52776699994138,"{""interior"": 148, ""fronteira"": 176, ""liberacao"": 174, ""regret"": 180, ""abertura"": 0}","{""interior"": 6, ""fronteira"": 5, ""liberacao"": 11, ""regret"": 10, ""abertura"": 0}",0.0,,,
uniforme_m30_n150_r3.0_s1002,uniforme,3.0,30,150,clns:aprendido,19922.73746928102,True,-1,0,60.0,60.0754125,0.07541249999999877,20469.52760237707,19182.2644885139,gap,"[[0.12224430000060238, 33554.968442763886], [0.16202569999586558, 31283.68513201479], [0.18947109999862732, 28903.40508618732], [0.23378149999916786, 27071.50467249759], [0.3040793999971356, 24094.56172430132], [0.3493847999998252, 22750.042862281836], [2.4753683999952045, 20124.009059170632], [5.079098299996986, 20108.986281762307], [6.354478199995356, 20027.59309273669], [6.469822399994882, 20004.051140566233], [6.6418731000012485, 19925.998252900754], [6.79087929999514, 19922.73746928102]]",60.0754125,60.0,0.9987447027517289,False,56.2,712.03125,6,,,,,eaa3f86d9312c0970ce9,146.0,146.0,0.12109719999716617,0.0011467000003904104,0.8375763999938499,59.074869599986414,"{""interior"": 13, ""fronteira"": 16, ""liberacao"": 42, ""regret"": 75, ""abertura"": 0}","{""interior"": 1, ""fronteira"": 6, ""liberacao"": 4, ""regret"": 0, ""abertura"": 0}",0.6168851000038558,,,
uniforme_m30_n150_r3.0_s1002,uniforme,3.0,30,150,clns:aprendido,20552.56393234021,True,-1,1,60.0,59.9981253,0.0,20469.52760237707,19182.2644885139,gap,"[[0.148933999997098, 33554.968442763886], [0.19784809999691788, 30449.82581766222], [0.24035980000189738, 25827.888018134923], [0.2682362999985344, 24038.556962915896], [0.31659660000150325, 22691.646164573616], [3.997256299997389, 22020.145603567777], [5.000071800001024, 21763.84268108378], [5.012527699997008, 21763.716323598557], [5.201118699995277, 21710.208131848558], [5.2345392999995966, 21698.966317945036], [5.252677399999811, 21695.894812243387], [5.997170099995856, 21639.439117304108], [6.826275200000964, 21073.48035462963], [6.8587379999953555, 20995.95562776289], [6.888008399997489, 20865.198508756952], [6.91724869999598, 20847.167022024332], [8.006056699996407, 20604.710174326567], [8.372625799995149, 20583.781960737902], [21.903808299997763, 20555.98096399215], [27.008343399997102, 20552.56393234021]]",59.9981253,59.765625,0.9961248739216857,False,53.7,735.0703125,4,,,,,eaa3f86d9312c0970ce9,220.0,220.0,0.14755159999913303,0.0013818000006722286,1.367654300025606,58.41921770009503,"{""interior"": 138, ""fronteira"": 74, ""liberacao"": 5, ""regret"": 3, ""abertura"": 0}","{""interior"": 4, ""fronteira"": 7, ""liberacao"": 5, ""regret"": 3, ""abertura"": 0}",1.0268937000000733,,,
uniforme_m30_n150_r3.0_s1002,uniforme,3.0,30,150,clns:aprendido,19814.886376228722,True,-1,2,60.0,59.9929601,0.0,20469.52760237707,19182.2644885139,gap,"[[0.20877939999627415, 33554.968442763886], [0.2855714999968768, 29417.41072797706], [0.36781619999965187, 26383.861527732985], [0.4230787999986205, 24646.388800857232], [1.8892141999967862, 24576.35595579528], [3.028651599997829, 22649.957254807712], [3.0468433999994886, 22611.62994115471], [9.450298099996871, 22607.00164642154], [9.564812399999937, 22606.40810362825], [10.541215099998226, 22391.378794361837], [10.56064250000054, 22390.475787434974], [11.994471400001203, 22385.034225658164], [12.643967899995914, 21371.523140387988], [12.847946499998216, 20267.126924052736], [12.94742319999932, 20265.68427629424], [14.472110099995916, 19985.122407404386], [14.49040149999928, 19977.289284399638], [14.52483619999839, 19951.879201089418], [14.542213699998683, 19944.577107756035], [16.498381600002176, 19896.1883116327], [17.227041899997857, 19861.94238479303], [17.260212399996817, 19858.444476480843], [17.428533899998, 19857.19281004408], [22.16337580000254, 19836.88074125102], [22.32520829999703, 19825.78037648135], [22.656302800001868, 19818.81413356415], [22.795406400000502, 19815.353918064055], [55.600860899998224, 19814.886376228722]]",59.9929601,58.625,0.9771979896021167,False,56.8,715.8984375,2,,,,,eaa3f86d9312c0970ce9,1147.0,1147.0,0.20591889999923296,0.0028593000024557114,7.665194500128564,51.85361220014602,"{""interior"": 416, ""fronteira"": 150, ""liberacao"": 57, ""regret"": 524, ""abertura"": 0}","{""interior"": 6, ""fronteira"": 8, ""liberacao"": 11, ""regret"": 2, ""abertura"": 0}",5.574508600126137,,,
uniforme_m30_n150_r3.0_s1002,uniforme,3.0,30,150,clns:gnn,19735.694382175912,True,-1,0,60.0,60.0092965,0.00929649999999782,20469.52760237707,19182.2644885139,gap,"[[0.21822570000222186, 33554.968442763886], [0.2758858000015607, 30558.007139500914], [0.31058350000239443, 29044.60193788191], [0.3479458000001614, 26293.881899103828], [0.37309449999884237, 25920.77656983164], [0.4348699999973178, 24462.402629018805], [0.5649572999973316, 24455.568871363354], [0.749861600001168, 24449.994498004406], [1.13636779999797, 23240.55776876436], [1.5853938000000198, 20927.58002582223], [1.6448253999988083, 20922.106246075564], [1.7350699000016903, 20874.374218041223], [1.886484599999676, 20869.665164487702], [2.041751500000828, 20658.370710646665], [2.4713734999968437, 19779.850627417225], [2.496272800002771, 19755.07906814468], [2.559142799997062, 19745.644831408317], [2.778056999995897, 19745.583092031404], [3.30049219999637, 19744.438838926446], [4.322244999995746, 19735.694382175912]]",60.0092965,56.21875,0.9368340120434506,False,86.3,735.0703125,4,,,,,eaa3f86d9312c0970ce9,646.0,646.0,0.21599089999654097,0.0022332000007736497,6.088687600029516,53.4863794001285,"{""interior"": 204, ""fronteira"": 137, ""liberacao"": 117, ""regret"": 103, ""abertura"": 85}","{""interior"": 4, ""fronteira"": 2, ""liberacao"": 4, ""regret"": 6, ""abertura"": 3}",0.0,,,
uniforme_m30_n150_r3.0_s1002,uniforme,3.0,30,150,clns:gnn,20417.567392893754,True,-1,1,60.0,60.0032237,0.0032236999999994964,20469.52760237707,19182.2644885139,gap,"[[0.13853999999992084, 33554.968442763886], [0.17209890000231098, 30449.82581766222], [0.2213093000027584, 29038.10144960641], [0.23983650000445778, 27351.691052304406], [0.2799202000023797, 24530.938168464378], [0.29973050000262447, 24457.822065327648], [2.0676523000001907, 24454.40616605321], [4.2674279999991995, 23358.41604938064], [4.308534800002235, 23278.110113427], [6.001895800000057, 22491.007209632313], [6.034076000003552, 22475.469733982012], [6.070626799999445, 22396.44070245982], [6.209637200001453, 22345.23987845947], [6.5670039000033285, 21356.80043637456], [6.613431700003275, 21289.20889478769], [6.666385500000615, 21242.00952378873], [6.9951635000034, 21098.93437670714], [10.991328500000236, 20632.661387580334], [11.029386000001978, 20631.835004848275], [11.10147059999872, 20630.187328881246], [12.148492699998314, 20612.353243338035], [12.22782770000049, 20611.51232204849], [13.265511400000833, 20609.15568100588], [14.430585399997653, 20609.03539887387], [16.740363500000967, 20598.525431226248], [18.899084000004223, 20569.085788895336], [20.04520649999904, 20555.86192415798], [23.9875422000041, 20507.945297529026], [27.98283210000227, 20494.662486476293], [30.068336900003487, 20486.3067978529], [35.36827840000478, 20452.324037475846], [36.77205640000466, 20436.554993366888], [39.18093790000421, 20436.080231331038], [40.30677360000118, 20434.186948869963], [44.77312610000081, 20429.13064905846], [47.05017729999963, 20424.97071902065], [52.986683600000106, 20417.567392893754]]",60.0032237,56.796875,0.9465637260419393,False,85.6,715.8984375,2,,,,,eaa3f86d9312c0970ce9,376.0,376.0,0.13730819999909727,0.0012311999962548725,3.5621729999693343,56.172423500065634,"{""interior"": 98, ""fronteira"": 59, ""liberacao"": 63, ""regret"": 84, ""abertura"": 72}","{""interior"": 8, ""fronteira"": 6, ""liberacao"": 12, ""regret"": 5, ""abertura"": 5}",0.0,,,
uniforme_m30_n150_r3.0_s1002,uniforme,3.0,30,150,clns:gnn,19745.498476175246,True,-1,2,60.0,60.0058743,0.005874300000002108,20469.52760237707,19182.2644885139,gap,"[[0.16939170000114245, 33554.968442763886], [0.2123176000022795, 30558.007139500914], [0.24182289999589557, 29044.60193788191], [0.2701872999969055, 27880.41243983074], [0.2868315000014263, 27507.30711055855], [0.3614453999980469, 26048.933169745713], [0.44823129999713274, 24502.026208311152], [0.5271878999992623, 24495.192450655704], [0.6786109000022407, 24483.820640589038], [0.9499417999977595, 23343.832071253226], [1.1457655999984127, 20992.175109531763], [1.1726118000005954, 20947.077750492746], [1.2664224999971339, 20899.345722458405], [1.349936999999045, 20894.636668904885], [1.7370147999972687, 19770.469980592432], [4.912017700000433, 19760.926808302087], [7.756383899999491, 19752.03019737699], [9.585723799995321, 19745.498476175246]]",60.0058743,57.734375,0.9621453844894648,False,81.4,715.8984375,2,,,,,eaa3f86d9312c0970ce9,523.0,523.0,0.1670804000023054,0.0023093999989214353,4.718923100008396,54.946194099895365,"{""interior"": 170, ""fronteira"": 105, ""liberacao"": 97, ""regret"": 86, ""abertura"": 65}","{""interior"": 5, ""fronteira"": 1, ""liberacao"": 5, ""regret"": 4, ""abertura"": 2}",0.0,,,
uniforme_m30_n150_r3.0_s1002,uniforme,3.0,30,150,clns:rotacao,20057.260024123832,True,-1,0,60.0,59.9931466,0.0,20469.52760237707,19182.2644885139,gap,"[[0.20040389999485342, 33554.968442763886], [0.24866289999772562, 33449.80792817176], [0.29333789999509463, 30119.736654834982], [0.5076135999988765, 26527.74446613187], [0.8413151999993715, 26480.43514441701], [0.9950623999975505, 25519.085615924218], [1.0227986999962013, 25506.62409291471], [1.0771875999998883, 25105.877909378807], [2.0273683999985224, 25104.87182029776], [2.1736768999980995, 22520.211505063555], [2.2476517999966745, 22511.342562654187], [2.631549699995958, 21488.186397472673], [2.655274799995823, 21454.193750310344], [2.7228525999962585, 21422.351832032524], [2.8990155999999843, 21388.58795880517], [4.032747299999755, 21367.51663284172], [5.932610999996541, 20142.183792095828], [6.0472417999990284, 20139.51306008851], [7.497557099995902, 20108.915694830244], [7.515434499997355, 20108.494279276474], [7.629088800000318, 20096.270569997556], [7.665569699995103, 20088.620992218996], [7.762927799994941, 20086.69245841822], [7.852830599993467, 20063.900995435815], [8.099991499999305, 20057.260024123832]]",59.9931466,59.78125,0.9964679865616517,False,60.5,712.03125,6,,,,,eaa3f86d9312c0970ce9,907.0,907.0,0.19808029999694554,0.0023225000040838495,1.5898720999466605,57.99952479998319,"{""interior"": 227, ""fronteira"": 227, ""liberacao"": 227, ""regret"": 226, ""abertura"": 0}","{""interior"": 1, ""fronteira"": 7, ""liberacao"": 10, ""regret"": 6, ""abertura"": 0}",0.0,,,
uniforme_m30_n150_r3.0_s1002,uniforme,3.0,30,150,clns:rotacao,20787.039531600458,True,-1,1,60.0,59.9748161,0.0,20469.52760237707,19182.2644885139,gap,"[[0.15456290000292938, 33554.968442763886], [0.19683120000263443, 33321.71088514665], [0.217547200001718, 33254.6662186397], [0.24711450000177138, 31452.95096084626], [0.2596034000016516, 31438.44305805509], [0.2697528999997303, 31437.80510284475], [0.4514414000004763, 28656.38180580668], [0.9796064000038314, 27980.645344324756], [0.9947809000004781, 27820.460696324626], [1.0166212000040105, 27782.83376571648], [1.0703573999999207, 26264.283602118994], [1.531047500000568, 24868.283012252934], [1.6812269000001834, 24827.254385280856], [3.9940291000020807, 24201.998946844084], [4.023255700005393, 22802.259331955884], [4.047005000000354, 22737.233628004833], [4.087731400002667, 22599.908351650167], [4.982021600000735, 22416.95608203426], [5.071432900003856, 22389.839854260492], [5.978541399999813, 21760.067313993488], [5.998274199999287, 21738.24119826385], [6.01994740000373, 21722.042812920532], [6.057836899999529, 21700.417893645015], [6.9271458000002895, 21619.024596455114], [9.075133900005312, 21618.254901402906], [9.976200800003426, 20996.4430287634], [9.99458869999944, 20993.780928237444], [10.010333300000639, 20982.528295104363], [10.80140129999927, 20973.443918850164], [12.9762422000058, 20965.03784539366], [13.021912399999565, 20960.84587828049], [13.125724500001525, 20947.720464818387], [13.417950300005032, 20900.72736306839], [13.46834750000562, 20898.25120447377], [14.228333099999873, 20882.24106785716], [16.069048199999088, 20863.70519156345], [17.975345900005777, 20836.067884784403], [25.21214350000082, 20787.039531600458]]",59.9748161,59.234375,0.9876541330486881,False,59.3,715.8984375,2,,,,,eaa3f86d9312c0970ce9,354.0,354.0,0.1533153999989736,0.0012468999993870966,0.607227400134434,59.11796959993808,"{""interior"": 89, ""fronteira"": 89, ""liberacao"": 88, ""regret"": 88, ""abertura"": 0}","{""interior"": 6, ""fronteira"": 12, ""liberacao"": 14, ""regret"": 5, ""abertura"": 0}",0.0,,,
uniforme_m30_n150_r3.0_s1002,uniforme,3.0,30,150,clns:rotacao,19880.831080052787,True,-1,2,60.0,60.0155202,0.01552019999999743,20469.52760237707,19182.2644885139,gap,"[[0.22882779999781633, 33554.968442763886], [0.2920959999974002, 32030.148923298504], [0.34216599999490427, 31792.51914133236], [0.9972236999965389, 29222.64163577436], [1.0438116999939666, 27536.46963454272], [1.074861899993266, 26922.9017537682], [1.2712088999978732, 26775.081387036684], [1.3643377999978838, 24924.961278177077], [1.466845099996135, 24886.4574244981], [1.6375973999965936, 23670.687442965514], [1.6850529999937862, 22650.882573568902], [1.7031635999956052, 22627.910055676708], [3.0171277999979793, 21547.033264253965], [3.05067159999453, 21541.667592345617], [3.126654599996982, 21380.06618221249], [4.001592199994775, 20777.936605459814], [4.023233699997945, 20700.519403696602], [4.08881719999772, 20560.745365665887], [5.033634599996731, 20520.36827128815], [5.519137499999488, 19928.54803658609], [5.546899599998142, 19915.607350985778], [5.603637299995171, 19900.11811504641], [6.898952499999723, 19893.413727963245], [12.957430799993745, 19891.699899003805], [12.98073149999982, 19888.14884607405], [14.712988099992799, 19885.79806361463], [18.038796099994215, 19882.166452006415], [22.343784799995774, 19880.988843347375], [41.05118979999679, 19880.831080052787]]",60.0155202,57.125,0.9518371216250826,False,80.5,715.8984375,2,,,,,eaa3f86d9312c0970ce9,319.0,319.0,0.22636749999946915,0.0024587000007159077,0.733420000076876,58.948087400021905,"{""interior"": 80, ""fronteira"": 80, ""liberacao"": 80, ""regret"": 79, ""abertura"": 0}","{""interior"": 2, ""fronteira"": 7, ""liberacao"": 11, ""regret"": 8, ""abertura"": 0}",0.0,,,
uniforme_m30_n150_r3.0_s1002,uniforme,3.0,30,150,completo,19992.90336069526,True,-1,0,60.0,56.9739093,0.0,20469.52760237707,19182.2644885139,gap,"[[0.4364094000047771, 54738.431783648324], [2.442529400002968, 28876.46104001791], [2.7375188000005437, 26353.088605430934], [2.7392372000031173, 24148.617250439867], [5.966792400002305, 21720.115344313945], [6.897829500005173, 20628.446668924353], [6.977515600003244, 20484.203709115634], [6.979873100004625, 20479.038328219554], [6.985761500000081, 20473.905397400024], [37.511105400000815, 20469.527602377082], [49.76586479999969, 20341.79628716915], [52.39470900000015, 20096.571153718443], [52.484257800002524, 20057.672936898056], [52.64262280000548, 19992.903360695273]]",56.9739093,56.9375,0.9993609478365214,False,53.9,712.03125,6,223.0,False,1.0,1.0,eaa3f86d9312c0970ce9,,,,,,,,,,,,
uniforme_m30_n150_r3.0_s1002,uniforme,3.0,30,150,hibrido:aprendido,19338.453843303167,True,-1,0,60.0,59.9968588,0.0,20469.52760237707,19182.2644885139,gap,"[[0.36873840000043856, 25216.13808280527], [0.5775432000009459, 23478.777309513313], [0.6301889000023948, 20701.712301112297], [0.9843942000006791, 20650.066109231168], [4.544948100003239, 20101.09941567046], [7.3277484999998705, 20090.438011749095], [8.06064730000071, 20090.438011749095], [14.080240299997968, 20090.438011749095], [18.252981299992825, 20090.438011749095], [29.996502599999076, 20090.43801174908], [30.99695999999676, 20067.81847938132], [31.091632199997548, 20021.767112700392], [31.143059000001813, 19990.73872800058], [31.180557699997735, 19986.71599509389], [31.323515199997928, 19562.59578111538], [31.34553120000055, 19542.91065827288], [31.860355199998594, 19524.440302952902], [31.988816600001883, 19519.582362680754], [32.41331380000338, 19508.660227233195], [32.64342420000321, 19501.54429975878], [32.89560959999653, 19500.00055244317], [32.933363199997984, 19493.69319916435], [33.32694520000223, 19474.02519065143], [34.18788679999852, 19359.09303831468], [34.67242350000015, 19343.983642486317], [34.85291310000321, 19340.09860768987], [34.91755869999906, 19338.453843303167]]",59.9968588,59.796875,0.9966667621605549,False,58.9,712.03125,6,,,,,eaa3f86d9312c0970ce9,520.0,520.0,,,2.9990402999319485,26.891110199925606,"{""interior"": 287, ""fronteira"": 66, ""liberacao"": 101, ""regret"": 66, ""abertura"": 0}","{""interior"": 4, ""fronteira"": 6, ""liberacao"": 7, ""regret"": 0, ""abertura"": 0}",2.1661128000050667,29.996313399999053,20090.43801174908,140.0
uniforme_m30_n150_r3.0_s1002,uniforme,3.0,30,150,hibrido:aprendido,19270.57550036247,True,-1,1,60.0,60.0012628,0.0012627999999992312,20469.52760237707,19182.2644885139,gap,"[[0.2591591000018525, 25216.13808280527], [0.4218357999998261, 23478.777309513313], [0.4756093000032706, 20701.712301112297], [0.7763868000038201, 20650.066109231168], [7.949011000004248, 19294.97506736612], [8.05619880001177, 19294.97506736613], [9.506545300013386, 19294.975067366107], [11.47276700000657, 19294.97506736611], [14.123672900001111, 19294.97506736613], [18.499142400010896, 19294.97506736613], [24.40667860001122, 19294.975067366107], [28.24950780000654, 19294.975067366107], [29.007656099995074, 19294.975067366115], [29.419646499998635, 19288.71719102456], [30.36562139999296, 19270.57550036247]]",60.0012628,58.65625,0.9775835917906714,False,78.7,712.03125,6,,,,,eaa3f86d9312c0970ce9,385.0,385.0,,,3.0646878999687033,27.810246600107348,"{""interior"": 215, ""fronteira"": 85, ""liberacao"": 67, ""regret"": 18, ""abertura"": 0}","{""interior"": 0, ""fronteira"": 1, ""liberacao"": 1, ""regret"": 0, ""abertura"": 0}",2.2105553999354015,29.007309699998586,19294.975067366115,184.0
uniforme_m30_n150_r3.0_s1002,uniforme,3.0,30,150,hibrido:aprendido,19710.953417034925,True,-1,2,60.0,59.9995119,0.0,20469.52760237707,19182.2644885139,gap,"[[0.24923729999864008, 25216.13808280527], [0.4035673000034876, 23478.777309513313], [0.44811959999788087, 20701.712301112297], [0.7303578999999445, 20650.066109231168], [4.880347600003006, 20238.305499367867], [6.159491300000809, 20020.457968834602], [6.161660099998699, 19965.529460560196], [8.059504200005904, 19965.529460560196], [14.272663099996862, 19965.529460560196], [18.13898689999769, 19965.529460560196], [29.99748179999733, 19965.52946056018], [30.093852500001958, 19953.51047088033], [30.136195099999895, 19892.217486340305], [30.156012599996757, 19869.90379946118], [30.190434999996796, 19864.961694551883], [30.632108400001016, 19862.39382708756], [30.907038600002124, 19846.94375833391], [33.99481689999811, 19799.681570853078], [34.01378349999868, 19794.53874562149], [34.89427209999849, 19790.072826549414], [34.973920700002054, 19778.589231252867], [35.376024099998176, 19774.337627219356], [38.94290080000064, 19772.79387990374], [40.49835229999735, 19759.189638967524], [42.98727330000111, 19748.08932763285], [47.201396899996325, 19743.623408560772], [49.21726800000033, 19729.963651454964], [59.40345209999941, 19710.953417034925]]",59.9995119,59.375,0.9895913836592394,False,53.0,715.8984375,2,,,,,eaa3f86d9312c0970ce9,707.0,707.0,,,4.317934800048533,25.53824300004635,"{""interior"": 450, ""fronteira"": 49, ""liberacao"": 37, ""regret"": 171, ""abertura"": 0}","{""interior"": 4, ""fronteira"": 2, ""liberacao"": 10, ""regret"": 1, ""abertura"": 0}",3.15187120003975,29.997284600001876,19965.52946056018,243.0
uniforme_m30_n150_r3.0_s1002,uniforme,3.0,30,150,hibrido:gnn,19338.389623760828,True,-1,0,60.0,60.0575303,0.057530300000003365,20469.52760237707,19182.2644885139,gap,"[[0.24619289999827743, 25216.13808280527], [0.42334739999932935, 23478.777309513313], [0.476183899998432, 20701.712301112297], [0.7644740000032471, 20650.066109231168], [3.867022899998119, 20101.09941567046], [6.209411499999987, 20090.438011749095], [8.02470760000142, 20090.438011749095], [14.02116229999956, 20090.438011749095], [18.247043999996094, 20090.438011749095], [29.950063799995405, 20090.43801174908], [30.003270900000643, 20059.885250159885], [30.051813500002027, 19964.481025632867], [30.69175969999924, 19851.758129395188], [30.802895799999533, 19836.623228334065], [31.146661899998435, 19670.990765533596], [31.296654099998705, 19660.491760077195], [32.537271000001056, 19567.619398985742], [32.67887370000244, 19564.33009656539], [32.945572299999185, 19562.107150763724], [33.0312746999989, 19546.9722497026], [33.263318600002094, 19536.050114255046], [33.58504569999786, 19532.025800138526], [35.50859499999933, 19416.310788180646], [36.54976219999662, 19371.062775587194], [36.77719359999901, 19369.508397437196], [38.25072250000085, 19364.98957686551], [38.368096699996386, 19360.6600502238], [39.14866009999969, 19349.816042620143], [39.22816949999833, 19349.311759208384], [39.484690299999784, 19338.389623760828]]",60.0575303,59.84375,0.9964404080731905,False,52.8,735.0703125,4,,,,,eaa3f86d9312c0970ce9,443.0,443.0,,,2.4827645999903325,27.526018900018244,"{""interior"": 131, ""fronteira"": 95, ""liberacao"": 81, ""regret"": 64, ""abertura"": 72}","{""interior"": 0, ""fronteira"": 5, ""liberacao"": 11, ""regret"": 2, ""abertura"": 2}",0.0,29.949714800000947,20090.43801174908,250.0
uniforme_m30_n150_r3.0_s1002,uniforme,3.0,30,150,hibrido:gnn,19816.13220285625,True,-1,1,60.0,59.9974144,0.0,20469.52760237707,19182.2644885139,gap,"[[0.2941932000030647, 25216.13808280527], [0.5005775000026915, 23478.777309513313], [0.5653011000031256, 20701.712301112297], [0.9277058000006946, 20650.066109231168], [8.080788700004632, 20650.066109231168], [14.12981860000582, 20650.066109231168], [18.223800200008554, 20650.066109231168], [24.63799960000324, 20628.44666892435], [30.006331199998385, 20628.446668924338], [30.08870040000329, 20600.96275309296], [30.113529399997788, 20599.069470631886], [30.326166699996975, 20593.373696620634], [30.83114960000239, 20455.031708095346], [34.53186160000041, 20016.461277057027], [34.55460470000253, 19996.270125525516], [34.67553520000365, 19952.8229312703], [34.762803099998564, 19912.603140173615], [35.06577539999853, 19902.66178327887], [35.8565826999984, 19855.982743373024], [35.95732120000321, 19854.686569047593], [39.85312459999841, 19839.25337357242], [40.188520399999106, 19838.87362847412], [41.26194039999973, 19835.413412974027], [43.53905569999915, 19818.02609989886], [51.64451879999979, 19816.13220285625]]",59.9974144,56.515625,0.9419676758603784,False,80.6,735.0703125,4,,,,,eaa3f86d9312c0970ce9,202.0,202.0,,,1.6686756999770296,28.247494799965352,"{""interior"": 47, ""fronteira"": 27, ""liberacao"": 37, ""regret"": 54, ""abertura"": 37}","{""interior"": 2, ""fronteira"": 1, ""liberacao"": 7, ""regret"": 5, ""abertura"": 1}",0.0,30.005971300000965,20628.446668924338,105.0
uniforme_m30_n150_r3.0_s1002,uniforme,3.0,30,150,hibrido:gnn,19724.934894900885,True,-1,2,60.0,59.9997678,0.0,20469.52760237707,19182.2644885139,gap,"[[0.28585080000630114, 25216.13808280527], [0.4578962000014144, 23478.777309513313], [0.508865900003002, 20701.712301112297], [0.814552800002275, 20650.066109231168], [6.385853800005862, 20238.305499367867], [8.112937700003386, 20238.305499367878], [14.468211799998244, 20238.305499367878], [18.222122600003786, 20238.305499367878], [24.75940470000205, 20218.35768637869], [30.00826309999684, 20218.357686378684], [30.068378899995878, 20181.862539183407], [30.132350599997153, 20177.000896576596], [30.218170899999677, 20122.996490603284], [30.254877199993643, 20099.5800788599], [30.345013599995582, 20082.473117297952], [30.49072259999957, 20066.702388724807], [30.736408899996604, 20056.694665595183], [30.994352199995774, 20052.387756661094], [31.11994259999483, 20048.822773148033], [32.30071849999513, 19909.70593261677], [32.33410969999386, 19898.33495851035], [32.47857289999956, 19882.775454181734], [32.697665299994696, 19875.144031693566], [33.10265669999353, 19873.832021535905], [33.834146299996064, 19846.947596017017], [34.575577099996735, 19844.558247341156], [35.16821599999821, 19841.110542543764], [39.20639949999895, 19778.48259552717], [39.57257109999773, 19777.03736482942], [39.98440539999865, 19773.32471289527], [40.05262099999527, 19772.448020241183], [40.23511229999713, 19756.67681487112], [47.57336059999943, 19752.584386132152], [51.07450259999314, 19741.18356556422], [51.4096733999977, 19739.639818248605], [52.84175549999782, 19724.934894900885]]",59.9997678,58.65625,0.9776079500094332,False,80.6,712.03125,6,,,,,eaa3f86d9312c0970ce9,329.0,329.0,,,2.6912132999059395,27.19682549999561,"{""interior"": 114, ""fronteira"": 68, ""liberacao"": 52, ""regret"": 35, ""abertura"": 60}","{""interior"": 4, ""fronteira"": 6, ""liberacao"": 10, ""regret"": 1, ""abertura"": 5}",0.0,30.00788769999781,20218.357686378684,159.0
uniforme_m30_n150_r3.0_s1002,uniforme,3.0,30,150,hibrido:rotacao,19338.389623760828,True,-1,0,60.0,59.9905309,0.0,20469.52760237707,19182.2644885139,gap,"[[0.23004789998958586, 25216.13808280527], [0.37949069999012863, 23478.777309513313], [0.42484809999587014, 20701.712301112297], [0.6986987999916892, 20650.066109231168], [3.67153079999116, 20101.09941567046], [6.037938199995551, 20090.438011749095], [8.06342329999461, 20090.438011749095], [14.077875499991933, 20090.438011749095], [18.376861899996584, 20090.438011749095], [29.99526739999419, 20090.43801174908], [30.02389199999743, 20059.409627049266], [30.04517689999193, 20058.545748468496], [30.47221349999745, 19728.94100617335], [31.99583769999299, 19648.28620730309], [32.03964019999694, 19618.671727852314], [32.202540299993416, 19610.03478585447], [32.25559379999322, 19570.665728054628], [32.50627729999542, 19565.303119253782], [32.534789499994076, 19563.217298279975], [32.8488761999979, 19557.49876798111], [33.99695339999744, 19557.3164387011], [34.259795599995414, 19542.03521543653], [34.30544599999848, 19518.80888024306], [34.67738359999203, 19508.095129645462], [36.9984317999988, 19469.322708712498], [37.767158999995445, 19424.685372148087], [37.943838999992295, 19406.73806558319], [38.877503899995645, 19397.93105549964], [39.959966199996416, 19367.399273258117], [41.00654269999359, 19354.371253638383], [50.555440199997975, 19352.454739425284], [50.56617149999511, 19341.532603977725], [51.85367109999788, 19338.893907172584], [52.626785699998436, 19338.389623760828]]",59.9905309,59.25,0.9876558702033423,False,55.8,715.8984375,2,,,,,eaa3f86d9312c0970ce9,335.0,335.0,,,0.5962218000422581,29.315876100001333,"{""interior"": 84, ""fronteira"": 84, ""liberacao"": 84, ""regret"": 83, ""abertura"": 0}","{""interior"": 2, ""fronteira"": 4, ""liberacao"": 16, ""regret"": 2, ""abertura"": 0}",0.0,29.995074799997383,20090.43801174908,248.0
uniforme_m30_n150_r3.0_s1002,uniforme,3.0,30,150,hibrido:rotacao,19774.65513632651,True,-1,1,60.0,60.0035594,0.0035594000000003234,20469.52760237707,19182.2644885139,gap,"[[0.39024469999276334, 25216.13808280527], [0.5783880999952089, 23478.777309513313], [0.6487354999917443, 20701.712301112297], [1.0187157999898773, 20650.066109231168], [7.133707599990885, 20650.066109231168], [12.879190299994661, 20220.977388033563], [13.17071209999267, 20220.97738803357], [17.27554959999543, 20220.97738803357], [30.007789799994498, 20220.977388033556], [31.005548299996008, 19806.159047565936], [31.555284199996095, 19804.54670842306], [34.11483359999693, 19776.15027539029], [34.62035939999623, 19774.65513632651]]",60.0035594,58.484375,0.9746817619622745,False,85.8,712.03125,6,,,,,eaa3f86d9312c0970ce9,187.0,187.0,,,0.4962617000055616,29.42585809994489,"{""interior"": 47, ""fronteira"": 47, ""liberacao"": 47, ""regret"": 46, ""abertura"": 0}","{""interior"": 1, ""fronteira"": 1, ""liberacao"": 1, ""regret"": 1, ""abertura"": 0}",0.0,30.007389799997327,20220.977388033556,97.0
uniforme_m30_n150_r3.0_s1002,uniforme,3.0,30,150,hibrido:rotacao,19724.885909347344,True,-1,2,60.0,59.988452,0.0,20469.52760237707,19182.2644885139,gap,"[[0.4471574000053806, 25216.13808280527], [0.6435624000077951, 23478.777309513313], [0.6904716000062763, 20701.712301112297], [0.9666511000104947, 20650.066109231168], [5.55724760000885, 20238.305499367867], [6.873889400005282, 20020.457968834602], [6.875756800007366, 19965.529460560196], [7.037393100006739, 19965.529460560196], [13.217451000004075, 19965.529460560196], [17.164366600001813, 19965.529460560196], [29.990232600001036, 19965.52946056018], [30.032500000001164, 19914.152724580636], [31.00190719999955, 19911.584857116308], [32.04263270000229, 19903.689999086753], [32.105699599997024, 19881.376312207623], [34.24085329999798, 19827.70611623658], [34.275540000002366, 19815.758421202016], [36.807652899995446, 19794.45644156776], [36.86252539999987, 19791.26708883175], [36.99036659999547, 19787.530988546663], [39.93320600000152, 19765.658324118896], [40.71592389999569, 19758.986542437233], [40.751703399997496, 19731.8041766995], [41.971437599997444, 19724.885909347344]]",59.988452,58.65625,0.9777923591027153,False,66.4,735.0703125,4,,,,,eaa3f86d9312c0970ce9,143.0,143.0,,,0.2834484999839333,29.658000299888954,"{""interior"": 36, ""fronteira"": 36, ""liberacao"": 36, ""regret"": 35, ""abertura"": 0}","{""interior"": 4, ""fronteira"": 2, ""liberacao"": 5, ""regret"": 2, ""abertura"": 0}",0.0,29.989923900000576,19965.52946056018,179.0
uniforme_m30_n150_r3.0_s1002,uniforme,3.0,30,150,lns,19934.784574893365,True,-1,0,60.0,60.0086023,0.00860229999999973,20469.52760237707,19182.2644885139,gap,"[[3.6024431999976514, 22972.510858833237], [3.819893100000627, 22952.87644270331], [12.763415900000837, 22908.77278248353], [13.766536399998586, 22691.91704402835], [14.400480099997367, 22259.585729839564], [14.927872399995977, 21960.4711434217], [17.539777300000424, 21886.941347404307], [19.226220999997167, 20722.91131180027], [20.256516299996292, 20705.094077780057], [20.82404300000053, 20579.059218309707], [23.4190815999973, 20548.363666288144], [26.351006699995196, 20445.49751884176], [27.47418729999481, 20439.20740106545], [27.806579600000987, 20437.427652387138], [27.965471799994702, 20373.697961978778], [29.64431269999477, 20373.109886721068], [30.92807819999871, 20327.59337295199], [32.92771509999875, 20062.421015220403], [35.16744829999516, 20049.522450373624], [37.25746529999742, 20046.24477337577], [37.38813829999708, 20013.367721592265], [39.947051099996315, 20012.303629971815], [40.539360199996736, 19943.31378293356], [46.33681549999892, 19941.246023848857], [59.597072099997604, 19934.784574893365]]",60.0086023,59.390625,0.9897018547955748,False,58.9,735.0703125,4,0.0,False,1.0,1.0,eaa3f86d9312c0970ce9,,,,,,,,,,,,
uniforme_m30_n150_r3.0_s1002,uniforme,3.0,30,150,lns,20246.48924896611,True,-1,1,60.0,60.0222763,0.02227630000000147,20469.52760237707,19182.2644885139,gap,"[[2.105827400002454, 22972.510858833237], [4.502223600000434, 21790.182952013867], [10.10924309999973, 21778.849575207078], [11.287984599999618, 21752.28034181807], [12.154346800001804, 21060.17384701939], [13.340540900004271, 21005.535298832106], [13.449404300001333, 21003.046701575528], [13.727565300003334, 21002.236601389428], [13.855914400002803, 20993.982789981557], [14.61928959999932, 20924.511667327937], [16.34435400000075, 20922.02307007136], [19.05447319999803, 20854.67815521831], [19.839952499998617, 20850.014631741415], [20.069932800004608, 20760.457102607907], [20.90509480000037, 20626.813558239068], [22.770491700001003, 20611.57784699065], [35.91205710000213, 20557.773406037843], [45.58234200000152, 20314.956191353034], [54.93215439999767, 20246.48924896611]]",60.0222763,59.25,0.9871335052982654,False,53.7,715.8984375,2,0.0,False,1.0,1.0,eaa3f86d9312c0970ce9,,,,,,,,,,,,
uniforme_m30_n150_r3.0_s1002,uniforme,3.0,30,150,lns,19798.2812615784,True,-1,2,60.0,60.0358076,0.035807599999998274,20469.52760237707,19182.2644885139,gap,"[[2.4219553000002634, 22972.510858833237], [2.638902600003348, 22928.168768755284], [5.76528590000089, 22095.201308440835], [6.432848199998261, 21949.46573166929], [8.60636009999871, 21802.19019397865], [9.590518400000292, 21447.900939912164], [12.209685699999682, 21211.83274623543], [14.29356800000096, 21104.284270443844], [14.541180899999745, 20380.09339850501], [14.808192600001348, 20375.881496948903], [24.107651300000725, 20245.07606297748], [24.91356960000121, 20144.500750135958], [42.0407778000008, 19962.396611578108], [42.395218799996655, 19914.290290271438], [42.76734900000156, 19865.198691308346], [42.965774299998884, 19858.02403567115], [43.156717700003355, 19857.21393548505], [43.330455000002985, 19823.387089493168], [44.18470260000322, 19821.910840494522], [44.60521100000187, 19811.178460124713], [44.78037849999964, 19810.730631179118], [45.48342920000141, 19810.532551700082], [45.63584870000341, 19803.006666439112], [46.53088359999674, 19798.2812615784]]",60.0358076,56.875,0.9473512937302437,False,79.9,735.0703125,4,0.0,False,1.0,1.0,eaa3f86d9312c0970ce9,,,,,,,,,,,,
uniforme_m30_n150_r3.0_s1002,uniforme,3.0,30,150,warm_classico,19934.850333404982,True,-1,0,60.0,57.8848427,0.0,20469.52760237707,19182.2644885139,gap,"[[2.258218400005717, 22972.510858833237], [2.4557390000045416, 22952.87644270331], [6.310162400004629, 22952.876442703324], [12.740935000001627, 21720.115344313945], [13.532160499999009, 20628.446668924353], [13.614126600004965, 19944.188033255625], [55.04818140000134, 19934.850333404986]]",57.8848427,57.734375,0.9974005682147254,False,56.2,735.0703125,4,141.0,False,1.0,2.0,eaa3f86d9312c0970ce9,,,,,,,,,,,,
uniforme_m30_n150_r3.0_s1003,uniforme,3.0,30,150,adaptativa:gnn,20413.253955355867,True,0,0,60.0,59.0009952,0.0,21229.47300315747,20063.219966013352,gap,"[[0.2564799999963725, 22020.633263243642], [0.35250059999816585, 21960.934928326962], [0.818675099995744, 21738.28228201262], [0.8440629999968223, 21718.538274725925], [2.8689802999942913, 20840.221444016075], [7.005990799996653, 20685.18913190889], [7.489877399995748, 20668.374627760517], [7.4911469999933615, 20666.277525054502], [7.4922426999983145, 20662.182048348724], [10.999840399992536, 20653.42385805075], [11.003454299992882, 20650.32072233424], [11.006497799993667, 20645.890365800606], [14.70558809999784, 20645.85634966436], [15.405920499993954, 20645.85634966436], [25.75920779999433, 20413.253955355853], [26.115139899993665, 20413.253955355853], [34.29144659998565, 20413.253955355853]]",59.0009952,57.8125,0.9798563533382569,False,53.6,735.0703125,4,769.0,False,1.0,4.0,eaa3f86d9312c0970ce9,,,,,,,,,,,,
uniforme_m30_n150_r3.0_s1003,uniforme,3.0,30,150,clns:alns,20727.31473079037,True,-1,0,60.0,60.0003892,0.0003892000000007556,21229.47300315747,20063.219966013352,gap,"[[0.13315850000071805, 25625.458280613813], [0.16860620000079507, 25620.52288556781], [0.19253700000263052, 25599.404454338874], [0.2948947999975644, 24094.389553126934], [0.3079269000008935, 24081.310539240796], [0.31858630000351695, 24063.498280307307], [0.3401830000002519, 24056.138035378997], [1.0112057000005734, 22631.94117736171], [1.0502338000005693, 22567.298409216724], [1.0666304999977, 22545.66768412965], [1.0923863999996684, 22542.626232966173], [1.1400942999971448, 21564.809756071918], [2.0670982000010554, 21476.088130484895], [2.081989899998007, 21461.227038013385], [11.088617200002773, 21453.72160951159], [11.133822299998428, 21428.81533768758], [11.385551400002441, 21369.899642358556], [11.632169700002123, 21363.293219940333], [15.652612099998805, 21361.154097600105], [15.788723999998183, 21346.250028177492], [22.001733299999614, 21278.800320574992], [22.80697230000078, 21241.631148636563], [24.025184400001308, 21237.314650937486], [26.47855089999939, 21235.296926513438], [26.500793600003817, 21234.578644489837], [27.481926599997678, 21229.32119491869], [28.07566310000402, 21173.17469948273], [30.669095400000515, 21132.749660319285], [30.815679200000886, 21130.476254922138], [35.03162809999776, 21124.880326160965], [38.00313889999961, 21049.928704560465], [38.16377730000386, 21040.26735245694], [39.00004530000297, 21005.87861696894], [39.173465200001374, 20983.930381432227], [39.98904380000022, 20980.27940285339], [40.83974789999775, 20959.48387611304], [42.767714599998726, 20950.75742391832], [42.85445869999967, 20941.730072674036], [44.99735810000129, 20788.800116698312], [45.64385339999717, 20780.6997229227], [45.810616200004006, 20757.856745834564], [46.495066100003896, 20747.618487479274], [46.74117439999827, 20738.57705615322], [49.24178280000342, 20734.315964407], [50.79979299999832, 20733.33461489761], [51.02775230000407, 20727.31473079037]]",60.0003892,59.109375,0.9851498596612437,False,63.6,715.8984375,2,,,,,eaa3f86d9312c0970ce9,283.0,283.0,0.13192400000116322,0.0012337999942246825,0.44428690009226557,59.35222769997199,"{""interior"": 70, ""fronteira"": 82, ""liberacao"": 82, ""regret"": 49, ""abertura"": 0}","{""interior"": 8, ""fronteira"": 14, ""liberacao"": 14, ""regret"": 9, ""abertura"": 0}",0.0,,,
uniforme_m30_n150_r3.0_s1003,uniforme,3.0,30,150,clns:alns,20964.027493293375,True,-1,1,60.0,60.0363105,0.036310499999999024,21229.47300315747,20063.219966013352,gap,"[[0.13547350000590086, 25625.458280613813], [0.1714778000023216, 25612.901076590777], [0.2777834000007715, 24049.709856884347], [0.32322410000051605, 24042.349611956037], [0.36601550000341376, 24037.414216910038], [0.39190420000522863, 24024.795435599535], [0.4212360000019544, 21731.704610603225], [0.44778600000427105, 21721.977745521708], [2.997142600004736, 21644.508304100567], [3.233636700002535, 21094.02073841419], [3.425482800004829, 21085.047709657454], [3.44974910000019, 21082.820737473532], [3.4709565000011935, 21076.902633473204], [3.9251868999999715, 21052.396540680988], [3.944723700005852, 21049.37452701757], [3.982578500006639, 21041.86003083173], [5.012276100002055, 21037.21554390393], [9.001768600006471, 21016.494996788464], [9.011353700007021, 21012.040501411902], [10.5006538000016, 20987.020930767932], [10.697144200006733, 20970.235013919344], [14.176290900002641, 20965.016564942533], [14.731794900006207, 20964.027493293375]]",60.0363105,59.984375,0.9991349318509505,False,50.2,712.03125,6,,,,,eaa3f86d9312c0970ce9,293.0,293.0,0.13432170000305632,0.0011511999982758425,0.4143867999810027,59.4207905000294,"{""interior"": 76, ""fronteira"": 64, ""liberacao"": 92, ""regret"": 61, ""abertura"": 0}","{""interior"": 3, ""fronteira"": 8, ""liberacao"": 7, ""regret"": 4, ""abertura"": 0}",0.0,,,
uniforme_m30_n150_r3.0_s1003,uniforme,3.0,30,150,clns:alns,20856.502186346996,True,-1,2,60.0,59.9957674,0.0,21229.47300315747,20063.219966013352,gap,"[[0.13341999999829568, 25625.458280613813], [0.1674706999983755, 25602.898267451812], [0.306630099999893, 24044.72437376662], [0.3356629000045359, 24031.095448816734], [0.39982550000422634, 24023.903001474468], [0.9928153000000748, 23930.90952478419], [1.1905148000005283, 21965.181580697543], [1.2027720000041882, 21924.760328223798], [1.239091900002677, 21916.941918562472], [3.0017030000017257, 21907.653084145983], [4.998668699998234, 21652.58616888855], [5.013266900001327, 21629.856552817553], [5.129232899998897, 21624.333812799756], [5.150574999999662, 21539.52504468726], [6.1227361999990535, 21255.683447856893], [7.3941370000029565, 21124.32037544224], [7.455449699999008, 21120.09569000305], [7.716593600001943, 21108.005017607527], [7.992056499999308, 21096.15558088111], [8.87172709999868, 21094.342794034786], [10.855692199998884, 21086.824036039274], [10.883694399999513, 21082.861464346446], [14.003692500002217, 21011.125461959313], [14.019888300004823, 20994.328496392474], [14.457430599999498, 20991.60028019824], [14.633507099999406, 20957.647640914052], [14.701740000004065, 20953.793140516624], [14.751056400004018, 20932.055630522304], [14.858163000004424, 20926.16131795697], [15.02120780000405, 20923.1158698796], [15.205132300005062, 20901.50859526322], [15.355085800001689, 20887.756257833356], [15.968074299998989, 20885.731948913875], [24.129203000004054, 20873.47144316168], [24.827075200002582, 20859.512292559535], [34.03155240000342, 20856.502186346996]]",59.9957674,59.21875,0.9870487963789258,False,53.0,735.0703125,4,,,,,eaa3f86d9312c0970ce9,449.0,449.0,0.13126680000277702,0.002152099994418677,0.7007472000113921,59.06759659987438,"{""interior"": 104, ""fronteira"": 132, ""liberacao"": 114, ""regret"": 99, ""abertura"": 0}","{""interior"": 2, ""fronteira"": 13, ""liberacao"": 15, ""regret"": 5, ""abertura"": 0}",0.0,,,
uniforme_m30_n150_r3.0_s1003,uniforme,3.0,30,150,clns:aprendido,20798.413974643987,True,-1,0,60.0,59.9967507,0.0,21229.47300315747,20063.219966013352,gap,"[[0.12447059999976773, 25625.458280613813], [0.18526479999854928, 21347.72001093708], [0.21217089999845484, 21329.485385870903], [0.26122960000066087, 21289.00204834218], [0.2961933000042336, 21192.251167179526], [0.3480734000040684, 21189.99435683733], [0.40200740000000224, 21185.05896179133], [0.4864744000005885, 21180.526246119643], [1.1660645000010845, 21027.537704351682], [1.2783829000036349, 20974.577119243062], [3.0018424000008963, 20876.22385114218], [3.024570200002927, 20854.293174684317], [3.763943300000392, 20842.97949674874], [3.872950100005255, 20840.72729421737], [4.040532999999414, 20811.514272899316], [5.260170500005188, 20805.599041784742], [5.581588900000497, 20798.413974643987]]",59.9967507,59.671875,0.9945851117567271,False,52.9,712.03125,6,,,,,eaa3f86d9312c0970ce9,2301.0,2301.0,0.12125499999820022,0.0032146000012289733,12.865093399974285,46.626604700199096,"{""interior"": 2174, ""fronteira"": 42, ""liberacao"": 33, ""regret"": 52, ""abertura"": 0}","{""interior"": 3, ""fronteira"": 7, ""liberacao"": 5, ""regret"": 1, ""abertura"": 0}",9.419946500151127,,,
uniforme_m30_n150_r3.0_s1003,uniforme,3.0,30,150,clns:aprendido,20805.775158299955,True,-1,1,60.0,59.9931518,0.0,21229.47300315747,20063.219966013352,gap,"[[0.16011430000071414, 25625.458280613813], [0.22237670000322396, 21347.72001093708], [0.2531807000050321, 21329.485385870903], [0.2820694000038202, 21316.795734151747], [0.30506790000072215, 21307.059368117993], [0.5274961000031908, 21124.732332542146], [0.6285274000038044, 21007.893383288792], [0.6524781000043731, 20983.69705478885], [2.0142716000045766, 20981.440244446654], [2.587689700005285, 20837.90571495232], [3.200189800001681, 20812.318855109785], [5.56423150000046, 20807.751738148727], [6.81058280000434, 20807.56739135331], [9.537643800002115, 20805.775158299955]]",59.9931518,59.640625,0.9941238826528864,False,47.9,735.0703125,4,,,,,eaa3f86d9312c0970ce9,1730.0,1730.0,0.15876000000571366,0.001353600004222244,9.399817300210998,50.12988560005033,"{""interior"": 1623, ""fronteira"": 32, ""liberacao"": 36, ""regret"": 39, ""abertura"": 0}","{""interior"": 0, ""fronteira"": 9, ""liberacao"": 4, ""regret"": 0, ""abertura"": 0}",6.878213900148694,,,
uniforme_m30_n150_r3.0_s1003,uniforme,3.0,30,150,clns:aprendido,20805.040987196957,True,-1,2,60.0,59.9592265,0.0,21229.47300315747,20063.219966013352,gap,"[[0.14283900000009453, 25625.458280613813], [0.19665410000015981, 21347.72001093708], [0.218079400001443, 21329.485385870903], [0.23994950000633253, 21316.928181847863], [0.4600828000038746, 21131.05155303474], [0.7336556000009296, 20981.815039847163], [0.7846716000058223, 20979.558229504968], [0.882468499999959, 20978.605064198015], [1.457043700000213, 20977.67572872123], [2.969597100003739, 20943.90574131668], [3.473212600001716, 20854.75902220107], [3.5355759000012768, 20853.769950551912], [4.513829800001986, 20845.28192648906], [10.36612050000258, 20835.054079204194], [27.915208000005805, 20805.040987196957]]",59.9592265,58.921875,0.9826990513294898,False,53.9,715.8984375,2,,,,,eaa3f86d9312c0970ce9,1703.0,1703.0,0.14172160000453005,0.001116700004786253,9.943431399769906,49.56556889999774,"{""interior"": 49, ""fronteira"": 1614, ""liberacao"": 24, ""regret"": 16, ""abertura"": 0}","{""interior"": 1, ""fronteira"": 6, ""liberacao"": 7, ""regret"": 0, ""abertura"": 0}",7.272943899974052,,,
uniforme_m30_n150_r3.0_s1003,uniforme,3.0,30,150,clns:gnn,21590.596604005732,True,-1,0,60.0,60.0460748,0.04607479999999953,21229.47300315747,20063.219966013352,gap,"[[0.1433307999977842, 25625.458280613813], [0.17760730000009062, 25604.96684520544], [0.22511159999703523, 25582.540827452533], [2.038798499997938, 24026.99132276409], [2.0675303999960306, 24019.891225288222], [2.118885700001556, 23979.87194423315], [2.2947590999974636, 23960.202733646503], [4.211128499999177, 23759.454352291526], [6.452707899996312, 23758.766930341593], [8.033225200000743, 23326.945559123706], [9.0335047999979, 23194.310779568536], [14.137118499995267, 23183.397584985814], [19.24787479999941, 23180.79041112768], [21.031574499997078, 23177.215697917207], [24.574258599997847, 23173.22970301494], [27.999503399994865, 21643.61549854452], [29.03729829999793, 21641.135394326222], [32.72071429999778, 21632.63926834634], [35.73775979999482, 21621.957093783116], [39.06967949999671, 21621.59384350616], [43.05110419999983, 21616.56601724021], [46.93707889999496, 21614.54184292448], [50.88651910000044, 21606.430224628813], [54.88467349999701, 21592.908166750283], [58.81389510000008, 21590.596604005732]]",60.0460748,59.203125,0.9859616169282059,False,53.6,735.0703125,4,,,,,eaa3f86d9312c0970ce9,164.0,164.0,0.14216409999789903,0.0011660000018309802,0.8914118999891798,58.95316359998833,"{""interior"": 40, ""fronteira"": 21, ""liberacao"": 50, ""regret"": 40, ""abertura"": 13}","{""interior"": 6, ""fronteira"": 6, ""liberacao"": 6, ""regret"": 2, ""abertura"": 4}",0.0,,,
uniforme_m30_n150_r3.0_s1003,uniforme,3.0,30,150,clns:gnn,20757.78236507443,True,-1,1,60.0,59.9862901,0.0,21229.47300315747,20063.219966013352,gap,"[[0.12734349999664119, 25625.458280613813], [0.17038669999601552, 25604.96684520544], [2.9791695999956573, 24101.58674280317], [3.183950400001777, 24061.97890375676], [3.4190343000009307, 24060.483920519255], [3.9084758999961196, 23342.100391185668], [3.9313480999990134, 23288.033021348878], [4.009774400001334, 23240.79910066021], [4.113923699995212, 23221.520617217866], [4.453181699995184, 23211.905826449012], [4.527944099994784, 23203.853728386173], [4.778075599999283, 23199.711453360527], [5.542408499997691, 21562.245843645498], [5.591802999995707, 21498.384539156592], [5.638570700000855, 21424.76357516621], [6.092716799998016, 20835.58727447454], [6.400142099999357, 20830.448030733955], [7.7894476000001305, 20818.00545104798], [8.122402599998168, 20811.918518858605], [12.480061999995087, 20809.942302154173], [18.021258799999487, 20781.196635004733], [21.132540999999037, 20778.337637716835], [26.055487300000095, 20771.221602032252], [38.870046099997126, 20767.86774052314], [38.889371599994774, 20763.869297263802], [40.997687800001586, 20757.78236507443]]",59.9862901,59.578125,0.9931956935606524,False,63.9,712.03125,6,,,,,eaa3f86d9312c0970ce9,513.0,513.0,0.126211399998283,0.001131500001065433,3.1966751999789267,56.53641779994359,"{""interior"": 162, ""fronteira"": 107, ""liberacao"": 77, ""regret"": 87, ""abertura"": 80}","{""interior"": 5, ""fronteira"": 4, ""liberacao"": 9, ""regret"": 2, ""abertura"": 5}",0.0,,,
uniforme_m30_n150_r3.0_s1003,uniforme,3.0,30,150,clns:gnn,21056.014420732572,True,-1,2,60.0,59.9998679,0.0,21229.47300315747,20063.219966013352,gap,"[[0.126503400002548, 25625.458280613813], [0.1536338000005344, 25604.96684520544], [1.9889634999999544, 24101.58674280317], [2.464420700001938, 24093.591700973408], [3.2907665000020643, 24067.04093697678], [3.7354745999982697, 24065.398228890896], [3.7961893000028795, 24061.97890375676], [3.9207545000026585, 24060.483920519255], [4.076740199998312, 24044.49565449267], [4.57891440000094, 23308.8813421127], [4.638826700000209, 23294.36700021808], [4.8428836000020965, 23278.94318167624], [5.1553793999992195, 23225.668327533713], [5.479063600003428, 23223.778849008573], [5.633889299999282, 23215.460568735034], [5.842604099998425, 23209.103773056348], [5.883424100000411, 23204.84731482107], [6.160717600003409, 23202.880302828635], [6.370051999998395, 23199.372656771953], [7.986896399997931, 21636.218570618934], [8.008977899997262, 21621.040975364795], [8.024117599998135, 21614.640369147633], [8.061289099998248, 21594.775851256978], [8.121169899997767, 21567.864722146536], [8.204970700004196, 21556.001430969198], [8.424633900001936, 21553.085214210314], [8.463433700002497, 21548.96004502007], [8.488081700001203, 21547.648846319655], [8.653664199999184, 21532.17655279665], [10.05330739999772, 21524.671124294855], [12.078294200000528, 21524.034703703983], [12.12562440000329, 21521.82449313233], [15.858734100002039, 21448.790212815486], [15.876327300000412, 21407.76986029496], [16.172714300002554, 21391.83014430145], [16.29313070000353, 21384.58130464796], [16.456118599999172, 21368.97568164001], [18.910657000000356, 21356.877704688744], [23.00385559999995, 21327.50492790388], [27.53397540000151, 21284.21206586712], [28.99002389999805, 21223.75425626707], [29.26678460000403, 21195.07793519659], [29.477008699999715, 21172.74747080684], [29.72552490000089, 21125.68225132668], [29.895985000002838, 21124.75855170651], [29.92756250000093, 21122.30827272569], [36.19278990000021, 21117.743340568522], [42.86376100000052, 21117.242867560326], [57.29210720000265, 21056.014420732572]]",59.9998679,59.71875,0.9953146913511788,False,48.3,735.0703125,4,,,,,eaa3f86d9312c0970ce9,386.0,386.0,0.12524439999833703,0.001258399999642279,1.9050788000313332,57.87484679995396,"{""interior"": 138, ""fronteira"": 78, ""liberacao"": 30, ""regret"": 96, ""abertura"": 44}","{""interior"": 10, ""fronteira"": 13, ""liberacao"": 5, ""regret"": 13, ""abertura"": 7}",0.0,,,
uniforme_m30_n150_r3.0_s1003,uniforme,3.0,30,150,clns:rotacao,20976.293292855782,True,-1,0,60.0,59.9949659,0.0,21229.47300315747,20063.219966013352,gap,"[[0.12345620000269264, 25625.458280613813], [0.14443759999994654, 25618.358183137945], [0.1647415000043111, 25597.86674772957], [0.21802300000126706, 24028.985095535056], [0.6679203000021516, 21209.889410129334], [0.7232653000028222, 21209.002768829887], [3.029626299998199, 21179.785413385318], [3.0512756000025547, 21174.850018339315], [3.5501046999997925, 21162.10773468887], [3.7774063000033493, 21154.602306187076], [4.449557200001436, 21080.503034645077], [4.460281200001191, 21078.19266320873], [5.144838400003209, 21075.804686418247], [5.201146100000187, 20985.56577394461], [5.245428499998525, 20977.923368762946], [5.480670500000997, 20976.293292855782]]",59.9949659,59.828125,0.9972190850099308,False,46.7,735.0703125,4,,,,,eaa3f86d9312c0970ce9,335.0,335.0,0.12207350000244332,0.0013818999941577204,0.48268940002890304,59.3212066000342,"{""interior"": 84, ""fronteira"": 84, ""liberacao"": 84, ""regret"": 83, ""abertura"": 0}","{""interior"": 2, ""fronteira"": 6, ""liberacao"": 6, ""regret"": 1, ""abertura"": 0}",0.0,,,
uniforme_m30_n150_r3.0_s1003,uniforme,3.0,30,150,clns:rotacao,21086.22767156879,True,-1,1,60.0,60.0114281,0.011428100000003383,21229.47300315747,20063.219966013352,gap,"[[0.1214077000040561, 25625.458280613813], [0.1516053000013926, 25620.52288556781], [0.1677127000002656, 25575.263539411513], [1.015679000003729, 25005.4839836158], [1.0378706000046805, 24996.685398760175], [1.0633968000038294, 22703.59457376386], [1.126746900001308, 22699.869024601336], [1.6482778000063263, 22696.419658132232], [1.6619530000025406, 22678.93698963884], [1.6873986000064178, 22678.043435266685], [2.0304026000012527, 22676.228195873104], [2.0426496000000043, 22672.39729224686], [2.0680346000008285, 22664.662003927944], [3.014241300006688, 21528.05543801224], [3.941443200004869, 21322.780510354867], [3.96020370000042, 21289.982134337297], [3.995300500006124, 21284.315377043626], [4.045660500007216, 21273.989183461505], [5.081979100003082, 21266.720539504873], [5.128637900001195, 21238.089995826303], [6.047036600000865, 21229.87521975066], [6.097043300003861, 21221.84509838451], [7.762139400001615, 21216.589933015377], [10.016105100003188, 21208.50179694892], [11.058666300006735, 21207.35300466651], [15.537360700000136, 21205.591474732846], [26.042657200006943, 21200.44625848424], [26.055068200003006, 21173.79955647599], [27.040743400000792, 21165.495221827456], [28.02810270000191, 21149.889598819507], [28.177479300000414, 21142.69000721669], [28.21221450000303, 21141.706021228798], [28.403546200002893, 21133.04532854807], [28.556937600005767, 21128.959191114165], [29.48511050000525, 21109.78131298213], [31.30470850000711, 21109.27019994374], [32.04189910000423, 21104.21116533994], [33.510300100002496, 21091.175789117962], [42.30322080000042, 21086.22767156879]]",60.0114281,59.890625,0.9979869984130573,False,48.4,715.8984375,2,,,,,eaa3f86d9312c0970ce9,479.0,479.0,0.12021290000120644,0.0011941999982809648,0.7214869998933864,59.06594710006175,"{""interior"": 120, ""fronteira"": 120, ""liberacao"": 120, ""regret"": 119, ""abertura"": 0}","{""interior"": 6, ""fronteira"": 11, ""liberacao"": 13, ""regret"": 8, ""abertura"": 0}",0.0,,,
uniforme_m30_n150_r3.0_s1003,uniforme,3.0,30,150,clns:rotacao,20762.534216337157,True,-1,2,60.0,60.0063236,0.006323600000001761,21229.47300315747,20063.219966013352,gap,"[[0.16413599999941653, 25625.458280613813], [0.19093189999694005, 25612.901076590777], [0.2128653999970993, 25590.34106342878], [0.26845119999779854, 21224.20618396473], [0.37837349999608705, 21216.44251709959], [0.608164700002817, 20985.969331884404], [0.6890405000012834, 20981.666644769408], [1.4033818000025349, 20920.665814071268], [3.006734199996572, 20918.376231291833], [3.5686863000009907, 20874.753307064115], [5.015145700002904, 20801.3911447022], [5.891286799997033, 20781.021283992966], [6.323236399999587, 20762.534216337157]]",60.0063236,59.375,0.9894790488381128,False,54.3,715.8984375,2,,,,,eaa3f86d9312c0970ce9,1055.0,1055.0,0.16231690000131493,0.0018177000019932166,1.711879900052736,57.91807249980047,"{""interior"": 264, ""fronteira"": 264, ""liberacao"": 264, ""regret"": 263, ""abertura"": 0}","{""interior"": 1, ""fronteira"": 4, ""liberacao"": 7, ""regret"": 0, ""abertura"": 0}",0.0,,,
uniforme_m30_n150_r3.0_s1003,uniforme,3.0,30,150,completo,20967.07310197014,True,-1,0,60.0,56.9888397,0.0,21229.47300315747,20063.219966013352,gap,"[[0.39349550000042655, 55207.09605851657], [1.4355645000032382, 26947.460506578584], [2.310975000000326, 24945.564746390097], [4.592694400002074, 21462.341126486626], [5.356272299999546, 21358.18616728967], [5.3667287999996915, 21358.04120263123], [5.369194200000493, 21229.473003157465], [47.93255969999882, 21219.678679515542], [51.89997140000196, 21147.27370229572], [52.00913199999923, 21147.160778116773], [53.91927900000155, 20972.172017946883], [53.93295819999912, 20967.073101970145]]",56.9888397,55.953125,0.9818260082947433,False,64.7,735.0703125,4,476.0,False,1.0,1.0,eaa3f86d9312c0970ce9,,,,,,,,,,,,
uniforme_m30_n150_r3.0_s1003,uniforme,3.0,30,150,hibrido:aprendido,20647.142633708252,True,-1,0,60.0,59.953103,0.0,21229.47300315747,20063.219966013352,gap,"[[0.21616210000502178, 22020.633263243642], [0.33288370000809664, 21960.934928326962], [0.6802968000047258, 21738.28228201262], [0.692305500007933, 21718.538274725925], [2.604599700003746, 20840.221444016075], [6.127290000003995, 20685.18913190889], [6.568817200008198, 20668.374627760517], [6.569771900009073, 20666.277525054502], [6.570580400009931, 20662.182048348724], [8.054232500006037, 20662.182048348724], [14.071412700002838, 20662.182048348724], [18.140086500003235, 20662.182048348724], [30.00019639999664, 20662.182048348717], [30.124942599999486, 20653.50536473927], [30.674508800002513, 20647.142633708252]]",59.953103,59.6875,0.9955698206313024,False,49.9,735.0703125,4,,,,,eaa3f86d9312c0970ce9,1662.0,1662.0,,,9.470095799981209,20.201548399883904,"{""interior"": 1574, ""fronteira"": 52, ""liberacao"": 21, ""regret"": 15, ""abertura"": 0}","{""interior"": 1, ""fronteira"": 1, ""liberacao"": 0, ""regret"": 0, ""abertura"": 0}",6.948782000050414,30.000012700002117,20662.182048348717,387.0
uniforme_m30_n150_r3.0_s1003,uniforme,3.0,30,150,hibrido:aprendido,20678.76100149706,True,-1,1,60.0,59.9981017,0.0,21229.47300315747,20063.219966013352,gap,"[[0.2254665000073146, 22020.633263243642], [0.31345880000299076, 21960.934928326962], [1.9585478000080911, 20774.016389559605], [6.153834300006565, 20719.003357893253], [8.038997500007099, 20719.003357893253], [14.057331200005137, 20719.003357893253], [18.098863100007293, 20719.003357893253], [29.994806299997435, 20719.003357893256], [31.125683799997205, 20715.249684404094], [31.343222999996215, 20708.50263055273], [31.443510799996147, 20702.245022195715], [31.476096500002313, 20698.246578936378], [34.07273829999758, 20695.212118995736], [35.197139199997764, 20687.67291483809], [36.920876500000304, 20684.813917550193], [40.031212199995934, 20681.16699390244], [42.999724599998444, 20678.76100149706]]",59.9981017,60.0,1.0000316393343491,False,46.7,712.03125,6,,,,,eaa3f86d9312c0970ce9,161.0,161.0,,,0.8132677000176045,29.149767700058874,"{""interior"": 47, ""fronteira"": 72, ""liberacao"": 29, ""regret"": 13, ""abertura"": 0}","{""interior"": 2, ""fronteira"": 2, ""liberacao"": 5, ""regret"": 0, ""abertura"": 0}",0.5934387999514001,29.994595399999525,20719.003357893256,436.0
uniforme_m30_n150_r3.0_s1003,uniforme,3.0,30,150,hibrido:aprendido,20375.67876124825,True,-1,2,60.0,59.9979746,0.0,21229.47300315747,20063.219966013352,gap,"[[0.21560550000867806, 22020.633263243642], [0.30976510000618873, 21960.934928326962], [0.7042591000063112, 21738.28228201262], [0.7200146000104723, 21650.462893003747], [0.7208052000059979, 21637.14518478426], [0.7221576000083587, 21635.173750564103], [2.5619163000083063, 20880.124426620903], [3.356038100006117, 20771.263462012084], [4.775611100005335, 20741.398156181785], [8.05142469999555, 20741.398156181785], [12.129695399999036, 20397.223996977842], [12.150621399996453, 20396.816289233037], [13.18601050000143, 20388.338762133477], [13.228934099999606, 20382.865417833917], [13.461736600002041, 20380.381041484336], [14.326743099998566, 20380.381041484325], [18.13046719999693, 20380.381041484325], [30.00666469999851, 20380.38104148434], [30.50471079999261, 20375.67876124825]]",59.9979746,59.59375,0.9932626959044047,False,53.2,712.03125,6,,,,,eaa3f86d9312c0970ce9,877.0,877.0,,,4.743229599902406,25.07059909988311,"{""interior"": 19, ""fronteira"": 832, ""liberacao"": 20, ""regret"": 6, ""abertura"": 0}","{""interior"": 0, ""fronteira"": 0, ""liberacao"": 1, ""regret"": 0, ""abertura"": 0}",3.611564200167777,30.006440099998144,20380.38104148434,343.0
uniforme_m30_n150_r3.0_s1003,uniforme,3.0,30,150,hibrido:gnn,20648.758443876162,True,-1,0,60.0,59.9984294,0.0,21229.47300315747,20063.219966013352,gap,"[[0.2582836999936262, 22020.633263243642], [0.3582544999953825, 21960.934928326962], [0.7357380999965244, 21738.28228201262], [0.7470425999927102, 21718.538274725925], [2.692398299994238, 20840.221444016075], [7.293877099989913, 20685.18913190889], [7.796180999990611, 20668.374627760517], [7.797422999996343, 20666.277525054502], [7.799047599990445, 20662.182048348724], [8.049383499994292, 20662.182048348724], [14.353165399996215, 20662.182048348724], [18.124965299990436, 20662.182048348724], [30.001594200002728, 20662.182048348717], [30.115918399998918, 20662.148032212477], [30.166763300003367, 20661.21181587518], [30.47361770000134, 20656.8329595593], [30.63418040000397, 20650.122958314474], [30.82845900000393, 20649.034242717808], [34.20935520000057, 20648.758443876162]]",59.9984294,59.40625,0.9901300849718576,False,53.1,715.8984375,2,,,,,eaa3f86d9312c0970ce9,333.0,333.0,,,1.810777099984989,28.113338099981775,"{""interior"": 98, ""fronteira"": 76, ""liberacao"": 58, ""regret"": 56, ""abertura"": 45}","{""interior"": 1, ""fronteira"": 3, ""liberacao"": 0, ""regret"": 1, ""abertura"": 1}",0.0,30.00137520000135,20662.182048348717,321.0
uniforme_m30_n150_r3.0_s1003,uniforme,3.0,30,150,hibrido:gnn,20651.037988733864,True,-1,1,60.0,59.9579138,0.0,21229.47300315747,20063.219966013352,gap,"[[0.26576339999883203, 22020.633263243642], [0.36443879999569617, 21960.934928326962], [1.9411858999956166, 20774.016389559605], [6.366535099994508, 20719.003357893253], [8.037631499995769, 20719.003357893253], [14.024447800002235, 20719.003357893253], [18.372342599992407, 20719.003357893253], [29.966230200006976, 20719.003357893256], [32.03769910000847, 20700.7031232928], [32.36101960000815, 20694.61619110342], [32.73271810000733, 20692.511363170885], [33.09026670000458, 20688.90112305145], [33.61726430000999, 20682.328725392737], [33.76829540000472, 20669.647117758184], [36.00376330001018, 20669.25891461828], [39.962028200010536, 20667.000135601895], [43.17603350000718, 20659.686879615267], [47.820865800007596, 20652.653976415288], [51.841713400004664, 20651.741727069202], [53.956003200008126, 20651.037988733864]]",59.9579138,59.671875,0.9952293403510647,False,53.2,712.03125,6,,,,,eaa3f86d9312c0970ce9,262.0,262.0,,,1.38415840005473,28.533876399960718,"{""interior"": 74, ""fronteira"": 53, ""liberacao"": 25, ""regret"": 63, ""abertura"": 47}","{""interior"": 0, ""fronteira"": 3, ""liberacao"": 6, ""regret"": 0, ""abertura"": 3}",0.0,29.9659271000055,20719.003357893256,405.0
uniforme_m30_n150_r3.0_s1003,uniforme,3.0,30,150,hibrido:gnn,20649.8503120572,True,-1,2,60.0,60.0034717,0.003471699999998634,21229.47300315747,20063.219966013352,gap,"[[0.3034174999993411, 22020.633263243642], [0.4220105999993393, 21960.934928326962], [0.862287899995863, 21738.28228201262], [0.8779000999929849, 21650.462893003747], [0.8786814999984927, 21637.14518478426], [0.8801786999974865, 21635.173750564103], [2.8266011999949114, 20880.124426620903], [3.536618099999032, 20771.263462012084], [4.578286999996635, 20741.398156181785], [7.69870479999372, 20727.012653602855], [8.052920799993444, 20727.012653602855], [14.258734299997741, 20727.012653602855], [18.109155799997097, 20727.012653602855], [30.006722199999786, 20727.012653602855], [30.08206720000453, 20722.006211723576], [30.140966899998602, 20713.765212057737], [30.499379599998065, 20712.012738980156], [30.597241499999654, 20705.67931301394], [33.0155825000038, 20704.68686463051], [34.91470290000143, 20697.0679174588], [35.06632199999876, 20691.94154231768], [36.38900529999955, 20691.131537069916], [39.24538820000453, 20684.38121933255], [40.99568069999805, 20678.142641635597], [41.255985900003, 20663.12518874356], [41.2853699000043, 20662.531919691748], [41.32693139999901, 20649.8503120572]]",60.0034717,59.921875,0.9986401336841315,False,48.8,712.03125,6,,,,,eaa3f86d9312c0970ce9,320.0,320.0,,,1.671466000007058,28.249314399974537,"{""interior"": 94, ""fronteira"": 78, ""liberacao"": 41, ""regret"": 60, ""abertura"": 47}","{""interior"": 3, ""fronteira"": 3, ""liberacao"": 4, ""regret"": 1, ""abertura"": 2}",0.0,30.00640740000381,20727.012653602855,400.0
uniforme_m30_n150_r3.0_s1003,uniforme,3.0,30,150,hibrido:rotacao,20663.908235902676,True,-1,0,60.0,60.0111892,0.011189199999996902,21229.47300315747,20063.219966013352,gap,"[[0.24368339998909505, 22020.633263243642], [0.35065759999270085, 21960.934928326962], [0.7714431999920635, 21738.28228201262], [0.7830249999897205, 21718.538274725925], [2.923214399990684, 20840.221444016075], [7.560125599993626, 20685.18913190889], [8.26743479999277, 20685.18913190889], [9.813802499993471, 20677.802425953756], [9.816470199992182, 20672.27968593595], [13.092631599989545, 20672.27968593595], [17.124202699989837, 20672.27968593595], [30.007158200001868, 20672.27968593595], [30.17710700000316, 20670.54757089654], [31.24815849999868, 20664.18403474432], [35.28781429999799, 20663.908235902676]]",60.0111892,59.359375,0.9891384555332224,False,55.1,735.0703125,4,,,,,eaa3f86d9312c0970ce9,227.0,227.0,,,0.40253979995759437,29.545621899982507,"{""interior"": 57, ""fronteira"": 57, ""liberacao"": 57, ""regret"": 56, ""abertura"": 0}","{""interior"": 0, ""fronteira"": 1, ""liberacao"": 1, ""regret"": 1, ""abertura"": 0}",0.0,30.00697680000303,20672.27968593595,288.0
uniforme_m30_n150_r3.0_s1003,uniforme,3.0,30,150,hibrido:rotacao,20678.76100149706,True,-1,1,60.0,59.9881473,0.0,21229.47300315747,20063.219966013352,gap,"[[0.2073915999935707, 22020.633263243642], [0.30267069999536034, 21960.934928326962], [1.880310999993526, 20774.016389559605], [6.273786499994458, 20719.003357893253], [8.030626199994003, 20719.003357893253], [14.05227079999895, 20719.003357893253], [18.442288800004462, 20719.003357893253], [28.984769100010453, 20719.003357893256], [29.274530200003937, 20715.249684404094], [29.419957200007048, 20701.9591728471], [29.438225800004147, 20694.41996868945], [30.686671400006162, 20681.726159838327], [36.01677850000851, 20681.1392390179], [37.199216500004695, 20678.76100149706]]",59.9881473,59.53125,0.9923835404064896,False,50.2,715.8984375,2,,,,,eaa3f86d9312c0970ce9,227.0,227.0,,,0.35874490005517146,30.592089100042358,"{""interior"": 57, ""fronteira"": 57, ""liberacao"": 57, ""regret"": 56, ""abertura"": 0}","{""interior"": 0, ""fronteira"": 1, ""liberacao"": 4, ""regret"": 1, ""abertura"": 0}",0.0,28.98458510000637,20719.003357893256,410.0
uniforme_m30_n150_r3.0_s1003,uniforme,3.0,30,150,hibrido:rotacao,20695.550687870862,True,-1,2,60.0,60.0102172,0.010217199999999593,21229.47300315747,20063.219966013352,gap,"[[0.2706313000016962, 22020.633263243642], [0.3655415000030189, 21960.934928326962], [0.7952183000015793, 21738.28228201262], [0.8118831000028877, 21650.462893003747], [0.8127413000038359, 21637.14518478426], [0.8143674000020837, 21635.173750564103], [2.5346371000050567, 20880.124426620903], [3.4400342000008095, 20771.263462012084], [4.521817300003022, 20741.398156181785], [7.6817393000019365, 20727.012653602855], [8.041089999998803, 20727.012653602855], [14.059100899998157, 20727.012653602855], [18.320838799998455, 20727.012653602855], [30.003242600003432, 20727.012653602855], [30.066087300001527, 20723.38751365244], [31.02266370000143, 20710.140072107326], [32.17142560000502, 20705.212440689174], [36.46896640000341, 20701.42358732624], [37.92294610000681, 20695.550687870862]]",60.0102172,59.890625,0.9980071360248302,False,47.1,715.8984375,2,,,,,eaa3f86d9312c0970ce9,167.0,167.0,,,0.24939439995068824,29.71548930003337,"{""interior"": 42, ""fronteira"": 42, ""liberacao"": 42, ""regret"": 41, ""abertura"": 0}","{""interior"": 0, ""fronteira"": 2, ""liberacao"": 2, ""regret"": 1, ""abertura"": 0}",0.0,30.00304860000324,20727.012653602855,402.0
uniforme_m30_n150_r3.0_s1003,uniforme,3.0,30,150,lns,21378.704483939888,True,-1,0,60.0,60.0328589,0.0328589000000008,21229.47300315747,20063.219966013352,gap,"[[1.6344366999983322, 22679.7219037503], [1.7905619999946794, 22626.605338469606], [5.246289999995497, 22580.948672104405], [5.546445399995719, 22485.55607256332], [5.714279200001329, 22461.438117342106], [8.846111899998505, 22133.092681333917], [11.367902999998478, 22014.42877604472], [11.532254699995974, 21828.173188994348], [13.759496099999524, 21777.741708041314], [13.909589800001413, 21645.560388460042], [14.630059600000095, 21580.31793677524], [16.217240300000412, 21576.862101883933], [17.81193329999951, 21566.240388696002], [18.19407140000112, 21542.92486657416], [30.53069659999892, 21498.433308843083], [30.651943999997457, 21473.186407478835], [30.883844099997077, 21419.895070418115], [31.986273199996504, 21412.859910325777], [32.296465200000966, 21407.3265359985], [32.48460799999884, 21381.746516318708], [32.617958899994846, 21378.704483939888]]",60.0328589,59.59375,0.9926855240938726,False,48.2,715.8984375,2,0.0,False,1.0,1.0,eaa3f86d9312c0970ce9,,,,,,,,,,,,
uniforme_m30_n150_r3.0_s1003,uniforme,3.0,30,150,lns,21091.68226115617,True,-1,1,60.0,60.0022447,0.002244699999998545,21229.47300315747,20063.219966013352,gap,"[[1.7810826999993878, 22679.7219037503], [3.039541799997096, 22645.577873494592], [6.67373619999853, 22503.81354803215], [8.193666699997266, 22363.240066609498], [10.002229899997474, 21858.985301520806], [12.320280799998727, 21823.97697904642], [13.643646099997568, 21821.118199444103], [13.836124499997823, 21718.81621460378], [15.396382300001278, 21685.944394361504], [16.891951899997366, 21509.832992456657], [17.002486500001396, 21335.69087989572], [19.042594699996698, 21209.766321220523], [20.301159999995434, 21184.787581664263], [59.6698122999951, 21091.68226115617]]",60.0022447,59.4375,0.9905879404541678,False,51.0,715.8984375,2,0.0,False,1.0,1.0,eaa3f86d9312c0970ce9,,,,,,,,,,,,
uniforme_m30_n150_r3.0_s1003,uniforme,3.0,30,150,lns,20743.67672796215,True,-1,2,60.0,60.0129324,0.012932399999996846,21229.47300315747,20063.219966013352,gap,"[[1.655764299997827, 22679.7219037503], [10.833853299998736, 22590.044276077], [12.648842099995818, 22329.49479528897], [15.110488299993449, 21652.603107546718], [17.395251499998267, 21485.725372748413], [19.30420229999436, 21392.273734093484], [20.524908399995184, 21310.19769950438], [30.043465700000525, 21247.783374058734], [33.24772089999897, 21219.65322565851], [37.74328399999649, 21211.97305803135], [40.17324209999788, 21190.38898184229], [40.42501259999699, 21152.89611988355], [42.82595009999932, 21057.435571808222], [42.980943199996545, 20956.769320519794], [44.25196069999947, 20952.20449327162], [44.7817017999987, 20941.868101106757], [45.37697059999482, 20915.768674237683], [45.90662299999531, 20895.60265076378], [46.72182099999918, 20836.95860976223], [48.74648189999425, 20818.214693085767], [51.24856909999653, 20780.308308872613], [51.953282099995704, 20751.64740176237], [58.98697769999853, 20743.67672796215]]",60.0129324,59.546875,0.9922340505394134,False,55.2,712.03125,6,0.0,False,1.0,1.0,eaa3f86d9312c0970ce9,,,,,,,,,,,,
uniforme_m30_n150_r3.0_s1003,uniforme,3.0,30,150,warm_classico,21035.124814234383,True,-1,0,60.0,58.0024336,0.0,21229.47300315747,20063.219966013352,gap,"[[1.5774908000021242, 22679.7219037503], [1.722170900000492, 22626.605338469606], [5.236758800005191, 22580.948672104405], [5.5304885000005015, 22485.55607256332], [5.678986800005077, 22461.438117342106], [6.116665200002899, 22461.43811734209], [10.449660999998741, 21462.341126486626], [36.93472859999747, 21433.862226366222], [36.94263730000239, 21409.264521833637], [46.85740680000163, 21035.124814234383]]",58.0024336,57.984375,0.9996886578910716,False,47.6,712.03125,6,623.0,False,1.0,2.0,eaa3f86d9312c0970ce9,,,,,,,,,,,,
