instancia,familia,razao,m,n,metodo,objetivo,valida,seed_treino,seed_solver,orcamento,t_total,estouro_s,rotulo_melhor,rotulo_bound,rotulo_qualidade,trajetoria,t_parede_s,t_cpu_s,razao_cpu,contencao_suspeita,carga_sistema_pct,pico_mem_mb,nucleo,nos,certificado,fracao_final,estagios,run_id,t_adaptativa,obj_adaptativa,iteracoes,subproblemas,nos_scip_adaptativa,tentados,aceitos,t_selecao,t_sub,t_inferencia,repetidos,pulados,t_pl
corredor_m30_n150_r1.5_s3000,corredor,1.5,30,150,adaptativa:gnn,25942.4375988358,True,0,0,60.0,58.7532198,0.0,25935.326593173348,25611.71335025022,gap,"[[0.4066343999875244, 35355.17899017634], [2.123996799986344, 28887.486830127385], [6.714512899983674, 28150.603791478665], [8.522659299982479, 27392.891931407186], [11.294103399966843, 27186.09429037769], [11.365003699989757, 27021.908531221714], [11.387187399988761, 26794.804094178282], [15.21337099999073, 26794.804094178282], [25.850545900000725, 26794.804094178282], [31.410742100008065, 25950.319282529064], [34.9457601000031, 25950.319282529064], [42.134843100007856, 25942.437598835797]]",58.7532198,50.734375,0.863516504673332,True,91.2,587.9453125,4,191.0,False,1.0,4.0,6f389ea6622c682ead73,,,,,,,,,,,,,
corredor_m30_n150_r1.5_s3000,corredor,1.5,30,150,adaptativa:pl,25939.875769686932,True,-1,0,60.0,58.9063226,0.0,25935.326593173348,25611.71335025022,gap,"[[0.40480489999754354, 36019.21712101369], [13.52552100000321, 27991.453345037095], [14.976126599969575, 27991.453345037102], [17.91630039998563, 26089.052574081456], [26.109159899991937, 26089.052574081456], [30.63957080000546, 25947.44918496226], [34.571982800000114, 25947.44918496226], [41.10349589999532, 25939.87576968693]]",58.9063226,54.09375,0.9183012554920548,False,90.4,551.265625,6,62.0,False,1.0,4.0,6f389ea6622c682ead73,,,,,,,,,,,,,
corredor_m30_n150_r1.5_s3000,corredor,1.5,30,150,completo,25935.326593173348,True,-1,0,60.0,56.9775191,0.0,25935.326593173348,25611.71335025022,gap,"[[0.7780356000002939, 35484.807148652166], [2.4098611999943387, 29757.26382739172], [2.665271000005305, 29664.754252163784], [3.6141337000008207, 29438.41144684921], [3.8212730000086594, 29434.57430092132], [4.668631100008497, 29377.444663420563], [9.026142799993977, 25935.326593173344]]",56.9775191,50.484375,0.8860402453008874,True,84.5,703.4375,4,78.0,False,1.0,1.0,6f389ea6622c682ead73,,,,,,,,,,,,,
corredor_m30_n150_r1.5_s3000,corredor,1.5,30,150,hibrido:rotacao,25933.17029402255,True,-1,0,60.0,59.9962283,0.0,25935.326593173348,25611.71335025022,gap,"[[0.6149197000195272, 35355.17899017634], [2.2259597000374924, 28887.486830127385], [6.091436800023075, 28150.603791478665], [7.146647799992934, 28150.603791478672], [13.164689400029602, 28150.603791478672], [17.253990100027295, 28150.603791478672], [26.408512500027427, 25935.326593173344], [30.002465899975505, 25935.326593173348], [35.70514879995608, 25933.17029402255]]",59.9962283,55.921875,0.9320898427209965,False,91.4,690.94140625,6,,,,,6f389ea6622c682ead73,30.002087699976983,25935.326593173348,122.0,122.0,55.0,"{""interior"": 31, ""fronteira"": 31, ""liberacao"": 30, ""regret"": 30, ""abertura"": 0}","{""interior"": 0, ""fronteira"": 1, ""liberacao"": 0, ""regret"": 0, ""abertura"": 0}",0.19836169996415265,28.82503219996579,0.0,76.0,0.0,
corredor_m30_n150_r1.5_s3000,corredor,1.5,30,150,hibrido:rotacao,25932.091721662673,True,-1,1,60.0,60.003798,0.0037980000000032987,25935.326593173348,25611.71335025022,gap,"[[0.5336959999985993, 35355.17899017634], [2.4738032999739517, 29259.164105746037], [2.554506299988134, 29070.79183023527], [2.5695546999922954, 28977.726928857883], [2.586156499979552, 28657.067435653258], [5.182451699976809, 27170.74501192212], [6.614327999996021, 26840.49375256193], [7.1176776999782305, 26840.493752561946], [9.140128200000618, 26484.153011397928], [9.322690700006206, 26484.153011397924], [12.539743300003465, 26460.52757435929], [12.86741889998666, 26460.527574359283], [16.36637669999618, 25952.29002890702], [16.932335999968927, 25952.29002890702], [29.77506839999114, 25952.290028907024], [30.759628700005123, 25939.438752390917], [32.031781199999386, 25937.36710204862], [33.07967989999452, 25935.210802897825], [33.608657100005075, 25934.847249297258], [36.75500569998985, 25933.801209987945], [40.66551779999281, 25933.774057011793], [44.756374999997206, 25932.091721662673]]",60.003798,55.421875,0.9236394502894634,False,84.0,606.55078125,2,,,,,6f389ea6622c682ead73,29.774744700000156,25952.290028907024,158.0,158.0,30.0,"{""interior"": 40, ""fronteira"": 40, ""liberacao"": 39, ""regret"": 39, ""abertura"": 0}","{""interior"": 1, ""fronteira"": 3, ""liberacao"": 3, ""regret"": 0, ""abertura"": 0}",0.22076690001995303,29.94053120011813,0.0,69.0,0.0,
corredor_m30_n150_r1.5_s3000,corredor,1.5,30,150,hibrido:rotacao,25935.327303241615,True,-1,2,60.0,59.9896146,0.0,25935.326593173348,25611.71335025022,gap,"[[0.5457131000002846, 35355.17899017634], [2.2874213000177406, 29036.937368478306], [2.53031960001681, 27710.99053550489], [2.5337184999953024, 27690.495600609313], [2.5958000000100583, 26974.18121516323], [7.089723899989622, 26974.18121516323], [8.796117199992295, 26484.153011397928], [9.091271199984476, 26484.153011397924], [12.093710999994073, 26458.177720958396], [13.163551199977519, 26458.177720958385], [16.582427899964387, 25953.189472477083], [17.488446200004546, 25953.189472477083], [23.240371099993354, 25946.164643561584], [29.004114399984246, 25946.164643561588], [29.606816699990304, 25943.297802397123], [30.49603389998083, 25938.134794585552], [32.64522030000808, 25937.95956777647], [33.68495569998049, 25935.327303241615]]",59.9896146,56.609375,0.9436529202172937,False,84.4,690.94140625,6,,,,,6f389ea6622c682ead73,29.00366539999959,25946.164643561588,162.0,162.0,38.0,"{""interior"": 41, ""fronteira"": 41, ""liberacao"": 40, ""regret"": 40, ""abertura"": 0}","{""interior"": 0, ""fronteira"": 2, ""liberacao"": 2, ""regret"": 0, ""abertura"": 0}",0.22230220018536784,30.690894599829335,0.0,107.0,0.0,
corredor_m30_n150_r1.5_s3000,corredor,1.5,30,150,hibridopl:rotacao,25933.17029402255,True,-1,0,60.0,60.2087824,0.20878239999999693,25935.326593173348,25611.71335025022,gap,"[[0.3971802000014577, 36019.21712101369], [7.021519000001717, 36019.21712101368], [13.03699860002962, 36019.21712101368], [13.235422300029313, 30825.675894850057], [13.863206600013655, 29819.896838790773], [13.946948200027691, 28741.956979591345], [14.867771500023082, 28665.126908831222], [17.34771259999252, 28665.1269088312], [25.209670100011863, 25935.326593173344], [29.937042300007306, 25935.326593173348], [34.95835420000367, 25933.17029402255]]",60.2087824,55.890625,0.9282802736100506,False,90.6,506.8359375,2,,,,,6f389ea6622c682ead73,29.936656700010644,25935.326593173348,123.0,123.0,8.0,"{""interior"": 31, ""fronteira"": 31, ""liberacao"": 31, ""regret"": 30, ""abertura"": 0}","{""interior"": 0, ""fronteira"": 1, ""liberacao"": 0, ""regret"": 0, ""abertura"": 0}",0.1954440000699833,29.69644449991756,0.0,77.0,0.0,
corredor_m30_n150_r1.5_s3000,corredor,1.5,30,150,hibridopl:rotacao,25932.882424037452,True,-1,1,60.0,59.9532335,0.0,25935.326593173348,25611.71335025022,gap,"[[0.3969387000252027, 36019.21712101369], [3.3819849000137765, 26089.052574081456], [3.4576503000280354, 26079.901482896283], [8.206663099990692, 26079.901482896283], [10.544298799999524, 26011.77711677951], [10.575212099996861, 26005.50021457519], [10.579230099974666, 26003.223578530793], [12.828951700008474, 26003.223578530793], [16.32599760001176, 25977.40003887117], [18.067035200016107, 25977.400038871165], [29.71986109999125, 25977.400038871165], [30.59334089999902, 25964.548762355058], [31.853917899978114, 25961.79872818756], [32.97311239998089, 25937.554883417], [37.74043390000588, 25934.980335770015], [39.32414969999809, 25934.977099560456], [43.008340600004885, 25934.564759386572], [51.7150263999938, 25932.882424037452]]",59.9532335,53.953125,0.8999201852890887,True,91.2,552.66015625,2,,,,,6f389ea6622c682ead73,29.719495900004404,25977.400038871165,110.0,110.0,7.0,"{""interior"": 28, ""fronteira"": 28, ""liberacao"": 27, ""regret"": 27, ""abertura"": 0}","{""interior"": 1, ""fronteira"": 4, ""liberacao"": 2, ""regret"": 0, ""abertura"": 0}",0.172585999884177,30.006043099914677,0.0,25.0,0.0,
corredor_m30_n150_r1.5_s3000,corredor,1.5,30,150,hibridopl:rotacao,26517.58893925353,True,-1,2,60.0,60.1689561,0.1689561000000026,25935.326593173348,25611.71335025022,gap,"[[0.40453010000055656, 36019.21712101369], [7.011626999999862, 36019.21712101368], [13.021508300007554, 36019.21712101368], [13.229195300024003, 30825.675894850057], [13.886854000011226, 29871.241845645865], [14.038468800019473, 28652.368167036788], [17.333179999986896, 28652.36816703675], [26.107296599977417, 27814.779675725324], [26.112383699975908, 27766.23852522806], [29.928442000003997, 27766.23852522807], [30.440613399987342, 27619.721815392142], [30.934640199993737, 27282.130432923474], [31.280973199987784, 27261.917843033618], [31.302832099987427, 27191.192330503167], [31.924453499988886, 26888.092893939855], [32.23874989998876, 26886.453772078083], [32.313097000005655, 26881.15193212486], [32.9123205000069, 26792.324120122616], [32.990613500005566, 26786.727930820805], [33.94740529998671, 26727.047800677676], [35.91828720000922, 26712.389854792735], [36.00729010000941, 26705.297937156003], [37.96057279998786, 26694.928149641502], [38.91314700001385, 26685.648570069578], [41.91161760000978, 26684.321963080998], [42.188596699998016, 26677.882820307717], [45.589706900005694, 26654.322379467678], [46.5081077000068, 26646.591618426974], [46.97503189998679, 26645.233942795843], [49.21042079999461, 26644.81455642339], [52.53259759998764, 26636.995187321132], [53.786872600001516, 26630.426224842537], [55.921035700012, 26588.863878960216], [56.3109209999966, 26544.29568128233], [58.07624829999986, 26529.325967289893], [60.167903800000204, 26517.58893925353]]",60.1689561,52.046875,0.8650120988221699,True,90.6,506.19921875,4,,,,,6f389ea6622c682ead73,29.928005399997346,27766.23852522807,108.0,108.0,7.0,"{""interior"": 27, ""fronteira"": 27, ""liberacao"": 27, ""regret"": 27, ""abertura"": 0}","{""interior"": 7, ""fronteira"": 5, ""liberacao"": 7, ""regret"": 7, ""abertura"": 0}",0.20369709969963878,29.631495499867015,0.0,11.0,0.0,
corredor_m30_n150_r1.5_s3000,corredor,1.5,30,150,kernel,25939.93693955063,True,-1,0,60.0,58.9975015,0.0,25935.326593173348,25611.71335025022,gap,"[[0.27277199999662116, 36019.21712101369], [13.656854899978498, 27991.453345037095], [15.998610099981306, 27991.453345037102], [24.894561399967643, 25939.93693955063], [36.125325100001646, 25939.93693955063]]",58.9975015,49.0,0.8305436459881271,True,87.5,777.1875,4,232.0,,0.4666666666666667,3.0,6f389ea6622c682ead73,,,,,,,,,,,,,0.06120659998850897
corredor_m30_n150_r1.5_s3001,corredor,1.5,30,150,adaptativa:gnn,24767.655553186567,True,0,0,60.0,59.0052683,0.0,25219.663105988628,24085.749328477505,gap,"[[0.37770809995708987, 25490.067772160724], [2.3136594999814406, 25460.11366979907], [6.439254499971867, 25275.516792926537], [8.157610999973258, 24805.06789495291], [8.174090399959823, 24803.11982413461], [13.910334399959538, 24783.404995474924], [15.156376799975988, 24783.404995474924], [20.63122719997773, 24767.655553186567], [26.171455799951218, 24767.655553186552], [34.1636950999964, 24767.655553186552]]",59.0052683,56.140625,0.9514510588201156,False,77.7,864.71484375,2,346.0,False,1.0,4.0,6f389ea6622c682ead73,,,,,,,,,,,,,
corredor_m30_n150_r1.5_s3001,corredor,1.5,30,150,adaptativa:pl,25219.663105988628,True,-1,0,60.0,57.9981933,0.0,25219.663105988628,24085.749328477505,gap,"[[0.32268489999114536, 25882.042714984622], [1.978905299998587, 25415.946037554942], [14.018295199988643, 25399.1584353463], [14.02540990000125, 25387.111232816333], [14.028110799990827, 25370.46331342296], [15.188133199990261, 25370.46331342296], [26.130998400010867, 25370.46331342296], [31.18808700001682, 25232.807101133312], [34.925721500010695, 25232.807101133312], [43.93954490000033, 25219.66310598863]]",57.9981933,50.984375,0.8790683312543807,True,82.6,777.1875,4,161.0,False,1.0,4.0,6f389ea6622c682ead73,,,,,,,,,,,,,
corredor_m30_n150_r1.5_s3001,corredor,1.5,30,150,completo,25219.663105988628,True,-1,0,60.0,57.0075884,0.0,25219.663105988628,24085.749328477505,gap,"[[0.7653012000082526, 35896.082867772304], [3.0320447999984026, 28345.673850757426], [3.6329175000137184, 27471.13315648519], [10.02375170000596, 25219.66310598863]]",57.0075884,54.78125,0.9609466307471445,False,86.3,652.01953125,2,168.0,False,1.0,1.0,6f389ea6622c682ead73,,,,,,,,,,,,,
corredor_m30_n150_r1.5_s3001,corredor,1.5,30,150,hibrido:rotacao,24698.15497314217,True,-1,0,60.0,59.9894895,0.0,25219.663105988628,24085.749328477505,gap,"[[0.342786299996078, 25490.067772160724], [2.1497897999943234, 25460.11366979907], [6.381176699971547, 25275.516792926537], [8.127758599963272, 25275.516792926526], [10.16645919997245, 25174.812301705733], [14.09639939997578, 25174.812301705733], [18.235369200003333, 25174.812301705733], [25.035056699998677, 25016.116533460146], [25.04469270000118, 24984.354387263775], [25.048742300015874, 24938.846294581894], [29.991529299994, 24938.846294581916], [30.040062299987767, 24922.797397834038], [30.867088699975284, 24922.150114128704], [30.90237959998194, 24907.941141119627], [31.10015129999374, 24899.055208440906], [31.27761369998916, 24889.762191618094], [33.545747499971185, 24886.62410303901], [35.79304359998787, 24849.3957187598], [38.9991624999966, 24728.72164354583], [44.99489839997841, 24728.173686254195], [45.23115299997153, 24713.47871785973], [46.93621829999029, 24713.151774651655], [53.23078629997326, 24698.15497314217]]",59.9894895,54.3125,0.9053669309854687,False,77.6,777.1875,4,,,,,6f389ea6622c682ead73,29.991225399979157,24938.846294581916,87.0,87.0,64.0,"{""interior"": 22, ""fronteira"": 22, ""liberacao"": 22, ""regret"": 21, ""abertura"": 0}","{""interior"": 1, ""fronteira"": 4, ""liberacao"": 4, ""regret"": 3, ""abertura"": 0}",0.12157670012675226,29.840328900201712,0.0,12.0,0.0,
corredor_m30_n150_r1.5_s3001,corredor,1.5,30,150,hibrido:rotacao,24777.535160375683,True,-1,1,60.0,60.4945308,0.4945307999999997,25219.663105988628,24085.749328477505,gap,"[[0.28246310001122765, 25490.067772160724], [1.8009941000200342, 24848.27479497114], [1.9866815000132192, 24797.869022415307], [1.9965368000266608, 24791.689820346524], [2.014017600013176, 24790.534801187954], [7.768303000018932, 24790.534801187954], [13.773371000017505, 24790.534801187954], [18.13895340001909, 24790.534801187954], [29.612933399999747, 24790.534801187965], [30.608280699991155, 24788.583094426547], [31.60912070001359, 24786.221914221784], [37.60529700000188, 24785.347354519115], [38.84329280001111, 24783.478070181987], [39.033877200010465, 24783.17049683511], [39.16257650000625, 24782.64930918756], [48.38482900001691, 24780.557336967337], [52.60492610000074, 24779.718433879163], [60.49413900001673, 24777.535160375683]]",60.4945308,56.4375,0.9329355770455864,False,86.4,764.0703125,6,,,,,6f389ea6622c682ead73,29.61250960000325,24790.534801187965,71.0,71.0,14.0,"{""interior"": 18, ""fronteira"": 18, ""liberacao"": 18, ""regret"": 17, ""abertura"": 0}","{""interior"": 2, ""fronteira"": 3, ""liberacao"": 3, ""regret"": 1, ""abertura"": 0}",0.10456320029334165,30.74006680009188,0.0,11.0,0.0,
corredor_m30_n150_r1.5_s3001,corredor,1.5,30,150,hibrido:rotacao,24810.86858879832,True,-1,2,60.0,59.9948651,0.0,25219.663105988628,24085.749328477505,gap,"[[0.41685410001082346, 25490.067772160724], [2.871466899989173, 25377.81816221631], [2.894209199992474, 25362.693974690563], [2.9129702000063844, 25185.032020510964], [7.182391000009375, 25185.032020510964], [9.834138100006385, 24860.670470726345], [9.858036300021922, 24857.860735696926], [13.212163800024427, 24857.860735696926], [17.620052099984605, 24857.860735696926], [28.994998400012264, 24857.860735696944], [29.27914349999628, 24832.58246206194], [30.01562429999467, 24830.35875168084], [30.052091499994276, 24826.180415152143], [32.46892630000366, 24822.342580665125], [32.99233629999799, 24814.90851446348], [47.0017640000151, 24811.3046565982], [56.88562469999306, 24810.86858879832]]",59.9948651,53.4375,0.8907012276955683,True,87.2,777.1875,4,,,,,6f389ea6622c682ead73,28.994786499999464,24857.860735696944,86.0,86.0,24.0,"{""interior"": 22, ""fronteira"": 22, ""liberacao"": 21, ""regret"": 21, ""abertura"": 0}","{""interior"": 2, ""fronteira"": 2, ""liberacao"": 2, ""regret"": 1, ""abertura"": 0}",0.12845780001953244,30.82596920011565,0.0,28.0,0.0,
corredor_m30_n150_r1.5_s3001,corredor,1.5,30,150,hibridopl:rotacao,24749.734946817032,True,-1,0,60.0,59.9852928,0.0,25219.663105988628,24085.749328477505,gap,"[[0.355705099995248, 25882.042714984622], [2.389718399994308, 25415.946037554942], [7.677783899998758, 25415.946037554942], [13.778176199964946, 25415.946037554942], [17.5861718999804, 25243.001353295032], [17.82202550000511, 25243.001353295032], [26.947206699987873, 25221.522904444144], [29.598071199987317, 25221.52290444414], [30.042061299987836, 25220.698838194978], [32.604445599979954, 24808.484441438282], [32.666907199978596, 24806.270786481364], [32.98548789997585, 24796.340574586156], [33.7831712999905, 24794.844137614], [34.586502699996345, 24787.01469546426], [37.586223299993435, 24783.757726634456], [40.23231379999197, 24780.34393183226], [42.5944971999852, 24778.31047583757], [46.13839039998129, 24776.994753065745], [46.506669800000964, 24776.596899865683], [46.66697319998639, 24773.85979052314], [47.14753980000387, 24772.335072882557], [49.13629829999991, 24770.96588638142], [51.587965899991104, 24768.761606695], [51.61703779999516, 24759.21077848645], [52.58931919999304, 24758.779075444203], [52.70467559999088, 24755.132143893377], [53.58741789998021, 24750.34878769915], [54.65793349998421, 24749.734946817032]]",59.9852928,57.4375,0.9575263755318371,False,82.2,764.0703125,6,,,,,6f389ea6622c682ead73,29.59766599998693,25221.52290444414,91.0,91.0,34.0,"{""interior"": 23, ""fronteira"": 23, ""liberacao"": 23, ""regret"": 22, ""abertura"": 0}","{""interior"": 1, ""fronteira"": 8, ""liberacao"": 8, ""regret"": 3, ""abertura"": 0}",0.12463579993345775,30.217689499870175,0.0,6.0,0.0,
corredor_m30_n150_r1.5_s3001,corredor,1.5,30,150,hibridopl:rotacao,24754.319524679748,True,-1,1,60.0,59.9980604,0.0,25219.663105988628,24085.749328477505,gap,"[[0.4460784000111744, 25882.042714984622], [2.4254243000177667, 25415.946037554942], [7.171984300017357, 25415.946037554942], [13.126959000015631, 25415.946037554942], [16.996662699995795, 25234.078820617524], [17.540439300006256, 25234.078820617524], [26.842717500025174, 25219.66310598863], [29.016517700016266, 25219.663105988628], [30.024377000023378, 25001.914683057472], [30.064465300005395, 25001.849480306595], [31.013317000004463, 24983.71650154696], [32.01161700001103, 24975.810505712834], [32.22181110002566, 24961.974174422226], [32.247760400001425, 24952.095765440823], [33.196999700012384, 24948.3925615711], [33.42756660000305, 24946.191596910678], [33.505451300006825, 24939.38997284182], [35.00465990000521, 24937.943365378687], [37.05336510000052, 24922.381532671578], [38.00050540000666, 24912.214214876563], [38.92445360001875, 24908.98529620074], [43.01361130000441, 24863.29602497298], [43.218463500001235, 24854.26508263501], [43.26330869999947, 24849.119283566317], [44.07349700000486, 24845.17319110775], [44.145808700006455, 24837.279418008788], [44.33205750002526, 24835.305734672518], [44.99818080000114, 24815.397278479817], [47.007588700013, 24805.48407742029], [47.22341790000792, 24804.94718289789], [47.27366560001974, 24804.353395903323], [47.652850900019985, 24804.29776518936], [48.87301300000399, 24803.532583420812], [51.47139830002561, 24802.16339691967], [54.00182530001621, 24784.07878501278], [56.79851180000696, 24754.93336556186], [58.90545970000676, 24754.319524679748]]",59.9980604,57.40625,0.9568017635450096,False,82.9,652.01953125,2,,,,,6f389ea6622c682ead73,29.01618020000751,25219.663105988628,95.0,95.0,26.0,"{""interior"": 24, ""fronteira"": 24, ""liberacao"": 24, ""regret"": 23, ""abertura"": 0}","{""interior"": 4, ""fronteira"": 7, ""liberacao"": 10, ""regret"": 8, ""abertura"": 0}",0.13273539999499917,30.80544819991337,0.0,2.0,0.0,
corredor_m30_n150_r1.5_s3001,corredor,1.5,30,150,hibridopl:rotacao,24761.84694236517,True,-1,2,60.0,60.107521,0.10752099999999842,25219.663105988628,24085.749328477505,gap,"[[0.33435370001825504, 25882.042714984622], [2.364329500036547, 25415.946037554942], [7.203161500045098, 25415.946037554942], [13.326012400037143, 25415.946037554942], [17.600684800039744, 25415.946037554942], [25.477493700018385, 25219.66310598863], [29.1078242000076, 25219.663105988628], [29.41463890002342, 25203.530275933015], [30.107134300022153, 24864.808019380107], [31.088618900015717, 24806.427732118867], [31.88719380000839, 24805.05854561773], [38.0075975000218, 24778.23578393939], [38.94206390000181, 24778.078113516258], [40.373302800027886, 24776.52224531208], [45.03582400002051, 24775.908404429963], [47.3323927000165, 24761.84694236517]]",60.107521,57.375,0.9545394493976885,False,77.6,764.0703125,6,,,,,6f389ea6622c682ead73,29.107544400001643,25219.663105988628,131.0,131.0,39.0,"{""interior"": 33, ""fronteira"": 33, ""liberacao"": 33, ""regret"": 32, ""abertura"": 0}","{""interior"": 1, ""fronteira"": 4, ""liberacao"": 4, ""regret"": 0, ""abertura"": 0}",0.16712950012879446,30.786149600113276,0.0,47.0,0.0,
corredor_m30_n150_r1.5_s3001,corredor,1.5,30,150,kernel,25219.663105988628,True,-1,0,60.0,57.9907005,0.0,25219.663105988628,24085.749328477505,gap,"[[0.6904752999835182, 25882.042714984622], [2.5516016999899875, 25415.946037554942], [14.283887400029926, 25415.946037554942], [22.84066320004058, 25219.66310598863]]",57.9907005,54.265625,0.9357642610300939,False,82.6,652.01953125,2,139.0,,0.5,2.0,6f389ea6622c682ead73,,,,,,,,,,,,,0.09029720001854002
corredor_m30_n150_r1.5_s3002,corredor,1.5,30,150,adaptativa:gnn,27921.287052690983,True,0,0,60.0,59.0066674,0.0,28883.361073710978,27472.495146689762,gap,"[[0.5273780000279658, 29988.713614742068], [5.8544357000500895, 27921.28705269098], [15.23737660003826, 27921.28705269098], [26.16446030003135, 27921.28705269098], [34.728598500048975, 27921.28705269098]]",59.0066674,48.953125,0.8296202303402751,True,93.2,777.1875,4,44.0,False,1.0,4.0,6f389ea6622c682ead73,,,,,,,,,,,,,
corredor_m30_n150_r1.5_s3002,corredor,1.5,30,150,adaptativa:pl,28752.764467528257,True,-1,0,60.0,58.9857669,0.0,28883.361073710978,27472.495146689762,gap,"[[0.6210259999788832, 29157.634215683403], [2.903283299994655, 29115.974239955332], [2.91021359997103, 29050.873806203374], [2.940629799995804, 29049.67684292088], [15.090750999981537, 29049.67684292088], [16.70299399999203, 28951.466672401446], [16.717067199992016, 28949.02106682009], [23.852741699985927, 28752.76446752825], [26.178328900015913, 28752.764467528246], [34.40691639998113, 28752.764467528246]]",58.9857669,49.0,0.8307088739402319,True,87.4,777.1875,4,142.0,False,1.0,4.0,6f389ea6622c682ead73,,,,,,,,,,,,,
corredor_m30_n150_r1.5_s3002,corredor,1.5,30,150,completo,29436.931285281313,True,-1,0,60.0,56.9953433,0.0,28883.361073710978,27472.495146689762,gap,"[[0.8734615999856032, 35547.81042229028], [2.526845399988815, 32707.529210217424], [2.8161890999763273, 32054.966418771583], [2.9846850999747403, 31984.231482509218], [4.079646899976069, 31937.609299585078], [8.43288959999336, 29436.931285281305]]",56.9953433,48.359375,0.8484794055096077,True,89.0,777.1875,4,132.0,False,1.0,1.0,6f389ea6622c682ead73,,,,,,,,,,,,,
corredor_m30_n150_r1.5_s3002,corredor,1.5,30,150,hibrido:rotacao,27905.6345472678,True,-1,0,60.0,59.9955251,0.0,28883.361073710978,27472.495146689762,gap,"[[0.3466210000042338, 29988.713614742068], [4.89501510001719, 27921.28705269098], [8.097241200011922, 27921.28705269098], [14.446867799997563, 27921.28705269098], [18.187289900000906, 27921.28705269098], [30.001082500006305, 27921.287052690983], [30.19604619999882, 27920.88172778576], [30.73081509998883, 27917.83431310194], [32.99214699998265, 27912.74377179845], [33.992791900003795, 27906.884456786625], [46.99710549999145, 27906.248318998172], [47.272699599998305, 27905.6345472678]]",59.9955251,54.703125,0.9117867525756517,False,89.2,764.0703125,6,,,,,6f389ea6622c682ead73,30.000715100002708,27921.287052690983,85.0,85.0,8.0,"{""interior"": 22, ""fronteira"": 21, ""liberacao"": 21, ""regret"": 21, ""abertura"": 0}","{""interior"": 2, ""fronteira"": 2, ""liberacao"": 1, ""regret"": 1, ""abertura"": 0}",0.1483503998897504,29.806130400073016,0.0,31.0,0.0,
corredor_m30_n150_r1.5_s3002,corredor,1.5,30,150,hibrido:rotacao,27899.528048489265,True,-1,1,60.0,59.9535508,0.0,28883.361073710978,27472.495146689762,gap,"[[0.994498099986231, 29988.713614742068], [5.2083547999791335, 27926.198090387243], [7.1153682000003755, 27926.198090387243], [13.174893199990038, 27926.198090387243], [17.276076699985424, 27926.198090387243], [29.992729499965208, 27926.198090387243], [30.995446599961724, 27926.086353357532], [31.358480899973074, 27925.79276548202], [32.08516379998764, 27914.842909166706], [32.2220427999855, 27907.80086693952], [36.99003149996861, 27907.400339386273], [43.99545199997374, 27904.74472806701], [44.09524389996659, 27904.445388896638], [53.230297299975064, 27899.528048489265]]",59.9535508,54.6875,0.9121644885126637,False,88.8,873.35546875,2,,,,,6f389ea6622c682ead73,29.992490699980408,27926.198090387243,124.0,124.0,6.0,"{""interior"": 31, ""fronteira"": 31, ""liberacao"": 31, ""regret"": 31, ""abertura"": 0}","{""interior"": 0, ""fronteira"": 5, ""liberacao"": 2, ""regret"": 1, ""abertura"": 0}",0.20516290032537654,29.710070999833988,0.0,42.0,0.0,
corredor_m30_n150_r1.5_s3002,corredor,1.5,30,150,hibrido:rotacao,27902.45251991717,True,-1,2,60.0,60.0346272,0.034627200000002745,28883.361073710978,27472.495146689762,gap,"[[0.44207759998971596, 29988.713614742068], [5.004095400014194, 27921.071474423763], [8.196326800010866, 27921.071474423763], [14.177098199987086, 27921.071474423763], [18.534531700017396, 27921.071474423763], [29.043023399979575, 27921.071474423763], [30.012548999977298, 27914.402608499513], [30.330345399997896, 27903.452752184203], [30.508629099989776, 27903.04742727898], [31.03594719999819, 27902.45251991717]]",60.0346272,55.546875,0.9252472712947903,False,83.0,873.35546875,2,,,,,6f389ea6622c682ead73,29.042810699989786,27921.071474423763,122.0,122.0,9.0,"{""interior"": 31, ""fronteira"": 31, ""liberacao"": 30, ""regret"": 30, ""abertura"": 0}","{""interior"": 0, ""fronteira"": 3, ""liberacao"": 1, ""regret"": 0, ""abertura"": 0}",0.19076670001959428,30.749625399912475,0.0,84.0,0.0,
corredor_m30_n150_r1.5_s3002,corredor,1.5,30,150,hibridopl:rotacao,28561.25706051599,True,-1,0,60.0,59.9996191,0.0,28883.361073710978,27472.495146689762,gap,"[[0.3064301999693271, 29157.634215683403], [1.800044199975673, 29115.974239955332], [1.8057223999639973, 29050.873806203374], [1.8250280999636743, 29049.67684292088], [8.083915099967271, 29049.67684292088], [9.587020299979486, 28951.466672401446], [9.598391499981517, 28949.02106682009], [14.618451599992113, 28949.02106682009], [18.16682079999009, 28949.02106682009], [30.007614100002684, 28949.021066820096], [30.097777999995742, 28939.21872565189], [30.99787859999924, 28860.622411245655], [31.218204900011187, 28803.772857169024], [31.24343269999372, 28798.754922265915], [32.347174900001846, 28791.836295178204], [32.39043520000996, 28776.714703141115], [32.99847980000777, 28765.77389875915], [33.33836200000951, 28764.589838965505], [34.35510340001201, 28754.73039070616], [34.50075510001625, 28717.882045595456], [34.6170645999955, 28709.503284644743], [34.978968800016446, 28704.487551219805], [36.002495399996405, 28696.896031072258], [37.034637700009625, 28689.689326942804], [38.002285599999595, 28667.662558719625], [39.99792600001092, 28661.047348939832], [40.35235249999096, 28606.41112815823], [42.11683159999666, 28605.93860616062], [42.88159510001424, 28585.23386722876], [44.03374760001316, 28584.554850067405], [46.96539500000654, 28582.6436227504], [49.014199199998984, 28569.299882251013], [53.366585999989184, 28561.25706051599]]",59.9996191,55.4375,0.9239641989660564,False,80.5,764.0703125,6,,,,,6f389ea6622c682ead73,30.00729280000087,28949.021066820096,82.0,82.0,68.0,"{""interior"": 21, ""fronteira"": 21, ""liberacao"": 20, ""regret"": 20, ""abertura"": 0}","{""interior"": 3, ""fronteira"": 8, ""liberacao"": 3, ""regret"": 9, ""abertura"": 0}",0.12580759986303747,29.814523299835855,0.0,3.0,0.0,
corredor_m30_n150_r1.5_s3002,corredor,1.5,30,150,hibridopl:rotacao,28154.768248749282,True,-1,1,60.0,59.9852785,0.0,28883.361073710978,27472.495146689762,gap,"[[0.42835570001625456, 29157.634215683403], [1.8119043000042439, 28825.92929154421], [1.8619250000047032, 28693.025495927486], [1.8886612000060268, 28341.72038381682], [7.087876600009622, 28341.72038381682], [8.456186600000365, 28293.231072197803], [8.466753600019729, 28287.276639037682], [8.488053200009745, 28264.00045229991], [13.235998699994525, 28264.00045229991], [17.636721100017894, 28264.00045229991], [28.99978879999253, 28264.00045229992], [29.994932899979176, 28227.716351841198], [31.987576999992598, 28190.197151517124], [32.22915229998762, 28189.241038016935], [32.31690879998496, 28186.622887526013], [33.26300729997456, 28177.060136447544], [35.822442599979695, 28171.16442006919], [36.934008599986555, 28170.836061880815], [36.98168619998614, 28168.552627549532], [39.98507819999941, 28166.376004951948], [40.363435899984324, 28164.965210591938], [40.98547589997179, 28162.094920788186], [43.007616599992616, 28157.585222800102], [47.988481799984584, 28154.768248749282]]",59.9852785,52.46875,0.8746937800747229,True,83.0,777.1875,4,,,,,6f389ea6622c682ead73,28.999394999991637,28264.00045229992,78.0,78.0,68.0,"{""interior"": 20, ""fronteira"": 20, ""liberacao"": 19, ""regret"": 19, ""abertura"": 0}","{""interior"": 0, ""fronteira"": 5, ""liberacao"": 6, ""regret"": 2, ""abertura"": 0}",0.12482359999557957,30.806892499880632,0.0,10.0,0.0,
corredor_m30_n150_r1.5_s3002,corredor,1.5,30,150,hibridopl:rotacao,28422.42815169259,True,-1,2,60.0,59.9964655,0.0,28883.361073710978,27472.495146689762,gap,"[[0.44813939998857677, 29157.634215683403], [2.395546599989757, 28909.552234666597], [2.3987636999809183, 28843.273410000726], [7.105916200001957, 28843.273410000726], [13.586857699992834, 28843.273410000726], [17.25586619999376, 28843.273410000726], [30.010210399981588, 28843.273410000744], [30.073932400002377, 28835.91537490356], [30.999188699992374, 28745.942708814368], [31.997713799995836, 28724.273377769114], [32.36313290000544, 28685.518344193413], [32.561038099986035, 28624.62298955522], [32.62913409998873, 28603.510266456935], [33.99569250000059, 28601.913839949513], [34.994473800004926, 28563.950965714146], [37.008823999989545, 28559.84714904468], [37.43889729998773, 28559.51483441553], [37.53851159999613, 28559.04332224152], [39.00199910000083, 28521.599240676987], [40.997669100004714, 28504.782922833358], [43.000319299986586, 28504.478314364525], [43.93721319999895, 28472.241137405414], [46.00013020000188, 28436.604204867494], [46.62451059999876, 28433.48564310167], [50.99744289999944, 28430.01342747904], [52.574351899995236, 28429.03685007671], [56.99771419999888, 28428.801553162404], [58.99717299998156, 28422.76046632174], [59.59952329998487, 28422.42815169259]]",59.9964655,53.203125,0.8867709882009632,True,92.8,764.0703125,6,,,,,6f389ea6622c682ead73,30.00982340000337,28843.273410000744,78.0,78.0,45.0,"{""interior"": 20, ""fronteira"": 20, ""liberacao"": 19, ""regret"": 19, ""abertura"": 0}","{""interior"": 4, ""fronteira"": 12, ""liberacao"": 3, ""regret"": 3, ""abertura"": 0}",0.13400700004422106,29.80316420001327,0.0,6.0,0.0,
corredor_m30_n150_r1.5_s3002,corredor,1.5,30,150,kernel,28625.910985099443,True,-1,0,60.0,57.9978418,0.0,28883.361073710978,27472.495146689762,gap,"[[0.540261099988129, 31160.691994797096], [1.2317832999979146, 31017.044791708802], [2.1631206999882124, 30461.491311269547], [6.8709226999781094, 28625.910985099446], [15.259127199999057, 28625.910985099446]]",57.9978418,53.046875,0.9146353269993575,False,87.9,873.35546875,2,127.0,,0.5666666666666667,2.0,6f389ea6622c682ead73,,,,,,,,,,,,,0.12406269999337383
corredor_m30_n150_r1.5_s3003,corredor,1.5,30,150,adaptativa:gnn,26559.47284066894,True,0,0,60.0,59.0164783,0.0,26555.439049111515,25452.101400087577,gap,"[[0.6548900000052527, 27491.706070212083], [3.1929151999938767, 27412.33714181656], [3.1970716000068933, 27411.266699869513], [3.204285699990578, 27394.085595696135], [9.456545900000492, 27145.227208782395], [9.459305600001244, 27119.13380460297], [9.775079199986067, 27030.717319254272], [12.902829099999508, 26948.763928057193], [13.07601479999721, 26718.954719999652], [14.195554600009928, 26718.954719999674], [25.302723099972354, 26718.954719999674], [31.769287399976747, 26602.841767296988], [34.45806679999805, 26602.841767296988], [46.12556199997198, 26559.47284066894]]",59.0164783,49.953125,0.8464267343448042,True,88.0,781.2109375,4,149.0,False,1.0,4.0,6f389ea6622c682ead73,,,,,,,,,,,,,
corredor_m30_n150_r1.5_s3003,corredor,1.5,30,150,adaptativa:pl,26557.549979848398,True,-1,0,60.0,59.0541948,0.0,26555.439049111515,25452.101400087577,gap,"[[0.2669622999965213, 27491.706070212083], [2.8845019999716897, 27412.33714181656], [2.8873635999916587, 27411.266699869513], [2.8941911999718286, 27394.085595696135], [7.5841042999818455, 27145.227208782395], [7.586629799974617, 27119.13380460297], [7.95951979997335, 27030.717319254272], [11.16961439998704, 26948.763928057193], [11.363316599978134, 26718.954719999652], [15.140522799978498, 26718.954719999674], [26.18885040000896, 26718.954719999674], [32.054200999991735, 26583.21247899298], [34.683352499996545, 26583.21247899298], [43.809098199999426, 26557.5499798484]]",59.0541948,53.0,0.8974806985260936,True,85.8,764.0703125,6,191.0,False,1.0,4.0,6f389ea6622c682ead73,,,,,,,,,,,,,
corredor_m30_n150_r1.5_s3003,corredor,1.5,30,150,completo,26555.439049111515,True,-1,0,60.0,57.0017487,0.0,26555.439049111515,25452.101400087577,gap,"[[0.9000163000018802, 32973.495852897875], [4.046959700004663, 30131.354477362776], [4.8174322999839205, 29880.578541270334], [5.383219499984989, 29786.876196498688], [6.261539200000698, 29744.901223854333], [6.484249800007092, 29305.523943933644], [14.995377899991581, 26555.439049111512]]",57.0017487,47.265625,0.8291960523660216,True,91.3,781.2109375,4,83.0,False,1.0,1.0,6f389ea6622c682ead73,,,,,,,,,,,,,
corredor_m30_n150_r1.5_s3003,corredor,1.5,30,150,hibrido:rotacao,26160.941553135857,True,-1,0,60.0,59.9914869,0.0,26555.439049111515,25452.101400087577,gap,"[[0.38044719997560605, 27491.706070212083], [3.029157499986468, 27412.33714181656], [3.0314968999882694, 27411.266699869513], [3.0389679999789223, 27394.085595696135], [7.664442799985409, 27394.085595696135], [10.444927599979565, 27320.051920351474], [10.545181099994807, 27271.158123164318], [10.546912499994505, 27174.581612337774], [10.559633099968778, 27168.967705038474], [12.143848899984732, 27168.967705038474], [17.295879600016633, 27168.967705038474], [29.99456099999952, 26567.916714105297], [30.02390599998762, 26567.916714105297], [30.144271400000434, 26567.457895089097], [32.20340729999589, 26567.22674134523], [32.99155239999527, 26354.695747253183], [33.906523000012385, 26354.64860801244], [35.99900250000064, 26235.71971995414], [36.52606659999583, 26234.578455534534], [36.583817200007616, 26224.3928153172], [36.84505500001251, 26219.094990009307], [37.11149250000017, 26217.78227450049], [37.99650949999341, 26213.70633300964], [38.123840399988694, 26201.926407483108], [38.307109599991236, 26194.256113509546], [38.9523288999917, 26192.93589553279], [39.47011110000312, 26192.859225886743], [39.83139750000555, 26183.5204159418], [39.88695590000134, 26183.36218268335], [41.99879250000231, 26183.131191506647], [44.004610100004356, 26182.513195605534], [44.60083700000541, 26182.50705235823], [45.37415730001521, 26181.17451558889], [56.9935201999906, 26171.6353775593], [58.89111070000217, 26170.739850932383], [59.534768000012264, 26161.407342538678], [59.991263400006574, 26160.941553135857]]",59.9914869,49.4375,0.8240752572512084,True,92.0,781.2109375,4,,,,,6f389ea6622c682ead73,30.023632800002815,26567.916714105297,103.0,103.0,31.0,"{""interior"": 26, ""fronteira"": 26, ""liberacao"": 26, ""regret"": 25, ""abertura"": 0}","{""interior"": 5, ""fronteira"": 6, ""liberacao"": 9, ""regret"": 4, ""abertura"": 0}",0.23819210019428283,29.66246199980378,0.0,14.0,0.0,
corredor_m30_n150_r1.5_s3003,corredor,1.5,30,150,hibrido:rotacao,26353.09365963053,True,-1,1,60.0,59.9764672,0.0,26555.439049111515,25452.101400087577,gap,"[[0.4105654000013601, 27491.706070212083], [3.252300699998159, 27390.91385074582], [3.2835077999916393, 27338.643648564863], [3.288770100014517, 27178.84150512348], [7.1899479999847244, 27178.84150512348], [9.628051899984712, 26718.526147223245], [9.633251899969764, 26703.338967517084], [9.648569899989525, 26693.945411992045], [13.22558750002645, 26693.945411992045], [17.64773189998232, 26693.945411992045], [28.31538620000356, 26575.574517125657], [29.015261499996996, 26575.574517125664], [29.185494700010167, 26575.215414495877], [31.997829500003718, 26480.138135503308], [32.99570530001074, 26480.041330980333], [33.02673040001537, 26479.79342199518], [36.39470100001199, 26359.532653770148], [36.71775320000597, 26357.470290058125], [40.66529599999194, 26353.579201572713], [47.25616399999126, 26353.09365963053]]",59.9764672,52.34375,0.8727381328655517,True,92.6,764.0703125,6,,,,,6f389ea6622c682ead73,29.014773600007175,26575.574517125664,107.0,107.0,6.0,"{""interior"": 27, ""fronteira"": 27, ""liberacao"": 27, ""regret"": 26, ""abertura"": 0}","{""interior"": 1, ""fronteira"": 2, ""liberacao"": 2, ""regret"": 3, ""abertura"": 0}",0.2107223000493832,30.682172000029823,0.0,38.0,0.0,
corredor_m30_n150_r1.5_s3003,corredor,1.5,30,150,hibrido:rotacao,26297.661043879612,True,-1,2,60.0,59.994206,0.0,26555.439049111515,25452.101400087577,gap,"[[0.4832514000008814, 27491.706070212083], [2.914935399981914, 27387.280297116155], [2.9323155999882147, 27355.635531822307], [2.9384536999859847, 27069.530449455066], [7.088703100016573, 27069.530449455066], [10.776095100009115, 27051.16326619553], [10.780284300009953, 26811.490510916392], [10.784886100009317, 26731.454186126954], [13.148933299991768, 26731.454186126954], [17.488949399994453, 26731.454186126954], [28.99348919998738, 26604.175132599306], [29.01836820002063, 26604.175132599295], [29.074368300003698, 26583.378266922766], [29.803612700023223, 26362.974915950777], [30.44066780002322, 26355.79123239762], [31.357047800003784, 26355.735272639853], [31.467372500017518, 26355.052117706586], [32.78837080000085, 26352.13500999387], [34.99728690000484, 26313.501937134857], [37.00166460001492, 26310.226240678126], [37.24459420001949, 26304.244894826435], [37.36158389999764, 26301.79124857439], [38.93120020002243, 26299.9467252938], [42.002777600020636, 26297.661043879612]]",59.994206,51.359375,0.8560722513770747,True,90.8,873.35546875,2,,,,,6f389ea6622c682ead73,29.017900700011523,26604.175132599295,94.0,94.0,6.0,"{""interior"": 24, ""fronteira"": 24, ""liberacao"": 23, ""regret"": 23, ""abertura"": 0}","{""interior"": 4, ""fronteira"": 4, ""liberacao"": 4, ""regret"": 0, ""abertura"": 0}",0.15077310003107414,30.77437370008556,0.0,25.0,0.0,
corredor_m30_n150_r1.5_s3003,corredor,1.5,30,150,hibridopl:rotacao,26571.56168766087,True,-1,0,60.0,59.9670553,0.0,26555.439049111515,25452.101400087577,gap,"[[0.3814014999952633, 27491.706070212083], [3.0586255000089295, 27412.33714181656], [3.060796100005973, 27411.266699869513], [3.0675102999957744, 27394.085595696135], [7.134887299995171, 27394.085595696135], [10.311895999999251, 27320.051920351474], [10.438775399990845, 27271.158123164318], [10.441918899974553, 27174.581612337774], [10.459971299977042, 27168.967705038474], [13.160592600004748, 27168.967705038474], [17.59502739997697, 27168.967705038474], [29.01474230000167, 27168.967705038474], [29.998068999993848, 27132.31530308102], [32.0009546999936, 26863.98133764936], [32.16186560000642, 26842.168923601344], [32.21624259999953, 26832.576801518306], [32.999270900007105, 26808.745082672678], [34.00526969999191, 26793.16020357682], [34.13627600000473, 26752.77005207189], [34.99789259998943, 26740.310096818255], [35.14806989999488, 26737.064982164244], [35.92500519999885, 26709.62139919831], [37.219113500003004, 26699.130415089792], [37.99570109997876, 26694.50506590493], [38.448493599978974, 26678.013493885304], [39.501932199986186, 26671.361658640802], [39.84893419998116, 26655.31807667968], [42.43638249998912, 26654.773038842257], [44.99106159998337, 26610.158772446666], [45.99718989999383, 26600.424012776362], [46.99919239999144, 26597.50319470284], [50.90418189999764, 26596.221338737785], [50.921197299991036, 26589.03440650923], [52.473944199999096, 26574.921631053003], [52.91816889998154, 26574.822018521114], [55.67642629999318, 26571.830316018735], [57.35034489998361, 26571.56168766087]]",59.9670553,52.5,0.8754807074877329,True,91.7,873.35546875,2,,,,,6f389ea6622c682ead73,29.014315799984615,27168.967705038474,81.0,81.0,41.0,"{""interior"": 21, ""fronteira"": 20, ""liberacao"": 20, ""regret"": 20, ""abertura"": 0}","{""interior"": 6, ""fronteira"": 6, ""liberacao"": 10, ""regret"": 3, ""abertura"": 0}",0.1509308998065535,30.74982009996893,0.0,2.0,0.0,
corredor_m30_n150_r1.5_s3003,corredor,1.5,30,150,hibridopl:rotacao,26353.09365963053,True,-1,1,60.0,59.9756272,0.0,26555.439049111515,25452.101400087577,gap,"[[0.46733519999543205, 27491.706070212083], [3.649967999983346, 27390.91385074582], [3.6879321999731474, 27338.643648564863], [3.695654699986335, 27178.84150512348], [7.141195999982301, 27178.84150512348], [9.603585799981374, 26718.526147223245], [9.610913799988339, 26703.338967517084], [9.62636389999534, 26693.945411992045], [13.232407300005434, 26693.945411992045], [17.877256000007037, 26693.945411992045], [28.087814700003946, 26575.574517125657], [29.021141899982467, 26575.574517125664], [29.15140989999054, 26575.215414495877], [32.02120200000354, 26480.138135503308], [33.01912630000152, 26480.041330980333], [33.05056269999477, 26479.79342199518], [36.858744600001955, 26359.532653770148], [37.08137979998719, 26357.470290058125], [41.58821159999934, 26353.579201572713], [48.37732099997811, 26353.09365963053]]",59.9756272,53.65625,0.8946342456923901,True,88.1,764.0703125,6,,,,,6f389ea6622c682ead73,29.020885899983114,26575.574517125664,111.0,111.0,6.0,"{""interior"": 28, ""fronteira"": 28, ""liberacao"": 28, ""regret"": 27, ""abertura"": 0}","{""interior"": 1, ""fronteira"": 2, ""liberacao"": 2, ""regret"": 3, ""abertura"": 0}",0.19269559992244467,30.713273199857213,0.0,42.0,0.0,
corredor_m30_n150_r1.5_s3003,corredor,1.5,30,150,hibridopl:rotacao,26336.00104021881,True,-1,2,60.0,59.9909151,0.0,26555.439049111515,25452.101400087577,gap,"[[0.3563219000061508, 27491.706070212083], [2.6073444000212476, 27387.280297116155], [2.634908500011079, 27355.635531822307], [2.6412045000179205, 27069.530449455066], [7.173204900027486, 27069.530449455066], [9.866977600031532, 27051.16326619553], [9.870335700019496, 26811.490510916392], [9.87290060002124, 26731.454186126954], [13.202446300012525, 26731.454186126954], [17.283814399997937, 26731.454186126954], [29.79967169999145, 26560.566391269782], [29.99491079998552, 26560.56639126978], [30.068108699982986, 26556.638224905484], [30.855347000004258, 26347.804243433864], [31.138517599989427, 26337.463321091298], [31.583570699993288, 26336.780166158034], [32.93466470000567, 26336.733026917293], [33.25824629998533, 26336.00104021881]]",59.9909151,54.25,0.9043035917950183,False,89.7,764.0703125,6,,,,,6f389ea6622c682ead73,29.994464099989273,26560.56639126978,106.0,106.0,8.0,"{""interior"": 27, ""fronteira"": 27, ""liberacao"": 26, ""regret"": 26, ""abertura"": 0}","{""interior"": 2, ""fronteira"": 1, ""liberacao"": 3, ""regret"": 0, ""abertura"": 0}",0.16940860016620718,29.78111660023569,0.0,60.0,0.0,
corredor_m30_n150_r1.5_s3003,corredor,1.5,30,150,kernel,26567.916714105297,True,-1,0,60.0,58.0324662,0.0,26555.439049111515,25452.101400087577,gap,"[[0.45617559997481294, 27491.706070212083], [3.7244843999797013, 27412.33714181656], [3.727024599997094, 27411.266699869513], [3.7330876999767497, 27394.085595696135], [8.190202999976464, 27145.227208782395], [8.191241799999261, 27119.13380460297], [8.561174799979199, 27030.717319254272], [11.788914099975955, 26948.763928057193], [12.031679799983976, 26718.954719999652], [15.268707500013988, 26718.954719999674], [26.60986860000412, 26567.916714105297]]",58.0324662,53.640625,0.9243209622547456,False,87.8,873.35546875,2,179.0,,0.5,2.0,6f389ea6622c682ead73,,,,,,,,,,,,,0.13453889999073
corredor_m30_n150_r1.5_s3004,corredor,1.5,30,150,adaptativa:gnn,25506.949462647943,True,0,0,60.0,59.0132742,0.0,25421.538396170246,24477.40196205709,gap,"[[0.3346787000482436, 26307.82988913721], [0.6892169000348076, 25787.136424763037], [15.15551900002174, 25787.136424763], [26.512811499997042, 25787.136424763], [30.190163599996595, 25544.45077818083], [34.33094560002792, 25544.45077818083], [42.91103450002265, 25521.399419486537], [42.9769863000256, 25506.94946264792]]",59.0132742,55.453125,0.9396720611038389,False,84.6,873.35546875,2,313.0,False,1.0,4.0,6f389ea6622c682ead73,,,,,,,,,,,,,
corredor_m30_n150_r1.5_s3004,corredor,1.5,30,150,adaptativa:pl,25510.52213257276,True,-1,0,60.0,58.9956848,0.0,25421.538396170246,24477.40196205709,gap,"[[0.4412373999657575, 26307.82988913721], [0.7693379999545868, 25787.136424763037], [15.177102799993008, 25787.136424763], [26.10272879997501, 25787.136424763], [30.545901799981948, 25524.903229152802], [30.612390199967194, 25510.522132572736], [34.20972119999351, 25510.522132572736]]",58.9956848,54.203125,0.9187642313798517,False,83.9,781.1796875,6,274.0,False,1.0,4.0,6f389ea6622c682ead73,,,,,,,,,,,,,
corredor_m30_n150_r1.5_s3004,corredor,1.5,30,150,completo,25528.427813596056,True,-1,0,60.0,57.0064869,0.0,25421.538396170246,24477.40196205709,gap,"[[0.9416586000006646, 31545.522951382085], [4.0631968999805395, 28011.24839713968], [4.872103899979265, 27410.78413606032], [5.9095188999781385, 27358.890871463762], [11.590068599994993, 25528.427813596034]]",57.0064869,51.109375,0.8965536692281243,True,87.1,764.0703125,6,100.0,False,1.0,1.0,6f389ea6622c682ead73,,,,,,,,,,,,,
corredor_m30_n150_r1.5_s3004,corredor,1.5,30,150,hibrido:rotacao,25026.279676213984,True,-1,0,60.0,59.9916978,0.0,25421.538396170246,24477.40196205709,gap,"[[0.3626899999799207, 26307.82988913721], [0.6275949999981094, 25787.136424763037], [7.1854395999980625, 25787.136424763], [13.205417700024555, 25787.136424763], [17.843854000006104, 25787.136424763], [28.991654000012204, 25531.800138059007], [29.014788000000408, 25531.80013805902], [29.056277299998328, 25527.534929358368], [30.788841300003696, 25411.39987562118], [30.849944999994477, 25397.761459534908], [31.59462310001254, 25382.643697077066], [31.853384799993364, 25380.851161752507], [31.974586199998157, 25379.778859728573], [32.17253820001497, 25378.709094025548], [32.28198570001405, 25370.15713977973], [32.99145239999052, 25056.697279911343], [35.30304920001072, 25053.80214348111], [35.928899899998214, 25053.676057974895], [35.971654599998146, 25049.061399652717], [36.59523710000212, 25046.779055150007], [37.018719100015005, 25043.45553962948], [37.99115580000216, 25040.8716428756], [38.64321700000437, 25040.808059356517], [38.9923148000089, 25033.59544875712], [41.993285600008676, 25032.74758716934], [42.54446239999379, 25031.70971817576], [42.920999199996004, 25030.662655599343], [49.19663260001107, 25030.155639866705], [55.992796400008956, 25028.48100106665], [59.53840799999307, 25026.279676213984]]",59.9916978,50.734375,0.8456899347829426,True,85.8,781.2109375,4,,,,,6f389ea6622c682ead73,29.014366999996128,25531.80013805902,82.0,82.0,35.0,"{""interior"": 21, ""fronteira"": 21, ""liberacao"": 20, ""regret"": 20, ""abertura"": 0}","{""interior"": 4, ""fronteira"": 7, ""liberacao"": 8, ""regret"": 4, ""abertura"": 0}",0.12284499988891184,30.80896820005728,0.0,4.0,0.0,
corredor_m30_n150_r1.5_s3004,corredor,1.5,30,150,hibrido:rotacao,25092.607073850588,True,-1,1,60.0,59.9977233,0.0,25421.538396170246,24477.40196205709,gap,"[[0.572531700017862, 26307.82988913721], [0.9668317000323441, 25787.136424763037], [2.7765707000216935, 25764.395624332723], [2.778833000018494, 25717.706739569574], [2.7817973000346683, 25707.2669946877], [7.085617500037188, 25707.2669946877], [13.122270499996375, 25707.2669946877], [17.69050110000535, 25707.2669946877], [28.30522110001766, 25527.041937053527], [28.988372400024673, 25527.041937053542], [31.23341420001816, 25519.340218974445], [31.291955700027756, 25518.281441403346], [31.9856720000098, 25475.914606049402], [32.98412720000488, 25163.520484524703], [34.64552490002825, 25138.077505662404], [35.40359840000747, 25127.692205743515], [39.21950190002099, 25124.607124047983], [40.82882190000964, 25116.765884032433], [41.31355770002119, 25112.076849434256], [43.36909430002561, 25109.517746046553], [45.402123900013976, 25106.966708113716], [47.57141920001595, 25106.742941163284], [49.996667600033106, 25106.355049131533], [56.06493650001357, 25098.40346885866], [57.27850660000695, 25092.607073850588]]",59.9977233,53.59375,0.8932630615335365,True,85.7,873.35546875,2,,,,,6f389ea6622c682ead73,28.988062200020067,25527.041937053542,102.0,102.0,42.0,"{""interior"": 26, ""fronteira"": 26, ""liberacao"": 25, ""regret"": 25, ""abertura"": 0}","{""interior"": 3, ""fronteira"": 7, ""liberacao"": 3, ""regret"": 2, ""abertura"": 0}",0.15170499996747822,30.81420039976365,0.0,1.0,0.0,
corredor_m30_n150_r1.5_s3004,corredor,1.5,30,150,hibrido:rotacao,25043.964842140078,True,-1,2,60.0,59.9862577,0.0,25421.538396170246,24477.40196205709,gap,"[[0.502939800004242, 26307.82988913721], [0.8333951999957208, 25787.136424763037], [2.32582959998399, 25614.418344263082], [2.3300090999982785, 25605.064500315908], [7.074455899972236, 25605.064500315908], [9.272933799977181, 25581.23194485479], [9.280455499974778, 25562.4438553111], [13.101840699964669, 25562.4438553111], [17.561540599970613, 25562.4438553111], [26.734920999966562, 25521.399419486537], [28.98920139996335, 25521.39941948655], [29.988237399957143, 25450.118896897708], [30.558129199955147, 25432.993114403645], [30.572285599977477, 25422.770003226768], [31.855612599960295, 25417.80452637927], [32.09731799995643, 25416.255567568234], [34.990395799977705, 25091.806595248203], [36.53090279997559, 25079.160206918143], [38.98470299996552, 25058.12259646183], [39.99109299996053, 25053.81817368526], [40.2496871999756, 25049.444795188287], [44.99841619996005, 25048.436642867204], [51.98505619997741, 25045.63948094013], [59.855705999973, 25043.964842140078]]",59.9862577,54.796875,0.9134904743357577,False,83.8,873.35546875,2,,,,,6f389ea6622c682ead73,28.988988999975845,25521.39941948655,79.0,79.0,45.0,"{""interior"": 20, ""fronteira"": 20, ""liberacao"": 20, ""regret"": 19, ""abertura"": 0}","{""interior"": 2, ""fronteira"": 4, ""liberacao"": 5, ""regret"": 2, ""abertura"": 0}",0.13121239995234646,30.82704009988811,0.0,9.0,0.0,
corredor_m30_n150_r1.5_s3004,corredor,1.5,30,150,hibridopl:rotacao,25117.037575244864,True,-1,0,60.0,60.0062094,0.006209400000003029,25421.538396170246,24477.40196205709,gap,"[[0.356037199991988, 26307.82988913721], [0.6676422999880742, 25787.136424763037], [8.173176799988141, 25787.136424763], [14.14982999995118, 25787.136424763], [18.75171169996611, 25787.136424763], [28.24794179998571, 25521.399419486537], [28.318017399986275, 25506.94946264792], [29.012099100014893, 25506.949462647943], [30.000701900018612, 25189.110873234655], [30.8367586999957, 25186.546498787266], [30.936061799991876, 25143.74695181383], [31.490893400012283, 25140.297668488307], [33.99813620001078, 25134.65535734538], [35.90024930000072, 25130.277271264298], [37.73883250000654, 25127.79044446976], [42.167772600019816, 25123.445224441934], [43.688627700001234, 25121.06789869573], [50.182540800014976, 25117.037575244864]]",60.0062094,51.625,0.8603276313600972,True,83.8,781.2109375,4,,,,,6f389ea6622c682ead73,29.011881300015375,25506.949462647943,82.0,82.0,41.0,"{""interior"": 21, ""fronteira"": 21, ""liberacao"": 20, ""regret"": 20, ""abertura"": 0}","{""interior"": 1, ""fronteira"": 5, ""liberacao"": 1, ""regret"": 3, ""abertura"": 0}",0.15936250012600794,30.79039570002351,0.0,12.0,0.0,
corredor_m30_n150_r1.5_s3004,corredor,1.5,30,150,hibridopl:rotacao,25014.91179095026,True,-1,1,60.0,59.9865705,0.0,25421.538396170246,24477.40196205709,gap,"[[0.38158899993868545, 26307.82988913721], [0.6766625999589451, 25787.136424763037], [2.2491520999465138, 25764.395624332723], [2.251139899948612, 25717.706739569574], [2.2562337999406736, 25707.2669946877], [7.163228899938986, 25707.2669946877], [13.158775799965952, 25707.2669946877], [16.979302799969446, 25535.414193859622], [17.736161499953596, 25535.414193859622], [27.23623739994946, 25521.399419486537], [28.98375829998986, 25521.39941948655], [30.980946899973787, 25421.466498562615], [31.01954619999742, 25402.825734503796], [31.07232809998095, 25401.7669569327], [31.986295099981362, 25368.9289630208], [34.06986429999233, 25363.544417211157], [37.34178689998225, 25355.60946232726], [39.01682019999134, 25351.275495821195], [39.95253859998775, 25044.265920106136], [43.98206159999245, 25033.491995209875], [46.09128169997712, 25032.98094923721], [47.20846189997974, 25032.674515927618], [48.71111499998369, 25023.475030205314], [51.07358239998575, 25023.25126325488], [51.65786229999503, 25014.91179095026]]",59.9865705,51.765625,0.8629535672488562,True,84.8,781.2109375,4,,,,,6f389ea6622c682ead73,28.983475699991686,25521.39941948655,98.0,98.0,43.0,"{""interior"": 25, ""fronteira"": 25, ""liberacao"": 24, ""regret"": 24, ""abertura"": 0}","{""interior"": 2, ""fronteira"": 9, ""liberacao"": 1, ""regret"": 2, ""abertura"": 0}",0.17641419972642325,30.78203849995043,0.0,11.0,0.0,
corredor_m30_n150_r1.5_s3004,corredor,1.5,30,150,hibridopl:rotacao,25041.88599699645,True,-1,2,60.0,59.9958199,0.0,25421.538396170246,24477.40196205709,gap,"[[0.38590610001119785, 26307.82988913721], [0.6692489000270143, 25787.136424763037], [2.1702703000046313, 25614.418344263082], [2.1731436000263784, 25605.064500315908], [7.152877600019565, 25605.064500315908], [8.965153500030283, 25581.23194485479], [8.97247450001305, 25562.4438553111], [13.445570600044448, 25562.4438553111], [17.293500200030394, 25562.4438553111], [27.4056345000281, 25521.399419486537], [30.00145660000271, 25521.39941948655], [30.9979439000017, 25450.118896897708], [31.39772370000719, 25432.993114403645], [31.421287600009236, 25422.770003226768], [32.00060730002588, 25413.74918277351], [32.42864790002932, 25404.597262462623], [33.00115230001393, 25403.336153530174], [34.00365860000602, 25082.18509592229], [35.52352530002827, 25073.06940027494], [36.785789500019746, 25068.903141383762], [36.83174210001016, 25067.08378304821], [38.14145700001973, 25066.953454180722], [38.55195800002548, 25064.227192494152], [38.89961170000606, 25064.061815170244], [39.99770810001064, 25058.537322500586], [41.862772200023755, 25055.06628916066], [43.634894800023176, 25053.733758177026], [49.9986730000237, 25046.23465251472], [52.18999640000402, 25042.349565339413], [58.76036860002205, 25041.88599699645]]",59.9958199,55.609375,0.9268874913733781,False,90.8,873.35546875,2,,,,,6f389ea6622c682ead73,30.001088400022127,25521.39941948655,94.0,94.0,53.0,"{""interior"": 24, ""fronteira"": 24, ""liberacao"": 23, ""regret"": 23, ""abertura"": 0}","{""interior"": 3, ""fronteira"": 8, ""liberacao"": 5, ""regret"": 3, ""abertura"": 0}",0.16714490004233085,29.784577199985506,0.0,7.0,0.0,
corredor_m30_n150_r1.5_s3004,corredor,1.5,30,150,kernel,25544.157237883344,True,-1,0,60.0,59.0023234,0.0,25421.538396170246,24477.40196205709,gap,"[[0.4859302999684587, 26307.82988913721], [0.8454248999478295, 25787.136424763037], [15.335593599971617, 25787.136424763], [23.383036999963224, 25544.157237883326], [37.38733129997854, 25544.157237883326]]",59.0023234,54.625,0.9258109995037924,False,84.7,764.0703125,6,354.0,,0.4666666666666667,3.0,6f389ea6622c682ead73,,,,,,,,,,,,,0.11765149998245761
corredor_m30_n150_r1.5_s3005,corredor,1.5,30,150,adaptativa:gnn,27282.342152241607,True,0,0,60.0,59.0028702,0.0,28532.23616946114,26268.941459443093,gap,"[[26.372627999953693, 30072.255830561808], [31.487958999961847, 27282.34215224161], [34.672964299999876, 27282.34215224161]]",59.0028702,53.0,0.8982613866130194,True,96.0,873.35546875,2,78.0,False,1.0,4.0,6f389ea6622c682ead73,,,,,,,,,,,,,
corredor_m30_n150_r1.5_s3005,corredor,1.5,30,150,adaptativa:pl,27458.379894248817,True,-1,0,60.0,59.008616,0.0,28532.23616946114,26268.941459443093,gap,"[[0.3282439000031445, 28653.845467216328], [8.370023199997377, 28540.19920703623], [8.37806499999715, 28522.755555850446], [8.40216440000222, 28405.47588976839], [10.639713999989908, 27807.802022008767], [14.015801600005943, 27654.770847572952], [15.122693800018169, 27654.770847572952], [26.10327910000342, 27654.770847572952], [34.57798079997883, 27654.770847572952], [44.29493309999816, 27611.60987674002], [44.302386699971976, 27458.379894248817]]",59.008616,52.46875,0.8891709983504782,True,83.2,781.2109375,4,171.0,False,1.0,4.0,6f389ea6622c682ead73,,,,,,,,,,,,,
corredor_m30_n150_r1.5_s3005,corredor,1.5,30,150,completo,28532.23616946114,True,-1,0,60.0,57.0006892,0.0,28532.23616946114,26268.941459443093,gap,"[[0.9299630000023171, 35579.113083080236], [10.372125800000504, 31847.76024447325], [10.400515099987388, 31621.283847766765], [10.412750899995444, 31158.78163680757], [15.258838999987347, 30834.378874133734], [22.59809429998859, 29893.506236129022], [37.60786519999965, 29648.22252395516], [56.11184699999285, 28537.792353561683], [56.11574839998502, 28532.236169461154]]",57.0006892,53.203125,0.9333768722220994,False,86.4,781.234375,6,86.0,False,1.0,1.0,6f389ea6622c682ead73,,,,,,,,,,,,,
corredor_m30_n150_r1.5_s3005,corredor,1.5,30,150,hibrido:rotacao,28022.002972450657,True,-1,0,60.0,59.9756217,0.0,28532.23616946114,26268.941459443093,gap,"[[13.226746199972695, 30072.255830561808], [17.309169599990128, 30072.255830561815], [28.364383999985876, 29831.41347223067], [28.41178620001301, 29589.67072219804], [28.420946800004458, 29587.390953489405], [29.99058879999211, 29587.390953489397], [30.058798799989745, 29579.16159626088], [30.979208399978234, 29519.22613404897], [31.04718269998557, 29518.924274890596], [31.107046299992362, 29511.532992842785], [31.187957599991933, 28581.53564536793], [32.603405099973315, 28323.632773580877], [32.733921299979556, 28314.68633715863], [32.78237229998922, 28277.14364198952], [33.175898099987535, 28272.85638497075], [34.119748099969, 28190.680871916327], [34.98918749997392, 28145.608654772863], [35.97760999997263, 28118.702555978623], [36.22763579999446, 28106.66189665865], [36.614334999991115, 28103.94962144368], [36.78482639999129, 28096.11786014366], [36.97362969999085, 28095.372241664383], [39.98186769997119, 28085.342962398623], [44.725575599994045, 28082.212669837354], [45.21228679997148, 28080.55455878444], [47.18616969996947, 28076.89772191668], [47.97431629998027, 28066.666418739016], [51.976277699985076, 28037.439624924078], [52.59319719998166, 28033.58185530913], [53.97509089997038, 28032.95946829672], [54.509918999974616, 28031.38483272001], [57.97661069998867, 28022.002972450657]]",59.9756217,48.515625,0.8089224192235426,True,95.2,781.2109375,4,,,,,6f389ea6622c682ead73,29.989969299989752,29587.390953489397,106.0,106.0,13.0,"{""interior"": 27, ""fronteira"": 27, ""liberacao"": 26, ""regret"": 26, ""abertura"": 0}","{""interior"": 9, ""fronteira"": 9, ""liberacao"": 4, ""regret"": 4, ""abertura"": 0}",0.20932190003804862,29.705336999701103,0.0,2.0,0.0,
corredor_m30_n150_r1.5_s3005,corredor,1.5,30,150,hibrido:rotacao,27294.37405287978,True,-1,1,60.0,59.9594961,0.0,28532.23616946114,26268.941459443093,gap,"[[13.37351860004128, 30072.255830561808], [17.268634100008057, 30072.255830561815], [29.998353500006488, 30072.255830561808], [30.995211200031918, 28271.768746949434], [31.067627200012794, 28251.970423194438], [31.347096800018335, 28216.192578426144], [31.385799000010593, 28177.308738853942], [31.960959200019715, 28099.119752202227], [32.12306140002329, 28089.036817174063], [32.99016890002531, 28018.45223267563], [33.47890200003167, 27766.274022113867], [34.98851460003061, 27518.897433844697], [35.83013960003154, 27495.72306782382], [37.37596280002617, 27475.46882040577], [37.52329550002469, 27468.30055121818], [38.99607970000943, 27467.455316415093], [39.98807600000873, 27453.69199412501], [40.04976210001041, 27399.07128002373], [46.99415500002215, 27358.31349564331], [47.38508680002997, 27352.757311542777], [50.62836220001918, 27338.62930403175], [51.706703300005756, 27334.83000010988], [53.99149890002445, 27320.7658447925], [55.99087100001634, 27294.37405287978]]",59.9594961,54.53125,0.9094681167609079,False,85.4,781.234375,6,,,,,6f389ea6622c682ead73,29.997967900009826,30072.255830561808,96.0,96.0,20.0,"{""interior"": 24, ""fronteira"": 24, ""liberacao"": 24, ""regret"": 24, ""abertura"": 0}","{""interior"": 4, ""fronteira"": 8, ""liberacao"": 6, ""regret"": 3, ""abertura"": 0}",0.13107179995859042,29.78701060009189,0.0,5.0,0.0,
corredor_m30_n150_r1.5_s3005,corredor,1.5,30,150,hibrido:rotacao,27196.6406442566,True,-1,2,60.0,60.0226574,0.02265739999999994,28532.23616946114,26268.941459443093,gap,"[[13.409241399960592, 30072.255830561808], [16.965329899947392, 28931.131970336017], [17.42440349998651, 28931.131970336017], [29.041025500016985, 28931.131970336013], [29.077934300003108, 28861.886742783987], [30.026960299990606, 28366.238564730647], [30.65806660000817, 27678.884673008375], [30.9539832000155, 27667.980711055905], [32.0313565999968, 27554.029415907396], [32.162149600015255, 27537.24484693459], [32.21155790000921, 27522.614903005433], [32.34655690001091, 27381.62391645948], [34.226537500013364, 27280.53111852182], [35.030423000018345, 27278.987896747443], [35.72809240000788, 27275.378299166703], [35.78906810001354, 27268.561543533535], [36.02833100000862, 27268.06276481839], [37.02931440001703, 27234.6389854223], [37.368570299993735, 27234.412480982413], [37.47091639999417, 27233.703426657543], [41.04218449999462, 27204.343118693974], [42.4688240000105, 27204.30533562268], [43.63009270001203, 27198.536500284976], [48.030298600002425, 27196.6406442566]]",60.0226574,56.28125,0.9376667484902126,False,81.2,781.234375,6,,,,,6f389ea6622c682ead73,29.04065609999816,28931.131970336013,87.0,87.0,31.0,"{""interior"": 22, ""fronteira"": 22, ""liberacao"": 22, ""regret"": 21, ""abertura"": 0}","{""interior"": 6, ""fronteira"": 5, ""liberacao"": 6, ""regret"": 3, ""abertura"": 0}",0.13755220005987212,30.79929849988548,0.0,15.0,0.0,
corredor_m30_n150_r1.5_s3005,corredor,1.5,30,150,hibridopl:rotacao,27263.56494464322,True,-1,0,60.0,59.9933389,0.0,28532.23616946114,26268.941459443093,gap,"[[0.49831980004091747, 28653.845467216328], [7.302899400034221, 28653.845467216328], [13.31344800000079, 28653.845467216328], [17.648960499995155, 28653.845467216328], [27.201898400002392, 28432.064032244896], [27.222910799988313, 28422.816613227125], [27.23233969998546, 27861.321339519454], [29.008803999982774, 27861.32133951946], [29.133735599985812, 27853.155122327935], [29.172782799985725, 27841.498939982324], [29.279881399997976, 27798.4346773113], [29.50749989997712, 27697.00034652119], [29.53118649998214, 27640.094282186226], [30.992030899971724, 27451.233607072998], [31.032323899999028, 27434.320150545536], [31.54083779998473, 27428.763966445003], [31.799920899997232, 27423.691646722335], [31.99192959998618, 27403.872030673774], [32.99168519998784, 27395.618859714752], [33.30007519997889, 27364.39213563962], [33.35021229999256, 27356.997296740177], [33.770897799986415, 27347.784864929414], [33.99438399999053, 27342.351398699924], [34.20699569999124, 27329.59517965044], [34.698509299982106, 27318.259711539242], [35.09436759998789, 27305.963095610055], [36.57578379998449, 27304.43454611281], [36.62139259997639, 27302.671240879325], [37.53284239998902, 27282.800068889184], [40.00572199997259, 27270.664536582888], [42.12992779997876, 27268.16639557449], [48.995566599973245, 27263.681125692558], [59.651174699974945, 27263.56494464322]]",59.9933389,51.359375,0.8560846244215289,True,82.8,781.2109375,4,,,,,6f389ea6622c682ead73,29.008595099992817,27861.32133951946,138.0,138.0,18.0,"{""interior"": 35, ""fronteira"": 35, ""liberacao"": 34, ""regret"": 34, ""abertura"": 0}","{""interior"": 4, ""fronteira"": 10, ""liberacao"": 6, ""regret"": 5, ""abertura"": 0}",0.19602900007157587,30.732982200104743,0.0,33.0,0.0,
corredor_m30_n150_r1.5_s3005,corredor,1.5,30,150,hibridopl:rotacao,27187.879803691794,True,-1,1,60.0,60.0010675,0.0010674999999977786,28532.23616946114,26268.941459443093,gap,"[[0.6072716999915428, 28653.845467216328], [7.213959799992153, 28653.845467216328], [9.892837099992903, 28361.18374584493], [13.162228500004858, 28361.183745844944], [17.45069609998609, 28361.183745844944], [29.01422919999459, 28361.18374584493], [29.143180499988375, 28161.82608674665], [29.2315879999951, 28018.29583833506], [30.00018309999723, 27644.14225303185], [30.12994240000262, 27615.934792577507], [30.24658519998775, 27574.134804602058], [30.99580249999417, 27522.75216811451], [31.086454899981618, 27484.852697158094], [31.166202599997632, 27448.19142039631], [31.31821209998452, 27436.65514112654], [31.997294899978442, 27427.85515110393], [32.74990389999584, 27401.867657244693], [32.820572399999946, 27398.737364683424], [33.05032549999305, 27394.66393648112], [33.31059340000502, 27380.520869441963], [33.451135399984196, 27355.897006108004], [33.71360079999431, 27354.666808089234], [34.1125254999788, 27326.84789776821], [34.165853799990145, 27312.2137408427], [34.183219800004736, 27302.47545526808], [34.99621929999557, 27285.79902689231], [35.05638029999682, 27245.876224654337], [35.222451399982674, 27226.398832250587], [38.36184549998143, 27222.74315055841], [38.62000969998189, 27207.788486047397], [38.93057039999985, 27206.348247015], [39.4236200999876, 27194.021957533107], [39.47991959998035, 27192.656768912893], [41.948752199998125, 27191.598308388155], [47.664590799977304, 27189.597073599296], [52.00097480000113, 27187.879803691794]]",60.0010675,52.390625,0.8731615483341192,True,86.2,781.2109375,4,,,,,6f389ea6622c682ead73,29.013896199990995,28361.18374584493,123.0,123.0,26.0,"{""interior"": 31, ""fronteira"": 31, ""liberacao"": 31, ""regret"": 30, ""abertura"": 0}","{""interior"": 8, ""fronteira"": 7, ""liberacao"": 10, ""regret"": 5, ""abertura"": 0}",0.19773910005460493,30.73541160018067,0.0,13.0,0.0,
corredor_m30_n150_r1.5_s3005,corredor,1.5,30,150,hibridopl:rotacao,27303.54081341128,True,-1,2,60.0,59.9931501,0.0,28532.23616946114,26268.941459443093,gap,"[[0.3642667999956757, 28653.845467216328], [2.540382300008787, 28597.769720228003], [2.665398000011919, 28554.524015073875], [7.184721300000092, 28554.524015073875], [13.128330799983814, 28554.524015073875], [17.20551910001086, 28554.524015073875], [29.99874609996914, 28554.524015073846], [30.044186999992235, 28527.73979754903], [30.98855719997664, 28403.947417368832], [31.420252299983986, 28219.1509476561], [31.496560499974294, 28216.744947962994], [31.751465999986976, 28114.302132400677], [32.19317279997631, 28042.752933301323], [32.26115809998009, 28029.007110224717], [32.98715829997673, 27920.974732938645], [33.991360099986196, 27865.21050490989], [34.90733289998025, 27845.41129022426], [35.74206049996428, 27748.460312158757], [36.04114309998113, 27734.771325351183], [36.989288299984764, 27680.913195888395], [37.98938039998757, 27676.099739441794], [38.19042829997488, 27675.014987336403], [38.219115799991414, 27663.50033877076], [38.37691169997561, 27649.725120453695], [39.00067349997698, 27649.070668446457], [39.17145619998337, 27638.712052484574], [39.21370179997757, 27632.803182166506], [39.99778239996522, 27619.980370895395], [40.572593899967615, 27617.580957081555], [42.02961449997383, 27605.992493508027], [43.2746723999735, 27489.532980241154], [43.32066529997974, 27484.022917263712], [43.98640839997097, 27455.132258198722], [44.10694779996993, 27424.37356844228], [44.14837139999145, 27383.169786679224], [44.986462899978505, 27379.43238746289], [47.991099299979396, 27373.809092507676], [48.389871199964546, 27352.608110714886], [48.98865969997132, 27347.304246758147], [49.79937589998008, 27344.52845615567], [50.128944099968066, 27343.342166532937], [50.79073709997465, 27316.058581487843], [52.62781169998925, 27306.61831339661], [54.87105159997009, 27306.25308862625], [58.803959999990184, 27303.54081341128]]",59.9931501,56.34375,0.9391697203111193,False,86.3,873.35546875,2,,,,,6f389ea6622c682ead73,29.998293299984653,28554.524015073846,103.0,103.0,38.0,"{""interior"": 26, ""fronteira"": 26, ""liberacao"": 26, ""regret"": 25, ""abertura"": 0}","{""interior"": 8, ""fronteira"": 12, ""liberacao"": 9, ""regret"": 9, ""abertura"": 0}",0.16749920009169728,29.77350710015162,0.0,3.0,0.0,
corredor_m30_n150_r1.5_s3005,corredor,1.5,30,150,kernel,27458.379894248817,True,-1,0,60.0,58.0040258,0.0,28532.23616946114,26268.941459443093,gap,"[[0.5182608999894001, 28653.845467216328], [10.093267799995374, 28540.19920703623], [10.095968299981905, 28522.755555850446], [10.11778349999804, 28405.47588976839], [12.349256099987542, 27807.802022008767], [15.022308099985821, 27654.770847572952], [15.293183100002352, 27654.770847572952], [24.169312499987427, 27611.60987674002], [24.174796300008893, 27458.379894248817]]",58.0040258,53.1875,0.9169622154054003,False,81.5,873.35546875,2,139.0,,0.5333333333333333,2.0,6f389ea6622c682ead73,,,,,,,,,,,,,0.14068469998892397
corredor_m30_n150_r1.5_s3006,corredor,1.5,30,150,adaptativa:gnn,26603.064904444887,True,0,0,60.0,59.0134741,0.0,26605.270479136074,26544.204326644358,gap,"[[2.969868000014685, 26616.73117822901], [15.132675700035179, 26616.731178229005], [18.176229600037914, 26603.064904444895], [18.38599410004099, 26603.06490444488], [25.5924230000237, 26603.06490444488], [26.469321800017497, 26603.064904444895], [34.19375520001631, 26603.064904444895], [43.554771700000856, 26603.064904444887], [49.16863299999386, 26603.064904444887], [56.22220910000033, 26603.064904444887]]",59.0134741,54.734375,0.9274894561748908,False,78.7,781.234375,6,62.0,False,1.0,4.0,6f389ea6622c682ead73,,,,,,,,,,,,,
corredor_m30_n150_r1.5_s3006,corredor,1.5,30,150,adaptativa:pl,26603.064904444887,True,-1,0,60.0,58.9945398,0.0,26605.270479136074,26544.204326644358,gap,"[[3.187829700007569, 26616.73117822901], [15.083502299967222, 26616.731178229005], [17.94945479996386, 26603.064904444895], [18.155831799958833, 26603.06490444488], [25.128460099949734, 26603.06490444488], [26.303146000020206, 26603.064904444895], [34.174721799994586, 26603.064904444895], [44.315387300011935, 26603.064904444887], [50.78358620000654, 26603.064904444887]]",58.9945398,51.765625,0.8774646802143543,True,80.9,781.2109375,4,54.0,False,1.0,4.0,6f389ea6622c682ead73,,,,,,,,,,,,,
corredor_m30_n150_r1.5_s3006,corredor,1.5,30,150,completo,26605.270479136074,True,-1,0,60.0,57.0108631,0.0,26605.270479136074,26544.204326644358,gap,"[[0.6994488000054844, 35284.815206226725], [4.155224999994971, 31900.43640993372], [4.315273300016997, 31215.24207452715], [4.956368300016038, 30273.759208177187], [5.179505500011146, 30197.189565168424], [5.965816000010818, 29824.385517496365], [9.756896400009282, 29465.463004295634], [11.405901000020094, 26605.270479136085], [11.885810400010087, 26605.270479136074], [18.389877400011756, 26605.270479136074]]",57.0108631,50.65625,0.8885368023835444,True,80.7,781.2109375,4,29.0,False,1.0,1.0,6f389ea6622c682ead73,,,,,,,,,,,,,
corredor_m30_n150_r1.5_s3006,corredor,1.5,30,150,hibrido:rotacao,26588.299476953936,True,-1,0,60.0,59.997866,0.0,26605.270479136074,26544.204326644358,gap,"[[4.445333599986043, 26616.73117822901], [7.202216800011229, 26616.731178229005], [9.754896600003121, 26603.064904444895], [10.003285599988885, 26603.06490444488], [13.859710699995048, 26603.064904444895], [17.17174749998958, 26603.064904444895], [28.832009200006723, 26603.064904444887], [30.006107399996836, 26603.064904444887], [31.998744800017448, 26602.69039493331], [34.330013200000394, 26590.832079381158], [41.44919089999166, 26588.299476953936]]",59.997866,49.78125,0.8297170102683319,True,84.3,781.2109375,4,,,,,6f389ea6622c682ead73,30.00589180001407,26603.064904444887,130.0,130.0,6.0,"{""interior"": 33, ""fronteira"": 33, ""liberacao"": 32, ""regret"": 32, ""abertura"": 0}","{""interior"": 0, ""fronteira"": 3, ""liberacao"": 0, ""regret"": 0, ""abertura"": 0}",0.23210200018365867,29.701730400061933,0.0,65.0,0.0,
corredor_m30_n150_r1.5_s3006,corredor,1.5,30,150,hibrido:rotacao,26588.78786697518,True,-1,1,60.0,60.0048799,0.004879899999998827,26605.270479136074,26544.204326644358,gap,"[[4.031474599963985, 26620.35711082013], [5.649893899972085, 26620.357110820114], [7.166970499965828, 26620.35711082013], [10.452519499958726, 26620.357110820114], [13.17340099994908, 26620.35711082013], [17.281639499997254, 26620.35711082013], [27.539973799983272, 26620.35711082013], [30.00797489998513, 26620.35711082012], [31.00084130000323, 26618.962987741204], [31.19575429998804, 26615.841473380828], [31.994728299992858, 26591.320469402403], [32.954120999987936, 26588.78786697518]]",60.0048799,55.9375,0.9322158479980559,False,81.4,873.35546875,2,,,,,6f389ea6622c682ead73,30.007650499988813,26620.35711082012,118.0,118.0,4.0,"{""interior"": 30, ""fronteira"": 30, ""liberacao"": 29, ""regret"": 29, ""abertura"": 0}","{""interior"": 1, ""fronteira"": 2, ""liberacao"": 1, ""regret"": 0, ""abertura"": 0}",0.18338170018978417,29.76447570018354,0.0,79.0,0.0,
corredor_m30_n150_r1.5_s3006,corredor,1.5,30,150,hibrido:rotacao,26592.543121163148,True,-1,2,60.0,59.9962394,0.0,26605.270479136074,26544.204326644358,gap,"[[3.993228699953761, 26619.359253842522], [5.647163899964653, 26619.35925384251], [7.145517500001006, 26619.359253842522], [10.043942499993136, 26619.35925384251], [13.554038500005845, 26619.359253842522], [17.218900000007125, 26619.359253842522], [30.02005900000222, 26619.35925384252], [31.50583700000425, 26616.350766389838], [32.44359280000208, 26604.164428098593], [36.001273100002436, 26602.51807290445], [36.727501100016525, 26592.543121163148]]",59.9962394,56.96875,0.9495386805860369,False,80.5,873.35546875,2,,,,,6f389ea6622c682ead73,30.019825099996524,26619.35925384252,118.0,118.0,4.0,"{""interior"": 30, ""fronteira"": 30, ""liberacao"": 29, ""regret"": 29, ""abertura"": 0}","{""interior"": 1, ""fronteira"": 1, ""liberacao"": 2, ""regret"": 0, ""abertura"": 0}",0.16869119994225912,29.76039869975648,0.0,72.0,0.0,
corredor_m30_n150_r1.5_s3006,corredor,1.5,30,150,hibridopl:rotacao,26588.299476953936,True,-1,0,60.0,60.0004801,0.00048009999999720776,26605.270479136074,26544.204326644358,gap,"[[3.1140729000035208, 26616.73117822901], [7.198887300008209, 26616.731178229005], [10.50403880001977, 26603.064904444895], [10.830368200025987, 26603.06490444488], [13.13471589999972, 26603.064904444895], [17.720181200042134, 26603.064904444895], [27.103767800028436, 26603.064904444887], [29.004182599979686, 26603.064904444887], [30.99596259999089, 26602.69039493331], [32.28283869998995, 26590.832079381158], [38.6170213999867, 26588.299476953936]]",60.0004801,55.078125,0.917961404778826,False,81.7,781.234375,6,,,,,6f389ea6622c682ead73,29.003845300001558,26603.064904444887,147.0,147.0,11.0,"{""interior"": 37, ""fronteira"": 37, ""liberacao"": 37, ""regret"": 36, ""abertura"": 0}","{""interior"": 0, ""fronteira"": 3, ""liberacao"": 0, ""regret"": 0, ""abertura"": 0}",0.18920589992194436,30.753354999935254,0.0,82.0,0.0,
corredor_m30_n150_r1.5_s3006,corredor,1.5,30,150,hibridopl:rotacao,26588.78786697518,True,-1,1,60.0,60.0293613,0.029361299999997925,26605.270479136074,26544.204326644358,gap,"[[3.962356300035026, 26620.35711082013], [5.610559600027045, 26620.357110820114], [7.14057670001057, 26620.35711082013], [10.19323030000669, 26620.357110820114], [13.546723600040423, 26620.35711082013], [17.265090800035978, 26620.35711082013], [29.13611440002569, 26620.35711082013], [30.033912300044904, 26620.35711082012], [31.030993500025943, 26618.962987741204], [31.295230800024, 26615.841473380828], [32.33886520002852, 26591.320469402403], [37.45290370003204, 26588.78786697518]]",60.0293613,55.34375,0.9219446750968513,False,84.2,873.35546875,2,,,,,6f389ea6622c682ead73,30.033592400024645,26620.35711082012,118.0,118.0,4.0,"{""interior"": 30, ""fronteira"": 30, ""liberacao"": 29, ""regret"": 29, ""abertura"": 0}","{""interior"": 1, ""fronteira"": 2, ""liberacao"": 1, ""regret"": 0, ""abertura"": 0}",0.18699939994257875,29.758678099984536,0.0,67.0,0.0,
corredor_m30_n150_r1.5_s3006,corredor,1.5,30,150,hibridopl:rotacao,26592.543121163148,True,-1,2,60.0,59.9881456,0.0,26605.270479136074,26544.204326644358,gap,"[[4.092453700024635, 26619.359253842522], [5.810631900007138, 26619.35925384251], [7.529256200010423, 26619.359253842522], [11.241645900008734, 26619.35925384251], [12.198214800009737, 26619.359253842522], [17.36109829999623, 26619.359253842522], [30.00030990000232, 26619.35925384252], [31.34135459997924, 26616.350766389838], [32.320935399999144, 26604.164428098593], [34.989487099985126, 26602.51807290445], [35.889105299982475, 26592.543121163148]]",59.9881456,52.546875,0.8759543152139045,True,84.6,781.234375,6,,,,,6f389ea6622c682ead73,29.999903899995843,26619.35925384252,114.0,114.0,4.0,"{""interior"": 29, ""fronteira"": 29, ""liberacao"": 28, ""regret"": 28, ""abertura"": 0}","{""interior"": 1, ""fronteira"": 1, ""liberacao"": 2, ""regret"": 0, ""abertura"": 0}",0.17937869986053556,29.756193699897267,0.0,68.0,0.0,
corredor_m30_n150_r1.5_s3006,corredor,1.5,30,150,kernel,26616.731178228998,True,-1,0,60.0,57.9976015,0.0,26605.270479136074,26544.204326644358,gap,"[[3.4238998999935575, 26616.73117822901], [15.221795799967367, 26616.731178229005], [29.875211899983697, 26616.731178229005], [36.158350699959556, 26616.731178229005]]",57.9976015,52.71875,0.9089815550389614,False,84.4,781.234375,6,60.0,,0.5333333333333333,2.0,6f389ea6622c682ead73,,,,,,,,,,,,,0.0838052999752108
corredor_m30_n150_r1.5_s3007,corredor,1.5,30,150,adaptativa:gnn,27811.57452750246,True,0,0,60.0,59.0551604,0.0,28503.726613364957,27133.090580569104,gap,"[[0.6756402999744751, 35345.88447772585], [3.0674990999978036, 29594.35206085258], [3.1674492999736685, 27960.89612884458], [7.947250299999723, 27937.945365688047], [8.35399979999056, 27937.945365688047], [11.764968599978602, 27929.482198404083], [15.249006300000474, 27929.482198404075], [26.40648079998209, 27929.482198404075], [30.432773199980147, 27811.574527502464], [34.404733000003034, 27811.574527502464]]",59.0551604,50.234375,0.8506348075214101,True,100.0,873.35546875,2,34.0,False,1.0,4.0,6f389ea6622c682ead73,,,,,,,,,,,,,
corredor_m30_n150_r1.5_s3007,corredor,1.5,30,150,adaptativa:pl,28484.375451751326,True,-1,0,60.0,57.9960263,0.0,28503.726613364957,27133.090580569104,gap,"[[0.47649589998763986, 29375.287326993162], [3.303424099984113, 29280.5933232912], [3.306087099976139, 29268.75778617003], [3.3091152999841142, 29238.81757869705], [8.971533199975966, 28811.18689167377], [9.83600809998461, 28695.090644642612], [15.20012319998932, 28695.09064464261], [18.372872100007953, 28676.386649532113], [18.39448759998777, 28642.86065894067], [26.18095149999135, 28642.86065894067], [33.28968299998087, 28484.375451751323], [34.83696939999936, 28484.375451751323]]",57.9960263,49.828125,0.8591644665834631,True,100.0,781.234375,6,61.0,False,1.0,4.0,6f389ea6622c682ead73,,,,,,,,,,,,,
corredor_m30_n150_r1.5_s3007,corredor,1.5,30,150,completo,28503.726613364957,True,-1,0,60.0,57.0075982,0.0,28503.726613364957,27133.090580569104,gap,"[[0.8600260999810416, 38349.39300201583], [2.6246882999839727, 33063.77334860785], [2.961432399984915, 31602.126394255018], [3.2068412999797147, 30483.46686570837], [12.288495299988426, 28503.72661336496]]",57.0075982,45.296875,0.794576099155849,True,100.0,781.2109375,4,60.0,False,1.0,1.0,6f389ea6622c682ead73,,,,,,,,,,,,,
corredor_m30_n150_r1.5_s3007,corredor,1.5,30,150,hibrido:rotacao,27938.067432940472,True,-1,0,60.0,59.9892494,0.0,28503.726613364957,27133.090580569104,gap,"[[0.6745826000114903, 35345.88447772585], [3.333594100025948, 29594.35206085258], [3.4767522000183817, 27960.89612884458], [7.206895600014832, 27960.89612884458], [13.215400400018552, 27960.89612884458], [17.936476000002585, 27960.89612884458], [29.01018350000959, 27960.89612884458], [29.990200200030813, 27960.70128424635], [31.06403430001228, 27960.59529060458], [31.952903600031277, 27957.9215355899], [35.477404500037665, 27948.346115793684], [36.66527630001656, 27945.355370908845], [37.444561900018016, 27945.259526154245], [37.87214330001734, 27938.389113553985], [38.91634600001271, 27938.067432940472]]",59.9892494,46.78125,0.7798272268430817,True,100.0,781.2109375,4,,,,,6f389ea6622c682ead73,29.009672400017735,27960.89612884458,93.0,93.0,14.0,"{""interior"": 24, ""fronteira"": 23, ""liberacao"": 23, ""regret"": 23, ""abertura"": 0}","{""interior"": 2, ""fronteira"": 3, ""liberacao"": 2, ""regret"": 1, ""abertura"": 0}",0.20674160003545694,30.706824500113726,0.0,38.0,0.0,
corredor_m30_n150_r1.5_s3007,corredor,1.5,30,150,hibrido:rotacao,27781.5683967582,True,-1,1,60.0,60.0002291,0.0002290999999985388,28503.726613364957,27133.090580569104,gap,"[[0.5515137999900617, 35345.88447772585], [3.4068763999966905, 29045.98112978606], [3.5050514000176918, 27960.89612884458], [7.8017433999921195, 27960.89612884458], [10.631643900007475, 27948.777663163703], [10.679647700017085, 27947.894900219977], [10.707364800007781, 27943.14542026139], [10.924319900019327, 27943.14542026139], [12.240518100035843, 27943.14542026139], [16.700153200043133, 27811.574527502464], [17.40823719999753, 27811.574527502464], [29.021898300008615, 27811.57452750246], [29.524319100019056, 27809.774839694044], [34.00748050000402, 27805.09444677644], [34.62328400000115, 27799.578246909405], [36.15726450001239, 27799.270415586205], [38.00411989999702, 27783.512309872287], [38.27083150000544, 27782.875493644413], [39.657324300002074, 27781.5683967582]]",60.0002291,48.984375,0.816403132700705,True,100.0,873.35546875,2,,,,,6f389ea6622c682ead73,29.02149770001415,27811.57452750246,95.0,95.0,5.0,"{""interior"": 24, ""fronteira"": 24, ""liberacao"": 24, ""regret"": 23, ""abertura"": 0}","{""interior"": 1, ""fronteira"": 3, ""liberacao"": 2, ""regret"": 1, ""abertura"": 0}",0.1740387997997459,30.733795499807457,0.0,43.0,0.0,
corredor_m30_n150_r1.5_s3007,corredor,1.5,30,150,hibrido:rotacao,27777.140737763766,True,-1,2,60.0,59.9835951,0.0,28503.726613364957,27133.090580569104,gap,"[[1.1011482999892905, 35345.88447772585], [3.324569199990947, 27946.98631425847], [5.637835500005167, 27946.986314258465], [7.195786399999633, 27946.98631425847], [9.58700649999082, 27940.511968462168], [9.594590199994855, 27939.466828689212], [9.599629999982426, 27939.288107442713], [9.700646899989806, 27939.288107442706], [12.652051199984271, 27939.288107442706], [13.193066100007854, 27939.288107442713], [16.981304800021462, 27812.60102323843], [17.34697640000377, 27812.60102323843], [29.99543470001663, 27812.60102323843], [31.884685099998023, 27804.2150670181], [33.052905899996404, 27802.83116587666], [33.508866899996065, 27802.712512828926], [33.986540300014894, 27800.232407909978], [39.41169959999388, 27798.898080850813], [42.988441099994816, 27792.91059104699], [43.81545100000221, 27792.898843477684], [54.10790150001412, 27777.140737763766]]",59.9835951,52.28125,0.8715924731227055,True,100.0,873.35546875,2,,,,,6f389ea6622c682ead73,29.995046600000933,27812.60102323843,71.0,71.0,7.0,"{""interior"": 18, ""fronteira"": 18, ""liberacao"": 18, ""regret"": 17, ""abertura"": 0}","{""interior"": 1, ""fronteira"": 3, ""liberacao"": 2, ""regret"": 2, ""abertura"": 0}",0.15245810005581006,29.786560899898177,0.0,10.0,0.0,
corredor_m30_n150_r1.5_s3007,corredor,1.5,30,150,hibridopl:rotacao,28265.069137419596,True,-1,0,60.0,59.9878089,0.0,28503.726613364957,27133.090580569104,gap,"[[0.6204822999716271, 29375.287326993162], [4.023562499991385, 29280.5933232912], [4.026370299980044, 29268.75778617003], [4.036289899988333, 29238.81757869705], [7.18998689998989, 29238.81757869705], [13.217304799996782, 29238.81757869705], [17.829635700007202, 29238.81757869705], [28.98309920000611, 28527.638775065974], [29.023849399993196, 28527.63877506597], [30.56190910001169, 28301.98651665519], [31.012000500020804, 28301.979785883486], [31.990219800005434, 28285.33304996015], [37.15578390000155, 28280.934167493186], [38.12301720000687, 28278.64157777327], [41.414190300012706, 28277.603507763706], [50.80610810001963, 28277.320085927517], [53.98575300001539, 28275.26396186078], [55.839229600009276, 28265.069137419596]]",59.9878089,45.578125,0.7597897945560735,True,100.0,781.2109375,4,,,,,6f389ea6622c682ead73,29.023448499996448,28527.63877506597,67.0,67.0,4.0,"{""interior"": 17, ""fronteira"": 17, ""liberacao"": 17, ""regret"": 16, ""abertura"": 0}","{""interior"": 4, ""fronteira"": 2, ""liberacao"": 2, ""regret"": 1, ""abertura"": 0}",0.1506756999879144,30.76099670000258,0.0,5.0,0.0,
corredor_m30_n150_r1.5_s3007,corredor,1.5,30,150,hibridopl:rotacao,27863.721902917616,True,-1,1,60.0,59.9888357,0.0,28503.726613364957,27133.090580569104,gap,"[[0.4938903999864124, 29375.287326993162], [3.328309899981832, 29091.929486130168], [3.3709339999768417, 28859.12814211692], [3.4022469999908935, 28792.308394294763], [7.188107699999819, 28792.308394294763], [10.11891660001129, 28657.482868401392], [10.139597700006561, 28642.417333947273], [10.180744999990566, 28633.056866134546], [13.225673399982043, 28633.056866134546], [17.32685689997743, 28633.056866134546], [27.564268399990397, 28492.830489293658], [30.006150100001832, 28492.830489293658], [37.000473399995826, 28451.82193361881], [37.09394190000603, 28386.93058439222], [38.989773899986176, 27976.894977334476], [39.073308999999426, 27971.37300857852], [39.106188700010534, 27970.83731391547], [40.030831799987936, 27968.071136929273], [41.47915570001351, 27966.627741389835], [43.998251299984986, 27963.88998338363], [44.27866330000688, 27938.21455626918], [45.57865529999253, 27937.637435582255], [45.98539439999149, 27936.888490845464], [46.36140150000574, 27935.030730521466], [48.99049150000792, 27910.658784551928], [49.997053900005994, 27909.654128059505], [52.13680370000657, 27900.750208562902], [53.43571570000495, 27895.75067096931], [54.388077899988275, 27894.997014650304], [54.78703450001194, 27891.16321527608], [58.60987029998796, 27863.745858543978], [59.41243860000395, 27863.721902917616]]",59.9888357,51.375,0.8564093535157576,True,100.0,781.234375,6,,,,,6f389ea6622c682ead73,30.005789599992568,28492.830489293658,102.0,102.0,5.0,"{""interior"": 26, ""fronteira"": 26, ""liberacao"": 25, ""regret"": 25, ""abertura"": 0}","{""interior"": 2, ""fronteira"": 4, ""liberacao"": 10, ""regret"": 4, ""abertura"": 0}",0.20491740011493675,29.723787300143158,0.0,3.0,0.0,
corredor_m30_n150_r1.5_s3007,corredor,1.5,30,150,hibridopl:rotacao,27872.409721571767,True,-1,2,60.0,59.9523229,0.0,28503.726613364957,27133.090580569104,gap,"[[0.5154132999887224, 29375.287326993162], [3.4374470000038855, 28769.938408051003], [3.4881839999870863, 28703.75286995975], [7.184816900000442, 28703.75286995975], [13.22101570002269, 28703.75286995975], [17.399600299977465, 28703.75286995975], [28.237568099983037, 28492.830489293658], [30.006765699974494, 28492.830489293658], [32.99572639996768, 28491.808339088828], [35.99474689998897, 28449.4459744022], [36.84682219996466, 28039.41036734445], [36.90394739998737, 28016.428083251743], [37.49781809997512, 28009.111433045495], [38.053961799974786, 27914.71478029344], [38.1187695999688, 27912.248691909488], [38.99509019998368, 27905.448208558522], [40.0013595999626, 27904.732357432677], [42.510785499966005, 27904.26939987926], [47.99814359997981, 27889.494520250624], [50.96141589997569, 27889.075334062232], [54.93004059998202, 27872.409721571767]]",59.9523229,51.46875,0.8584946756083074,True,100.0,873.35546875,2,,,,,6f389ea6622c682ead73,30.006403399980627,28492.830489293658,90.0,90.0,4.0,"{""interior"": 23, ""fronteira"": 23, ""liberacao"": 22, ""regret"": 22, ""abertura"": 0}","{""interior"": 1, ""fronteira"": 5, ""liberacao"": 4, ""regret"": 3, ""abertura"": 0}",0.1714298999577295,29.724755399976857,0.0,15.0,0.0,
corredor_m30_n150_r1.5_s3007,corredor,1.5,30,150,kernel,28498.70034933047,True,-1,0,60.0,58.0036927,0.0,28503.726613364957,27133.090580569104,gap,"[[0.8815930999699049, 29375.287326993162], [3.4895234999712557, 29280.5933232912], [3.49157529999502, 29268.75778617003], [3.4940155999793205, 29238.81757869705], [9.051879099977668, 28811.18689167377], [9.95933159996639, 28695.090644642612], [14.367828399990685, 28695.09064464261], [24.66221039998345, 28498.700349330473]]",58.0036927,50.75,0.8749442947103953,True,100.0,781.234375,6,73.0,,0.5,2.0,6f389ea6622c682ead73,,,,,,,,,,,,,0.13158079999266192
corredor_m30_n150_r3.0_s3000,corredor,3.0,30,150,adaptativa:gnn,17631.403148632537,True,0,0,60.0,58.995768,0.0,18430.655565017896,17427.26355295213,gap,"[[0.403496399987489, 19973.744593218093], [0.8284505999763496, 19678.84102138071], [0.9862600999767892, 17662.22860105991], [1.0710412999906112, 17648.62363801504], [1.1911524999886751, 17644.092925202385], [1.5363468999858014, 17633.050733109518], [1.606640999991214, 17633.050733109518], [2.4230839999800082, 17631.61425410203], [2.452638199989451, 17631.614254102027], [3.193907399981981, 17631.614254102027], [4.389169099973515, 17631.61425410203], [5.494818499981193, 17631.416812819913], [5.73899139999412, 17631.403148632544], [5.8697965999890584, 17631.403148632544], [18.14026929999818, 17631.403148632544], [20.569047600001795, 17631.403148632526], [22.405142200004775, 17631.403148632526], [24.69314459999441, 17631.403148632526], [28.426007100002607, 17631.403148632544], [37.71041060000425, 17631.403148632533]]",58.995768,49.0625,0.8316274482603566,True,89.1,777.1875,4,208.0,False,1.0,4.0,6f389ea6622c682ead73,,,,,,,,,,,,,
corredor_m30_n150_r3.0_s3000,corredor,3.0,30,150,adaptativa:pl,17631.403148632537,True,-1,0,60.0,58.0100314,0.0,18430.655565017896,17427.26355295213,gap,"[[0.25661879999097437, 19973.744593218093], [0.6161773999920115, 19678.84102138071], [0.7089726999984123, 17662.22860105991], [0.7740549999871291, 17648.62363801504], [0.8329978999972809, 17644.092925202385], [1.0162941000016872, 17633.050733109518], [1.0564996999746654, 17633.050733109518], [1.7249919999740086, 17631.61425410203], [1.7450239999743644, 17631.614254102027], [2.276679199974751, 17631.614254102027], [2.9258425000007264, 17631.61425410203], [3.4864429000008386, 17631.416812819913], [3.6883560999995098, 17631.403148632544], [3.846273299976019, 17631.403148632544], [5.111825999978464, 17631.403148632533], [17.142140599986305, 17631.403148632544], [19.92410479998216, 17631.403148632533], [22.576648099988233, 17631.403148632526], [28.490317999996478, 17631.403148632544], [35.789636699977564, 17631.403148632533]]",58.0100314,50.875,0.8770034901239512,True,87.8,690.94140625,6,304.0,False,1.0,4.0,6f389ea6622c682ead73,,,,,,,,,,,,,
corredor_m30_n150_r3.0_s3000,corredor,3.0,30,150,completo,20115.457916417727,True,-1,0,60.0,57.0040476,0.0,18430.655565017896,17427.26355295213,gap,"[[0.9396880000131205, 34648.31715585025], [3.2488626000122167, 22952.84039790384], [3.5135291000187863, 22347.371996990623], [11.158982799999649, 21148.998607073903], [11.351593200000934, 20408.77624068882], [11.381055200006813, 20208.577105761837], [11.385009000019636, 20115.45791641772]]",57.0040476,51.640625,0.9059115479371679,False,87.8,652.01953125,2,26.0,False,1.0,1.0,6f389ea6622c682ead73,,,,,,,,,,,,,
corredor_m30_n150_r3.0_s3000,corredor,3.0,30,150,hibrido:rotacao,17631.403148632537,True,-1,0,60.0,59.983481,0.0,18430.655565017896,17427.26355295213,gap,"[[0.37662249998538755, 19973.744593218093], [0.8874598999973387, 19678.84102138071], [1.0285967999952845, 17662.22860105991], [1.0938270000042394, 17648.62363801504], [1.1731183999800123, 17644.092925202385], [1.3229328999877907, 17633.050733109518], [1.3781368999916594, 17633.050733109518], [2.014429000002565, 17631.61425410203], [2.029162799997721, 17631.614254102027], [2.4355988999886904, 17631.614254102027], [3.043445099989185, 17631.61425410203], [3.6451797999907285, 17631.416812819913], [3.873414599976968, 17631.403148632544], [4.030942200013669, 17631.403148632544], [11.120545699988725, 17631.403148632544], [13.592495099990629, 17631.403148632526], [15.503637599991634, 17631.403148632526], [16.231560100015486, 17631.403148632544], [22.098067000013543, 17631.403148632533], [30.006214999972144, 17631.403148632537]]",59.983481,57.8125,0.9638070188023933,False,78.5,652.01953125,2,,,,,6f389ea6622c682ead73,30.005719199980376,17631.403148632537,104.0,104.0,178.0,"{""interior"": 26, ""fronteira"": 26, ""liberacao"": 26, ""regret"": 26, ""abertura"": 0}","{""interior"": 0, ""fronteira"": 0, ""liberacao"": 0, ""regret"": 0, ""abertura"": 0}",0.2557096001692116,29.67411140029435,0.0,57.0,0.0,
corredor_m30_n150_r3.0_s3000,corredor,3.0,30,150,hibrido:rotacao,17631.403148632537,True,-1,1,60.0,59.9929546,0.0,18430.655565017896,17427.26355295213,gap,"[[0.25229269996634685, 19973.744593218093], [0.602447499986738, 19678.84102138071], [0.6859360999660566, 17662.22860105991], [0.7496775999607053, 17648.62363801504], [0.8571040999668185, 17644.092925202385], [1.148855299979914, 17633.050733109518], [1.207235199981369, 17633.050733109518], [1.853421799984062, 17631.61425410203], [1.8890565999608953, 17631.614254102027], [2.438016699976288, 17631.614254102027], [2.901988799974788, 17631.614254102027], [3.376123899972299, 17631.40314863254], [3.7071510999521706, 17631.403148632544], [10.126774399977876, 17631.403148632544], [12.732157399994321, 17631.403148632526], [14.59713959999499, 17631.403148632526], [15.468079999962356, 17631.403148632544], [21.4976892999548, 17631.403148632533], [29.00524790000054, 17631.403148632537]]",59.9929546,56.46875,0.9412563587925039,False,78.3,690.94140625,6,,,,,6f389ea6622c682ead73,29.004901699983748,17631.403148632537,130.0,130.0,111.0,"{""interior"": 33, ""fronteira"": 33, ""liberacao"": 32, ""regret"": 32, ""abertura"": 0}","{""interior"": 0, ""fronteira"": 0, ""liberacao"": 0, ""regret"": 0, ""abertura"": 0}",0.349515899841208,30.591482900170377,0.0,74.0,0.0,
corredor_m30_n150_r3.0_s3000,corredor,3.0,30,150,hibrido:rotacao,17631.403148632537,True,-1,2,60.0,60.7542205,0.7542205000000024,18430.655565017896,17427.26355295213,gap,"[[0.337770600017393, 19973.744593218093], [0.7323081000067759, 19678.84102138071], [0.8706059000105597, 17662.22860105991], [0.9513892999966629, 17648.62363801504], [0.9895416999934241, 17635.959152922078], [1.2357446000096388, 17633.050733109518], [1.2776501000043936, 17633.050733109507], [1.8072941999998875, 17631.614254102024], [1.8318616000178736, 17631.614254102016], [2.233490900020115, 17631.614254102016], [3.0126745000015944, 17631.4168128199], [3.0423662000102922, 17631.40314863253], [3.1309245000302326, 17631.403148632544], [10.242225099995267, 17631.403148632544], [12.672527899994748, 17631.403148632526], [14.343911000003573, 17631.403148632526], [14.98147450000397, 17631.403148632544], [22.494402000011178, 17631.403148632533], [29.760812599997735, 17631.403148632537]]",60.7542205,54.203125,0.8921705283009926,True,88.4,652.01953125,2,,,,,6f389ea6622c682ead73,29.76045729999896,17631.403148632537,106.0,106.0,123.0,"{""interior"": 27, ""fronteira"": 27, ""liberacao"": 26, ""regret"": 26, ""abertura"": 0}","{""interior"": 0, ""fronteira"": 0, ""liberacao"": 0, ""regret"": 0, ""abertura"": 0}",0.422813900077017,30.504829099721974,0.0,58.0,0.0,
corredor_m30_n150_r3.0_s3000,corredor,3.0,30,150,hibridopl:rotacao,17631.403148632537,True,-1,0,60.0,60.013096,0.013095999999997332,18430.655565017896,17427.26355295213,gap,"[[0.2822253000049386, 19973.744593218093], [0.6423937000217848, 19678.84102138071], [0.7691756999993231, 17662.22860105991], [0.8537299000017811, 17648.62363801504], [0.9430021000152919, 17644.092925202385], [1.1634844000218436, 17633.050733109518], [1.2214559000276495, 17633.050733109518], [1.8407013000105508, 17631.61425410203], [1.8573539000062738, 17631.614254102027], [2.3380579000222497, 17631.614254102027], [2.9966934000258334, 17631.61425410203], [3.545714700012468, 17631.416812819913], [3.775833400024567, 17631.403148632544], [4.56855500000529, 17631.403148632544], [6.093204600008903, 17631.403148632533], [10.224495400005253, 17631.403148632544], [12.504294100013794, 17631.403148632533], [14.51029170001857, 17631.403148632526], [15.200470800016774, 17631.403148632544], [22.02650090001407, 17631.403148632533], [30.00218459998723, 17631.403148632537]]",60.013096,53.640625,0.8938153265747196,True,78.2,777.1875,4,,,,,6f389ea6622c682ead73,30.001858000003267,17631.403148632537,103.0,103.0,125.0,"{""interior"": 26, ""fronteira"": 26, ""liberacao"": 26, ""regret"": 25, ""abertura"": 0}","{""interior"": 0, ""fronteira"": 0, ""liberacao"": 0, ""regret"": 0, ""abertura"": 0}",0.29320319983526133,29.675248099985765,0.0,56.0,0.0,
corredor_m30_n150_r3.0_s3000,corredor,3.0,30,150,hibridopl:rotacao,17631.403148632537,True,-1,1,60.0,59.9951275,0.0,18430.655565017896,17427.26355295213,gap,"[[0.2999631000275258, 19973.744593218093], [0.6721285000094213, 19678.84102138071], [0.765532700024778, 17662.22860105991], [0.8283212000096682, 17648.62363801504], [0.936344600020675, 17644.092925202385], [1.164976900035981, 17633.050733109518], [1.2209102000342682, 17633.050733109518], [1.657872200012207, 17631.61425410203], [1.6735045000095852, 17631.614254102027], [2.1619708000216633, 17631.614254102027], [2.7248746000113897, 17631.614254102027], [3.2665441000135615, 17631.40314863254], [3.6031740000180434, 17631.403148632544], [5.528576200013049, 17631.403148632533], [10.120719300000928, 17631.403148632544], [12.267415400012396, 17631.403148632533], [13.723491599987028, 17631.403148632526], [15.367688700032886, 17631.403148632544], [20.95825320002041, 17631.403148632533], [29.009825999994064, 17631.403148632537]]",59.9951275,53.65625,0.8943434614752673,True,81.8,777.1875,4,,,,,6f389ea6622c682ead73,29.009452500002226,17631.403148632537,123.0,123.0,82.0,"{""interior"": 31, ""fronteira"": 31, ""liberacao"": 31, ""regret"": 30, ""abertura"": 0}","{""interior"": 0, ""fronteira"": 0, ""liberacao"": 0, ""regret"": 0, ""abertura"": 0}",0.38745810007094406,30.53434420004487,0.0,68.0,0.0,
corredor_m30_n150_r3.0_s3000,corredor,3.0,30,150,hibridopl:rotacao,17631.403148632537,True,-1,2,60.0,59.9911642,0.0,18430.655565017896,17427.26355295213,gap,"[[0.3476459000085015, 19973.744593218093], [0.9132316999894101, 19678.84102138071], [1.0861175000027288, 17662.22860105991], [1.1917988999921363, 17648.62363801504], [1.2590826000086963, 17635.959152922078], [1.6504853999940678, 17633.050733109518], [1.7310399000125472, 17633.050733109507], [2.5518878000148106, 17631.614254102024], [2.594522600003984, 17631.614254102016], [3.447864899993874, 17631.614254102016], [4.3750302999978885, 17631.4168128199], [4.4086024000134785, 17631.40314863253], [4.55828370002564, 17631.403148632544], [6.442179900011979, 17631.403148632533], [10.193819000007352, 17631.403148632544], [13.571688800002448, 17631.403148632533], [15.262197599979118, 17631.403148632544], [21.719496199977584, 17631.403148632533], [29.99463420000393, 17631.403148632537]]",59.9911642,52.6875,0.8782543346608366,True,88.4,690.94140625,6,,,,,6f389ea6622c682ead73,29.994386200007284,17631.403148632537,107.0,107.0,113.0,"{""interior"": 27, ""fronteira"": 27, ""liberacao"": 27, ""regret"": 26, ""abertura"": 0}","{""interior"": 0, ""fronteira"": 0, ""liberacao"": 0, ""regret"": 0, ""abertura"": 0}",0.3274289000837598,29.62253970009624,0.0,58.0,0.0,
corredor_m30_n150_r3.0_s3000,corredor,3.0,30,150,kernel,17631.403148632537,True,-1,0,60.0,37.40946,0.0,18430.655565017896,17427.26355295213,gap,"[[0.27267610002309084, 19973.744593218093], [0.6271057999983896, 19678.84102138071], [0.7302667000039946, 17662.22860105991], [0.8094560000172351, 17648.62363801504], [0.9055625000037253, 17644.092925202385], [1.1775291000085417, 17633.050733109518], [1.2260959999985062, 17633.050733109518], [2.056045500008622, 17631.61425410203], [2.0841953000053763, 17631.614254102027], [2.6245561000250746, 17631.614254102027], [3.1903773000231013, 17631.61425410203], [3.827086600009352, 17631.416812819913], [4.103933700011112, 17631.403148632544], [4.26494500003173, 17631.403148632544], [18.40085670002736, 17631.403148632544], [20.177867400023388, 17631.403148632526], [22.6433481000131, 17631.40314863254], [24.42958580001141, 17631.40314863254], [27.378833000024315, 17631.403148632544], [30.4661806000222, 17631.40314863254], [31.09018070003367, 17631.40314863254], [31.825035000045318, 17631.40314863254], [33.32379630001378, 17631.403148632544], [34.54707830000552, 17631.40314863254], [35.36472190002678, 17631.403148632522], [36.04839190002531, 17631.403148632522]]",37.40946,34.484375,0.9218089488594596,False,85.1,690.94140625,6,591.0,,0.23333333333333334,5.0,6f389ea6622c682ead73,,,,,,,,,,,,,0.1558707000222057
corredor_m30_n150_r3.0_s3001,corredor,3.0,30,150,adaptativa:gnn,17165.11349508155,True,0,0,60.0,57.995784,0.0,18153.946464114513,16808.979491605034,gap,"[[0.4395749000250362, 21600.801356399734], [1.3509897000330966, 20123.633872904604], [2.535779400030151, 17897.265022450945], [4.137308800040046, 17339.88269334541], [4.3840071000449825, 17197.295149932823], [6.320731400017394, 17185.142460881565], [6.324720700038597, 17177.429365889646], [11.878272300033132, 17165.113495081547], [15.080615500017302, 17165.113495081547], [26.121801800036337, 17165.113495081547], [34.85894620002364, 17165.113495081547]]",57.995784,49.625,0.8556656463166357,True,84.7,777.1875,4,422.0,False,1.0,4.0,6f389ea6622c682ead73,,,,,,,,,,,,,
corredor_m30_n150_r3.0_s3001,corredor,3.0,30,150,adaptativa:pl,17136.35312913054,True,-1,0,60.0,59.0047849,0.0,18153.946464114513,16808.979491605034,gap,"[[0.37763750000158325, 21600.801356399734], [1.263011800008826, 20123.633872904604], [2.3674795999831986, 17897.265022450945], [3.920564000000013, 17339.88269334541], [4.100762299989583, 17197.295149932823], [5.835515899991151, 17185.142460881565], [5.839890000002924, 17177.429365889646], [11.075047799997265, 17165.113495081547], [14.52480509999441, 17136.35312913054], [15.090693199977977, 17136.35312913054], [26.436557699984405, 17136.35312913054], [34.33157759997994, 17136.35312913054]]",59.0047849,54.859375,0.9297445129742351,False,85.0,873.35546875,2,464.0,False,1.0,4.0,6f389ea6622c682ead73,,,,,,,,,,,,,
corredor_m30_n150_r3.0_s3001,corredor,3.0,30,150,completo,18153.946464114513,True,-1,0,60.0,56.993148,0.0,18153.946464114513,16808.979491605034,gap,"[[0.772053099994082, 42123.61678998729], [4.000312299991492, 25324.299000573483], [4.3067986000096425, 24401.507961459425], [4.714355899981456, 22506.68794384307], [10.78101790000801, 20263.543946651615], [14.183377699984703, 18326.81304910209], [21.79282420000527, 18153.946464114513]]",56.993148,53.53125,0.9392576454980167,False,84.3,873.35546875,2,51.0,False,1.0,1.0,6f389ea6622c682ead73,,,,,,,,,,,,,
corredor_m30_n150_r3.0_s3001,corredor,3.0,30,150,hibrido:rotacao,17138.090766295372,True,-1,0,60.0,59.9922773,0.0,18153.946464114513,16808.979491605034,gap,"[[1.0453944000182673, 21600.801356399734], [1.8882914000132587, 20123.633872904604], [3.009656200010795, 17897.265022450945], [4.418565900006797, 17339.88269334541], [4.617071999993641, 17197.295149932823], [6.494441100017866, 17185.142460881565], [6.498729200015077, 17177.429365889646], [7.175655700004427, 17177.429365889646], [13.130189099989366, 17177.429365889646], [17.294461200013757, 17177.429365889646], [30.000900900020497, 17177.429365889653], [30.04252300004009, 17168.676092474194], [30.147759400017094, 17168.14022924559], [31.250591700023506, 17165.559802023967], [31.479462500021327, 17165.486458363393], [31.74723210002412, 17138.090766295372]]",59.9922773,56.765625,0.9462155389790479,False,81.4,873.35546875,2,,,,,6f389ea6622c682ead73,30.000519200024428,17177.429365889653,171.0,171.0,65.0,"{""interior"": 43, ""fronteira"": 43, ""liberacao"": 43, ""regret"": 42, ""abertura"": 0}","{""interior"": 1, ""fronteira"": 2, ""liberacao"": 2, ""regret"": 0, ""abertura"": 0}",0.4619166002376005,29.464026499859756,0.0,96.0,0.0,
corredor_m30_n150_r3.0_s3001,corredor,3.0,30,150,hibrido:rotacao,17271.39732429718,True,-1,1,60.0,59.9992242,0.0,18153.946464114513,16808.979491605034,gap,"[[0.4005876999872271, 21600.801356399734], [1.1045872999820858, 20058.343026062757], [2.289971799997147, 17750.46286357116], [4.699699199991301, 17494.477273868208], [8.134968400001526, 17494.477273868215], [11.774677100009285, 17413.74313521948], [11.800349299999652, 17398.04633436759], [11.85441999998875, 17395.94658527288], [14.290159599971958, 17395.94658527288], [18.31906819998403, 17395.94658527288], [30.003505400003633, 17395.94658527287], [30.091706600011094, 17383.07985309838], [30.26409529999364, 17382.63600164129], [32.27647710000747, 17336.673163754465], [33.120845099998405, 17323.953510435662], [33.32163270001183, 17300.37813651578], [33.383543700008886, 17288.562585059866], [33.995336699998006, 17278.463984446567], [35.9799204999872, 17278.382828441852], [38.65802890001214, 17271.39732429718]]",59.9992242,53.421875,0.8903760958962532,True,88.9,764.0703125,6,,,,,6f389ea6622c682ead73,30.003304899990326,17395.94658527287,147.0,147.0,97.0,"{""interior"": 37, ""fronteira"": 37, ""liberacao"": 37, ""regret"": 36, ""abertura"": 0}","{""interior"": 1, ""fronteira"": 4, ""liberacao"": 3, ""regret"": 1, ""abertura"": 0}",0.43053719989256933,29.51048200004152,0.0,54.0,0.0,
corredor_m30_n150_r3.0_s3001,corredor,3.0,30,150,hibrido:rotacao,17325.240565716253,True,-1,2,60.0,59.9983852,0.0,18153.946464114513,16808.979491605034,gap,"[[0.7798010999977123, 21600.801356399734], [2.288788999983808, 20123.633872904604], [4.316825799993239, 17782.976493454793], [4.402856699976837, 17730.49571588912], [4.4242806999827735, 17717.748498160174], [7.079950999992434, 17717.748498160174], [9.53794049998396, 17699.07511039273], [9.54615839998587, 17697.122372727903], [13.116089599992847, 17697.122372727903], [17.234484999993583, 17697.122372727903], [29.973364900011802, 17697.12237272788], [30.972582200018223, 17478.721125031676], [31.179828599997563, 17400.426497219752], [31.197782000002917, 17392.161569696065], [31.728726500004996, 17379.54082005391], [31.742778400017414, 17354.79476959246], [31.796493600006215, 17354.67881244231], [31.93167690001428, 17346.955367814764], [32.142717700015055, 17345.114400541017], [32.975396199995885, 17335.279096529397], [33.135610199999064, 17325.70616175401], [34.0944615000044, 17325.530838909643], [36.97511630001827, 17325.26439716927], [50.76566810000804, 17325.240565716253]]",59.9983852,50.703125,0.8450748271138471,True,85.1,777.1875,4,,,,,6f389ea6622c682ead73,29.97310010000365,17697.12237272788,142.0,142.0,25.0,"{""interior"": 36, ""fronteira"": 36, ""liberacao"": 35, ""regret"": 35, ""abertura"": 0}","{""interior"": 1, ""fronteira"": 4, ""liberacao"": 6, ""regret"": 2, ""abertura"": 0}",0.42859540003701113,29.546611899859272,0.0,35.0,0.0,
corredor_m30_n150_r3.0_s3001,corredor,3.0,30,150,hibridopl:rotacao,17138.090766295372,True,-1,0,60.0,59.9986397,0.0,18153.946464114513,16808.979491605034,gap,"[[0.31724549998762086, 21600.801356399734], [1.0223868000030052, 20123.633872904604], [2.1047899999830406, 17897.265022450945], [3.7104189999809023, 17339.88269334541], [4.028907400002936, 17197.295149932823], [5.711528999992879, 17185.142460881565], [5.713700399996014, 17177.429365889646], [8.08621039998252, 17177.429365889646], [14.18953319999855, 17177.429365889646], [18.575961799971992, 17177.429365889646], [29.00246019999031, 17177.429365889653], [29.040724699996645, 17168.676092474194], [29.178165299992543, 17168.14022924559], [30.279220900003565, 17165.559802023967], [30.521303299989086, 17165.486458363393], [30.764799099997617, 17138.090766295372]]",59.9986397,55.65625,0.9276251974759354,False,79.8,764.0703125,6,,,,,6f389ea6622c682ead73,29.002263900008984,17177.429365889653,183.0,183.0,118.0,"{""interior"": 46, ""fronteira"": 46, ""liberacao"": 46, ""regret"": 45, ""abertura"": 0}","{""interior"": 1, ""fronteira"": 2, ""liberacao"": 2, ""regret"": 0, ""abertura"": 0}",0.5196021999290679,30.415804200223647,0.0,105.0,0.0,
corredor_m30_n150_r3.0_s3001,corredor,3.0,30,150,hibridopl:rotacao,17169.663859703676,True,-1,1,60.0,60.0164952,0.016495200000001375,18153.946464114513,16808.979491605034,gap,"[[0.3169593999919016, 21600.801356399734], [1.2815747999993619, 20058.343026062757], [2.4746679000090808, 17750.46286357116], [5.237930400006007, 17494.477273868208], [8.14991349997581, 17494.477273868215], [10.562511999974959, 17326.138654523304], [10.599594599974807, 17239.81371404783], [14.1180325000023, 17239.81371404783], [18.517708700004732, 17239.81371404783], [29.011173100007, 17239.81371404783], [29.880948899983196, 17238.647916438364], [31.104857700003777, 17237.236939244365], [32.63320539999404, 17233.71370517782], [32.666573399998015, 17220.65099169644], [32.695090499997605, 17215.19276014416], [32.995129199989606, 17189.430540672533], [33.03245369999786, 17187.044461493046], [33.06468949999544, 17178.729809979868], [34.85936549998587, 17169.856332704425], [35.83342979999725, 17169.705129562084], [39.090507699991576, 17169.663859703676]]",60.0164952,52.484375,0.8744991660226104,True,81.4,777.1875,4,,,,,6f389ea6622c682ead73,29.010820700001204,17239.81371404783,139.0,139.0,98.0,"{""interior"": 35, ""fronteira"": 35, ""liberacao"": 35, ""regret"": 34, ""abertura"": 0}","{""interior"": 2, ""fronteira"": 4, ""liberacao"": 5, ""regret"": 0, ""abertura"": 0}",0.41535559989279136,30.52289350013598,0.0,49.0,0.0,
corredor_m30_n150_r3.0_s3001,corredor,3.0,30,150,hibridopl:rotacao,17518.59027309122,True,-1,2,60.0,59.996136,0.0,18153.946464114513,16808.979491605034,gap,"[[0.34116460001678206, 21600.801356399734], [1.0060027000145055, 20123.633872904604], [2.137723400024697, 17782.976493454793], [2.186105300032068, 17730.49571588912], [2.197608400019817, 17717.748498160174], [7.29583040002035, 17599.5178688501], [7.31805740002892, 17590.618365046168], [7.3205641000240576, 17584.461942652182], [8.073794900003122, 17584.461942652182], [14.1886710000108, 17584.461942652182], [18.469813100004103, 17584.461942652182], [29.008780800009845, 17584.46194265216], [30.0599412000156, 17581.066484896357], [30.997870799998054, 17549.90204088338], [31.043105499993544, 17549.78608373323], [35.99544530001003, 17521.816757353237], [36.858797199995024, 17520.569116912044], [37.025366599991685, 17520.03865913355], [41.15980940000736, 17519.661823864008], [44.204353500012076, 17518.59027309122]]",59.996136,55.15625,0.9193300381877926,False,82.9,764.0703125,6,,,,,6f389ea6622c682ead73,29.008345700014615,17584.46194265216,91.0,91.0,111.0,"{""interior"": 23, ""fronteira"": 23, ""liberacao"": 23, ""regret"": 22, ""abertura"": 0}","{""interior"": 2, ""fronteira"": 4, ""liberacao"": 1, ""regret"": 1, ""abertura"": 0}",0.2871701999101788,30.65599660013686,0.0,17.0,0.0,
corredor_m30_n150_r3.0_s3001,corredor,3.0,30,150,kernel,17165.11349508155,True,-1,0,60.0,60.0005091,0.0005091000000021495,18153.946464114513,16808.979491605034,gap,"[[0.38527949998388067, 21600.801356399734], [1.0842109999794047, 20123.633872904604], [2.194613699975889, 17897.265022450945], [4.051748699974269, 17339.88269334541], [4.365423699986422, 17197.295149932823], [6.111588799976744, 17185.142460881565], [6.114804799959529, 17177.429365889646], [12.231200899987016, 17165.113495081547], [15.275286199961556, 17165.113495081547], [30.375213999970583, 17165.113495081547], [44.06226589996368, 17165.113495081547]]",60.0005091,54.484375,0.9080652117333451,False,86.0,764.0703125,6,422.0,,0.3,4.0,6f389ea6622c682ead73,,,,,,,,,,,,,0.2014140999817755
corredor_m30_n150_r3.0_s3002,corredor,3.0,30,150,adaptativa:gnn,19069.646621784163,True,0,0,60.0,59.0157475,0.0,19822.148496911133,18667.08473659419,gap,"[[0.36481550001190044, 19779.75365005165], [0.8242210000171326, 19279.998240315643], [1.7324247999931686, 19223.408194137188], [1.8025753000110853, 19223.408194137184], [4.3826813000196125, 19210.1066745148], [4.459278199996334, 19210.106674514795], [6.976630000019213, 19209.135933025907], [7.051577500009444, 19209.135933025904], [9.87497980002081, 19209.135933025904], [15.102658000017982, 19209.135933025907], [24.26066530001117, 19088.826545939628], [24.290747600025497, 19075.31658725644], [26.581768200005172, 19075.31658725644], [31.692306900018593, 19075.316587256428], [34.21622240002034, 19075.31658725644], [39.328351400006795, 19069.646621784177], [39.43149889999768, 19069.646621784163], [43.44160750001902, 19069.646621784163], [47.42468130000634, 19069.646621784163]]",59.0157475,52.453125,0.8887987905262066,True,88.4,873.35546875,2,155.0,False,1.0,4.0,6f389ea6622c682ead73,,,,,,,,,,,,,
corredor_m30_n150_r3.0_s3002,corredor,3.0,30,150,adaptativa:pl,19209.135933025907,True,-1,0,60.0,59.0084341,0.0,19822.148496911133,18667.08473659419,gap,"[[0.3062841000210028, 19779.75365005165], [0.6881340000254568, 19279.998240315643], [1.5334860000293702, 19223.408194137188], [1.6015530000149738, 19223.408194137184], [4.126818500022637, 19210.1066745148], [4.236127400014084, 19210.106674514795], [7.169921800028533, 19209.135933025907], [7.263528800016502, 19209.135933025904], [10.433306100021582, 19209.135933025904], [15.151042600016808, 19209.135933025907], [26.23604930000147, 19209.135933025907], [34.36984170001233, 19209.135933025907]]",59.0084341,49.171875,0.8333024888725187,True,88.2,777.1875,4,68.0,False,1.0,4.0,6f389ea6622c682ead73,,,,,,,,,,,,,
corredor_m30_n150_r3.0_s3002,corredor,3.0,30,150,completo,20973.672521576216,True,-1,0,60.0,57.0015892,0.0,19822.148496911133,18667.08473659419,gap,"[[1.4065435999946203, 40368.54311666141], [4.181966599979205, 21533.723334977276], [13.168604999984382, 21445.24704028012], [56.748393399990164, 20973.672521576198]]",57.0015892,50.453125,0.8851178661524054,True,93.2,764.0703125,6,22.0,False,1.0,1.0,6f389ea6622c682ead73,,,,,,,,,,,,,
corredor_m30_n150_r3.0_s3002,corredor,3.0,30,150,hibrido:rotacao,19052.746788025965,True,-1,0,60.0,59.9834594,0.0,19822.148496911133,18667.08473659419,gap,"[[0.4371495000086725, 19779.75365005165], [0.9091529999859631, 19279.998240315643], [1.6351581999915652, 19223.408194137188], [1.6810082999872975, 19223.408194137184], [3.5609539999859408, 19210.1066745148], [3.6296101000043564, 19210.106674514795], [6.300302699994063, 19209.135933025907], [6.408663600013824, 19209.135933025904], [7.056218200013973, 19209.135933025907], [13.691447200020775, 19209.135933025907], [17.418741899979068, 19209.135933025907], [29.002194100030465, 19209.135933025907], [33.00021780002862, 19063.777600858164], [33.19270320000942, 19061.6483810096], [35.99881160003133, 19060.471034971233], [39.076948100031586, 19058.10935917312], [39.77823660001741, 19055.116474606217], [41.98104690000764, 19052.796928221822], [51.99706180000794, 19052.746788025965]]",59.9834594,48.53125,0.8090772103750988,True,94.7,781.2109375,4,,,,,6f389ea6622c682ead73,29.00179060001392,19209.135933025907,78.0,78.0,45.0,"{""interior"": 20, ""fronteira"": 20, ""liberacao"": 19, ""regret"": 19, ""abertura"": 0}","{""interior"": 0, ""fronteira"": 3, ""liberacao"": 4, ""regret"": 0, ""abertura"": 0}",0.31885170002351515,30.60067410027841,0.0,7.0,0.0,
corredor_m30_n150_r3.0_s3002,corredor,3.0,30,150,hibrido:rotacao,19062.20707890646,True,-1,1,60.0,60.0025868,0.002586800000003109,19822.148496911133,18667.08473659419,gap,"[[0.2760819000250194, 19779.75365005165], [0.7117435000254773, 19279.998240315643], [1.605606400029501, 19223.408194137188], [1.6635258000169415, 19223.408194137184], [3.572976000024937, 19213.663300657965], [3.6675554000248667, 19213.663300657965], [6.230785400024615, 19213.663300657965], [8.063819000002695, 19213.663300657972], [14.661900699982652, 19213.663300657972], [18.24779190000845, 19213.663300657972], [26.52456920000259, 19213.66330065797], [30.008172400004696, 19213.66330065797], [30.260088400013046, 19211.284401052828], [32.697449800005415, 19210.521300544286], [35.02027619999717, 19119.602933317605], [37.23072610000963, 19089.219031753688], [38.99890279999818, 19070.10329515603], [39.12131370001589, 19067.533240419456], [39.16291500002262, 19065.64311065632], [40.005701700021746, 19065.052602676256], [42.05903910001507, 19064.961237481635], [43.58767850001459, 19064.22886570301], [44.94963540000026, 19063.100451100785], [55.97841180002433, 19062.869155918812], [56.99747680002474, 19062.20707890646]]",60.0025868,52.890625,0.8814724134526813,True,91.8,764.0703125,6,,,,,6f389ea6622c682ead73,30.007775600010063,19213.66330065797,74.0,74.0,45.0,"{""interior"": 19, ""fronteira"": 19, ""liberacao"": 18, ""regret"": 18, ""abertura"": 0}","{""interior"": 1, ""fronteira"": 4, ""liberacao"": 6, ""regret"": 2, ""abertura"": 0}",0.2695007001166232,29.67260280015762,0.0,4.0,0.0,
corredor_m30_n150_r3.0_s3002,corredor,3.0,30,150,hibrido:rotacao,19054.49749384955,True,-1,2,60.0,60.4306299,0.43062989999999957,19822.148496911133,18667.08473659419,gap,"[[0.30883160000666976, 19779.75365005165], [0.6878716000064742, 19279.998240315643], [1.4634834000025876, 19223.408194137188], [1.5391151999938302, 19223.408194137184], [3.2131912000186276, 19210.106674514795], [3.280654800008051, 19210.106674514795], [6.0101173000002746, 19207.433801098905], [6.068295200006105, 19207.433801098905], [8.102993600012269, 19207.433801098912], [14.36206170002697, 19207.433801098912], [18.1791271000111, 19207.433801098912], [29.99443570000585, 19207.43380109891], [32.9832498000178, 19076.176776579174], [33.98104310000781, 19075.82398900103], [48.50296540002455, 19067.41482253737], [48.61561989999609, 19065.524692774234], [49.11957410001196, 19065.275106040113], [50.54828190000262, 19058.218028038682], [52.98349500002223, 19054.49749384955]]",60.4306299,52.125,0.8625592697983775,True,94.9,873.35546875,2,,,,,6f389ea6622c682ead73,29.99407250000513,19207.43380109891,87.0,87.0,37.0,"{""interior"": 22, ""fronteira"": 22, ""liberacao"": 22, ""regret"": 21, ""abertura"": 0}","{""interior"": 1, ""fronteira"": 3, ""liberacao"": 3, ""regret"": 0, ""abertura"": 0}",0.30852189994766377,30.077862199832452,0.0,17.0,0.0,
corredor_m30_n150_r3.0_s3002,corredor,3.0,30,150,hibridopl:rotacao,19052.994011863928,True,-1,0,60.0,59.9982376,0.0,19822.148496911133,18667.08473659419,gap,"[[0.3325034999870695, 19779.75365005165], [0.7600275999866426, 19279.998240315643], [1.7868923000060022, 19223.408194137188], [1.878296799986856, 19223.408194137184], [4.2986424999835435, 19210.1066745148], [4.361504200001946, 19210.106674514795], [6.569907199998852, 19209.135933025907], [6.646604899986414, 19209.135933025904], [8.145420800021384, 19209.135933025907], [14.300897400011308, 19209.135933025907], [18.730763300001854, 19209.135933025907], [29.01266159999068, 19209.135933025907], [32.00623849997646, 19062.434031868957], [32.17917389998911, 19059.92508924225], [36.708591999980854, 19055.2079558337], [38.998464099975536, 19052.994011863928]]",59.9982376,53.75,0.8958596477173856,True,92.8,873.35546875,2,,,,,6f389ea6622c682ead73,29.01218359998893,19209.135933025907,86.0,86.0,13.0,"{""interior"": 22, ""fronteira"": 22, ""liberacao"": 21, ""regret"": 21, ""abertura"": 0}","{""interior"": 0, ""fronteira"": 2, ""liberacao"": 2, ""regret"": 0, ""abertura"": 0}",0.2916503000597004,30.637153700139606,0.0,23.0,0.0,
corredor_m30_n150_r3.0_s3002,corredor,3.0,30,150,hibridopl:rotacao,19056.92367503712,True,-1,1,60.0,60.5532756,0.5532755999999992,19822.148496911133,18667.08473659419,gap,"[[0.32858120001037605, 19779.75365005165], [0.8566830000199843, 19279.998240315643], [1.8014305000251625, 19223.408194137188], [1.8711253000074066, 19223.408194137184], [4.417482700024266, 19213.663300657965], [4.536940000019968, 19213.663300657965], [7.732363699993584, 19213.663300657972], [13.784699100011494, 19213.663300657972], [18.029902400041465, 19213.663300657972], [25.781892000028165, 19213.66330065797], [29.56163240002934, 19213.66330065797], [29.82925650003017, 19211.284401052828], [32.12185410002712, 19210.521300544286], [34.55874120001681, 19119.602933317605], [36.55544150000787, 19080.010156595985], [37.56235180000658, 19070.648791817322], [38.24542480002856, 19070.265921064813], [38.26418800003012, 19064.67125956537], [38.549697800015565, 19061.349347467683], [39.84012970002368, 19059.025100010054], [41.50414460001048, 19057.757295797244], [42.853429900016636, 19057.56026056345], [49.558788700029254, 19057.45108328697], [52.48011630002293, 19056.92367503712]]",60.5532756,57.359375,0.9472547014450858,False,90.3,873.35546875,2,,,,,6f389ea6622c682ead73,29.56124120001914,19213.66330065797,103.0,103.0,11.0,"{""interior"": 26, ""fronteira"": 26, ""liberacao"": 26, ""regret"": 25, ""abertura"": 0}","{""interior"": 1, ""fronteira"": 4, ""liberacao"": 8, ""regret"": 0, ""abertura"": 0}",0.27152739980374463,30.669459600001574,0.0,7.0,0.0,
corredor_m30_n150_r3.0_s3002,corredor,3.0,30,150,hibridopl:rotacao,19052.138591366358,True,-1,2,60.0,59.998385,0.0,19822.148496911133,18667.08473659419,gap,"[[0.3949884000176098, 19779.75365005165], [0.9935795000055805, 19279.998240315643], [1.9758384000160731, 19223.408194137188], [2.055477100017015, 19223.408194137184], [4.4598819999955595, 19210.106674514795], [4.558732000004966, 19210.106674514795], [7.157241400011117, 19210.106674514805], [13.728097000013804, 19210.106674514805], [17.323827400017763, 19210.106674514805], [24.677862900018226, 19210.1066745148], [30.012517000024673, 19210.1066745148], [33.0073644000222, 19087.943154466957], [34.537845600018045, 19085.755970482893], [36.070803400012664, 19084.51907104354], [40.04149120001239, 19083.709005206743], [42.004133400012506, 19082.91154552295], [44.00153110001702, 19082.06351596539], [47.56591780000599, 19064.923146516194], [47.681590699998196, 19064.20413430948], [48.08380750002107, 19063.954547575355], [49.009616299998015, 19060.03373134425], [59.747534299996914, 19057.923138047965], [59.92163250001613, 19052.138591366358]]",59.998385,53.921875,0.898722107270054,True,90.3,764.0703125,6,,,,,6f389ea6622c682ead73,30.01201440001023,19210.1066745148,97.0,97.0,14.0,"{""interior"": 25, ""fronteira"": 24, ""liberacao"": 24, ""regret"": 24, ""abertura"": 0}","{""interior"": 1, ""fronteira"": 7, ""liberacao"": 4, ""regret"": 0, ""abertura"": 0}",0.3037710999196861,29.627584000030765,0.0,13.0,0.0,
corredor_m30_n150_r3.0_s3002,corredor,3.0,30,150,kernel,19258.900458451244,True,-1,0,60.0,59.9984941,0.0,19822.148496911133,18667.08473659419,gap,"[[0.9671731000125874, 21620.493475015755], [1.2958642999874428, 21533.723334977272], [4.201266399992164, 21267.39762795243], [5.446413500001654, 19284.599724342217], [11.39476840000134, 19277.558912121833], [13.526717800006736, 19258.991920256536], [13.557763399992837, 19258.90045845124], [14.258480300020892, 19258.90045845124], [29.147491100011393, 19258.90045845124], [44.09226239999407, 19258.90045845124]]",59.9984941,50.9375,0.848979641307364,True,90.2,781.2109375,4,391.0,,0.26666666666666666,4.0,6f389ea6622c682ead73,,,,,,,,,,,,,0.2621805999951903
corredor_m30_n150_r3.0_s3003,corredor,3.0,30,150,adaptativa:gnn,18282.22109794931,True,0,0,60.0,59.0090772,0.0,18879.937838135484,17509.385215335355,gap,"[[0.22460449999198318, 20349.926232763297], [0.2896417999872938, 19010.762394706773], [0.3708185999712441, 18988.359564021852], [1.8843596999940928, 18528.2080467779], [3.8065100999956485, 18315.908298048133], [4.462704799982021, 18297.26128090958], [10.200896799971815, 18288.475664637364], [15.03005759997177, 18282.221097949317], [15.143796199961798, 18282.221097949317], [26.797111899970332, 18282.221097949317], [34.192694499972276, 18282.221097949317]]",59.0090772,48.40625,0.8203187085257453,True,90.7,781.2109375,4,443.0,False,1.0,4.0,6f389ea6622c682ead73,,,,,,,,,,,,,
corredor_m30_n150_r3.0_s3003,corredor,3.0,30,150,adaptativa:pl,18282.22109794931,True,-1,0,60.0,58.997483,0.0,18879.937838135484,17509.385215335355,gap,"[[0.3918701999937184, 20349.926232763297], [0.5015770999889355, 19010.762394706773], [0.6640718999842647, 18988.359564021852], [2.086311199993361, 18528.2080467779], [3.829819899983704, 18315.908298048133], [4.310595899994951, 18297.26128090958], [9.96185669998522, 18288.475664637364], [14.682340500003193, 18282.221097949317], [15.109904700017069, 18282.221097949317], [26.784630699985428, 18282.221097949317], [34.29378350000479, 18282.221097949317]]",58.997483,48.609375,0.8239228612515554,True,86.9,781.2109375,4,449.0,False,1.0,4.0,6f389ea6622c682ead73,,,,,,,,,,,,,
corredor_m30_n150_r3.0_s3003,corredor,3.0,30,150,completo,18879.937838135484,True,-1,0,60.0,57.005957,0.0,18879.937838135484,17509.385215335355,gap,"[[1.356997599999886, 38398.08079672807], [4.476679900020827, 24645.35713153047], [4.702205900015542, 21168.253749853273], [9.304876900016097, 20356.61868458649], [11.098526500019943, 18975.362695747146], [11.22098090001964, 18917.923902882234], [11.329943300021114, 18917.829219988707], [11.342817600001581, 18879.937838135495]]",57.005957,50.8125,0.891354214086784,True,87.8,873.35546875,2,13.0,False,1.0,1.0,6f389ea6622c682ead73,,,,,,,,,,,,,
corredor_m30_n150_r3.0_s3003,corredor,3.0,30,150,hibrido:rotacao,18170.461635367705,True,-1,0,60.0,59.9889938,0.0,18879.937838135484,17509.385215335355,gap,"[[0.3962578999926336, 20349.926232763297], [0.5092454999976326, 19010.762394706773], [0.6647436000057496, 18988.359564021852], [2.5451590000011493, 18528.2080467779], [4.644368200009922, 18315.908298048133], [5.246515900013037, 18297.26128090958], [7.173759599943878, 18297.261280909588], [9.713313999964157, 18282.474776927782], [9.721475699945586, 18281.756367033297], [13.141191600007005, 18281.756367033297], [17.222511300002225, 18281.756367033297], [29.995369999989634, 18281.756367033282], [34.98758839999209, 18278.022549752837], [35.98931800000719, 18180.755869751734], [36.933160599990515, 18174.74233157946], [37.2878469999996, 18173.446785234948], [40.46268140000757, 18172.848394750657], [40.98998690000735, 18170.82652363559], [45.287237299984554, 18170.461635367705]]",59.9889938,55.796875,0.9301185345102421,False,85.2,873.35546875,2,,,,,6f389ea6622c682ead73,29.995062200003304,18281.756367033282,103.0,103.0,92.0,"{""interior"": 26, ""fronteira"": 26, ""liberacao"": 26, ""regret"": 25, ""abertura"": 0}","{""interior"": 0, ""fronteira"": 2, ""liberacao"": 5, ""regret"": 0, ""abertura"": 0}",0.2938880000147037,29.6560046999075,0.0,25.0,0.0,
corredor_m30_n150_r3.0_s3003,corredor,3.0,30,150,hibrido:rotacao,18305.472734266637,True,-1,1,60.0,59.9857176,0.0,18879.937838135484,17509.385215335355,gap,"[[0.40549629999441095, 20349.926232763297], [0.5090202999999747, 19010.762394706773], [0.669254100008402, 18988.359564021852], [3.3917656000121497, 18528.2080467779], [7.13870599999791, 18528.2080467779], [9.898734199989121, 18488.701033533333], [9.899728399992455, 18470.391198128375], [9.90048929999466, 18461.53266411992], [13.087013900018064, 18461.53266411992], [17.240365300007397, 18461.53266411992], [24.37921810001717, 18448.058205033136], [29.98949880001601, 18448.05820503312], [30.06827550000162, 18378.68424294243], [30.49442810000619, 18375.337390005174], [31.031865500001004, 18372.639877192018], [31.082911900011823, 18364.777830912542], [31.244389500003308, 18351.414693826897], [31.747610799997346, 18348.868188397864], [31.777369999996154, 18347.192184107567], [37.345508500002325, 18322.290396591543], [37.74454440001864, 18316.735774451914], [37.780777300009504, 18315.468257449764], [37.95350309999776, 18314.99005298197], [41.560297599993646, 18305.872173252097], [48.966629000002285, 18305.472734266637]]",59.9857176,50.5,0.8418670647027485,True,85.8,781.2109375,4,,,,,6f389ea6622c682ead73,29.98890590001247,18448.05820503312,147.0,147.0,24.0,"{""interior"": 37, ""fronteira"": 37, ""liberacao"": 37, ""regret"": 36, ""abertura"": 0}","{""interior"": 2, ""fronteira"": 4, ""liberacao"": 4, ""regret"": 3, ""abertura"": 0}",0.4405098997813184,29.489296599960653,0.0,38.0,0.0,
corredor_m30_n150_r3.0_s3003,corredor,3.0,30,150,hibrido:rotacao,18173.043623119767,True,-1,2,60.0,59.9967236,0.0,18879.937838135484,17509.385215335355,gap,"[[0.2967054999899119, 20349.926232763297], [0.3595236999972258, 19010.762394706773], [0.45368080001208, 18988.359564021852], [1.6977257000107784, 18528.2080467779], [3.600702199997613, 18528.20804677789], [5.193059899989748, 18279.556269416782], [5.444340999994893, 18279.55626941677], [5.947168000013335, 18274.084478778026], [6.055092700000387, 18274.08447877802], [6.869795000005979, 18274.08447877802], [7.408476100012194, 18272.801853827707], [7.506824100011727, 18272.80185382771], [8.326120999990962, 18272.801853827732], [13.214194000000134, 18272.801853827732], [17.274511099996744, 18272.801853827732], [30.00259659998119, 18272.801853827725], [35.997137299971655, 18187.152282789008], [36.42896639998071, 18175.300653004975], [36.528429499972844, 18175.26198041168], [42.17938759998651, 18173.043623119767]]",59.9967236,53.5625,0.892757083821824,True,88.5,764.0703125,6,,,,,6f389ea6622c682ead73,30.00228089999291,18272.801853827725,142.0,142.0,6.0,"{""interior"": 36, ""fronteira"": 36, ""liberacao"": 35, ""regret"": 35, ""abertura"": 0}","{""interior"": 1, ""fronteira"": 2, ""liberacao"": 1, ""regret"": 0, ""abertura"": 0}",0.4712547001254279,29.459661299857544,0.0,55.0,0.0,
corredor_m30_n150_r3.0_s3003,corredor,3.0,30,150,hibridopl:rotacao,18169.346473877005,True,-1,0,60.0,59.9952692,0.0,18879.937838135484,17509.385215335355,gap,"[[0.34625700002652593, 20349.926232763297], [0.44040900003165007, 19010.762394706773], [0.5673748000408523, 18988.359564021852], [1.862649800023064, 18528.2080467779], [3.438373400014825, 18315.908298048133], [4.01774980002665, 18297.26128090958], [8.09992630002671, 18297.261280909588], [10.277053700032411, 18285.748644802054], [14.32045540001127, 18285.748644802054], [18.433980800007703, 18285.748644802054], [30.006228100013686, 18285.748644802043], [31.020002400007797, 18285.55883936226], [31.622426100017037, 18284.93297520934], [32.39965330000268, 18279.875637010784], [32.99373130002641, 18278.241974084292], [33.99767180002527, 18180.722649620206], [34.067913400009274, 18179.043199243493], [34.46185510000214, 18178.678310975607], [34.89111130000674, 18175.88346082748], [36.91239200002747, 18174.389191580936], [43.98794060002547, 18171.489402929456], [49.150266400014516, 18169.346473877005]]",59.9952692,57.0625,0.9511166590448434,False,79.1,873.35546875,2,,,,,6f389ea6622c682ead73,30.005861100013135,18285.748644802043,143.0,143.0,192.0,"{""interior"": 36, ""fronteira"": 36, ""liberacao"": 36, ""regret"": 35, ""abertura"": 0}","{""interior"": 0, ""fronteira"": 3, ""liberacao"": 6, ""regret"": 2, ""abertura"": 0}",0.3932223998999689,29.53691819985397,0.0,30.0,0.0,
corredor_m30_n150_r3.0_s3003,corredor,3.0,30,150,hibridopl:rotacao,18172.170818754345,True,-1,1,60.0,60.0002028,0.00020279999999672782,18879.937838135484,17509.385215335355,gap,"[[0.2787429000309203, 20349.926232763297], [0.33583720002206974, 19010.762394706773], [0.4176246000279207, 18988.359564021852], [2.024702300026547, 18528.2080467779], [4.973619300028076, 18291.73625479931], [8.112826700002188, 18291.736254799307], [10.377644499996677, 18278.99420451931], [14.179065700009232, 18278.99420451931], [18.494825000001583, 18278.99420451931], [29.01248659999692, 18278.994204519302], [29.5672007999965, 18178.197969603207], [29.695027200010372, 18173.689965493937], [30.044592399994144, 18172.170818754345]]",60.0002028,52.96875,0.8828095161038356,True,79.1,781.2109375,4,,,,,6f389ea6622c682ead73,29.012037000007695,18278.994204519302,127.0,127.0,180.0,"{""interior"": 32, ""fronteira"": 32, ""liberacao"": 32, ""regret"": 31, ""abertura"": 0}","{""interior"": 2, ""fronteira"": 0, ""liberacao"": 1, ""regret"": 0, ""abertura"": 0}",0.3562831002054736,30.54410219998681,0.0,70.0,0.0,
corredor_m30_n150_r3.0_s3003,corredor,3.0,30,150,hibridopl:rotacao,18166.97197439797,True,-1,2,60.0,60.002347,0.002347000000000321,18879.937838135484,17509.385215335355,gap,"[[0.3660469999886118, 20349.926232763297], [0.47578179999254644, 19010.762394706773], [0.6503850999870338, 18988.359564021852], [2.3992948999803048, 18528.2080467779], [4.878246399981435, 18528.20804677789], [6.853264599980321, 18279.556269416782], [7.155533699988155, 18279.556269416797], [13.30092449998483, 18279.556269416797], [17.31797450000886, 18279.556269416797], [29.98590719999629, 18279.556269416782], [30.91749130000244, 18272.050354072504], [33.07208630000241, 18271.112357437927], [44.862999999983, 18166.97197439797]]",60.002347,53.40625,0.8900693501205877,True,88.2,764.0703125,6,,,,,6f389ea6622c682ead73,29.98569739999948,18279.556269416782,115.0,115.0,7.0,"{""interior"": 29, ""fronteira"": 29, ""liberacao"": 29, ""regret"": 28, ""abertura"": 0}","{""interior"": 1, ""fronteira"": 0, ""liberacao"": 1, ""regret"": 1, ""abertura"": 0}",0.3929072998580523,29.567935000057332,0.0,34.0,0.0,
corredor_m30_n150_r3.0_s3003,corredor,3.0,30,150,kernel,18280.370545113445,True,-1,0,60.0,59.9818849,0.0,18879.937838135484,17509.385215335355,gap,"[[0.31271040003048256, 20349.926232763297], [0.37132220005150884, 19010.762394706773], [0.44883120004669763, 18988.359564021852], [1.7266343000519555, 18528.2080467779], [3.232313700049417, 18315.908298048133], [3.8338005000259727, 18297.26128090958], [8.324885100038955, 18288.475664637364], [12.098911800043425, 18282.221097949317], [12.513614700030303, 18281.539837031385], [12.515687700040871, 18280.370545113456], [15.124911599996267, 18280.370545113456], [30.155421400006162, 18280.370545113456], [45.13454990001628, 18280.370545113456]]",59.9818849,56.234375,0.9375226386058435,False,79.0,764.0703125,6,787.0,,0.26666666666666666,4.0,6f389ea6622c682ead73,,,,,,,,,,,,,0.17177290000836365
corredor_m30_n150_r3.0_s3004,corredor,3.0,30,150,adaptativa:gnn,18395.389344286705,True,0,0,60.0,58.9932833,0.0,18529.199698549335,16666.720284195835,gap,"[[0.43159659998491406, 18634.82430080417], [8.423707399982959, 18556.478551744553], [9.328835399996024, 18529.76263081979], [9.624356499989517, 18528.79182657797], [9.715732899989234, 18527.826873483176], [9.726931399985915, 18527.616141243143], [9.817056300031254, 18527.61614124312], [19.927765400032513, 18485.29344321757], [21.151495500002056, 18485.29344321757], [30.33949000001303, 18399.626137510713], [30.380066000012448, 18395.389344286687], [31.59593969999696, 18395.389344286687]]",58.9932833,53.59375,0.9084720666835643,False,81.2,873.35546875,2,188.0,False,1.0,4.0,6f389ea6622c682ead73,,,,,,,,,,,,,
corredor_m30_n150_r3.0_s3004,corredor,3.0,30,150,adaptativa:pl,18526.446619339415,True,-1,0,60.0,59.0024205,0.0,18529.199698549335,16666.720284195835,gap,"[[0.3297358000127133, 18634.82430080417], [8.984863100020448, 18556.478551744553], [10.088850400003139, 18529.76263081979], [10.371992900007172, 18528.79182657797], [10.466800800000783, 18527.826873483176], [10.475777800020296, 18527.616141243143], [10.583019499987131, 18527.61614124312], [22.141047399985837, 18527.61614124312], [30.67445019999286, 18526.446619339415], [31.271506799996132, 18526.446619339404]]",59.0024205,53.90625,0.9136277722708003,False,82.0,781.234375,6,279.0,False,1.0,4.0,6f389ea6622c682ead73,,,,,,,,,,,,,
corredor_m30_n150_r3.0_s3004,corredor,3.0,30,150,completo,18529.199698549335,True,-1,0,60.0,57.0161434,0.0,18529.199698549335,16666.720284195835,gap,"[[0.5112059999955818, 31949.361073379536], [2.1454302999773063, 22305.449653760377], [6.246686300000874, 20543.035930700273], [7.344562699989183, 18529.199698549317]]",57.0161434,48.859375,0.8569393172951786,True,83.1,781.2109375,4,55.0,False,1.0,1.0,6f389ea6622c682ead73,,,,,,,,,,,,,
corredor_m30_n150_r3.0_s3004,corredor,3.0,30,150,hibrido:rotacao,18181.937370761174,True,-1,0,60.0,59.9980797,0.0,18529.199698549335,16666.720284195835,gap,"[[0.7328184000216424, 18634.82430080417], [7.079534300020896, 18634.82430080416], [8.647025100013707, 18529.199698549317], [13.137813500012271, 18529.199698549317], [17.182872400037013, 18529.199698549317], [30.004815700027393, 18529.199698549335], [34.191396200010786, 18527.616141243143], [37.33724160003476, 18184.241719008936], [37.36422210003366, 18181.937370761174]]",59.9980797,55.703125,0.9284151305929212,False,80.5,781.234375,6,,,,,6f389ea6622c682ead73,30.004401600017445,18529.199698549335,63.0,63.0,41.0,"{""interior"": 16, ""fronteira"": 16, ""liberacao"": 16, ""regret"": 15, ""abertura"": 0}","{""interior"": 1, ""fronteira"": 1, ""liberacao"": 1, ""regret"": 0, ""abertura"": 0}",0.19714769991696812,29.753459200059297,0.0,16.0,0.0,
corredor_m30_n150_r3.0_s3004,corredor,3.0,30,150,hibrido:rotacao,18096.14157558568,True,-1,1,60.0,59.9909891,0.0,18529.199698549335,16666.720284195835,gap,"[[0.29481890000170097, 18634.82430080417], [8.098236999998335, 18634.82430080416], [9.685814800002845, 18529.199698549317], [13.81463049998274, 18366.95493027316], [14.123072799964575, 18366.95493027315], [18.259769800002687, 18366.95493027315], [29.99629650003044, 18366.95493027317], [31.08767840001383, 18352.170156443754], [31.294758100033505, 18346.343848141754], [32.0716879000247, 18345.191145496618], [36.00455180002609, 18139.06909494162], [38.035628000012366, 18136.478245248116], [38.100361100019654, 18136.467181257103], [38.832106400019256, 18132.06604352938], [39.015955900016706, 18123.55623338111], [41.99202480001259, 18100.840049541483], [42.83779110002797, 18096.14157558568]]",59.9909891,54.703125,0.9118556940078856,False,83.8,873.35546875,2,,,,,6f389ea6622c682ead73,29.995828000013717,18366.95493027317,78.0,78.0,42.0,"{""interior"": 20, ""fronteira"": 20, ""liberacao"": 19, ""regret"": 19, ""abertura"": 0}","{""interior"": 1, ""fronteira"": 2, ""liberacao"": 3, ""regret"": 4, ""abertura"": 0}",0.22745920019224286,29.724570100050187,0.0,15.0,0.0,
corredor_m30_n150_r3.0_s3004,corredor,3.0,30,150,hibrido:rotacao,18341.42515241615,True,-1,2,60.0,59.9856063,0.0,18529.199698549335,16666.720284195835,gap,"[[0.4154733000032138, 18634.82430080417], [8.070812500023749, 18634.82430080416], [9.714463000011165, 18529.199698549317], [13.937635200010845, 18371.177653489056], [14.71347610000521, 18371.177653489038], [18.247516699979315, 18371.177653489038], [29.99169679998886, 18371.177653489056], [30.041946899989853, 18366.19263787511], [31.082050199998775, 18345.860206371766], [31.139715800003614, 18345.826290143872], [32.00542359999963, 18341.42515241615]]",59.9856063,53.296875,0.8884943953629756,True,94.4,781.234375,6,,,,,6f389ea6622c682ead73,29.991255300003104,18371.177653489056,66.0,66.0,33.0,"{""interior"": 17, ""fronteira"": 17, ""liberacao"": 16, ""regret"": 16, ""abertura"": 0}","{""interior"": 1, ""fronteira"": 1, ""liberacao"": 0, ""regret"": 2, ""abertura"": 0}",0.22065829994971864,29.728761799866334,0.0,23.0,0.0,
corredor_m30_n150_r3.0_s3004,corredor,3.0,30,150,hibridopl:rotacao,18341.42515241615,True,-1,0,60.0,60.0108091,0.010809100000003014,18529.199698549335,16666.720284195835,gap,"[[0.408908400015207, 18634.82430080417], [7.113822400016943, 18634.82430080416], [9.144210200000089, 18529.199698549317], [13.195450200000778, 18529.199698549317], [17.66651120001916, 18529.199698549317], [29.00501590000931, 18529.199698549335], [29.994066800019937, 18363.6579884683], [30.183641400013585, 18362.07443116211], [36.656159100006334, 18360.4032615267], [42.0714985000086, 18345.71976577901], [53.0744485000032, 18341.42515241615]]",60.0108091,55.453125,0.9240522804415913,False,80.6,873.35546875,2,,,,,6f389ea6622c682ead73,29.00451980001526,18529.199698549335,63.0,63.0,38.0,"{""interior"": 16, ""fronteira"": 16, ""liberacao"": 16, ""regret"": 15, ""abertura"": 0}","{""interior"": 0, ""fronteira"": 4, ""liberacao"": 1, ""regret"": 0, ""abertura"": 0}",0.1832630000426434,30.782637600059388,0.0,4.0,0.0,
corredor_m30_n150_r3.0_s3004,corredor,3.0,30,150,hibridopl:rotacao,18181.937370761174,True,-1,1,60.0,60.0026127,0.0026127000000002454,18529.199698549335,16666.720284195835,gap,"[[0.322401000012178, 18634.82430080417], [8.121671699977014, 18634.82430080416], [10.172110599989537, 18529.199698549317], [14.218742599972757, 18529.199698549317], [18.25058080002782, 18529.199698549317], [30.003536800009897, 18529.199698549335], [30.690144000021974, 18188.32800743763], [30.70767890001298, 18183.520928067366], [39.15963360000751, 18181.937370761174]]",60.0026127,52.21875,0.8702746038923735,True,80.7,781.2109375,4,,,,,6f389ea6622c682ead73,30.00307510001585,18529.199698549335,63.0,63.0,41.0,"{""interior"": 16, ""fronteira"": 16, ""liberacao"": 16, ""regret"": 15, ""abertura"": 0}","{""interior"": 0, ""fronteira"": 0, ""liberacao"": 2, ""regret"": 1, ""abertura"": 0}",0.20688000007066876,29.751641400158405,0.0,19.0,0.0,
corredor_m30_n150_r3.0_s3004,corredor,3.0,30,150,hibridopl:rotacao,17946.65851866946,True,-1,2,60.0,59.9953325,0.0,18529.199698549335,16666.720284195835,gap,"[[1.0939292999682948, 18634.82430080417], [8.066837499995017, 18634.82430080416], [10.45669839999755, 18529.199698549317], [14.210648099979153, 18529.199698549317], [18.201053399970988, 18529.199698549317], [30.006773600005545, 18529.199698549335], [30.15073970000958, 18527.616141243143], [31.152211900014663, 18181.937370761174], [51.993850400001975, 17949.68856447546], [52.92696640000213, 17947.671232545985], [57.90470450001885, 17947.456360241944], [58.0421072000172, 17946.65851866946]]",59.9953325,55.078125,0.9180401658745704,False,81.4,781.234375,6,,,,,6f389ea6622c682ead73,30.006377500016242,18529.199698549335,75.0,75.0,38.0,"{""interior"": 19, ""fronteira"": 19, ""liberacao"": 19, ""regret"": 18, ""abertura"": 0}","{""interior"": 0, ""fronteira"": 4, ""liberacao"": 2, ""regret"": 0, ""abertura"": 0}",0.22126589991967194,29.722407699853648,0.0,21.0,0.0,
corredor_m30_n150_r3.0_s3004,corredor,3.0,30,150,kernel,18181.937370761174,True,-1,0,60.0,58.9895496,0.0,18529.199698549335,16666.720284195835,gap,"[[0.29530429997248575, 20890.35832163261], [3.081941199983703, 20823.060242960008], [3.149753999983659, 19336.308774614492], [5.469889799976954, 18560.066059091143], [5.540044299996225, 18556.09281781144], [5.790861899993615, 18533.56230337387], [5.808096199994907, 18533.351571133837], [5.8973140999733005, 18532.22607905273], [5.930414699978428, 18527.61614124314], [6.081501099979505, 18527.61614124312], [14.75869089999469, 18181.937370761156], [24.120184400002472, 18181.937370761156], [41.084535099973436, 18181.937370761156]]",58.9895496,50.8125,0.8613813861023275,True,81.0,781.2109375,4,185.0,,0.3,4.0,6f389ea6622c682ead73,,,,,,,,,,,,,0.17997949998243712
corredor_m30_n150_r3.0_s3005,corredor,3.0,30,150,adaptativa:gnn,18867.40517284541,True,0,0,60.0,59.00914,0.0,18842.596622619112,18634.57564720965,gap,"[[0.3647681000002194, 23097.59762094549], [0.5480017999943811, 22563.668909643366], [0.9137985999986995, 22512.986422049493], [1.3503220999846235, 22408.517693605238], [3.7022563999926206, 22404.90100141273], [4.537134999991395, 22237.51804895437], [7.933192600001348, 22222.189909529694], [10.108048099995358, 22215.580799062776], [12.858374399977038, 22214.433333396828], [14.429927099990891, 22202.074899210722], [15.09333139998489, 22202.074899210722], [15.813256599998567, 21897.461894402735], [15.959765599982347, 21851.20861771433], [16.110413099988364, 19807.353087856063], [17.272186599991983, 19342.83044963389], [26.41975219998858, 19342.830449633893], [31.688461699988693, 18867.40517284542], [32.042316000006394, 18867.4051728454], [34.2260690999974, 18867.40517284542], [39.83794809997198, 18867.4051728454], [43.07063129998278, 18867.4051728454], [46.39475819998188, 18867.4051728454]]",59.00914,54.734375,0.927557578368368,False,83.9,873.35546875,2,945.0,False,1.0,4.0,6f389ea6622c682ead73,,,,,,,,,,,,,
corredor_m30_n150_r3.0_s3005,corredor,3.0,30,150,adaptativa:pl,18866.710115725396,True,-1,0,60.0,59.0000015,0.0,18842.596622619112,18634.57564720965,gap,"[[0.3961950000084471, 22876.371320438066], [0.6536454000161029, 20953.78846995666], [1.021553800033871, 20928.186553166834], [2.0676188000361435, 18880.407217632655], [6.017742300027749, 18873.69053304713], [12.386863900028402, 18869.874308518003], [15.10158620000584, 18869.874308518003], [26.68756740001845, 18869.874308518003], [28.817955500009703, 18869.87430851798], [34.22778290003771, 18869.874308518003], [40.17799740002374, 18866.71011572541], [40.34616230003303, 18866.710115725386], [42.8156883000338, 18866.710115725386], [45.06794680003077, 18866.710115725386]]",59.0000015,55.828125,0.9462393827227276,False,83.4,873.35546875,2,408.0,False,1.0,4.0,6f389ea6622c682ead73,,,,,,,,,,,,,
corredor_m30_n150_r3.0_s3005,corredor,3.0,30,150,completo,18842.596622619112,True,-1,0,60.0,57.0082551,0.0,18842.596622619112,18634.57564720965,gap,"[[0.485302099987166, 40937.02413297047], [3.2674810999887995, 24178.306788140148], [3.456211299984716, 20577.985441422476], [7.7890105000115, 18864.98577332521], [8.245925700000953, 18864.98577332519], [12.272036000009393, 18847.243348130443], [12.368415100005222, 18847.243348130443], [16.245306099997833, 18842.596622619098], [16.330116099998122, 18842.596622619098]]",57.0082551,51.90625,0.9105040999579725,False,86.0,781.234375,6,94.0,False,1.0,1.0,6f389ea6622c682ead73,,,,,,,,,,,,,
corredor_m30_n150_r3.0_s3005,corredor,3.0,30,150,hibrido:rotacao,18847.77104750356,True,-1,0,60.0,59.9579921,0.0,18842.596622619112,18634.57564720965,gap,"[[0.378868199972203, 23097.59762094549], [0.531863499985775, 22563.668909643366], [0.829549499991117, 22512.986422049493], [1.1501026999903843, 22408.517693605238], [3.2176151999738067, 22404.90100141273], [3.939163399976678, 22237.51804895437], [7.1691406999889296, 22237.51804895437], [8.04006150001078, 21897.461894402735], [8.172280200000387, 21851.20861771433], [8.319096099992748, 19807.353087856063], [9.478844400000526, 19342.83044963389], [13.215174099983415, 19342.830449633893], [17.267017300007865, 19342.830449633893], [24.64232919999631, 18864.98577332521], [27.816407800011802, 18864.98577332519], [29.993740699981572, 18864.9857733252], [31.62440639999113, 18847.77104750356]]",59.9579921,55.921875,0.9326842517796723,False,85.8,873.35546875,2,,,,,6f389ea6622c682ead73,29.99352709998493,18864.9857733252,185.0,185.0,235.0,"{""interior"": 47, ""fronteira"": 46, ""liberacao"": 46, ""regret"": 46, ""abertura"": 0}","{""interior"": 0, ""fronteira"": 1, ""liberacao"": 0, ""regret"": 0, ""abertura"": 0}",0.5351999001868535,29.3621659000637,0.0,108.0,0.0,
corredor_m30_n150_r3.0_s3005,corredor,3.0,30,150,hibrido:rotacao,18847.77104750356,True,-1,1,60.0,59.9957182,0.0,18842.596622619112,18634.57564720965,gap,"[[0.27184300002409145, 23097.59762094549], [0.3712269999959972, 22563.668909643366], [0.6323313000029884, 22512.986422049493], [1.0144757000089157, 22408.517693605238], [2.166377800022019, 22314.202960110957], [6.192192300019087, 22269.463169516825], [8.149531000002753, 22269.463169516832], [9.328613799996674, 21897.461894402742], [9.500704699981725, 21851.20861771433], [9.703226799989352, 19807.353087856063], [10.758583699993324, 19342.830449633893], [15.068263399996795, 19342.830449633893], [18.18357350002043, 19342.830449633893], [24.400648200011346, 18864.98577332521], [27.646941900020465, 18864.98577332519], [30.003743600012967, 18864.9857733252], [30.09807209999417, 18863.673103917725], [31.016707500006305, 18847.77104750356]]",59.9957182,54.296875,0.9050125013754732,False,85.4,781.234375,6,,,,,6f389ea6622c682ead73,30.003457599988906,18864.9857733252,198.0,198.0,272.0,"{""interior"": 50, ""fronteira"": 50, ""liberacao"": 49, ""regret"": 49, ""abertura"": 0}","{""interior"": 0, ""fronteira"": 1, ""liberacao"": 1, ""regret"": 0, ""abertura"": 0}",0.5705876996507868,29.346053099812707,0.0,123.0,0.0,
corredor_m30_n150_r3.0_s3005,corredor,3.0,30,150,hibrido:rotacao,18842.676870712236,True,-1,2,60.0,59.9986754,0.0,18842.596622619112,18634.57564720965,gap,"[[0.2901910999789834, 23097.59762094549], [0.3957572999643162, 22563.668909643366], [0.6341676999581978, 22512.986422049493], [1.0653823999746237, 22408.517693605238], [2.3094885999744292, 22250.611251500977], [3.9007060999574605, 22247.952807131103], [4.515563599969028, 22213.17693830793], [4.536769599973923, 22210.69080361936], [4.549927499960177, 22210.20182961903], [7.222807899961481, 22189.32650389461], [8.087474499974633, 22189.32650389461], [8.981920499965781, 21897.461894402735], [9.116813299973728, 21851.20861771433], [9.268017699971097, 19807.353087856063], [10.562396099965554, 19342.830449633893], [14.230485699983547, 19342.830449633893], [18.57633219996933, 19342.830449633893], [26.595462099969154, 18864.98577332521], [26.693697399954544, 18859.891596533886], [29.003404899995076, 18859.89159653388], [29.656904600007692, 18858.5789271264], [44.003191399999196, 18842.676870712236]]",59.9986754,49.703125,0.8284037050591286,True,85.7,781.2109375,4,,,,,6f389ea6622c682ead73,29.003194299992174,18859.89159653388,143.0,143.0,375.0,"{""interior"": 36, ""fronteira"": 36, ""liberacao"": 36, ""regret"": 35, ""abertura"": 0}","{""interior"": 0, ""fronteira"": 1, ""liberacao"": 1, ""regret"": 0, ""abertura"": 0}",0.4772364998643752,30.457787200430175,0.0,61.0,0.0,
corredor_m30_n150_r3.0_s3005,corredor,3.0,30,150,hibridopl:rotacao,18844.75206628084,True,-1,0,60.0,59.9959099,0.0,18842.596622619112,18634.57564720965,gap,"[[0.26507379999384284, 22876.371320438066], [0.4951973999850452, 20953.78846995666], [1.1454634999972768, 20928.186553166834], [2.5457522999786306, 18880.407217632655], [8.103190399997402, 18880.407217632655], [14.100407899997663, 18880.407217632655], [18.4396895999962, 18880.407217632655], [25.721563699975377, 18880.407217632644], [29.00367739997455, 18880.40721763265], [30.76628239999991, 18876.88606831437], [30.79088389998651, 18873.940773471524], [31.34657879997394, 18859.955389788156], [39.99825689999852, 18844.75206628084]]",59.9959099,50.953125,0.849276643773345,True,84.2,781.2109375,4,,,,,6f389ea6622c682ead73,29.00324869999895,18880.40721763265,99.0,99.0,94.0,"{""interior"": 25, ""fronteira"": 25, ""liberacao"": 25, ""regret"": 24, ""abertura"": 0}","{""interior"": 0, ""fronteira"": 2, ""liberacao"": 1, ""regret"": 1, ""abertura"": 0}",0.3285139999934472,30.622749399975874,0.0,32.0,0.0,
corredor_m30_n150_r3.0_s3005,corredor,3.0,30,150,hibridopl:rotacao,18844.75206628084,True,-1,1,60.0,59.9904839,0.0,18842.596622619112,18634.57564720965,gap,"[[0.33515889997943304, 22876.371320438066], [0.5293029999593273, 20953.788469956657], [1.007402099960018, 20928.186553166834], [2.4273131999652833, 18880.407217632655], [5.645816799980821, 18871.33588495507], [8.220370099967113, 18871.33588495507], [14.093889599957038, 18871.33588495507], [16.442690199968638, 18871.335884955053], [18.20390979995136, 18871.33588495507], [23.59232809994137, 18863.199488666818], [23.688757999945665, 18863.1994886668], [25.490877699950943, 18863.1994886668], [26.864777199953096, 18863.1994886668], [29.999173499963945, 18863.199488666814], [31.039575699949637, 18859.955389788156], [35.9882876999618, 18844.75206628084]]",59.9904839,52.984375,0.8832129957198095,True,82.8,781.2109375,4,,,,,6f389ea6622c682ead73,29.998961199977202,18863.199488666814,95.0,95.0,99.0,"{""interior"": 24, ""fronteira"": 24, ""liberacao"": 24, ""regret"": 23, ""abertura"": 0}","{""interior"": 1, ""fronteira"": 1, ""liberacao"": 0, ""regret"": 0, ""abertura"": 0}",0.2754932000534609,29.674128700018628,0.0,33.0,0.0,
corredor_m30_n150_r3.0_s3005,corredor,3.0,30,150,hibridopl:rotacao,18842.676870712236,True,-1,2,60.0,59.9849313,0.0,18842.596622619112,18634.57564720965,gap,"[[0.39351010002428666, 22876.371320438066], [0.6598728000244591, 20953.788469956657], [1.224658500024816, 20928.18655316683], [2.532459400012158, 18880.407217632655], [7.101371100026881, 18880.407217632655], [13.117862200015225, 18880.407217632655], [17.18600980003248, 18880.407217632655], [22.62412200003746, 18880.407217632644], [25.606986300030258, 18858.57892712639], [25.66663030005293, 18858.57892712639], [27.842597500042757, 18858.57892712639], [29.580741600046167, 18858.57892712639], [29.997241600009147, 18858.5789271264], [42.99872820000746, 18842.676870712236]]",59.9849313,56.125,0.935651650900532,False,82.8,873.35546875,2,,,,,6f389ea6622c682ead73,29.996965800004546,18858.5789271264,154.0,154.0,63.0,"{""interior"": 39, ""fronteira"": 39, ""liberacao"": 38, ""regret"": 38, ""abertura"": 0}","{""interior"": 0, ""fronteira"": 0, ""liberacao"": 1, ""regret"": 0, ""abertura"": 0}",0.4484037999936845,29.481970399763668,0.0,71.0,0.0,
corredor_m30_n150_r3.0_s3005,corredor,3.0,30,150,kernel,18855.953672175652,True,-1,0,60.0,60.0045854,0.004585400000003403,18842.596622619112,18634.57564720965,gap,"[[0.3230317000125069, 22876.371320438066], [0.5661456999951042, 20953.78846995666], [1.0963053000159562, 20928.186553166834], [2.3768854000081774, 18880.407217632655], [7.4163153000117745, 18873.69053304713], [13.27766540000448, 18869.874308518003], [15.201191299973289, 18869.874308518003], [17.523752199980663, 18869.87430851798], [30.12461309999344, 18869.874308518003], [33.0542191999848, 18867.06070341269], [33.12711890001083, 18867.06070341267], [35.31155360001139, 18855.953672175645], [35.36064920001081, 18855.953672175645], [37.32880009998917, 18855.95367217565], [45.09051119998912, 18855.953672175663], [46.058234899974195, 18855.953672175645], [48.2145580999786, 18855.953672175645]]",60.0045854,56.859375,0.9475838324849087,False,82.8,781.234375,6,460.0,,0.3,4.0,6f389ea6622c682ead73,,,,,,,,,,,,,0.15231169998878613
corredor_m30_n150_r3.0_s3006,corredor,3.0,30,150,adaptativa:gnn,19042.964068841018,True,0,0,60.0,59.0007475,0.0,19232.703550659193,18518.546983079712,gap,"[[1.038226400007261, 20966.95987043053], [1.3970850000041537, 20874.809630411917], [1.8816999999980908, 20872.538909737028], [2.6960643000202253, 20855.059719984776], [2.769275099999504, 20845.086750002654], [2.8065326000214554, 20743.190797427356], [3.210278800019296, 20564.290759052332], [4.925887600023998, 19077.48826628904], [10.109491600014735, 19057.65839166275], [10.111976000014693, 19056.554009467112], [14.093098900018958, 19056.554009467112], [25.113930000021355, 19056.554009467112], [34.17846940000891, 19056.554009467112], [39.88112320000073, 19042.964068841036]]",59.0007475,50.828125,0.8614827295196557,True,83.8,781.2109375,4,309.0,False,1.0,4.0,6f389ea6622c682ead73,,,,,,,,,,,,,
corredor_m30_n150_r3.0_s3006,corredor,3.0,30,150,adaptativa:pl,19031.86002690585,True,-1,0,60.0,59.0060209,0.0,19232.703550659193,18518.546983079712,gap,"[[0.5168048999912571, 21543.277696005593], [0.8073106999800075, 21475.789502446227], [1.154519799980335, 21418.00833632286], [1.7953509999788366, 21395.978252746285], [4.989411999995355, 21390.010012632178], [5.261556999990717, 21329.123249278964], [8.192363699985435, 19913.262318912984], [8.354661999997916, 19894.233137979318], [11.491237099980935, 19339.83807745267], [13.956996299995808, 19080.96996684605], [15.166421200003242, 19080.969966846067], [19.635375199984992, 19037.15745015367], [19.699179899995215, 19032.9644091015], [19.70238370000152, 19031.860026905862], [26.708865599997807, 19031.860026905862], [34.43356379997567, 19031.860026905862]]",59.0060209,45.578125,0.772431767213098,True,100.0,781.2109375,4,80.0,False,1.0,4.0,6f389ea6622c682ead73,,,,,,,,,,,,,
corredor_m30_n150_r3.0_s3006,corredor,3.0,30,150,completo,21101.76036132955,True,-1,0,60.0,57.0102752,0.0,19232.703550659193,18518.546983079712,gap,"[[0.518292399996426, 35507.04062953167], [2.655245300004026, 26144.65869713999], [3.2946188999922015, 24231.107514362953], [8.30310969997663, 21101.760361329565]]",57.0102752,51.078125,0.8959459469509805,True,88.3,873.35546875,2,32.0,False,1.0,1.0,6f389ea6622c682ead73,,,,,,,,,,,,,
corredor_m30_n150_r3.0_s3006,corredor,3.0,30,150,hibrido:rotacao,18996.475719388116,True,-1,0,60.0,60.002817,0.0028170000000002915,19232.703550659193,18518.546983079712,gap,"[[0.30741730000590906, 20966.95987043053], [0.6744226999871898, 20874.809630411917], [1.2817882999952417, 20872.538909737028], [2.334316599997692, 20855.059719984776], [2.4449774000095204, 20845.086750002654], [2.507193700002972, 20743.190797427356], [3.1044247999961954, 20564.290759052332], [4.771822399983648, 19077.48826628904], [8.153383800003212, 19077.488266289063], [10.093590900010895, 19064.655341103495], [10.163454099994851, 19061.228731097788], [10.173239499999909, 19053.25424773471], [14.096055800007889, 19053.25424773471], [19.128456400008872, 19053.25424773471], [27.842141700006323, 19042.964068841036], [30.00227620001533, 19042.964068841018], [32.99971319999895, 19014.68450338198], [35.34209400002146, 19011.601704492834], [36.29227659999742, 19007.425179799095], [38.831700800015824, 18996.475719388116]]",60.002817,50.859375,0.8476164544074656,True,87.2,781.2109375,4,,,,,6f389ea6622c682ead73,30.00191730001825,19042.964068841018,82.0,82.0,78.0,"{""interior"": 21, ""fronteira"": 21, ""liberacao"": 20, ""regret"": 20, ""abertura"": 0}","{""interior"": 1, ""fronteira"": 2, ""liberacao"": 0, ""regret"": 1, ""abertura"": 0}",0.33131239979411475,29.596383099938976,0.0,19.0,0.0,
corredor_m30_n150_r3.0_s3006,corredor,3.0,30,150,hibrido:rotacao,19451.94746402507,True,-1,1,60.0,59.9899482,0.0,19232.703550659193,18518.546983079712,gap,"[[0.5369877000048291, 20966.95987043053], [0.9462403000216, 20874.809630411917], [1.5904633000027388, 20872.538909737028], [2.8774234000011347, 20855.059719984776], [2.988261800026521, 20845.086750002654], [3.0634918000141624, 20743.190797427356], [3.7160058000008576, 20564.290759052332], [7.205444399995031, 20564.290759052332], [11.818786199990427, 20507.7048940378], [13.217583300021943, 20507.7048940378], [17.824213399988366, 20507.7048940378], [29.01529179996578, 20507.70489403779], [31.134745299990755, 20478.61658797725], [32.05890689996886, 20475.004585940733], [36.9868020999711, 19902.36021118174], [37.066231199976755, 19898.018529436682], [39.53970109997317, 19881.525481166733], [40.15854079998098, 19881.135756695716], [42.99780199996894, 19574.91497263463], [43.254170799977146, 19569.305954100542], [47.079856499971356, 19563.32552836577], [47.99632809998002, 19466.593900898348], [48.1014765999862, 19457.826844963543], [49.69050659998902, 19455.38668573174], [53.421646499977214, 19452.42835143405], [54.14770519998274, 19451.94746402507]]",59.9899482,46.78125,0.7798181429334856,True,100.0,781.2109375,4,,,,,6f389ea6622c682ead73,29.014938999986043,20507.70489403779,86.0,86.0,27.0,"{""interior"": 22, ""fronteira"": 22, ""liberacao"": 21, ""regret"": 21, ""abertura"": 0}","{""interior"": 4, ""fronteira"": 5, ""liberacao"": 2, ""regret"": 3, ""abertura"": 0}",0.41293999992194586,30.498686399980215,0.0,1.0,0.0,
corredor_m30_n150_r3.0_s3006,corredor,3.0,30,150,hibrido:rotacao,19028.55794886634,True,-1,2,60.0,60.0316049,0.031604899999997826,19232.703550659193,18518.546983079712,gap,"[[0.8039775999786798, 20966.95987043053], [1.167533799976809, 20874.809630411917], [1.7047317999822553, 20872.538909737028], [2.415050599985989, 20855.059719984773], [2.5371478999732062, 20845.08675000265], [2.597922799992375, 20743.190797427353], [3.0893125999718904, 20564.290759052332], [5.515236699982779, 19389.992985375087], [7.175693199998932, 19389.992985375113], [13.247803800011752, 19389.992985375113], [17.36432419999619, 19389.992985375113], [27.447377300006337, 19367.453785174417], [30.032395699992776, 19367.453785174395], [30.270193500007736, 19344.42000657769], [30.36475109998719, 19324.907317962578], [31.047711299994262, 19307.252747363356], [31.591906199988443, 19302.43287390851], [31.664781200001016, 19286.585959152177], [32.66083829998388, 19282.46476458279], [35.20098190000863, 19261.140667607666], [35.66689190000761, 19247.800103064706], [35.72412749999785, 19239.101228685544], [38.060935699992115, 19169.417660170187], [38.115730699995765, 19168.366879314028], [38.18892419998883, 19153.81332857244], [40.97619849999319, 19102.91403770092], [41.142241199995624, 19077.49158888612], [44.07591769998544, 19070.444166879974], [44.841431799985, 19051.19499226772], [45.398912200005725, 19035.27215448016], [47.435253999981796, 19035.092606868577], [49.51774209999712, 19032.899630611402], [54.070794600003865, 19028.55794886634]]",60.0316049,51.171875,0.8524155748499738,True,99.4,781.234375,6,,,,,6f389ea6622c682ead73,30.031987299997127,19367.453785174395,131.0,131.0,58.0,"{""interior"": 33, ""fronteira"": 33, ""liberacao"": 33, ""regret"": 32, ""abertura"": 0}","{""interior"": 3, ""fronteira"": 9, ""liberacao"": 4, ""regret"": 4, ""abertura"": 0}",0.5010528000129852,29.424287300003925,0.0,17.0,0.0,
corredor_m30_n150_r3.0_s3006,corredor,3.0,30,150,hibridopl:rotacao,19114.053448633527,True,-1,0,60.0,59.9669573,0.0,19232.703550659193,18518.546983079712,gap,"[[0.4170031000394374, 21543.277696005593], [0.6626972000231035, 21475.789502446227], [0.9488596000301186, 21418.00833632286], [1.378332100022817, 21395.978252746285], [3.143673200014746, 21390.010012632178], [3.2615561000129674, 21329.123249278964], [4.813569900026778, 19913.262318912984], [4.916783800028497, 19894.233137979318], [6.682417400035774, 19339.83807745267], [7.538546600029804, 19339.838077452685], [10.555976500036195, 19220.56344519577], [10.629490000021178, 19194.425718425668], [10.642772300023353, 19194.23041033701], [12.100484700029483, 19194.23041033701], [17.18360690001282, 19194.23041033701], [29.99518030002946, 19194.230410336997], [30.67091040001833, 19192.50229872024], [30.884251300012693, 19188.81315656093], [31.102848000038648, 19185.906866081503], [33.33366440003738, 19182.683319321055], [34.406101000029594, 19182.193027306035], [35.051139500021236, 19179.136729708654], [38.7303751000145, 19120.542136336582], [40.98868550002226, 19114.053448633527]]",59.9669573,54.59375,0.9103971996925047,False,84.8,781.234375,6,,,,,6f389ea6622c682ead73,29.994604700012133,19194.230410336997,131.0,131.0,30.0,"{""interior"": 33, ""fronteira"": 33, ""liberacao"": 33, ""regret"": 32, ""abertura"": 0}","{""interior"": 0, ""fronteira"": 4, ""liberacao"": 3, ""regret"": 1, ""abertura"": 0}",0.40738809990580194,29.499030100007076,0.0,33.0,0.0,
corredor_m30_n150_r3.0_s3006,corredor,3.0,30,150,hibridopl:rotacao,18946.556766537247,True,-1,1,60.0,59.9972657,0.0,19232.703550659193,18518.546983079712,gap,"[[0.29614709998713806, 21543.277696005593], [0.490173500002129, 21475.789502446227], [0.7464663999853656, 21418.00833632286], [1.1252286999952048, 21395.978252746285], [3.6725180000066757, 21390.010012632178], [3.818789499986451, 21329.123249278964], [5.514811700006248, 20092.349719100635], [7.52273199998308, 19286.898228249862], [8.065988599992124, 19286.898228249873], [10.613858900003834, 19154.890024487846], [10.631629999988945, 19136.561014438794], [10.632849099987652, 19136.152611228008], [14.115100800001528, 19136.152611228008], [18.270587800012436, 19136.152611228008], [30.0003097000008, 19136.15261122799], [30.06181369998376, 19129.750729812306], [31.196699199994328, 19128.711394660488], [33.83227610000176, 19125.851083669328], [33.862956900004065, 19119.75521114577], [34.09750209999038, 19116.37691120022], [45.99410369998077, 18993.487298130523], [46.01289299997734, 18971.154453759198], [46.02721129998099, 18966.905429518192], [46.21284569997806, 18961.09050935051], [46.50581809997675, 18949.63480701758], [46.58028269998613, 18948.20269841881], [46.769147099985275, 18947.21676661185], [48.0842210999981, 18946.556766537247]]",59.9972657,53.890625,0.898218016625381,True,83.8,873.35546875,2,,,,,6f389ea6622c682ead73,29.999973099998897,19136.15261122799,139.0,139.0,39.0,"{""interior"": 35, ""fronteira"": 35, ""liberacao"": 35, ""regret"": 34, ""abertura"": 0}","{""interior"": 2, ""fronteira"": 4, ""liberacao"": 5, ""regret"": 2, ""abertura"": 0}",0.42703750007785857,29.5147606000246,0.0,35.0,0.0,
corredor_m30_n150_r3.0_s3006,corredor,3.0,30,150,hibridopl:rotacao,18956.231755498444,True,-1,2,60.0,59.9818854,0.0,19232.703550659193,18518.546983079712,gap,"[[0.4431468999828212, 21543.277696005593], [0.6779823999968357, 21475.789502446227], [0.9754166000057012, 21418.00833632286], [1.4507210000010673, 21395.978252746285], [4.116987799992785, 21390.010012632178], [4.3090528000029735, 21329.123249278964], [6.734761400002753, 19968.14208334559], [6.858178499998758, 19332.722363397672], [7.13555490001454, 19332.722363397672], [13.545591100002639, 19332.722363397672], [17.362825299991528, 19332.722363397672], [24.81885399998282, 19314.175530851593], [29.995354699989548, 19314.17553085157], [30.07386389997555, 19305.61562744451], [30.139628799981438, 19273.276134166717], [30.98960349999834, 19262.809740748613], [31.02985529997386, 19255.284006948918], [31.179699099971913, 19255.088698860258], [34.2208241999906, 19242.350795516868], [38.11296329999459, 19012.77921684739], [38.17103529997985, 18997.47583772141], [42.17065589997219, 18995.232387445256], [44.069953599973815, 18973.357204635704], [47.724200899974676, 18971.696331872066], [47.855980499996804, 18971.411772422947], [48.0122630999831, 18971.012925001003], [49.0190393999801, 18966.567561389766], [49.04468999998062, 18964.893150865577], [49.89230909998878, 18964.216671185975], [56.84198509997805, 18961.40802495012], [56.90473479998764, 18957.63637153361], [56.98275919997832, 18957.58748362236], [58.46511659998214, 18956.557070088595], [59.98153049999382, 18956.231755498444]]",59.9818854,51.625,0.8606765135128613,True,100.0,873.35546875,2,,,,,6f389ea6622c682ead73,29.994674899993697,19314.17553085157,87.0,87.0,11.0,"{""interior"": 22, ""fronteira"": 22, ""liberacao"": 22, ""regret"": 21, ""abertura"": 0}","{""interior"": 5, ""fronteira"": 6, ""liberacao"": 5, ""regret"": 5, ""abertura"": 0}",0.35925259985378943,29.57407979987329,0.0,4.0,0.0,
corredor_m30_n150_r3.0_s3006,corredor,3.0,30,150,kernel,19080.96996684605,True,-1,0,60.0,59.9839094,0.0,19232.703550659193,18518.546983079712,gap,"[[0.4553971999848727, 21543.277696005593], [0.6907688000064809, 21475.789502446227], [0.9832044999930076, 21418.00833632286], [1.500779900001362, 21395.978252746285], [4.024011100002099, 21390.010012632178], [4.217298999981722, 21329.123249278964], [6.547590300004231, 19913.262318912984], [6.645682000002125, 19894.233137979318], [9.172049799992237, 19339.83807745267], [11.232707099989057, 19080.96996684605], [15.184858799999347, 19080.969966846067], [30.182016300037503, 19080.969966846067], [45.12621250000666, 19080.969966846067]]",59.9839094,49.84375,0.8309520086064948,True,100.0,781.234375,6,206.0,,0.3,4.0,6f389ea6622c682ead73,,,,,,,,,,,,,0.2213859999901615
corredor_m30_n150_r3.0_s3007,corredor,3.0,30,150,adaptativa:gnn,19234.9820620438,True,0,0,60.0,58.987174,0.0,19272.30452799866,18892.478270542684,gap,"[[0.5304626000288408, 26209.61007770636], [0.8482670000230428, 21133.49919353099], [1.2092167000228073, 21020.99808476552], [3.1644414000038523, 20937.360803720683], [11.214283600013005, 19310.66461405915], [12.926959500007797, 19293.2897442947], [12.928649800014682, 19289.88800958661], [12.93390860001091, 19278.245813136953], [15.167327100003604, 19278.245813136953], [18.030672299995786, 19234.98206204379], [26.337339200021233, 19234.98206204379], [34.74383360001957, 19234.98206204379]]",58.987174,46.1875,0.7830092012884021,True,100.0,781.2109375,4,137.0,False,1.0,4.0,6f389ea6622c682ead73,,,,,,,,,,,,,
corredor_m30_n150_r3.0_s3007,corredor,3.0,30,150,adaptativa:pl,19232.31895033663,True,-1,0,60.0,59.0064612,0.0,19272.30452799866,18892.478270542684,gap,"[[0.5447316999780014, 25117.57064170103], [0.8219797999772709, 19814.35330828328], [2.224368199968012, 19232.824557626867], [12.789199999970151, 19232.361356900565], [13.128249899978982, 19232.31895033663], [15.230398299987428, 19232.318950336634], [26.75713839996024, 19232.318950336634], [34.39433609996922, 19232.318950336634]]",59.0064612,44.59375,0.7557435083058328,True,100.0,781.2109375,4,152.0,False,1.0,4.0,6f389ea6622c682ead73,,,,,,,,,,,,,
corredor_m30_n150_r3.0_s3007,corredor,3.0,30,150,completo,20917.069820180957,True,-1,0,60.0,56.9935066,0.0,19272.30452799866,18892.478270542684,gap,"[[0.9897474000172224, 40772.40216750207], [4.090113999991445, 22357.391493950097], [4.438247100013541, 21023.371300083032], [11.165949599992018, 20917.069820180957]]",56.9935066,52.25,0.9167711045875532,False,100.0,873.35546875,2,22.0,False,1.0,1.0,6f389ea6622c682ead73,,,,,,,,,,,,,
corredor_m30_n150_r3.0_s3007,corredor,3.0,30,150,hibrido:rotacao,19222.818210245438,True,-1,0,60.0,59.9617871,0.0,19272.30452799866,18892.478270542684,gap,"[[0.5646111000387464, 26209.61007770636], [0.874686000024667, 21133.49919353099], [1.1985462000302505, 21020.99808476552], [2.9811746000195853, 20937.360803720683], [7.162215400021523, 20937.360803720683], [11.676350400026422, 19232.92058030912], [13.156794200040167, 19232.92058030912], [17.683866100007435, 19232.92058030912], [28.971700300025987, 19232.920580309128], [37.29615650002961, 19232.914521166185], [39.86329810001189, 19222.908173784752], [41.91525790002197, 19222.818210245438]]",59.9617871,51.3125,0.8557533469511952,True,98.6,781.234375,6,,,,,6f389ea6622c682ead73,28.971304500009865,19232.920580309128,75.0,75.0,25.0,"{""interior"": 19, ""fronteira"": 19, ""liberacao"": 19, ""regret"": 18, ""abertura"": 0}","{""interior"": 0, ""fronteira"": 2, ""liberacao"": 1, ""regret"": 0, ""abertura"": 0}",0.2717844001308549,30.662859799835132,0.0,21.0,0.0,
corredor_m30_n150_r3.0_s3007,corredor,3.0,30,150,hibrido:rotacao,19222.818210245438,True,-1,1,60.0,60.0191655,0.019165499999999724,19272.30452799866,18892.478270542684,gap,"[[0.5008847000426613, 26209.61007770636], [0.7855992000258993, 21133.49919353099], [1.0622502000187524, 21020.99808476552], [2.910149800038198, 20937.360803720683], [6.103050200035796, 20332.385958641178], [7.153791600023396, 20332.38595864118], [10.944847200007644, 19369.235230467588], [11.19759440002963, 19232.92058030912], [13.182150000007823, 19232.92058030912], [17.771417700016173, 19232.92058030912], [28.99550190003356, 19232.920580309128], [36.31886820003274, 19232.914521166185], [39.98646890002419, 19232.82455762687], [44.96103370000492, 19222.818210245438]]",60.0191655,51.34375,0.8554559126617647,True,100.0,781.234375,6,,,,,6f389ea6622c682ead73,28.9950410000165,19232.920580309128,67.0,67.0,26.0,"{""interior"": 17, ""fronteira"": 17, ""liberacao"": 17, ""regret"": 16, ""abertura"": 0}","{""interior"": 0, ""fronteira"": 1, ""liberacao"": 2, ""regret"": 0, ""abertura"": 0}",0.26510580017929897,30.710623599996325,0.0,13.0,0.0,
corredor_m30_n150_r3.0_s3007,corredor,3.0,30,150,hibrido:rotacao,19222.818210245438,True,-1,2,60.0,59.9897917,0.0,19272.30452799866,18892.478270542684,gap,"[[0.5994696999841835, 26209.61007770636], [0.9173080000036862, 21133.49919353099], [1.2353660999797285, 21020.99808476549], [3.2919676000019535, 20937.360803720683], [7.179184000007808, 20937.360803720683], [12.16334260001895, 19489.240519556603], [12.485656100005144, 19232.92058030912], [13.265634800016414, 19232.92058030912], [17.913831500016386, 19232.92058030912], [28.994466699979967, 19232.920580309128], [31.695867999980692, 19232.82455762687], [34.00055870000506, 19222.94366620034], [36.98338550000335, 19222.818210245438]]",59.9897917,45.390625,0.7566391499905808,True,100.0,781.2109375,4,,,,,6f389ea6622c682ead73,28.99300580000272,19232.920580309128,95.0,95.0,21.0,"{""interior"": 24, ""fronteira"": 24, ""liberacao"": 24, ""regret"": 23, ""abertura"": 0}","{""interior"": 0, ""fronteira"": 2, ""liberacao"": 1, ""regret"": 0, ""abertura"": 0}",0.4477075001632329,30.453821599890944,0.0,33.0,0.0,
corredor_m30_n150_r3.0_s3007,corredor,3.0,30,150,hibridopl:rotacao,19222.818210245438,True,-1,0,60.0,60.0024461,0.0024461000000002286,19272.30452799866,18892.478270542684,gap,"[[0.44327630000771023, 25117.57064170103], [0.6349945000256412, 19814.35330828328], [1.7454029000073206, 19232.824557626867], [7.221683500014478, 19232.824557626867], [13.21894330001669, 19232.824557626867], [17.612630699994043, 19232.824557626867], [29.00680040003499, 19232.82455762687], [37.99679380003363, 19222.818210245438]]",60.0024461,52.265625,0.8710582384073838,True,100.0,781.234375,6,,,,,6f389ea6622c682ead73,29.00635140002123,19232.82455762687,71.0,71.0,40.0,"{""interior"": 18, ""fronteira"": 18, ""liberacao"": 18, ""regret"": 17, ""abertura"": 0}","{""interior"": 0, ""fronteira"": 1, ""liberacao"": 0, ""regret"": 0, ""abertura"": 0}",0.25141669978620484,30.683812999894144,0.0,21.0,0.0,
corredor_m30_n150_r3.0_s3007,corredor,3.0,30,150,hibridopl:rotacao,19225.570072792576,True,-1,1,60.0,60.0024429,0.0024428999999983603,19272.30452799866,18892.478270542684,gap,"[[0.43804270002874546, 25117.57064170103], [0.6339723000128288, 19814.35330828328], [1.6810473000223283, 19232.824557626867], [4.196972600009758, 19228.14158066247], [7.188803700002609, 19228.14158066247], [13.22408370001358, 19228.14158066247], [17.790630000003148, 19228.14158066247], [29.002611099975184, 19228.141580662472], [31.627051999996183, 19227.35176015892], [33.34584339999128, 19225.570072792576]]",60.0024429,50.140625,0.8356430601261403,True,100.0,781.234375,6,,,,,6f389ea6622c682ead73,29.00223789998563,19228.141580662472,66.0,66.0,36.0,"{""interior"": 17, ""fronteira"": 17, ""liberacao"": 16, ""regret"": 16, ""abertura"": 0}","{""interior"": 0, ""fronteira"": 0, ""liberacao"": 2, ""regret"": 0, ""abertura"": 0}",0.2554496000520885,30.69421670009615,0.0,21.0,0.0,
corredor_m30_n150_r3.0_s3007,corredor,3.0,30,150,hibridopl:rotacao,19222.818210245438,True,-1,2,60.0,59.9976111,0.0,19272.30452799866,18892.478270542684,gap,"[[0.4583602999628056, 25117.57064170103], [0.6857292999629863, 19814.35330828328], [1.8032024999556597, 19232.824557626867], [7.203733699978329, 19232.824557626867], [13.656844999990426, 19232.824557626867], [17.35831889999099, 19232.824557626867], [29.991242999967653, 19232.82455762687], [41.46592529996997, 19222.818210245438]]",59.9976111,54.078125,0.901337970104613,False,100.0,873.35546875,2,,,,,6f389ea6622c682ead73,29.990904499980388,19232.82455762687,111.0,111.0,29.0,"{""interior"": 28, ""fronteira"": 28, ""liberacao"": 28, ""regret"": 27, ""abertura"": 0}","{""interior"": 1, ""fronteira"": 0, ""liberacao"": 0, ""regret"": 0, ""abertura"": 0}",0.39609560021199286,29.54876019997755,0.0,43.0,0.0,
corredor_m30_n150_r3.0_s3007,corredor,3.0,30,150,kernel,19253.491514387042,True,-1,0,60.0,59.0103054,0.0,19272.30452799866,18892.478270542684,gap,"[[0.49416820000624284, 26209.61007770636], [0.7953672000148799, 21133.49919353099], [1.0683238000201527, 21020.99808476552], [2.863241700018989, 20937.360803720683], [10.223473100020783, 19310.66461405915], [11.799103600002127, 19293.2897442947], [11.800717200007057, 19289.88800958661], [11.806465300003765, 19278.245813136953], [13.973054000001866, 19253.491514387046], [15.228566100035096, 19253.491514387042], [37.23108960001264, 19253.491514387042], [40.86198560000048, 19253.49151438704], [42.960142600000836, 19253.491514387042], [44.82087710002088, 19253.491514387042]]",59.0103054,52.765625,0.894176443289514,True,100.0,873.35546875,2,270.0,,0.3333333333333333,3.0,6f389ea6622c682ead73,,,,,,,,,,,,,0.2338140000065323
