cod,km_arruamento,km_rodovia_regional,km_rodovia_troncal,area_km2,km_rodovia,dens_rodovia_km_km2,dens_arruamento_km_km2
3100104,985.8934,74.0032,0.0,853.923,74.0032,0.0867,1.1545
3100203,1879.4251,66.4848,27.1737,1837.9957,93.6585,0.051,1.0225
3100302,567.8167,10.9413,11.1094,485.6833,22.0507,0.0454,1.1691
3100401,118.2756,14.2569,0.0,108.108,14.2569,0.1319,1.0941
3100500,679.0959,0.0,27.5607,842.5551,27.5607,0.0327,0.806
3100609,1160.4753,77.0671,0.0,1349.1411,77.0671,0.0571,0.8602
3100708,348.1587,15.6457,19.6833,497.623,35.3291,0.071,0.6996
3100807,291.4924,25.4448,0.0,242.5208,25.4448,0.1049,1.2019
3100906,648.8153,49.664,0.0,831.9137,49.664,0.0597,0.7799
3101003,723.7647,92.7322,33.4156,1291.3503,126.1478,0.0977,0.5605
3101102,965.8278,50.2299,22.7555,1389.4287,72.9854,0.0525,0.6951
3101201,494.5098,38.7311,27.9911,665.1929,66.7222,0.1003,0.7434
3101300,109.7691,21.1797,0.0,153.2777,21.1797,0.1382,0.7161
3101409,97.7507,12.7811,0.0,57.1124,12.7811,0.2238,1.7116
3101508,579.9687,14.092,42.2061,493.5374,56.2981,0.1141,1.1751
3101607,1240.0001,110.8428,37.671,850.22,148.5138,0.1747,1.4584
3101631,247.9293,0.0,8.8284,133.6874,8.8284,0.066,1.8545
3101706,833.7075,164.2216,0.0,2351.8004,164.2216,0.0698,0.3545
3101805,242.7886,4.4098,7.5572,169.0307,11.967,0.0708,1.4364
3101904,568.693,36.2254,42.167,468.9462,78.3924,0.1672,1.2127
3102001,536.7642,0.0,17.6351,367.7682,17.6351,0.048,1.4595
3102050,105.153,6.052,0.0,103.5782,6.052,0.0584,1.0152
3102100,518.9793,46.4565,0.0,513.2765,46.4565,0.0905,1.0111
3102209,213.0904,9.5472,0.0,284.0737,9.5472,0.0336,0.7501
3102308,575.1246,15.625,0.0,598.2782,15.625,0.0261,0.9613
3102407,252.7982,19.8805,0.0,375.6319,19.8805,0.0529,0.673
3102506,153.4691,12.687,0.0,153.4957,12.687,0.0827,0.9998
3102605,787.4213,58.8633,0.0,472.3797,58.8633,0.1246,1.6669
3102704,614.6985,24.0798,20.4201,704.275,44.4999,0.0632,0.8728
3102803,824.1864,0.0,40.7698,1025.7475,40.7698,0.0397,0.8035
3102852,259.4687,6.124,0.0,191.4845,6.124,0.032,1.355
3102902,445.8184,38.3688,0.0,521.596,38.3688,0.0736,0.8547
3103009,514.9803,6.3527,58.8509,812.7053,65.2036,0.0802,0.6337
3103108,110.0733,9.1328,0.0,87.2255,9.1328,0.1047,1.2619
3103207,300.8308,0.246,0.0,180.5148,0.246,0.0014,1.6665
3103306,131.7286,5.6297,0.0,100.4552,5.6297,0.056,1.3113
3103405,1765.2757,58.9675,42.714,2280.4085,101.6815,0.0446,0.7741
3103504,3121.5155,230.0485,153.009,2733.8824,383.0575,0.1401,1.1418
3103603,74.339,0.0,8.3437,85.821,8.3437,0.0972,0.8662
3103702,305.8,15.6626,0.0,311.1623,15.6626,0.0503,0.9828
3103751,577.0654,10.0332,87.9689,288.5932,98.0021,0.3396,1.9996
3103801,156.8751,33.1875,0.0,173.6577,33.1875,0.1911,0.9034
3103900,268.3493,19.4226,5.3054,243.6489,24.728,0.1015,1.1014
3104007,1719.2279,75.1634,105.3044,1172.8796,180.4679,0.1539,1.4658
3104106,241.5586,29.2413,0.0,161.6996,29.2413,0.1808,1.4939
3104205,1211.3547,69.5264,0.0,508.314,69.5264,0.1368,2.3831
3104304,405.4711,5.1245,16.5473,286.3565,21.6718,0.0757,1.416
3104403,135.9523,4.8759,11.4899,159.9547,16.3657,0.1023,0.8499
3104452,179.4976,2.4369,0.0,235.1283,2.4369,0.0104,0.7634
3104502,1395.6978,178.21,0.0,5338.1134,178.21,0.0334,0.2615
3104601,280.8831,0.5726,16.8084,166.6395,17.381,0.1043,1.6856
3104700,1504.5535,27.1214,0.0,1871.0015,27.1214,0.0145,0.8041
3104809,304.8142,0.0,36.4514,1261.5879,36.4514,0.0289,0.2416
3104908,786.8712,16.9822,14.235,775.5286,31.2172,0.0403,1.0146
3105004,504.5129,20.7289,0.0,569.817,20.7289,0.0364,0.8854
3105103,1536.6772,58.0976,0.0,1448.8299,58.0976,0.0401,1.0606
3105202,182.6313,46.9188,0.0,502.7,46.9188,0.0933,0.3633
3105301,75.4235,14.2953,0.0,48.4133,14.2953,0.2953,1.5579
3105400,506.9816,43.5228,9.0043,342.9208,52.5271,0.1532,1.4784
3105509,213.3824,12.5052,0.0,199.4918,12.5052,0.0627,1.0696
3105608,1644.6048,66.8015,92.2242,775.7664,159.0257,0.205,2.12
3105707,361.8997,33.603,0.0,395.0376,33.603,0.0851,0.9161
3105905,203.4178,8.2686,15.8646,90.0528,24.1332,0.268,2.2589
3106002,117.0219,9.2749,1.1836,109.2952,10.4584,0.0957,1.0707
3106101,315.5827,21.6042,0.0,397.008,21.6042,0.0544,0.7949
3106200,5126.5961,459.4354,249.8093,346.6823,709.2447,2.0458,14.7876
3106309,470.3264,3.3092,50.2757,348.6683,53.5848,0.1537,1.3489
3106408,490.2877,59.6861,0.0,370.2513,59.6861,0.1612,1.3242
3106507,391.3353,20.6815,24.3603,602.1842,45.0418,0.0748,0.6499
3106606,344.7769,10.8035,0.0,435.4804,10.8035,0.0248,0.7917
3106655,326.5335,44.5632,0.0,491.5381,44.5632,0.0907,0.6643
3106705,2104.3669,205.4418,128.5732,354.9173,334.015,0.9411,5.9292
3106804,228.0498,23.2524,0.0,283.6935,23.2524,0.082,0.8039
3106903,208.7701,23.1865,14.2679,149.165,37.4545,0.2511,1.3996
3107000,273.6171,21.7246,0.0,456.5734,21.7246,0.0476,0.5993
3107109,1070.4016,87.1815,0.0,884.1604,87.1815,0.0986,1.2106
3107208,369.044,26.9004,0.0,503.2484,26.9004,0.0535,0.7333
3107307,1322.6763,8.2375,103.9328,3261.0428,112.1702,0.0344,0.4056
3107406,2067.1009,80.65,24.7222,1230.3593,105.3721,0.0856,1.6801
3107505,304.4334,0.0,44.9887,421.1003,44.9887,0.1068,0.7229
3107604,250.5033,48.7606,0.0,210.7202,48.7606,0.2314,1.1888
3107703,287.8837,25.1273,32.8268,197.8129,57.9541,0.293,1.4553
3107802,696.3604,76.9575,0.0,601.3633,76.9575,0.128,1.158
3107901,427.1858,17.6428,0.0,236.5204,17.6428,0.0746,1.8061
3108008,677.31,56.4729,0.0,715.9764,56.4729,0.0789,0.946
3108107,421.0977,41.1994,0.0,300.0595,41.1994,0.1373,1.4034
3108206,792.3854,52.9114,0.0,1875.8076,52.9114,0.0282,0.4224
3108255,757.1278,103.9216,0.0,3961.0571,103.9216,0.0262,0.1911
3108305,423.8439,16.3934,15.9478,298.8944,32.3412,0.1082,1.418
3108404,613.5436,34.3811,0.0,343.6319,34.3811,0.1001,1.7855
3108503,722.217,28.0679,0.0,1581.4708,28.0679,0.0177,0.4567
3108552,722.2288,46.8051,0.0,2548.9878,46.8051,0.0184,0.2833
3108602,915.7804,93.22,0.0,1425.6718,93.22,0.0654,0.6424
3108701,311.1093,20.2526,0.0,230.2602,20.2526,0.088,1.3511
3108800,331.2719,12.5345,0.0,371.6126,12.5345,0.0337,0.8914
3108909,436.6149,27.4582,0.0,362.9706,27.4582,0.0756,1.2029
3109006,1114.9482,110.8195,20.0673,652.7654,130.8868,0.2005,1.708
3109105,571.2427,52.9887,0.0,354.1084,52.9887,0.1496,1.6132
3109204,488.4345,0.0,27.4876,1620.919,27.4876,0.017,0.3013
3109253,174.0813,0.0228,1.5007,163.9333,1.5235,0.0093,1.0619
3109303,1902.6308,290.9071,0.0,5252.561,290.9071,0.0554,0.3622
3109402,1454.2703,3.1305,84.2683,7324.8927,87.3989,0.0119,0.1985
3109451,556.9175,87.2396,0.0,1044.098,87.2396,0.0836,0.5334
3109501,585.3328,31.7112,0.0,384.2175,31.7112,0.0825,1.5234
3109600,75.968,13.4352,0.0,53.3885,13.4352,0.2516,1.4229
3109709,477.2734,0.0,20.9266,309.9782,20.9266,0.0675,1.5397
3109808,184.3844,45.6205,0.0,209.5968,45.6205,0.2177,0.8797
3109907,324.1127,4.7354,26.2156,147.869,30.951,0.2093,2.1919
3110004,913.2682,55.8165,32.777,562.8889,88.5934,0.1574,1.6225
3110103,200.5437,0.0,0.0,107.8084,0.0,0.0,1.8602
3110202,144.4104,1.4816,0.2699,78.8953,1.7515,0.0222,1.8304
3110301,902.3819,28.8165,0.0,711.9062,28.8165,0.0405,1.2676
3110400,216.061,11.6082,0.0,223.5733,11.6082,0.0519,0.9664
3110509,897.412,33.0815,40.3625,529.4146,73.444,0.1387,1.6951
3110608,518.8132,31.4248,45.0254,246.3939,76.4503,0.3103,2.1056
3110707,423.2917,16.9093,13.894,245.9162,30.8034,0.1253,1.7213
3110806,188.9645,4.0079,23.4319,440.4832,27.4398,0.0623,0.429
3110905,631.0308,0.7374,68.0773,338.2916,68.8147,0.2034,1.8653
3111002,940.4,38.4454,0.0,576.2656,38.4454,0.0667,1.6319
3111101,1906.1049,95.8917,103.2887,3661.7323,199.1804,0.0544,0.5205
3111150,145.4347,40.9961,0.0,503.7571,40.9961,0.0814,0.2887
3111200,885.4074,83.1373,0.0,531.7742,83.1373,0.1563,1.665
3111309,278.4651,9.1823,0.0,279.8784,9.1823,0.0328,0.995
3111408,946.5334,53.4044,87.0956,1279.8893,140.5,0.1098,0.7395
3111507,649.4274,15.3939,17.7079,714.6307,33.1018,0.0463,0.9088
3111606,1028.6333,73.7004,0.0,772.7009,73.7004,0.0954,1.3312
3111705,252.633,14.8753,0.0,183.9531,14.8753,0.0809,1.3734
3111804,766.4912,40.3728,42.595,857.798,82.9678,0.0967,0.8936
3111903,251.6622,10.1377,0.0,218.5074,10.1377,0.0464,1.1517
3112000,749.9487,59.1644,0.0,729.122,59.1644,0.0811,1.0286
3112059,161.8905,11.0292,0.4461,156.4178,11.4752,0.0734,1.035
3112109,212.38,0.2151,0.0,135.4242,0.2151,0.0016,1.5683
3112208,166.616,4.4851,0.0,99.5998,4.4851,0.045,1.6729
3112307,1093.9416,93.8791,0.0,990.7837,93.8791,0.0948,1.1041
3112406,357.875,0.0,13.0347,301.86,13.0347,0.0432,1.1856
3112505,213.8566,7.2486,4.722,100.4729,11.9706,0.1191,2.1285
3112604,721.7359,43.7223,0.0,622.9186,43.7223,0.0702,1.1586
3112653,253.8236,28.2084,0.0,283.6203,28.2084,0.0995,0.8949
3112703,503.265,16.7749,0.0,975.024,16.7749,0.0172,0.5162
3112802,692.1912,11.4451,33.3503,521.7405,44.7954,0.0859,1.3267
3112901,268.4799,0.0,0.0,180.8635,0.0,0.0,1.4844
3113008,948.3457,28.6007,28.3413,1278.8103,56.942,0.0445,0.7416
3113107,159.8236,5.4878,0.0,156.4882,5.4878,0.0351,1.0213
3113206,694.8634,45.3633,25.8954,511.1021,71.2587,0.1394,1.3595
3113305,459.6586,19.9003,36.367,337.7529,56.2673,0.1666,1.3609
3113404,1889.5264,93.1236,33.2889,1315.0696,126.4124,0.0961,1.4368
3113503,359.8051,5.6701,81.0336,1461.0094,86.7037,0.0593,0.2463
3113602,172.4635,10.8218,39.9107,187.6818,50.7324,0.2703,0.9189
3113701,1562.1306,102.7932,0.0,3269.3406,102.7932,0.0314,0.4778
3113800,108.6341,10.2437,0.0,256.195,10.2437,0.04,0.424
3113909,581.8535,2.9697,54.2226,507.5654,57.1923,0.1127,1.1464
3114006,425.0069,0.0,19.5672,368.6874,19.5672,0.0531,1.1528
3114105,328.1213,52.3145,0.0,331.284,52.3145,0.1579,0.9905
3114204,721.8759,17.7451,20.104,462.8135,37.8492,0.0818,1.5598
3114303,1142.1516,28.7709,0.0,1327.1255,28.7709,0.0217,0.8606
3114402,931.5016,43.9211,27.3532,1068.8251,71.2744,0.0667,0.8715
3114501,555.1504,9.56,49.8866,395.6623,59.4465,0.1502,1.4031
3114550,1601.7931,19.2572,68.0213,2067.319,87.2785,0.0422,0.7748
3114600,425.2474,22.1761,0.0,731.2924,22.1761,0.0303,0.5815
3114709,156.5363,5.0185,0.0,88.9116,5.0185,0.0564,1.7606
3114808,241.0614,8.1821,9.4557,283.9406,17.6377,0.0621,0.849
3114907,207.5309,3.3492,0.0,163.872,3.3492,0.0204,1.2664
3115003,321.1094,10.9937,0.0,374.0223,10.9937,0.0294,0.8585
3115102,733.2448,48.6194,24.7035,676.2079,73.3229,0.1084,1.0843
3115201,207.6847,0.6152,0.0,277.7095,0.6152,0.0022,0.7478
3115300,736.7667,44.5613,7.7401,499.2583,52.3013,0.1048,1.4757
3115359,296.5988,20.1911,0.0,246.5053,20.1911,0.0819,1.2032
3115409,157.9988,5.075,12.2484,143.1584,17.3234,0.121,1.1037
3115458,338.5756,7.8501,15.9079,416.5723,23.758,0.057,0.8128
3115474,179.1463,7.1212,0.0,301.8405,7.1212,0.0236,0.5935
3115508,177.5181,12.3208,24.7616,89.9875,37.0824,0.4121,1.9727
3115607,199.2469,22.1023,0.0,278.156,22.1023,0.0795,0.7163
3115706,172.9233,31.8777,0.0,211.8699,31.8777,0.1505,0.8162
3115805,401.3505,7.4236,43.8946,324.6325,51.3181,0.1581,1.2363
3115904,232.9339,18.6638,0.0,158.652,18.6638,0.1176,1.4682
3116001,255.2131,20.8755,0.0,214.7888,20.8755,0.0972,1.1882
3116100,474.561,40.2573,0.0,836.0519,40.2573,0.0482,0.5676
3116159,512.6222,38.1305,0.0,3281.06,38.1305,0.0116,0.1562
3116209,184.6767,32.8595,0.0,257.4843,32.8595,0.1276,0.7172
3116308,163.5353,13.502,0.0,155.5643,13.502,0.0868,1.0512
3116407,280.3175,26.3251,0.0,224.7457,26.3251,0.1171,1.2473
3116506,261.8326,0.1248,16.0571,753.6805,16.1819,0.0215,0.3474
3116605,940.6953,45.7272,4.5894,637.9966,50.3166,0.0789,1.4745
3116704,187.0916,1.513,22.0853,98.2333,23.5983,0.2402,1.9046
3116803,385.6137,3.2283,28.5999,365.5739,31.8281,0.0871,1.0548
3116902,462.232,21.4799,39.9274,1051.6792,61.4073,0.0584,0.4395
3117009,402.3192,22.9707,0.0,653.6695,22.9707,0.0351,0.6155
3117108,503.9212,27.0177,14.6076,351.9018,41.6253,0.1183,1.432
3117207,135.2422,8.9158,0.0,96.3864,8.9158,0.0925,1.4031
3117306,1297.2643,74.8411,31.2436,1333.666,106.0847,0.0795,0.9727
3117405,262.096,20.4266,0.0,258.9418,20.4266,0.0789,1.0122
3117504,981.3859,89.972,0.0,1711.3634,89.972,0.0526,0.5735
3117603,409.3804,18.592,9.3498,253.2838,27.9417,0.1103,1.6163
3117702,341.8884,22.7798,31.7992,380.2743,54.579,0.1435,0.8991
3117801,236.8144,0.0,8.9762,178.1511,8.9762,0.0504,1.3293
3117836,196.4207,53.3042,0.0,1636.0185,53.3042,0.0326,0.1201
3117876,174.3435,0.0,31.7568,38.1437,31.7568,0.8326,4.5707
3117900,348.8962,14.3483,0.0,202.1815,14.3483,0.071,1.7257
3118007,744.5965,95.468,25.0813,326.4024,120.5493,0.3693,2.2812
3118106,207.7578,18.8867,0.0,415.9245,18.8867,0.0454,0.4995
3118205,543.6735,56.9846,0.0,605.1255,56.9846,0.0942,0.8984
3118304,1026.722,16.7113,66.4311,374.2452,83.1424,0.2222,2.7434
3118403,836.5794,33.5631,33.0356,1504.8664,66.5986,0.0443,0.5559
3118502,66.0357,8.1259,0.0,87.3219,8.1259,0.0931,0.7562
3118601,1964.8136,169.5043,79.3578,200.7956,248.8621,1.2394,9.7851
3118700,460.0049,11.3484,0.0,291.0544,11.3484,0.039,1.5805
3118809,953.3042,48.7232,0.0,2262.2001,48.7232,0.0215,0.4214
3118908,724.8218,29.9762,0.0,831.6181,29.9762,0.036,0.8716
3119005,145.7086,30.2353,0.0,189.934,30.2353,0.1592,0.7672
3119104,856.086,59.8639,70.8829,2549.5905,130.7469,0.0513,0.3358
3119203,675.2102,57.9895,0.0,588.3838,57.9895,0.0986,1.1476
3119302,2304.0738,119.9343,0.0,3325.127,119.9343,0.0361,0.6929
3119401,478.7885,44.1012,13.3539,228.8014,57.4551,0.2511,2.0926
3119500,314.4718,44.0627,0.0,828.6413,44.0627,0.0532,0.3795
3119609,166.9599,34.9145,0.0,134.6416,34.9145,0.2593,1.24
3119708,178.3528,28.0285,0.0,148.1846,28.0285,0.1891,1.2036
3119807,418.5016,42.328,41.3501,671.4524,83.6781,0.1246,0.6233
3119906,180.5264,13.5837,0.0,125.4935,13.5837,0.1082,1.4385
3119955,195.5055,11.5729,12.1203,105.1324,23.6932,0.2254,1.8596
3120003,164.8035,16.3224,0.0,209.9422,16.3224,0.0777,0.785
3120102,270.2299,0.0,17.7911,492.9678,17.7911,0.0361,0.5482
3120151,602.8625,33.1106,0.0,994.3131,33.1106,0.0333,0.6063
3120201,722.2041,8.8322,0.0,623.9351,8.8322,0.0142,1.1575
3120300,438.8584,20.7368,0.0,860.0263,20.7368,0.0241,0.5103
3120409,165.2408,5.2466,16.0581,140.0451,21.3047,0.1521,1.1799
3120508,296.395,35.2071,0.0,306.57,35.2071,0.1148,0.9668
3120607,182.4903,9.8935,0.0,157.1029,9.8935,0.063,1.1616
3120706,199.8039,11.0346,11.3584,183.3655,22.393,0.1221,1.0896
3120805,475.1205,63.1235,0.0,525.1205,63.1235,0.1202,0.9048
3120839,173.2132,23.8902,0.0,233.5156,23.8902,0.1023,0.7418
3120870,396.4151,13.8014,0.0,590.5611,13.8014,0.0234,0.6713
3120904,2235.2202,155.6578,223.0554,3350.0528,378.7132,0.113,0.6672
3121001,204.2673,0.0,30.4788,320.3038,30.4788,0.0952,0.6377
3121100,321.6854,29.6542,26.0005,410.3215,55.6547,0.1356,0.784
3121209,742.8352,104.0718,0.0,1382.7522,104.0718,0.0753,0.5372
3121258,159.1527,29.6097,25.8396,102.7457,55.4492,0.5397,1.549
3121308,340.2698,20.3955,0.0,224.5593,20.3955,0.0908,1.5153
3121407,580.9383,14.1747,0.0,390.6753,14.1747,0.0363,1.487
3121506,162.2379,18.2475,0.0,147.9864,18.2475,0.1233,1.0963
3121605,1731.8328,5.3418,79.9823,3965.0257,85.3242,0.0215,0.4368
3121704,176.0066,6.4283,0.0,169.5162,6.4283,0.0379,1.0383
3121803,215.8153,48.6163,0.0,340.0886,48.6163,0.143,0.6346
3121902,176.5329,18.6242,0.0,118.7665,18.6242,0.1568,1.4864
3122009,498.7085,19.7039,4.0546,345.1996,23.7585,0.0688,1.4447
3122108,196.587,32.3305,0.0,359.1183,32.3305,0.09,0.5474
3122207,150.1836,0.0,6.6416,134.2763,6.6416,0.0495,1.1185
3122306,2050.4379,66.8833,77.2648,720.4328,144.1481,0.2001,2.8461
3122355,129.2892,12.8924,6.4979,115.1134,19.3902,0.1684,1.1231
3122405,258.4018,22.8866,0.0,216.2772,22.8866,0.1058,1.1948
3122454,669.6904,41.4379,0.0,592.5701,41.4379,0.0699,1.1301
3122470,468.565,49.4154,0.0,796.1664,49.4154,0.0621,0.5885
3122504,101.7599,0.0,8.8871,61.6025,8.8871,0.1443,1.6519
3122603,231.5785,21.4042,0.0,425.2996,21.4042,0.0503,0.5445
3122702,153.1685,17.1752,0.0,198.5642,17.1752,0.0865,0.7714
3122801,107.8012,10.8774,0.0,110.6895,10.8774,0.0983,0.9739
3122900,107.0573,0.0,9.8477,70.8227,9.8477,0.139,1.5116
3123007,144.7255,9.8312,0.0,116.0359,9.8312,0.0847,1.2472
3123106,270.2407,10.7627,0.0,375.9848,10.7627,0.0286,0.7188
3123205,520.1081,15.0711,37.8516,1100.4592,52.9227,0.0481,0.4726
3123304,304.6707,6.1301,0.0,237.4575,6.1301,0.0258,1.2831
3123403,142.9626,26.0094,0.0,156.6332,26.0094,0.1661,0.9127
3123502,303.5986,16.137,0.0,323.2037,16.137,0.0499,0.9393
3123528,272.4981,8.3314,0.0,221.0803,8.3314,0.0377,1.2326
3123601,830.3249,0.0,21.5483,478.7585,21.5483,0.045,1.7343
3123700,233.2742,10.0561,35.238,199.4045,45.2941,0.2271,1.1699
3123809,261.7925,18.6183,20.7617,625.2956,39.3801,0.063,0.4187
3123858,135.7757,7.9575,0.0,87.4978,7.9575,0.0909,1.5518
3123908,639.8057,60.9152,0.0,462.0123,60.9152,0.1318,1.3848
3124005,572.7452,1.9363,20.172,372.4992,22.1084,0.0594,1.5376
3124104,1825.4902,65.401,31.7346,929.9608,97.1356,0.1045,1.963
3124203,501.8828,44.7855,22.6802,334.0259,67.4657,0.202,1.5025
3124302,889.066,121.9788,0.0,1912.9987,121.9788,0.0638,0.4647
3124401,339.942,20.8119,0.0,258.9812,20.8119,0.0804,1.3126
3124500,436.5529,13.5919,34.5971,245.3879,48.1889,0.1964,1.779
3124609,135.0561,0.0,7.7379,118.5557,7.7379,0.0653,1.1392
3124708,309.8526,29.7382,3.9195,646.3513,33.6577,0.0521,0.4794
3124807,563.4895,77.8512,0.7431,819.58,78.5943,0.0959,0.6875
3124906,424.8576,10.8377,8.1884,317.7986,19.0261,0.0599,1.3369
3125002,96.1418,0.0,6.0369,93.9433,6.0369,0.0643,1.0234
3125101,705.9737,25.543,49.6853,248.3328,75.2283,0.3029,2.8429
3125200,135.1708,1.4891,6.978,86.5484,8.4671,0.0978,1.5618
3125309,192.2605,3.6216,0.0,178.9347,3.6216,0.0202,1.0745
3125408,268.3014,0.0,0.0,359.2045,0.0,0.0,0.7469
3125507,199.7562,31.5863,0.2558,318.1528,31.8421,0.1001,0.6279
3125606,414.607,25.4468,0.0,619.8603,25.4468,0.0411,0.6689
3125705,678.0938,5.4694,48.5626,1563.4765,54.0319,0.0346,0.4337
3125804,196.6414,1.0609,0.0,156.3749,1.0609,0.0068,1.2575
3125903,439.0315,49.1114,0.0,1108.1416,49.1114,0.0443,0.3962
3125952,357.9053,30.1657,24.3827,372.3411,54.5484,0.1465,0.9612
3126000,315.6389,15.5097,6.7995,184.4138,22.3092,0.121,1.7116
3126109,1766.798,69.2247,44.5079,1527.0093,113.7326,0.0745,1.157
3126208,845.9432,52.1057,0.0,3725.5485,52.1057,0.014,0.2271
3126307,213.9395,2.0603,2.6425,220.792,4.7028,0.0213,0.969
3126406,229.8958,10.8536,0.0,204.1981,10.8536,0.0532,1.1258
3126505,252.7418,29.8672,0.0,464.2804,29.8672,0.0643,0.5444
3126604,243.3276,30.7914,0.0,1609.0258,30.7914,0.0191,0.1512
3126703,1092.2845,57.3704,71.2195,2787.5499,128.5899,0.0461,0.3918
3126752,416.744,19.682,0.0,729.7039,19.682,0.027,0.5711
3126802,639.3714,9.8326,0.0,643.4133,9.8326,0.0153,0.9937
3126901,351.3869,2.2167,19.1379,476.1934,21.3546,0.0448,0.7379
3126950,202.2356,7.5323,0.0,182.0758,7.5323,0.0414,1.1107
3127008,412.4677,0.0707,24.6928,191.9561,24.7635,0.129,2.1488
3127057,302.5117,15.9199,0.0,334.235,15.9199,0.0476,0.9051
3127073,295.0535,12.9339,32.3641,776.3773,45.298,0.0583,0.38
3127107,3279.5814,91.5069,76.8624,2437.4163,168.3693,0.0691,1.3455
3127206,276.5869,9.2488,0.0,186.6275,9.2488,0.0496,1.482
3127305,433.5348,38.4178,33.8607,726.9256,72.2785,0.0994,0.5964
3127339,242.1853,55.4878,0.0,1755.2261,55.4878,0.0316,0.138
3127354,83.5686,5.6163,0.0,141.7115,5.6163,0.0396,0.5897
3127370,80.894,23.2157,0.0,113.1827,23.2157,0.2051,0.7147
3127388,177.5074,10.6325,0.0,144.859,10.6325,0.0734,1.2254
3127404,251.1978,19.0682,4.9623,187.8099,24.0306,0.128,1.3375
3127503,219.4478,0.0,23.0497,218.662,23.0497,0.1054,1.0036
3127602,382.9051,0.0,56.9756,878.6596,56.9756,0.0648,0.4358
3127701,2438.443,105.5095,181.7387,2403.0684,287.2482,0.1195,1.0147
3127800,2581.4737,138.1246,75.5909,3930.7466,213.7156,0.0544,0.6567
3127909,119.6766,3.4381,0.0,197.7593,3.4381,0.0174,0.6052
3128006,1031.6941,22.1615,58.2309,1119.3629,80.3924,0.0718,0.9217
3128105,764.2661,35.4549,0.0,944.7115,35.4549,0.0375,0.809
3128204,481.2116,17.3835,0.0,361.2122,17.3835,0.0481,1.3322
3128253,240.8142,0.0,0.0,388.4987,0.0,0.0,0.6199
3128303,466.0675,16.5419,0.0,298.5301,16.5419,0.0554,1.5612
3128402,401.6894,20.3085,0.0,269.4188,20.3085,0.0754,1.4909
3128501,130.9251,5.7754,7.4983,87.3635,13.2737,0.1519,1.4986
3128600,1255.5396,103.4452,0.0,2086.4505,103.4452,0.0496,0.6018
3128709,604.7331,81.8563,0.0,276.8552,81.8563,0.2957,2.1843
3128808,261.7372,11.2142,0.0,159.0287,11.2142,0.0705,1.6458
3128907,430.7991,22.6991,15.5789,353.1643,38.278,0.1084,1.2198
3129004,410.948,25.9362,0.0,291.4992,25.9362,0.089,1.4098
3129103,1574.4275,103.603,0.0,1861.8123,103.603,0.0556,0.8456
3129202,168.0105,32.7624,0.0,154.2624,32.7624,0.2124,1.0891
3129301,329.4307,3.453,13.1096,344.7008,16.5626,0.048,0.9557
3129400,204.8019,31.8359,0.0,345.9951,31.8359,0.092,0.5919
3129509,2058.5399,89.8171,77.4168,2724.8829,167.2339,0.0614,0.7555
3129608,240.5354,37.8333,0.0,886.4629,37.8333,0.0427,0.2713
3129657,240.6592,0.0,0.0,350.4438,0.0,0.0,0.6867
3129707,631.8988,73.2544,0.0,558.6549,73.2544,0.1311,1.1311
3129806,472.5232,26.9512,0.0,63.9883,26.9512,0.4212,7.3845
3129905,94.3359,10.7893,0.0,63.4503,10.7893,0.17,1.4868
3130002,177.4501,1.2958,0.0,153.2015,1.2958,0.0085,1.1583
3130051,311.6508,29.7229,0.0,623.9155,29.7229,0.0476,0.4995
3130101,590.6225,32.6393,22.9839,110.6509,55.6232,0.5027,5.3377
3130200,347.3399,9.9676,25.719,228.1897,35.6866,0.1564,1.5222
3130309,474.1711,49.6777,0.0,636.6433,49.6777,0.078,0.7448
3130408,189.8548,9.646,0.0,106.2618,9.646,0.0908,1.7867
3130507,421.6009,27.7145,0.0,380.0815,27.7145,0.0729,1.1092
3130556,388.683,23.1036,0.0,210.4044,23.1036,0.1098,1.8473
3130606,228.3913,7.8748,14.6021,135.7836,22.4769,0.1655,1.682
3130655,780.5729,67.4943,0.0,1019.3011,67.4943,0.0662,0.7658
3130705,660.3517,21.1497,37.0137,833.9711,58.1634,0.0697,0.7918
3130804,238.1766,31.7857,0.0,316.692,31.7857,0.1004,0.7521
3130903,1110.9401,16.1032,26.4403,895.6211,42.5435,0.0475,1.2404
3131000,473.6166,27.4236,0.0,248.5771,27.4236,0.1103,1.9053
3131109,470.0064,0.0,21.7064,514.7195,21.7064,0.0422,0.9131
3131158,196.3326,11.7203,15.5239,112.007,27.2442,0.2432,1.7529
3131208,515.5451,59.719,0.0,467.5501,59.719,0.1277,1.1027
3131307,739.521,83.5185,32.941,165.5877,116.4595,0.7033,4.466
3131406,379.7542,27.2672,0.0,471.7664,27.2672,0.0578,0.805
3131505,354.1047,5.0956,0.0,298.5808,5.0956,0.0171,1.186
3131604,430.8611,9.3779,0.0,357.0425,9.3779,0.0263,1.2068
3131703,1650.6609,191.1678,0.0,1274.0264,191.1678,0.1501,1.2956
3131802,208.4801,43.5418,0.0,197.1907,43.5418,0.2208,1.0573
3131901,1003.9072,38.0841,32.7337,549.6546,70.8178,0.1288,1.8264
3132008,557.9128,36.444,0.0,1833.5971,36.444,0.0199,0.3043
3132107,287.9539,32.2041,0.0,1239.0716,32.2041,0.026,0.2324
3132206,538.9252,23.3367,61.1524,421.1941,84.4891,0.2006,1.2795
3132305,490.9908,17.3392,0.0,499.9619,17.3392,0.0347,0.9821
3132404,642.4958,45.5965,30.0293,304.4559,75.6258,0.2484,2.1103
3132503,1354.5812,77.1222,71.4326,2813.5594,148.5548,0.0528,0.4814
3132602,131.1984,0.0,0.0,90.996,0.0,0.0,1.4418
3132701,1036.8773,2.2376,30.2567,1452.583,32.4942,0.0224,0.7138
3132800,194.1491,11.9772,0.0,383.8707,11.9772,0.0312,0.5058
3132909,456.8834,32.4071,0.0,244.238,32.4071,0.1327,1.8706
3133006,349.853,23.1896,23.5859,434.49,46.7755,0.1077,0.8052
3133105,171.6589,14.2988,5.0985,146.7607,19.3974,0.1322,1.1697
3133204,481.262,2.1883,0.0,501.1548,2.1883,0.0044,0.9603
3133303,482.9474,11.744,41.365,710.844,53.109,0.0747,0.6794
3133402,1565.66,101.1666,0.0,1800.6911,101.1666,0.0562,0.8695
3133501,1038.5137,71.4733,30.076,1061.0658,101.5492,0.0957,0.9787
3133600,415.3759,0.0,7.0919,181.1079,7.0919,0.0392,2.2935
3133709,569.6842,22.0566,41.1362,294.7137,63.1928,0.2144,1.933
3133758,301.7647,3.9278,26.7365,147.7969,30.6643,0.2075,2.0418
3133808,1083.3962,40.9449,38.9608,504.8103,79.9057,0.1583,2.1461
3133907,405.0244,0.0,14.6341,270.8837,14.6341,0.054,1.4952
3134004,684.8098,0.0,34.0619,1688.7366,34.0619,0.0202,0.4055
3134103,419.7897,9.0925,13.7028,460.3965,22.7953,0.0495,0.9118
3134202,2974.3941,186.4515,0.0,2595.6651,186.4515,0.0718,1.1459
3134301,293.5701,19.7515,0.0,226.6807,19.7515,0.0871,1.2951
3134400,1738.8537,85.0764,55.3367,1414.6162,140.4131,0.0993,1.2292
3134509,309.9415,34.0611,0.0,388.3548,34.0611,0.0877,0.7981
3134608,1287.0421,73.0029,0.0,1158.2881,73.0029,0.063,1.1112
3134707,433.6488,112.6963,0.0,1427.753,112.6963,0.0789,0.3037
3134806,556.3951,19.4151,0.0,412.8908,19.4151,0.047,1.3476
3134905,616.0622,33.9764,24.4584,348.9298,58.4348,0.1675,1.7656
3135001,103.1679,18.334,6.0849,172.6644,24.4189,0.1414,0.5975
3135050,1390.8676,108.1742,0.0,2672.1418,108.1742,0.0405,0.5205
3135076,338.3122,0.0,6.6186,519.5033,6.6186,0.0127,0.6512
3135100,1368.1166,99.7842,0.0,2220.2335,99.7842,0.0449,0.6162
3135209,1501.9265,153.5429,0.0,6769.985,153.5429,0.0227,0.2219
3135308,261.9984,11.475,0.0,172.4403,11.475,0.0665,1.5194
3135357,282.7292,40.6674,0.0,382.0113,40.6674,0.1065,0.7401
3135407,426.2777,9.9328,0.0,236.2463,9.9328,0.042,1.8044
3135456,152.5778,0.4376,0.0,290.2813,0.4376,0.0015,0.5256
3135506,617.2176,10.2547,0.0,553.9504,10.2547,0.0185,1.1142
3135605,192.6178,18.0717,55.261,1278.0209,73.3327,0.0574,0.1507
3135704,646.4911,26.6331,0.0,450.4889,26.6331,0.0591,1.4351
3135803,1398.3624,137.5573,0.0,3590.8702,137.5573,0.0383,0.3894
3135902,189.667,12.0685,0.0,155.2935,12.0685,0.0777,1.2213
3136009,893.3186,59.2062,0.0,1700.836,59.2062,0.0348,0.5252
3136108,192.864,22.275,0.0,248.6163,22.275,0.0896,0.7757
3136207,392.2741,51.1057,23.2224,102.8102,74.3281,0.723,3.8155
3136306,3030.5641,134.9448,209.3776,10802.5518,344.3224,0.0319,0.2805
3136405,234.6498,4.8699,39.8982,790.7979,44.7682,0.0566,0.2967
3136504,222.0389,18.2955,0.0,546.1032,18.2955,0.0335,0.4066
3136520,194.7211,12.9037,26.2979,373.2648,39.2016,0.105,0.5217
3136553,242.8004,13.9582,0.0,186.0245,13.9582,0.075,1.3052
3136579,180.6957,14.8444,0.0,535.6177,14.8444,0.0277,0.3374
3136603,241.207,5.024,14.4149,148.583,19.4388,0.1308,1.6234
3136652,448.2184,10.1348,50.2365,102.242,60.3713,0.5905,4.3839
3136702,2930.3761,225.1587,171.3565,1467.051,396.5152,0.2703,1.9975
3136801,213.192,36.5485,0.0,439.1689,36.5485,0.0832,0.4854
3136900,332.4524,29.0523,0.0,214.5005,29.0523,0.1354,1.5499
3136959,203.7319,70.3406,0.0,1091.2958,70.3406,0.0645,0.1867
3137007,791.3435,27.8243,0.0,884.3152,27.8243,0.0315,0.8949
3137106,869.1915,66.1888,0.0,1497.7655,66.1888,0.0442,0.5803
3137205,880.4487,41.6507,0.0,448.0844,41.6507,0.093,1.9649
3137304,176.5155,47.3253,0.0,602.6842,47.3253,0.0785,0.2929
3137403,569.4599,33.6048,0.0,488.4314,33.6048,0.0688,1.1659
3137502,1209.118,33.2964,15.3598,843.6704,48.6561,0.0577,1.4332
3137536,654.4778,36.7418,31.2356,1240.0713,67.9774,0.0548,0.5278
3137601,869.9888,87.368,28.0065,236.8422,115.3746,0.4871,3.6733
3137700,687.9591,65.4533,0.0,439.0691,65.4533,0.1491,1.5669
3137809,371.0708,35.085,0.0,211.4456,35.085,0.1659,1.7549
3137908,196.2524,11.7893,0.0,127.8483,11.7893,0.0922,1.535
3138005,287.519,8.86,16.4319,213.3282,25.2919,0.1186,1.3478
3138104,715.6145,44.3106,0.0,3261.8558,44.3106,0.0136,0.2194
3138203,1253.0006,119.7108,39.533,590.4074,159.2438,0.2697,2.1223
3138302,207.5835,7.2853,0.0,352.4261,7.2853,0.0207,0.589
3138351,207.3556,0.0,26.2282,279.9987,26.2282,0.0937,0.7406
3138401,1410.9344,45.2655,83.3085,993.2759,128.574,0.1294,1.4205
3138500,364.4115,19.2031,18.7934,409.1484,37.9965,0.0929,0.8907
3138609,711.551,3.7619,32.74,865.2916,36.502,0.0422,0.8223
3138625,1016.4859,71.7583,0.0,1318.5078,71.7583,0.0544,0.7709
3138658,218.2122,3.2764,0.0,255.2343,3.2764,0.0128,0.8549
3138674,161.009,0.0,0.0,153.6578,0.0,0.0,1.0478
3138682,179.8388,23.4628,0.0,419.8076,23.4628,0.0559,0.4284
3138708,382.485,43.9416,0.0,495.0255,43.9416,0.0888,0.7727
3138807,1002.7741,49.6765,57.3169,1203.4351,106.9934,0.0889,0.8333
3138906,301.0452,48.7914,0.0,346.6068,48.7914,0.1408,0.8685
3139003,862.3728,105.0111,0.0,592.9335,105.0111,0.1771,1.4544
3139102,351.6671,14.9194,28.6946,492.7527,43.614,0.0885,0.7137
3139201,546.0015,28.1707,0.0,738.0611,28.1707,0.0382,0.7398
3139250,296.2797,2.9857,0.0,284.4154,2.9857,0.0105,1.0417
3139300,776.1802,137.8892,0.0,1978.6475,137.8892,0.0697,0.3923
3139409,1019.075,22.0394,69.2582,656.6699,91.2976,0.139,1.5519
3139508,377.198,31.3813,0.0,187.4296,31.3813,0.1674,2.0125
3139607,841.174,33.2053,0.0,701.0226,33.2053,0.0474,1.1999
3139706,286.0723,13.4815,0.0,264.1304,13.4815,0.051,1.0831
3139805,436.6801,14.8218,0.0,380.551,14.8218,0.0389,1.1475
3139904,279.8869,16.0782,0.0,198.2801,16.0782,0.0811,1.4116
3140001,1350.4093,119.4691,0.0,1211.9436,119.4691,0.0986,1.1143
3140100,125.2447,4.6155,0.0,169.2521,4.6155,0.0273,0.74
3140159,138.2216,7.5232,0.0,36.7452,7.5232,0.2047,3.7616
3140209,102.0687,0.0,18.4929,79.3169,18.4929,0.2332,1.2868
3140308,282.5345,25.6578,0.0,572.1786,25.6578,0.0448,0.4938
3140407,95.0277,21.5551,0.0,106.5424,21.5551,0.2023,0.8919
3140506,912.9392,79.7875,6.318,1049.2216,86.1055,0.0821,0.8701
3140530,171.5373,5.3926,18.2914,111.4453,23.6841,0.2125,1.5392
3140555,225.809,19.8662,0.0,225.7907,19.8662,0.088,1.0001
3140605,258.7957,24.4065,0.0,274.9655,24.4065,0.0888,0.9412
3140704,705.345,29.5275,51.1458,303.1362,80.6734,0.2661,2.3268
3140803,219.6023,16.0823,31.0494,152.7541,47.1317,0.3085,1.4376
3140852,493.6208,156.7499,0.0,1986.8416,156.7499,0.0789,0.2484
3140902,371.5895,20.053,30.3968,266.9832,50.4498,0.189,1.3918
3141009,443.6435,43.7571,0.0,482.7573,43.7571,0.0906,0.919
3141108,381.5825,15.1107,14.9603,240.4252,30.071,0.1251,1.5871
3141207,262.265,8.9242,0.0,261.9251,8.9242,0.0341,1.0013
3141306,763.0212,16.912,0.0,958.9535,16.912,0.0176,0.7957
3141405,701.2827,23.5149,74.4138,1472.2672,97.9287,0.0665,0.4763
3141504,361.2755,36.9584,0.0,319.8007,36.9584,0.1156,1.1297
3141603,391.5259,9.8992,19.6141,354.877,29.5133,0.0832,1.1033
3141702,257.6496,15.5142,0.0,282.1964,15.5142,0.055,0.913
3141801,1206.2992,23.4766,0.0,1860.2482,23.4766,0.0126,0.6485
3141900,180.186,21.2331,0.0,218.1122,21.2331,0.0973,0.8261
3142007,535.8653,52.4293,0.0,737.8131,52.4293,0.0711,0.7263
3142106,469.3817,13.0013,14.5361,301.1037,27.5374,0.0915,1.5589
3142205,390.4145,28.7832,0.0,323.2789,28.7832,0.089,1.2077
3142254,132.4045,60.2296,0.0,608.6803,60.2296,0.099,0.2175
3142304,229.3856,28.9362,0.0,160.0033,28.9362,0.1808,1.4336
3142403,298.9304,11.664,11.077,199.4208,22.741,0.114,1.499
3142502,236.289,0.5891,0.0,671.3969,0.5891,0.0009,0.3519
3142601,404.354,15.9239,0.608,223.3619,16.5319,0.074,1.8103
3142700,494.1651,89.873,0.0,1520.544,89.873,0.0591,0.325
3142809,1415.797,23.0247,153.5518,2597.6907,176.5765,0.068,0.545
3142908,681.1371,118.9983,0.0,1016.1746,118.9983,0.1171,0.6703
3143005,611.9815,35.7355,0.0,427.5089,35.7355,0.0836,1.4315
3143104,1412.729,82.2906,13.1729,1355.2968,95.4635,0.0704,1.0424
3143153,290.4611,17.5436,0.0,381.0314,17.5436,0.046,0.7623
3143203,910.7954,17.9197,0.0,606.7545,17.9197,0.0295,1.5011
3143302,4379.2008,227.5969,118.1568,3646.4825,345.7537,0.0948,1.2009
3143401,441.6537,32.9579,0.0,295.6555,32.9579,0.1115,1.4938
3143450,598.8787,87.2497,0.0,1146.3392,87.2497,0.0761,0.5224
3143500,708.7849,30.7028,0.0,2107.8256,30.7028,0.0146,0.3363
3143609,241.6255,0.0,0.0,407.8138,0.0,0.0,0.5925
3143708,233.4306,30.865,0.0,486.7672,30.865,0.0634,0.4796
3143807,309.6442,6.1496,0.0,194.0194,6.1496,0.0317,1.5959
3143906,1375.4583,30.7039,75.4929,860.5617,106.1969,0.1234,1.5983
3144003,1229.4646,42.9432,0.0,1274.9226,42.9432,0.0337,0.9643
3144102,714.0464,62.2882,0.0,401.0702,62.2882,0.1553,1.7804
3144201,105.8213,38.6995,0.0,232.0051,38.6995,0.1668,0.4561
3144300,826.5369,91.1244,0.0,1576.2322,91.1244,0.0578,0.5244
3144359,122.8637,0.0,13.7118,121.1009,13.7118,0.1132,1.0146
3144375,172.2779,43.9052,0.0,486.2898,43.9052,0.0903,0.3543
3144409,220.1115,21.5131,0.0,195.9451,21.5131,0.1098,1.1233
3144508,406.4863,46.6477,0.0,334.0121,46.6477,0.1397,1.217
3144607,978.8621,28.298,14.0687,582.9948,42.3667,0.0727,1.679
3144656,703.5755,61.4347,0.0,1132.5462,61.4347,0.0542,0.6212
3144672,208.9013,26.8864,0.0,154.2844,26.8864,0.1743,1.354
3144706,299.8546,63.8502,32.7116,371.3424,96.5618,0.26,0.8075
3144805,1131.1513,65.5839,82.3304,432.0092,147.9144,0.3424,2.6184
3144904,342.003,21.8436,0.0,376.9854,21.8436,0.0579,0.9072
3145000,865.0899,81.2032,19.7478,1112.4859,100.951,0.0907,0.7776
3145059,267.1741,13.6904,0.0,123.5658,13.6904,0.1108,2.1622
3145109,657.1652,58.1424,0.0,393.369,58.1424,0.1478,1.6706
3145208,934.0563,42.3316,58.165,277.2495,100.4966,0.3625,3.369
3145307,1333.1164,59.5639,0.0,1733.765,59.5639,0.0344,0.7689
3145356,315.7827,10.4822,0.0,786.9208,10.4822,0.0133,0.4013
3145372,279.2893,30.4192,0.0,259.6189,30.4192,0.1172,1.0758
3145406,135.1816,0.0,10.1437,184.1674,10.1437,0.0551,0.734
3145455,334.4827,2.1615,40.8679,2119.6778,43.0294,0.0203,0.1578
3145505,76.0987,0.1656,0.0,59.9728,0.1656,0.0028,1.2689
3145604,951.2817,22.3225,121.0703,902.8924,143.3928,0.1588,1.0536
3145703,109.5885,21.4223,11.1817,114.9414,32.6041,0.2837,0.9534
3145802,253.7308,17.5325,0.0,252.4482,17.5325,0.0694,1.0051
3145851,119.9964,16.7295,0.0,74.1616,16.7295,0.2256,1.618
3145877,150.5173,9.0455,17.0268,113.4511,26.0724,0.2298,1.3267
3145901,448.6044,52.5256,0.0,257.076,52.5256,0.2043,1.745
3146008,836.5973,38.5805,26.8983,559.5115,65.4789,0.117,1.4952
3146107,1784.8654,90.313,12.116,1268.3759,102.429,0.0808,1.4072
3146206,218.3632,17.9888,0.0,179.7617,17.9888,0.1001,1.2147
3146255,95.665,37.8481,18.1434,479.4057,55.9914,0.1168,0.1995
3146305,584.7585,0.0,3.6595,548.8935,3.6595,0.0067,1.0653
3146404,355.3152,21.3977,0.0,652.7279,21.3977,0.0328,0.5444
3146503,347.1959,35.1462,1.3087,430.5717,36.455,0.0847,0.8064
3146552,300.3051,37.5393,0.0,840.6519,37.5393,0.0447,0.3572
3146602,80.7714,11.7727,0.0,60.4007,11.7727,0.1949,1.3373
3146701,332.8021,17.9336,0.0,309.36,17.9336,0.058,1.0758
3146750,305.429,41.6693,0.0,444.3087,41.6693,0.0938,0.6874
3146909,519.8218,41.4442,0.0,550.5975,41.4442,0.0753,0.9441
3147006,4356.2284,188.3029,100.1019,8313.9701,288.4048,0.0347,0.524
3147105,1185.4688,79.0442,40.8673,562.4674,119.9115,0.2132,2.1076
3147204,739.1242,23.0316,17.3662,439.4724,40.3978,0.0919,1.6818
3147303,452.4336,31.6446,22.5715,339.1917,54.2161,0.1598,1.3339
3147402,731.4407,34.7114,51.6941,646.5156,86.4055,0.1336,1.1314
3147501,92.2667,0.0,0.0,99.5595,0.0,0.0,0.9267
3147600,236.8379,39.8407,0.0,274.1291,39.8407,0.1453,0.864
3147709,478.484,28.7063,0.0,433.1341,28.7063,0.0663,1.1047
3147808,221.2369,23.254,0.0,241.9346,23.254,0.0961,0.9144
3147907,1789.6818,83.1466,51.505,1361.2185,134.6517,0.0989,1.3148
3147956,184.099,16.2718,0.0,447.3544,16.2718,0.0364,0.4115
3148004,3600.6319,95.9233,83.2575,3232.5622,179.1808,0.0554,1.1139
3148103,3355.096,127.0561,71.5658,2888.3709,198.6219,0.0688,1.1616
3148202,140.2195,17.042,11.9474,107.6585,28.9894,0.2693,1.3024
3148301,447.6243,7.8856,0.0,292.5771,7.8856,0.027,1.5299
3148400,268.7026,0.0,0.0,220.1921,0.0,0.0,1.2203
3148509,323.6093,36.9232,0.0,611.9755,36.9232,0.0603,0.5288
3148608,1237.5184,34.4633,0.0,1025.1633,34.4633,0.0336,1.2071
3148707,645.6326,128.6284,7.081,1632.2613,135.7094,0.0831,0.3955
3148756,238.7171,23.7999,0.0,179.0351,23.7999,0.1329,1.3334
3148806,188.0999,10.6551,0.0,169.8378,10.6551,0.0627,1.1075
3148905,421.569,19.1601,25.1874,352.5199,44.3475,0.1258,1.1959
3149002,118.2487,0.0,0.0,68.7232,0.0,0.0,1.7207
3149101,451.0533,35.8381,0.0,229.317,35.8381,0.1563,1.9669
3149150,309.6669,38.5408,0.0,1558.692,38.5408,0.0247,0.1987
3149200,262.763,4.1766,0.0,348.3569,4.1766,0.012,0.7543
3149309,663.5609,56.3966,19.3186,305.6992,75.7151,0.2477,2.1706
3149408,95.6783,18.0359,0.0,109.9265,18.0359,0.1641,0.8704
3149507,87.8438,18.5258,0.0,77.9615,18.5258,0.2376,1.1268
3149606,243.2764,29.0729,0.0,212.3722,29.0729,0.1369,1.1455
3149705,442.3486,38.9246,0.0,253.4957,38.9246,0.1536,1.745
3149804,1818.9952,56.1335,109.5643,2484.7049,165.6978,0.0667,0.7321
3149903,508.4615,22.0813,35.5895,282.3657,57.6708,0.2042,1.8007
3149952,199.9606,0.0,18.4576,232.3151,18.4576,0.0795,0.8607
3150000,236.7945,31.9829,0.0,332.665,31.9829,0.0961,0.7118
3150109,239.6981,17.3796,0.0,199.3814,17.3796,0.0872,1.2022
3150158,170.4362,10.633,0.0,108.9278,10.633,0.0976,1.5647
3150208,121.6071,9.1523,0.0,81.113,9.1523,0.1128,1.4992
3150307,234.4362,30.0491,0.0,334.0279,30.0491,0.09,0.7018
3150406,377.4751,20.7775,0.0,266.5676,20.7775,0.0779,1.4161
3150505,441.8189,35.6027,9.9297,408.5784,45.5324,0.1114,1.0814
3150539,83.4631,8.8076,0.0,66.9788,8.8076,0.1315,1.2461
3150570,235.7157,56.369,0.0,1252.024,56.369,0.045,0.1883
3150604,457.0546,13.3551,0.0,293.205,13.3551,0.0455,1.5588
3150703,319.0781,46.9533,0.0102,358.9352,46.9635,0.1308,0.889
3150802,681.5083,0.0,43.738,651.0503,43.738,0.0672,1.0468
3150901,214.5055,7.8155,0.0,214.1477,7.8155,0.0365,1.0017
3151008,195.876,1.9414,23.9243,125.9902,25.8656,0.2053,1.5547
3151107,236.1477,0.0,16.2402,205.5046,16.2402,0.079,1.1491
3151206,646.1967,41.7942,25.6081,550.4415,67.4023,0.1225,1.174
3151305,285.0402,20.3475,18.0297,150.6947,38.3772,0.2547,1.8915
3151404,609.776,52.9645,0.0,578.8865,52.9645,0.0915,1.0534
3151503,905.5713,46.1101,47.1541,919.6268,93.2641,0.1014,0.9847
3151602,429.7953,52.5075,8.5607,311.5601,61.0681,0.196,1.3795
3151701,827.4708,28.4114,0.0,481.4165,28.4114,0.059,1.7188
3151800,1136.6296,138.6983,0.0,542.3668,138.6983,0.2557,2.0957
3151909,601.636,27.9361,0.0,720.806,27.9361,0.0388,0.8347
3152006,1801.4478,82.8027,0.0118,2618.5929,82.8145,0.0316,0.6879
3152105,697.7974,82.3287,0.0,481.3923,82.3287,0.171,1.4495
3152131,131.7476,38.8196,0.0,615.227,38.8196,0.0631,0.2141
3152170,584.6628,23.4645,43.227,1243.3572,66.6915,0.0536,0.4702
3152204,1105.4114,94.7539,0.0,1783.2811,94.7539,0.0531,0.6199
3152303,404.9563,0.0,15.0737,288.4577,15.0737,0.0523,1.4039
3152402,608.1259,43.584,0.0,636.7731,43.584,0.0684,0.955
3152501,1517.6355,87.4651,100.8911,550.4776,188.3562,0.3422,2.7569
3152600,289.2089,12.5223,26.414,276.8218,38.9363,0.1407,1.0447
3152709,311.097,19.9603,11.9981,262.02,31.9584,0.122,1.1873
3152808,2519.8229,27.97,160.2517,4851.2205,188.2216,0.0388,0.5194
3152907,265.6809,15.5199,15.7829,210.6341,31.3028,0.1486,1.2613
3153004,491.6113,39.2595,0.0,617.7407,39.2595,0.0636,0.7958
3153103,297.8112,0.0,0.0,235.9584,0.0,0.0,1.2621
3153202,742.7981,0.0,16.6902,726.9615,16.6902,0.023,1.0218
3153301,95.2361,5.1875,8.6136,191.8343,13.8011,0.0719,0.4965
3153400,1763.633,113.25,17.2752,3535.6483,130.5252,0.0369,0.4988
3153509,253.7374,26.9151,0.0,153.195,26.9151,0.1757,1.6563
3153608,177.0708,22.3405,6.0835,129.6506,28.424,0.2192,1.3658
3153707,418.1207,0.0,23.4643,560.469,23.4643,0.0419,0.746
3153806,209.3764,14.4599,0.0,150.0175,14.4599,0.0964,1.3957
3153905,105.8934,4.481,0.0,73.5295,4.481,0.0609,1.4401
3154002,899.0914,48.1482,0.0,781.8489,48.1482,0.0616,1.15
3154101,291.9125,0.8574,0.0,223.8014,0.8574,0.0038,1.3043
3154150,246.2566,4.838,17.8515,155.7011,22.6895,0.1457,1.5816
3154200,550.0296,9.7402,0.0,618.0995,9.7402,0.0158,0.8899
3154309,660.1552,0.0,34.9818,1094.1982,34.9818,0.032,0.6033
3154408,230.4033,16.1309,10.1602,190.2773,26.2911,0.1382,1.2109
3154457,523.2033,34.2113,0.0,1739.0161,34.2113,0.0197,0.3009
3154507,478.0552,47.8474,0.0,1340.7361,47.8474,0.0357,0.3566
3154606,1179.12,15.2532,67.1098,152.0659,82.363,0.5416,7.754
3154705,63.1455,9.6541,13.0692,48.2208,22.7233,0.4712,1.3095
3154804,274.5479,25.383,0.0,243.9237,25.383,0.1041,1.1255
3154903,306.178,16.9396,32.4397,401.0329,49.3792,0.1231,0.7635
3155009,155.341,14.6353,0.0,120.9932,14.6353,0.121,1.2839
3155108,285.0206,35.3794,0.0,493.3669,35.3794,0.0717,0.5777
3155207,299.837,19.5911,0.0,246.1752,19.5911,0.0796,1.218
3155306,289.2072,23.5068,3.9417,229.4107,27.4486,0.1196,1.2607
3155405,265.0159,27.5508,0.0,207.6471,27.5508,0.1327,1.2763
3155504,1067.8537,106.5971,0.0,1343.3058,106.5971,0.0794,0.7949
3155603,2592.2472,193.5289,0.0,3187.6246,193.5289,0.0607,0.8132
3155702,393.1898,39.0146,10.4281,375.758,49.4427,0.1316,1.0464
3155801,407.0233,11.1819,24.6964,267.2187,35.8784,0.1343,1.5232
3155900,265.8488,27.832,0.0,366.8232,27.832,0.0759,0.7247
3156007,1124.5896,35.5404,0.0,1009.1548,35.5404,0.0352,1.1144
3156106,306.9119,0.0,26.1721,404.598,26.1721,0.0647,0.7586
3156205,85.4613,21.157,0.0,74.3618,21.157,0.2845,1.1493
3156304,148.3923,1.3668,0.0,75.3157,1.3668,0.0181,1.9703
3156403,360.8868,45.544,24.3536,411.361,69.8976,0.1699,0.8773
3156452,176.4819,0.0,9.2994,122.8277,9.2994,0.0757,1.4368
3156502,558.747,21.6555,0.0,1126.6569,21.6555,0.0192,0.4959
3156601,391.147,8.462,0.0,991.6129,8.462,0.0085,0.3945
3156700,848.3133,51.0823,18.8149,293.4667,69.8972,0.2382,2.8907
3156809,762.5791,23.7596,42.4225,933.7657,66.1821,0.0709,0.8167
3156908,2030.0818,86.5407,91.4961,3100.4349,178.0368,0.0574,0.6548
3157005,2103.648,66.7862,68.7672,1917.5148,135.5534,0.0707,1.0971
3157104,253.6767,68.8897,0.0,964.0,68.8897,0.0715,0.2632
3157203,612.0888,45.9418,0.0,701.29,45.9418,0.0655,0.8728
3157252,165.6472,0.0,14.9082,104.9768,14.9082,0.142,1.5779
3157278,351.8605,18.9201,0.0,426.8132,18.9201,0.0443,0.8244
3157302,221.9577,0.0,17.3923,193.2122,17.3923,0.09,1.1488
3157336,9.238,2.6221,0.0,2.6699,2.6221,0.9821,3.4601
3157377,417.2734,12.9023,28.7555,612.7015,41.6578,0.068,0.681
3157401,267.7136,30.6421,0.0,249.9621,30.6421,0.1226,1.071
3157500,178.797,0.0,2.0105,131.869,2.0105,0.0152,1.3559
3157609,500.5655,6.6246,0.0,2936.0759,6.6246,0.0023,0.1705
3157658,233.7252,11.9783,0.0,276.0553,11.9783,0.0434,0.8467
3157708,720.8171,2.9878,27.404,733.5603,30.3918,0.0414,0.9826
3157807,820.1121,89.2448,18.0323,225.3915,107.2771,0.476,3.6386
3157906,457.8406,24.8097,0.0,272.4967,24.8097,0.091,1.6802
3158003,444.6936,46.1442,0.0,598.1909,46.1442,0.0771,0.7434
3158102,193.3766,12.3101,0.0,452.9031,12.3101,0.0272,0.427
3158201,536.0584,11.9291,0.0,640.4562,11.9291,0.0186,0.837
3158300,256.4555,13.0707,0.0,159.9831,13.0707,0.0817,1.603
3158409,210.0,14.4935,0.0,161.6788,14.4935,0.0896,1.2989
3158508,742.6338,26.8246,0.0,1293.6113,26.8246,0.0207,0.5741
3158607,114.9506,38.0044,0.0,204.8936,38.0044,0.1855,0.561
3158706,142.7725,7.4493,0.0,206.7199,7.4493,0.036,0.6907
3158805,63.0957,8.1875,0.0,111.8354,8.1875,0.0732,0.5642
3158904,498.5793,31.8609,0.0,358.747,31.8609,0.0888,1.3898
3158953,468.7541,23.6376,22.2102,269.7332,45.8477,0.17,1.7378
3159001,181.2028,61.1241,0.0,681.8051,61.1241,0.0897,0.2658
3159100,278.2922,13.3244,0.0,201.9633,13.3244,0.066,1.3779
3159209,609.518,55.4692,0.0,519.7938,55.4692,0.1067,1.1726
3159308,269.8404,12.8327,22.1719,411.9135,35.0046,0.085,0.6551
3159357,116.7319,0.0,5.3228,71.1861,5.3228,0.0748,1.6398
3159407,268.1929,24.9249,0.0,337.7559,24.9249,0.0738,0.794
3159506,314.1373,21.2934,0.0,496.757,21.2934,0.0429,0.6324
3159605,587.1951,12.3915,26.1078,353.8897,38.4993,0.1088,1.6593
3159704,112.5927,41.8264,0.0,288.94,41.8264,0.1448,0.3897
3159803,2021.6878,149.3415,0.0,2974.9043,149.3415,0.0502,0.6796
3159902,537.8608,12.7525,63.9998,481.8458,76.7523,0.1593,1.1163
3160009,237.3105,0.0,0.179,221.201,0.179,0.0008,1.0728
3160108,167.2837,0.0,19.4598,138.7424,19.4598,0.1403,1.2057
3160207,350.9838,17.5105,0.0,303.4627,17.5105,0.0577,1.1566
3160306,308.8467,16.6567,0.0,508.2024,16.6567,0.0328,0.6077
3160405,1326.3658,65.8346,0.0,1136.8439,65.8346,0.0579,1.1667
3160454,494.187,54.5932,0.0,810.8551,54.5932,0.0673,0.6095
3160504,82.4851,0.0,0.0,108.131,0.0,0.0,0.7628
3160603,194.1134,16.3461,0.0,446.3327,16.3461,0.0366,0.4349
3160702,747.7813,15.563,27.2746,661.8359,42.8376,0.0647,1.1299
3160801,101.4056,5.3567,0.0,76.9437,5.3567,0.0696,1.3179
3160900,184.3244,41.687,0.0,107.8387,41.687,0.3866,1.7093
3160959,130.5162,8.6247,0.0,59.1497,8.6247,0.1458,2.2065
3161007,656.8944,28.7617,38.7529,740.5066,67.5146,0.0912,0.8871
3161056,229.437,0.2373,0.0,169.9862,0.2373,0.0014,1.3497
3161106,1377.6865,87.6736,0.0,3344.1776,87.6736,0.0262,0.412
3161205,335.0854,18.3137,0.0,314.679,18.3137,0.0582,1.0648
3161304,1136.0331,41.4828,0.0,1142.278,41.4828,0.0363,0.9945
3161403,233.855,5.0345,16.4674,160.5365,21.5018,0.1339,1.4567
3161502,279.3043,16.0012,0.0,178.8929,16.0012,0.0894,1.5613
3161601,146.2846,0.6241,0.0,147.4157,0.6241,0.0042,0.9923
3161650,140.6796,7.2543,0.0,279.5125,7.2543,0.026,0.5033
3161700,546.3308,12.7607,49.0208,2720.7277,61.7815,0.0227,0.2008
3161809,471.1829,38.7892,14.1098,260.3376,52.899,0.2032,1.8099
3161908,510.5052,72.4459,27.7483,368.6747,100.1942,0.2718,1.3847
3162005,681.1156,29.8514,56.0702,526.0605,85.9216,0.1633,1.2947
3162104,947.639,45.9507,0.0,892.3674,45.9507,0.0515,1.0619
3162203,506.1728,19.0002,11.3058,564.3709,30.306,0.0537,0.8969
3162252,379.3394,54.8332,0.0,985.717,54.8332,0.0556,0.3848
3162302,190.0552,14.1839,0.0,124.6357,14.1839,0.1138,1.5249
3162401,968.8497,72.5774,0.0,1883.6187,72.5774,0.0385,0.5144
3162450,419.8909,23.9601,0.0,692.632,23.9601,0.0346,0.6062
3162500,1365.5951,42.2682,82.6015,1467.6816,124.8698,0.0851,0.9304
3162559,249.329,4.5149,22.3387,143.4198,26.8536,0.1872,1.7385
3162575,107.9717,22.7921,0.0,135.1349,22.7921,0.1687,0.799
3162609,157.1884,12.2999,0.0,122.1812,12.2999,0.1007,1.2865
3162658,188.5567,20.1956,0.0,413.9558,20.1956,0.0488,0.4555
3162708,1670.4212,119.536,0.0,1984.0964,119.536,0.0602,0.8419
3162807,480.0223,12.4157,18.6636,482.5306,31.0792,0.0644,0.9948
3162906,477.2332,28.4436,0.0,408.5213,28.4436,0.0696,1.1682
3162922,390.7283,40.3588,9.6441,72.9844,50.0029,0.6851,5.3536
3162948,447.3166,14.5388,0.0,295.5336,14.5388,0.0492,1.5136
3162955,190.8447,22.9685,9.0994,50.5846,32.0679,0.6339,3.7728
3163003,136.4119,9.1589,0.0,223.3408,9.1589,0.041,0.6108
3163102,301.7508,21.9586,0.0,200.2433,21.9586,0.1097,1.5069
3163201,140.8597,10.3593,0.0,80.6605,10.3593,0.1284,1.7463
3163300,295.1757,12.4444,0.0,331.2924,12.4444,0.0376,0.891
3163409,170.0207,26.9538,0.0,188.1291,26.9538,0.1433,0.9037
3163508,364.5326,33.6078,19.3855,336.2606,52.9932,0.1576,1.0841
3163607,90.708,11.1956,0.0,55.4687,11.1956,0.2018,1.6353
3163706,227.7878,38.4826,0.0,54.8013,38.4826,0.7022,4.1566
3163805,305.4648,12.7845,0.0,158.5522,12.7845,0.0806,1.9266
3163904,389.9558,40.2948,0.0,266.9467,40.2948,0.1509,1.4608
3164001,244.4076,7.33,0.0,411.6086,7.33,0.0178,0.5938
3164100,242.3042,23.1894,38.5234,298.8571,61.7129,0.2065,0.8108
3164209,483.8028,1.0423,0.0,2457.6831,1.0423,0.0004,0.1969
3164308,1076.4567,123.0474,0.0,2139.7857,123.0474,0.0575,0.5031
3164407,216.305,18.1727,40.4529,170.0736,58.6256,0.3447,1.2718
3164431,120.2002,2.6841,5.5784,74.1565,8.2625,0.1114,1.6209
3164472,135.1964,0.617,0.0,73.0639,0.617,0.0084,1.8504
3164506,348.5231,8.3987,0.0,517.0592,8.3987,0.0162,0.674
3164605,541.1236,0.0,21.3528,407.2458,21.3528,0.0524,1.3287
3164704,1327.9671,77.1392,48.1176,827.6373,125.2568,0.1513,1.6045
3164803,127.4067,0.0,0.0,131.1275,0.0,0.0,0.9716
3164902,141.6913,18.5996,0.0,89.2409,18.5996,0.2084,1.5877
3165008,510.6843,5.3253,20.9014,585.2836,26.2267,0.0448,0.8725
3165107,303.5462,22.4759,0.0,281.8821,22.4759,0.0797,1.0769
3165206,496.3134,36.1415,0.0,382.6579,36.1415,0.0944,1.297
3165305,292.264,19.6041,21.2419,390.4223,40.8459,0.1046,0.7486
3165404,271.3964,0.0,7.7027,273.0658,7.7027,0.0282,0.9939
3165503,187.8729,0.0,11.5281,140.6087,11.5281,0.082,1.3361
3165537,236.027,16.9043,0.0,58.9947,16.9043,0.2865,4.0008
3165552,430.5002,12.9004,0.0,548.9746,12.9004,0.0235,0.7842
3165560,143.1494,10.9581,0.0,179.5415,10.9581,0.061,0.7973
3165578,243.37,14.1907,0.0,149.2015,14.1907,0.0951,1.6312
3165602,114.1994,0.0,0.0,101.7591,0.0,0.0,1.1223
3165701,247.7719,28.6424,0.0,171.2352,28.6424,0.1673,1.447
3165800,140.925,13.7135,0.0,97.0295,13.7135,0.1413,1.4524
3165909,255.2167,32.7647,60.1624,962.307,92.9272,0.0966,0.2652
3166006,175.3016,23.9066,0.0,175.4451,23.9066,0.1363,0.9992
3166105,233.35,57.7318,0.0,388.7675,57.7318,0.1485,0.6002
3166204,390.2244,23.803,0.0,238.3436,23.803,0.0999,1.6372
3166303,191.7649,8.8234,0.0,162.713,8.8234,0.0542,1.1785
3166402,96.3213,3.1997,16.267,112.5623,19.4667,0.1729,0.8557
3166501,147.3877,14.0053,0.0,223.4115,14.0053,0.0627,0.6597
3166600,264.6494,0.0,0.0,331.3878,0.0,0.0,0.7986
3166709,129.4826,28.6769,0.0,217.4335,28.6769,0.1319,0.5955
3166808,1190.1551,77.4689,51.2856,1309.903,128.7544,0.0983,0.9086
3166907,244.0754,12.1928,0.0,210.856,12.1928,0.0578,1.1575
3166956,281.2796,0.0,0.0,550.3757,0.0,0.0,0.5111
3167004,124.9818,2.7798,0.0,224.0552,2.7798,0.0124,0.5578
3167103,971.8061,49.148,58.5224,1239.6465,107.6705,0.0869,0.7839
3167202,1662.9564,156.7661,92.9034,539.4583,249.6695,0.4628,3.0826
3167301,148.632,8.2053,0.0,158.9488,8.2053,0.0516,0.9351
3167400,430.5829,40.0138,0.0,320.5906,40.0138,0.1248,1.3431
3167509,131.5743,28.8706,41.4988,131.7799,70.3694,0.534,0.9984
3167608,715.8041,9.2694,0.0,482.9946,9.2694,0.0192,1.482
3167707,240.906,4.3077,0.0,204.6554,4.3077,0.021,1.1771
3167806,204.4341,28.3442,2.8477,191.1628,31.1919,0.1632,1.0694
3167905,229.2157,22.6774,0.0,208.9825,22.6774,0.1085,1.0968
3168002,1132.8467,96.8506,0.0,1233.2492,96.8506,0.0785,0.9186
3168051,169.5812,8.6371,0.0,193.3893,8.6371,0.0447,0.8769
3168101,805.4101,48.6578,0.0,1171.1266,48.6578,0.0415,0.6877
3168200,366.4182,27.0479,0.0,413.9535,27.0479,0.0653,0.8852
3168309,472.8216,24.2301,0.0,342.8334,24.2301,0.0707,1.3792
3168408,691.8496,56.4772,16.2437,743.8526,72.7209,0.0978,0.9301
3168507,314.1246,35.0866,0.0,176.4842,35.0866,0.1988,1.7799
3168606,2781.1554,150.7271,88.3318,3330.3102,239.0588,0.0718,0.8351
3168705,341.7535,44.5027,3.8461,142.7693,48.3488,0.3386,2.3937
3168804,213.3039,10.3911,1.7527,91.3237,12.1438,0.133,2.3357
3168903,845.4452,64.1668,0.0,2106.1674,64.1668,0.0305,0.4014
3169000,325.1225,8.235,0.0,166.4498,8.235,0.0495,1.9533
3169059,191.2388,21.4795,0.0,120.8294,21.4795,0.1778,1.5827
3169109,228.2747,19.941,0.0,134.2547,19.941,0.1485,1.7003
3169208,329.2204,25.0634,0.0,297.0927,25.0634,0.0844,1.1081
3169307,1696.863,77.7051,72.3056,838.5446,150.0107,0.1789,2.0236
3169356,899.9619,63.0083,57.7834,2716.4465,120.7917,0.0445,0.3313
3169406,1159.0227,75.6356,0.0,702.7262,75.6356,0.1076,1.6493
3169505,313.4891,24.2769,0.0,512.195,24.2769,0.0474,0.6121
3169604,1119.8945,20.2142,74.5363,1852.0327,94.7505,0.0512,0.6047
3169703,1376.1071,58.3366,27.9586,1181.4721,86.2951,0.073,1.1647
3169802,243.3199,41.8559,0.0,208.035,41.8559,0.2012,1.1696
3169901,952.8266,71.9866,0.0,428.7267,71.9866,0.1679,2.2225
3170008,344.1587,26.9909,0.0,822.4884,26.9909,0.0328,0.4184
3170057,320.1301,13.1111,14.9662,176.1096,28.0773,0.1594,1.8178
3170107,5699.4305,271.4127,364.8816,4540.1989,636.2943,0.1401,1.2553
3170206,6853.239,401.7713,361.4838,4161.8534,763.2551,0.1834,1.6467
3170305,231.7253,10.1493,0.0,419.203,10.1493,0.0242,0.5528
3170404,4928.386,402.4278,0.0,8512.6328,402.4278,0.0473,0.5789
3170438,559.7915,0.868,0.0,1158.5973,0.868,0.0007,0.4832
3170479,259.9836,43.8045,0.0,599.3508,43.8045,0.0731,0.4338
3170503,216.9214,23.8199,0.0,143.3446,23.8199,0.1662,1.5133
3170529,467.8692,57.4333,0.0,2088.2768,57.4333,0.0275,0.224
3170578,111.6103,9.9432,0.0,113.3617,9.9432,0.0877,0.9846
3170602,250.637,15.6075,0.0,410.4525,15.6075,0.038,0.6106
3170651,282.2649,38.3119,0.0,501.9885,38.3119,0.0763,0.5623
3170701,1514.6157,54.6552,31.6319,411.5409,86.2871,0.2097,3.6804
3170750,395.0541,0.0,15.1521,655.2039,15.1521,0.0231,0.6029
3170800,1267.1106,30.9658,31.5264,2237.8431,62.4922,0.0279,0.5662
3170909,489.4613,15.8205,0.0,813.4326,15.8205,0.0194,0.6017
3171006,1153.1796,76.6917,0.0,1903.3596,76.6917,0.0403,0.6059
3171030,380.6676,74.4825,0.0,1612.6914,74.4825,0.0462,0.236
3171071,451.4084,28.7619,0.0,631.4691,28.7619,0.0455,0.7149
3171105,877.8927,15.5177,17.0716,1024.3251,32.5894,0.0318,0.857
3171154,166.9654,5.2369,0.0,110.0186,5.2369,0.0476,1.5176
3171204,462.7798,23.3198,46.221,75.3648,69.5408,0.9227,6.1405
3171303,701.3218,64.1129,31.1141,293.2985,95.227,0.3247,2.3912
3171402,186.1694,0.8777,0.0,113.1592,0.8777,0.0078,1.6452
3171501,109.3789,8.6417,12.0737,170.2482,20.7154,0.1217,0.6425
3171600,279.3778,20.4027,37.7202,898.696,58.1229,0.0647,0.3109
3171709,311.1461,29.7746,0.0,338.7027,29.7746,0.0879,0.9186
3171808,426.0778,7.2085,37.4292,439.7635,44.6376,0.1015,0.9689
3171907,263.1297,12.5468,0.0,278.4577,12.5468,0.0451,0.945
3172004,589.7573,21.1216,0.0,249.5765,21.1216,0.0846,2.363
3172103,195.3625,11.5793,18.5683,214.1083,30.1476,0.1408,0.9124
3172202,112.3668,0.0,8.1824,101.5266,8.1824,0.0806,1.1068
3200102,1363.3665,138.0162,0.0,974.5676,138.0162,0.1416,1.3989
3200136,460.4445,54.9876,0.0,481.4587,54.9876,0.1142,0.9564
3200169,646.6702,47.4318,0.0,475.6776,47.4318,0.0997,1.3595
3200201,1022.9812,48.8092,38.6758,772.9762,87.485,0.1132,1.3234
3200300,722.5655,54.1725,0.0,634.0238,54.1725,0.0854,1.1397
3200359,331.8175,27.5692,0.0,225.8138,27.5692,0.1221,1.4694
3200409,599.6498,65.0161,49.9116,407.1407,114.9276,0.2823,1.4728
3200508,270.5568,13.9553,2.0824,186.5795,16.0377,0.086,1.4501
3200607,1624.2268,167.835,29.0832,1450.398,196.9181,0.1358,1.1198
3200706,326.2567,23.3003,15.9741,227.1678,39.2744,0.1729,1.4362
3200805,819.9724,100.8402,20.9837,916.4824,121.8239,0.1329,0.8947
3200904,1222.7305,121.5173,0.0,985.0419,121.5173,0.1234,1.2413
3201001,686.7369,53.8226,0.0,447.9806,53.8226,0.1201,1.533
3201100,133.8652,29.0586,3.1647,93.2928,32.2233,0.3454,1.4349
3201159,688.98,30.8451,9.6771,378.9204,40.5223,0.1069,1.8183
3201209,1625.3937,132.7698,72.4626,905.7528,205.2324,0.2266,1.7945
3201308,1495.5863,92.4064,38.2552,289.6677,130.6616,0.4511,5.1631
3201407,887.0817,78.7701,0.0,671.8148,78.7701,0.1172,1.3204
3201506,1800.2699,158.5004,64.7674,1415.4827,223.2678,0.1577,1.2718
3201605,756.136,72.3521,38.568,1212.9274,110.9201,0.0914,0.6234
3201704,540.917,49.2507,15.7391,376.2255,64.9898,0.1727,1.4377
3201803,270.4929,16.4055,0.0,176.3905,16.4055,0.093,1.5335
3201902,2046.1467,77.9833,42.9743,1274.2591,120.9576,0.0949,1.6058
3202009,218.3453,20.9892,11.8911,156.3493,32.8802,0.2103,1.3965
3202108,1976.4237,179.5307,0.0,2342.993,179.5307,0.0766,0.8435
3202207,458.2164,45.6035,14.6469,283.9408,60.2504,0.2122,1.6138
3202256,451.5208,44.0054,0.0,364.6766,44.0054,0.1207,1.2381
3202306,771.9671,68.5782,21.8746,499.0122,90.4528,0.1813,1.547
3202405,1191.9843,149.1586,59.723,605.0741,208.8816,0.3452,1.97
3202454,486.4257,7.306,39.4635,245.1309,46.7695,0.1908,1.9844
3202504,209.4342,3.8166,24.9051,213.0948,28.7217,0.1348,0.9828
3202553,446.708,56.2369,0.0,343.9567,56.2369,0.1635,1.2987
3202603,340.1797,25.2016,22.4175,219.3482,47.6191,0.2171,1.5509
3202652,371.1962,33.8245,4.4291,176.7549,38.2536,0.2164,2.1001
3202702,647.1731,50.4581,0.0,552.2378,50.4581,0.0914,1.1719
3202801,826.4643,84.2016,21.6046,574.9673,105.8062,0.184,1.4374
3202900,481.0477,56.3662,0.0,306.8154,56.3662,0.1837,1.5679
3203007,820.4045,54.8827,8.2865,487.7213,63.1692,0.1295,1.6821
3203056,713.8766,72.2941,12.0085,682.4659,84.3026,0.1235,1.046
3203106,295.0511,11.5819,8.3017,174.6714,19.8835,0.1138,1.6892
3203130,293.7922,0.0,38.9203,298.0686,38.9203,0.1306,0.9857
3203163,559.8919,60.4132,0.0,460.2552,60.4132,0.1313,1.2165
3203205,2906.3793,348.7865,69.6285,3610.6588,418.415,0.1159,0.8049
3203304,477.5311,65.2633,0.0,326.0653,65.2633,0.2002,1.4645
3203320,575.743,30.5913,0.0,132.037,30.5913,0.2317,4.3605
3203346,434.9919,15.0972,31.104,282.7079,46.2012,0.1634,1.5387
3203353,388.1625,88.3753,0.0,336.3742,88.3753,0.2627,1.154
3203403,1189.6642,92.5203,61.0614,906.7135,153.5817,0.1694,1.3121
3203502,818.7799,85.7585,0.0,1127.78,85.7585,0.076,0.726
3203601,461.906,24.9369,0.0,547.7607,24.9369,0.0455,0.8433
3203700,963.2874,73.0798,6.567,664.6033,79.6469,0.1198,1.4494
3203809,419.0843,37.8022,0.0,335.9575,37.8022,0.1125,1.2474
3203908,2036.9383,180.0678,0.0,1470.5538,180.0678,0.1224,1.3852
3204005,858.5784,79.8492,0.0,866.8598,79.8492,0.0921,0.9904
3204054,413.9586,49.0362,18.9691,444.4975,68.0052,0.153,0.9313
3204104,907.6759,96.8653,0.0,993.7054,96.8653,0.0975,0.9134
3204203,213.2404,13.2978,0.0,77.8948,13.2978,0.1707,2.7375
3204252,352.8532,20.5989,0.0,379.8263,20.5989,0.0542,0.929
3204302,622.3494,66.0242,0.0,596.283,66.0242,0.1107,1.0437
3204351,846.978,127.2856,0.0,664.8292,127.2856,0.1915,1.274
3204401,276.0469,6.6606,19.2988,199.7404,25.9593,0.13,1.382
3204500,916.4477,74.8906,0.0,723.5928,74.8906,0.1035,1.2665
3204559,1605.9478,99.221,0.0,754.1647,99.221,0.1316,2.1294
3204609,866.3415,100.8988,0.0,691.7257,100.8988,0.1459,1.2524
3204658,357.8687,39.7414,0.0,297.7693,39.7414,0.1335,1.2018
3204708,735.693,38.8293,0.0,438.4513,38.8293,0.0886,1.6779
3204807,415.0804,44.8549,0.0,265.3998,44.8549,0.169,1.564
3204906,2753.4122,206.0219,38.293,2418.923,244.3149,0.101,1.1383
3204955,515.2996,21.6037,0.0,353.5364,21.6037,0.0611,1.4576
3205002,2098.5461,219.6623,63.3228,551.5402,282.9851,0.5131,3.8049
3205010,658.6822,32.8972,9.2889,607.7581,42.1861,0.0694,1.0838
3205036,544.528,64.1772,0.0,421.6322,64.1772,0.1522,1.2915
3205069,444.1829,16.7536,17.9721,199.6445,34.7258,0.1739,2.2249
3205101,655.0958,13.5646,45.923,322.4156,59.4876,0.1845,2.0318
3205150,603.1077,23.7631,0.0,428.6481,23.7631,0.0554,1.407
3205176,755.8938,66.9416,0.0,480.2653,66.9416,0.1394,1.5739
3205200,1271.5128,197.5996,19.4347,217.3384,217.0343,0.9986,5.8504
3205309,749.7474,111.77,0.0,82.2152,111.77,1.3595,9.1193
3300100,623.7074,29.9255,52.3572,742.4924,82.2827,0.1108,0.84
3300159,180.068,7.6089,0.0,90.9498,7.6089,0.0837,1.9799
3300209,1681.1181,85.5216,68.3196,653.1246,153.8411,0.2355,2.574
3300225,242.126,4.1162,32.4468,110.1659,36.563,0.3319,2.1978
3300233,293.063,20.2125,0.0,59.6335,20.2125,0.3389,4.9144
3300258,168.9944,31.8447,0.0,147.2113,31.8447,0.2163,1.148
3300308,813.4024,53.1622,37.4327,603.9249,90.5949,0.15,1.3469
3300407,1101.939,73.7559,85.9835,547.6185,159.7394,0.2917,2.0122
3300456,1109.0115,53.0373,3.5636,83.372,56.6009,0.6789,13.302
3300506,571.8693,53.6777,0.0,390.2348,53.6777,0.1376,1.4654
3300605,601.4825,125.1749,13.4715,602.8986,138.6464,0.23,0.9977
3300704,1421.9058,62.0757,31.2787,434.1072,93.3544,0.215,3.2755
3300803,931.6714,79.5514,0.0,985.8472,79.5514,0.0807,0.945
3300902,458.6856,21.8668,0.0,570.4089,21.8668,0.0383,0.8041
3300936,332.2272,27.646,25.3446,311.2623,52.9906,0.1702,1.0674
3300951,105.8429,16.4879,18.2238,119.8871,34.7117,0.2895,0.8829
3301009,4646.2106,579.1936,199.9244,4089.7644,779.118,0.1905,1.1361
3301108,687.7402,69.9192,0.0,757.8805,69.9192,0.0923,0.9075
3301157,522.2696,33.15,34.2633,534.6292,67.4134,0.1261,0.9769
3301207,355.6496,50.6234,0.0,316.4399,50.6234,0.16,1.1239
3301306,627.7044,24.9228,59.0956,465.825,84.0183,0.1804,1.3475
3301405,297.8397,47.5755,7.4048,344.2052,54.9803,0.1597,0.8653
3301504,135.0112,23.7643,0.0,104.8394,23.7643,0.2267,1.2878
3301603,384.0764,65.5522,0.0,377.8397,65.5522,0.1735,1.0165
3301702,2545.8436,161.9575,158.9813,476.7488,320.9388,0.6732,5.34
3301801,153.7406,28.8901,0.0,123.9064,28.8901,0.2332,1.2408
3301850,514.8178,40.355,46.9386,352.3404,87.2936,0.2478,1.4611
3301876,314.0369,2.4309,22.5169,50.9381,24.9477,0.4898,6.1651
3301900,1886.8104,67.3415,69.0877,446.1131,136.4292,0.3058,4.2294
3302007,749.4119,23.4271,83.4804,294.8415,106.9075,0.3626,2.5417
3302056,296.4897,36.8326,18.6557,295.8107,55.4882,0.1876,1.0023
3302106,589.1038,72.266,0.0,448.6039,72.266,0.1611,1.3132
3302205,1360.823,78.78,102.0124,1123.4773,180.7924,0.1609,1.2113
3302254,350.6355,6.34,31.9279,233.2315,38.2679,0.1641,1.5034
3302270,420.3484,41.564,26.5423,84.4593,68.1063,0.8064,4.9769
3302304,254.4462,22.2379,0.0,268.6141,22.2379,0.0828,0.9473
3302403,1556.4123,159.297,124.5025,1229.1505,283.7995,0.2309,1.2663
3302452,79.7991,15.2639,0.0,78.782,15.2639,0.1937,1.0129
3302502,1229.4521,69.064,70.5685,396.958,139.6325,0.3518,3.0972
3302601,228.317,27.6345,38.8325,346.4231,66.467,0.1919,0.6591
3302700,1475.7068,177.7253,61.3421,360.2039,239.0675,0.6637,4.0969
3302809,178.4193,20.3967,0.0,99.1838,20.3967,0.2056,1.7989
3302858,266.2343,32.6556,3.8323,38.6592,36.4879,0.9438,6.8867
3302908,411.8243,39.7506,0.0,292.9681,39.7506,0.1357,1.4057
3303005,413.4419,24.6626,0.0,321.3906,24.6626,0.0767,1.2864
3303104,415.6228,44.1744,0.0,400.3978,44.1744,0.1103,1.038
3303203,170.3008,27.838,0.0,18.4301,27.838,1.5105,9.2403
3303302,982.6043,145.0346,41.6463,136.4066,186.6809,1.3686,7.2035
3303401,1775.4798,158.6061,0.0,955.57,158.6061,0.166,1.858
3303500,2507.1455,177.949,86.9551,551.121,264.9042,0.4807,4.5492
3303609,353.1549,38.8041,15.7876,209.6848,54.5917,0.2604,1.6842
3303708,761.5945,31.8125,20.6399,584.424,52.4524,0.0898,1.3032
3303807,438.1366,23.6491,59.4922,920.4278,83.1413,0.0903,0.476
3303856,599.9836,21.8931,0.0,313.2307,21.8931,0.0699,1.9155
3303906,1767.1113,139.5737,99.9488,803.1697,239.5225,0.2982,2.2002
3303955,156.6751,11.4129,11.6839,85.869,23.0968,0.269,1.8246
3304003,516.4258,59.0252,67.5056,480.6378,126.5308,0.2633,1.0745
3304102,401.0416,75.8998,0.0,294.2909,75.8998,0.2579,1.3627
3304110,162.381,18.5019,14.9227,47.3012,33.4247,0.7066,3.4329
3304128,331.5076,24.4624,0.0,290.0135,24.4624,0.0843,1.1431
3304144,504.4102,18.5403,26.4935,66.9355,45.0338,0.6728,7.5358
3304151,454.9618,86.0337,11.3392,736.8881,97.373,0.1321,0.6174
3304201,1348.8269,113.3185,76.8152,1123.7693,190.1336,0.1692,1.2003
3304300,640.4787,28.3692,99.0739,461.304,127.4431,0.2763,1.3884
3304409,529.8485,99.7241,0.0,861.2973,99.7241,0.1158,0.6152
3304508,352.9045,61.5755,5.4954,485.234,67.0709,0.1382,0.7273
3304524,808.074,36.2074,39.3226,226.5462,75.53,0.3334,3.5669
3304557,10282.4273,1169.5074,596.2366,1174.7481,1765.744,1.5031,8.7529
3304607,638.7297,62.0678,0.0,836.5771,62.0678,0.0742,0.7635
3304706,823.2364,54.4107,45.0899,613.0109,99.5006,0.1623,1.3429
3304755,1381.6775,198.592,0.0,1141.6321,198.592,0.174,1.2103
3304805,898.2388,90.666,0.0,1062.0117,90.666,0.0854,0.8458
3304904,2121.8993,110.0674,90.4659,239.9137,200.5333,0.8359,8.8444
3305000,664.9296,111.1349,0.0175,467.7786,111.1524,0.2376,1.4215
3305109,537.1017,79.3571,28.8824,34.3587,108.2395,3.1503,15.6322
3305133,248.2884,9.6735,21.3253,249.974,30.9988,0.124,0.9933
3305158,339.6132,28.9249,1.3321,220.607,30.257,0.1372,1.5394
3305208,872.2279,4.6526,55.9709,337.1928,60.6235,0.1798,2.5867
3305307,275.6341,76.7326,0.0,390.5465,76.7326,0.1965,0.7058
3305406,599.7925,18.1399,77.3051,555.799,95.4451,0.1717,1.0792
3305505,1216.2135,91.346,37.1435,351.0272,128.4895,0.366,3.4647
3305554,786.0924,16.4489,99.6327,258.6158,116.0816,0.4489,3.0396
3305604,731.6976,16.4876,77.6878,962.4087,94.1754,0.0979,0.7603
3305703,545.2646,62.3532,0.0,428.7739,62.3532,0.1454,1.2717
3305752,284.0861,0.0,16.0542,135.5689,16.0542,0.1184,2.0955
3305802,1477.3103,92.97,55.3683,781.7244,148.3382,0.1898,1.8898
3305901,461.5695,67.3763,0.0,617.9189,67.3763,0.109,0.747
3306008,557.7588,28.1764,78.5123,323.5926,106.6887,0.3297,1.7236
3306107,1284.5807,160.0758,26.3529,1311.5252,186.4287,0.1421,0.9795
3306156,317.5672,43.8285,0.0,195.5142,43.8285,0.2242,1.6243
3306206,625.1634,56.8675,47.9885,546.8344,104.856,0.1918,1.1432
3306305,878.5414,56.785,54.2087,189.6032,110.9937,0.5854,4.6336
3500105,509.9415,61.6041,0.0,421.523,61.6041,0.1461,1.2098
3500204,133.1273,1.8661,0.0,220.616,1.8661,0.0085,0.6034
3500303,623.0054,52.8626,73.9181,488.1199,126.7807,0.2597,1.2763
3500402,202.1374,34.2405,0.0,139.5963,34.2405,0.2453,1.448
3500501,212.7033,16.7536,0.0,61.0745,16.7536,0.2743,3.4827
3500550,598.8304,50.7476,51.5796,408.6521,102.3272,0.2504,1.4654
3500600,25.9405,0.0,2.2639,2.172,2.2639,1.0423,11.9432
3500709,701.9936,22.5084,47.9922,959.8359,70.5007,0.0735,0.7314
3500758,218.1052,11.2304,41.2312,147.4715,52.4616,0.3557,1.479
3500808,92.5087,15.7175,0.0,112.335,15.7175,0.1399,0.8235
3500907,360.5353,31.9149,0.0,315.6198,31.9149,0.1011,1.1423
3501004,694.3741,57.9038,22.9846,935.9131,80.8884,0.0864,0.7419
3501103,241.5334,20.2855,0.0,307.6176,20.2855,0.0659,0.7852
3501152,284.062,0.0,18.9957,88.3948,18.9957,0.2149,3.2136
3501202,439.2048,35.6289,0.0,359.1921,35.6289,0.0992,1.2228
3501301,541.0584,22.0092,22.074,356.0528,44.0832,0.1238,1.5196
3501400,80.7195,26.1712,0.0,163.1348,26.1712,0.1604,0.4948
3501509,56.3391,6.3046,0.0,80.9161,6.3046,0.0779,0.6963
3501608,1094.9931,161.4649,55.5722,139.8647,217.0371,1.5518,7.8289
3501707,258.087,28.7126,24.708,125.8719,53.4206,0.4244,2.0504
3501806,353.0768,48.0114,0.0,249.4888,48.0114,0.1924,1.4152
3501905,879.7615,113.5071,0.0,441.2542,113.5071,0.2572,1.9938
3502002,273.4623,21.1374,0.0,326.446,21.1374,0.0648,0.8377
3502101,829.172,101.9818,50.4155,965.8683,152.3973,0.1578,0.8585
3502200,720.0937,65.5427,0.0,1021.1457,65.5427,0.0642,0.7052
3502309,436.1603,46.2773,10.1755,709.7412,56.4529,0.0795,0.6145
3502408,240.2708,17.6454,0.0,320.6947,17.6454,0.055,0.7492
3502507,238.5671,25.0954,19.0906,118.9275,44.186,0.3715,2.006
3502606,120.2775,30.9331,0.0,187.3467,30.9331,0.1651,0.642
3502705,394.4076,127.4397,0.0,986.1618,127.4397,0.1292,0.3999
3502754,431.6259,0.0,30.0323,156.0199,30.0323,0.1925,2.7665
3502804,1903.4437,134.025,52.0701,1157.7435,186.0951,0.1607,1.6441
3502903,745.9537,65.7502,44.6781,264.2227,110.4283,0.4179,2.8232
3503000,213.9855,0.0,49.498,206.5526,49.498,0.2396,1.036
3503109,436.1925,8.4314,0.0,297.9513,8.4314,0.0283,1.464
3503158,124.8859,21.7325,0.0,155.2574,21.7325,0.14,0.8044
3503208,2497.9016,172.1899,143.3196,1007.9132,315.5096,0.313,2.4783
3503307,1431.6231,120.1115,55.304,640.3945,175.4155,0.2739,2.2355
3503356,124.0093,18.6124,0.0,259.7006,18.6124,0.0717,0.4775
3503406,550.9543,17.127,29.7593,513.3549,46.8863,0.0913,1.0732
3503505,151.0955,29.3244,0.0,307.4505,29.3244,0.0954,0.4914
3503604,129.965,2.8639,6.2826,82.1319,9.1465,0.1114,1.5824
3503703,205.5895,20.7389,0.0,140.3841,20.7389,0.1477,1.4645
3503802,589.2537,21.962,26.5364,175.3384,48.4985,0.2766,3.3607
3503901,577.1347,29.2923,58.8043,93.893,88.0966,0.9383,6.1467
3503950,84.1269,9.0114,17.0865,70.6575,26.0979,0.3694,1.1906
3504008,1242.229,114.8302,131.5729,474.4146,246.4031,0.5194,2.6184
3504107,1789.5188,81.04,128.9757,477.8184,210.0158,0.4395,3.7452
3504206,399.9275,61.4477,0.0,442.859,61.4477,0.1388,0.9031
3504305,323.0172,39.8339,49.7504,542.3977,89.5844,0.1652,0.5955
3504404,325.6996,26.4474,19.2607,333.9566,45.7081,0.1369,0.9753
3504503,1492.1116,93.4571,119.6401,1220.8909,213.0973,0.1745,1.2221
3504602,378.3985,19.5069,20.9255,114.4357,40.4324,0.3533,3.3066
3504701,53.7654,10.0392,0.0,89.2501,10.0392,0.1125,0.6024
3504800,241.49,12.2383,27.4349,153.6936,39.6732,0.2581,1.5712
3504909,471.9012,46.2674,0.0,629.8858,46.2674,0.0735,0.7492
3505005,145.0494,11.2058,0.0,154.2448,11.2058,0.0726,0.9404
3505104,183.5694,22.6604,12.298,202.2224,34.9584,0.1729,0.9078
3505203,565.5139,56.5752,0.0,442.5168,56.5752,0.1278,1.2779
3505302,444.2938,44.098,23.6537,148.1643,67.7517,0.4573,2.9987
3505351,185.726,15.8396,0.0,417.893,15.8396,0.0379,0.4444
3505401,313.2138,40.3525,96.838,1006.139,137.1905,0.1364,0.3113
3505500,2150.3605,104.3438,134.4777,1575.8194,238.8215,0.1516,1.3646
3505609,230.8109,30.9275,14.1792,136.959,45.1067,0.3293,1.6853
3505708,611.3347,148.6894,65.6762,58.1192,214.3656,3.6884,10.5186
3505807,268.906,42.8525,0.0,175.4636,42.8525,0.2442,1.5325
3505906,1108.8406,81.1772,112.0411,857.9344,193.2184,0.2252,1.2925
3506003,2410.6208,134.7234,202.5493,670.2531,337.2727,0.5032,3.5966
3506102,1095.2589,93.5108,116.7471,703.0564,210.2579,0.2991,1.5579
3506201,108.967,11.0802,6.7738,282.1107,17.854,0.0633,0.3863
3506300,235.9697,48.5391,0.0,242.8687,48.5391,0.1999,0.9716
3506359,528.0326,37.1742,75.8142,506.1139,112.9884,0.2232,1.0433
3506409,170.1437,25.5627,0.0,159.7472,25.5627,0.16,1.0651
3506508,1078.2367,120.0876,34.6811,536.9423,154.7687,0.2882,2.0081
3506607,448.7027,19.6106,7.1025,305.5619,26.7131,0.0874,1.4685
3506706,381.926,26.5091,28.5342,686.4801,55.0433,0.0802,0.5564
3506805,292.886,39.5133,18.5827,370.5165,58.096,0.1568,0.7905
3506904,597.2962,47.5525,34.8737,678.0843,82.4262,0.1216,0.8809
3507001,717.104,61.635,48.3107,240.3017,109.9457,0.4575,2.9842
3507100,246.7303,0.8747,21.6529,108.3211,22.5275,0.208,2.2778
3507159,81.105,5.3394,0.0,134.4768,5.3394,0.0397,0.6031
3507209,73.7771,22.1084,0.0,120.773,22.1084,0.1831,0.6109
3507308,152.3104,18.9739,0.0,118.8966,18.9739,0.1596,1.281
3507407,553.1386,5.0239,61.8711,563.5738,66.895,0.1187,0.9815
3507456,137.213,12.8574,0.0,350.7243,12.8574,0.0367,0.3912
3507506,1894.1794,146.3496,127.338,1480.9071,273.6876,0.1848,1.2791
3507605,1568.6846,146.9904,32.818,511.0559,179.8084,0.3518,3.0695
3507704,180.7388,5.4442,13.301,204.1932,18.7452,0.0918,0.8851
3507753,127.8807,14.6217,0.0,102.1084,14.6217,0.1432,1.2524
3507803,429.3093,41.9651,25.4115,273.4074,67.3766,0.2464,1.5702
3507902,919.2941,49.3631,94.7584,1107.5938,144.1215,0.1301,0.83
3508009,906.4004,73.4047,4.352,1204.686,77.7567,0.0645,0.7524
3508108,412.2488,58.6436,0.0,318.9747,58.6436,0.1839,1.2924
3508207,250.6996,20.2828,43.3285,270.6236,63.6113,0.2351,0.9264
3508306,239.042,9.979,1.7687,246.5788,11.7477,0.0476,0.9694
3508405,522.3751,50.2648,20.9961,251.0357,71.2609,0.2839,2.0809
3508504,910.9124,91.205,74.4996,373.2551,165.7046,0.4439,2.4405
3508603,422.5786,45.5658,23.224,290.3246,68.7898,0.2369,1.4555
3508702,749.8487,52.9845,0.0,469.647,52.9845,0.1128,1.5966
3508801,615.6927,5.4471,44.6716,930.3956,50.1188,0.0539,0.6618
3508900,138.3458,41.2833,0.0,244.5321,41.2833,0.1688,0.5658
3509007,289.2378,50.023,20.7458,88.288,70.7689,0.8016,3.2761
3509106,345.3891,24.6584,28.6701,554.9572,53.3286,0.0961,0.6224
3509205,468.5963,35.9618,52.9873,127.1709,88.9491,0.6994,3.6848
3509254,404.1085,0.0,80.6552,453.2096,80.6552,0.178,0.8917
3509304,200.5984,13.3723,0.0,175.198,13.3723,0.0763,1.145
3509403,673.5415,73.5259,0.0,658.0989,73.5259,0.1117,1.0235
3509452,147.21,18.2116,0.0,184.1551,18.2116,0.0989,0.7994
3509502,5448.0228,736.5804,505.6478,790.9427,1242.2282,1.5706,6.888
3509601,444.2936,48.7835,0.0,81.7187,48.7835,0.597,5.4369
3509700,722.9559,38.5484,0.0,291.0756,38.5484,0.1324,2.4837
3509809,286.4411,25.4087,7.7641,467.0359,33.1728,0.071,0.6133
3509908,313.6877,52.9915,0.0,1253.2672,52.9915,0.0423,0.2503
3509957,59.86,6.0419,12.0342,45.9426,18.0761,0.3934,1.3029
3510005,989.0484,64.026,17.7615,591.8874,81.7875,0.1382,1.671
3510104,63.8089,26.2821,0.0,67.744,26.2821,0.388,0.9419
3510153,83.3745,0.0,6.0498,59.9143,6.0498,0.101,1.3916
3510203,1620.4967,62.314,78.2755,1658.7992,140.5895,0.0848,0.9769
3510302,329.02,46.3439,13.2849,178.0586,59.6289,0.3349,1.8478
3510401,575.3358,53.7559,54.572,320.7341,108.3279,0.3377,1.7938
3510500,857.3316,77.9301,90.3663,465.7435,168.2963,0.3613,1.8408
3510609,451.2559,58.7255,14.8677,29.4482,73.5932,2.4991,15.3237
3510708,703.95,52.5743,0.0,646.2667,52.5743,0.0814,1.0893
3510807,827.346,56.7739,98.0339,853.2663,154.8078,0.1814,0.9696
3510906,201.73,17.7523,0.0,181.061,17.7523,0.098,1.1142
3511003,802.8198,63.2159,51.1611,1062.7179,114.377,0.1076,0.7554
3511102,927.9919,155.7413,28.0276,284.7542,183.7689,0.6454,3.2589
3511201,137.7619,31.0186,26.4108,153.234,57.4293,0.3748,0.899
3511300,301.1661,27.5795,20.8342,195.7894,48.4137,0.2473,1.5382
3511409,563.1277,63.0819,18.4647,505.7754,81.5465,0.1612,1.1134
3511508,453.9486,31.0563,35.9855,137.3433,67.0417,0.4881,3.3052
3511607,399.6981,41.7863,35.9974,176.6176,77.7837,0.4404,2.2631
3511706,269.5154,34.2345,0.0,169.5187,34.2345,0.202,1.5899
3511904,156.3554,7.6595,15.9971,167.0445,23.6565,0.1416,0.936
3512001,517.6922,28.0872,42.275,428.311,70.3622,0.1643,1.2087
3512100,445.3172,0.0,19.3791,724.1714,19.3791,0.0268,0.6149
3512209,387.2254,23.0561,43.6876,184.087,66.7438,0.3626,2.1035
3512308,401.1249,52.8099,0.0,473.2592,52.8099,0.1116,0.8476
3512407,334.3756,22.7353,72.1704,139.8311,94.9056,0.6787,2.3913
3512506,238.7048,40.7248,26.7989,244.4884,67.5237,0.2762,0.9763
3512605,220.8137,13.2404,8.1711,297.7497,21.4115,0.0719,0.7416
3512704,254.0184,23.1639,27.5397,289.1263,50.7037,0.1754,0.8786
3512803,414.4982,15.7188,37.7423,152.5381,53.4612,0.3505,2.7173
3512902,290.179,43.4571,39.0684,448.1675,82.5255,0.1841,0.6475
3513009,1556.4194,77.1338,63.2738,341.6177,140.4076,0.411,4.556
3513108,554.5255,31.8017,52.6288,318.4753,84.4305,0.2651,1.7412
3513207,491.2798,31.894,50.0851,388.2372,81.9791,0.2112,1.2654
3513306,194.8523,15.0171,0.0,151.4104,15.0171,0.0992,1.2869
3513405,419.5814,50.5907,12.0816,310.4111,62.6723,0.2019,1.3517
3513504,442.4001,21.113,113.9911,143.0541,135.1041,0.9444,3.0925
3513603,938.7004,101.5131,0.0,1413.2927,101.5131,0.0718,0.6642
3513702,650.4565,42.031,29.8854,754.8593,71.9164,0.0953,0.8617
3513801,424.6768,52.6479,23.1255,27.4583,75.7734,2.7596,15.4662
3513850,48.6077,0.0,0.0,93.7991,0.0,0.0,0.5182
3513900,448.549,41.684,0.0,240.0589,41.684,0.1736,1.8685
3514007,160.8521,12.5357,20.712,133.9916,33.2477,0.2481,1.2005
3514106,671.2468,52.2793,20.8927,635.231,73.172,0.1152,1.0567
3514205,122.7223,12.6192,0.0,75.3646,12.6192,0.1674,1.6284
3514304,195.6132,0.0,22.4386,205.7593,22.4386,0.1091,0.9507
3514403,626.3886,68.5915,0.0,485.2073,68.5915,0.1414,1.291
3514502,269.1794,29.1413,49.0606,268.9215,78.2019,0.2908,1.001
3514601,132.3126,22.5647,0.0,105.0318,22.5647,0.2148,1.2597
3514700,302.958,3.8239,60.8021,517.1127,64.6259,0.125,0.5859
3514809,338.3176,82.8723,0.0,1663.1617,82.8723,0.0498,0.2034
3514908,432.2907,43.408,17.0783,209.4016,60.4863,0.2889,2.0644
3514924,89.7545,16.1633,0.0,92.7088,16.1633,0.1743,0.9681
3514957,102.5724,17.0749,0.0,86.9135,17.0749,0.1965,1.1802
3515004,618.4995,58.2341,43.0912,66.7292,101.3253,1.5185,9.2688
3515103,589.9393,59.7022,0.0,167.6495,59.7022,0.3561,3.5189
3515129,110.5808,2.6727,0.0,225.0535,2.6727,0.0119,0.4914
3515152,252.9226,11.9675,40.2601,107.7659,52.2277,0.4846,2.347
3515186,624.9737,63.5561,41.5574,383.2677,105.1135,0.2743,1.6306
3515194,158.9644,0.0,31.4351,191.7305,31.4351,0.164,0.8291
3515202,235.8699,24.5458,5.2344,292.3034,29.7802,0.1019,0.8069
3515301,117.4877,25.2335,9.9757,259.5504,35.2092,0.1357,0.4527
3515350,460.7039,14.3335,13.6681,571.3643,28.0017,0.049,0.8063
3515400,445.9758,44.1931,0.0,419.4494,44.1931,0.1054,1.0632
3515509,970.3008,91.3366,60.8161,557.4524,152.1527,0.2729,1.7406
3515608,214.3882,36.6838,9.4033,175.0347,46.0871,0.2633,1.2248
3515657,125.0594,0.0,0.0,101.57,0.0,0.0,1.2313
3515707,281.6027,24.3266,0.0,27.314,24.3266,0.8906,10.3098
3515806,91.5815,9.8833,0.0,216.0698,9.8833,0.0457,0.4239
3515905,157.6787,23.8023,0.0,203.3683,23.8023,0.117,0.7753
3516002,290.7875,80.0853,0.0,510.8518,80.0853,0.1568,0.5692
3516101,231.7686,22.2219,39.5652,224.0505,61.7871,0.2758,1.0344
3516200,2036.9173,264.0453,101.6124,615.1024,365.6577,0.5945,3.3115
3516309,431.6426,28.7032,0.0,51.7334,28.7032,0.5548,8.3436
3516408,664.9789,96.0362,6.449,153.2054,102.4852,0.6689,4.3404
3516507,100.5098,22.7123,0.0,133.5274,22.7123,0.1701,0.7527
3516606,281.1814,23.0767,36.2746,359.4586,59.3514,0.1651,0.7822
3516705,670.861,54.1982,40.5823,559.6362,94.7804,0.1694,1.1987
3516804,182.5879,12.7137,0.0,185.9822,12.7137,0.0684,0.9817
3516853,217.4684,58.1067,0.0,253.4488,58.1067,0.2293,0.858
3516903,391.177,64.9442,0.0,488.5638,64.9442,0.1329,0.8007
3517000,378.437,36.3262,19.3262,692.1419,55.6524,0.0804,0.5468
3517109,215.1811,33.131,14.6872,275.5573,47.8183,0.1735,0.7809
3517208,266.8557,27.6267,32.5234,279.0719,60.1501,0.2155,0.9562
3517307,182.63,22.3329,7.1332,216.2546,29.4661,0.1363,0.8445
3517406,1368.8308,34.478,72.9643,1255.9451,107.4423,0.0855,1.0899
3517505,441.4919,32.9943,30.2444,313.5026,63.2387,0.2017,1.4083
3517604,724.2073,46.2341,0.0,424.4849,46.2341,0.1089,1.7061
3517703,419.166,33.6797,55.3613,355.2145,89.041,0.2507,1.18
3517802,322.5462,5.0597,30.7055,560.1873,35.7651,0.0638,0.5758
3517901,376.6879,44.5347,0.0,633.7478,44.5347,0.0703,0.5944
3518008,124.7436,10.0066,0.0,84.8175,10.0066,0.118,1.4707
3518107,264.0718,3.6741,75.6367,462.2831,79.3108,0.1716,0.5712
3518206,787.4981,50.7808,40.719,964.9291,91.4999,0.0948,0.8161
3518305,628.6464,44.7667,58.7863,277.7997,103.553,0.3728,2.2629
3518404,1077.4619,112.5378,25.3498,762.8166,137.8876,0.1808,1.4125
3518503,452.6532,49.552,0.0,575.3912,49.552,0.0861,0.7867
3518602,447.5556,45.9695,12.8261,269.9516,58.7956,0.2178,1.6579
3518701,846.3096,75.7187,20.4617,141.6523,96.1804,0.679,5.9746
3518800,2785.6621,240.8942,216.9169,320.0134,457.8111,1.4306,8.7048
3518859,378.4677,43.8997,35.4706,416.5486,79.3703,0.1905,0.9086
3518909,176.4688,23.5063,0.0,247.4748,23.5063,0.095,0.7131
3519006,276.031,38.3376,11.0877,368.7434,49.4254,0.134,0.7486
3519055,234.7056,7.1596,0.0,58.4015,7.1596,0.1226,4.0188
3519071,750.2989,68.1961,43.5958,57.996,111.7919,1.9276,12.9371
3519105,474.2835,11.2644,28.4995,543.9944,39.7638,0.0731,0.8719
3519204,222.2752,38.197,20.9189,308.3971,59.1159,0.1917,0.7207
3519253,295.7622,18.1911,31.3723,403.6496,49.5634,0.1228,0.7327
3519303,417.9845,13.7672,24.2327,291.527,37.9999,0.1303,1.4338
3519402,323.4968,58.3046,0.0,267.116,58.3046,0.2183,1.2111
3519501,281.3837,11.9223,18.326,223.4298,30.2483,0.1354,1.2594
3519600,947.7686,85.6427,10.9043,691.6864,96.5471,0.1396,1.3702
3519709,2267.5347,144.2579,0.0,1069.6014,144.2579,0.1349,2.12
3519808,785.9093,29.4292,17.5509,354.3752,46.9801,0.1326,2.2177
3519907,380.7516,49.7961,0.0,598.7439,49.7961,0.0832,0.6359
3520004,194.9189,18.5486,11.9649,101.5909,30.5135,0.3004,1.9187
3520103,502.7864,50.2827,25.8582,473.9722,76.1409,0.1606,1.0608
3520202,434.5389,13.2999,41.1693,292.9704,54.4692,0.1859,1.4832
3520301,625.4422,116.3925,0.0,1996.3163,116.3925,0.0583,0.3133
3520400,153.6632,16.7466,0.0,329.1451,16.7466,0.0509,0.4669
3520426,488.5316,47.9208,0.0,191.1348,47.9208,0.2507,2.556
3520442,443.5329,97.3969,0.0,649.5911,97.3969,0.1499,0.6828
3520509,1558.3145,253.94,43.9681,311.2195,297.9081,0.9572,5.0071
3520608,129.0282,6.2766,6.8468,132.0243,13.1235,0.0994,0.9773
3520707,501.1927,16.7847,0.0,285.6398,16.7847,0.0588,1.7546
3520806,74.7148,16.3164,0.0,91.7307,16.3164,0.1779,0.8145
3520905,210.8796,29.2477,10.7333,200.4862,39.981,0.1994,1.0518
3521002,320.3231,45.2851,0.0,171.5039,45.2851,0.264,1.8677
3521101,230.2982,16.6198,0.0,191.2333,16.6198,0.0869,1.2043
3521150,185.3327,21.4133,0.0,135.7788,21.4133,0.1577,1.365
3521200,247.0522,61.2526,0.0,1160.8072,61.2526,0.0528,0.2128
3521309,613.046,35.3383,26.059,466.4769,61.3973,0.1316,1.3142
3521408,240.0869,19.7956,17.0922,106.2107,36.8878,0.3473,2.2605
3521507,236.8748,40.6759,0.0,254.4132,40.6759,0.1599,0.9311
3521606,167.1497,26.38,0.0,215.8291,26.38,0.1222,0.7745
3521705,859.7712,78.4825,9.5222,1096.8864,88.0047,0.0802,0.7838
3521804,1212.5496,72.7785,34.4886,1110.3655,107.2671,0.0966,1.092
3521903,556.6654,62.242,0.0,493.0705,62.242,0.1262,1.129
3522000,237.6348,27.7951,0.0,233.39,27.7951,0.1191,1.0182
3522109,1190.1475,34.0653,58.6002,615.4945,92.6655,0.1506,1.9336
3522158,155.4772,14.7737,0.0,189.8198,14.7737,0.0778,0.8191
3522208,674.8991,56.0894,57.6551,145.4847,113.7445,0.7818,4.639
3522307,2285.6411,165.9874,189.3516,1802.9189,355.339,0.1971,1.2677
3522406,1634.8138,146.8291,55.2183,1842.9599,202.0474,0.1096,0.8871
3522505,565.1794,49.5311,27.0124,81.2008,76.5435,0.9426,6.9603
3522604,986.6362,63.5973,42.2315,528.3987,105.8287,0.2003,1.8672
3522653,238.8512,55.1052,0.0,410.8408,55.1052,0.1341,0.5814
3522703,1281.665,111.2584,37.0034,1004.48,148.2618,0.1476,1.2759
3522802,360.2516,52.1331,32.9006,507.9193,85.0337,0.1674,0.7093
3522901,205.0077,21.5224,8.0937,132.1301,29.6161,0.2241,1.5516
3523008,166.3604,13.114,0.0,305.7578,13.114,0.0429,0.5441
3523107,890.5723,64.3511,70.9701,87.706,135.3211,1.5429,10.1541
3523206,869.0971,11.996,73.0852,995.8875,85.0812,0.0854,0.8727
3523305,298.2495,7.3302,20.6922,279.8688,28.0224,0.1001,1.0657
3523404,1051.5282,130.0049,101.193,335.505,231.1979,0.6891,3.1342
3523503,504.2339,60.9488,78.8642,977.9546,139.813,0.143,0.5156
3523602,581.974,40.0913,82.4201,566.8701,122.5114,0.2161,1.0266
3523701,190.2316,19.7601,11.714,158.2876,31.4741,0.1988,1.2018
3523800,192.7044,8.3926,0.0,135.9023,8.3926,0.0618,1.418
3523909,1919.2226,128.106,183.5662,668.4053,311.6722,0.4663,2.8713
3524006,794.269,104.1162,33.976,201.1564,138.0922,0.6865,3.9485
3524105,918.0518,112.163,38.7249,733.9891,150.8879,0.2056,1.2508
3524204,223.0469,30.7794,0.0,274.5943,30.7794,0.1121,0.8123
3524303,1090.7426,87.2861,123.5201,705.7877,210.8062,0.2987,1.5454
3524402,1366.9237,167.5667,159.1675,456.3341,326.7342,0.716,2.9954
3524501,128.7355,24.7943,19.0151,145.146,43.8095,0.3018,0.8869
3524600,478.7592,26.3018,37.9489,697.0457,64.2507,0.0922,0.6868
3524709,576.3411,46.4949,36.2583,150.731,82.7532,0.549,3.8236
3524808,678.9051,72.1812,42.7951,376.7894,114.9764,0.3051,1.8018
3524907,215.1703,19.2294,31.3955,185.7892,50.6249,0.2725,1.1581
3525003,297.0373,35.3056,6.5351,20.5532,41.8407,2.0357,14.4521
3525102,672.4744,53.408,77.7256,519.3229,131.1336,0.2525,1.2949
3525201,605.8685,39.3246,16.4956,195.4089,55.8202,0.2857,3.1005
3525300,1447.1463,143.937,142.6064,690.7141,286.5433,0.4149,2.0951
3525409,167.4373,8.7687,17.4216,139.4466,26.1904,0.1878,1.2007
3525508,458.0312,44.0306,0.0,381.5966,44.0306,0.1154,1.2003
3525607,299.6429,16.0175,0.0,409.809,16.0175,0.0391,0.7312
3525706,938.508,55.745,67.1286,868.9551,122.8736,0.1414,1.08
3525805,85.134,25.0025,10.8103,116.1056,35.8128,0.3085,0.7332
3525854,113.5319,10.3813,0.0,54.225,10.3813,0.1914,2.0937
3525904,2225.2986,364.2898,220.6206,435.3285,584.9103,1.3436,5.1118
3526001,464.2071,19.9584,0.0,593.6116,19.9584,0.0336,0.782
3526100,451.4352,51.1044,46.3727,830.4886,97.477,0.1174,0.5436
3526209,776.419,0.0,59.893,530.4082,59.893,0.1129,1.4638
3526308,223.6872,24.2107,0.0,263.7613,24.2107,0.0918,0.8481
3526407,710.757,46.766,0.0,393.3879,46.766,0.1189,1.8068
3526506,259.1502,13.0394,31.994,536.5511,45.0334,0.0839,0.483
3526605,125.4878,7.9576,18.0594,174.0584,26.017,0.1495,0.721
3526704,876.8901,94.3031,36.4236,413.988,130.7268,0.3158,2.1182
3526803,882.3092,69.7714,73.319,809.6046,143.0904,0.1767,1.0898
3526902,2080.445,181.9985,202.6827,581.7236,384.6812,0.6613,3.5763
3527009,123.4746,20.7612,0.0,48.5526,20.7612,0.4276,2.5431
3527108,852.5757,65.5613,44.6299,570.4596,110.1911,0.1932,1.4945
3527207,664.7744,25.8293,39.7813,427.1883,65.6106,0.1536,1.5562
3527256,93.9595,6.4581,0.0,106.0306,6.4581,0.0609,0.8862
3527306,307.5565,42.9214,7.49,52.7857,50.4114,0.955,5.8265
3527405,277.5405,23.716,0.0,310.598,23.716,0.0764,0.8936
3527504,127.3515,14.6196,0.0,190.2927,14.6196,0.0768,0.6692
3527603,278.1298,33.2904,21.0139,613.8896,54.3042,0.0885,0.4531
3527702,109.1646,28.1001,0.0,175.2062,28.1001,0.1604,0.6231
3527801,102.0046,14.1013,0.0,158.1673,14.1013,0.0892,0.6449
3527900,194.383,28.2581,0.0,473.8694,28.2581,0.0596,0.4102
3528007,355.1873,55.0707,0.0,229.1277,55.0707,0.2403,1.5502
3528106,323.1398,32.044,0.0,240.4029,32.044,0.1333,1.3442
3528205,273.414,33.8994,0.0,317.3609,33.8994,0.1068,0.8615
3528304,202.8889,32.9859,0.0,305.9146,32.9859,0.1078,0.6632
3528403,786.6311,14.6288,23.6937,196.4184,38.3225,0.1951,4.0049
3528502,1173.8598,37.9188,51.0409,313.6747,88.9597,0.2836,3.7423
3528601,300.701,32.7076,0.0,224.5983,32.7076,0.1456,1.3388
3528700,364.7795,29.7221,0.0,917.4383,29.7221,0.0324,0.3976
3528809,506.035,46.8743,52.1808,533.2192,99.0551,0.1858,0.949
3528858,109.6953,20.6718,0.0,110.0804,20.6718,0.1878,0.9965
3528908,118.5984,17.4768,0.0,198.0064,17.4768,0.0883,0.599
3529005,2036.1414,109.8653,210.0689,1177.8802,319.9342,0.2716,1.7286
3529104,79.1461,7.4681,0.0,73.7243,7.4681,0.1013,1.0735
3529203,710.6868,57.0419,75.0637,1257.9508,132.1056,0.105,0.565
3529302,941.8214,99.9171,104.1583,535.2253,204.0754,0.3813,1.7597
3529401,574.3661,68.5968,37.3126,46.941,105.9094,2.2562,12.2359
3529500,194.1833,40.3972,0.0,191.229,40.3972,0.2113,1.0154
3529609,194.4284,4.579,16.162,230.843,20.7411,0.0898,0.8423
3529658,194.292,11.9793,0.0,146.3146,11.9793,0.0819,1.3279
3529708,648.8648,36.3572,31.794,814.765,68.1512,0.0836,0.7964
3529807,292.4616,45.8039,0.0,215.6758,45.8039,0.2124,1.356
3529906,529.3009,8.8448,146.3026,993.2436,155.1473,0.1562,0.5329
3530003,180.8632,15.2785,0.0,214.9721,15.2785,0.0711,0.8413
3530102,715.2108,61.9425,17.3068,910.9242,79.2493,0.087,0.7851
3530201,944.3593,90.76,12.4034,1223.6734,103.1634,0.0843,0.7717
3530300,703.2436,57.7749,54.2876,248.5084,112.0624,0.4509,2.8299
3530409,166.0207,12.4859,0.0,173.6914,12.4859,0.0719,0.9558
3530508,1109.4005,121.9159,53.49,865.4512,175.4058,0.2027,1.2819
3530607,2451.944,199.6481,129.285,732.7712,328.9332,0.4489,3.3461
3530706,1420.4345,192.8647,105.0735,814.2966,297.9382,0.3659,1.7444
3530805,1155.2843,72.9186,138.8653,503.6364,211.7838,0.4205,2.2939
3530904,147.6379,32.9204,4.1152,133.4552,37.0355,0.2775,1.1063
3531001,84.9884,23.0482,0.0,102.2662,23.0482,0.2254,0.8311
3531100,377.8899,14.0805,30.6729,138.9694,44.7534,0.322,2.7192
3531209,224.3092,24.3251,0.0,111.2184,24.3251,0.2187,2.0168
3531308,687.713,65.8772,0.0,344.7609,65.8772,0.1911,1.9948
3531407,660.3287,52.8807,0.0,505.1788,52.8807,0.1047,1.3071
3531506,358.8274,17.9773,24.4181,257.2015,42.3954,0.1648,1.3951
3531605,175.7686,17.7645,0.0,233.4377,17.7645,0.0761,0.753
3531704,228.3592,39.3199,0.0,338.296,39.3199,0.1162,0.675
3531803,623.086,50.7686,34.0569,247.1483,84.8255,0.3432,2.5211
3531902,869.9024,127.1829,0.0,1396.3087,127.1829,0.0911,0.623
3532009,281.6124,18.81,0.0,165.6914,18.81,0.1135,1.6996
3532058,263.3224,39.1375,0.0,233.8721,39.1375,0.1673,1.1259
3532108,270.9388,8.93,12.7172,253.6141,21.6472,0.0854,1.0683
3532157,169.0539,14.4768,0.0,290.3804,14.4768,0.0499,0.5822
3532207,238.1526,38.7602,0.0,353.9908,38.7602,0.1095,0.6728
3532306,613.3205,24.2162,0.0,840.9402,24.2162,0.0288,0.7293
3532405,606.0057,18.2671,46.5817,335.3423,64.8489,0.1934,1.8071
3532504,247.9613,47.7946,0.0,208.0173,47.7946,0.2298,1.192
3532603,409.807,58.4819,0.0,429.4952,58.4819,0.1362,0.9542
3532702,154.7601,24.0032,0.0,139.3543,24.0032,0.1722,1.1106
3532801,228.9805,49.1923,0.0,218.5224,49.1923,0.2251,1.0479
3532827,269.0874,64.0501,0.0,379.7139,64.0501,0.1687,0.7087
3532843,112.3186,15.5125,0.0,112.3122,15.5125,0.1381,1.0001
3532868,96.1926,20.9062,0.0,186.2661,20.9062,0.1122,0.5164
3532900,195.5873,22.0451,0.0,158.8274,22.0451,0.1388,1.2314
3533007,495.4926,19.9851,23.2024,544.6296,43.1875,0.0793,0.9098
3533106,43.6141,8.3502,0.0,40.4986,8.3502,0.2062,1.0769
3533205,157.3227,25.1975,0.0,268.7177,25.1975,0.0938,0.5855
3533254,97.7676,13.5136,0.0,110.2417,13.5136,0.1226,0.8868
3533304,70.7593,23.2747,0.0,81.8556,23.2747,0.2843,0.8644
3533403,457.4053,54.3419,19.0243,73.7004,73.3662,0.9955,6.2063
3533502,916.4258,90.5853,12.7113,929.5009,103.2966,0.1111,0.9859
3533601,316.5817,48.1011,0.0,351.9308,48.1011,0.1367,0.8996
3533700,228.4755,16.405,27.6751,310.9788,44.0801,0.1417,0.7347
3533809,160.2776,22.151,0.0,197.8692,22.151,0.1119,0.81
3533908,927.0869,94.225,57.1166,824.0585,151.3416,0.1837,1.125
3534005,162.5028,30.7308,10.4662,243.9452,41.197,0.1689,0.6661
3534104,151.5426,0.0,27.2444,217.4974,27.2444,0.1253,0.6968
3534203,539.6593,34.6946,0.0,242.2363,34.6946,0.1432,2.2278
3534302,541.7046,60.867,44.2016,301.0607,105.0686,0.349,1.7993
3534401,943.2727,162.5395,55.547,58.915,218.0865,3.7017,16.0107
3534500,155.5843,19.7479,0.0,222.7885,19.7479,0.0886,0.6983
3534609,401.5227,51.1075,0.0,250.6242,51.1075,0.2039,1.6021
3534708,874.4229,35.2911,100.0202,299.1125,135.3113,0.4524,2.9234
3534757,987.2761,39.9099,0.0,285.1997,39.9099,0.1399,3.4617
3534807,187.4243,9.567,0.0,264.6026,9.567,0.0362,0.7083
3534906,272.9638,40.7448,0.0,346.8336,40.7448,0.1175,0.787
3535002,389.4678,47.2136,0.0,716.3457,47.2136,0.0659,0.5437
3535101,124.9484,18.8466,0.0,83.4083,18.8466,0.226,1.498
3535200,377.1013,22.2813,0.0,322.3129,22.2813,0.0691,1.17
3535309,791.6179,44.1033,42.6105,548.1323,86.7137,0.1582,1.4442
3535408,620.5074,59.9555,0.0,354.8139,59.9555,0.169,1.7488
3535507,1027.4225,132.9448,24.643,1006.9247,157.5878,0.1565,1.0204
3535606,685.4945,30.6232,89.8681,809.5944,120.4913,0.1488,0.8467
3535705,207.3676,38.0394,0.0,156.4111,38.0394,0.2432,1.3258
3535804,990.5443,94.5417,0.0,1022.265,94.5417,0.0925,0.969
3535903,254.7047,19.0621,0.0,141.6118,19.0621,0.1346,1.7986
3536000,285.772,45.9028,43.0955,369.3536,88.9983,0.241,0.7737
3536109,373.9626,22.8176,28.627,208.498,51.4446,0.2467,1.7936
3536208,450.9127,54.576,20.8593,362.0012,75.4353,0.2084,1.2456
3536257,93.0556,7.5308,0.0,86.9514,7.5308,0.0866,1.0702
3536307,538.1373,60.4589,35.8096,600.1,96.2685,0.1604,0.8967
3536406,414.654,36.3537,0.0,381.9191,36.3537,0.0952,1.0857
3536505,991.4236,106.9829,46.4302,139.3804,153.4131,1.1007,7.1131
3536570,152.9664,0.0,38.195,258.3197,38.195,0.1479,0.5922
3536604,625.4506,26.0848,0.0,737.0853,26.0848,0.0354,0.8485
3536703,1070.8305,72.061,59.3783,737.4836,131.4393,0.1782,1.452
3536802,234.9678,28.2545,0.0,155.7383,28.2545,0.1814,1.5087
3536901,155.9031,45.6534,0.0,265.8541,45.6534,0.1717,0.5864
3537008,596.0722,75.0213,44.6832,712.5011,119.7044,0.168,0.8366
3537107,352.2555,36.7159,0.0,113.298,36.7159,0.3241,3.1091
3537156,168.4221,12.5684,0.0,145.3221,12.5684,0.0865,1.159
3537206,213.5019,0.0,17.8485,670.5863,17.8485,0.0266,0.3184
3537305,965.3688,81.9669,87.8271,718.9675,169.794,0.2362,1.3427
3537404,543.7186,114.1654,0.0,966.5505,114.1654,0.1181,0.5625
3537503,244.4818,48.0232,0.0,222.8215,48.0232,0.2155,1.0972
3537602,826.2134,64.0517,22.4325,328.9663,86.4842,0.2629,2.5115
3537701,151.31,38.5508,0.0,237.5021,38.5508,0.1623,0.6371
3537800,1708.4963,105.5508,0.0,734.7669,105.5508,0.1437,2.3252
3537909,911.7463,102.436,0.0,685.1696,102.436,0.1495,1.3307
3538006,1361.6312,115.4244,56.361,759.6091,171.7854,0.2261,1.7925
3538105,298.1227,36.1682,30.8322,192.4906,67.0004,0.3481,1.5488
3538204,383.3741,28.2133,0.0,159.3919,28.2133,0.177,2.4052
3538303,293.772,13.7038,16.6211,494.2248,30.325,0.0614,0.5944
3538501,167.8305,8.2916,17.4362,167.8054,25.7279,0.1533,1.0001
3538600,593.872,41.2148,0.0,392.7486,41.2148,0.1049,1.5121
3538709,2994.6021,300.7053,235.9537,1400.3497,536.6589,0.3832,2.1385
3538808,448.8567,125.2474,0.0,510.8265,125.2474,0.2452,0.8787
3538907,556.0579,64.1544,53.8706,825.1451,118.025,0.143,0.6739
3539004,305.8047,23.3095,0.0,214.5243,23.3095,0.1087,1.4255
3539103,185.8082,20.7904,0.0,106.9514,20.7904,0.1944,1.7373
3539202,332.7592,30.6189,60.9407,486.7867,91.5596,0.1881,0.6836
3539301,1156.0965,149.4973,44.2864,738.6735,193.7837,0.2623,1.5651
3539400,444.9291,19.8094,80.7709,395.5019,100.5803,0.2543,1.125
3539509,595.1323,28.0882,57.7835,427.0074,85.8716,0.2011,1.3937
3539608,215.5981,29.0165,0.0,292.6582,29.0165,0.0991,0.7367
3539707,244.1032,23.4561,0.0,331.4717,23.4561,0.0708,0.7364
3539806,192.8307,20.7377,1.7022,13.3569,22.4398,1.68,14.4368
3539905,155.5187,29.1032,0.0,135.2567,29.1032,0.2152,1.1498
3540002,431.6948,40.9629,27.529,784.5106,68.4919,0.0873,0.5503
3540101,149.1238,15.023,17.5576,183.0771,32.5807,0.178,0.8145
3540200,437.4234,36.0802,20.7537,367.6712,56.8338,0.1546,1.1897
3540259,135.4757,8.6774,0.0,208.6414,8.6774,0.0416,0.6493
3540309,762.4852,6.9068,0.0,221.907,6.9068,0.0311,3.4361
3540408,1031.0226,25.651,0.0,321.1641,25.651,0.0799,3.2103
3540507,451.3595,36.066,36.0075,269.112,72.0735,0.2678,1.6772
3540606,1127.7886,66.9945,86.9176,566.5706,153.912,0.2717,1.9906
3540705,462.8575,65.1523,38.0459,244.1363,103.1982,0.4227,1.8959
3540754,73.6764,2.1681,0.0,43.6333,2.1681,0.0497,1.6885
3540804,435.8291,68.5879,0.0,351.137,68.5879,0.1953,1.2412
3540853,39.669,16.6506,0.0,64.1577,16.6506,0.2595,0.6183
3540903,243.2897,55.7615,0.0,168.5529,55.7615,0.3308,1.4434
3541000,786.3232,82.153,68.2546,148.1167,150.4076,1.0155,5.3088
3541059,217.6031,6.5132,14.979,182.8115,21.4922,0.1176,1.1903
3541109,150.9369,8.0248,0.7455,276.8355,8.7702,0.0317,0.5452
3541208,526.2428,51.2149,23.2562,741.0554,74.4712,0.1005,0.7101
3541307,841.5762,123.471,26.6598,1264.2126,150.1309,0.1188,0.6657
3541406,1745.4707,204.5109,60.7344,567.7702,265.2453,0.4672,3.0743
3541505,768.7164,73.4268,34.3153,746.671,107.7421,0.1443,1.0295
3541604,831.4829,42.2037,59.936,777.5234,102.1397,0.1314,1.0694
3541653,306.3373,28.5737,19.2358,205.7902,47.8095,0.2323,1.4886
3541703,421.3892,37.4986,0.0,663.1654,37.4986,0.0565,0.6354
3541802,108.5554,33.9921,0.0,236.3305,33.9921,0.1438,0.4593
3541901,190.6151,9.3793,38.2194,260.9598,47.5987,0.1824,0.7304
3542008,195.8712,22.9722,6.4848,319.1443,29.4569,0.0923,0.6137
3542107,129.4204,24.2835,0.0,114.0535,24.2835,0.2129,1.1347
3542206,832.416,128.4324,73.2111,1580.0424,201.6435,0.1276,0.5268
3542305,307.3363,24.3357,0.0,320.0751,24.3357,0.076,0.9602
3542404,399.5576,22.0221,88.0526,258.394,110.0746,0.426,1.5463
3542503,257.0094,40.221,0.0,407.2655,40.221,0.0988,0.6311
3542602,992.0815,27.4423,63.2689,719.1236,90.7112,0.1261,1.3796
3542701,245.604,18.956,37.4538,246.06,56.4099,0.2293,0.9981
3542800,122.0,76.5161,0.0,332.638,76.5161,0.23,0.3668
3542909,414.4921,29.1282,21.8432,480.9162,50.9714,0.106,0.8619
3543006,553.1403,81.4881,0.0,687.9205,81.4881,0.1185,0.8041
3543105,191.5359,32.6036,0.0,135.8397,32.6036,0.24,1.41
3543204,210.2653,5.5164,15.4015,205.6454,20.9179,0.1017,1.0225
3543238,88.5891,4.8501,0.0,188.4969,4.8501,0.0257,0.47
3543253,352.9892,1.2981,0.0,320.9651,1.2981,0.004,1.0998
3543303,580.6041,40.3722,68.2374,111.9838,108.6097,0.9699,5.1847
3543402,3476.7361,309.8795,283.256,653.3686,593.1355,0.9078,5.3212
3543501,295.1195,9.7976,5.1382,396.3704,14.9358,0.0377,0.7446
3543600,165.0944,26.9712,6.4053,170.4904,33.3766,0.1958,0.9684
3543709,278.6752,21.8667,40.6983,316.4643,62.565,0.1977,0.8806
3543808,308.5201,23.9493,25.8734,356.9213,49.8227,0.1396,0.8644
3543907,1348.366,155.1181,74.7673,487.9095,229.8854,0.4712,2.7636
3544004,461.719,26.0508,50.9712,241.9713,77.022,0.3183,1.9082
3544103,135.2617,10.0614,0.0,32.2606,10.0614,0.3119,4.1928
3544202,917.1596,67.105,0.0,628.1131,67.105,0.1068,1.4602
3544251,732.4248,25.6093,76.3493,743.4712,101.9586,0.1371,0.9851
3544301,124.7647,14.1147,19.4231,127.5802,33.5378,0.2629,0.9779
3544400,74.2642,53.5564,0.0,241.8309,53.5564,0.2215,0.3071
3544509,187.5054,12.9836,42.6513,244.126,55.6349,0.2279,0.7681
3544608,181.8557,11.9803,0.0,302.5632,11.9803,0.0396,0.6011
3544707,64.2378,21.5421,0.0,137.8034,21.5421,0.1563,0.4662
3544806,275.2638,40.6279,0.0,317.2543,40.6279,0.1281,0.8676
3544905,306.6995,60.7579,30.0597,300.3719,90.8176,0.3024,1.0211
3545001,417.2427,31.4731,0.0,423.7217,31.4731,0.0743,0.9847
3545100,104.0729,25.3239,0.0,176.4402,25.3239,0.1435,0.5898
3545159,139.8729,6.6212,14.6402,96.9906,21.2613,0.2192,1.4421
3545209,717.9017,74.8589,62.2321,139.3952,137.091,0.9835,5.1501
3545308,608.7915,79.7157,0.0,281.8209,79.7157,0.2829,2.1602
3545407,230.4763,19.8223,54.8274,179.9656,74.6497,0.4148,1.2807
3545506,259.2676,40.1745,5.3023,456.1416,45.4768,0.0997,0.5684
3545605,328.4648,29.2847,45.4156,326.9065,74.7003,0.2285,1.0048
3545704,313.5149,15.2886,0.0,271.8699,15.2886,0.0562,1.1532
3545803,994.5778,122.7388,101.7264,274.2622,224.4652,0.8184,3.6264
3546009,345.1803,19.5428,0.0,285.1667,19.5428,0.0685,1.2105
3546108,117.3832,14.8325,0.0,183.7429,14.8325,0.0807,0.6388
3546207,182.3171,9.9573,16.6747,145.4424,26.632,0.1831,1.2535
3546256,165.4693,11.8149,0.9834,153.7341,12.7983,0.0832,1.0763
3546306,393.1053,46.791,0.0,291.2261,46.791,0.1607,1.3498
3546405,1127.0239,72.7789,109.65,1134.0454,182.429,0.1609,0.9938
3546504,194.203,19.3072,12.3404,132.3785,31.6476,0.2391,1.467
3546603,358.655,37.3657,19.9297,218.205,57.2953,0.2626,1.6437
3546702,182.9159,12.1514,15.737,100.5097,27.8884,0.2775,1.8199
3546801,886.2897,33.3504,30.0082,370.2481,63.3585,0.1711,2.3938
3546900,184.9646,14.7813,17.8274,153.8868,32.6087,0.2119,1.202
3547007,162.8065,25.0563,18.7793,269.8046,43.8355,0.1625,0.6034
3547106,152.0304,13.9101,0.0,165.084,13.9101,0.0843,0.9209
3547205,129.5555,2.3077,14.0149,129.5944,16.3226,0.126,0.9997
3547304,963.2551,127.2497,20.3032,189.2525,147.5529,0.7797,5.0898
3547403,138.5384,21.6757,0.0,208.7797,21.6757,0.1038,0.6636
3547502,684.9238,84.0463,68.898,757.7634,152.9442,0.2018,0.9039
3547601,452.1404,38.6849,0.0,281.6931,38.6849,0.1373,1.6051
3547650,101.805,5.011,9.0752,78.173,14.0863,0.1802,1.3023
3547700,393.0899,44.3286,40.2387,574.9707,84.5672,0.1471,0.6837
3547809,1483.1837,249.3188,84.0197,189.6839,333.3385,1.7573,7.8192
3547908,355.7381,26.1178,6.3892,317.8393,32.507,0.1023,1.1192
3548005,300.8626,27.7319,20.1526,162.1358,47.8845,0.2953,1.8556
3548054,775.1197,61.0564,0.0,1315.4428,61.0564,0.0464,0.5892
3548104,235.3492,21.0427,0.0,112.8628,21.0427,0.1864,2.0853
3548203,229.3304,29.4494,22.8628,138.4013,52.3122,0.378,1.657
3548302,75.5031,15.0702,0.0,97.4353,15.0702,0.1547,0.7749
3548401,77.6452,14.1781,11.7858,129.5234,25.9639,0.2005,0.5995
3548500,601.8148,168.2038,50.1216,280.8092,218.3254,0.7775,2.1431
3548609,344.3338,31.4746,8.8351,255.8523,40.3097,0.1576,1.3458
3548708,1798.5537,214.7483,287.2575,422.9092,502.0058,1.187,4.2528
3548807,194.1467,35.6898,5.0034,11.6103,40.6932,3.5049,16.7219
3548906,2251.7099,183.2721,190.4859,1136.7334,373.758,0.3288,1.9809
3549003,86.1573,8.3503,0.0,74.2333,8.3503,0.1125,1.1606
3549102,1100.5008,99.8102,48.1656,531.5096,147.9759,0.2784,2.0705
3549201,87.0021,24.6388,0.0,126.579,24.6388,0.1947,0.6873
3549250,118.5982,21.8445,0.0,178.567,21.8445,0.1223,0.6642
3549300,72.0025,0.9561,0.0,111.1091,0.9561,0.0086,0.648
3549409,638.9479,26.4733,47.8077,414.2358,74.281,0.1793,1.5425
3549508,305.2697,4.5645,24.5653,284.3913,29.1298,0.1024,1.0734
3549607,297.8045,18.4346,0.0,582.9376,18.4346,0.0316,0.5109
3549706,792.0426,73.8488,0.0,429.8602,73.8488,0.1718,1.8426
3549805,3003.8012,410.5379,138.4944,426.2007,549.0323,1.2882,7.0479
3549904,3315.0074,338.2924,167.551,1112.4107,505.8434,0.4547,2.98
3549953,295.8396,9.5216,31.8624,185.6931,41.384,0.2229,1.5932
3550001,546.6269,49.4279,0.0,629.0652,49.4279,0.0786,0.869
3550100,740.1847,25.9344,95.7934,656.4014,121.7278,0.1854,1.1276
3550209,1013.6118,116.7549,0.0,931.135,116.7549,0.1254,1.0886
3550308,17146.6176,2219.724,1018.4987,1542.0422,3238.2227,2.1,11.1194
3550407,818.9344,43.3457,44.8105,609.4851,88.1562,0.1446,1.3436
3550506,606.6234,45.8472,10.9845,745.8868,56.8317,0.0762,0.8133
3550605,1112.2582,83.4153,82.8811,305.9581,166.2964,0.5435,3.6353
3550704,455.155,38.8155,91.018,420.5947,129.8334,0.3087,1.0822
3550803,371.4861,17.2255,0.0,253.269,17.2255,0.068,1.4668
3550902,501.7616,60.5397,60.1337,628.0308,120.6733,0.1921,0.7989
3551009,606.9927,71.8379,47.157,154.5055,118.9948,0.7702,3.9286
3551108,463.0359,56.0481,3.6293,366.4369,59.6774,0.1629,1.2636
3551207,152.2499,29.285,0.0,157.3742,29.285,0.1861,0.9674
3551306,138.4147,24.1483,0.0,171.0171,24.1483,0.1412,0.8094
3551405,264.1206,15.7632,20.5525,274.5161,36.3156,0.1323,0.9621
3551504,277.2247,15.9739,36.6386,131.5308,52.6125,0.4,2.1077
3551603,435.0858,45.465,0.0,208.6006,45.465,0.218,2.0857
3551702,1131.3818,96.651,89.3345,406.4352,185.9854,0.4576,2.7837
3551801,321.377,83.192,0.0,1072.1312,83.192,0.0776,0.2998
3551900,285.6598,15.5292,10.8783,140.2295,26.4075,0.1883,2.0371
3552007,353.5295,28.5543,4.4783,422.7943,33.0326,0.0781,0.8362
3552106,858.8677,54.137,0.0,451.267,54.137,0.12,1.9032
3552205,2801.8674,394.094,139.6909,440.3973,533.7849,1.2121,6.3621
3552304,235.1144,29.1558,0.0,604.773,29.1558,0.0482,0.3888
3552403,1158.5631,84.8858,77.3182,152.2745,162.2041,1.0652,7.6084
3552502,1144.0671,59.4052,88.6075,202.3751,148.0127,0.7314,5.6532
3552551,183.0676,39.6174,0.0,330.7112,39.6174,0.1198,0.5536
3552601,399.9112,37.1025,0.0,344.5858,37.1025,0.1077,1.1606
3552700,462.6504,81.6795,0.0,371.766,81.6795,0.2197,1.2445
3552809,10.7101,0.5359,0.1381,0.6061,0.674,1.112,17.6703
3552908,376.3557,25.3944,44.962,612.8706,70.3563,0.1148,0.6141
3553005,157.8789,27.2844,0.0,148.7759,27.2844,0.1834,1.0612
3553104,157.1059,13.991,0.0,114.8683,13.991,0.1218,1.3677
3553203,169.9374,24.6951,15.3359,129.5042,40.0311,0.3091,1.3122
3553302,540.7351,70.5962,0.0,565.141,70.5962,0.1249,0.9568
3553401,619.9409,64.4006,50.7439,730.853,115.1445,0.1575,0.8482
3553500,455.8146,52.3488,0.0,753.1133,52.3488,0.0695,0.6052
3553609,299.403,33.3034,0.0,222.3046,33.3034,0.1498,1.3468
3553658,47.244,0.0,18.4596,52.8134,18.4596,0.3495,0.8945
3553708,829.6816,56.4536,126.647,608.8484,183.1007,0.3007,1.3627
3553807,370.4994,24.1647,24.5537,444.1778,48.7184,0.1097,0.8341
3553856,188.9415,3.5714,21.5148,238.7298,25.0862,0.1051,0.7914
3553906,117.1879,11.5356,20.2142,206.4444,31.7498,0.1538,0.5676
3553955,425.3438,29.7285,37.1612,304.4606,66.8898,0.2197,1.397
3554003,1195.3425,135.8737,94.5512,524.1432,230.4249,0.4396,2.2806
3554102,1719.9532,219.3443,94.1532,617.3919,313.4975,0.5078,2.7858
3554201,177.0818,25.9083,0.0,290.6645,25.9083,0.0891,0.6092
3554300,725.2804,36.0628,34.0436,1548.0409,70.1064,0.0453,0.4685
3554409,165.7313,30.5687,0.0,225.981,30.5687,0.1353,0.7334
3554508,632.9416,67.4719,64.8978,403.342,132.3697,0.3282,1.5692
3554607,123.8871,16.5047,0.0,189.5328,16.5047,0.0871,0.6536
3554656,78.4519,3.2268,0.0,70.5781,3.2268,0.0457,1.1116
3554706,384.0517,31.4259,0.0,314.3793,31.4259,0.1,1.2216
3554755,59.9785,0.0,4.9734,60.2017,4.9734,0.0826,0.9963
3554805,400.885,30.9076,17.2461,187.3377,48.1538,0.257,2.1399
3554904,146.7352,45.598,13.1369,152.9083,58.735,0.3841,0.9596
3554953,212.1219,11.2073,0.0,120.2213,11.2073,0.0932,1.7644
3555000,820.0851,90.8801,31.2449,624.4001,122.1249,0.1956,1.3134
3555109,317.8088,63.7977,0.0,239.9986,63.7977,0.2658,1.3242
3555208,175.3423,13.0372,0.0,163.1878,13.0372,0.0799,1.0745
3555307,182.6945,40.2331,0.0,151.0538,40.2331,0.2663,1.2095
3555356,121.6033,9.4054,25.2339,209.4271,34.6393,0.1654,0.5806
3555406,621.9844,31.1531,80.7954,702.9037,111.9486,0.1593,0.8849
3555505,238.8176,42.4404,0.0,281.2356,42.4404,0.1509,0.8492
3555604,275.0685,34.5092,47.174,260.4624,81.6833,0.3136,1.0561
3555703,87.4819,18.8657,0.0,74.0455,18.8657,0.2548,1.1815
3555802,208.4367,28.2416,29.2181,203.5003,57.4597,0.2824,1.0243
3555901,94.6781,20.8876,0.0,147.7656,20.8876,0.1414,0.6407
3556008,427.9408,54.5664,0.0,330.6746,54.5664,0.165,1.2941
3556107,238.2457,29.8239,26.5001,152.7794,56.324,0.3687,1.5594
3556206,833.9428,136.781,44.5787,148.3453,181.3597,1.2226,5.6216
3556305,688.5678,53.977,51.532,870.2697,105.509,0.1212,0.7912
3556354,311.9973,11.3152,29.7423,144.9969,41.0575,0.2832,2.1518
3556404,494.6854,61.1597,0.0,264.4572,61.1597,0.2313,1.8706
3556453,346.9695,29.8701,16.5423,42.9429,46.4124,1.0808,8.0798
3556503,307.7199,42.8169,0.0,32.795,42.8169,1.3056,9.3831
3556602,261.7335,0.0,34.8133,240.7325,34.8133,0.1446,1.0872
3556701,592.1438,61.5705,26.7553,80.4721,88.3258,1.0976,7.3584
3556800,276.5502,55.414,0.0,207.7848,55.414,0.2667,1.3309
3556909,154.8502,34.291,0.0,91.7176,34.291,0.3739,1.6883
3556958,56.2047,16.9081,0.0,47.211,16.9081,0.3581,1.1905
3557006,646.7557,101.1215,34.8659,183.6597,135.9874,0.7404,3.5215
3557105,793.7651,131.1096,36.4214,429.4679,167.531,0.3901,1.8483
3557154,250.1237,15.3835,0.0,319.9947,15.3835,0.0481,0.7816
3557204,225.3382,15.0171,24.2393,181.3341,39.2564,0.2165,1.2427
3557303,158.3431,5.9152,7.2508,75.4674,13.1661,0.1745,2.0982
4100103,281.6263,9.8558,0.0,237.4117,9.8558,0.0415,1.1862
4100202,560.2023,68.6435,0.0,1339.2938,68.6435,0.0513,0.4183
4100301,283.6102,26.9119,0.0,196.6433,26.9119,0.1369,1.4423
4100400,693.2327,60.4744,14.2687,189.408,74.7431,0.3946,3.66
4100459,386.2736,43.724,0.0,393.2836,43.724,0.1112,0.9822
4100509,373.9428,40.0049,0.0,659.2241,40.0049,0.0607,0.5672
4100608,402.8418,34.6971,46.3454,415.4636,81.0425,0.1951,0.9696
4100707,608.2026,72.8183,0.0,446.978,72.8183,0.1629,1.3607
4100806,409.9733,16.0201,38.9611,427.1191,54.9812,0.1287,0.9599
4100905,282.8652,37.7826,0.0,377.1008,37.7826,0.1002,0.7501
4101002,588.7786,27.2589,21.3123,296.8757,48.5713,0.1636,1.9832
4101051,202.3241,14.0988,0.0,107.104,14.0988,0.1316,1.889
4101101,327.9963,44.5257,12.5467,232.095,57.0724,0.2459,1.4132
4101150,147.2544,14.4601,0.0,103.4619,14.4601,0.1398,1.4233
4101200,222.1987,43.4453,15.2054,920.3525,58.6506,0.0637,0.2414
4101309,560.4246,11.7589,0.2692,465.496,12.0281,0.0258,1.2039
4101408,1318.4052,87.4548,91.4462,567.284,178.9009,0.3154,2.3241
4101507,1109.4963,22.2566,55.1424,375.8702,77.399,0.2059,2.9518
4101606,1172.8917,136.1134,0.0,1360.6737,136.1134,0.1,0.862
4101655,324.1051,2.6683,0.0,216.6962,2.6683,0.0123,1.4957
4101705,760.5339,30.0729,16.7113,500.0738,46.7842,0.0936,1.5208
4101804,1349.6179,114.9226,38.2717,477.5657,153.1943,0.3208,2.826
4101853,252.8179,9.2738,0.0323,242.3142,9.3061,0.0384,1.0433
4101903,430.0265,44.7113,0.0,430.9102,44.7113,0.1038,0.9979
4102000,1108.5127,105.0149,0.0,980.98,105.0149,0.1071,1.13
4102109,594.8164,71.6668,0.0,434.8274,71.6668,0.1648,1.3679
4102208,186.2889,9.1157,0.0,144.7873,9.1157,0.063,1.2866
4102307,398.8996,11.6263,41.2555,339.6598,52.8818,0.1557,1.1744
4102406,612.5772,43.4195,22.8787,456.1999,66.2982,0.1453,1.3428
4102505,533.9185,58.5896,0.0,520.6032,58.5896,0.1125,1.0256
4102604,292.433,0.0,10.1397,157.5978,10.1397,0.0643,1.8556
4102703,157.5974,9.5533,0.0,118.0223,9.5533,0.0809,1.3353
4102752,245.2764,0.0,0.0,144.0767,0.0,0.0,1.7024
4102802,265.276,15.8134,30.3719,247.7391,46.1853,0.1864,1.0708
4102901,1037.6939,97.9979,0.0,1202.5426,97.9979,0.0815,0.8629
4103008,351.2426,27.9979,0.0,304.6305,27.9979,0.0919,1.153
4103024,237.543,21.5274,0.0,151.5754,21.5274,0.142,1.5672
4103040,806.5943,11.8909,15.6371,617.6353,27.5281,0.0446,1.3059
4103057,379.9144,29.4334,0.0,268.5145,29.4334,0.1096,1.4149
4103107,442.9567,28.816,0.0,837.4566,28.816,0.0344,0.5289
4103156,296.1199,4.5803,3.8944,176.4348,8.4747,0.048,1.6784
4103206,327.5201,35.3466,0.0,324.1594,35.3466,0.109,1.0104
4103222,285.6003,12.8059,0.0,190.1265,12.8059,0.0674,1.5022
4103305,324.8392,34.1838,0.0,330.3009,34.1838,0.1035,0.9835
4103354,354.9206,39.4434,0.0,339.4912,39.4434,0.1162,1.0454
4103370,282.6279,28.579,0.0,290.796,28.579,0.0983,0.9719
4103404,176.9507,13.7493,5.9046,182.4906,19.6539,0.1077,0.9696
4103453,454.4262,37.6774,0.0,278.1174,37.6774,0.1355,1.6339
4103479,346.8359,18.3228,10.4296,327.902,28.7524,0.0877,1.0577
4103503,257.9614,0.0,20.5994,138.3935,20.5994,0.1488,1.864
4103602,313.9867,30.5479,25.8217,367.1228,56.3697,0.1535,0.8553
4103701,991.3691,57.3734,59.4072,498.1989,116.7805,0.2344,1.9899
4103800,270.1927,17.6209,11.3766,158.6071,28.9975,0.1828,1.7035
4103909,818.4526,94.0791,0.0,806.5593,94.0791,0.1166,1.0147
4103958,465.9271,27.5192,0.0,448.2934,27.5192,0.0614,1.0393
4104006,546.3989,25.7396,129.0517,525.7601,154.7913,0.2944,1.0393
4104055,422.6957,28.5885,0.3993,436.9805,28.9878,0.0663,0.9673
4104105,261.7313,9.5261,14.8372,304.8735,24.3633,0.0799,0.8585
4104204,1651.3593,145.2674,60.9149,1254.6333,206.1823,0.1643,1.3162
4104253,473.7846,16.754,0.0,274.396,16.754,0.0611,1.7266
4104303,1521.5641,71.0858,79.6054,762.5332,150.6912,0.1976,1.9954
4104402,889.0589,135.0919,0.0,1517.7467,135.0919,0.089,0.5858
4104428,1399.6928,0.0688,70.2824,1501.8703,70.3512,0.0468,0.932
4104451,737.9415,0.0,13.823,580.0246,13.823,0.0238,1.2723
4104501,850.7824,25.2699,38.7198,421.3124,63.9897,0.1519,2.0194
4104600,456.6048,32.7623,35.1585,283.4056,67.9208,0.2397,1.6111
4104659,617.6153,26.0763,41.8403,652.2344,67.9166,0.1041,0.9469
4104709,542.4634,50.7807,0.0,455.59,50.7807,0.1115,1.1907
4104808,3681.1655,330.2731,237.9611,2108.0399,568.2342,0.2696,1.7463
4104907,2286.241,119.7554,65.7476,2520.4909,185.503,0.0736,0.9071
4105003,534.8279,20.859,0.0,574.47,20.859,0.0363,0.931
4105102,332.5265,25.147,19.4963,379.0276,44.6433,0.1178,0.8773
4105201,1228.8806,66.4167,0.0,1359.7537,66.4167,0.0488,0.9038
4105300,409.068,8.9287,40.3553,1177.4038,49.284,0.0419,0.3474
4105409,1314.1281,67.3166,31.1437,992.2574,98.4602,0.0992,1.3244
4105508,1527.4956,108.0619,33.5895,801.1884,141.6514,0.1768,1.9065
4105607,315.1852,44.4367,0.0,399.6123,44.4367,0.1112,0.7887
4105706,795.4743,43.2401,0.0,704.5491,43.2401,0.0614,1.1291
4105805,1051.8851,75.0741,26.0724,195.3379,101.1465,0.5178,5.385
4105904,524.8931,41.6388,0.0,403.4193,41.6388,0.1032,1.3011
4106001,425.64,31.0891,0.0,534.1047,31.0891,0.0582,0.7969
4106100,130.4431,11.8148,15.8327,199.2369,27.6475,0.1388,0.6547
4106209,531.317,18.2865,18.7377,302.9031,37.0242,0.1222,1.7541
4106308,652.6276,41.887,47.4492,535.1611,89.3362,0.1669,1.2195
4106407,750.8439,39.3142,40.0128,639.3301,79.3269,0.1241,1.1744
4106456,1286.582,36.6521,0.0,1578.9363,36.6521,0.0232,0.8148
4106506,1064.9578,69.0189,32.5595,675.0932,101.5784,0.1505,1.5775
4106555,223.6309,20.0903,0.0,156.8084,20.0903,0.1281,1.4261
4106571,234.955,18.4847,0.0,160.8029,18.4847,0.115,1.4611
4106605,655.6395,68.7955,37.3357,779.27,106.1312,0.1362,0.8414
4106704,244.3609,15.6254,0.0,256.5557,15.6254,0.0609,0.9525
4106803,1384.5237,17.3228,0.0,1479.567,17.3228,0.0117,0.9358
4106852,258.213,18.5079,27.5265,315.3414,46.0344,0.146,0.8188
4106902,5301.5897,797.3782,221.7078,430.7392,1019.0859,2.3659,12.3081
4107009,754.8288,52.1568,0.0,574.6098,52.1568,0.0908,1.3136
4107108,287.5014,11.2786,21.2526,241.7581,32.5312,0.1346,1.1892
4107124,352.3942,13.0145,0.0,341.826,13.0145,0.0381,1.0309
4107157,279.5386,25.238,0.0,308.17,25.238,0.0819,0.9071
4107207,874.8204,47.7611,0.0,421.1754,47.7611,0.1134,2.0771
4107256,375.0487,31.7617,0.0,424.0638,31.7617,0.0749,0.8844
4107306,243.667,11.5029,29.0364,122.5227,40.5392,0.3309,1.9887
4107405,318.32,40.975,0.0,192.8179,40.975,0.2125,1.6509
4107504,720.7763,29.2687,66.6907,475.4473,95.9594,0.2018,1.516
4107520,145.6993,17.038,0.0,137.9736,17.038,0.1235,1.056
4107538,187.0129,11.6991,0.0,116.4805,11.6991,0.1004,1.6055
4107546,326.9265,19.7598,0.0,321.7619,19.7598,0.0614,1.0161
4107553,382.5884,16.0053,0.0,297.8786,16.0053,0.0537,1.2844
4107603,652.6436,0.0,26.7063,710.7184,26.7063,0.0376,0.9183
4107652,638.2848,46.6262,25.9767,110.4805,72.6029,0.6572,5.7774
4107702,287.4819,23.3467,0.0,252.1532,23.3467,0.0926,1.1401
4107736,445.9921,8.1995,10.9098,401.2995,19.1093,0.0476,1.1114
4107751,180.5862,24.2955,0.0,127.5799,24.2955,0.1904,1.4155
4107801,181.775,31.4691,0.0,191.2646,31.4691,0.1645,0.9504
4107850,402.0821,8.0932,21.7463,249.0918,29.8395,0.1198,1.6142
4107900,370.7756,8.8251,39.481,154.9282,48.3061,0.3118,2.3932
4108007,263.3016,32.7909,1.6025,241.0081,34.3935,0.1427,1.0925
4108106,60.8529,23.5038,0.0,81.1752,23.5038,0.2895,0.7496
4108205,437.6771,23.637,0.0,273.6644,23.637,0.0864,1.5993
4108304,1707.902,174.5491,74.8256,603.7968,249.3748,0.413,2.8286
4108320,323.5413,16.8299,23.0309,313.6992,39.8607,0.1271,1.0314
4108403,1588.1633,80.5009,47.743,737.4834,128.2439,0.1739,2.1535
4108452,222.2657,14.2085,12.5948,225.985,26.8033,0.1186,0.9835
4108502,623.7425,27.9251,43.0387,1087.2991,70.9637,0.0653,0.5737
4108551,152.4909,26.2308,0.0,136.9762,26.2308,0.1915,1.1133
4108601,773.2243,91.4351,0.0,565.921,91.4351,0.1616,1.3663
4108650,865.2262,37.3293,0.0,715.3167,37.3293,0.0522,1.2096
4108700,331.0489,45.4854,0.0,321.5524,45.4854,0.1415,1.0295
4108809,1066.9136,41.7013,44.5906,558.9875,86.2919,0.1544,1.9087
4108908,210.2011,5.151,29.9884,487.705,35.1394,0.0721,0.431
4108957,494.0737,0.0,22.8159,240.0235,22.8159,0.0951,2.0584
4109005,157.9237,8.7568,15.6394,193.6452,24.3962,0.126,0.8155
4109104,183.0706,17.49,0.0,200.1645,17.49,0.0874,0.9146
4109203,150.7189,36.1575,0.0,210.8968,36.1575,0.1714,0.7147
4109302,1253.8666,53.1812,29.4762,1226.2151,82.6575,0.0674,1.0226
4109401,3215.2318,216.5411,140.634,3138.7494,357.1751,0.1138,1.0244
4109500,111.348,65.0341,0.0,2027.0936,65.0341,0.0321,0.0549
4109609,543.268,48.4889,40.9448,1340.7228,89.4337,0.0667,0.4052
4109658,654.6527,29.0706,0.0,489.0606,29.0706,0.0594,1.3386
4109708,714.5174,91.091,32.441,908.8687,123.5319,0.1359,0.7862
4109757,168.6655,0.0,18.4751,150.5412,18.4751,0.1227,1.1204
4109807,628.0691,41.1017,35.0493,308.7759,76.1509,0.2466,2.0341
4109906,492.8851,96.5911,0.0,664.056,96.5911,0.1455,0.7422
4110003,231.6015,13.1946,33.4006,160.1544,46.5953,0.2909,1.4461
4110052,110.4149,11.3233,0.0,102.4338,11.3233,0.1105,1.0779
4110078,557.2246,27.1463,39.0588,328.1854,66.2051,0.2017,1.6979
4110102,947.5962,26.4331,58.5238,763.274,84.9569,0.1113,1.2415
4110201,640.4247,24.9715,0.0,939.1933,24.9715,0.0266,0.6819
4110300,95.2229,27.6015,0.0,192.4176,27.6015,0.1434,0.4949
4110409,161.2771,24.1645,0.0,125.1676,24.1645,0.1931,1.2885
4110508,939.7157,40.8721,22.1425,904.3835,63.0146,0.0697,1.0391
4110607,631.7039,22.6836,24.0837,651.6996,46.7673,0.0718,0.9693
4110656,149.2079,9.9968,0.0,74.6375,9.9968,0.1339,1.9991
4110706,1385.1258,69.4341,65.2193,1005.7075,134.6534,0.1339,1.3773
4110805,638.8254,56.8637,27.0994,571.2761,83.9631,0.147,1.1182
4110904,262.5447,32.8251,28.7232,197.7735,61.5483,0.3112,1.3275
4110953,264.9503,18.734,0.0,328.3642,18.734,0.0571,0.8069
4111001,229.891,29.402,0.0,196.5337,29.402,0.1496,1.1697
4111100,254.0283,28.5029,0.0,243.7977,28.5029,0.1169,1.042
4111209,461.1912,45.8908,0.0,250.8756,45.8908,0.1829,1.8383
4111258,477.7978,11.235,0.0,325.4038,11.235,0.0345,1.4683
4111308,118.9333,0.0,15.7589,129.332,15.7589,0.1218,0.9196
4111407,753.5935,49.7922,0.0,614.0603,49.7922,0.0811,1.2272
4111506,842.8439,26.0957,21.7754,439.7366,47.8711,0.1089,1.9167
4111555,254.1793,50.3169,0.0,420.4977,50.3169,0.1197,0.6045
4111605,93.8383,15.1985,0.0,94.1026,15.1985,0.1615,0.9972
4111704,253.2094,14.8923,0.0,127.3024,14.8923,0.117,1.989
4111803,755.4945,51.6504,54.1014,610.0891,105.7518,0.1733,1.2383
4111902,460.8097,37.0109,12.5461,473.1894,49.5571,0.1047,0.9738
4112009,1262.9769,66.2944,53.7132,1454.1595,120.0075,0.0825,0.8685
4112108,454.0834,25.5021,16.5714,194.0375,42.0734,0.2168,2.3402
4112207,488.3324,19.4904,0.0,334.3518,19.4904,0.0583,1.4605
4112306,244.7953,14.7648,16.5965,192.013,31.3613,0.1633,1.2749
4112405,255.342,14.8015,0.0,165.2902,14.8015,0.0895,1.5448
4112504,546.241,7.6936,13.5619,413.2773,21.2555,0.0514,1.3217
4112603,108.7939,17.7552,0.0,129.4125,17.7552,0.1372,0.8407
4112702,226.7943,8.1057,31.7562,159.4771,39.8619,0.25,1.4221
4112751,378.8409,19.2133,0.0,241.5067,19.2133,0.0796,1.5687
4112801,286.0836,42.8274,0.0,297.9816,42.8274,0.1437,0.9601
4112900,136.3898,35.508,0.0,322.0657,35.508,0.1103,0.4235
4112959,449.5507,22.8668,23.8546,354.8511,46.7214,0.1317,1.2669
4113007,301.3971,10.5876,16.8765,212.9357,27.4641,0.129,1.4154
4113106,212.7719,6.6305,0.0,183.7336,6.6305,0.0361,1.158
4113205,1774.3262,66.7596,75.8887,2117.8549,142.6484,0.0674,0.8378
4113254,651.012,14.2661,0.0,549.8146,14.2661,0.0259,1.1841
4113304,956.6114,81.6417,28.652,668.7361,110.2937,0.1649,1.4305
4113403,241.2424,21.6941,0.0,342.1541,21.6941,0.0634,0.7051
4113429,263.8334,0.0,16.6993,144.4376,16.6993,0.1156,1.8266
4113452,415.2725,0.0,39.5525,353.1276,39.5525,0.112,1.176
4113502,558.337,77.05,7.2698,719.8204,84.3198,0.1171,0.7757
4113601,184.6498,25.5247,0.0,235.8543,25.5247,0.1082,0.7829
4113700,3663.2279,274.8515,185.2164,1652.3172,460.068,0.2784,2.217
4113734,916.6245,70.1957,21.9777,908.4174,92.1734,0.1015,1.009
4113759,252.8925,5.1164,0.0,200.8004,5.1164,0.0255,1.2594
4113809,225.6581,8.2474,9.6882,122.738,17.9356,0.1461,1.8385
4113908,612.6222,0.0,24.305,762.3284,24.305,0.0319,0.8036
4114005,949.6171,59.6256,31.6102,772.9862,91.2359,0.118,1.2285
4114104,453.7257,46.4297,25.6014,288.1086,72.0311,0.25,1.5748
4114203,493.0039,13.3842,48.2252,336.7234,61.6093,0.183,1.4641
4114302,680.3959,12.5903,32.2053,383.0915,44.7955,0.1169,1.7761
4114351,328.9823,10.8227,4.3907,224.4532,15.2134,0.0678,1.4657
4114401,1337.4635,88.8468,0.0,1079.4867,88.8468,0.0823,1.239
4114500,722.8117,42.7338,33.2785,572.7197,76.0123,0.1327,1.2621
4114609,1353.5706,125.3313,25.5825,750.3392,150.9139,0.2011,1.8039
4114708,400.7576,53.1711,0.0,483.2557,53.1711,0.11,0.8293
4114807,890.3289,64.7446,41.6895,476.9676,106.4341,0.2231,1.8666
4114906,452.8467,22.6847,36.2295,370.9659,58.9142,0.1588,1.2207
4115002,336.5818,25.004,0.0,237.6467,25.004,0.1052,1.4163
4115101,424.9917,18.931,0.0,441.4178,18.931,0.0429,0.9628
4115200,2189.7374,326.0092,148.4328,483.1471,474.442,0.982,4.5322
4115309,433.0211,22.2134,0.0,233.7142,22.2134,0.095,1.8528
4115358,471.1489,48.6055,0.0,292.0874,48.6055,0.1664,1.613
4115408,703.8876,24.9747,29.406,386.236,54.3807,0.1408,1.8224
4115457,534.7464,43.1412,0.0,504.2027,43.1412,0.0856,1.0606
4115507,189.0037,17.9488,0.0,215.1335,17.9488,0.0834,0.8785
4115606,533.5378,8.9144,20.3925,628.961,29.307,0.0466,0.8483
4115705,359.8015,35.7702,0.0,127.9868,35.7702,0.2795,2.8112
4115739,473.0481,19.4594,0.0,396.5217,19.4594,0.0491,1.193
4115754,201.0032,0.0,74.3324,104.6092,74.3324,0.7106,1.9215
4115804,642.4027,41.8203,36.9638,320.4226,78.7841,0.2459,2.0049
4115853,339.6617,12.3981,18.9029,193.9669,31.3009,0.1614,1.7511
4115903,110.6048,3.5263,0.0,222.2844,3.5263,0.0159,0.4976
4116000,197.3197,0.0,10.0445,89.294,10.0445,0.1125,2.2098
4116059,463.5116,39.9751,0.0,335.1199,39.9751,0.1193,1.3831
4116109,423.2635,57.9673,0.0,356.8501,57.9673,0.1624,1.1861
4116208,411.9206,53.1102,78.9438,689.8774,132.054,0.1914,0.5971
4116307,150.4374,22.7654,0.0,132.646,22.7654,0.1716,1.1341
4116406,188.0983,19.2446,8.7111,188.2103,27.9557,0.1485,0.9994
4116505,79.9101,20.1452,0.0,126.4193,20.1452,0.1594,0.6321
4116604,126.6959,17.0212,0.0,125.3162,17.0212,0.1358,1.011
4116703,642.687,78.4599,0.0,481.0892,78.4599,0.1631,1.3359
4116802,737.1094,46.5151,0.0,550.9068,46.5151,0.0844,1.338
4116901,471.5186,54.0589,24.6167,407.2798,78.6756,0.1932,1.1577
4116950,299.5231,8.1777,0.0,203.7505,8.1777,0.0401,1.47
4117008,191.0306,27.6878,0.0,293.1838,27.6878,0.0944,0.6516
4117057,1149.3616,20.508,37.1455,1228.8727,57.6535,0.0469,0.9353
4117107,339.5886,9.3799,24.1037,269.4855,33.4836,0.1243,1.2601
4117206,143.8661,27.8908,0.0,135.6405,27.8908,0.2056,1.0606
4117214,118.9553,3.2163,0.0,75.5222,3.2163,0.0426,1.5751
4117222,362.1624,41.5201,0.0,202.5974,41.5201,0.2049,1.7876
4117255,560.1577,42.3673,0.0,349.146,42.3673,0.1213,1.6044
4117271,601.0771,16.7183,30.8287,539.3359,47.5471,0.0882,1.1145
4117297,200.6753,23.0869,0.0,163.6588,23.0869,0.1411,1.2262
4117305,2657.6511,29.7714,84.0795,2409.2682,113.8509,0.0473,1.1031
4117404,184.8603,22.7863,0.0,173.4562,22.7863,0.1314,1.0657
4117453,331.2299,33.2014,0.0,295.6706,33.2014,0.1123,1.1203
4117503,374.0909,0.0,45.2867,171.1568,45.2867,0.2646,2.1857
4117602,1184.1835,58.5066,0.0,1547.0152,58.5066,0.0378,0.7655
4117701,1497.9353,64.001,111.1118,1468.5827,175.1128,0.1192,1.02
4117800,1031.761,33.296,0.0,829.6398,33.296,0.0401,1.2436
4117909,833.5768,109.079,0.0,658.2356,109.079,0.1657,1.2664
4118006,207.0283,48.0664,0.0,216.3046,48.0664,0.2222,0.9571
4118105,288.8337,36.2982,0.0,369.9605,36.2982,0.0981,0.7807
4118204,722.8486,46.5422,43.9927,814.2993,90.5349,0.1112,0.8877
4118303,178.2717,25.3993,0.0,167.3243,25.3993,0.1518,1.0654
4118402,1203.3727,111.7994,45.6961,1194.8978,157.4955,0.1318,1.0071
4118451,172.8021,17.47,0.0,140.5926,17.47,0.1243,1.2291
4118501,1271.8686,50.7659,33.5092,546.2779,84.2751,0.1543,2.3282
4118600,386.6421,3.3828,29.0887,423.6511,32.4715,0.0766,0.9126
4118709,365.833,0.0,34.7547,367.6772,34.7547,0.0945,0.995
4118808,678.0633,25.3712,38.642,473.2382,64.0132,0.1353,1.4328
4118857,578.9815,16.8625,24.3326,406.5534,41.1951,0.1013,1.4241
4118907,294.4586,34.8734,0.0,241.9014,34.8734,0.1442,1.2173
4119004,358.7688,7.4943,13.7549,217.9714,21.2492,0.0975,1.6459
4119103,333.86,31.6999,0.0,268.4984,31.6999,0.1181,1.2434
4119152,571.5495,55.228,16.3551,68.4664,71.5831,1.0455,8.3479
4119202,230.146,1.4804,0.0,218.8278,1.4804,0.0068,1.0517
4119251,165.9552,19.6214,0.0,98.5989,19.6214,0.199,1.6831
4119301,1849.4314,84.7269,0.0,2033.387,84.7269,0.0417,0.9095
4119400,1216.0185,40.9702,58.8106,1365.5937,99.7808,0.0731,0.8905
4119509,609.9607,30.8912,51.9259,226.3355,82.8171,0.3659,2.6949
4119608,2113.079,58.8732,61.1398,1662.9387,120.013,0.0722,1.2707
4119657,113.9761,6.3796,0.0,123.9185,6.3796,0.0515,0.9198
4119707,305.1191,9.8591,0.0,366.8974,9.8591,0.0269,0.8316
4119806,760.3624,31.1697,13.8424,339.4081,45.0121,0.1326,2.2403
4119905,3097.7836,260.7517,192.6449,2051.727,453.3966,0.221,1.5098
4119954,397.1802,32.2233,0.0,192.6069,32.2233,0.1673,2.0621
4120002,222.1351,28.2617,9.4283,289.2943,37.6899,0.1303,0.7679
4120101,188.2577,9.0444,7.172,188.1248,16.2164,0.0862,1.0007
4120150,458.6027,1.3396,0.0,373.3407,1.3396,0.0036,1.2284
4120200,333.5246,33.0975,0.0,220.3122,33.0975,0.1502,1.5139
4120309,190.5395,27.709,13.4916,218.3172,41.2005,0.1887,0.8728
4120333,142.631,11.8596,12.0472,146.7325,23.9067,0.1629,0.972
4120358,351.6346,0.0,18.698,217.5063,18.698,0.086,1.6167
4120408,190.7734,16.9954,18.9963,156.983,35.9917,0.2293,1.2152
4120507,294.6946,41.2509,0.0,416.3488,41.2509,0.0991,0.7078
4120606,2869.5726,14.6595,57.3657,2239.7572,72.0253,0.0322,1.2812
4120655,287.3381,42.5387,0.0,328.0101,42.5387,0.1297,0.876
4120705,191.7906,7.2667,0.0,109.5469,7.2667,0.0663,1.7508
4120804,308.2673,43.9541,48.6493,182.9804,92.6034,0.5061,1.6847
4120853,240.6993,9.8386,21.5186,112.0113,31.3572,0.2799,2.1489
4120903,1130.9107,60.1978,0.0,814.2338,60.1978,0.0739,1.3889
4121000,900.8321,94.3146,0.0,923.9908,94.3146,0.1021,0.9749
4121109,417.5653,7.3755,0.0,324.6187,7.3755,0.0227,1.2863
4121208,651.5546,5.0336,21.3562,427.3925,26.3898,0.0617,1.5245
4121257,261.4506,7.0854,0.0,235.7221,7.0854,0.0301,1.1091
4121307,120.1028,15.6109,0.0,161.2534,15.6109,0.0968,0.7448
4121356,255.2907,9.3868,0.0,234.0011,9.3868,0.0401,1.091
4121406,657.2429,18.186,42.1388,370.3476,60.3248,0.1629,1.7747
4121505,696.2519,18.9821,16.6722,502.8835,35.6543,0.0709,1.3845
4121604,593.8654,33.9702,16.6629,426.2041,50.633,0.1188,1.3934
4121703,1657.2731,99.9599,0.0,1624.3388,99.9599,0.0615,1.0203
4121752,702.2426,40.0386,0.0,826.6402,40.0386,0.0484,0.8495
4121802,416.9014,62.8004,0.0,627.5448,62.8004,0.1001,0.6643
4121901,279.8763,56.3121,0.0,372.8073,56.3121,0.151,0.7507
4122008,981.9456,0.0,12.6671,582.8072,12.6671,0.0217,1.6849
4122107,205.8095,7.3978,0.0,191.1722,7.3978,0.0387,1.0766
4122156,1215.2902,30.7636,0.0,685.9248,30.7636,0.0448,1.7718
4122172,330.4456,15.8368,0.0,381.3916,15.8368,0.0415,0.8664
4122206,745.282,45.931,0.0,791.9139,45.931,0.058,0.9411
4122305,640.876,45.5355,20.7961,602.4217,66.3316,0.1101,1.0638
4122404,908.4781,33.0681,54.2499,465.1649,87.3181,0.1877,1.953
4122503,852.0021,22.9868,0.0,743.4254,22.9868,0.0309,1.146
4122602,388.9619,44.9079,0.0,559.5353,44.9079,0.0803,0.6952
4122651,311.2184,53.5641,0.0,383.8933,53.5641,0.1395,0.8107
4122701,278.3401,15.0646,0.0,184.9421,15.0646,0.0815,1.505
4122800,293.5155,13.0121,0.0,180.1656,13.0121,0.0722,1.6291
4122909,402.8662,32.1189,0.0,196.0708,32.1189,0.1638,2.0547
4123006,562.003,54.4526,0.0,322.4688,54.4526,0.1689,1.7428
4123105,121.2002,10.2856,0.0,71.4944,10.2856,0.1439,1.6952
4123204,129.2348,11.5268,0.0,112.2029,11.5268,0.1027,1.1518
4123303,354.1863,57.4836,0.0,426.6829,57.4836,0.1347,0.8301
4123402,365.1011,31.6188,20.32,279.5501,51.9388,0.1858,1.306
4123501,835.1086,64.0166,0.0,753.9954,64.0166,0.0849,1.1076
4123600,219.7952,21.4263,1.0703,151.0074,22.4966,0.149,1.4555
4123709,400.1119,23.1653,0.0,351.6534,23.1653,0.0659,1.1378
4123808,616.6489,28.1216,0.0,320.3143,28.1216,0.0878,1.9251
4123824,193.4133,0.0,20.1885,123.3463,20.1885,0.1637,1.5681
4123857,1059.6211,70.1258,0.0,836.151,70.1258,0.0839,1.2673
4123907,373.4077,36.2803,18.3417,432.994,54.622,0.1261,0.8624
4123956,306.3782,20.5888,0.0,265.2154,20.5888,0.0776,1.1552
4124004,260.7785,30.8804,0.0,242.7694,30.8804,0.1272,1.0742
4124020,394.5222,26.9837,48.344,310.9539,75.3277,0.2422,1.2687
4124053,398.9075,6.6724,32.9059,262.9383,39.5783,0.1505,1.5171
4124103,721.5275,36.3273,27.8041,712.1109,64.1314,0.0901,1.0132
4124202,178.5622,16.1901,0.0,224.9192,16.1901,0.072,0.7939
4124301,200.6754,4.2474,0.0,167.154,4.2474,0.0254,1.2005
4124400,646.6082,34.5398,20.8661,333.8756,55.4059,0.1659,1.9367
4124509,368.403,0.3041,69.0405,282.5497,69.3446,0.2454,1.3039
4124608,181.4157,29.1752,0.0,220.2377,29.1752,0.1325,0.8237
4124707,733.6299,44.5344,0.0,819.7113,44.5344,0.0543,0.895
4124806,673.6468,14.5635,0.0,393.1921,14.5635,0.037,1.7133
4124905,109.1726,27.2793,0.0,300.6196,27.2793,0.0907,0.3632
4125001,479.0273,41.8821,0.0,357.5503,41.8821,0.1171,1.3397
4125100,821.8953,10.4966,0.0,696.6042,10.4966,0.0151,1.1799
4125209,515.84,57.6933,0.0,384.4055,57.6933,0.1501,1.3419
4125308,249.4977,36.0601,0.0,318.7621,36.0601,0.1131,0.7827
4125357,198.4834,10.0112,0.0,412.3156,10.0112,0.0243,0.4814
4125407,428.6907,29.7535,0.0,399.8774,29.7535,0.0744,1.0721
4125456,179.1875,25.3845,0.0,190.1401,25.3845,0.1335,0.9424
4125506,2226.3137,210.7669,145.9351,941.8056,356.702,0.3787,2.3639
4125555,103.524,2.211,0.0,93.7043,2.211,0.0236,1.1048
4125605,1477.1105,85.3207,53.9363,1368.517,139.257,0.1018,1.0794
4125704,1021.0998,16.3936,59.0017,862.8104,75.3953,0.0874,1.1835
4125753,277.156,57.757,0.0,306.9361,57.757,0.1882,0.903
4125803,482.0258,48.7977,0.0,325.2367,48.7977,0.15,1.4821
4125902,231.0635,47.5824,0.0,242.1546,47.5824,0.1965,0.9542
4126009,210.9498,40.7693,0.0,227.639,40.7693,0.1791,0.9267
4126108,170.5389,20.1539,0.0,212.7438,20.1539,0.0947,0.8016
4126207,644.7697,7.0958,0.0,681.1319,7.0958,0.0104,0.9466
4126256,598.5214,0.0,11.7469,100.0673,11.7469,0.1174,5.9812
4126272,236.8994,17.6644,0.0,141.305,17.6644,0.125,1.6765
4126306,1133.2928,23.1947,41.0396,1456.3541,64.2342,0.0441,0.7782
4126355,327.0187,11.5931,0.0,479.7496,11.5931,0.0242,0.6816
4126405,295.0171,21.1852,24.4203,441.9497,45.6055,0.1032,0.6675
4126504,502.6877,53.7997,38.8783,514.3304,92.678,0.1802,0.9774
4126603,431.2167,47.0053,0.0,280.8443,47.0053,0.1674,1.5354
4126652,258.8372,14.2753,0.0,160.7367,14.2753,0.0888,1.6103
4126678,584.4262,4.2726,40.5815,490.0536,44.8541,0.0915,1.1926
4126702,229.1488,28.5334,0.0,194.5607,28.5334,0.1467,1.1778
4126801,439.1835,0.3161,14.4289,585.5029,14.745,0.0252,0.7501
4126900,275.8391,59.3721,0.0,429.5536,59.3721,0.1382,0.6422
4127007,721.8955,35.4645,10.6979,908.059,46.1624,0.0508,0.795
4127106,1890.4961,104.1713,0.0,1404.3938,104.1713,0.0742,1.3461
4127205,416.4156,26.1457,8.3584,315.4069,34.5041,0.1094,1.3202
4127304,820.183,55.5328,0.0,708.3924,55.5328,0.0784,1.1578
4127403,889.2109,80.261,30.2764,804.7141,110.5374,0.1374,1.105
4127502,2764.9394,89.824,211.2872,2994.3221,301.1112,0.1006,0.9234
4127601,619.3252,20.0925,58.346,662.3763,78.4385,0.1184,0.935
4127700,2505.3536,208.4781,90.8549,1187.8557,299.3329,0.252,2.1091
4127809,553.272,39.9306,0.0,606.4368,39.9306,0.0658,0.9123
4127858,597.7549,82.6491,0.0,512.9273,82.6491,0.1611,1.1654
4127882,421.5333,18.2154,0.0,671.014,18.2154,0.0271,0.6282
4127908,543.4825,36.1584,40.7137,700.8049,76.8721,0.1097,0.7755
4127957,412.6699,51.34,0.0,299.7567,51.34,0.1713,1.3767
4127965,935.9845,0.0,34.8321,943.6345,34.8321,0.0369,0.9919
4128005,844.5041,51.992,31.5353,652.0213,83.5273,0.1281,1.2952
4128104,1992.6378,142.9732,36.1743,1236.9961,179.1475,0.1448,1.6109
4128203,906.4685,84.4678,35.224,711.1471,119.6918,0.1683,1.2747
4128302,166.9292,0.2621,0.0,86.717,0.2621,0.003,1.925
4128401,245.3174,21.673,27.5575,247.8174,49.2305,0.1987,0.9899
4128500,502.8995,62.4274,0.0,403.4215,62.4274,0.1547,1.2466
4128534,830.2157,23.8584,41.5127,808.4496,65.3711,0.0809,1.0269
4128559,347.5344,30.0341,0.0,327.0241,30.0341,0.0918,1.0627
4128609,488.34,34.3526,0.0,295.1321,34.3526,0.1164,1.6546
4128625,362.7147,61.245,0.0,967.6324,61.245,0.0633,0.3748
4128633,356.8444,49.5839,0.0,773.6131,49.5839,0.0641,0.4613
4128658,331.4332,0.0,13.6275,242.4076,13.6275,0.0562,1.3673
4128708,439.7665,7.059,30.9835,310.022,38.0425,0.1227,1.4185
4128807,372.2684,39.1057,0.0,360.2255,39.1057,0.1086,1.0334
4200051,267.4985,37.8178,0.0,235.6927,37.8178,0.1605,1.1349
4200101,1126.0337,74.0777,0.0,947.3896,74.0777,0.0782,1.1886
4200200,269.6091,10.6161,0.0,211.1743,10.6161,0.0503,1.2767
4200309,207.6735,1.3735,8.3628,132.9629,9.7363,0.0732,1.5619
4200408,891.8699,122.0584,38.2526,1331.7024,160.311,0.1204,0.6697
4200507,308.8833,19.7178,0.0,139.7284,19.7178,0.1411,2.2106
4200556,135.2024,11.5559,0.0,76.6529,11.5559,0.1508,1.7638
4200606,285.1069,22.1597,20.6782,325.46,42.8379,0.1316,0.876
4200705,959.4247,36.9966,39.1715,740.3103,76.1681,0.1029,1.296
4200754,128.7699,23.774,0.0,83.7909,23.774,0.2837,1.5368
4200804,451.3135,38.6743,0.0,234.1042,38.6743,0.1652,1.9278
4200903,492.6709,74.5423,0.0,496.7528,74.5423,0.1501,0.9918
4201000,566.5574,53.2778,0.0,585.0656,53.2778,0.0911,0.9684
4201109,439.5429,45.6324,0.0,547.0255,45.6324,0.0834,0.8035
4201208,358.0259,24.0576,0.0,236.0466,24.0576,0.1019,1.5168
4201257,366.1036,0.0,18.6343,498.3005,18.6343,0.0374,0.7347
4201273,286.9524,27.255,0.0,137.9123,27.255,0.1976,2.0807
4201307,603.6446,56.237,74.8382,402.3518,131.0752,0.3258,1.5003
4201406,886.486,102.0377,54.5111,298.384,156.5488,0.5247,2.971
4201505,332.8941,15.6289,0.0,166.3689,15.6289,0.0939,2.0009
4201604,150.0012,10.0481,0.0,92.065,10.0481,0.1091,1.6293
4201653,169.5458,15.1936,0.0,97.8852,15.1936,0.1552,1.7321
4201703,146.005,6.5107,7.1898,118.4714,13.7006,0.1156,1.2324
4201802,175.9705,0.1772,0.0,89.7141,0.1772,0.002,1.9615
4201901,307.5285,15.732,0.0,209.6148,15.732,0.0751,1.4671
4201950,268.6286,31.3876,0.0,101.5922,31.3876,0.309,2.6442
4202008,272.3072,77.3451,21.7455,42.861,99.0905,2.3119,6.3533
4202057,163.2059,22.5793,0.0,107.0948,22.5793,0.2108,1.5239
4202073,447.9396,34.9282,0.0,148.6185,34.9282,0.235,3.014
4202081,299.1125,4.2017,0.0,139.4681,4.2017,0.0301,2.1447
4202099,158.5904,15.8916,0.0,90.4231,15.8916,0.1757,1.7539
4202107,468.2158,34.7223,34.4344,138.4846,69.1566,0.4994,3.381
4202131,446.0838,5.4315,7.4252,546.5206,12.8567,0.0235,0.8162
4202156,189.5521,7.7978,0.0,93.0242,7.7978,0.0838,2.0377
4202206,479.0517,15.9272,0.0,383.918,15.9272,0.0415,1.2478
4202305,612.4023,46.5305,105.7628,363.8,152.2933,0.4186,1.6833
4202404,1822.1952,218.3022,28.5683,501.1262,246.8705,0.4926,3.6362
4202438,336.6866,9.3451,25.2752,502.0408,34.6203,0.069,0.6706
4202453,145.1996,15.6368,0.0,26.8357,15.6368,0.5827,5.4107
4202503,588.3291,62.4273,0.0,929.6731,62.4273,0.0671,0.6328
4202537,98.0652,11.8075,0.0,59.0526,11.8075,0.1999,1.6606
4202578,165.0974,12.036,0.0,62.4503,12.036,0.1927,2.6437
4202602,617.7521,19.127,45.4164,1067.3301,64.5434,0.0605,0.5788
4202701,199.0469,35.9368,0.0,291.2282,35.9368,0.1234,0.6835
4202800,640.6074,38.8566,0.0,211.9233,38.8566,0.1834,3.0228
4202859,102.3675,8.0862,0.0,83.7911,8.0862,0.0965,1.2217
4202875,346.6943,2.3446,18.4123,338.9054,20.7569,0.0612,1.023
4202909,811.2199,120.1851,0.0,295.038,120.1851,0.4074,2.7495
4203006,1358.897,110.2422,0.0,986.4295,110.2422,0.1118,1.3776
4203105,225.3403,11.6212,23.4066,173.1223,35.0277,0.2023,1.3016
4203154,464.8731,14.4767,0.0,633.1865,14.4767,0.0229,0.7342
4203204,503.241,25.2817,9.0783,218.4612,34.3601,0.1573,2.3036
4203253,596.5863,18.6633,55.3042,1326.4998,73.9675,0.0558,0.4497
4203303,591.0875,41.5033,0.0,502.9481,41.5033,0.0825,1.1752
4203402,736.8194,30.792,0.0,1014.7743,30.792,0.0303,0.7261
4203501,551.6985,70.3299,0.0,478.7692,70.3299,0.1469,1.1523
4203600,1438.283,147.0836,52.959,1732.1358,200.0427,0.1155,0.8304
4203709,275.5025,8.1256,0.0,140.1177,8.1256,0.058,1.9662
4203808,1182.0557,76.7818,28.0801,1133.8853,104.8619,0.0925,1.0425
4203907,376.9346,36.9453,0.0,232.799,36.9453,0.1587,1.6191
4203956,176.625,18.9073,12.2694,50.8248,31.1767,0.6134,3.4752
4204004,301.3183,2.4704,13.0912,195.5289,15.5616,0.0796,1.541
4204103,251.4468,16.1048,0.0,140.1189,16.1048,0.1149,1.7945
4204152,248.6208,21.0864,0.0,216.0811,21.0864,0.0976,1.1506
4204178,272.2733,9.5634,0.0,409.0027,9.5634,0.0234,0.6657
4204194,246.5163,10.0636,0.0,117.0973,10.0636,0.0859,2.1052
4204202,2434.6467,96.1834,76.5005,623.5969,172.684,0.2769,3.9042
4204251,199.1441,22.7415,0.0,73.7425,22.7415,0.3084,2.7005
4204301,1601.9029,94.4344,41.1828,830.4854,135.6172,0.1633,1.9289
4204350,207.2403,0.0,16.5178,84.2695,16.5178,0.196,2.4593
4204400,422.5615,0.0,22.5014,235.7452,22.5014,0.0954,1.7925
4204459,183.436,14.5303,0.0,109.7476,14.5303,0.1324,1.6714
4204509,274.2504,3.445,19.0106,403.8708,22.4555,0.0556,0.6791
4204558,647.8025,0.0,23.4565,657.0504,23.4565,0.0357,0.9859
4204608,1359.8039,173.3839,34.5637,241.1508,207.9476,0.8623,5.6388
4204707,592.6483,0.0,25.8097,226.0574,25.8097,0.1142,2.6217
4204756,143.4819,0.0,0.0,54.3602,0.0,0.0,2.6395
4204806,889.2231,85.9962,30.4108,939.5988,116.407,0.1239,0.9464
4204905,536.4277,27.4837,11.6848,283.6882,39.1685,0.1381,1.8909
4205001,719.1839,7.2442,48.3354,386.9927,55.5797,0.1436,1.8584
4205100,169.6713,17.9522,0.0,174.9908,17.9522,0.1026,0.9696
4205159,188.7641,36.8864,0.0,366.3881,36.8864,0.1007,0.5152
4205175,106.9734,24.6967,0.0,105.1668,24.6967,0.2348,1.0172
4205191,95.6731,9.3536,0.0,67.8368,9.3536,0.1379,1.4103
4205209,310.4799,0.0,18.2478,219.7286,18.2478,0.083,1.413
4205308,649.6018,33.2447,15.0604,368.8384,48.3051,0.131,1.7612
4205357,113.7563,5.4008,0.0,59.4809,5.4008,0.0908,1.9125
4205407,1789.9665,358.0622,120.8146,685.3942,478.8768,0.6987,2.6116
4205431,172.7058,9.0014,7.5429,95.0972,16.5443,0.174,1.8161
4205456,426.6992,44.0241,0.0,178.9831,44.0241,0.246,2.384
4205506,781.8056,54.5826,0.0,547.8238,54.5826,0.0996,1.4271
4205555,228.6914,10.9981,0.0,163.8876,10.9981,0.0671,1.3954
4205605,181.0488,15.6281,0.0,139.4902,15.6281,0.112,1.2979
4205704,341.3364,22.1316,5.5411,111.2993,27.6728,0.2486,3.0668
4205803,278.2945,42.9233,34.6854,510.4236,77.6088,0.152,0.5452
4205902,776.9471,68.0663,45.1668,391.2811,113.2331,0.2894,1.9856
4206009,151.7044,39.1031,1.774,123.1618,40.8772,0.3319,1.2317
4206108,433.3844,10.9283,0.0,332.8389,10.9283,0.0328,1.3021
4206207,335.2527,24.0071,0.0,164.0538,24.0071,0.1463,2.0436
4206306,314.7196,18.6291,0.0,172.2614,18.6291,0.1081,1.827
4206405,683.1455,8.2246,13.9356,336.1206,22.1602,0.0659,2.0324
4206504,465.1788,43.2919,33.2194,268.2515,76.5113,0.2852,1.7341
4206603,235.2867,0.0,6.3272,106.7593,6.3272,0.0593,2.2039
4206652,436.3893,29.4368,0.0,202.3772,29.4368,0.1455,2.1563
4206702,336.4444,10.3883,8.597,202.9896,18.9853,0.0935,1.6574
4206751,175.1595,2.2339,0.0,146.0376,2.2339,0.0153,1.1994
4206801,213.5937,29.6894,0.0,164.2302,29.6894,0.1808,1.3006
4206900,284.2046,17.363,12.1926,238.7505,29.5556,0.1238,1.1904
4207007,760.0787,93.0274,63.1227,228.702,156.1501,0.6828,3.3234
4207106,332.0163,16.5495,31.4792,251.0191,48.0288,0.1913,1.3227
4207205,399.947,63.2838,0.0,544.1017,63.2838,0.1163,0.7351
4207304,604.6508,62.1465,66.5352,186.2156,128.6817,0.691,3.247
4207403,245.5996,26.0971,0.0,118.1259,26.0971,0.2209,2.0791
4207502,586.7804,58.8915,28.8158,439.2611,87.7073,0.1997,1.3358
4207577,203.8808,35.4045,0.0,117.9345,35.4045,0.3002,1.7288
4207601,216.5722,12.6295,0.0,141.8454,12.6295,0.089,1.5268
4207650,409.3967,24.3751,0.0,198.7588,24.3751,0.1226,2.0598
4207684,307.6537,35.2403,0.0,260.4306,35.2403,0.1353,1.1813
4207700,410.6595,27.2117,0.0,256.9891,27.2117,0.1059,1.598
4207759,257.607,5.3076,12.7535,153.2581,18.0611,0.1178,1.6809
4207809,456.9982,21.3908,26.5977,323.2462,47.9886,0.1485,1.4138
4207858,163.9568,3.8407,0.0,79.758,3.8407,0.0482,2.0557
4207908,558.2047,13.944,24.0735,590.7343,38.0175,0.0644,0.9449
4208005,297.36,45.6425,0.0,159.1363,45.6425,0.2868,1.8686
4208104,1168.5602,71.6693,23.5169,1311.7259,95.1862,0.0726,0.8909
4208203,925.2445,183.7899,33.1595,287.0807,216.9493,0.7557,3.2229
4208302,258.2571,37.9457,21.089,54.9762,59.0347,1.0738,4.6976
4208401,579.9776,17.8715,0.0,284.3546,17.8715,0.0628,2.0396
4208450,435.0449,59.5955,0.0,242.9607,59.5955,0.2453,1.7906
4208500,654.4101,62.9541,0.0,332.5998,62.9541,0.1893,1.9676
4208609,240.6854,37.9515,0.0,183.5351,37.9515,0.2068,1.3114
4208708,413.1569,15.4506,0.0,424.6962,15.4506,0.0364,0.9728
4208807,600.5159,70.2864,20.0094,325.3161,90.2958,0.2776,1.8459
4208906,1212.6627,151.2639,33.1898,538.1864,184.4536,0.3427,2.2532
4208955,98.4706,17.0923,0.0,67.0658,17.0923,0.2549,1.4683
4209003,498.4096,32.9586,24.7151,247.6388,57.6737,0.2329,2.0126
4209102,2368.8425,355.5629,93.8766,1116.6547,449.4395,0.4025,2.1214
4209151,212.1971,10.8024,0.0,408.028,10.8024,0.0265,0.5201
4209177,150.7552,6.8314,0.0,83.8385,6.8314,0.0815,1.7982
4209201,109.7578,14.0953,0.0,65.7856,14.0953,0.2143,1.6684
4209300,2031.1066,159.8708,73.8837,2632.1192,233.7545,0.0888,0.7717
4209409,414.2225,79.4603,42.4821,358.6242,121.9424,0.34,1.155
4209458,119.0891,5.2068,0.0,62.3477,5.2068,0.0835,1.9101
4209508,138.9502,11.603,0.7067,79.2687,12.3097,0.1553,1.7529
4209607,368.4242,40.1202,0.0,283.9857,40.1202,0.1413,1.2973
4209706,760.4512,55.9331,0.0,934.0444,55.9331,0.0599,0.8141
4209805,377.895,22.2658,0.0,294.0601,22.2658,0.0757,1.2851
4209854,335.6689,10.2908,0.0,175.4357,10.2908,0.0587,1.9133
4209904,327.885,29.9236,10.0197,207.6199,39.9432,0.1924,1.5793
4210001,311.2058,26.2936,0.0,259.9763,26.2936,0.1011,1.1971
4210035,167.2334,23.4499,0.0,116.1471,23.4499,0.2019,1.4398
4210050,213.4417,29.2734,0.0,258.0337,29.2734,0.1134,0.8272
4210100,1419.6567,47.7586,87.109,1425.7592,134.8676,0.0946,0.9957
4210209,254.5972,14.0468,0.0,306.64,14.0468,0.0458,0.8303
4210308,490.584,11.3256,0.0,510.2822,11.3256,0.0222,0.9614
4210407,114.3946,28.3284,20.9402,60.3312,49.2685,0.8166,1.8961
4210506,475.4372,29.6554,15.0929,172.054,44.7483,0.2601,2.7633
4210555,136.3634,15.926,0.0,105.5934,15.926,0.1508,1.2914
4210605,473.3546,37.455,0.0,381.1187,37.455,0.0983,1.242
4210704,350.6524,36.0069,0.0,428.3748,36.0069,0.0841,0.8186
4210803,312.4731,30.8433,0.0,203.4358,30.8433,0.1516,1.536
4210852,174.6096,4.2517,0.0,336.95,4.2517,0.0126,0.5182
4210902,194.3604,20.6793,0.0,89.9318,20.6793,0.2299,2.1612
4211009,452.7036,19.6015,0.0,200.1682,19.6015,0.0979,2.2616
4211058,209.0014,21.4694,0.0,178.486,21.4694,0.1203,1.171
4211108,409.6949,7.1284,45.2166,558.919,52.345,0.0937,0.733
4211207,248.0163,36.1375,0.0,77.6218,36.1375,0.4656,3.1952
4211256,152.4966,9.1395,0.0,250.4526,9.1395,0.0365,0.6089
4211306,448.0344,63.4143,44.3538,128.4826,107.7682,0.8388,3.4871
4211405,248.6907,5.0893,12.2093,77.976,17.2986,0.2218,3.1893
4211454,292.5351,0.0,13.8808,124.2759,13.8808,0.1117,2.3539
4211504,419.3665,27.1741,0.0,407.8951,27.1741,0.0666,1.0281
4211603,288.3071,64.5992,0.0,289.7599,64.5992,0.2229,0.995
4211652,253.4783,0.0,13.9215,148.9471,13.9215,0.0935,1.7018
4211702,708.6824,38.7866,0.0,554.8876,38.7866,0.0699,1.2772
4211751,610.1352,18.8045,0.0,856.0847,18.8045,0.022,0.7127
4211801,352.4916,30.9539,0.0,228.2608,30.9539,0.1356,1.5442
4211850,252.953,19.6475,0.0,169.7624,19.6475,0.1157,1.49
4211876,214.0494,0.0,0.0,83.4575,0.0,0.0,2.5648
4211892,513.928,55.532,0.0,755.1412,55.532,0.0735,0.6806
4211900,958.3551,118.2418,121.3197,377.8918,239.5616,0.6339,2.5361
4212007,547.1277,11.618,1.5003,326.8855,13.1183,0.0401,1.6738
4212056,246.5072,15.3346,0.0,286.34,15.3346,0.0536,0.8609
4212106,828.4581,26.7964,13.0673,352.6623,39.8637,0.113,2.3492
4212205,736.652,24.1654,22.054,769.8453,46.2194,0.06,0.9569
4212239,362.4039,16.4161,0.0,170.7695,16.4161,0.0961,2.1222
4212254,223.3322,15.0811,13.5015,91.4496,28.5826,0.3125,2.4421
4212270,580.2554,26.0982,0.0604,626.0695,26.1586,0.0418,0.9268
4212304,228.0712,9.5875,44.4507,449.3946,54.0381,0.1202,0.5075
4212403,241.4955,12.1661,0.0,153.8878,12.1661,0.0791,1.5693
4212502,205.1434,24.4669,18.9486,48.8217,43.4156,0.8893,4.2019
4212601,166.4786,15.2229,0.0,102.7798,15.2229,0.1481,1.6198
4212650,122.4704,23.1548,18.3443,101.6735,41.4991,0.4082,1.2045
4212700,364.5602,13.5023,0.0,302.5966,13.5023,0.0446,1.2048
4212809,278.9539,18.8514,17.2725,96.0342,36.1239,0.3762,2.9047
4212908,478.8685,14.7073,15.6085,135.1811,30.3158,0.2243,3.5424
4213005,109.1696,9.6395,0.0,52.4197,9.6395,0.1839,2.0826
4213104,296.398,39.2664,0.0,157.1975,39.2664,0.2498,1.8855
4213153,157.8356,16.0501,0.0,66.7825,16.0501,0.2403,2.3634
4213203,561.2323,58.0319,0.0,214.8645,58.0319,0.2701,2.612
4213302,392.352,6.6046,32.184,571.8721,38.7886,0.0678,0.6861
4213351,204.0494,0.0,12.9458,409.8262,12.9458,0.0316,0.4979
4213401,483.1972,0.1041,33.4388,564.1666,33.5429,0.0595,0.8565
4213500,251.2208,27.6291,17.9815,99.6122,45.6107,0.4579,2.522
4213609,802.9747,22.1193,28.341,853.1605,50.4603,0.0591,0.9412
4213708,494.9307,9.5307,29.5364,359.7006,39.0671,0.1086,1.376
4213807,255.3259,33.976,0.0,285.3359,33.976,0.1191,0.8948
4213906,112.7749,2.4206,0.0,65.7741,2.4206,0.0368,1.7146
4214003,399.8685,16.2362,0.0,304.899,16.2362,0.0533,1.3115
4214102,152.7648,19.5483,0.0,231.0262,19.5483,0.0846,0.6612
4214151,178.1352,5.6087,0.0,78.149,5.6087,0.0718,2.2794
4214201,500.8152,17.1777,27.4541,275.5748,44.6318,0.162,1.8173
4214300,437.5775,19.9844,24.7692,283.547,44.7536,0.1578,1.5432
4214409,394.6482,23.8666,0.0,322.8309,23.8666,0.0739,1.2225
4214508,312.9032,27.5528,0.0,509.648,27.5528,0.0541,0.614
4214607,378.0917,0.2763,0.0,254.602,0.2763,0.0011,1.485
4214706,460.5384,11.5609,0.0,557.7173,11.5609,0.0207,0.8258
4214805,749.7184,33.9887,17.09,248.2727,51.0787,0.2057,3.0197
4214904,425.1961,24.4579,0.0,305.2197,24.4579,0.0801,1.3931
4215000,919.7022,72.9614,19.0524,901.3369,92.0138,0.1021,1.0204
4215059,204.4841,20.3578,0.0,288.2007,20.3578,0.0706,0.7095
4215075,294.1434,6.9263,0.0,191.6359,6.9263,0.0361,1.5349
4215109,186.1445,28.6366,10.7547,131.0143,39.3913,0.3007,1.4208
4215208,436.7081,43.0315,0.0,228.9658,43.0315,0.1879,1.9073
4215307,223.3696,15.1476,0.0,178.2436,15.1476,0.085,1.2532
4215356,347.3119,8.5986,0.0,163.4612,8.5986,0.0526,2.1247
4215406,145.9154,21.6991,0.0,104.1043,21.6991,0.2084,1.4016
4215455,183.6537,39.1784,29.5402,79.7542,68.7186,0.8616,2.3027
4215505,548.821,43.633,52.1111,1163.5269,95.7441,0.0823,0.4717
4215554,178.952,9.1412,0.0,75.6055,9.1412,0.1209,2.3669
4215604,235.2277,5.1594,0.0,199.0791,5.1594,0.0259,1.1816
4215653,225.5182,31.9382,22.2036,154.4162,54.1419,0.3506,1.4605
4215679,669.6992,26.418,0.0,712.7034,26.418,0.0371,0.9397
4215687,273.2506,7.6144,0.0,116.9299,7.6144,0.0651,2.3369
4215695,109.8639,2.3661,0.0,69.2441,2.3661,0.0342,1.5866
4215703,387.1703,26.3869,18.4873,354.7776,44.8742,0.1265,1.0913
4215752,280.4476,6.4578,0.0,145.2862,6.4578,0.0444,1.9303
4215802,862.7688,66.5292,25.4277,490.933,91.9569,0.1873,1.7574
4215901,332.7278,40.2311,0.0,456.0361,40.2311,0.0882,0.7296
4216008,399.081,30.9122,0.0,166.7591,30.9122,0.1854,2.3932
4216057,128.1745,0.0,59.3885,338.5727,59.3885,0.1754,0.3786
4216107,540.1312,49.5214,0.0,375.2904,49.5214,0.132,1.4392
4216206,731.3456,59.1036,0.0,502.2163,59.1036,0.1177,1.4562
4216255,472.5709,23.2405,0.0,167.8729,23.2405,0.1384,2.8151
4216305,315.7719,37.1571,0.0,197.0197,37.1571,0.1886,1.6027
4216354,187.6568,13.5166,0.0,157.6814,13.5166,0.0857,1.1901
4216404,283.2616,28.7515,16.877,181.2994,45.6285,0.2517,1.5624
4216503,1702.0538,124.2311,0.0,1878.0207,124.2311,0.0662,0.9063
4216602,828.9511,139.8393,54.0745,151.0997,193.9137,1.2833,5.4861
4216701,680.8693,9.2575,17.5166,268.7899,26.7741,0.0996,2.5331
4216800,943.2007,19.9333,57.3391,989.5909,77.2725,0.0781,0.9531
4216909,785.6214,41.4424,22.9142,367.8327,64.3566,0.175,2.1358
4217006,269.037,11.1888,0.0,107.4165,11.1888,0.1042,2.5046
4217105,299.5135,33.5198,0.0,227.7277,33.5198,0.1472,1.3152
4217154,172.4033,20.9653,0.0,72.2542,20.9653,0.2902,2.3861
4217204,752.0821,44.081,23.8763,234.96,67.9573,0.2892,3.2009
4217253,219.7064,36.3248,0.0,139.2207,36.3248,0.2609,1.5781
4217303,518.5483,15.1306,7.6797,203.4251,22.8104,0.1121,2.5491
4217402,198.8867,13.9317,0.0,165.7481,13.9317,0.0841,1.1999
4217501,810.0384,50.5416,0.0,305.0606,50.5416,0.1657,2.6553
4217550,224.8449,10.7442,0.0,95.1201,10.7442,0.113,2.3638
4217600,274.6702,32.8428,0.0,258.7405,32.8428,0.1269,1.0616
4217709,347.4677,49.245,31.3897,142.5885,80.6347,0.5655,2.4369
4217758,255.7787,1.5366,0.0,113.2011,1.5366,0.0136,2.2595
4217808,573.4815,50.0553,0.0,673.7777,50.0553,0.0743,0.8511
4217907,620.6442,30.2522,0.0,393.8314,30.2522,0.0768,1.5759
4217956,138.803,10.6115,0.0,58.8111,10.6115,0.1804,2.3602
4218004,470.4974,32.834,30.9279,284.8347,63.7619,0.2239,1.6518
4218103,331.8449,27.621,0.0,327.6299,27.621,0.0843,1.0129
4218202,375.5503,57.5616,0.0,132.8249,57.5616,0.4334,2.8274
4218251,432.594,40.0732,0.0,591.8316,40.0732,0.0677,0.7309
4218301,344.9164,20.3636,22.1441,434.9629,42.5078,0.0977,0.793
4218350,161.1745,18.2835,0.0,160.7791,18.2835,0.1137,1.0025
4218400,291.966,33.7687,1.0864,163.8612,34.8551,0.2127,1.7818
4218509,288.0689,25.2569,0.0,189.7814,25.2569,0.1331,1.5179
4218608,162.0521,20.4182,9.8265,112.7789,30.2446,0.2682,1.4369
4218707,862.1385,113.5997,37.1415,313.2268,150.7412,0.4813,2.7524
4218756,257.4644,15.7682,0.0,121.9481,15.7682,0.1293,2.1113
4218806,313.1695,44.1121,0.0,239.4398,44.1121,0.1842,1.3079
4218855,176.6957,11.1727,0.0,94.2593,11.1727,0.1185,1.8746
4218905,694.6321,42.5387,0.0,1036.4724,42.5387,0.041,0.6702
4218954,302.9968,9.6163,0.0,338.9742,9.6163,0.0284,0.8939
4219002,506.4242,31.3786,0.0,252.6057,31.3786,0.1242,2.0048
4219101,258.6178,21.3525,12.7206,165.5418,34.0731,0.2058,1.5623
4219150,281.0423,6.6899,29.3977,337.5525,36.0876,0.1069,0.8326
4219176,246.0412,0.0,39.5831,292.0665,39.5831,0.1355,0.8424
4219200,498.8094,46.5922,0.0,350.1007,46.5922,0.1331,1.4248
4219309,769.7829,55.4874,0.0,380.3159,55.4874,0.1459,2.0241
4219358,354.7231,0.8454,0.0,369.647,0.8454,0.0023,0.9596
4219408,185.8883,11.4105,0.0,151.3935,11.4105,0.0754,1.2278
4219507,946.8269,60.6544,31.4744,376.7769,92.1288,0.2445,2.513
4219606,396.7893,15.9074,0.0,224.9931,15.9074,0.0707,1.7636
4219705,607.944,25.3631,15.4319,285.5518,40.795,0.1429,2.129
4219853,188.318,12.9641,0.0,195.8877,12.9641,0.0662,0.9614
4220000,286.8739,30.5378,0.0,64.8518,30.5378,0.4709,4.4235
4300034,594.0836,43.7148,0.0,1554.5324,43.7148,0.0281,0.3822
4300059,415.7779,15.3426,7.8083,298.8896,23.1509,0.0775,1.3911
4300109,877.7369,18.9894,7.6719,545.9714,26.6613,0.0488,1.6077
4300208,424.7949,38.3035,0.0,320.2184,38.3035,0.1196,1.3266
4300307,664.8067,11.1589,0.0,311.7155,11.1589,0.0358,2.1327
4300406,2486.3818,149.5421,104.0872,7806.9666,253.6293,0.0325,0.3185
4300455,371.1994,12.8566,0.0,167.9948,12.8566,0.0765,2.2096
4300471,326.7667,24.338,17.0068,252.5706,41.3448,0.1637,1.2938
4300505,472.1413,28.8334,0.0,331.8285,28.8334,0.0869,1.4228
4300554,197.2355,16.3831,0.0,122.5136,16.3831,0.1337,1.6099
4300570,146.7458,14.0165,0.0,70.8441,14.0165,0.1978,2.0714
4300604,375.9712,55.241,3.621,57.0862,58.862,1.0311,6.586
4300638,285.9573,59.2302,0.0,499.363,59.2302,0.1186,0.5726
4300646,180.6136,15.1112,0.0,100.4091,15.1112,0.1505,1.7988
4300661,166.2389,33.8856,0.0,332.2226,33.8856,0.102,0.5004
4300703,376.0006,33.0276,0.0,239.9639,33.0276,0.1376,1.5669
4300802,525.1833,34.591,22.7352,342.5711,57.3262,0.1673,1.5331
4300851,226.0063,16.0969,26.9982,521.4711,43.0951,0.0826,0.4334
4300877,129.8561,4.9731,11.6604,34.462,16.6335,0.4827,3.7681
4300901,366.9549,43.2841,0.0,335.1369,43.2841,0.1292,1.0949
4301008,468.3679,58.4521,0.0,164.2104,58.4521,0.356,2.8522
4301057,386.544,38.1687,0.0,120.7652,38.1687,0.3161,3.2008
4301073,129.107,9.0239,0.0,96.8191,9.0239,0.0932,1.3335
4301107,313.1884,9.6691,12.3536,427.8209,22.0227,0.0515,0.7321
4301206,465.6194,19.5206,0.0,305.0374,19.5206,0.064,1.5264
4301305,924.142,32.4776,49.2467,2524.5799,81.7243,0.0324,0.3661
4301404,439.2987,22.3119,0.0,270.9042,22.3119,0.0824,1.6216
4301503,401.1294,20.2651,0.0,349.9201,20.2651,0.0579,1.1463
4301552,215.8444,12.5723,0.0,156.2283,12.5723,0.0805,1.3816
4301602,1640.3929,171.2572,28.9797,4109.7084,200.2369,0.0487,0.3992
4301636,238.4404,29.6907,0.0,101.1568,29.6907,0.2935,2.3571
4301651,306.7368,12.3676,0.0,128.0597,12.3676,0.0966,2.3953
4301701,327.5972,41.4499,24.2765,263.6173,65.7263,0.2493,1.2427
4301750,477.925,43.5924,0.0,439.6284,43.5924,0.0992,1.0871
4301800,558.4314,49.8002,0.0,506.9138,49.8002,0.0982,1.1016
4301859,76.8871,12.304,0.0,61.7702,12.304,0.1992,1.2447
4301875,290.1923,40.3136,0.0,1050.5137,40.3136,0.0384,0.2762
4301909,348.0034,34.4688,64.0661,715.0349,98.5348,0.1378,0.4867
4301925,158.6433,24.2988,0.0,149.25,24.2988,0.1628,1.0629
4301958,89.2042,8.5434,0.0,58.0298,8.5434,0.1472,1.5372
4302006,593.7906,15.5457,38.5126,651.6825,54.0583,0.083,0.9112
4302055,104.7369,17.7054,0.0,131.4416,17.7054,0.1347,0.7968
4302105,984.2918,118.8703,32.6456,288.0804,151.5159,0.5259,3.4167
4302154,120.52,2.1908,13.1252,185.3864,15.316,0.0826,0.6501
4302204,290.7561,22.7511,0.0,113.4708,22.7511,0.2005,2.5624
4302220,343.7806,15.1221,0.0,697.5749,15.1221,0.0217,0.4928
4302238,250.0604,46.9095,0.0,501.7871,46.9095,0.0935,0.4983
4302253,157.5412,9.816,16.9303,84.3283,26.7462,0.3172,1.8682
4302303,1688.2133,135.0135,0.0,2648.491,135.0135,0.051,0.6374
4302352,198.2622,29.2463,37.5005,79.0333,66.7468,0.8445,2.5086
4302378,141.251,11.0189,0.0,84.3787,11.0189,0.1306,1.674
4302402,225.0909,14.8615,4.373,97.7969,19.2345,0.1967,2.3016
4302451,280.6768,68.1886,0.0,268.5282,68.1886,0.2539,1.0452
4302501,576.2817,40.7933,5.9623,1600.2569,46.7556,0.0292,0.3601
4302584,233.742,0.0,17.4959,199.1086,17.4959,0.0879,1.1739
4302600,205.4641,10.7265,0.0,138.6405,10.7265,0.0774,1.482
4302659,201.1247,27.7956,0.0,113.6803,27.7956,0.2445,1.7692
4302709,399.4595,16.9897,18.8811,745.3219,35.8708,0.0481,0.536
4302808,1245.8353,131.0903,93.6937,3044.3912,224.784,0.0738,0.4092
4302907,787.4773,38.0818,0.0291,2367.8059,38.1108,0.0161,0.3326
4303004,1769.4448,117.5485,57.7613,3729.6048,175.3098,0.047,0.4744
4303103,461.9401,99.4305,17.1332,45.1663,116.5636,2.5808,10.2275
4303202,365.1154,42.0897,0.0,219.3143,42.0897,0.1919,1.6648
4303301,198.3791,13.7724,10.6871,258.8915,24.4595,0.0945,0.7663
4303400,287.2824,14.094,0.0,189.002,14.094,0.0746,1.52
4303509,1391.067,64.3039,50.0459,1694.2296,114.3498,0.0675,0.8211
4303558,192.3708,12.7796,0.0,137.4658,12.7796,0.093,1.3994
4303608,559.2628,87.5962,6.3314,1181.3058,93.9276,0.0795,0.4734
4303673,420.3126,35.2595,10.3618,531.1357,45.6213,0.0859,0.7913
4303707,431.0118,21.404,0.0,225.3973,21.404,0.095,1.9122
4303806,250.6733,15.0897,0.0,274.5439,15.0897,0.055,0.9131
4303905,374.935,38.6731,17.426,54.359,56.0991,1.032,6.8974
4304002,192.8271,31.5123,0.0,213.4334,31.5123,0.1476,0.9035
4304101,177.9611,17.5789,0.0,210.6616,17.5789,0.0834,0.8448
4304200,821.4228,36.2546,25.2461,951.3978,61.5007,0.0646,0.8634
4304309,446.6659,21.2578,0.0,234.8734,21.2578,0.0905,1.9017
4304358,680.2403,29.411,22.2353,923.0668,51.6463,0.056,0.7369
4304408,456.9829,34.9378,0.0,250.1635,34.9378,0.1397,1.8267
4304507,2880.7157,60.5481,94.4754,3535.868,155.0235,0.0438,0.8147
4304606,1122.3309,177.6844,83.5061,126.8215,261.1905,2.0595,8.8497
4304614,176.0633,9.3692,0.0,79.9314,9.3692,0.1172,2.2027
4304622,255.7343,53.8566,8.2353,519.8125,62.0919,0.1195,0.492
4304630,476.1602,85.0954,0.0,96.2117,85.0954,0.8845,4.9491
4304655,614.0173,49.6303,0.0,1004.0984,49.6303,0.0494,0.6115
4304663,436.3142,10.1022,60.637,776.5967,70.7392,0.0911,0.5618
4304671,186.2315,49.3397,0.0,408.0392,49.3397,0.1209,0.4564
4304689,248.2244,17.1311,14.7215,188.751,31.8526,0.1688,1.3151
4304697,182.929,4.5535,0.0,76.093,4.5535,0.0598,2.404
4304705,815.5777,50.5544,54.5866,667.2076,105.1409,0.1576,1.2224
4304713,354.3985,0.956,0.0,276.821,0.956,0.0035,1.2802
4304804,609.9374,36.6067,36.8118,234.2828,73.4185,0.3134,2.6034
4304853,171.9969,14.2862,0.0,79.0104,14.2862,0.1808,2.1769
4304903,396.3776,30.3255,29.2869,273.4373,59.6124,0.218,1.4496
4304952,202.2127,15.9577,26.4729,239.0281,42.4306,0.1775,0.846
4305009,562.7264,38.2555,0.0,584.2247,38.2555,0.0655,0.9632
4305108,3673.789,306.9914,118.8233,1638.0666,425.8147,0.2599,2.2428
4305116,270.2092,9.7344,0.0,132.9346,9.7344,0.0732,2.0326
4305124,268.9525,18.7446,16.4834,445.978,35.228,0.079,0.6031
4305132,236.6402,5.0754,0.0,153.2704,5.0754,0.0331,1.5439
4305157,145.787,7.8885,0.0,77.5927,7.8885,0.1017,1.8789
4305173,381.0446,47.6057,0.0,318.4276,47.6057,0.1495,1.1966
4305207,384.8456,42.9796,13.0413,195.6282,56.0208,0.2864,1.9672
4305306,803.5867,54.9882,0.0,694.0453,54.9882,0.0792,1.1578
4305355,383.614,40.4878,0.0,217.7431,40.4878,0.1859,1.7618
4305371,183.9317,27.9562,0.0,189.5969,27.9562,0.1475,0.9701
4305405,255.1809,15.8777,0.0,394.7759,15.8777,0.0402,0.6464
4305439,153.1356,3.1862,14.7039,194.8978,17.8901,0.0918,0.7857
4305447,250.8521,16.7782,0.0,216.0872,16.7782,0.0776,1.1609
4305454,266.2081,33.2824,0.0,239.4736,33.2824,0.139,1.1116
4305504,274.7458,16.1862,13.4381,275.7608,29.6243,0.1074,0.9963
4305587,128.0257,8.9932,0.0,57.4656,8.9932,0.1565,2.2279
4305603,399.9826,1.7611,4.6186,280.2339,6.3797,0.0228,1.4273
4305702,403.6046,6.1711,9.7296,460.1365,15.9006,0.0346,0.8771
4305801,361.3933,20.3,0.0,216.1963,20.3,0.0939,1.6716
4305835,176.0908,0.0,0.0,116.3784,0.0,0.0,1.5131
4305850,390.5543,3.0479,0.0,282.0259,3.0479,0.0108,1.3848
4305871,233.7584,0.0,14.9738,168.8248,14.9738,0.0887,1.3846
4305900,406.3178,39.4538,0.0,504.3766,39.4538,0.0782,0.8056
4305934,163.6877,6.7148,0.0,107.1853,6.7148,0.0626,1.5271
4305959,314.2172,29.2075,0.0,178.8786,29.2075,0.1633,1.7566
4305975,290.979,11.6983,20.1048,406.6953,31.8031,0.0782,0.7155
4306007,627.004,58.1763,0.0,359.8418,58.1763,0.1617,1.7424
4306056,367.6477,8.1742,49.707,663.251,57.8812,0.0873,0.5543
4306072,142.4057,7.3466,0.0,91.7238,7.3466,0.0801,1.5525
4306106,943.3948,98.5323,49.2856,1362.5899,147.8179,0.1085,0.6924
4306130,143.6958,21.3214,0.0,162.2857,21.3214,0.1314,0.8854
4306205,376.9813,20.166,13.9045,150.0088,34.0705,0.2271,2.5131
4306304,233.3032,13.8781,0.0,175.1542,13.8781,0.0792,1.332
4306320,309.2233,11.0033,0.0,361.1898,11.0033,0.0305,0.8561
4306353,288.3104,27.442,0.0,220.6484,27.442,0.1244,1.3067
4306379,356.5428,25.3531,32.9182,610.3607,58.2713,0.0955,0.5842
4306403,221.6026,46.122,0.0,65.7913,46.122,0.701,3.3683
4306429,130.2974,28.4779,0.0,228.0349,28.4779,0.1249,0.5714
4306452,219.158,17.9144,0.0,130.3305,17.9144,0.1375,1.6816
4306502,817.7514,73.5215,0.0,1354.9471,73.5215,0.0543,0.6035
4306551,80.0875,8.8013,15.0976,74.606,23.8989,0.3203,1.0735
4306601,1734.8061,42.371,87.312,5189.8838,129.683,0.025,0.3343
4306700,184.5192,7.0974,0.0,118.4379,7.0974,0.0599,1.5579
4306734,451.7931,8.2849,0.0,237.6643,8.2849,0.0349,1.901
4306759,171.8335,23.6911,0.0,118.3275,23.6911,0.2002,1.4522
4306767,582.272,25.3137,66.2153,512.2863,91.529,0.1787,1.1366
4306809,337.0983,46.3681,0.0,134.9904,46.3681,0.3435,2.4972
4306908,1596.3181,21.2047,88.8788,3364.4416,110.0835,0.0327,0.4745
4306924,81.6432,0.0,0.0,59.2466,0.0,0.0,1.378
4306932,386.4889,15.0416,30.4906,556.4611,45.5322,0.0818,0.6945
4306957,119.3616,10.1503,0.0,120.7266,10.1503,0.0841,0.9887
4306973,204.6522,19.7997,7.0829,148.2269,26.8826,0.1814,1.3807
4307005,979.2508,122.8575,32.4864,421.4248,155.3439,0.3686,2.3237
4307054,248.478,0.0,15.8918,245.4565,15.8918,0.0647,1.0123
4307104,588.5857,46.8408,0.0,1761.1021,46.8408,0.0266,0.3342
4307203,281.5341,0.0,35.3785,285.9969,35.3785,0.1237,0.9844
4307302,411.9975,16.7356,0.0,379.4873,16.7356,0.0441,1.0857
4307401,487.397,38.8731,0.0,834.9479,38.8731,0.0466,0.5837
4307450,213.0703,2.9576,0.0,151.9244,2.9576,0.0195,1.4025
4307500,650.7242,47.2308,0.0,798.8526,47.2308,0.0591,0.8146
4307559,185.7173,23.4023,0.1331,106.8104,23.5354,0.2203,1.7388
4307609,310.3278,38.0589,7.0157,48.8634,45.0746,0.9225,6.3509
4307708,236.9574,56.1601,18.7328,23.7119,74.8928,3.1585,9.9932
4307807,649.9055,54.126,43.1395,188.8464,97.2656,0.5151,3.4415
4307815,283.4374,12.8037,0.0,281.8101,12.8037,0.0454,1.0058
4307831,258.2738,18.0693,0.0,426.9007,18.0693,0.0423,0.605
4307864,121.3882,10.7058,0.0,134.3938,10.7058,0.0797,0.9032
4307906,938.5955,105.7023,49.5099,360.4849,155.2122,0.4306,2.6037
4308003,226.3901,29.5756,0.0,165.0926,29.5756,0.1791,1.3713
4308052,126.7384,20.2788,0.4494,136.6799,20.7282,0.1517,0.9273
4308078,158.717,5.2962,22.315,83.1232,27.6112,0.3322,1.9094
4308102,250.7076,41.4504,0.0,101.7565,41.4504,0.4073,2.4638
4308201,673.7035,48.4405,25.898,287.7522,74.3385,0.2583,2.3413
4308250,310.1419,10.5495,0.0,173.4542,10.5495,0.0608,1.788
4308300,532.3591,0.0,17.1695,588.8617,17.1695,0.0292,0.904
4308409,351.6814,46.9505,7.6938,577.2388,54.6443,0.0947,0.6092
4308433,152.4387,25.4124,0.0,98.519,25.4124,0.2579,1.5473
4308458,371.5903,36.2852,0.0,657.8715,36.2852,0.0552,0.5648
4308508,545.9413,37.0651,29.7541,265.3274,66.8191,0.2518,2.0576
4308607,464.1597,40.2845,21.0326,163.1916,61.3171,0.3757,2.8443
4308656,230.9118,53.0026,0.0,794.0369,53.0026,0.0668,0.2908
4308706,329.4842,23.1129,0.0,211.1288,23.1129,0.1095,1.5606
4308805,403.1334,34.1566,0.0,524.2488,34.1566,0.0652,0.769
4308854,216.6591,16.9126,2.5806,195.5227,19.4932,0.0997,1.1081
4308904,379.4287,31.145,20.2445,281.2544,51.3896,0.1827,1.3491
4309001,898.2665,42.5707,0.0,868.9259,42.5707,0.049,1.0338
4309050,299.1042,24.7501,33.933,331.8173,58.6831,0.1769,0.9014
4309100,574.0545,71.8546,0.0,247.11,71.8546,0.2908,2.3231
4309126,130.8547,18.4385,0.0,127.3585,18.4385,0.1448,1.0275
4309159,177.4089,20.8114,15.1811,214.0416,35.9925,0.1682,0.8289
4309209,1527.8502,229.5786,76.2741,470.6485,305.8528,0.6499,3.2463
4309258,111.0287,64.2358,0.0,146.2136,64.2358,0.4393,0.7594
4309308,654.3503,49.1851,41.6959,371.7988,90.881,0.2444,1.76
4309407,436.0012,43.7127,0.0,293.7095,43.7127,0.1488,1.4845
4309506,353.4762,12.8969,24.5233,301.629,37.4202,0.1241,1.1719
4309555,124.0107,16.4248,0.0,53.0202,16.4248,0.3098,2.3389
4309571,144.8061,0.0,20.997,118.6402,20.997,0.177,1.2205
4309605,585.4818,59.1119,0.0,227.5503,59.1119,0.2598,2.573
4309654,365.1348,38.8195,24.6906,819.2568,63.5102,0.0775,0.4457
4309704,285.1207,18.3222,0.0,144.3013,18.3222,0.127,1.9759
4309753,232.327,1.7042,0.0,189.2697,1.7042,0.009,1.2275
4309803,370.0658,25.6108,0.0,358.8887,25.6108,0.0714,1.0311
4309902,372.0472,26.8199,0.0,294.9287,26.8199,0.0909,1.2615
4309951,317.0947,11.5044,0.0,304.354,11.5044,0.0378,1.0419
4310009,787.0223,44.6691,0.0,607.5567,44.6691,0.0735,1.2954
4310108,350.955,68.004,0.0,139.3801,68.004,0.4879,2.518
4310207,1194.9967,134.9344,21.1782,681.6274,156.1126,0.229,1.7532
4310306,208.0386,20.3207,0.0,130.401,20.3207,0.1558,1.5954
4310330,341.5267,53.0165,0.0,38.3681,53.0165,1.3818,8.9013
4310363,152.0892,11.568,0.0,77.513,11.568,0.1492,1.9621
4310405,567.7456,29.9759,0.0,355.8277,29.9759,0.0842,1.5956
4310413,139.5262,11.8288,0.0,99.2471,11.8288,0.1192,1.4058
4310439,691.6275,21.1914,26.5634,598.9935,47.7548,0.0797,1.1546
4310462,215.3424,8.2903,0.0,160.9722,8.2903,0.0515,1.3378
4310504,286.1511,10.0401,12.5952,180.9965,22.6353,0.1251,1.581
4310538,233.5677,4.1696,20.5036,177.1844,24.6733,0.1393,1.3182
4310553,291.8051,54.9858,0.0,1135.4965,54.9858,0.0484,0.257
4310579,200.815,20.2615,0.0,186.1648,20.2615,0.1088,1.0787
4310603,976.0922,82.6867,92.775,3405.8942,175.4617,0.0515,0.2866
4310652,92.2455,6.2722,35.1675,217.4581,41.4397,0.1906,0.4242
4310702,269.8744,0.8149,0.0,213.0092,0.8149,0.0038,1.267
4310751,166.703,10.9119,0.0,113.894,10.9119,0.0958,1.4637
4310801,242.759,35.7642,0.0,70.1085,35.7642,0.5101,3.4626
4310850,161.9817,5.9276,0.0,132.2896,5.9276,0.0448,1.2244
4310876,204.3973,32.5733,0.0,348.8263,32.5733,0.0934,0.586
4310900,177.5296,17.2631,0.0,171.6209,17.2631,0.1006,1.0344
4311007,887.0848,0.0,32.5195,2049.9947,32.5195,0.0159,0.4327
4311106,657.9519,6.092,25.7574,679.5885,31.8494,0.0469,0.9682
4311122,624.1704,82.4189,0.0,912.3015,82.4189,0.0903,0.6842
4311130,389.197,23.4327,0.0,844.8846,23.4327,0.0277,0.4607
4311155,637.4375,48.471,0.0,1227.3267,48.471,0.0395,0.5194
4311205,1229.0435,23.7724,54.926,1919.1729,78.6984,0.041,0.6404
4311239,118.606,0.9809,0.0,112.8651,0.9809,0.0087,1.0509
4311254,278.7153,25.452,0.0,388.1304,25.452,0.0656,0.7181
4311270,183.2502,11.5934,0.0,142.6898,11.5934,0.0812,1.2843
4311304,1137.4461,59.0293,27.0839,1268.1209,86.1132,0.0679,0.897
4311403,665.6312,90.4073,37.5131,93.9184,127.9204,1.362,7.0873
4311429,88.6179,14.0426,5.2107,58.357,19.2533,0.3299,1.5185
4311502,717.879,99.1183,0.0,2578.1698,99.1183,0.0384,0.2784
4311601,218.7168,29.0757,0.0,255.0462,29.0757,0.114,0.8576
4311627,40.775,6.1383,0.0,24.9118,6.1383,0.2464,1.6368
4311643,115.4736,14.6439,0.0,70.429,14.6439,0.2079,1.6396
4311700,527.5568,27.2218,0.0,334.1045,27.2218,0.0815,1.579
4311718,419.6554,75.4883,9.5488,1686.7731,85.0371,0.0504,0.2488
4311734,217.13,5.1091,0.0,160.1467,5.1091,0.0319,1.3558
4311759,316.26,65.3507,0.0,1399.1511,65.3507,0.0467,0.226
4311775,199.1391,75.9792,29.6366,624.0362,105.6158,0.1692,0.3191
4311791,107.4934,17.7492,0.0,74.9533,17.7492,0.2368,1.4341
4311809,999.2935,9.2991,17.9317,631.2862,27.2309,0.0431,1.5829
4311908,253.8183,48.707,10.3504,234.3323,59.0575,0.252,1.0832
4311981,310.5924,26.9545,0.0,336.2119,26.9545,0.0802,0.9238
4312005,114.928,0.5598,0.0,84.6994,0.5598,0.0066,1.3569
4312054,218.7355,7.6195,36.1337,108.9502,43.7533,0.4016,2.0077
4312104,320.9391,9.7292,0.0,318.9241,9.7292,0.0305,1.0063
4312138,254.1958,0.0,22.1285,243.2497,22.1285,0.091,1.045
4312153,108.9741,2.881,6.5175,43.4593,9.3985,0.2163,2.5075
4312179,132.8569,13.3701,0.0,100.4693,13.3701,0.1331,1.3224
4312203,380.5428,36.9574,0.0,212.1168,36.9574,0.1742,1.794
4312252,199.5096,0.0,13.3705,424.9005,13.3705,0.0315,0.4695
4312302,254.4391,10.0712,0.0,133.7072,10.0712,0.0753,1.903
4312351,112.9107,20.7734,0.0,82.4598,20.7734,0.2519,1.3693
4312377,475.9092,20.0099,0.0,553.0733,20.0099,0.0362,0.8605
4312385,163.4086,7.5218,0.0,71.3533,7.5218,0.1054,2.2901
4312401,717.0803,79.9523,52.7208,427.9529,132.6731,0.31,1.6756
4312427,178.2985,11.809,5.2403,144.2362,17.0493,0.1182,1.2362
4312443,185.6541,19.9215,0.0,166.1429,19.9215,0.1199,1.1174
4312450,248.9591,14.7802,5.9323,242.6603,20.7126,0.0854,1.026
4312476,183.0638,21.9924,0.0,95.3337,21.9924,0.2307,1.9202
4312500,572.4819,99.4971,0.0,1980.9152,99.4971,0.0502,0.289
4312609,138.9004,7.0683,0.0,108.3448,7.0683,0.0652,1.282
4312617,708.7089,23.9793,39.8874,1197.8601,63.8667,0.0533,0.5916
4312625,154.314,13.3811,0.0,106.2066,13.3811,0.126,1.453
4312658,558.631,44.0737,0.0,355.3014,44.0737,0.124,1.5723
4312674,216.7119,2.8862,0.0,162.3688,2.8862,0.0178,1.3347
4312708,371.1053,48.4633,2.981,493.993,51.4444,0.1041,0.7512
4312757,175.87,22.6245,0.0,143.2252,22.6245,0.158,1.2279
4312807,138.061,2.7503,6.0773,74.6781,8.8276,0.1182,1.8487
4312906,290.6921,23.2894,15.3821,210.9838,38.6715,0.1833,1.3778
4312955,133.9795,8.4547,0.0,91.9983,8.4547,0.0919,1.4563
4313003,184.6184,18.6965,0.0,111.3133,18.6965,0.168,1.6585
4313011,236.8356,14.044,0.0,96.9163,14.044,0.1449,2.4437
4313037,201.9542,10.427,0.0,180.99,10.427,0.0576,1.1158
4313060,211.3184,11.4674,6.8822,60.5787,18.3496,0.3029,3.4883
4313086,144.5801,8.8522,0.0,91.3133,8.8522,0.0969,1.5833
4313102,422.0584,34.0178,0.0,323.9882,34.0178,0.105,1.3027
4313201,617.2175,72.2676,0.0,293.249,72.2676,0.2464,2.1048
4313300,412.4446,68.2131,18.1923,265.1404,86.4053,0.3259,1.5556
4313334,250.3387,46.7429,0.0,263.5886,46.7429,0.1773,0.9497
4313359,224.4569,36.0777,0.0,166.3894,36.0777,0.2168,1.349
4313375,417.6853,8.7512,34.0241,231.5769,42.7753,0.1847,1.8037
4313391,181.3686,14.4908,14.8613,186.9096,29.3521,0.157,0.9704
4313409,1086.6272,147.4939,30.1381,223.411,177.632,0.7951,4.8638
4313425,443.4916,0.0,0.0,223.4516,0.0,0.0,1.9847
4313441,144.5449,10.6232,0.0,78.3529,10.6232,0.1356,1.8448
4313466,137.1189,8.9863,6.489,87.6774,15.4753,0.1765,1.5639
4313490,227.8863,13.035,0.0,128.4111,13.035,0.1015,1.7747
4313508,761.5218,151.4123,100.6633,681.5164,252.0756,0.3699,1.1174
4313607,310.8184,35.3927,0.0,176.6967,35.3927,0.2003,1.7591
4313656,482.8902,76.1347,0.0,956.1694,76.1347,0.0796,0.505
4313706,909.7794,106.4384,55.3312,1418.4454,161.7696,0.114,0.6414
4313805,268.8573,21.8661,0.0,140.2691,21.8661,0.1559,1.9167
4313904,704.0371,37.2419,51.8029,487.0697,89.0448,0.1828,1.4455
4313953,354.1557,3.7506,70.4068,836.5364,74.1574,0.0886,0.4234
4314001,239.8105,11.008,7.0604,124.1395,18.0684,0.1455,1.9318
4314027,359.4972,0.0,16.5798,338.0784,16.5798,0.049,1.0634
4314035,94.6734,20.1661,0.0,56.8823,20.1661,0.3545,1.6644
4314050,351.8758,41.2552,19.9325,111.8854,61.1876,0.5469,3.145
4314068,235.7177,17.8496,0.0,303.1616,17.8496,0.0589,0.7775
4314076,246.4372,11.3257,0.0,260.2979,11.3257,0.0435,0.9468
4314100,1351.6001,137.0984,126.2643,779.6438,263.3628,0.3378,1.7336
4314134,192.5873,19.2358,0.0,149.4018,19.2358,0.1288,1.2891
4314159,286.5081,16.3767,6.7006,173.5326,23.0773,0.133,1.651
4314175,447.5951,40.4527,0.0,1377.0927,40.4527,0.0294,0.325
4314209,241.0606,13.5601,24.6813,591.6681,38.2414,0.0646,0.4074
4314308,227.4314,24.8819,21.7285,414.6448,46.6104,0.1124,0.5485
4314407,2421.9794,216.4739,134.4295,1648.8088,350.9034,0.2128,1.4689
4314423,150.406,35.5463,0.0,83.1466,35.5463,0.4275,1.8089
4314456,87.2925,21.1426,0.0,58.4526,21.1426,0.3617,1.4934
4314464,345.9603,25.9426,0.0,448.5682,25.9426,0.0578,0.7713
4314472,456.213,7.846,0.0,500.8202,7.846,0.0157,0.9109
4314498,201.4797,32.796,0.0,103.8123,32.796,0.3159,1.9408
4314506,841.2397,19.1611,35.8574,2262.4254,55.0184,0.0243,0.3718
4314548,112.3659,10.7443,0.0,88.5165,10.7443,0.1214,1.2694
4314555,301.1599,11.7005,0.0,312.6022,11.7005,0.0374,0.9634
4314605,2094.763,34.9925,60.354,3537.4238,95.3465,0.027,0.5922
4314704,316.0457,44.2196,0.0,218.8306,44.2196,0.2021,1.4442
4314753,138.6652,6.9202,0.0,79.259,6.9202,0.0873,1.7495
4314779,369.968,32.5226,0.0,501.1583,32.5226,0.0649,0.7382
4314787,140.3587,7.0822,0.0,90.3154,7.0822,0.0784,1.5541
4314803,348.9491,38.6213,21.5239,154.0204,60.1452,0.3905,2.2656
4314902,3551.3321,635.8834,82.6519,487.4858,718.5353,1.474,7.285
4315008,450.2376,31.3648,0.0,257.8363,31.3648,0.1216,1.7462
4315057,171.4559,10.15,0.0,95.5779,10.15,0.1062,1.7939
4315073,179.3484,1.6398,0.0,106.0463,1.6398,0.0155,1.6912
4315107,469.374,11.8457,14.8466,274.8772,26.6923,0.0971,1.7076
4315131,173.0526,0.0,16.9972,108.091,16.9972,0.1572,1.601
4315149,88.8444,12.4633,0.0,51.8786,12.4633,0.2402,1.7125
4315156,556.042,35.0699,0.0,260.3291,35.0699,0.1347,2.1359
4315172,159.2186,26.9601,0.0,173.0132,26.9601,0.1558,0.9203
4315206,324.3949,0.936,0.0,218.5424,0.936,0.0043,1.4844
4315305,819.1471,115.6766,0.0,3114.5938,115.6766,0.0371,0.263
4315313,156.2732,9.472,0.0,273.7128,9.472,0.0346,0.5709
4315321,332.7683,24.0926,0.0,554.7881,24.0926,0.0434,0.5998
4315354,265.2466,16.8375,0.0,211.3229,16.8375,0.0797,1.2552
4315404,314.9004,40.1186,0.0,295.6087,40.1186,0.1357,1.0653
4315453,125.717,8.8311,0.0,91.5359,8.8311,0.0965,1.3734
4315503,742.9771,49.4299,27.1429,965.7059,76.5728,0.0793,0.7694
4315552,241.6604,2.6305,0.0,224.6376,2.6305,0.0117,1.0758
4315602,1441.0535,70.8999,199.2939,2705.9498,270.1939,0.0999,0.5325
4315701,1118.1958,47.2706,59.2955,2065.0299,106.5661,0.0516,0.5415
4315750,219.0838,29.8887,0.0,232.7907,29.8887,0.1284,0.9411
4315800,446.151,4.6565,0.0,211.6524,4.6565,0.022,2.1079
4315909,187.1854,9.3849,0.0,87.3397,9.3849,0.1075,2.1432
4315958,353.5011,23.3188,0.0,301.6814,23.3188,0.0773,1.1718
4316006,601.4395,38.19,0.0,298.6132,38.19,0.1279,2.0141
4316105,416.0945,34.5737,0.0,427.5881,34.5737,0.0809,0.9731
4316204,345.1719,26.8021,0.0,241.0766,26.8021,0.1112,1.4318
4316303,435.4392,10.637,24.7545,331.7088,35.3915,0.1067,1.3127
4316402,1283.1109,27.2509,113.3148,4347.1147,140.5657,0.0323,0.2952
4316428,124.7143,5.9307,6.1626,73.5249,12.0933,0.1645,1.6962
4316436,323.7764,0.0,19.6323,222.2528,19.6323,0.0883,1.4568
4316451,359.643,38.6993,0.0,504.0386,38.6993,0.0768,0.7135
4316477,200.2509,0.0,5.3633,89.5144,5.3633,0.0599,2.2371
4316501,218.3587,11.2726,0.0,93.9694,11.2726,0.12,2.3237
4316600,783.2841,52.1667,0.0,494.5551,52.1667,0.1055,1.5838
4316709,523.2923,3.7225,23.8737,990.5596,27.5962,0.0279,0.5283
4316733,133.1843,20.8152,0.0,196.657,20.8152,0.1058,0.6772
4316758,185.8954,5.6684,0.0,86.1511,5.6684,0.0658,2.1578
4316808,1443.9228,149.3704,41.2802,744.4187,190.6506,0.2561,1.9397
4316907,2550.2046,92.8592,176.2075,1773.84,269.0667,0.1517,1.4377
4316956,272.003,19.1785,0.0,136.7,19.1785,0.1403,1.9898
4316972,385.4514,20.3486,29.2325,958.0135,49.5811,0.0518,0.4023
4317004,553.3225,2.2401,38.2681,1399.9107,40.5083,0.0289,0.3953
4317103,2117.9895,134.5186,98.3747,6928.6543,232.8933,0.0336,0.3057
4317202,1210.8924,147.3395,0.0,489.5937,147.3395,0.3009,2.4733
4317251,146.1464,11.2838,0.0,70.7874,11.2838,0.1594,2.0646
4317301,1251.6927,15.3786,126.2688,5199.5241,141.6474,0.0272,0.2407
4317400,877.1755,114.0332,55.2579,2418.5466,169.2911,0.07,0.3627
4317509,997.1606,68.776,34.9607,674.6205,103.7367,0.1538,1.4781
4317558,208.6009,11.624,0.0,124.8329,11.624,0.0931,1.671
4317608,1038.9564,92.658,68.0983,1044.0682,160.7563,0.154,0.9951
4317707,588.4451,59.3896,57.8744,1708.9702,117.264,0.0686,0.3443
4317756,212.4024,0.0,15.8369,204.8082,15.8369,0.0773,1.0371
4317806,455.9521,68.3792,0.0,478.4724,68.3792,0.1429,0.9529
4317905,908.6603,65.7123,0.0,374.0455,65.7123,0.1757,2.4293
4317954,244.3172,10.2772,0.0,125.9035,10.2772,0.0816,1.9405
4318002,1265.6638,108.9085,130.9136,3597.6902,239.8221,0.0667,0.3518
4318051,157.0454,8.5827,0.0,85.381,8.5827,0.1005,1.8393
4318101,977.2286,94.4459,0.0,2505.8702,94.4459,0.0377,0.39
4318200,1889.2259,125.1867,80.7506,3317.1241,205.9373,0.0621,0.5695
4318309,2219.9881,107.5095,89.092,5053.8264,196.6016,0.0389,0.4393
4318408,637.611,52.7922,1.7924,954.04,54.5846,0.0572,0.6683
4318424,345.5148,25.1622,0.0,164.7745,25.1622,0.1527,2.0969
4318432,94.4715,19.5636,0.0,76.4894,19.5636,0.2558,1.2351
4318440,168.9183,5.0353,0.0,116.9546,5.0353,0.0431,1.4443
4318457,170.2029,2.4917,5.615,101.5639,8.1067,0.0798,1.6758
4318465,128.0825,0.0,15.8729,99.2897,15.8729,0.1599,1.29
4318481,122.6011,23.0495,0.0,63.5846,23.0495,0.3625,1.9282
4318499,170.7631,17.7503,0.0,86.4823,17.7503,0.2052,1.9745
4318507,470.0048,120.1811,0.0,1085.4665,120.1811,0.1107,0.433
4318606,443.2518,65.7257,0.0,329.6389,65.7257,0.1994,1.3447
4318614,83.929,19.6139,0.0,49.872,19.6139,0.3933,1.6829
4318622,559.5514,113.9265,0.0,1163.0631,113.9265,0.098,0.4811
4318705,897.5643,105.3733,36.9415,105.8591,142.3148,1.3444,8.4789
4318804,1594.9708,74.0641,74.811,2051.0302,148.8751,0.0726,0.7776
4318903,894.7853,59.9094,48.9193,1298.5524,108.8287,0.0838,0.6891
4319000,437.2401,50.0466,0.0,261.5493,50.0466,0.1913,1.6717
4319109,350.6635,36.0938,0.0,174.0986,36.0938,0.2073,2.0142
4319125,416.3036,9.7091,0.0,659.7113,9.7091,0.0147,0.631
4319158,535.7347,24.1344,2.4861,1234.3406,26.6204,0.0216,0.434
4319208,332.1442,28.1262,0.0,495.346,28.1262,0.0568,0.6705
4319307,476.4279,16.5385,0.0,226.4868,16.5385,0.073,2.1036
4319356,97.3866,9.2055,0.0,31.6527,9.2055,0.2908,3.0767
4319364,157.1963,5.8518,5.6772,88.4205,11.529,0.1304,1.7778
4319372,166.9138,0.0,9.3438,92.4557,9.3438,0.1011,1.8053
4319406,631.3184,31.0978,37.2047,866.1719,68.3025,0.0789,0.7289
4319505,268.245,23.9959,43.4656,111.5953,67.4616,0.6045,2.4037
4319604,1078.4964,14.8675,66.9539,2224.5878,81.8214,0.0368,0.4848
4319703,186.6432,17.3113,11.7852,157.2814,29.0965,0.185,1.1867
4319711,160.7726,13.9158,0.0,88.6698,13.9158,0.1569,1.8132
4319737,161.518,8.0108,0.0,99.7152,8.0108,0.0803,1.6198
4319752,94.6284,0.0,11.2509,38.5621,11.2509,0.2918,2.4539
4319802,461.5487,48.3314,34.8905,1188.3653,83.222,0.07,0.3884
4319901,545.9343,53.8797,18.8046,141.3922,72.6843,0.5141,3.8611
4320008,444.0666,77.7563,33.5419,55.531,111.2983,2.0043,7.9967
4320107,498.0813,21.2927,42.654,352.066,63.9467,0.1816,1.4147
4320206,424.9539,20.3649,34.5344,302.4655,54.8993,0.1815,1.405
4320230,178.3427,9.8657,0.0,105.5484,9.8657,0.0935,1.6897
4320263,337.3754,13.1666,0.0,238.8955,13.1666,0.0551,1.4122
4320305,310.7968,23.2323,0.0,175.2267,23.2323,0.1326,1.7737
4320321,262.9191,15.5756,0.0,141.7791,15.5756,0.1099,1.8544
4320354,294.0059,30.8003,30.5304,285.1971,61.3307,0.215,1.0309
4320404,283.5306,33.1136,0.0,162.698,33.1136,0.2035,1.7427
4320453,232.6425,17.7433,0.0,96.5855,17.7433,0.1837,2.4087
4320503,457.9337,2.771,10.2932,448.77,13.0643,0.0291,1.0204
4320552,312.7767,19.3408,0.0,246.2146,19.3408,0.0786,1.2703
4320578,173.7716,4.3824,1.1911,123.8212,5.5735,0.045,1.4034
4320602,207.9101,19.9686,12.1695,156.6415,32.1382,0.2052,1.3273
4320651,152.2715,23.0542,0.0,123.1122,23.0542,0.1873,1.2369
4320677,440.4583,8.2851,8.513,511.6801,16.7981,0.0328,0.8608
4320701,217.617,44.3816,0.0,140.7872,44.3816,0.3152,1.5457
4320800,765.6724,74.4307,59.0368,1226.2332,133.4675,0.1088,0.6244
4320859,129.1408,12.425,39.4859,94.5359,51.9109,0.5491,1.3661
4320909,455.4124,42.8707,0.0,248.8978,42.8707,0.1722,1.8297
4321006,311.9814,37.7626,0.0,180.3184,37.7626,0.2094,1.7302
4321105,385.0216,14.2657,33.5262,790.3965,47.792,0.0605,0.4871
4321204,792.7674,75.3351,6.9277,448.6386,82.2628,0.1834,1.7671
4321303,514.3546,14.1847,14.1827,337.6577,28.3673,0.084,1.5233
4321329,151.7211,7.67,0.0,75.3191,7.67,0.1018,2.0144
4321352,195.9725,43.7116,0.0,614.24,43.7116,0.0712,0.319
4321402,487.7781,59.1598,0.0,323.1765,59.1598,0.1831,1.5093
4321436,222.7939,34.9362,40.4206,152.3309,75.3568,0.4947,1.4626
4321451,398.0164,74.2718,6.0895,178.8141,80.3614,0.4494,2.2259
4321469,169.3766,11.3074,19.0745,108.0763,30.3818,0.2811,1.5672
4321477,429.8513,31.3305,0.0,228.3326,31.3305,0.1372,1.8826
4321493,282.9937,6.6899,0.0,195.745,6.6899,0.0342,1.4457
4321501,634.857,48.7755,28.3466,169.3899,77.1221,0.4553,3.7479
4321600,479.3239,72.8175,4.3176,139.9304,77.1351,0.5512,3.4254
4321626,140.6601,15.6587,6.0535,77.4518,21.7122,0.2803,1.8161
4321634,188.191,2.0434,20.5335,147.3326,22.5769,0.1532,1.2773
4321667,229.5677,22.8645,43.8326,255.8814,66.6972,0.2607,0.8972
4321709,395.2811,47.4791,0.0,163.4928,47.4791,0.2904,2.4177
4321808,989.7061,49.5288,0.0,424.0921,49.5288,0.1168,2.3337
4321832,87.764,6.9723,6.4884,210.2961,13.4607,0.064,0.4173
4321857,189.3064,13.768,0.0,184.5535,13.768,0.0746,1.0258
4321907,593.007,62.2354,0.0,275.5094,62.2354,0.2259,2.1524
4321956,237.2744,43.9941,0.0,257.1483,43.9941,0.1711,0.9227
4322004,844.6087,141.0373,44.3476,811.297,185.3849,0.2285,1.0411
4322103,341.8479,24.0976,0.0,191.767,24.0976,0.1257,1.7826
4322152,224.6227,1.306,0.0,210.648,1.306,0.0062,1.0663
4322186,182.6135,15.549,0.0,131.794,15.549,0.118,1.3856
4322202,1107.5633,72.579,13.3445,2266.5678,85.9235,0.0379,0.4887
4322251,119.1071,27.5941,0.0,55.6466,27.5941,0.4959,2.1404
4322301,580.8265,33.8015,0.0,299.5133,33.8015,0.1129,1.9392
4322327,209.4732,0.0,15.7382,255.1123,15.7382,0.0617,0.8211
4322343,235.9711,1.3896,0.0,133.1584,1.3896,0.0104,1.7721
4322350,161.4384,0.0,0.0,132.8606,0.0,0.0,1.2151
4322376,333.9302,0.0,30.0402,614.7773,30.0402,0.0489,0.5432
4322400,1864.1994,86.0069,165.3781,5713.7381,251.3851,0.044,0.3263
4322509,1655.4487,60.9797,86.1816,2137.4159,147.1614,0.0689,0.7745
4322525,249.4718,29.362,0.0,327.8941,29.362,0.0895,0.7608
4322533,362.0351,6.6932,18.5758,329.2298,25.269,0.0768,1.0996
4322541,110.4716,15.8533,0.0,47.3654,15.8533,0.3347,2.3323
4322558,86.6703,5.5155,0.0,61.4157,5.5155,0.0898,1.4112
4322608,1905.9859,102.6349,50.3429,773.7101,152.9777,0.1977,2.4634
4322707,367.9861,30.0699,44.6432,296.292,74.7131,0.2522,1.242
4322806,491.8815,18.7216,25.1784,298.5886,43.9001,0.147,1.6474
4322855,202.4085,14.5201,0.0,112.0645,14.5201,0.1296,1.8062
4322905,343.7084,9.694,0.0,274.5028,9.694,0.0353,1.2521
4323002,1969.1724,215.8564,14.0026,1507.9001,229.859,0.1524,1.3059
4323101,234.6128,21.9997,0.0,184.6163,21.9997,0.1192,1.2708
4323200,314.6819,23.171,9.5799,237.9989,32.7509,0.1376,1.3222
4323309,165.3723,15.0836,7.0412,108.8395,22.1248,0.2033,1.5194
4323358,206.1657,16.0312,0.0,150.4826,16.0312,0.1065,1.37
4323408,271.768,7.6101,14.3436,181.745,21.9537,0.1208,1.4953
4323457,362.9254,0.0,24.7651,497.7802,24.7651,0.0498,0.7291
4323507,154.1507,4.5994,0.0,81.1948,4.5994,0.0566,1.8985
4323606,114.5777,21.2641,0.0,112.4832,21.2641,0.189,1.0186
4323705,186.4821,11.2171,0.0,90.1271,11.2171,0.1245,2.0691
4323754,250.014,4.973,17.2569,259.0485,22.2299,0.0858,0.9651
4323770,115.6118,14.9702,9.6573,61.8853,24.6275,0.398,1.8682
4323804,367.5535,51.1994,0.0,62.104,51.1994,0.8244,5.9184
5000203,1704.9415,73.2933,47.6964,7790.1922,120.9897,0.0155,0.2189
5000252,1250.2828,71.3812,0.0,4380.2405,71.3812,0.0163,0.2854
5000609,2140.875,124.4419,0.0,4183.0517,124.4419,0.0297,0.5118
5000708,787.1134,61.0455,54.1224,2904.8717,115.1679,0.0396,0.271
5000807,998.3444,68.2196,93.6158,3413.1268,161.8354,0.0474,0.2925
5000856,720.3958,82.7547,0.0,1285.0136,82.7547,0.0644,0.5606
5000906,272.6198,59.0423,0.0,1135.2005,59.0423,0.052,0.2402
5001003,1057.443,54.4041,67.2979,2756.0758,121.702,0.0442,0.3837
5001102,2050.7715,66.0213,13.747,17100.6564,79.7683,0.0047,0.1199
5001243,574.9457,117.0023,0.0,1642.1527,117.0023,0.0712,0.3501
5001508,998.6645,0.0,67.369,3370.7447,67.369,0.02,0.2963
5001904,874.9358,39.4578,62.638,2409.3968,102.0958,0.0424,0.3631
5002001,854.0444,8.1324,34.5422,1826.0908,42.6746,0.0234,0.4677
5002100,1165.5897,159.4918,0.0,4923.4156,159.4918,0.0324,0.2367
5002159,540.4143,87.7044,0.0,2585.3111,87.7044,0.0339,0.209
5002209,1242.2558,182.2591,0.0,5378.492,182.2591,0.0339,0.231
5002308,1358.1873,79.1069,0.0,5796.7245,79.1069,0.0136,0.2343
5002407,990.6143,151.5725,75.0637,2105.6971,226.6362,0.1076,0.4704
5002605,1495.6799,94.1558,119.0466,6221.1595,213.2024,0.0343,0.2404
5002704,6840.7681,633.172,208.9629,8069.9636,842.1349,0.1044,0.8477
5002803,770.6335,104.3702,0.0,2940.9798,104.3702,0.0355,0.262
5002902,990.6572,138.8917,0.0,3660.2833,138.8917,0.0379,0.2707
5002951,1036.9766,98.8966,43.7235,3258.5574,142.6201,0.0438,0.3182
5003108,585.1377,40.9528,0.0,2643.0287,40.9528,0.0155,0.2214
5003157,347.5318,26.7243,5.4537,1046.9757,32.178,0.0307,0.3319
5003207,6189.2292,35.2737,117.1594,64514.7637,152.4331,0.0024,0.0959
5003256,1317.1841,365.8754,0.0,4142.5324,365.8754,0.0883,0.318
5003306,1507.1293,88.5187,73.4198,6427.2327,161.9385,0.0252,0.2345
5003454,453.7002,45.3825,3.2765,830.1337,48.659,0.0586,0.5465
5003488,683.5847,71.8748,35.9525,2427.0379,107.8273,0.0444,0.2817
5003504,167.4709,41.6507,27.4879,282.5139,69.1386,0.2447,0.5928
5003702,3251.5552,279.9093,142.353,4062.0484,422.2622,0.104,0.8005
5003751,471.2866,19.3257,34.1222,1015.9767,53.4479,0.0526,0.4639
5003801,313.6099,38.5906,8.2392,320.0803,46.8298,0.1463,0.9798
5003900,917.8358,126.4364,0.0,4885.0987,126.4364,0.0259,0.1879
5004007,316.6345,24.7284,25.2501,490.3242,49.9786,0.1019,0.6458
5004106,426.2246,48.5189,0.0,1217.9221,48.5189,0.0398,0.35
5004304,996.9093,112.5509,0.0,2963.3532,112.5509,0.038,0.3364
5004403,1078.6341,171.6919,0.0,5763.5001,171.6919,0.0298,0.1871
5004502,870.9098,109.6784,0.0,1340.5831,109.6784,0.0818,0.6497
5004601,1349.9196,43.2168,66.9339,2057.171,110.1507,0.0535,0.6562
5004700,1112.6317,38.117,68.8588,2010.6512,106.9758,0.0532,0.5534
5004809,412.3119,30.2494,0.0,415.5122,30.2494,0.0728,0.9923
5004908,1123.4473,11.9768,64.3795,2909.6453,76.3563,0.0262,0.3861
5005004,595.3976,104.4924,0.0,2129.702,104.4924,0.0491,0.2796
5005103,588.1343,25.8208,10.2048,1930.482,36.0256,0.0187,0.3047
5005152,545.8263,12.2701,40.3317,1581.9352,52.6018,0.0333,0.345
5005202,244.8258,11.3706,17.242,341.041,28.6126,0.0839,0.7179
5005251,558.3777,112.6651,0.0,1719.8267,112.6651,0.0655,0.3247
5005400,1766.4277,335.6307,0.0,5373.5741,335.6307,0.0625,0.3287
5005608,1264.892,3.6516,123.2725,5505.8881,126.9241,0.0231,0.2297
5005681,315.5035,14.9845,40.9691,475.4532,55.9536,0.1177,0.6636
5005707,1900.2803,105.0697,37.2005,3179.5105,142.2702,0.0447,0.5977
5005806,990.1138,126.3644,0.0,3899.7659,126.3644,0.0324,0.2539
5006002,1482.0991,37.8006,132.1966,4045.7424,169.9972,0.042,0.3663
5006200,1885.4667,63.4718,190.5929,4770.5464,254.0647,0.0533,0.3952
5006259,332.6988,40.4642,0.0,852.8461,40.4642,0.0474,0.3901
5006275,1062.2004,28.7077,99.2975,5086.7143,128.0052,0.0252,0.2088
5006309,1774.8455,120.7635,128.9122,5400.9245,249.6758,0.0462,0.3286
5006358,470.7719,40.9713,2.0256,1295.3146,42.9969,0.0332,0.3634
5006408,971.975,17.942,5.8757,3554.5924,23.8178,0.0067,0.2734
5006606,2924.9185,222.7041,88.2545,5408.2676,310.9586,0.0575,0.5408
5006903,2016.9874,100.6679,0.0,17532.8625,100.6679,0.0057,0.115
5007109,3530.6718,162.5399,144.1903,17315.9143,306.7302,0.0177,0.2039
5007208,1543.2698,92.6128,49.186,3958.9087,141.7988,0.0358,0.3898
5007307,400.6505,109.8078,0.0,1826.8461,109.8078,0.0601,0.2193
5007406,1595.0566,45.1379,92.6969,8157.8036,137.8347,0.0169,0.1955
5007505,503.267,23.9639,0.0,1307.2086,23.9639,0.0183,0.385
5007554,1250.949,130.2397,0.0,6139.9789,130.2397,0.0212,0.2037
5007695,1462.4736,4.1872,89.8796,3843.2079,94.0667,0.0245,0.3805
5007703,350.8324,11.9386,0.1712,844.079,12.1098,0.0143,0.4156
5007802,639.6077,100.1163,0.0,3253.1815,100.1163,0.0308,0.1966
5007901,2312.3267,210.9939,14.5064,5271.6597,225.5003,0.0428,0.4386
5007935,1004.1809,0.0,59.033,4156.842,59.033,0.0142,0.2416
5007950,394.2801,131.6964,0.0,1791.988,131.6964,0.0735,0.22
5007976,297.1863,17.7618,0.0,1058.849,17.7618,0.0168,0.2807
5008008,1437.477,14.9554,61.2059,2863.3273,76.1613,0.0266,0.502
5008305,3164.4607,387.1388,109.692,10226.0168,496.8308,0.0486,0.3095
5008404,254.1019,0.2774,16.4864,319.4659,16.7639,0.0525,0.7954
5100102,346.0745,41.4398,7.3332,851.0903,48.7731,0.0573,0.4066
5100201,1926.2157,229.6791,0.0,7549.7411,229.6791,0.0304,0.2551
5100250,2404.8715,220.7092,0.0,8977.2121,220.7092,0.0246,0.2679
5100300,2082.8692,129.1214,36.7735,5423.0875,165.8949,0.0306,0.3841
5100359,304.0971,140.8788,0.0,2227.2413,140.8788,0.0633,0.1365
5100409,1542.7166,22.8417,74.4494,3832.0376,97.291,0.0254,0.4026
5100508,576.3341,19.8564,0.0,1843.6151,19.8564,0.0108,0.3126
5100607,707.0145,81.4979,0.0,1425.7478,81.4979,0.0572,0.4959
5100805,761.1761,62.2547,0.0,20516.439,62.2547,0.003,0.0371
5101001,875.649,48.3068,0.0,6391.53,48.3068,0.0076,0.137
5101209,229.9972,16.6393,0.0,684.833,16.6393,0.0243,0.3358
5101258,571.5597,69.6742,0.0,1674.78,69.6742,0.0416,0.3413
5101308,215.5772,46.6153,0.0,414.4132,46.6153,0.1125,0.5202
5101407,2121.3413,365.4957,0.0,24786.5497,365.4957,0.0147,0.0856
5101605,1123.2731,48.3088,0.0,11375.5898,48.3088,0.0042,0.0987
5101704,1167.2529,258.36,0.0,6018.8335,258.36,0.0429,0.1939
5101803,2205.7121,135.9199,70.8405,8363.1616,206.7604,0.0247,0.2637
5101852,970.353,125.8176,0.0,4264.1012,125.8176,0.0295,0.2276
5101902,3258.4038,313.1201,0.0,16021.2025,313.1201,0.0195,0.2034
5102504,3450.933,70.5894,235.8561,24565.2208,306.4454,0.0125,0.1405
5102603,1784.7371,145.9143,0.0,5991.1668,145.9143,0.0244,0.2979
5102637,2902.02,298.233,0.0,9435.4187,298.233,0.0316,0.3076
5102678,2080.3732,195.1926,82.8323,4779.0297,278.0249,0.0582,0.4353
5102686,975.386,140.5108,0.0,6805.3006,140.5108,0.0206,0.1433
5102694,681.7402,124.2215,0.0,3442.6634,124.2215,0.0361,0.198
5102702,2397.0571,277.3709,0.0,10845.2291,277.3709,0.0256,0.221
5102793,584.4021,76.8093,0.0,2405.3435,76.8093,0.0319,0.243
5102850,618.1809,76.7206,0.0,3739.5994,76.7206,0.0205,0.1653
5103007,2219.7264,138.4137,0.0,6594.3227,138.4137,0.021,0.3366
5103056,1039.041,103.4137,18.6593,3862.5933,122.073,0.0316,0.269
5103106,1566.3317,189.8423,0.0,16600.6103,189.8423,0.0114,0.0944
5103205,1109.3305,74.1274,0.0,3101.7706,74.1274,0.0239,0.3576
5103254,2441.2497,483.5311,0.0,28114.6503,483.5311,0.0172,0.0868
5103304,1832.1054,49.4529,158.1957,21608.6164,207.6485,0.0096,0.0848
5103353,1674.5232,214.8884,0.0,5786.3028,214.8884,0.0371,0.2894
5103361,202.5491,20.0273,72.0165,2677.2027,92.0437,0.0344,0.0757
5103379,1056.4425,75.6589,0.0,9502.6596,75.6589,0.008,0.1112
5103403,5332.7997,471.6769,148.7665,4323.6194,620.4434,0.1435,1.2334
5103437,193.6589,47.7013,0.0,357.9072,47.7013,0.1333,0.5411
5103452,430.5195,46.3281,0.0,1270.2267,46.3281,0.0365,0.3389
5103502,2028.5767,418.7267,118.9854,8287.1767,537.7121,0.0649,0.2448
5103601,700.0947,41.2168,69.9905,2175.4437,111.2073,0.0511,0.3218
5103700,1308.7797,131.6141,0.0,11634.4818,131.6141,0.0113,0.1125
5103809,361.4548,21.365,0.0,888.3002,21.365,0.0241,0.4069
5103858,2284.8506,131.8483,0.0,16940.5168,131.8483,0.0078,0.1349
5103908,1282.1772,2.538,140.8588,4521.7383,143.3968,0.0317,0.2836
5103957,287.9993,10.0545,17.6596,839.2886,27.7141,0.033,0.3431
5104104,1041.7426,23.2797,61.0085,4741.8255,84.2882,0.0178,0.2197
5104203,1986.263,236.3304,0.0,5075.2847,236.3304,0.0466,0.3914
5104500,151.7532,5.8342,0.0,572.319,5.8342,0.0102,0.2652
5104526,1254.8732,153.4516,0.0,3428.6957,153.4516,0.0448,0.366
5104542,686.4377,127.2516,0.0,2922.7418,127.2516,0.0435,0.2349
5104559,634.5949,0.0,53.5758,4526.0393,53.5758,0.0118,0.1402
5104609,2407.0919,223.7701,117.3483,8704.5932,341.1184,0.0392,0.2765
5104807,919.5256,2.0798,92.4706,2434.1943,94.5504,0.0388,0.3778
5104906,398.9318,7.4423,32.7207,1108.8069,40.163,0.0362,0.3598
5105002,557.9945,55.4324,56.9898,1351.6911,112.4222,0.0832,0.4128
5105101,2360.945,371.364,0.0,22628.7853,371.364,0.0164,0.1043
5105150,1879.2368,272.4604,0.0,26514.3672,272.4604,0.0103,0.0709
5105176,573.3746,100.7319,0.0,3205.044,100.7319,0.0314,0.1789
5105200,876.7897,73.4593,51.6248,2300.2417,125.084,0.0544,0.3812
5105234,326.7689,86.2664,0.0,1808.3054,86.2664,0.0477,0.1807
5105259,2500.7088,220.5109,48.7488,3688.4786,269.2597,0.073,0.678
5105309,145.7193,68.6135,0.0,4272.1985,68.6135,0.0161,0.0341
5105507,2300.5816,189.4295,0.0,13563.0569,189.4295,0.014,0.1696
5105580,1230.3764,277.0154,0.0,12295.2925,277.0154,0.0225,0.1001
5105606,958.0796,7.1556,30.9205,5200.6919,38.0761,0.0073,0.1842
5105622,809.3923,55.695,26.9339,1090.2707,82.6289,0.0758,0.7424
5105903,920.9898,80.092,49.62,3931.5294,129.712,0.033,0.2343
5106000,364.0375,18.4137,0.0,1317.2959,18.4137,0.014,0.2764
5106109,1908.4721,41.3154,9.4077,5515.2227,50.7232,0.0092,0.346
5106158,1192.0738,84.584,0.0,9582.9749,84.584,0.0088,0.1244
5106174,507.9613,55.1058,0.0,4015.1124,55.1058,0.0137,0.1265
5106182,726.6109,65.6093,45.8718,4797.4871,111.4812,0.0232,0.1515
5106190,385.2096,64.834,18.5838,2387.6297,83.4177,0.0349,0.1613
5106208,731.3495,135.0746,0.0,3285.4092,135.0746,0.0411,0.2226
5106216,1100.3271,176.4575,0.0,5974.297,176.4575,0.0295,0.1842
5106224,2901.9874,194.097,193.6197,9539.4552,387.7167,0.0406,0.3042
5106232,451.8624,99.6808,0.0,1343.4763,99.6808,0.0742,0.3363
5106240,2202.6394,340.6093,0.0,12472.5966,340.6093,0.0273,0.1766
5106257,2203.6591,159.9239,0.0,5517.2108,159.9239,0.029,0.3994
5106265,1019.9226,67.4275,0.0,5813.3064,67.4275,0.0116,0.1754
5106273,384.1079,34.6636,0.0,923.6317,34.6636,0.0375,0.4159
5106281,1211.548,82.6815,0.0,5184.1748,82.6815,0.0159,0.2337
5106299,800.9201,156.6305,0.0,4827.7302,156.6305,0.0324,0.1659
5106307,3593.3844,543.0368,0.0,24164.709,543.0368,0.0225,0.1487
5106315,200.7848,79.3043,0.0,4402.7534,79.3043,0.018,0.0456
5106372,1881.9996,28.9429,81.2297,3849.2658,110.1726,0.0286,0.4889
5106422,1545.5775,167.891,6.4846,14457.2771,174.3757,0.0121,0.1069
5106455,604.5106,138.6543,0.0,2441.244,138.6543,0.0568,0.2476
5106505,2763.3879,93.4273,97.9491,17180.4114,191.3765,0.0111,0.1608
5106653,1066.9926,101.7484,0.45,2740.7871,102.1985,0.0373,0.3893
5106703,358.6542,34.8056,0.0,695.3667,34.8056,0.0501,0.5158
5106752,1589.6458,214.7968,42.5382,8583.6662,257.335,0.03,0.1852
5106778,864.3414,85.6271,0.0,3989.2761,85.6271,0.0215,0.2167
5106802,1089.0501,276.4937,0.0,6857.631,276.4937,0.0403,0.1588
5106828,962.8622,113.938,50.6017,5861.7412,164.5397,0.0281,0.1643
5106851,271.2498,57.7306,0.0,2031.6325,57.7306,0.0284,0.1335
5107008,2119.325,231.5763,29.8096,6952.2215,261.3859,0.0376,0.3048
5107040,2448.2575,282.6128,55.1576,5454.3911,337.7703,0.0619,0.4489
5107065,2602.6147,122.1078,0.0,17805.0259,122.1078,0.0069,0.1462
5107107,786.311,86.7861,0.0,1285.9384,86.7861,0.0675,0.6115
5107156,146.9493,119.1853,0.0,1344.3141,119.1853,0.0887,0.1093
5107180,1734.171,98.8402,0.0,11347.3582,98.8402,0.0087,0.1528
5107198,462.3238,45.1228,0.0,627.759,45.1228,0.0719,0.7365
5107206,152.2069,45.316,0.0,537.1143,45.316,0.0844,0.2834
5107248,759.3945,126.4589,0.0,3838.4,126.4589,0.0329,0.1978
5107263,283.5962,20.2354,0.0,1157.8345,20.2354,0.0175,0.2449
5107297,266.6711,52.9302,0.0,503.5623,52.9302,0.1051,0.5296
5107305,1401.5233,194.7322,0.0,4538.0688,194.7322,0.0429,0.3088
5107354,782.5138,247.9073,0.0,7475.961,247.9073,0.0332,0.1047
5107404,133.2237,33.2894,9.5147,339.297,42.8042,0.1262,0.3926
5107578,480.2319,305.4859,0.0,12793.7515,305.4859,0.0239,0.0375
5107602,3263.3109,295.347,242.4802,4821.0262,537.8272,0.1116,0.6769
5107701,1473.4221,162.5379,69.0824,7347.0766,231.6203,0.0315,0.2005
5107743,415.243,73.946,0.0,5613.4288,73.946,0.0132,0.074
5107750,337.5973,90.2456,0.0,1748.2514,90.2456,0.0516,0.1931
5107768,1009.6475,219.6222,0.0,4722.3869,219.6222,0.0465,0.2138
5107776,758.8564,91.9064,0.0,6489.8113,91.9064,0.0142,0.1169
5107792,1037.3568,126.0853,0.0,3399.7787,126.0853,0.0371,0.3051
5107800,1392.2199,206.6374,84.9441,9495.0642,291.5815,0.0307,0.1466
5107859,2001.7282,345.418,0.0,16712.4528,345.418,0.0207,0.1198
5107875,2026.2381,182.2747,0.0,13652.2031,182.2747,0.0134,0.1484
5107883,286.1203,57.3129,0.0,1494.072,57.3129,0.0384,0.1915
5107909,2927.093,187.5001,97.3418,3959.8266,284.842,0.0719,0.7392
5107925,5061.834,362.5958,121.9044,9313.4832,484.5001,0.052,0.5435
5107941,1588.6249,246.2723,0.0,8470.4641,246.2723,0.0291,0.1875
5107958,1965.3294,318.5703,0.0,11676.6477,318.5703,0.0273,0.1683
5108006,1345.791,190.4117,0.0,4455.2335,190.4117,0.0427,0.3021
5108055,686.7395,25.4913,58.6868,2403.6453,84.1781,0.035,0.2857
5108105,1318.6272,124.9347,18.3273,4205.0807,143.262,0.0341,0.3136
5108204,1213.0055,116.4681,0.0,2425.0258,116.4681,0.048,0.5002
5108303,1034.2086,96.0134,0.0,4581.8759,96.0134,0.021,0.2257
5108352,351.1342,97.1441,0.0,1916.5193,97.1441,0.0507,0.1832
5108402,2035.3013,121.0038,78.6743,730.0907,199.6781,0.2735,2.7877
5108501,1543.1294,117.7234,16.6074,3041.9704,134.3308,0.0442,0.5073
5108600,1273.007,209.3821,0.0,7446.6885,209.3821,0.0281,0.1709
5108808,217.3917,57.6855,0.0,1109.1513,57.6855,0.052,0.196
5108857,281.6761,51.382,0.0,1910.1598,51.382,0.0269,0.1475
5108907,1700.4695,394.1424,0.0,11598.8616,394.1424,0.034,0.1466
5108956,724.2149,119.238,0.0,5162.8368,119.238,0.0231,0.1403
5200050,466.0444,27.0111,18.3061,133.4523,45.3171,0.3396,3.4922
5200100,1225.3057,49.7759,88.7397,1041.0131,138.5156,0.1331,1.177
5200134,724.2817,125.749,98.8639,1558.9574,224.6129,0.1441,0.4646
5200159,107.3574,5.7965,0.0,99.6661,5.7965,0.0582,1.0772
5200175,794.5504,99.9644,0.0,2039.5784,99.9644,0.049,0.3896
5200209,195.3385,30.2289,0.0,458.9855,30.2289,0.0659,0.4256
5200258,1137.5558,52.7766,35.9279,188.819,88.7045,0.4698,6.0246
5200308,1189.8652,28.4769,67.9907,847.1989,96.4676,0.1139,1.4045
5200506,81.88,16.7008,0.0,106.5122,16.7008,0.1568,0.7687
5200555,270.3242,68.4741,0.0,498.4966,68.4741,0.1374,0.5423
5200605,715.1174,96.4322,0.0,2608.234,96.4322,0.037,0.2742
5200803,564.8599,0.2355,41.3759,1283.5425,41.6115,0.0324,0.4401
5200829,555.7333,40.9793,0.0,1342.6735,40.9793,0.0305,0.4139
5200852,123.7903,11.4516,0.0,136.2849,11.4516,0.084,0.9083
5200902,304.4681,13.4591,0.0,397.8394,13.4591,0.0338,0.7653
5201108,3039.8717,206.207,132.5604,966.3234,338.7674,0.3506,3.1458
5201207,40.8015,5.9715,0.0,54.0545,5.9715,0.1105,0.7548
5201306,728.6175,78.9482,0.0,966.4083,78.9482,0.0817,0.7539
5201405,2904.4912,182.677,59.8621,284.4467,242.5391,0.8527,10.211
5201454,220.3927,36.2279,0.0,600.2775,36.2279,0.0604,0.3672
5201504,641.9541,93.95,44.5037,2919.7673,138.4537,0.0474,0.2199
5201603,138.3663,17.394,0.0,152.2737,17.394,0.1142,0.9087
5201702,325.0003,20.5807,42.8288,665.0132,63.4095,0.0954,0.4887
5201801,426.9064,48.8199,0.0,224.4386,48.8199,0.2175,1.9021
5202155,613.8187,84.2845,0.0,2204.6646,84.2845,0.0382,0.2784
5202353,480.1054,31.1497,0.0,1080.1194,31.1497,0.0288,0.4445
5202502,739.6706,209.6573,0.0,3075.5467,209.6573,0.0682,0.2405
5202601,304.7571,33.5746,0.0,568.0641,33.5746,0.0591,0.5365
5202809,135.5767,17.1039,0.0,174.4028,17.1039,0.0981,0.7774
5203104,480.5244,24.2224,0.0,1777.3327,24.2224,0.0136,0.2704
5203203,418.3066,21.6902,38.0321,1081.8365,59.7223,0.0552,0.3867
5203302,1610.36,35.1698,76.6506,1259.1788,111.8204,0.0888,1.2789
5203401,679.3603,79.0304,3.9171,1893.0344,82.9475,0.0438,0.3589
5203500,754.4032,29.1645,49.2813,1397.7126,78.4458,0.0561,0.5397
5203559,181.9767,29.2297,0.0,117.59,29.2297,0.2486,1.5476
5203575,388.6341,124.5552,0.0,1620.3469,124.5552,0.0769,0.2398
5203609,138.0881,23.1566,0.0,123.5286,23.1566,0.1875,1.1179
5203807,349.034,68.3471,0.0,1448.1394,68.3471,0.0472,0.241
5203906,467.8419,68.5379,0.0,913.3822,68.5379,0.075,0.5122
5203939,132.8927,18.0256,0.0,194.231,18.0256,0.0928,0.6842
5203962,150.5698,47.2131,0.0,243.1496,47.2131,0.1942,0.6192
5204003,698.6305,99.4463,0.0,1127.8178,99.4463,0.0882,0.6195
5204102,780.9473,73.888,35.0716,1650.0554,108.9596,0.066,0.4733
5204201,205.3378,22.2262,0.0,419.9529,22.2262,0.0529,0.489
5204250,317.0941,37.1149,0.0,533.1433,37.1149,0.0696,0.5948
5204300,1000.0774,22.2878,24.286,2281.3507,46.5737,0.0204,0.4384
5204409,2438.4294,196.113,0.0,8613.1026,196.113,0.0228,0.2831
5204508,2120.0686,194.7102,0.0,1613.5713,194.7102,0.1207,1.3139
5204557,290.5669,5.8519,3.8672,249.1396,9.7191,0.039,1.1663
5204607,196.8109,10.9975,0.0,274.2487,10.9975,0.0401,0.7176
5204656,372.8683,117.8038,0.0,1980.7774,117.8038,0.0595,0.1882
5204706,505.1475,58.1305,43.5191,1058.2894,101.6496,0.0961,0.4773
5204805,939.0723,30.0793,163.1755,2450.151,193.2549,0.0789,0.3833
5204854,180.7082,21.7734,0.0,146.4969,21.7734,0.1486,1.2335
5204904,397.2334,41.6583,0.0,738.6766,41.6583,0.0564,0.5378
5204953,208.3638,5.2567,0.0,427.3925,5.2567,0.0123,0.4875
5205000,392.7421,35.312,0.0,411.6253,35.312,0.0858,0.9541
5205059,150.1049,1.4908,0.0,286.3525,1.4908,0.0052,0.5242
5205109,2945.5482,205.791,161.6372,3872.7169,367.4282,0.0949,0.7606
5205208,174.1283,18.9874,6.0379,208.1642,25.0253,0.1202,0.8365
5205307,900.931,59.183,0.0,6968.6207,59.183,0.0085,0.1293
5205406,378.7303,29.9561,0.0,221.0218,29.9561,0.1355,1.7135
5205455,377.2275,47.382,13.6096,420.324,60.9916,0.1451,0.8975
5205471,1278.128,41.9323,52.0127,2176.5227,93.9451,0.0432,0.5872
5205497,686.0378,56.6892,0.0,379.0506,56.6892,0.1496,1.8099
5205513,1068.1165,40.4427,122.3923,1795.7278,162.8351,0.0907,0.5948
5205521,389.2522,81.7708,0.0,1735.238,81.7708,0.0471,0.2243
5205703,276.3551,19.0097,0.0,454.5268,19.0097,0.0418,0.608
5205802,690.7478,24.9547,38.5767,1061.1648,63.5314,0.0599,0.6509
5205901,928.1467,55.9064,0.0,1879.8681,55.9064,0.0297,0.4937
5206206,3514.4485,130.6278,193.3176,6173.246,323.9453,0.0525,0.5693
5206305,194.3799,30.8205,8.1584,231.2685,38.9788,0.1685,0.8405
5206404,1063.9694,317.9515,0.0,4671.6806,317.9515,0.0681,0.2277
5206503,192.9881,32.6741,0.0,365.4911,32.6741,0.0894,0.528
5206602,362.1156,25.1391,47.3832,575.6159,72.5223,0.126,0.6291
5206701,160.5438,14.0033,0.0,425.2958,14.0033,0.0329,0.3775
5206800,89.2996,9.3298,13.0619,84.8765,22.3917,0.2638,1.0521
5206909,354.6723,33.5416,0.0,481.652,33.5416,0.0696,0.7364
5207105,339.8955,12.7536,0.0,668.2842,12.7536,0.0191,0.5086
5207253,600.6776,135.3885,0.0,3230.0476,135.3885,0.0419,0.186
5207352,420.8801,13.1202,0.0,596.197,13.1202,0.022,0.7059
5207402,749.7791,138.7085,0.0,1487.0355,138.7085,0.0933,0.5042
5207501,123.9144,13.7744,15.1307,301.3115,28.905,0.0959,0.4113
5207535,806.8018,87.5864,0.0,1968.3708,87.5864,0.0445,0.4099
5207600,567.4953,44.4112,0.0,1273.2352,44.4112,0.0349,0.4457
5207808,414.7177,30.8835,0.0,421.6893,30.8835,0.0732,0.9835
5207907,920.6352,55.6052,41.6187,3710.7575,97.2239,0.0262,0.2481
5208004,2794.3359,126.7326,94.4133,5859.492,221.1459,0.0377,0.4769
5208103,342.9468,47.0986,0.0,846.5988,47.0986,0.0556,0.4051
5208152,510.7544,37.6731,0.0,580.3711,37.6731,0.0649,0.88
5208301,251.5743,49.506,0.0,835.185,49.506,0.0593,0.3012
5208400,216.0878,10.7602,24.9483,164.9305,35.7085,0.2165,1.3102
5208509,440.4066,42.9273,0.0,575.2086,42.9273,0.0746,0.7656
5208608,1217.2207,216.4442,0.0,1549.947,216.4442,0.1396,0.7853
5208707,6347.1451,826.7246,234.6748,729.3184,1061.3994,1.4553,8.7028
5208806,837.0357,6.15,41.4547,226.4302,47.6047,0.2102,3.6967
5208905,1424.6547,66.8967,77.4285,3127.4449,144.3252,0.0461,0.4555
5209101,1301.8394,169.3698,58.9623,2495.9405,228.3322,0.0915,0.5216
5209150,463.0087,27.5111,0.0,819.3459,27.5111,0.0336,0.5651
5209200,538.6559,15.76,56.6975,522.1644,72.4575,0.1388,1.0316
5209291,171.3986,0.4872,0.0,198.4798,0.4872,0.0025,0.8636
5209408,339.2442,108.6456,16.0046,1240.9368,124.6502,0.1004,0.2734
5209457,187.1493,14.842,0.0,600.0168,14.842,0.0247,0.3119
5209606,197.6276,3.689,0.0,226.9589,3.689,0.0163,0.8708
5209705,1234.9358,24.5738,57.1076,962.1449,81.6814,0.0849,1.2835
5209804,206.0054,20.2869,12.4905,579.9892,32.7774,0.0565,0.3552
5209903,460.2123,72.2267,0.0,1548.5566,72.2267,0.0466,0.2972
5209937,391.3391,31.1283,0.0,694.1509,31.1283,0.0448,0.5638
5209952,650.8073,61.3819,86.1482,962.2991,147.5301,0.1533,0.6763
5210000,736.4822,73.7173,58.2351,615.5472,131.9523,0.2144,1.1965
5210109,1677.742,137.6495,134.1397,4414.3195,271.7892,0.0616,0.3801
5210158,266.4311,15.1639,0.0,243.3594,15.1639,0.0623,1.0948
5210208,934.1388,129.994,0.0,1037.2718,129.994,0.1253,0.9006
5210307,205.5678,50.052,0.0,581.2383,50.052,0.0861,0.3537
5210406,1088.84,96.4265,86.3207,1449.9482,182.7472,0.126,0.751
5210562,151.581,9.6845,15.1478,143.3631,24.8324,0.1732,1.0573
5210604,197.2727,29.9765,0.0,243.1276,29.9765,0.1233,0.8114
5210802,607.3824,60.768,36.2086,2099.9957,96.9766,0.0462,0.2892
5210901,587.4053,25.6605,0.0,959.5753,25.6605,0.0267,0.6122
5211008,697.8396,9.9775,34.5122,2041.1448,44.4897,0.0218,0.3419
5211206,1024.1731,116.0756,0.0,1286.8952,116.0756,0.0902,0.7958
5211305,1148.7843,119.5189,29.8034,3410.3458,149.3224,0.0438,0.3369
5211404,250.9769,34.205,35.9567,386.6769,70.1617,0.1814,0.6491
5211503,2027.9758,192.3988,112.8241,2439.6983,305.2229,0.1251,0.8312
5211602,524.3376,115.0993,0.0,1273.6325,115.0993,0.0904,0.4117
5211701,596.9164,61.8872,35.873,853.8796,97.7602,0.1145,0.6991
5211800,1426.6055,71.9416,68.1733,1862.5609,140.1148,0.0752,0.7659
5211909,3622.9116,323.2573,175.2889,7163.9504,498.5462,0.0696,0.5057
5212006,270.73,47.7064,0.0,528.5529,47.7064,0.0903,0.5122
5212055,125.8368,2.6839,0.0,119.5811,2.6839,0.0224,1.0523
5212105,263.3587,37.9252,0.0,438.0411,37.9252,0.0866,0.6012
5212204,1355.7461,51.6219,70.6374,4121.9374,122.2593,0.0297,0.3289
5212253,121.7193,0.6626,0.0,460.6074,0.6626,0.0014,0.2643
5212303,575.2391,41.1953,0.0,487.129,41.1953,0.0846,1.1809
5212501,4260.308,170.4899,102.7792,4013.1507,273.2691,0.0681,1.0616
5212600,291.7702,44.5583,0.0,475.0143,44.5583,0.0938,0.6142
5212709,286.9635,22.6233,0.0,867.2692,22.6233,0.0261,0.3309
5212808,702.4226,79.23,16.9216,1720.6617,96.1516,0.0559,0.4082
5212907,122.8197,38.6406,0.0,238.8056,38.6406,0.1618,0.5143
5212956,447.8537,61.7876,0.0,1136.7539,61.7876,0.0544,0.394
5213004,225.9336,11.4266,33.0254,391.6792,44.452,0.1135,0.5768
5213053,442.1359,35.2123,0.0,1394.8404,35.2123,0.0252,0.317
5213087,1039.502,97.3557,0.0,2888.7892,97.3557,0.0337,0.3598
5213103,4581.2176,284.6537,106.1073,9033.3965,390.761,0.0433,0.5071
5213400,290.2606,34.0473,0.0,461.281,34.0473,0.0738,0.6292
5213509,518.9684,142.556,0.0,3145.8456,142.556,0.0453,0.165
5213707,1077.9877,80.6038,60.6086,2915.8437,141.2125,0.0484,0.3697
5213756,974.1453,120.6719,0.0,1867.0251,120.6719,0.0646,0.5218
5213772,340.3846,39.518,0.0,1344.9665,39.518,0.0294,0.2531
5213806,2023.8874,168.1442,108.9064,2843.1495,277.0506,0.0974,0.7118
5213855,160.5488,21.6052,0.0,278.2924,21.6052,0.0776,0.5769
5213905,487.335,41.1094,0.0,689.0997,41.1094,0.0597,0.7072
5214002,610.2147,94.6579,0.0,1729.6316,94.6579,0.0547,0.3528
5214051,562.5956,91.3934,0.0,2148.1669,91.3934,0.0425,0.2619
5214101,398.5344,63.6622,0.0,957.4541,63.6622,0.0665,0.4162
5214408,270.8113,28.069,0.0,277.6529,28.069,0.1011,0.9754
5214507,305.512,38.6301,33.1539,205.9905,71.784,0.3485,1.4831
5214606,2825.4028,227.3836,0.0,9893.0898,227.3836,0.023,0.2856
5214705,142.1657,22.5667,0.0,211.4253,22.5667,0.1067,0.6724
5214804,171.0831,30.1071,0.0,293.4213,30.1071,0.1026,0.5831
5214838,1877.2217,199.9449,0.0,7341.2244,199.9449,0.0272,0.2557
5214861,317.9012,28.9776,25.4404,424.0372,54.4181,0.1283,0.7497
5214879,297.1392,36.7922,0.0,624.3766,36.7922,0.0589,0.4759
5214903,333.1055,57.4699,0.0,2165.1314,57.4699,0.0265,0.1539
5215009,164.1667,22.5301,0.0705,123.7134,22.6006,0.1827,1.327
5215207,304.7279,66.8258,0.0,670.5892,66.8258,0.0997,0.4544
5215231,639.8399,21.6256,0.0,191.5488,21.6256,0.1129,3.3404
5215256,303.2281,44.9633,0.0,1259.8398,44.9633,0.0357,0.2407
5215306,1379.5451,44.761,0.0,1981.2833,44.761,0.0226,0.6963
5215405,177.5768,16.7723,15.0253,205.1484,31.7976,0.155,0.8656
5215504,325.0003,28.2381,0.0,417.0837,28.2381,0.0677,0.7792
5215603,1684.4899,61.9836,91.9207,3171.3981,153.9043,0.0485,0.5312
5215652,456.7695,55.1698,0.0,1311.4544,55.1698,0.0421,0.3483
5215702,1276.3626,120.4633,0.0,1532.4448,120.4633,0.0786,0.8329
5215801,68.9013,0.0,7.2378,49.8727,7.2378,0.1451,1.3815
5215900,273.4726,36.9981,0.0,397.7106,36.9981,0.093,0.6876
5216007,272.9292,7.1179,18.4105,432.4306,25.5284,0.059,0.6312
5216304,472.5647,55.9419,0.0,1171.7961,55.9419,0.0477,0.4033
5216403,1336.4998,150.5104,0.0,3809.3153,150.5104,0.0395,0.3509
5216452,527.6531,40.8964,0.0,1043.7839,40.8964,0.0392,0.5055
5216809,540.7657,33.8501,54.2808,533.4636,88.1309,0.1652,1.0137
5216908,259.2333,42.2191,0.0,907.5459,42.2191,0.0465,0.2856
5217104,1659.0691,162.963,42.3375,2380.6118,205.3005,0.0862,0.6969
5217203,718.4364,56.7717,0.0,2055.2631,56.7717,0.0276,0.3496
5217302,1266.2582,105.5484,56.0819,2211.6956,161.6303,0.0731,0.5725
5217401,747.6843,96.7288,17.4512,1084.0094,114.18,0.1053,0.6897
5217609,1723.3837,127.62,0.0,2562.6495,127.62,0.0498,0.6725
5217708,1078.1151,97.4823,0.0,1442.5634,97.4823,0.0676,0.7474
5218003,1754.8582,168.6277,94.0563,4832.6132,262.684,0.0544,0.3631
5218052,206.6595,69.437,4.6333,581.6413,74.0704,0.1273,0.3553
5218102,384.164,22.644,9.4469,559.0846,32.091,0.0574,0.6871
5218300,917.3937,76.8169,39.1553,2123.8696,115.9722,0.0546,0.4319
5218391,275.8606,6.8441,81.6539,356.4372,88.4979,0.2483,0.7739
5218508,2154.6449,171.5619,0.0,3785.7556,171.5619,0.0453,0.5691
5218607,189.4172,13.1254,33.6288,266.6185,46.7542,0.1754,0.7104
5218706,151.4474,14.5123,16.8761,150.5804,31.3884,0.2084,1.0058
5218789,269.7144,44.2432,0.0,240.242,44.2432,0.1842,1.1227
5218805,5868.8953,310.3267,293.5894,8422.9402,603.916,0.0717,0.6968
5218904,616.4794,80.2913,0.0,750.9374,80.2913,0.1069,0.8209
5219001,385.926,65.7494,0.0,514.2594,65.7494,0.1279,0.7505
5219100,163.326,10.384,0.0,140.6726,10.384,0.0738,1.161
5219209,731.4841,37.7457,35.172,1124.8983,72.9178,0.0648,0.6503
5219258,436.0472,14.5819,0.0,1157.473,14.5819,0.0126,0.3767
5219308,1113.1154,101.3576,24.1064,1132.0245,125.464,0.1108,0.9833
5219357,448.3787,34.2682,0.0,808.9558,34.2682,0.0424,0.5543
5219407,442.746,0.0,16.8443,1348.5819,16.8443,0.0125,0.3283
5219456,332.7921,38.4179,12.5939,973.7331,51.0118,0.0524,0.3418
5219506,154.6808,21.9667,0.0,161.3161,21.9667,0.1362,0.9589
5219605,338.7481,24.3796,25.4521,798.5573,49.8317,0.0624,0.4242
5219704,466.3193,93.8983,0.0,1237.6931,93.8983,0.0759,0.3768
5219712,242.9275,0.0,27.2892,450.9676,27.2892,0.0605,0.5387
5219738,200.7491,12.0336,0.0,131.7542,12.0336,0.0913,1.5237
5219753,1087.7627,30.52,29.8241,959.3382,60.344,0.0629,1.1339
5219803,940.4177,153.088,0.0,3367.9014,153.088,0.0455,0.2792
5219902,355.4799,11.2401,66.2218,411.9064,77.4619,0.1881,0.863
5220009,909.1601,38.179,0.0,3358.9209,38.179,0.0114,0.2707
5220058,189.8608,46.3515,0.0,281.3508,46.3515,0.1647,0.6748
5220108,873.6543,128.292,0.0,841.9654,128.292,0.1524,1.0376
5220157,255.591,25.0781,24.3447,583.2419,49.4229,0.0847,0.4382
5220207,2654.4759,201.6003,0.0,6161.4032,201.6003,0.0327,0.4308
5220264,506.4299,59.3828,0.0,550.3163,59.3828,0.1079,0.9203
5220280,166.331,20.1892,0.0,182.7706,20.1892,0.1105,0.9101
5220405,410.1196,38.1953,0.0,416.4867,38.1953,0.0917,0.9847
5220454,1336.0688,90.479,25.1194,246.5396,115.5983,0.4689,5.4193
5220504,1015.09,68.9986,49.2583,5519.0864,118.2569,0.0214,0.1839
5220603,2150.9668,88.7126,0.0,2362.5097,88.7126,0.0376,0.9105
5220686,142.5443,29.0209,14.7901,326.2536,43.811,0.1343,0.4369
5220702,461.0511,51.9564,0.0,1631.4442,51.9564,0.0318,0.2826
5221007,165.6269,27.789,0.0,218.7832,27.789,0.127,0.757
5221080,91.6305,66.7044,0.0,771.5924,66.7044,0.0865,0.1188
5221197,145.3471,2.8439,35.4251,110.0951,38.2691,0.3476,1.3202
5221304,334.2296,6.7364,0.0,280.3693,6.7364,0.024,1.1921
5221403,1516.2276,96.226,0.0467,718.1612,96.2727,0.1341,2.1113
5221452,254.1417,45.4397,0.0,802.4996,45.4397,0.0566,0.3167
5221502,333.0958,40.834,0.0,487.6097,40.834,0.0837,0.6831
5221551,529.7972,75.8783,0.0,964.1107,75.8783,0.0787,0.5495
5221577,252.7346,44.0129,0.0,1147.3952,44.0129,0.0384,0.2203
5221601,1399.7244,44.9796,61.3493,2136.7966,106.3289,0.0498,0.6551
5221700,422.1221,51.8695,0.0,514.9024,51.8695,0.1007,0.8198
5221809,356.8773,16.4419,4.4201,623.843,20.862,0.0334,0.5721
5221858,646.2472,4.0817,17.6599,59.1273,21.7417,0.3677,10.9298
5221908,383.7471,12.4047,16.2371,502.0247,28.6418,0.0571,0.7644
5222005,899.2769,93.3247,0.0,955.0313,93.3247,0.0977,0.9416
5222054,407.6597,42.0851,0.0,739.6568,42.0851,0.0569,0.5511
5222203,312.8188,0.0,20.6831,1067.2899,20.6831,0.0194,0.2931
5222302,840.0836,120.0959,54.2828,2183.4114,174.3787,0.0799,0.3848
5300108,15442.1536,1957.3662,857.8105,5772.059,2815.1767,0.4877,2.6753
